,TSLA,NVDA,AAPL,MSFT,AMZN,META,JPM,XOM,SPY,GLD,USO,TLT
2024-08-23 14:30:00,-0.00908091437927716,-0.005770139735486346,-0.008922278241522363,-0.006407663154760712,-0.00544392831141316,-0.008674162714299882,0.0013710040177681293,0.0006037156386486942,-0.001858846679378523,0.0012045550304513597,0.0030554088582448458,0.0006125686991449442
2024-08-23 15:30:00,-0.009210326545715297,-0.009482473518813705,-0.0037023152066204545,-0.006419935526709608,-0.00877434496897056,-0.00782241098538794,-0.009636666541013916,-0.0027595394192667655,-0.005507973495883611,-0.003769078729082942,0.0014580241272907912,-0.00071220569103847
2024-08-23 16:30:00,0.009606204302022192,0.0038006751696242347,0.0037686966716163894,0.003989806927964246,0.0034037139036744435,-0.0004374883065914048,0.003957670276092173,0.006968114524377178,0.0030568062674083407,0.001186138542523807,0.002381272521093436,-0.0021875351253344277
2024-08-23 17:30:00,0.003617576353842189,0.0051378620223268,0.002155979358445137,0.0004691753574830315,0.0009600183568334586,-0.001123420319334656,0.0005597223883926361,-0.0029189921878325364,0.0010524486405660838,0.0003447908875475747,-0.002248802670042238,0.0011706703441403121
2024-08-23 18:30:00,0.0046595818336516714,0.001242747050113735,0.002678205809747425,0.0036465921179758,0.002996336473366057,0.002979147378632696,0.002237998249743356,-0.00042993871263696803,0.0023329709620973915,8.612984111699973e-05,0.0006618842164494154,0.0005085228514367657
2024-08-23 19:30:00,-0.00140630483297155,0.003486865314078713,-0.0012621024450236717,0.0008885677092518307,-0.001580664099354756,-0.002289129670635326,-0.0005955314486607577,0.0005159305138215942,-0.00014223765699661328,-0.00030161843471709915,0.00013236467182942135,0.0005083419297573499
2024-08-26 13:30:00,-0.033840443481000015,-0.0190147070722686,-0.008074044818314086,-0.0057295093271410025,-0.008624680623097625,-0.020492955023599713,0.004344140749013015,0.019411462536245594,-0.00033808563163262306,0.002754582867344091,0.03139305160878969,0.0003557011614381267
2024-08-26 14:30:00,0.002532946783494694,0.0017722350566113931,0.0005333557516653542,0.0008928777176997471,0.002845275988578422,0.006359236826543935,-0.003345661100364161,-0.013326171941877796,-0.0022449271312403596,-0.0019360125572855935,-0.0006286099339947171,-0.0017287557496032946
2024-08-26 15:30:00,0.0014504258065910491,-0.0002754454455740074,0.00328465935584088,-0.0014241661325780086,0.0003125317677561412,0.001439663895991039,0.001518801088509214,0.006556246693506296,0.0009092785334239295,0.000939228384611468,-0.0027099003074821937,5.0936394973888355e-05
2024-08-26 16:30:00,-0.004923014707788553,-0.004299431098315765,0.0013696533848861492,-0.0012810723249687683,-0.002246417488563246,-0.0011708583341647483,0.001553061090522334,0.007612727456288049,-0.00033865206685135263,0.0016412678183774787,0.0025687194734960173,0.0006612387993243374
2024-08-26 17:30:00,-0.0022585918462665333,0.0007902519489189075,-0.0011062193008504195,-0.0016218572690247512,-0.001139324192965141,-0.0016528966224145236,-0.0013245122737286508,-0.0012644376520007938,-0.0012486617758664664,-0.0010744140218426068,0.003075418753417658,-0.0005086004458698667
2024-08-26 18:30:00,0.002645365649938114,0.00039492203334035025,0.0024766948453303073,0.0011137539254395534,-0.0003420418329982411,0.00036542094686531357,-0.00013710907285346963,0.0013066008991016176,0.0003390751211309606,0.0013535831690951738,-0.003190865052143721,-0.0002544360851768346
2024-08-26 19:30:00,0.0018198574420829061,-0.0015014617713102751,0.003658426560916972,0.0008949510861882004,0.0006839667133817784,0.0021321074782107985,0.0018722916215176966,0.0009683012063232965,0.0004994171664973734,-0.0005798546396738047,-0.0012972632840630993,-0.0012221485201875382
2024-08-27 13:30:00,-0.01948700915948809,0.005926273551843053,0.0031193343858815226,0.0011356940090214707,-0.009560695559310162,0.0028551426663918633,0.0019143039848836807,-0.004766453808908722,0.000615136768714386,-0.0008167054889547387,-0.011114105626411686,-0.005876777579077341
2024-08-27 14:30:00,0.001027596711855594,0.007428182648467008,0.002890950998498454,-0.006444536282744551,-0.006001401877227863,-0.0031429333001664617,0.0006827680723677787,-0.0012268877588894611,-0.0005081434723459566,4.297695953336955e-05,-0.0009100916894535516,0.0013829000061083008
2024-08-27 15:30:00,-0.0003344911511691251,-0.0013664847617880227,-0.003022550564637072,0.001724222245618634,0.0026010025854477092,0.0010884130524431157,0.0011369581061746459,-0.004327376302043717,4.462250881953622e-05,-0.0014200042654666234,-0.007048729590422909,-0.00015355247107873282
2024-08-27 16:30:00,0.004196500653654844,0.006464655509321737,0.0024100226032803818,0.0014080017480537776,0.0012114077664753253,-0.002394408702079076,0.00024271297749400844,0.0004251056536519471,0.0017369882514968182,0.0020218157064961773,-0.0023605607785119886,0.001585625000901203
2024-08-27 17:30:00,-0.0036714112577520552,-0.0025636515541558325,-2.978476566894983e-05,0.002974194528509777,0.0024760783807922238,-0.0011634799629254289,0.00018948321093681386,0.0008496047535091478,-2.6618154267410432e-05,0.0025751349145277658,0.0013121438743519676,0.002093297936470506
2024-08-27 18:30:00,0.003052561376279961,-0.00011830028164716566,-0.0014594043547360158,-0.0006065690990544326,-0.0016115968173489037,-0.0015115043071363132,-0.00018220273168711998,0.0005943006068278578,-0.0004540301117996748,-0.00010720315259504787,0.002684489465583084,-0.001481215284568016
2024-08-27 19:30:00,-0.004246895948079477,-0.0009346603059734448,-4.380769679190877e-05,0.0003891314945505542,-0.002653325122312644,0.00046235548834250295,0.0009311176387978293,-0.0010190451653979693,2.0978168521423868e-05,0.00045005834449618476,0.0003269134980783406,0.0007668548029773348
2024-08-28 13:30:00,-0.0074395590622131635,-0.008293589349094077,0.00655338971716013,-0.0034613239490228764,-0.007071270578801858,-0.0002529050139994382,0.003444347396018621,-0.010247715332201146,-0.0007514667464807445,-0.007699496239285786,-0.01947190000295862,-0.00013575192979597972
2024-08-28 14:30:00,-0.011483569039865138,-0.026187674556062746,-0.012400210813332535,-0.007893704265050872,-0.007648988119350442,-0.008073571969175575,0.0014015309029060674,0.005393132627022013,-0.00500257932686754,0.0006259290051264799,0.007635865454492574,0.002378946625704259
2024-08-28 15:30:00,-0.00229308142877116,0.01198453449733794,0.0009695101344568968,-0.00040894636755695046,-0.0012316749878236166,0.0014932456697112073,-0.004755134637237646,-0.005325354466161336,-0.0014518559658860397,-0.0032633718761188035,-0.0011912946020968818,-0.0025668333978368096
2024-08-28 16:30:00,0.006210817283288428,0.0015129994814575554,0.001936204967507571,0.0022956013211556936,-0.00011731330340047919,-0.00031893089520895757,-0.0009537047179559721,-0.0014438492023316485,0.0008068711757962532,0.0018166801932659737,0.0033057881344999984,0.00027262679904893616
2024-08-28 17:30:00,-0.013343122211020741,-0.005721551554583648,-0.006129439894843713,-0.003298533497913425,-0.004146404697336514,-0.0010286352536619248,-0.0036416785086084147,-0.00017019080266322817,-0.003986844862949646,0.0002593130434256352,-0.006489630839515037,-0.0016346144931977946
2024-08-28 18:30:00,0.01049694275594959,0.00965172102059686,0.006085501237629742,0.004751259376943651,0.005553972286770126,0.006522993995305981,0.006726667260671171,0.002875839189178997,0.005061588514878146,0.0018776000089530953,0.0030513553033779672,0.0002555286555434577
2024-08-28 19:30:00,0.0006326733667316731,-0.004049527209785353,-0.0042736101814728755,-0.000112027805611703,0.0009958594579480007,-0.0031109950522854035,0.002669073063866101,-0.001243725783782068,-0.0003939021291587963,-0.0006254969895183038,-0.0002649263818845782,0.00045995860091974095
2024-08-29 13:30:00,0.028562652376597164,-0.0399404204423357,0.021533415444414672,0.022351706655961756,0.012373002122322951,0.010415605948586482,-0.001871684553486297,0.010544167909453783,0.006035525562250399,0.00327400678370271,0.020978853358722738,-0.004711183123639273
2024-08-29 14:30:00,-0.00738258797271385,0.002068424221664422,0.0044409014719963835,-0.0009144651403873993,0.004061280397336553,0.004662374132473168,0.0019845939042859584,0.0014851204366141957,0.0007295999510299467,0.0009883041216509625,-0.0010385802870782612,-0.0017981771437405314
2024-08-29 15:30:00,0.011154492916700676,0.002476499971910684,0.0,-0.00017880135678982612,0.001381406321408818,0.0005526496643737389,0.0038097915460841847,0.003386402910217079,0.0020615506759673607,0.0018462780567096715,-0.004817340423796779,0.0027216427698792955
2024-08-29 16:30:00,-0.0028537217859261332,-0.005539249075663832,-0.001377554413755533,-0.0027582571381667975,-0.0021880868223194128,-0.004583152120444467,0.0013041320802260614,0.0016888785582871435,-0.0014391449852313443,0.0012001149364921915,-0.000522205159805722,0.00015382806168684482
2024-08-29 17:30:00,-0.012632603589131541,-0.011716575871535184,-0.005590085266768519,-0.00657404871026479,-0.00618691191072962,-0.006798902874770363,-4.4918123013104605e-05,-0.0019002051960548272,-0.0033657547179339886,-0.0006856222810336376,0.0015656986254732885,0.0011785890395294985
2024-08-29 18:30:00,-0.008274031486613431,-0.010826326267850739,-0.0030196785841818397,-0.0036534954671862963,-0.004825741611916179,-0.0020640398725175757,0.0013024920007307372,0.003586300515737051,-0.0025989307659104455,-0.0008361850363458601,0.0014331396406124242,-0.0013324171012163433
2024-08-29 19:30:00,-0.005016934173352361,-0.00289482325749546,-0.0014349467979952735,-0.001862013709191146,0.003200392833873522,0.0007527553716215607,-0.002471689883731365,-0.00464353954543828,-0.001476631301342124,-0.0007510619195238988,-0.00013012833552927816,0.00010258075103486419
2024-08-30 13:30:00,0.012034465657074556,0.014433949287909975,-0.002679668395044743,0.0067785360507901515,0.015320951636184965,0.0029865800246646756,0.004870192199511791,-0.011147607806614168,0.005323511488634303,-0.003957667441306434,-0.02933228058783044,0.0023559112309161634
2024-08-30 14:30:00,0.004110710889225544,-0.012144711621307813,-0.00415360951293664,-0.0015287709934863614,0.003441077003475179,-0.004415519083909025,-0.003173076719726886,0.0015391221849938574,-0.003730629504188343,-0.0020279221755350463,0.00013400156832599208,-0.0018433216626974058
2024-08-30 15:30:00,-0.002244899006057288,0.004146327835091057,-0.0009423981444456331,-0.005673484344411506,-0.004084940380502111,-0.0016341597241851247,0.0009092842986531124,-0.003166343392754456,-0.0019332631129049815,-0.0012100730982398389,0.002410289244473951,-0.005344274252724546
2024-08-30 16:30:00,0.0062318551336755235,-0.0010169994172022356,0.0005260867284038184,0.0015365032119172284,0.0031437753092591336,0.002416534036571605,0.00031454918972695367,0.002568080957192187,0.0014323610310800206,-0.0026413257087272157,-0.0044232255440084245,-0.002476248261375602
2024-08-30 17:30:00,0.002593153767302958,0.003623653768137558,-0.0007014881838687259,-0.0015243838978609148,0.004208557110255029,-4.8320639746357585e-05,0.0004480993479800688,0.0002564326991043586,0.0013588834279776307,0.0034193696600990364,-0.0016133741716739536,0.0015999464112397277
2024-08-30 18:30:00,0.006056748135990553,0.003183034937812579,0.00459483903944502,0.0031914992524271213,0.00916995100911766,0.003527509420183428,0.003715238074142313,0.0020491628239316384,0.0038342331484084724,-0.0007780439513718207,-0.0025598187815987217,-0.0009287377349735948
2024-08-30 19:30:00,0.00840568632939398,0.002711481382049463,-0.0007861659202923477,0.006855478679011817,0.005027120848031252,0.003495916563901247,0.004279950545882372,0.0056985550254076145,0.003127796627524937,0.00021620603879579647,0.0022907211794249704,-0.0033607947694749285
2024-09-03 13:30:00,0.01842717118013404,-0.062039414768382706,-0.015633244674960523,0.0011021191992810486,-0.009740221409557215,-0.012891437122985572,-0.01831784122440272,-0.03188280160075507,-0.01140302430920137,-0.010146444980209779,-0.04163555838502653,0.011739393210943305
2024-09-03 14:30:00,-0.021693176296617267,-0.01120535229896813,-0.0064787191438764324,-0.010205202642680433,-0.0009617444564664623,-0.0016719087516481324,0.009111083191880809,0.006632384336888286,-0.0014547764327721424,0.0018109007722566517,0.00042093580975954836,-0.00035427347728145264
2024-09-03 15:30:00,0.010395688300615546,-0.006238686921919978,0.00015635534763092096,-0.004497665964112052,-0.003404232380906258,0.0007196039189079073,-0.001168042282949422,0.006760600717703014,-0.001312879246730958,0.0018293404713380923,0.001681546306557813,-0.0010287682315679447
2024-09-03 16:30:00,-0.0026050905586734174,0.0023548333780931685,-0.00026133298510444547,0.0004737758488300159,0.004196238080107051,0.0011464736521134,-0.0011496310296239542,0.0011233130982670758,3.59185400506945e-05,0.0018260000945335975,-0.0060389245691574445,0.0005636865672018487
2024-09-03 17:30:00,-0.01423113967106282,-0.020248846879399096,-0.00763070604886984,-0.00552902780473552,-0.0022943841418658906,-0.0059992722326933645,-0.006204526283950962,0.0009488128772181526,-0.0047442702032212125,-0.0007822011293479036,0.0011263105854846245,-0.00039968504225296186
2024-09-03 18:30:00,-0.00259735717266274,0.0001385081072777794,0.001439525481893078,0.000872816928260356,0.00014174701400904155,0.0008397065203782361,-0.0019491334445609354,-0.0021576843878738927,-0.0009225083228656672,0.0019759713835298953,-0.0008742144575109023,0.001986527613075495
2024-09-03 19:30:00,-0.003979898874129084,-0.0029591263070702922,0.0013477228177167788,-0.0006041480645935238,-0.0002836006781290479,-0.001015544157759507,-0.0004992199316316004,-0.0019891528940538805,-0.0007061197445885625,-0.0008897939374747921,0.001014940959651156,0.0002557243104552853
2024-09-04 13:30:00,0.04081437089185247,-0.005757453143004909,-0.018646418759931116,-0.0032283517288922425,-0.005346316819627717,-0.0017797325036816858,0.005613185330029857,-0.005294926659718868,0.0006336521660657013,0.00013032299814863535,-0.012671450845938459,0.006066662071247286
2024-09-04 14:30:00,0.0017986425507876547,0.00843947358198971,0.00020628138039668897,0.00239781615272161,-0.0022265966515648827,0.004121755426811369,-0.004932454894069238,0.0005220356721213903,-0.0006336521660657013,0.001284299893868912,0.005362858115288915,5.07967115330743e-05
2024-09-04 15:30:00,0.004222037496871778,0.0037337286387613133,0.0056993516297199065,0.0013675823748373617,-0.00022869866547381434,0.004182566934596288,-0.0029075042364166137,-0.0029619007207983827,-3.625872724732915e-05,0.00032085048808028205,-0.0014522763967619312,0.0006097468747121582
2024-09-04 16:30:00,0.0009735059319444517,0.003077835780551652,0.0008635494079509698,-0.003936907340497342,-0.008612328686247395,-0.0004077977962548829,-0.006229579589258627,0.0006105245773397883,-0.0016404237092721985,-0.00047694674016529603,-0.005265081655955406,0.001996188379455255
2024-09-04 17:30:00,0.0011534377716753141,-0.008336632639871944,0.0035825653224197396,0.003082368919712586,-0.001067329632098435,-0.0014576271233979199,-0.0014889507823836468,0.0023079057009143256,0.00026294536938387125,-0.0006642273514243513,-0.0028575095075540347,0.001097358699579054
2024-09-04 18:30:00,-0.011914694644994839,-0.02008851514307608,-0.0016309549434927462,0.000488343864886609,-0.0007218236439783254,0.0020983437430466267,0.0029756878859856783,-0.0017840500917882807,-0.0011614669459687477,0.00020876877252540282,-0.0022918793812038984,0.0017312141084326882
2024-09-04 19:30:00,0.0039265899392653125,0.0020270728250739722,0.0010875527258837892,-0.0020528279263620774,0.0010969802168014908,-0.005062610440980109,0.0020093277834947187,-0.00611973778409336,0.00021797478682028526,-0.00010851724307592292,-0.0017224454260684752,0.0005447747313924722
2024-09-05 13:30:00,0.06432490482446962,0.027035392728801177,0.019155029360183207,0.007846429705248958,0.03410528373767363,0.01422012960244512,0.00084361103626307,0.0,0.0038592629093159303,0.008985337787956738,0.01764259397859025,0.0011108368590546647
2024-09-05 14:30:00,-0.027596003069378483,-0.025858728180976343,-0.011529831752137731,-0.01059010537027305,-0.011173446886972194,-0.00998269416688835,-0.011714507367088345,0.0021021104316041317,-0.00917699989455567,-0.004223858894757626,-0.005647642900703076,-0.0005552641847188511
2024-09-05 15:30:00,0.009708465405427802,0.010436014774842128,0.001415757553039576,-0.0004906924106693467,-0.0020322949079467634,0.0010580395902710649,-0.0014538185325827513,-0.0027160620612640685,0.0011690707832148206,0.0016833432374685486,-0.002842886812765677,0.003477925966215878
2024-09-05 16:30:00,-0.010543402458163875,-0.010036232450308269,-0.0018203536827234856,-0.002838725936327613,-0.003509827382436548,-0.0013397717850534008,0.0012231824683359704,-0.0032514879046523504,-0.0013492120324887225,0.0009480768553711272,-0.007861457218707457,0.002035758619836514
2024-09-05 17:30:00,0.011626020926735592,0.006070630772535779,0.0042205764697369474,0.004751238183454909,0.007570209473208855,0.004265497391402029,0.005703812540324371,-0.0008805783671501644,0.003971721848441412,0.0012268645026161096,0.002437560879100964,0.0006274864220499055
2024-09-05 18:30:00,-0.003706551802210356,0.0017276982154559306,-0.0022440139458161923,-0.001253768303752345,0.0,-0.0026738522898339667,0.00041270418526728747,-0.0011900491517025102,-0.0013097840618039314,-0.00040878761295459753,0.002644240305176737,-0.0007530769476780108
2024-09-05 19:30:00,0.003923743666086388,0.0006529518082780683,-0.0019316221835872227,0.0015721027602477733,0.0011250547277628087,0.0026738522898339667,-0.0023409824510949306,-0.0017214340245477189,0.0005276734279462403,8.602605281371467e-05,-0.002071899272335642,-0.0002510750793582872
2024-09-06 13:30:00,-0.04189868995025314,-0.03356720764090326,0.001303145828254415,-0.006510504827217822,-0.019270411532181342,-0.007418100250383475,-0.0053914073456455824,0.00044170356222839047,-0.008900960792471047,-0.0036642310733689953,-0.0012882556010938018,0.0048597629065705306
2024-09-06 14:30:00,-0.01784882271709165,-0.013396931518740551,-0.006487396872777218,-0.007645420659127211,-0.01115171433011497,-0.012185624906896564,-0.011898804718489586,-0.0066012931254482154,-0.005892140359142317,0.004008458228870637,-0.01486209845905595,0.005783101693212167
2024-09-06 15:30:00,-0.007752111798278172,-0.004702235998314208,-0.0025537689961687704,-0.0025117449514562296,-0.004647136127776008,-0.0075577487083098305,-0.007085380377289674,-0.0008449247480148969,-0.002959083997203571,-0.008380913394824496,-0.0109626178635569,-0.007332989971904347
2024-09-06 16:30:00,0.0033602703406483414,0.0075811817734443565,0.0013326654590066767,0.00226332577963273,0.0039804086050097,-0.006301878990155885,0.002774933028924842,-8.899885559898735e-05,0.0017210457183924888,0.00030366013278371184,0.008633935917021773,0.0004004697075048469
2024-09-06 17:30:00,-0.01071074727928778,-0.005914203706288035,-0.0035913382689729545,-0.002487439786430734,-0.0012476033514046136,-0.0016017057976283056,-0.004707500218366079,-0.003386204394494996,-0.0015544253787282969,0.0002601689379186922,-0.0039418497245256034,-0.0029571549489695315
2024-09-06 18:30:00,0.0001409470407587321,0.013390008158732591,0.003953304756817211,0.0009708740839364793,0.0006675595756062691,0.00742637213747166,0.003720405244373559,0.0015158044837821905,0.002478503185684211,-0.0005638290707024041,0.005979687341939766,-0.0006527824469682031
2024-09-06 19:30:00,-0.013669612965529154,-0.005285557727687795,-0.0006787515072455008,-0.000472860504939554,-0.005090253524015154,-0.004824886178891319,-0.0007523919256184897,0.004536384383305503,-0.0016825225687471246,0.000520494335103372,0.00232394680706971,0.00045193633417017764
2024-09-09 13:30:00,0.03936486364734826,0.02118592164777411,-0.009254604725459359,0.006426572846896406,0.016542690244648384,0.014963845818716237,0.016607946332227286,0.012348027000093076,0.007943639806356373,0.0015597273742136153,-0.00015961794449470545,-0.00010036156987691669
2024-09-09 14:30:00,-0.01637645305985913,-0.0010668043574915131,0.0003883047889354785,-0.0025012327992719463,0.0005161376254028127,-0.008886701192389879,0.0007862096376536343,0.011027675209503762,-0.0009733744265050248,-0.0019066714328488388,-0.0037650420139812013,0.0015052084721824954
2024-09-09 15:30:00,0.008957500215260872,0.006080773032666187,0.005664854432453126,0.005269800751154463,0.005318054996971355,0.003965033614971247,0.006014918983268558,0.004454923010378309,0.00493086331183612,0.0027721219382446094,0.009566619078571925,0.0017531541594619782
2024-09-09 16:30:00,0.0007581280105997124,0.003593018799692871,0.0028844910058030138,-0.0005696698621395768,0.0011969947237435719,0.004028219638418484,0.001426239948342456,0.0006039923782372725,0.0008042303236264203,0.0005188978156978052,0.0011534290545007764,0.0012504065602625403
2024-09-09 17:30:00,-0.0035212893592433403,-0.009578474387205382,-0.016757992291482893,-0.004650492815634344,-0.00859452631322899,-0.005612141381537761,-0.003197031219487556,-0.0012947352071650542,-0.00432158488975265,-0.0006054289708448124,0.0001441126125492076,-0.0010501936558489078
2024-09-09 18:30:00,-0.0024446061630420957,0.008174963058738882,0.009577766651471364,0.0004461780251689973,0.0029391144135102465,0.00013848397801830004,0.001426030402099876,-0.002075029830540309,0.0011374696123338524,0.0009499144221152278,-0.00043240015795031894,0.0006502244854464934
2024-09-09 19:30:00,0.0002771890035750957,0.006393461031192871,0.007859261289087982,0.005486781806523844,0.004971553092296688,0.000277394055147262,-0.003269065982243191,-0.0047716487939784,0.0015200523934222332,0.0009084949577475854,-0.0015867383811514202,-9.996006184209705e-05
2024-09-10 13:30:00,0.03253946874285063,0.007578251568578054,-0.00549043601771082,0.023265615117945337,0.017292546826168653,0.0031052077246975784,-0.05148023875664709,-0.03212182318399748,0.0012071957198793726,-0.001896496021829286,-0.0372823015009196,0.0013992944349991987
2024-09-10 14:30:00,0.0004912663556391195,-0.0016063137813286943,0.0007731934553758535,-0.003932818904205604,0.0011198665362046611,-0.004532479130452849,-0.020727992072949952,0.006667990167305682,0.0006760803657783754,0.004612965456486151,0.001422546849657813,0.004036973965962254
2024-09-10 15:30:00,-0.021274548896104584,-0.015644804399576273,-0.006431200498806966,-0.0093024340332164,-0.002465415258967596,-0.004503309819759771,-0.000272724918894518,-0.005187399555763861,-0.005789002936628762,0.0002583206765969237,-0.007359130604897679,0.0003480720414508198
2024-09-10 16:30:00,0.00897175128260752,0.007039741070935968,0.007885052571396045,0.004285501104935641,0.008491220530181032,0.002974628548007452,0.006991954602288075,-0.005710269425313719,0.0037959196429389053,0.0001292009990665477,0.002333819853443053,0.00014914748885885842
2024-09-10 17:30:00,0.00876633111470504,0.010250486858327967,0.0024485061833274813,0.0017478731583970841,0.0007228272046324591,0.005764853924149271,0.011090706306599252,-0.0017556438659580564,0.0027784442598930426,4.3019505608477004e-05,0.0011272228581109545,0.0016392316193734047
2024-09-10 18:30:00,0.007951789635941786,0.002380324024660041,-0.0002717526917956903,-0.0003396600101135405,0.0013609988476011026,-2.465598050083173e-05,0.001703431841769465,0.0023668544188817364,0.0016046886701461816,0.0005163523394671188,0.0040476279096743895,-0.0008579743226464487
2024-09-10 19:30:00,0.006165873805783484,0.004361473132904692,-0.002630872575537957,0.005034055689034034,-0.0032527055596922594,-0.003021972335305101,-0.0007294536322692835,-0.0011975973527889039,0.00010932698795418361,0.0007310649124523394,0.0013456527341748625,6.359293971947011e-05
2024-09-11 13:30:00,-0.03199271093516742,0.011917280974749644,-0.0041873356562396324,-0.005616513864096895,-0.013766647413831379,-0.008996198538349987,-0.01677824927497884,-0.020834525336405285,-0.013903123366192816,-0.004221760197707702,0.008035771059688557,0.0042626352105452625
2024-09-11 14:30:00,0.004601104937121292,4.571320575408322e-05,-0.0015976546061411412,-0.0007528689865576865,-2.8173650840734865e-05,-0.002001281517007847,0.006804037816649178,0.001703045721840546,0.0021916224530373896,0.002586903646662364,-0.00564812574209661,-0.001583962665331562
2024-09-11 15:30:00,0.01089394170764102,0.031580739999307994,0.008801768335668925,0.010537062460729274,0.009441413579288849,0.009391281875389623,0.005390614429119367,0.0031223860411735416,0.007987549988259346,0.0011188816580744998,0.011706452913939458,-0.004070530994693122
2024-09-11 16:30:00,0.0026934631539150544,0.009065640197322367,0.0021929061414320827,0.002641009237222214,0.006245114197474422,0.004751625169685525,0.004000096430936573,0.0036610102397212074,0.0038515025057552776,-0.0007271733486433618,0.006900140941759503,-0.00034821057731537763
2024-09-11 17:30:00,0.010473549749733913,0.012405243744802341,0.0013545303525628327,0.006857922792191218,0.011337425375227639,0.0024461755414870723,0.002235696252099295,-0.0015999950398697393,0.0038503501453535094,-0.0006501503143123699,-0.004398766902177442,-0.0007466283394927942
2024-09-11 18:30:00,0.005936355985467934,0.0060868091826495885,0.0015780616291598548,0.003477889403690426,0.008312640639602797,0.005948811085166206,0.007283684257060941,0.004746885846642179,0.004206165485459934,-0.0003015015054037562,-0.002574995689190729,0.002883929056171297
2024-09-11 19:30:00,0.006024490526351123,0.007473256534058059,0.0040015312526549,0.0036644281038213933,0.005164582138225349,0.0027809520857644543,-0.0012303178873969145,-0.0007743909634854163,0.0018596693231556216,0.0005168416281389199,-0.0003684144622253527,-0.0010929566791260115
2024-09-12 13:30:00,0.005726906235927309,0.023303626803158117,-0.0035510938898850597,-0.003220804865531335,0.0018960763079176601,0.015793206483298405,-0.004111976955022634,0.00613313535889759,0.002594226568860769,0.012112548831206382,0.018847082740220067,-0.005282831079314043
2024-09-12 14:30:00,-0.005551514780413491,-0.007848158482338441,-0.000765878034900247,-0.0024937083168534713,-0.0017876109148282637,-0.002839810988132463,0.0003393060750074284,0.007535347230126277,-0.0015665288781256947,0.0036943294961906403,0.018330841192899072,-0.00059979567254409
2024-09-12 15:30:00,0.003522446495876075,0.0039108055705412426,0.00013518139941037788,0.0014495371492868614,0.002545019448350949,0.0035316780820027205,-0.001357767532999432,-0.006132224875365466,0.00081060646605291,-0.003141411320222609,-0.005125304803016206,-0.0008503522917777673
2024-09-12 16:30:00,0.0053366253501385685,0.005901058676838211,0.0031042762994291095,0.006673736250828455,0.005124465389410027,0.00729335948372789,0.0036327568630243334,0.00433338245401238,0.004419658121300962,0.002399442413421937,-0.003717929432193401,-0.001061493041285111
2024-09-12 17:30:00,-0.0026538511646840846,0.004661988824993912,0.0023335929728789395,0.007566361921114151,0.00590102072819132,0.0005339587030448456,0.0007249409339475932,0.000989344997345043,0.0022382789642207968,0.0012077149677507393,-0.0025807070353005557,0.0019108535112817293
2024-09-12 18:30:00,0.001044935159686844,-0.0037454054758310207,-0.0008971651921285684,-0.0022263204737669184,0.00010642063271060209,0.0012573073991131167,-0.004321343326965099,-0.001485725389693826,-0.0005904496821935723,5.947318267196522e-06,0.0028671508515127897,0.0007506802176191485
2024-09-12 19:30:00,0.000174094014393944,-0.006440005964325479,-0.00031406798940203373,0.0020156228269323506,0.0004817707390749604,0.0009705321846960047,0.0029676456523741734,0.0025648868771472877,0.00044731921558138765,0.0011800365820651137,0.001145173763222651,0.0004496196125440832
2024-09-13 13:30:00,-0.009047494312265592,-0.006819622710297679,-0.0022459806897456858,0.0004682043342354447,0.002855748382172507,-0.0057033281730785035,-0.0032442245838213424,0.006539738671920148,0.0037673981377164267,0.007889394204410038,0.013922596477859095,0.0004982402091640026
2024-09-13 14:30:00,0.012587331574363425,0.008749306246125244,0.0052700886445897765,0.002757767154723645,-0.0005598204848089594,0.004799495044011337,-0.0021403508865533993,-0.0006252485225752835,0.0013000892109564788,-0.00016836630397065733,-0.012064563310797638,0.0009489406359746155
2024-09-13 15:30:00,-0.00912473229548727,-0.005839009633992198,-0.0010513198534765067,0.00023892978088557726,-0.004222198474423067,-0.004187532743872957,-0.0072737767328252545,-0.00013402783313232192,-0.0004984213771761503,0.0020901402004200875,-0.00200113548027403,0.0010964974253129256
2024-09-13 16:30:00,0.0026706410649603995,0.003279853411541467,0.001224885504949036,0.006321080931721568,0.0031282572398811936,0.006345877065024652,0.002349006258838493,-0.0037154045449616646,0.0021168213383582213,-0.0001257098917886168,-0.008477618523240693,0.0017916722545550101
2024-09-13 17:30:00,-0.000550812902520903,-0.004122549088294569,-0.002614522069229963,-0.0019263529945234836,-0.0014158789077916012,-0.002643350204948547,-0.0034765941207428597,-0.004494793701908861,-0.002401947035012064,0.0005028086909319995,-0.00014290997543664474,-5.0760225436263795e-05
2024-09-13 18:30:00,0.002529170952369597,0.003744611115019225,-0.002091887898474809,0.0005636712047465409,-0.0001769729046374735,-1.011405691730971e-05,0.003036589536044687,0.0011706352465141734,0.0006945731146243972,-0.000670425147269782,0.005898233724961344,-0.0014420896394131688
2024-09-13 19:30:00,0.002848534778409295,8.400568052557844e-05,-0.0003325432176515264,-0.0003081264039952458,-0.002821677581113846,-0.0009432656133796513,-0.0005380713195588527,0.00017993919669034852,0.00028481914177103107,0.00029332634812639924,0.0022929741331774167,-9.962287317488716e-05
2024-09-16 13:30:00,-0.012717415200165227,-0.016555213095667654,-0.026418018924007747,0.0013461139558632595,-0.011000426800396035,-0.00803957490388374,0.010561498542768888,0.011184297739479376,-0.0008566575820267985,-0.0014256809861228348,0.016749863455937763,0.002338024867916566
2024-09-16 14:30:00,0.007732569336370787,-0.004192680636913693,-0.00047782282769848194,-0.0001855363419593914,0.000785920429272835,0.004391672550246639,-0.00378346767506077,-0.005889683495221121,-0.0011561947323395216,0.0007130945638245123,-0.010044635216292619,0.004412388682458079
2024-09-16 15:30:00,-0.004441072579640881,-0.00390989317149959,-0.005354762205725727,-0.003097114376264365,-0.0018165830835652486,0.0030947885135521602,0.006321970804252786,0.0061556824353052875,0.000997800038850194,0.0005031037899190238,0.0,-0.0004947592653206101
2024-09-16 16:30:00,-0.006243177429993807,0.0038670433495537893,0.002619604174190826,0.0004722772227232497,0.0022228229163676616,0.0018486836117110883,0.00026560729421643003,-8.802498775128953e-05,0.0005789918302392394,-0.00033535307706511475,0.0026993481982939826,0.0012859557932172194
2024-09-16 17:30:00,0.0038304730035854107,0.0003857785009495629,0.0021507951246348966,0.0022303607107456713,0.004242294918991973,0.011376345704471547,0.0006033036950929827,0.0006234056304874613,0.0014853456794119424,0.00012576258777929894,0.0019818692047826048,-4.940316266477396e-05
2024-09-16 18:30:00,0.0007687458069165487,-0.002702858766805427,-0.000947575265198175,-0.0008125976672230806,-0.0023756318712848667,-0.0009397372795492132,0.0025298790312211494,0.002032932955905231,-0.0005156035853115526,-4.61196414587306e-05,0.002685250841746978,0.0004447668033860097
2024-09-16 19:30:00,-0.004352217003979142,0.003602430259663336,0.0003467866477375736,0.002065023897716678,-0.0005677209506655956,0.004868320620745159,0.0006735597592930631,0.0005410438379849225,0.0010665096085942238,0.00038143055337425125,0.0,0.0010864258881113642
2024-09-17 13:30:00,0.02540380178093482,0.008356731245729776,0.0005546086149230689,0.014313904905979058,0.020344419397236635,0.003948663660391816,0.004462938640882541,0.009926625383144483,0.005474853306624006,-0.0015937131326682064,0.010809458319721799,-0.0004937110325453631
2024-09-17 14:30:00,-0.0026046261873577947,-0.004595700661010227,-0.0009939155415876755,-0.004258967093797139,-0.003344421871466885,-0.000878162739378574,0.0010049602589612405,-0.0014057554891122592,-0.001432242664731298,-0.004248232409326036,-0.0019566656651752723,-0.0006915599625365587
2024-09-17 15:30:00,-0.008006993997092593,-0.005819300944300387,-0.0020603867693900213,-0.004092803824918612,-0.003195522733599354,-0.002142528847327796,0.0022690171432300232,0.004166796256740213,-0.0024803790053598007,-0.0009699989641029916,0.007527557435498267,-0.001335026345375745
2024-09-17 16:30:00,-0.002283948524574697,-0.003739057010768043,0.0018984733276514731,0.0020600386686808747,-0.0026173424272171175,0.0006365674905888241,-0.00783261829992199,-0.002541551036498113,-0.0018110183147364012,0.00021095219178679514,-0.00027917567392599096,-0.0012873684208711822
2024-09-17 17:30:00,-0.007946588531906329,-0.006185629615147015,-9.254382328993671e-05,0.0010456037086790104,0.0008110465269179912,0.0029443766118788517,0.0019696638059087945,0.0022797216183700897,-0.00015988949652268047,0.0014753563601601627,-0.0054313814739339605,0.0004953494767594435
2024-09-17 18:30:00,0.0012166390273460337,-0.00025223096236359765,0.002125921494398497,-0.0017701511860197527,-0.0011319920619836665,-0.002504537108503513,0.0030197980183253037,-0.000438896736823402,-0.0007965741224253975,-0.0005898685066467735,0.0024965438374575655,-0.0006944955987293611
2024-09-17 19:30:00,-0.0007456878076999018,0.002035210721215819,0.0011073940569996665,0.0012877061021150382,0.00016048564328752235,0.003633205785439131,0.002437891728617636,0.0007891674519644454,0.0016315358602891905,0.00037922734780071465,-0.0006828390528399453,-0.0007922138797136213
2024-09-18 13:30:00,0.0063425489257147305,-0.004031095675187224,0.017756991342933404,-0.006858644056388918,0.0002139135990644192,0.0040844050906541085,-0.007860843868341405,-0.0028055400742239556,5.3327113294976414e-05,8.427464397886553e-05,-0.007134317208390861,-0.0072169984084222705
2024-09-18 14:30:00,-0.004851728946315248,-0.0025231604341264813,-0.00047577731905779075,-0.0006608661004889882,-0.0021950933722179045,-0.003441387829561826,0.003458720972293605,0.004817135884234602,-0.0006572491552336857,0.0013892183631432076,0.004622099405257707,0.0017966796539337082
2024-09-18 15:30:00,0.0029313265981638637,-0.0012190683399788682,0.0008154797243591361,0.001503902804584456,-4.2938499929867646e-05,-0.0002701488547982578,-0.0012716055927777248,-0.000262146896567117,0.00043199861183129684,-0.00025287942585094925,-0.008701740763044086,0.00020936320720466028
2024-09-18 16:30:00,0.005403080564570395,0.0035684448074189135,0.001810328630110547,2.285881352737107e-05,0.0015425840556222425,-0.0005314108901792736,0.004192576918176982,0.003925205230205897,0.0012723568787604833,-6.273221395325379e-05,0.0005637107518650097,0.0005382699565137372
2024-09-18 17:30:00,0.01393687510520003,0.014447716984148151,0.0008910838226974249,0.004578498132493003,0.005551061839026872,0.011641486750176178,-0.002153972286594197,0.0002611200671065461,0.003859804937791367,0.009069395398374702,0.007578889415840173,0.0009960008433012035
2024-09-18 18:30:00,-0.009623224327856228,-0.011931329537890889,0.00041858485651680155,-0.0002876985770408069,-0.00037315406342841584,-0.0014554151303656226,-0.0005512348087872709,0.0013046448720954729,-0.0016978921518333578,-0.011534153097650268,-0.006593186432901632,-0.007193492806083945
2024-09-18 19:30:00,-0.017303303821039506,-0.018984850526903685,-0.0036635765625172567,-0.008483963577075926,-0.007428302151740063,-0.007355440558116655,-0.004733711223038561,-0.0037445099207724653,-0.00639270474873932,-0.0064328135265450115,-0.005362768702531717,-0.001304418803511176
2024-09-19 13:30:00,0.05272952532750175,0.05163769664065487,0.03912220857188764,0.020291819634351782,0.023117517328717696,0.031538273720535415,0.014300674190271145,0.017298476259468565,0.01767510847232412,0.01190191856271916,0.02446135026083507,-0.0053859242797731355
2024-09-19 14:30:00,0.009558725533775458,0.002556690850848753,-0.004388751752950171,-0.000523319208389772,-0.008315766722041928,0.007923835626475473,0.0018976848792071621,0.002226934597720387,-0.0007894367853085171,0.0018024135467920033,0.005782725529661192,-0.0002624982453571789
2024-09-19 15:30:00,0.0033879574542492463,-0.0030600683039212484,0.002207678190336182,0.00011377022594061259,0.002867240986273778,-0.003285761011897037,-0.006586218978488212,0.0013680205909318843,0.0013668793864258788,0.0015905613295750243,0.0032909091529917944,-0.0001342797011210095
2024-09-19 16:30:00,0.00300301968796024,0.002807393899145083,0.0007643963792540731,-0.0026206222585978267,-0.002127599231778632,-0.0002511518621437503,0.002263740348573684,0.0016220811849700922,0.0003146923678585267,-3.828094810032212e-07,-0.004664703545508964,-0.001168061517082819
2024-09-19 17:30:00,0.002546511799107698,-0.003109580470049167,-0.0013104088753896903,0.0015732112354189809,0.0008973958122737713,0.005831355110947456,0.007256885455537265,-0.001280368256153075,0.0002449175485850219,-0.00016730176932888696,0.001236573180499967,0.0012013442252634121
2024-09-19 18:30:00,-0.004521592435544619,-0.008252316769027601,0.00260593658548558,9.114394099185574e-05,0.0001582756682401154,1.7635029352369713e-05,-0.005022101894353703,-0.0030795627901127887,-0.0014521326628686992,-0.0003346236980990014,-0.0009616003614345559,0.0012715402743204152
2024-09-19 19:30:00,0.004150532003961871,-0.0013975082095152302,-0.0028243717398517276,-0.0006836777817866846,0.0018447276151984937,-0.0032152547240738016,0.00023747086754521973,-0.00601535356909455,-0.0004377938892297095,0.00039734918964118293,-0.00013747695827603934,0.0008568672709650116
2024-09-20 13:30:00,-0.017040034953345717,-0.007657669565309888,0.005293597923536453,-0.006506489446397978,-0.002847617248594503,0.003964238589992064,-0.000807573123689842,-0.011529703440390726,-0.006501880950479766,0.009882634310461214,-0.004408323630977762,-0.0037352536089256816
2024-09-20 14:30:00,-0.006696508691840464,-0.011511199774488112,-0.0011504710208578572,-0.00244496696689378,-0.00662306707938054,-0.004841343457407277,0.0015196475592160752,-0.0006977918293600283,-0.0021707909286972082,-0.000662669962195217,0.004820592990881778,-0.0008104933347929943
2024-09-20 15:30:00,0.0033957210660613413,0.008083704313485818,0.008494055208428719,0.0057893104788764305,0.010575953864471188,0.009969782383369541,-0.0025894661022869414,0.0026141793048388706,0.0034570152220521067,0.00438233518116693,0.0015171798036117679,0.002881717920017124
2024-09-20 16:30:00,-0.0030598188539476823,-0.004202325175270083,-0.004238009009590371,-0.0009265745700623995,0.0011040492643532573,-0.0018367608641156608,0.0046277814819850605,0.003908433688569524,0.0004752079446470603,-0.0010731789330105101,0.0020488936061973106,0.0011601190973369313
2024-09-20 17:30:00,-0.0017534048789240586,-0.0029789022798967224,-0.0042247016567742435,-0.0015347746494178693,-0.004476197391410253,-0.00030209895022093036,-0.005674982537640538,-0.007220892076226448,-0.0028197396888272053,-0.00041301465005449955,-0.00425324849876052,-0.001210559466800376
2024-09-20 18:30:00,0.008906265934954583,0.006672054798699811,0.00951946182414698,0.00013753022048934582,0.0028533544079341056,0.0007726319776439894,0.002354625871460847,0.0031383568015321828,0.002854971077419499,0.0014861935830650097,0.0035684158735458382,0.0003027580340440039
2024-09-20 19:30:00,-0.006943035492934513,-0.004641184995554326,-0.01496214614708613,-0.0024095840305466965,0.00832583589733904,-0.0033523193263844675,0.0029414345184379798,0.0033887975494515388,-0.0002464309156717803,-0.0008253763992982499,-0.0008223350154556996,-0.0018685212028239917
2024-09-23 13:30:00,0.03942087057657506,0.000818076889661512,-0.00227802385325937,-0.001770791271144212,0.001277863296411219,0.014317806489665408,0.0022713821442339466,0.01984002559005127,0.0029704167413848737,0.005081791432620442,0.006287597059777106,-0.007051031696400756
2024-09-23 14:30:00,0.0015723566280412271,-0.00561073127512568,0.0028178414905157823,0.0026090544138686056,-0.001173541947701473,-0.005043985363204939,-0.0038359283361577567,-0.007383238907714862,-9.651859782167094e-05,-0.0013318090854781417,-0.013857698051524814,0.0009158535057274264
2024-09-23 15:30:00,-0.00145132304045692,-0.0002597072020655844,-0.007521628919724854,-0.0024246847145246164,0.006191016648086745,-0.002615593495931101,-0.0010918642932606915,-0.004938255431016003,-0.0013963300289301372,-0.0009464650822312848,-0.01629673505158813,0.0067921168939308885
2024-09-23 16:30:00,-0.0007062153274732808,0.001514030714844239,-0.0008816653046181955,-0.003573620166560154,0.00015557515795272536,-0.0022677470418237533,0.002798514082704706,0.0027512672418383843,-0.00028143168549643605,-0.0005559390465270653,0.0118658263024507,-0.0005558253183162165
2024-09-23 17:30:00,0.006458822618252924,0.0037992920399450014,-0.00026471182557319395,0.0015115911997520826,0.002279097883707948,0.00039277963527517556,0.00033154471958862786,0.003257308331027886,0.0008085676426308197,0.0003500507860767499,0.000277567263411882,-0.0004550521882364933
2024-09-23 18:30:00,-0.00015364020188357586,0.003599577788378383,-0.0017219661262455332,0.0006340145637535599,0.003073713065976591,0.0013615739521233294,-4.739809050136046e-05,0.0021799489799523286,0.00047423848309247063,-0.0004118408738529311,0.0009706676654106516,-0.0010624141869763903
2024-09-23 19:30:00,0.002957555293310321,-0.002483162421374807,0.000706823661360545,-0.0012683609377814875,0.00028360994411347207,-0.0006907743952639933,0.0012304661465840638,0.002175142129026142,0.0001931041258380617,-0.00032963259279039647,0.0012465731688511283,-0.0007596362255783973
2024-09-24 13:30:00,0.002716278276824191,-0.002203885191303989,-0.0016794382999627544,-0.015159177564092907,-0.01794372325586835,-0.013987928042483055,0.0025034791408922175,0.004675513611691606,-0.0023580566049528073,0.004809966952943334,0.01689690013792866,-0.0023796910203630617
2024-09-24 14:30:00,0.011028850003710566,0.011963396038158436,0.0041586027677205095,0.005320694348815103,0.010646558442257259,0.011797647604174344,0.0002358690126742502,-0.005272144308008819,0.0027626827611388904,0.00270316208265875,-0.004378631349640116,0.0007573419071977838
2024-09-24 15:30:00,-0.004686307986086824,0.028554187041798684,0.0023666868805616303,0.001787595162888067,0.0005763580228617116,0.00020838700891356865,-0.00709994921579149,-0.001108955122219868,0.0011478526393462474,0.000466161567958423,-0.0017788180710285317,0.0002972652777728513
2024-09-24 16:30:00,0.0006142153863883948,0.004254881116212417,-0.0013632560116940695,-0.0021539780084625093,0.0007732113736507173,-0.0017813047794437153,0.0016611259199885708,-0.0013666184191105657,0.00018399630176535453,0.0015768234883681842,0.0012318343989319303,-0.0003987737392794344
2024-09-24 17:30:00,-0.00031691657010401997,0.00012365276834103156,-0.0015894550432005161,-0.001423059922410097,0.0006222522471377445,0.0004712020949435569,0.0006636929848804485,-0.0002564326991043586,-0.0006617959371011395,0.0017536052803190927,0.0030033098762087818,0.0027375815639940626
2024-09-24 18:30:00,0.0008516140231362712,-0.007272259867944442,0.000647255849840711,0.0013764611407927063,0.00041464618198450154,0.0012169136539519343,0.002910340768053743,0.002689399369955936,0.0007142072926651366,0.0016692264928623857,0.0009554818791768227,-0.0006065193599713581
2024-09-24 19:30:00,0.007160580222177693,0.004300239034938258,0.0014701143643369718,0.0008388725294823374,0.005426245539029928,0.00021302169401948845,0.00021260902826369943,-0.0017494240055766497,0.0010510697675449876,0.0008538494720990997,-0.0017727540530749764,-0.000711189837538484
2024-09-25 13:30:00,0.0010305976885423007,0.02945047579245408,-0.004297601580860011,0.0028144918709651634,-0.005218947378070382,0.011399776894978508,-0.00820666224484512,-0.015580303972463128,-0.0002452434406059467,0.0011780107696868214,-0.013050490491812283,-0.00599743945482345
2024-09-25 14:30:00,-0.002407463431892687,-0.004342917738817675,-0.004138674121648478,0.0027834779073234728,-0.001296042040784151,0.001718226261172795,-0.002503890188103597,0.000520426623935144,-0.0005778154216402598,-0.003375160587572701,0.004552699155318862,-0.000713954779757664
2024-09-25 15:30:00,0.005770044168817101,-0.0018408650525962855,0.001861672470817588,0.00041683305019546424,-0.0012462866967268837,-0.0016899487625083864,5.020195357996471e-05,-0.00785445057491252,-0.00022779698702724005,-0.0008965370878453172,-0.020441526650015085,0.0019876131292582144
2024-09-25 16:30:00,0.0023850494829504854,-0.0043487466185005985,-0.002260937525157658,0.0005786702401673338,0.0016616871623158502,0.0004219252554547026,-0.0014598724756158532,-0.0015541197652764183,-0.0015608955141797054,0.0021584597080739343,0.0009829347793326448,-0.002242737246344717
2024-09-25 17:30:00,-0.0002191556462536326,0.002755374471281158,-0.002043294449985744,-0.0009260190482551778,-0.001038151648325325,0.006825709425272386,0.004389730278371751,0.003843827889118856,0.0007895297611106855,0.00034576306686950886,0.0015426776761264804,0.0009180490189955037
2024-09-25 18:30:00,0.0006704244602531162,-0.0025112213720266396,0.0015990279757147619,0.00043997833466757896,0.0014005463192274803,-0.0032107761994346617,0.0003332492009215926,-0.00021801596313153482,-0.0005877243518268571,-0.00024402642731224944,0.0001415443301251429,-0.0014284926011800536
2024-09-25 19:30:00,0.0029784076916206104,0.0021875369852430993,0.00465087020258359,0.0002315009668985013,-0.002023606308589443,-0.0068046646285644385,0.000666092847185773,0.000653838855413369,0.0002368872935187838,-0.0004272516855508002,0.0015386960994714372,-0.0011749163864207546
2024-09-26 13:30:00,-0.003117769408039095,0.016932560765204663,0.00260363488144133,-0.0028394270438329983,-0.009131054082341272,0.002565775860038144,0.0004755401994724906,-0.01411336854773726,0.004592985963190799,0.0015046273891572426,-0.025935015120859717,-0.002856245803434909
2024-09-26 14:30:00,-0.007444044605318112,-0.017101698668358978,0.002155895323499024,-0.0008011314203510977,0.0,-0.007063235263449208,-0.0028088452249939166,-0.0028503460329032393,-0.0022450344106355047,0.001989041358631205,0.006297356129937093,0.00214039267746724
2024-09-26 15:30:00,0.0012183884772936082,-0.0009507673429096641,-0.00035054633874498364,-0.0010459441786991874,0.0016309230651394557,-0.002920993757548729,0.002214420924678606,0.0007531874852091391,-0.00015758386258468704,-0.0008519442045527015,-0.007446642714611151,-0.0005628213227613088
2024-09-26 16:30:00,-0.005178358701856567,-0.006353713458659982,-0.0006821153952696335,-0.0008605710452647131,-0.0023650187948209833,-0.0008868236372778782,0.00035668246788844726,0.0017257760406952372,-0.00027986604441032625,0.001601886218785431,-0.007212956866422537,0.0031578942012622235
2024-09-26 17:30:00,0.004038634293895171,0.011264573233011888,0.002418341111865452,0.00192976806206957,0.005962045771518376,0.005468071410900777,-0.001094253846904536,0.0,0.002326095343280876,0.0011542466560010567,0.0036129817624583893,-0.00014184873141154242
2024-09-26 18:30:00,-0.002233199395352159,0.0008115785814020171,-0.0005710986061080447,0.000510929700095808,-0.001356611242578687,0.001727934350020277,0.0003331289829313633,-0.0016814448300488394,-0.0005242067653332683,6.0709683871174036e-05,-0.0036129817624583893,0.0014266792166184317
2024-09-26 19:30:00,0.0016825409845502293,-0.0011284814385019715,0.0001977094206928598,0.0014152630397950006,-0.001881471250577249,0.00033467337379367024,-0.001523917145638265,-0.000974793902007498,0.00022720778057205848,-0.00042504520644470745,-0.0008690260946409012,-0.0005096113722906637
2024-09-27 13:30:00,0.0028291689188311153,-0.021273985062413736,0.005830007526198777,-0.0002202863030271729,-0.005981440604383437,-0.0018861906000386952,0.00451745660919034,0.020794806775237262,0.002792036749672988,-0.00450460598254665,0.007650687157307878,0.0040700251067704585
2024-09-27 14:30:00,0.007386829671120587,-0.009312449576907689,-0.0035918946199213764,-0.0023333554355566832,-0.009146060411593382,-0.0008826125903942383,0.005736203637550119,-8.685802623809025e-05,-0.0009890064038069468,-0.002688079105650054,-0.0011511056099067218,-0.0007110538399919264
2024-09-27 15:30:00,0.00857008734151421,0.004770148869815749,8.761731278195128e-05,-0.0037769003387984057,-0.001487113091606318,0.0019143201135767285,-0.0055943910091480475,-0.0009392241694454739,-0.0018380148481620395,-0.0003670997505640372,0.005455824960357347,0.0019795421826138693
2024-09-27 16:30:00,-0.0007724581863666202,-0.005067869954189064,-0.0006796031481028919,0.0004590949773293218,-0.001490872218563588,0.00125942461573203,0.00019021016978193472,-0.0025405664078217427,-0.0007953742802344621,-0.002532661114644341,-0.0008594408306121792,-0.00030435550133400824
2024-09-27 17:30:00,-0.00023233745976458664,-0.007256404239071479,-0.0004386621617662456,-0.0003849022275215219,-0.0001598101530317919,-0.0001672012058717698,-0.0008540578254896403,0.004694852245290093,-0.0009974056427504152,-0.0004909805598227734,0.0006446498604022466,0.0006592038634707365
2024-09-27 18:30:00,0.007355115144269675,0.009589412930779417,-0.00037307782232609554,0.0005597570698041565,0.00335025654116361,-0.0007133906276246549,-0.0005081034566778442,0.004241126921614935,0.0013507818648266223,0.001860206950769161,0.0023602760540750722,-0.0005577417368698434
2024-09-27 19:30:00,-0.0006712516060449758,0.007441138263707181,4.393813190262108e-05,-0.0019372074529968586,-0.002445544640413466,-0.0004934144015651398,-0.0010121216542442468,0.0005180689163326591,-0.0009920327522427996,0.0007962001614165715,0.003707964034346034,-0.0002536359171037006
2024-09-30 13:30:00,-0.003210921737437644,-0.01084278932140137,0.013775232568924878,-0.0032996079130711564,-0.010702729938607547,0.0017436623597086864,-0.0076837213924791925,0.0037051467847435404,-0.0008578786922797121,-0.007579077613184992,-0.008864838704783828,0.0
2024-09-30 14:30:00,-0.0005394307795878461,0.007325896801279264,0.00397510975204618,0.003047253318230858,-0.0018265319513854905,0.008917230251682895,0.004064006494601813,-0.002152482704811831,0.0011203955015917089,0.0004933401378481861,0.012417240309151367,-0.0038272758324602307
2024-09-30 15:30:00,0.004722004585131501,-0.002141633566998813,0.0009482403447984566,0.0016995781653648123,0.0031706543428580147,0.0005754289043560235,4.768712876224157e-05,0.0040428529695448745,0.0005597273698487726,0.001470420390703886,0.0007090117372650084,0.0016435179323259774
2024-09-30 16:30:00,-0.008467115271488801,-0.005101804411234312,-0.0020484124996063002,-0.0027798105442506937,-0.00269005387986887,-0.005392112116586745,-0.002866793697839931,0.0005149775925055167,-0.001418449573974634,0.0002544811775617717,-0.005828485545360529,0.0008384977401183491
2024-09-30 17:30:00,-0.006403272982380415,-0.0052652566492747965,-0.0027450699378812615,-0.0036091300245031377,-0.0014555843354067122,-0.005104125305985363,-0.0016282524293496081,-0.0019753805042528327,-0.0031194125851747856,-0.00411167871888285,-0.004429492930579038,-0.005074441439449018
2024-09-30 18:30:00,0.007176655631738527,0.00513451369494522,0.0009086676773817359,0.003012393532578095,0.0010784414272801968,0.0030077183360912585,0.005591877425342062,0.0037755531202021686,0.0028052467332742026,0.00012359163077935165,0.000572668794700526,0.00018586923366203933
2024-09-30 19:30:00,0.011089373999062957,0.01163211954132759,0.007668810039123564,0.0073116251497529205,0.00408753597456446,0.0051849207247274265,0.0045648745039379435,0.003931957180237866,0.005467700670248377,0.0014407957678717054,0.0008583342055441534,0.0011478686773767066
2024-10-01 13:30:00,-0.044854972315904185,-0.030086751381968924,-0.03511581509868478,-0.021705235753399776,-0.012313656252556981,0.005236466598380396,-0.020078794637352182,0.020601897104113753,-0.011493971932542202,0.012956135982451933,0.029948845013441527,0.010953475109944932
2024-10-01 14:30:00,0.00840023478413876,-0.003987950859111855,0.0022866766543456762,-0.0025423262236889954,-0.0004739699566904676,-0.0038789307215507662,0.007570897279880029,8.352071838313435e-05,0.0008102326281678174,-8.117365962601042e-05,0.011370624172106325,-0.0033352007038187637
2024-10-01 15:30:00,0.011078579319931947,0.0005108998629514971,-0.0007187527928218529,0.004250676682431731,0.00562337431021831,0.004026690305202862,0.0013211496485983076,-0.0008359679053473457,0.0014956351823691705,2.0263049707480718e-05,-0.005365623421867305,0.0018210276193029173
2024-10-01 16:30:00,-0.007753964820500947,-0.012721024497370337,-0.006157092019425825,-0.004204977370887875,-0.005094599222443819,-0.003568768600533012,-0.007344248195201075,0.0036139308603422293,-0.004105003156562148,0.0012378695995334255,0.004267405278915781,-0.0017167956949926122
2024-10-01 17:30:00,0.021847518426923784,0.015526868008969075,0.006809319085800958,0.008320011043452702,0.010324715152577824,0.009995135516546405,0.007271331968518702,-0.004994836334144104,0.007106911818581807,-0.0024772113768420922,-0.01676064886822015,-0.003143930103453485
2024-10-01 18:30:00,-0.002255701330276416,-0.0028484464166167456,0.0030561518439293778,-0.0020783595486246753,-0.0005917352029252143,-0.0011574880251421504,-0.003316126799655983,0.0036364233051768835,-0.00038555614918234227,0.0007315883619973818,0.0036252430338583608,0.0006088650283118113
2024-10-01 19:30:00,-0.00029908690021862583,-0.004479913137585889,0.0004858149813715684,-0.004624050356295761,-0.0037737764140794994,-0.0035326166632083655,-0.0034720642376981914,0.0010008570382833426,-0.002757046846580735,-0.0020335957304373764,0.0034734318395068797,-0.0007104044032733015
2024-10-02 13:30:00,-0.05923760202016304,0.011055408509716536,-0.003719435529141002,-0.0039295234447056515,0.00016201981885544114,-0.006430567222238892,0.006404268237220734,0.01497564570222476,-0.0005804794910577726,-0.0015238089186677684,0.02344016757752243,-0.012463142508532421
2024-10-02 14:30:00,0.022607173929102053,0.00525300948987617,0.0034763551737668763,-0.00035797640075951875,0.004794877057586966,0.0009859781971703896,-0.003991838169941531,-0.005187095436690825,0.002038940093140873,-0.0027193361362805035,-0.025939826001295962,0.0014381039134159224
2024-10-02 15:30:00,0.002452273655479509,0.0009434030140722527,0.0032968472250471947,0.0005965804292609178,0.00010750939169668072,0.0030998584377393,-0.0013695296844389304,-0.0020245240091778527,-5.272876730622045e-05,0.0007765503160710452,-0.0012521231255480103,0.001487337987416737
2024-10-02 16:30:00,-0.0030554945911900333,-0.005104376464830196,3.4826374056606824e-05,-0.0023405882882929774,-0.0048753582307501375,-0.003134777646086384,-0.0012844048061770863,-0.0012000799725431222,-0.0018630446448106852,-0.0003268983396802483,0.0013911865437288284,-0.00015374921718613876
2024-10-02 17:30:00,0.0020567579906858313,0.0021163191093425127,-0.0006165657858749896,-0.0011244990781262842,0.0014300523771684226,6.983719738506977e-05,0.002003178192426347,-0.0032350356997881136,6.936182825967308e-05,0.0016537822455759965,-0.0011128368339141659,0.0010757484355377045
2024-10-02 18:30:00,0.0034798075160011877,0.0034501962552004883,0.0018499681842589766,0.002749177272499459,-0.0001078804532568256,-0.00022677576701113367,-0.00123043664212652,0.004765934155160245,0.0013019496746196069,0.0019768717186909868,0.006934840699224232,-0.0005633690036530581
2024-10-02 19:30:00,-0.0039199183663347625,-0.0016823935825325265,-0.0018941000340877423,-0.004210555899185842,-0.0035116808134709743,-0.0010123876383945074,0.0007239999133519248,0.004578746295004876,-0.0006327371131629178,0.0002442797880508607,0.005513474064350099,0.0008193551416475486
2024-10-03 13:30:00,-0.012293766152636998,0.02837275688025631,-0.008745822116265067,-0.0019226576935524875,-0.018408420975025486,0.0013263465979465039,-0.007020275788335084,0.01129497094998122,-0.0029577913899672126,-0.003916216709390241,0.030059143745923222,-0.005131900808617473
2024-10-03 14:30:00,-0.009440232114914515,0.0037961254373710673,0.00017433411655964903,0.0010832037350443358,0.004182031344123871,0.008007729660686635,-0.00196974561229446,-0.006818989388905017,0.0005376002663304291,0.0008991087685723542,-0.0029388375267291877,0.00036005075950740206
2024-10-03 15:30:00,-0.0025838660365913313,0.002563445687426835,0.0008756216981389287,0.0016542263282506298,0.004436769788786599,0.004152317525603522,-0.00021908380488877555,0.004005752238610327,0.002156530833742565,0.0006543748328722288,0.004671326181330926,-0.00020571620333331708
2024-10-03 16:30:00,-0.011383912254234296,-0.0027671863530622787,-0.005507582248116982,-0.004621855427650701,-0.0045465928594072835,8.51789069855613e-06,-0.003951887528299558,-0.002245542727764338,-0.0039290051820541905,0.0021999072559220068,0.0022544775501529557,-0.0011838669545491953
2024-10-03 17:30:00,-0.006472466252875897,0.00036672817861660434,2.2768456117816527e-05,0.0015132947468279312,-8.23542733012772e-05,-0.00033593329610503986,0.0018315247282583158,-0.0004082325199288306,0.0009528868840531501,-4.0757204245345235e-05,0.003851994320199559,-0.0006182915030557012
2024-10-03 18:30:00,0.000931650049792232,-0.004773304626398911,-0.0006261168807810691,-0.0021752965693782045,0.00035517241983828995,0.0003962925662772676,-0.00026837805245705226,0.0012258815822026037,-0.0008468699488259901,8.145062132047798e-05,0.0015869184535928227,-0.0019086184914547388
2024-10-03 19:30:00,0.007412545048033792,0.0055469153632135,0.00876789221606522,0.0030776623261994374,-0.0011516694843027864,0.0037229203116808662,0.001414429129723338,0.0017965154460100052,0.002203983816460031,-0.000366486828347945,0.00013215480033768046,-0.0007231373804374996
2024-10-04 13:30:00,0.026686872887975,-0.0026084111950863687,-0.005151279079506743,-0.0026772938996106888,0.01212533980267061,0.0020233078110099,0.01381934059265344,0.010613302863769825,0.0019178570905582504,-0.0026918065747381092,0.006584168952165292,-0.010492535009658077
2024-10-04 14:30:00,0.002181968211774077,0.008695351405021867,0.00022045319121843931,0.0017369421707549293,-0.00195631307321964,4.286452093804627e-05,0.002040954240372095,0.005692610798073261,-0.00015816080265285137,0.002936146049983712,-0.00039381396104687383,0.00015663114639963283
2024-10-04 15:30:00,-0.0017775726555759874,0.0019400660433195327,0.0017352205391265585,0.0037811716954685437,0.006691545112484931,0.0023096651929357392,0.0022282488525231514,0.0024451384627726114,0.0018004165450875576,-0.003671562747912027,0.009842369161565223,-0.0013060629747210228
2024-10-04 16:30:00,0.005403660059611681,0.0016541413531960814,0.0006670400267569931,0.0009930038193255442,0.0014886232335777905,0.006337113796433869,0.00667469932907494,0.001381060416258073,0.002182565939970793,-0.00020431952501276385,0.0034615523344578847,-0.0005752117416895075
2024-10-04 17:30:00,0.0021292368632988,0.0044918144389205494,-4.487579134160313e-05,-0.000502402849603456,-0.0019712185169575847,0.004692293461777908,-0.0007329750655404865,-0.006840731218838769,-0.0004641908196232336,-0.0005315760005561998,-0.013500986845965457,0.00015698129237406988
2024-10-04 18:30:00,0.0028853159396424743,-0.00030823993314488263,0.004433300363558601,-0.0019399983820758138,0.0029688192237280475,0.0041412342934386,0.004296991672786632,0.0016892501848504438,0.0021963212931588316,0.0005111168013129941,0.0017713915117072432,-0.0009941786442446698
2024-10-04 19:30:00,0.0003200841537900345,0.0026859571150597006,0.003046772841158507,-0.002640628858669558,0.0052949316131130075,0.0029748499586137456,0.0007340956222146033,0.0029694074861561504,0.0015371804886070706,0.0014909900909403362,0.0006553050697490903,0.0
2024-10-07 13:30:00,-0.013856672679856352,0.018681038524916538,-0.0064587326285652225,-0.0004808176913497775,-0.026566817201656434,0.0014254043489332346,0.0023644026578102384,0.005992898369515665,-0.0024815778474271966,-0.0033527192992179877,0.016113402154188883,-0.005669911304782893
2024-10-07 14:30:00,-0.009475255034852914,0.010586187118020618,-0.0011541494670987973,-0.0010828143978605098,0.0006879755717550395,-0.0034412836256993984,-0.0004960408566585528,0.0012728610922740913,0.0002624754611728619,0.0009927001166216698,0.011791728968896464,0.0008420359328793481
2024-10-07 15:30:00,0.002760157782868866,0.007415003133160347,-0.0035614285271545754,-0.0022776896757132903,-0.0034446207540721474,-0.001345940908157317,-0.003123762630365512,0.0021457017365422715,-0.0012062689621679112,-0.0008288582532722799,0.003941834669595856,-0.00237004564939447
2024-10-07 16:30:00,-0.0038458538869452497,-0.0009776758525683604,-0.002008601814461386,-0.00257313931413794,0.00016560644046403894,-0.004556965347471298,0.00045023741997685107,-0.0007147426774833932,-0.0010354252481192816,0.0011049501311362064,0.0016483519949979097,0.0013700590576908311
2024-10-07 17:30:00,-0.0009382973540112971,0.0023174367380258687,-0.0002685869387368811,-0.002349309474420913,0.0002207378641569946,-0.004773040157774133,-0.0025619548506332634,-0.0017491742593547244,-0.0014387105725948146,-0.00045003831141698925,0.0018986338701543204,0.00010524965186942126
2024-10-07 18:30:00,-0.00816218524331802,-0.011512875787417443,-0.005309675040821027,-0.005306659800671021,-0.0022027382991707256,-0.004309269546074468,0.0012817978766745952,-0.0003183772273569474,-0.0029364165194651903,-0.0004911592681384747,0.0018318648600406107,-0.0011062372178010094
2024-10-07 19:30:00,-0.003729993764071793,-0.00355416007709497,-0.003803874686881592,-0.0013353229544579293,0.0004904698716066136,-0.0018024592461269862,0.0005217379150730395,-0.002071895973887905,-0.00012328597444177802,-0.0002456701277360196,6.317102970943012e-05,0.0
2024-10-08 13:30:00,0.013677404188705111,0.029681113783381008,0.014240501769260838,0.008023158966518729,0.0068865104492852325,0.009894695478166682,-0.00957671986246833,-0.022588916844365592,0.005357118626063695,-0.005924822395317442,-0.04982899642570615,-0.003114672326024248
2024-10-08 14:30:00,-0.0010929001106214642,0.0019291358265629555,0.001910170665660793,0.0014276813418323542,0.00285090252363851,-0.001940534254152304,0.008105689356871615,-0.004006037890488479,0.001715308889006728,-0.007017404887938561,-0.001577247370955881,0.0020852279809098206
2024-10-08 15:30:00,0.005234538536749156,0.005074561197637273,-0.0022658878803358817,0.0017275044090272473,-0.0034055634302641025,0.00015251154077589035,0.0018029367464338364,-0.003611021132809533,0.00033220983822701555,0.0016166116194931135,0.0,0.00035555289755162534
2024-10-08 16:30:00,-0.0035016354054393517,-0.0038924477387407563,-0.00035591168973336806,-0.003348895362576876,-0.0019190063304872496,-0.0017825133799593829,-0.0015180615798913166,0.006555813529586452,-0.00141711564279845,0.0012003780120988239,0.008704987237678985,-0.0005919604888502406
2024-10-08 17:30:00,0.0003159145031368382,0.004301904657062039,0.0008437182820939526,0.0015247159178981562,0.0014574622692142825,0.0005946278890824885,0.0002643715274084357,-0.0007762647903950537,0.0012773298989028348,-0.0002482315252763101,-0.004991471383562818,-0.0007391341479037195
2024-10-08 18:30:00,0.0002446574372667598,0.0050445887347247975,0.001511780541701313,0.0009431785459756981,0.001565116020572077,0.00464240703033969,0.0013484381852562066,-0.0007097758614778016,0.0015896301646742828,-0.0001655008730461205,0.003172060077861083,0.000632506987948922
2024-10-08 19:30:00,0.00040902292396616247,-0.0026593109526160674,0.002261366680937904,0.0021233561116424937,0.0023567064234102375,0.002110756288819182,-0.0009483922886834861,-0.0014587517449040632,0.00043631161436508137,0.002934032946754428,-0.00013199784291728633,0.0030577126427662193
2024-10-09 13:30:00,0.006765058114153177,0.007296355268063159,0.005829407560610456,0.004833969206314848,0.00573162983720632,-0.009576304515183764,0.0036464618773512925,-0.005503756987285335,0.001743345267356311,-0.00595979940740321,-0.027089158083243525,-0.001369040876602945
2024-10-09 14:30:00,-0.00790086194630124,-0.005758528305860544,0.004788149969932043,0.005622802492060153,0.0017402227048295416,0.002126556403300839,0.00819131898350367,0.005503756987285335,0.0027831097801138682,0.00194912136441161,0.01647481624174496,-0.0016347930264153376
2024-10-09 15:30:00,0.0015585055398599224,-0.006258727609509407,0.0022762288753002125,-0.0013128974001004323,0.0027136957605984335,-0.0016668039112239796,0.00018705988449418953,0.0016370385193082981,0.0009496749333051113,-0.0006838037345708869,-0.0006003958639642093,-0.0012675232491741184
2024-10-09 16:30:00,-0.0014029765883938339,-0.0024586592555930764,0.0006556107238502307,-0.00016769703164509764,0.0037379963050314657,0.0027267308253282607,0.002715612473795481,0.0015119438094588489,0.0003870500822822365,-0.001389853321227541,-0.003945119592919433,-0.0018512652091642323
2024-10-09 17:30:00,-0.003478628670109174,0.004881836728143796,0.0033588736381160444,-0.0017216136037827567,0.001180506607219911,0.0037125872336352117,-0.0025458939547338133,-0.0023301280822609627,-0.00013891838927015954,0.00020757198212617567,0.00574522684016987,0.0017984470988778867
2024-10-09 18:30:00,-0.00817425967823926,-0.002264501311119993,-0.0024233554149155623,-0.0007901315593130676,0.0008893781666987621,-0.0014133095261756878,0.0028730437649828744,0.0007364396452196331,0.0005433871125264389,0.0,0.0026610523691523724,-0.0014258524372099401
2024-10-09 19:30:00,-0.0018652342286396006,0.002219977127088768,0.001900593822071528,-2.397749682803152e-05,-0.002346380178326335,-0.0001184777288072425,-0.0026673174579734393,-0.0013095734537298398,0.0007049151005711352,0.0004979463930379069,-0.00013290992097836352,-0.00021378273609329312
2024-10-10 13:30:00,-0.010895521381124595,0.012289857510991986,-0.005480991980076233,-0.005596974897525975,0.008308693462308447,-0.0053330855657121035,-0.0009375882894797627,0.009455594245491916,-0.0020293361274577038,0.005461359626857565,0.018303222069742553,-0.007385201381556961
2024-10-10 14:30:00,0.0020715210321444744,-0.0013781212334684767,0.00015113553045598138,0.0020694620837771183,-0.002754908567255576,-0.0017728579957720925,-0.003288606764568769,-0.0033896340875703146,0.00059708559177718,0.0,-0.0035291408342876807,0.001771028144321285
2024-10-10 15:30:00,0.0090679542156904,0.0022692832659911844,0.0018381336804980108,0.0015733158724593466,0.004921518219789256,-0.0011436572425598257,0.0023505683829965207,0.00598240567197017,0.001517805237679859,0.0011134427402534897,0.011456930913414709,0.0005726526372775709
2024-10-10 16:30:00,0.002945594928211115,0.0030536829253220432,-0.0009186444983795283,-0.0012247635931306178,0.002934269484187624,-0.0001024793487554021,-0.004729706283653989,-0.0004047027827027705,-0.0013859562868239195,-0.0018977180240291602,0.007834567349770616,-0.0040516622129080915
2024-10-10 17:30:00,-0.002339386151305689,-0.0033864268242735918,-0.0007880245269902275,-0.001972475983027522,-0.004967034054114805,-0.000538215025666311,0.0004480080160869093,-0.0007693497199827704,-0.0017191065390704807,0.0011403090686963324,-0.0017701190595538208,0.001974600378805036
2024-10-10 18:30:00,-0.001265160181685765,0.002267844412161324,0.002340410757150302,6.0178766223550895e-05,-0.00032132368636350606,0.00013674511904682163,5.654440726576837e-05,-0.001501478471710449,2.6094845855695326e-05,0.0020548500413672954,0.0010326560077249525,0.0007461063254421418
2024-10-10 19:30:00,-0.009131287792827791,0.0011505041264872062,0.0007643974464262016,0.0012055307830705075,-0.00016070056981920544,-0.002472328554730119,0.0034732861948612026,-0.0008912889486953901,0.0012331064306749795,-0.0005558759775787792,-0.0009026936465650337,0.0022881088540573913
2024-10-11 13:30:00,-0.07940621664182768,0.0017032767758431433,-0.0011795989765133186,0.0024474149928117583,0.015047481913981642,0.005722312502868476,0.043889813983203574,0.005506981099914654,0.006358869923080768,0.009468632188270654,-0.0012874113920640085,-0.005532413856399465
2024-10-11 14:30:00,-0.0042977783956992255,-0.0005903895538592607,-0.003437394441863084,-0.003725175426229299,-0.004920035990485516,-0.003036402748563205,0.005895369036267084,-0.0010504405013893603,-0.0010354743275549083,0.002119180344323013,-0.0021922527699178573,0.003984493967553959
2024-10-11 15:30:00,0.004498634008069935,0.0012581280233412429,-0.0006358538979576167,-0.003521619367809592,0.0015103335525923356,0.0022311131078565083,-0.003604784987341958,-0.0005660886759546457,-0.0007426920422926031,0.0008952237452533041,-0.0019513084301694406,0.00048433253444279956
2024-10-11 16:30:00,-0.0025208472175375363,-0.0020001415154293767,4.3465455935809416e-05,0.0020035167130325604,0.0017723248365832944,0.0009415724559298511,0.00031394319720234876,0.0008085912344597546,0.00020710260784984058,-0.0006921168677296308,-0.0008929239338160144,-0.0004789714338579998
2024-10-11 17:30:00,-0.0032087261458944027,0.0003632708238621163,0.0015569465290692364,0.0013013823957255255,-2.637535690031001e-05,0.0029929107348030115,0.003632770093139115,0.001857276176792766,0.0010189652867991228,-0.000732496625928114,0.0019401354924051262,0.000212877445569859
2024-10-11 18:30:00,-0.0014739457322576754,-0.0005857559199187179,0.0021668266643892764,0.0022372543371824705,0.0010038698846805971,0.003474765228990151,-0.005967491927835411,-4.031750125133016e-05,0.0010340271844428983,8.147716172057784e-05,-0.00038770636087459565,-0.0013847174340728685
2024-10-11 19:30:00,-0.005893772358193772,-0.0005193999620916046,-0.005129219950632979,0.0005765987367318814,-0.0029881287218245234,-0.00188843021844054,-0.0009444659499786567,-0.002463804031676453,-0.000878781207729773,-0.0004888382245500367,0.0012918032324549245,-0.0007998142572906985
2024-10-14 13:30:00,-0.004004491927052989,0.033316363987262676,0.013814967583432924,0.017155456688854542,0.0013232766041664235,0.011991536714025308,-0.013841096385120544,-0.0017809542704370074,0.006672546980539984,-0.0025704531979720002,-0.020943325495728082,-0.005883459410416236
2024-10-14 14:30:00,0.007901061155662248,-0.00933894062853824,-0.004322548645907531,-0.009881183745538813,-0.0040282546282579546,-0.005949201688459027,0.007657811719182561,0.002993430882572312,-0.0011064903517086222,-0.0013899529527856558,0.0009935304727930472,0.0023033536283429967
2024-10-14 15:30:00,0.004406000122577858,0.0034716924795619164,0.002432903874803216,0.0013168824927261014,0.0009821126301732264,0.0029613362967007006,-0.00011323148614206247,-0.0011315826317970235,0.0016204332335751914,0.00026626300038490314,-0.0023734228548359937,-0.00010708925572888717
2024-10-14 16:30:00,-0.0009800094111609425,0.0006495820292657939,0.0007836086880930182,0.0010882760636885536,-0.0015133007315988323,-0.00023526337607471248,0.0013348184734160995,0.0008892172181518276,8.563147282814043e-05,0.0007150514256437646,0.004478357670295807,-0.0005933237485535869
2024-10-14 17:30:00,0.0022774903498863353,0.0007270576816678087,0.00013024382463466821,-0.001285214607436025,-0.0016752556767158922,-0.0036870321138886553,0.00045210717268862055,0.0010498466752029145,0.0004453954044878472,0.0005720721236199822,-0.0036866241958399826,0.0010215303254410557
2024-10-14 18:30:00,-0.0037606315143303704,0.00035475221205327756,0.0033035214726204742,0.0010235119510468849,-0.0008253506441349145,-0.000641152869568451,-0.0005144828267731327,-0.0029910111018685015,0.0008557395288546488,8.494749417931047e-05,-0.0003165577705859235,0.0014438347815950436
2024-10-14 19:30:00,0.0008450034357618819,-0.0043332850960755565,0.0003347202403807259,-0.0029305156111405495,-0.0005861541201843679,-0.0032965876220449886,0.001734097088461617,0.004684620815783802,-0.0004277782281620901,0.0008336356175933091,0.001766510090110529,0.002081829516159317
2024-10-15 13:30:00,0.003546496861994264,-0.044633518944015904,0.01935325077571015,-0.0023650487297750544,-0.006041371492412573,-0.012489652656920036,0.007824088832522946,-0.02811097655173711,-0.0017684056654916347,0.0025473048210082894,-0.052527967332107295,0.00844288229668333
2024-10-15 14:30:00,0.00026964610863444705,-0.0023796010892001007,-0.0016492722346983513,-0.0034019748452953635,-0.005174744725993996,-0.0007205793547617745,0.007830076954221,0.00438287876240917,-0.0016088542590741994,0.0014240584453135696,-0.0011807719329564037,0.0010570353258856358
2024-10-15 15:30:00,0.0025967262719106543,-0.007318273778842865,-0.002855868681272078,-0.00036002999442352746,0.0017637724426053936,0.007521444713287195,0.0002888387637351997,0.001072098179244918,-0.00034353373051221325,0.0009746431161552493,0.004160936074145916,0.0006863776310712666
2024-10-15 16:30:00,-0.0033334129935305157,0.0018707991573538862,-0.0031570922434394078,0.0009358085084008039,0.0009949449350168393,-0.0029335078324814745,-0.007984557728203612,-0.0012371771729400294,-0.001788133241976908,-0.001340953246096177,0.0012448489078344949,-0.00021112435314840639
2024-10-15 17:30:00,0.0015641093875826684,0.005781200584640267,-0.00034191738903466273,0.0013422440836468041,0.004592992146895902,0.0014933846348439417,-0.0013892827933137397,-0.002685760340643384,-0.0009298033843716524,0.0011379447663246722,0.0017955240650682214,0.0017438822668687237
2024-10-15 18:30:00,-0.003503932018461775,-0.0049355033792251035,-0.002996692753089114,-0.0009585514475469736,0.0018903091544952844,-0.0030145821346971857,-0.0006280534598808174,0.0005377546827141089,-0.002120931078525068,0.00036545993830738865,0.0049552834058683715,0.001260901703216355
2024-10-15 19:30:00,0.001229891868608668,0.0031894734787947243,0.0023980721853167353,0.004043702379847858,0.003039554724079352,0.0028867483733767685,-0.0017740957545075986,-0.0044761422645782645,0.0008627235025162605,-0.001706685619574877,-0.0007554727725507249,-0.00042119529547601786
2024-10-16 13:30:00,0.006782587033291598,0.021141074890903333,-0.013219141392284861,-0.013099446553658467,-0.001305335475057845,-0.014370780115818604,-0.003941313261112356,0.005220190387269952,0.0017232173349821522,0.006243658136765973,-0.0065304002841122255,0.0039941705954138484
2024-10-16 14:30:00,-0.005813848574902636,-0.001950938563178184,-0.0006273335642532629,0.004947502777429946,-0.008271247236375956,-0.002971917178236083,7.671453018964769e-05,-0.0011576896132581282,-0.0003616672489510364,-0.0012132611826389805,-0.00320424561273569,0.0025666719389478843
2024-10-16 15:30:00,0.004478706179503966,0.0004471090133515432,-0.0010631247922372467,-0.0009514359726008337,0.0012356394775974167,-0.0020239820280645304,0.004111787372917064,-0.0012418888549667884,0.0003959247861908821,-0.002613435627124794,0.0030479549749387047,-0.002514252738831324
2024-10-16 16:30:00,0.0005888449892443859,0.00932166733237505,0.002471115163885429,-0.0005422764651177303,-0.0014518057720929178,-0.001575001790163455,0.0010331547748556602,0.002151623934198099,0.0005853492875429467,0.002572990866897662,0.0033144328681480317,-0.001732248068720743
2024-10-16 17:30:00,0.0032300552972008845,0.0069364276471253206,0.0008662127903020789,0.002816896027059812,0.0031502531397746836,0.005263617881077209,0.0015254000012632218,0.0009914494606881874,0.0024905189329835764,0.00010113970501457459,-0.003867925552459184,0.0008927303889834093
2024-10-16 18:30:00,-0.0011056111713783068,-0.002892297690404888,0.0021827438614892003,-0.0004929606067838321,0.0017853771775815375,-0.0003274582321708408,0.0005377811923708009,-0.0014048857548409899,-0.000445014495986662,-0.0002428018855376024,0.0017976531963554976,-0.0007351365247174613
2024-10-16 19:30:00,-0.0004968074076243667,-0.002326532605944287,0.0005826702882387735,0.0009737245215752921,-0.00016052000023059065,-0.0003657672961976388,0.0017905636082460319,-0.0019038599100182907,-0.00020607096020608395,0.00014166218052302781,0.0002763402784493607,0.0011025422592103595
2024-10-17 13:30:00,-0.008782617448985341,0.028191430830101893,0.0028012538708024337,0.004069738146078805,-0.0003211173211585816,0.0009878039967485819,0.0049094497697446116,0.0030609754380863663,0.0027956298546500946,0.0052671235915182635,0.0024831065456663026,-0.013204649560519144
2024-10-17 14:30:00,0.00043564321329636613,0.000428299347240646,-0.0006030481500811646,-0.0005546642900053911,0.0024860477592101304,0.0021111068494503726,0.004461111776327797,-0.006048286629615873,0.0002569153139528879,0.0012873674840330196,-0.003312251112636666,-0.0007456934884801925
2024-10-17 15:30:00,0.000910650029879001,-0.001360722270637993,-4.303247273718114e-05,0.0007293578154188296,0.005989237502928901,0.0031320359093642836,-0.0008200832304652295,-0.0010809869549071038,0.00046213505227665763,-0.002153214691830385,-0.003184436507534194,-0.0012778499610934801
2024-10-17 16:30:00,0.006173796100434004,0.0005720678779441712,0.0005914521642802484,-0.000718834449710215,-0.00021230112998260608,-0.0014050692246145857,-0.0029817012611719207,-0.0011653992232947274,-0.00012828558143063162,0.0018516557772203512,-0.001943356911851879,-0.000371905994843047
2024-10-17 17:30:00,-0.0036737241380366825,-0.00629684308969658,-0.0034523670529873485,-0.003838060137690391,-0.0051630252852445935,-0.004314560004379686,-0.0010172106093788713,0.002343579673313556,-0.0026989581426146714,-0.00036199077644116784,0.007750870064010762,-0.0011732148086895933
2024-10-17 18:30:00,-0.0009992788669634933,-0.005335040732962426,0.0007273374498728558,0.001753296179324515,-0.00029888534719990645,-0.00035534484665511457,-4.449814869733615e-05,-9.719349511172481e-05,-0.00010360918791274543,0.00044237447302641897,0.0008958132059007085,0.0012797433407492065
2024-10-17 19:30:00,0.0038100301600136888,-0.007321910181214086,0.0021766099115714255,-2.402007433932596e-05,0.0010457081192001283,0.0001560541474026067,-0.000623521980083197,0.00016616788338907895,-0.0005150623897369755,-0.00024129322484434113,6.883506223331892e-05,-0.00026642394811116077
2024-10-18 13:30:00,-0.002946951509517959,0.009469366919920397,0.010748919509227406,0.0019013656150779212,0.006080273980497708,0.0047033992301495076,0.0006680201287805332,-0.008343811550473035,0.0020435964428315856,0.009487512862753178,-0.024399956213198237,0.0028476919317350635
2024-10-18 14:30:00,0.007436849114601962,-0.0018661639514911954,0.0011493541848688338,0.001787078240511164,0.004000424392720525,0.0010346173588855478,0.0033379596916072174,0.000498423304881257,0.0013341039006542488,0.00015932945252039588,-0.002260789880276448,0.000876690831408844
2024-10-18 15:30:00,-0.0021159965561521332,-0.00298342976301047,-0.00021270043736443256,-0.0037558935514887537,-9.18324390521974e-05,-0.003020446336986282,0.000350531660192388,0.005266264894207673,-0.00017134139668861792,-7.969194780965694e-05,0.015301713993627786,-1.2722491148586812e-05
2024-10-18 16:30:00,-0.002124903418510904,0.005697823206402219,0.0010633095196554976,0.0016020369459406325,0.0020706242099324257,0.0012872702116162316,-0.001864752849932927,-0.001250377570386263,0.00080421420912824,-0.0007970864532831357,-0.003104508018447305,-0.0007842447790311624
2024-10-18 17:30:00,0.001831351836188766,-0.000506070400700942,0.001231995752408288,0.001189182823498669,0.003023784224323478,-0.00012982221856017162,0.002441258397917423,-0.0017531338525342832,0.0009572159263067093,0.0009564639986008316,-0.006836058150053503,-0.00042521170172360456
2024-10-18 18:30:00,0.0006322797879434461,-0.0006504232561539425,-0.0009769799925178901,-0.00015937204817539907,-0.0031566003574656776,-0.002731752132234533,0.00013298215062285124,0.0022534470676891516,-0.0012308894870400877,0.0008759405620404337,0.0027400121976723923,-0.0008511286084003089
2024-10-18 19:30:00,-0.003505206614918599,-0.0014491868901664873,-0.0013609227457687112,0.0009091461289987279,-0.004383086469053055,-0.0019755541071440064,-0.000665155347696178,0.0004167789382583109,0.0001881651439745724,-7.961582544524504e-05,0.0013321820824270247,-0.0009050881214269779
2024-10-21 13:30:00,-0.005961134969794557,0.0246961270919126,0.0029321276732385826,-0.0026230138979030926,-0.000624678890904562,-0.006491623830701343,-0.0037328237027107747,0.0008329735988219511,-0.00111258887375687,0.004962789342129348,0.00837289953472009,-0.011087161610765506
2024-10-21 14:30:00,-0.007425751642725409,-0.007629946289929634,-0.0010613684239197951,-0.00751984354874935,-0.008947333015977499,-0.005333580768718704,-0.005804637914103239,-0.001249752537080262,-0.005305813383610136,-0.004246657066740767,-0.00041696823766468327,-0.0017918638371909879
2024-10-21 15:30:00,0.003575191899305885,0.005129508164187335,0.0036463920661802263,0.0028946629321282558,0.005541702012378025,0.0038484010952020142,0.000986950729405578,0.00016675785811859356,0.0023045371333711984,-0.0007559121982847472,0.008444718353814551,-0.002093528942297418
2024-10-21 16:30:00,-0.0016026325810543085,0.003247616290443567,0.00038126787816405994,0.00289598331318075,0.003024234007018123,0.002540612911548834,0.0021427887503717713,0.0010413847085208872,0.0012700728085732749,0.0016305295179934731,0.002890759575845614,0.00032434620232191236
2024-10-21 17:30:00,-0.0030752218279292975,0.0037671722038954414,-0.0006140386444473123,0.0007946654818802301,-0.0007631497630598005,-0.0006008074555623466,-0.0018766680107304978,0.0012066212679044952,-0.0004593534110837183,-0.0014514412408095367,-0.0030286535066013087,-0.00044653948526729437
2024-10-21 18:30:00,0.0014699466528513838,0.002812266183159551,-0.0003811143943304174,0.0017024545319204165,0.0019279787526613745,0.0007319531399767598,-0.0006898486337494347,0.0008313116825178213,0.0004936969433675387,-7.961107292864256e-05,-0.00027573970031546935,-0.0005268148937842554
2024-10-21 19:30:00,0.004762319190274589,0.008596312050691779,0.001882772745195993,0.0034320882754910187,0.000581906079636596,0.003047269972265454,-0.0011007149744965972,-0.002162836787019451,0.0012686273771764789,-9.947720425529383e-05,-0.003177064009189934,-0.00167861175720585
2024-10-22 13:30:00,-0.010175372083593537,-0.0012533437683899251,-0.011349983211595749,0.02182167311189609,0.00469570814692144,0.004475707309730126,-0.003073842366135615,0.0002497920741735271,-0.0038795836947134177,0.006902160093702925,0.01578512678403321,0.0009208752626816974
2024-10-22 14:30:00,-0.0018657456928403704,-0.001812559659412294,0.002090506904929512,-0.004354588216979316,-0.0021603928836002595,-0.0007964553930426277,-0.0010567168900319501,0.003988337099229966,0.0011483227541697616,0.0010268378233675435,0.011912923695505562,-0.0020053398628050445
2024-10-22 15:30:00,-0.003263580552438583,-0.004513138113737547,-0.000979609056027897,-0.0006571661806464846,-0.001108419660469373,0.00011682356013498207,0.01180746014701839,0.003972556451760312,-0.0005464560677808095,-0.0005134981104060188,0.0025536260704797087,0.0004338607792115923
2024-10-22 16:30:00,0.005203616142165579,0.0056280070266776505,0.0028996989674174856,0.0033283675714379513,0.002057447846777194,0.0032380285380195772,-0.0045231274257897525,-0.0016946856154467227,0.0015457714077617979,0.0019734771118997685,-0.003630699032650675,0.0010493598693894768
2024-10-22 17:30:00,0.004751029582920729,-0.00048750242601691696,0.001970362387990754,0.005472307839005097,0.004722954021122661,0.004182311630487767,0.0019632892575423,-0.00037237039882320744,0.001749095154397473,0.00027594498925687105,0.0006732936978357529,0.0011175378288674764
2024-10-22 18:30:00,0.0005647602183964651,0.0027169153491755083,0.0016423961444598234,-0.0012458534315245018,-0.005355539395389464,-0.001113875060787528,-0.0016730058387208757,0.0,-6.849540333142556e-05,0.0003543395627607637,-0.001819129898920302,-0.0003810468941889411
2024-10-22 19:30:00,0.00025246605367357233,-0.0011833781017021039,0.0006786142551451491,-0.003969121544075804,0.00047447654214316515,0.0014962898400661118,0.0008479489131776319,-0.0009108650562072995,-0.0005484460927789314,0.00047315902515343566,-0.0019574969476083837,-0.0004851488131309978
2024-10-23 13:30:00,-0.0073233236015761705,-0.022754748424977045,-0.004845091654245515,0.003736066840558827,-0.0113171956332625,-0.0043574757658175756,0.00031227479782369727,-0.0024053502977841035,-0.003998728336989998,-0.008702918731160025,-0.0027063202460126945,-0.004886235274387474
2024-10-23 14:30:00,-0.007181811614788813,-0.004341759859664229,-0.005211242486397261,-0.002473568016434946,-0.0060690215532241965,-0.009765490458092607,-0.0036638588555870655,-0.00616410005463397,-0.0036076226722991933,-0.004499778156325185,-0.008573297086883258,0.0029313594128623777
2024-10-23 15:30:00,0.00017689002239329454,-0.002342906937528255,-0.016451492778153387,-0.0014372123384944757,-0.005053755145822514,-0.006259666903696726,0.002190997771202241,0.001794814971047387,-0.0012121595951795072,0.002650573171399273,-0.0009571299893984531,0.0009253033449283521
2024-10-23 16:30:00,-0.006679268473970268,-0.0069550279092345235,0.0015877946032372137,-0.005268857992146714,-0.0029702908128657057,-0.005311150955507493,-0.0011351198788585037,-0.0003753835983246745,-0.002075156288886326,-0.0014938009684408726,0.0017768730320630866,-0.0020079518233382387
2024-10-23 17:30:00,0.0010304990140577175,4.485872450832318e-05,-0.006257163694169954,-0.00402893137437399,-0.004442709753347707,-0.005587537649397234,-0.002310426101101548,-0.0009516284122277341,-0.0025856453338679586,-0.0005981822702967321,0.0006824847938693424,-0.0004890175123923868
2024-10-23 18:30:00,0.0003271960474542368,0.0034250269475597506,0.004604064204952074,0.0026415618157198395,0.0025491605435519205,-0.00012425339742971886,0.0031775322267693085,0.00036739690851295137,0.0030708470098241847,0.00031906290346483956,0.00040928822518715435,0.000597683230517454
2024-10-23 19:30:00,-0.0005145195079645504,0.004668105302347847,0.004669593938143812,0.00016488412399517927,0.0006497813537622577,-8.87583347530807e-06,-0.0016991816100846435,0.003749886262642832,0.0011252732146145306,0.00035880131546406346,0.003268496606739113,0.0006515807941278595
2024-10-24 13:30:00,0.15329410117999842,-0.007479420139623549,-0.004082003437733128,-0.001060289888145327,0.0068783048808906955,0.0015328352205550289,0.0008052605509529798,-0.004334459292347326,0.0017288181140848735,0.0033825062979513376,-0.002800705902083145,0.0007596689765358988
2024-10-24 14:30:00,0.020569864660992643,0.008446169851731078,4.355575362868791e-05,0.0006598920152702803,0.0012840783490322139,-0.001311179451056077,-0.0022832008379713997,-0.0005472916008333328,-0.0004837130272541401,0.00248183560939097,-0.007998399627773267,0.004707901905965706
2024-10-24 15:30:00,0.0033244994665597716,-0.0020062255459016853,-0.0013088946666588441,-0.0019101693905936301,0.002391840654232702,0.002019262484736828,-0.003322069202820188,-0.0017525821239416928,-0.0011066600294702411,-0.0016479570437555324,-0.0012377635781781748,0.0004858270015324351
2024-10-24 16:30:00,0.007580602849913909,0.0008029732758014774,0.003265020991465306,0.002392999131545892,-0.0008038430194146073,0.002284613580992634,0.006052296356310549,4.190378074842016e-05,0.001797622093220319,0.0027747449641140065,-0.0015148472715429406,0.0014558197875009782
2024-10-24 17:30:00,0.0036911638102621325,0.0022920345157793065,0.0008247886946657346,-0.0008009620023763375,0.00048241605095267204,0.001010003078819821,0.0007595477562212238,0.001464060181950444,-0.00029359790739036384,0.0006924245483812541,0.0016524755667095548,0.00037714383864528855
2024-10-24 18:30:00,0.007995898854104233,0.004799128470863501,0.00030365979797242204,0.0013777230739755453,-0.0008576985757207112,0.00018513196625402628,0.0019186938428390476,0.0011280024376993936,0.0009669134585985617,-0.001048786161139681,0.003845085490863376,-0.001725107296929984
2024-10-24 19:30:00,0.002382490044513297,-0.0009255323068533272,0.00017353521792529136,-0.0005179058572419848,-0.0004827482267142358,0.001180808738323158,0.0028933001867361696,-0.0010026130671860756,-0.000448826657723167,0.0009894525440374835,0.001369654732950032,-0.00016187119846922116
2024-10-25 13:30:00,0.026250982011625013,0.021491817624331944,0.006743044859947034,0.014772375624131584,0.020682735520449747,0.019499357162628073,-0.0014678820271072368,0.002337868707986246,0.008587277135196025,-0.0006727139520661396,0.009264375885552845,0.0002697982157071621
2024-10-25 14:30:00,-0.002665551191777915,0.0019486071163967722,0.0004306608930164657,-0.0005224046625853518,-0.003185134428765224,-0.0030792649347359813,-0.009409762949694311,0.0012501055569869024,-0.002871389138077163,0.002411785774735442,0.006488308243310037,-0.0006475721500516229
2024-10-25 15:30:00,0.0027029743730011546,-0.0007649841760715148,0.002064830534488138,-0.0002117025762427005,0.001528331377153691,0.002612768963669687,-7.23383225951224e-05,-0.003170080712713741,0.00034330965825724036,-0.0017390718226693025,-0.0014831878805239285,-0.0016435395158493904
2024-10-25 16:30:00,-0.0011596280900656453,-0.0076892674180468745,-0.0036701211035525816,-0.005152969945315,-0.005834056800307685,-0.004468343279967257,-0.00256429136908487,-0.0018399371358208683,-0.0038688092837793064,0.0017588358057629705,0.001752575504269771,-0.00030177937417263934
2024-10-25 17:30:00,-0.001517034229530978,-0.003936998599634478,-7.548814160251993e-05,0.0004194955469198902,-0.002337825089413492,-0.0018590238742435261,0.0003152866737696769,0.002007007428597163,-0.0010686992114683491,0.0010853345415471338,0.001480592679957482,-0.001569862795482102
2024-10-25 18:30:00,0.002975655185864845,-0.00011974725818397758,-0.0009493861014275851,-0.00036750301132748575,-0.0025189011895152547,-0.001940860892285734,0.0011478564055247276,0.0004593790689257915,-0.0005520508650320721,-0.0011050985246408018,0.000806738241207583,-0.0025494371520435877
2024-10-25 19:30:00,0.005776785998150125,-0.003337186308618456,-0.0009502882919925071,-0.0004026210025935839,-0.0006386795728543504,-0.0011767827542374931,0.00015745959364732443,-0.0020478983841014653,-0.0008545264657691121,0.00039484406702783303,-0.002421964271590582,0.0008686410142288992
2024-10-28 13:30:00,0.01064464788627184,-7.0650030465913e-05,0.009610558531961466,0.0035194375645790643,0.008852185298311888,0.005583857706817241,0.010114180918896487,-0.011693109934633128,0.00584621168173971,-0.0003162724933751804,-0.05860179751705896,-0.0005970992782238227
2024-10-28 14:30:00,3.680128607452815e-05,-0.0031479623245589394,-0.0003621469001195976,-0.0018398598454520965,-0.000263917087593768,-0.0009109765779191648,0.0007255110137860399,0.0001633988936822206,-0.001408842654096354,0.0002768191956086241,0.0027816387236265783,-0.002770831917930927
2024-10-28 15:30:00,-0.006454609776680442,-0.0033769787524056127,0.0032492703483306684,-0.0012711166279864017,0.000791461914873004,0.0031291207101871166,-0.0005919426833322916,0.002958194087117505,-9.466516664780045e-05,0.0005130123163503697,0.0008544096828959624,-0.0025645233228370756
2024-10-28 16:30:00,-0.0037443176478832996,0.004472726933423488,0.0005115342554811164,-0.002172728650535305,-0.0022595381755996513,-2.5988928928910582e-05,-0.0007126159967496548,0.0013072621499228276,-0.00035250189580171565,-0.00013294001252006638,-0.002850694320349234,0.000454020596617255
2024-10-28 17:30:00,-0.007081896026429391,0.0004957850270530528,-0.0021992318169568037,-0.00019879995561211672,0.0002532565049442326,0.00278110093174444,0.0018250374046386852,4.2182792320488716e-05,-1.7218879999170156e-05,-0.001169947576186381,-0.003861236774600485,0.0016182065201704177
2024-10-28 18:30:00,-0.010982443981214729,-6.590319794952393e-05,0.0002351344260649313,-0.00030416546264344646,-0.00023793024352425363,0.001319741366460292,0.0010094367894453171,0.0012634368746322622,0.0002279161612239733,0.0007306020488009324,0.00788540456798259,0.0006567010602251955
2024-10-28 19:30:00,-0.006678364764381328,-0.00440460181118052,-0.002053634062123777,-0.0014987583309631347,-0.0035216076957595988,-0.002820687013977974,0.0020987622898047675,0.0013458618390647104,-0.0011744656045928892,5.9273223555145194e-05,0.0009591998268918545,0.0005954194237132171
2024-10-29 13:30:00,-0.006148521004124774,-0.0019933001322156585,-0.0018433524960652647,0.003537824443109905,-0.00010612909282414762,0.005645505800942807,-0.005891576323710623,8.407629322526589e-05,-0.0005252901791816811,0.00939047555715078,-0.0059830063627419605,-0.004034271905286602
2024-10-29 14:30:00,-0.0044919082942342925,0.005038896132795401,0.000900678606305938,0.00304915479787482,0.005344403875484183,0.011196390512353105,-0.00283584321399033,-0.009289866662638424,0.0009212041172030894,-0.002702025909460559,-0.011206996553990045,-0.004269994921163089
2024-10-29 15:30:00,-0.009899174001549937,0.004535994727524084,-0.000729027050162756,0.001140108881180879,-0.00021116031462931062,-0.002337418602675889,0.001028074754567676,0.0007217072357352805,0.0006710564580885148,0.0028193346536786734,0.0028856544865156764,0.0010418229395030565
2024-10-29 16:30:00,0.004928733601862412,-0.0013779869606649342,0.0033833445274158436,0.0026707813476765097,0.005474607231530371,0.0029492533558546086,-0.0016096610133056188,-0.005095428021869353,0.0010656234443278123,-1.193305531721478e-06,0.0013690777780661634,0.003719673261266543
2024-10-29 17:30:00,0.0019667845979549625,0.0015184164489774332,0.0003419904746300162,0.0028485966164675247,0.0022547539593782417,0.0022907159008935807,-0.0008510085934823053,0.0005068920428827894,0.0006013512972202761,0.0012516509265472209,0.0015081640586327438,0.0028352032715854847
2024-10-29 18:30:00,0.0005390640833731197,0.002748508716933884,0.0009825309051887388,0.001525209244959136,0.00258932823211655,0.003890705773613057,0.0003362410827607576,-0.002046105489927008,0.0008239641710199308,3.909072122620927e-05,-0.00012495407405932468,0.0005443397851108145
2024-10-29 19:30:00,0.000615835270294518,-0.0062833304306897375,-0.0019232699642577344,-0.002520136680386642,-0.0031656550318306387,0.0019733731343967165,-0.0015906433479466742,0.0014071024351123285,-0.001949276467948735,-5.8636654886257134e-05,0.0011300470492479064,0.0015767791902332462
2024-10-30 13:30:00,0.0115369317025662,-0.013045071349597315,-0.00811842429412657,0.013565907303085822,0.016128351295339627,0.0043581947504032215,0.007371836887050343,0.0013626612958868023,0.001724312057563182,0.0017367849916345435,0.014956521585216542,0.008390198205123767
2024-10-30 14:30:00,0.0017133352711642402,0.0057943736183379,-0.001316349203335676,-0.0024697810299727507,-0.00021870087752873246,0.0033798443353489915,0.005305320325872387,0.0026348029505625092,0.00024203366627340017,0.0012074808194384445,0.011806128977348784,-0.005785770582875216
2024-10-30 15:30:00,-0.006947830307503011,-0.0044678694052553425,-0.001534667062175643,-0.0010536732929100623,0.0018037372862629297,0.0013533114184571815,-0.0013514316368672397,-0.004253153828725154,-0.0006178203332440901,0.0017895720115772562,-0.004761862368139802,0.005188676278716997
2024-10-30 16:30:00,0.004967673408385664,0.001967911970723435,-0.004155688937920843,0.0025066374297235683,-0.0017005586563776376,-0.0071388000103231875,-0.0020859995637110273,-0.0010234126026515966,-0.001666602382282889,0.0013595376418811256,-0.004573189421075874,-0.003412845624224836
2024-10-30 17:30:00,-0.0025571392254066794,0.0010014743733961495,0.0017743448703511078,-0.006640250232232248,-0.0020651248572383096,-0.0011569530386035254,-0.000755665645991499,-0.000426774652208195,-0.0006709063860608211,-0.00031053098975064586,0.0027463796508975236,0.0021722071993837133
2024-10-30 18:30:00,-0.008025091383626837,-0.003937175728849773,0.0003467936783376757,0.0008971526117003137,0.0008782031556302528,0.001969050013442164,-0.0014683366216088345,-0.0015378072774190343,-0.000963889931849593,-0.0007380312090932151,0.0034399661442305884,-0.003514611508549592
2024-10-30 19:30:00,-0.0074570767335053745,-0.0017229401322538251,-0.0025603604767026056,-0.0029704898193356755,-0.00434691387239905,-0.006005073212499212,-4.4574023191579215e-05,-0.0013688916515821603,-0.0010514289135228339,0.0005050400375283814,0.0006346813638602455,0.00010834790000568972
2024-10-31 13:30:00,-0.01210475874787953,-0.03934714172105025,-0.007392303539539569,-0.06156195476587101,-0.029035910405301735,-0.02610916833115784,-0.005738752948036385,0.010729852610984913,-0.013837681895069842,-0.013981913351626574,0.00669700684006358,-0.001246420568558726
2024-10-31 14:30:00,-0.010901912238884037,0.00015324894637203101,-0.004958781701428272,0.00046588068415776007,-0.0009973190746883631,-0.0072707749138594124,-0.004466325313650543,-0.002204652009425878,-0.0015921567899255251,-0.003886950550700874,0.004996548842044035,-0.0009222741178529503
2024-10-31 15:30:00,0.004201071566575898,-0.0018360844087270678,-0.00028599844466814517,0.002375039341393048,-0.0035339868143919873,-0.006540807643782287,0.004891724565729838,-0.006216253238948255,0.0007351483883653032,0.0013433813818881646,-0.006807076211629237,0.0032058765952482915
2024-10-31 16:30:00,-0.0008487209534422391,-0.001948296012170836,0.002681143650324458,-7.486005632451054e-05,-0.0013250708275327483,-0.003984015860388546,-0.0005821169589417252,0.0007685093320661807,-0.0005661905760661057,-0.001284078262300703,-0.0022327114083244837,0.004202539576421138
2024-10-31 17:30:00,-0.009368663796831989,-0.00511112903304678,-0.0033854781575817228,-0.0007936521686771059,-0.003109390573928117,-0.0024050966545550168,-0.0009411644401744468,-0.000982092624055575,-0.001202455137559788,0.000691650186713133,0.0030687876393535873,-0.0006466996464347119
2024-10-31 18:30:00,0.00012149974594777291,0.007380460859571336,0.0010563158155347807,0.0033599512464084214,0.0035490917366107766,0.009200034168339144,-0.0004933315992170506,0.0007259450399663692,0.0011997836675190499,0.002643565901630396,0.018490885818490455,-0.0003774895492645314
2024-10-31 19:30:00,-0.0021204076462746357,-0.007005748574527182,-0.008570482024666148,-0.008796447177643607,-0.0008860722575745328,-0.003972810585095132,-0.004619915876604708,-0.003592188052978784,-0.004571171649734751,-0.0006700887897306274,-0.0006838959880690609,-0.0028084069204039608
2024-11-01 13:30:00,0.00943089403523878,0.03319684674483536,-0.005873696616924384,0.013566452355800784,0.07129871990055037,0.00840163672959271,0.016348838773922125,0.006065017462179689,0.012045309611659505,0.0020876375057996555,-0.0013690921920890275,-0.0059125032598137395
2024-11-01 14:30:00,0.0018753109676348245,-0.0012232397004536821,-0.003843285735110058,0.007401880705261377,0.0002345645310333211,-0.0004018788878141777,0.002479731838146648,-0.0037970113341856404,-0.0004519315216082731,-0.0005116791782366903,-0.0035684158735458382,-0.00463618330800486
2024-11-01 15:30:00,-0.013429955175196184,-0.004434440155837827,-0.005100101075414365,-0.002811604272954682,-0.006085685167990462,-0.0022376490265143545,-0.006388958443434234,-0.002268006127994049,-0.003186603562239654,-0.0023841986666743864,-0.004133417901930336,-0.002516245792894445
2024-11-01 16:30:00,-0.002830474598273902,-0.000514053108506829,0.0056801087068798495,0.001779796589467253,-0.0004333302448973342,0.0030411387971573944,0.001906769083451998,-0.004722781136639931,0.0005754088187162054,-0.0014023063098544952,-0.0022806729658384484,-0.0005481288445725596
2024-11-01 17:30:00,-0.001290316735373942,-0.006298697848325929,-0.0049149026379380345,-0.005884656993194959,-0.0010467730292882393,-0.004549821763944806,-0.0011948506457777341,-0.0026740548617230075,-0.003107327869011023,-0.0009093076824839841,-0.0028408380150262147,-0.001151932200048833
2024-11-01 18:30:00,0.003759657575467479,0.0008927778919289864,0.00038241788443649227,-0.001153294378292813,-0.003028423657224444,-0.004535237398625824,-0.003743136691562121,-0.003804344417822847,-0.00029832612582048057,-0.0013853674269252991,-0.00013870663811843542,-0.0016480065817834344
2024-11-01 19:30:00,-0.0012449452523179971,-0.0012914641364911716,0.002336153913883088,-0.003882604830940828,0.00025266139112112285,-0.0007403351747763409,-0.004698744613088834,-0.0038198017803843243,-0.0012767093742693802,7.923111614882572e-05,-0.00041655319204281227,-0.0010440550771466661
2024-11-04 14:30:00,-0.010421817454478344,0.01760369579728316,-0.005031707726878665,-0.0005733597822086267,-0.007202294257536046,-0.0019148036956551095,-0.00638978976270721,0.02973528846318274,0.0019068787783576013,0.00280011790411816,0.02441496134855914,0.016916125402429927
2024-11-04 15:30:00,-0.001015661570016313,0.005651314309539579,-0.0011344641273662859,-0.00412048434095702,-0.0016302009007258533,0.0022673972443278956,-0.0023954216674431095,-0.0038066668397664927,-0.0017493383580662325,-0.0012962802629212788,-0.0010846235978929641,-0.004229705149836782
2024-11-04 16:30:00,-0.005837698927431134,-0.00618109763457575,-0.001649387866183183,-0.00246574148386447,-0.004650595569435367,-0.008736226915968537,-0.0020837419634931464,0.0037222143036039768,-0.0019278882700133337,-7.905170305289033e-05,0.006557408663140585,0.0017373881278706094
2024-11-04 17:30:00,0.0009068636501430305,0.00013070005961068887,0.00408631935199999,0.0011907271843254463,0.003068773328957164,0.0021757646534839026,0.0011556593806361093,-0.0013096368919258694,0.0009468648187604956,-0.00031645041762828896,-0.0016859429682209992,-0.004785162022139744
2024-11-04 18:30:00,-0.00444144997169893,0.000797343323656996,0.0010781566298794232,0.000760310427093458,0.00010207329572775592,0.0002759817956148325,6.793432488017004e-05,-0.0005497384009602868,-0.000385294797278668,0.00023733211293919254,0.00107935558360861,0.003808268181730412
2024-11-04 19:30:00,-0.001375472990594595,-0.0027590852850858383,0.0009893476794484712,-0.001005712132455372,-0.0009701172326392893,-0.004917133957265563,-0.002993623401621903,0.0032609051279344214,-0.00015818397128519734,0.00031637533457118394,0.0025573477539078127,-0.0007061836951205436
2024-11-04 20:30:00,-0.002303097966009915,-0.010380955563297434,-0.0016194363312740379,0.002916210107775541,0.0007147585861906336,-0.0006955141902285078,-0.00163666435811205,3.287255256978483e-05,-0.0008069348863672943,-0.00031637533457118394,-0.0006713255955315134,0.002333893041059021
2024-11-05 14:30:00,0.033580868715626266,0.019575615371853594,0.005383967546591428,0.009340549209343685,0.004738239172861647,0.015205252207024955,0.00549043601771082,0.00328296431616959,0.007396461953029565,-0.0012684369352893299,0.007642320130104352,-0.0059267312721118515
2024-11-05 15:30:00,0.003287779697064508,0.006284941634987717,-0.002910875344039887,0.0026510634458869475,0.006814410825210615,-0.0011337665346689008,0.0,-0.0007987155806148394,0.0012187691941294432,0.001307966695304863,0.003333558535326908,-0.0004909114479536569
2024-11-05 16:30:00,0.010164499237585112,0.00032502072634699175,0.0031835323782631875,0.0016790155216499514,0.00556345022966287,0.005026173859062233,0.0007160414850728714,4.1259932026527224e-05,0.0016689461851679965,0.001974799483454248,-0.0007991102817888063,0.0015265447413934652
2024-11-05 17:30:00,-0.0014705223741344753,-0.0009331751069971972,-0.003408118839768548,-0.006064928435280947,-0.0014570698917992786,0.0005947305554805382,0.0013181654870848547,-0.0037066392452071995,-0.0005038495922047304,-0.0009469709375373725,-0.008092820545873458,0.003371924300270557
2024-11-05 18:30:00,0.0009831875966561654,0.0018605692975155463,0.0031846562432216174,-0.0011048694942186188,0.0006031724105399761,-0.00448713787987387,-0.003936545424075177,-0.0009290200531832937,8.687410277286034e-05,-3.954944024187057e-05,0.002615603790702359,0.0026569380159155997
2024-11-05 19:30:00,-0.008685396043888183,0.0003817787805848738,-0.0003586966182966833,0.001638995659601683,0.0006028088128848808,0.003052027906424115,0.00013599645683015638,0.0016041410159965963,0.0004515388984476232,0.0005135386869561387,0.0016061456893847748,0.005023414694919737
2024-11-05 20:30:00,-0.0027794218904784174,0.0002616726723241314,0.0008954419653992574,-0.0012629063871543167,0.001956699316315813,0.0019771064127853677,0.004387465215991426,0.003788973930982209,0.001718393671138685,0.00047376468734317,-0.0002674778442290915,-0.001024244376247374
2024-11-06 14:30:00,0.11168713371569527,0.029265218646187918,0.009803252933734186,0.020351406780833692,0.026755317281847546,-0.0018599558729253118,0.0908814509944591,0.01976307831217472,0.020833039424860367,-0.027695055834274562,-0.0029474997558747162,-0.030112862657416528
2024-11-06 15:30:00,0.011873085940389494,-0.00010412085018884909,-0.0037797830607715355,-0.010075812233529824,-0.0025408216666358285,-0.007437999928597172,0.0019556636750639456,-0.006074529517567484,-0.0011384877515245861,-6.0871058676248424e-05,0.005085729331658406,-0.0007228718484872942
2024-11-06 16:30:00,0.009889157405988058,0.005752947586315393,-0.002405063056858836,2.400386792711373e-05,0.007748822120212218,-0.004199205662676064,0.008376125632799436,0.0029385892062654406,0.0010365879947782375,-0.00042620119031955284,-0.0013359085970243711,0.001890495258321856
2024-11-06 17:30:00,0.006329890727277743,0.008856885072058063,-0.00032242843191632176,0.002942235262147541,-0.0015547169306255881,-0.0004610815315029271,0.004882611175550444,0.0021054585548441196,0.002425876181775699,0.0004465125963761807,-0.002541599487080326,0.005866602202453386
2024-11-06 18:30:00,-0.004833085310321117,-0.0010266874869548914,-0.0015074281531255451,0.004665779138642634,-0.0016301092457666755,0.007170835520396324,-0.006352061676669685,0.0031294177055185557,0.0006097622943128655,-0.00024351634751695883,-0.003760818154997736,-0.004591530623883067
2024-11-06 19:30:00,0.0028430271254427097,0.0015055173811413525,-0.001003418410504331,0.0014193310256596092,-0.0013889576916632507,0.001510022983418402,0.007690621660600527,-8.22442634378362e-05,0.0009562820172703823,-0.0019096818684340988,0.0037594889931193975,0.0013298069935059331
2024-11-06 20:30:00,-0.0006411005065798392,-0.004248689833133312,-0.0041472329826914844,0.001667179180127043,0.009947931151821798,0.0051550101064528064,0.0014987157665835582,-0.005441996187363074,-0.00012690756989641727,-0.0006509506337373239,-0.0008044669674438509,-0.0007200644151295066
2024-11-07 14:30:00,0.028635882639940213,0.01702226764479331,0.013529968196992037,0.006097596865362931,0.01718607255382576,0.025049014546465465,-0.03243442605868019,-0.004308538018030994,0.005450134574036092,0.013982816213842675,-0.010380904155677051,0.008830374554339215
2024-11-07 15:30:00,0.0026744830168539124,-0.0010685417340550174,0.002528085838910954,0.006506807876212939,0.001328078632168328,0.0052203581809529,-0.008333646615082735,-0.003410306214858494,0.0005719094074807529,-0.0026924334061204647,0.009978479037445531,-0.0018175127416455439
2024-11-07 16:30:00,0.003186679949461535,0.00046076633296987524,0.004013075081306106,-0.0021619591912642733,-0.006085687817291685,0.0007714148310924429,0.001389886453448952,0.004281829978484808,0.001050557127813434,0.0027326034232739715,0.006952886227543864,0.001869223160128719
2024-11-07 17:30:00,-0.005760419427515373,-0.0016226458810244537,-0.0004917008123870303,0.0005626568789756092,0.0005859043685667586,0.0025473875484820496,-0.0030776248139199325,0.002609896953203794,-0.0006470290637965448,-0.00034119031900470276,0.004785342034738349,0.00071369933300236
2024-11-07 18:30:00,0.0024131644097877825,0.0008117036442625292,-1.4512877289263315e-05,0.0007289496727151956,-0.0012738015334514685,0.0008868953347782593,0.0,0.001364405288750703,-0.00018491304573142742,-0.002914625997056497,-0.004518933257508628,-0.0015434001182086377
2024-11-07 19:30:00,-8.573262481359478e-05,0.0024646111189889908,0.0018916164766080712,0.0025608935569296776,0.002212758397956982,0.001931944280416431,-0.002452336545986533,0.0030857646500876967,0.0023680353706074797,0.006281071783493353,-0.0026676945924215545,0.005377954067885327
2024-11-07 20:30:00,-0.0027651231116232466,0.004139157606807942,0.0007029729285594755,-0.0017610391928126745,0.0009994847273393503,-0.0026161250027847416,0.0003809127006171309,-0.0021359381080614526,-0.0010070263751877917,-0.001181010463689347,-0.0026749324016224207,-0.0018058207833036022
2024-11-08 14:30:00,0.058221247739209225,-0.012163154733928039,-0.0008581011177044573,-0.0032013205865490946,-0.008658864332743654,-0.008452115923389236,0.006600833564341713,-0.008373060373599195,0.002992803996084703,-0.004778018690873687,-0.025225105650226176,0.013059955123186917
2024-11-08 15:30:00,0.010090718872260318,0.0010872030975104252,-0.0035519220671842433,-0.0011087158423093157,0.004440128754938044,0.00016195808504004816,0.0005778548625459123,0.004236720828195928,0.0010957811789191751,-0.0011925003803581191,-0.00041209946391873586,-0.004605963936612056
2024-11-08 16:30:00,-0.0013543399836741798,0.0018319662384973512,0.0008462226576408938,-0.002942852992958045,-0.0018647771328996754,-0.002619197216069402,-0.004690119090747125,0.00024871655462099795,-0.0005853225114869076,-0.0001970229252137301,0.0035660734098090785,-5.4284045050145835e-05
2024-11-08 17:30:00,0.011904959986041241,-0.0004075150211813039,0.0005067044311113378,7.101143218424255e-05,0.00021577379542048192,0.0044324384856127,0.001810101537610187,0.0008284191652574435,0.0008947423792626807,6.0451548486994966e-05,0.00041063280532593893,0.0014111732142687572
2024-11-08 18:30:00,0.017320281002024096,-0.001084929562451542,0.002397645949865357,0.002647587701873455,-0.001024006606655803,-0.0008679171199998947,0.005429145059218321,0.0014894525034652162,0.0017621322388556848,-0.001008044258171914,0.0006840830819170307,0.0004338258989777799
2024-11-08 19:30:00,-0.023729126418727375,-0.00033879627975608173,-0.0002633115894035143,-0.0019017305806343643,-0.002475588954778729,0.0013780744250651011,-0.003947107646050441,0.0016523214824157861,-0.001636738322989828,0.00157210304454658,0.0013666596552486254,-0.00021684805196198198
2024-11-08 20:30:00,0.006907019840594941,0.0016956278730706487,-0.0014076725263905132,0.0003542118189052701,0.00014403447474631292,0.0022247286895558105,-0.0027384900861333605,0.00016511987003209327,-1.6731883604848008e-05,-0.0011284359146364054,-0.0013666596552486254,0.0029780623374886517
2024-11-11 14:30:00,0.07107856102494559,-0.01705655018679053,-0.01935771455026103,-0.006130857835729309,-0.007662855276490355,-0.016677818850578063,0.018351437435704554,-0.0009909393404941014,0.0010525431224932547,-0.024740047080536343,-0.030972593451472186,-0.008114646926612679
2024-11-11 15:30:00,0.033828134732756254,0.003197528332255395,-0.00015704832466756358,-0.007653873580236059,-0.0011375631503742767,0.0021020245989893382,-0.004005178222093342,-0.005509206925651711,0.0003673440460776334,-0.0017793670327828082,0.0005655065684271321,0.0026389901042129793
2024-11-11 16:30:00,-0.03541177724860756,-0.0035106337431960455,-0.0025844605904339346,0.004043145623713329,-0.00099340651746882,0.0005652684597965418,0.0016828849000161128,0.004103740476514517,-0.0004690625901391243,-0.0012840160627032304,0.001125864452005132,-0.0011835777579936035
2024-11-11 17:30:00,-0.01091946888873796,-0.0005037002172150196,0.001191932678845653,-7.162775981761627e-05,-0.0009215298194087396,0.002708367942557466,-0.004449796703761777,-0.0025680765271136607,-0.001602973954156539,-0.00022809489517161552,-0.002961698473921359,0.0022778456953505
2024-11-11 18:30:00,0.01396375240911496,-0.0013266905563495968,0.0026934422773328137,0.0012936096157938337,0.00029110896283679466,0.0014828272445441826,0.0006853557298711621,-0.0010373660345015523,0.0004911416999640039,0.0030025706551075615,-0.00014128308449556926,-0.0023997690311379216
2024-11-11 19:30:00,0.0038567467317163207,0.004482105678478732,0.0025744513640679756,-0.0011622352587643547,2.4205906545837763e-05,-0.0002739863281231436,-0.0021276374196288472,-0.0009553103680266517,0.00022772949507565698,0.0012391893301266776,0.0016937582412728247,0.0014990064556155147
2024-11-11 20:30:00,0.01106539775337989,-0.00044732863649166177,0.0027462669535118778,-0.0015889436629299425,0.0036559807998610694,-0.0002571134562332489,-0.0003550786368213821,0.001411886540497953,0.0007352774290163566,-0.0002065089784393237,0.0009866755520526738,0.0005129853517003014
2024-11-12 14:30:00,-0.03194160177839578,0.026758828773361998,-0.00035681652125241214,0.0019111494385040118,-0.0022268726313940945,0.008652608258285177,0.0030868313118865842,0.004542734881210819,-0.001281119195299496,-0.007025602062708636,0.004842776618550815,-0.004355424189247614
2024-11-12 15:30:00,0.0023605218862607913,-0.003860793660665607,0.0036957177867673607,0.0018598860781180448,0.0010177703597582521,-0.009149763178949222,-0.0010417752526379331,-0.007202087400865587,-0.0012943117365580292,-0.0016860025416036706,-0.0030129886523484473,-0.003990906665895189
2024-11-12 16:30:00,-0.022829762046422175,-0.0037744629979910016,-0.0048115651744939925,0.0031515482725916755,0.007473429936185383,0.005711831866663353,-0.00229574572811142,0.0032907674750353166,-0.0011519073857471085,-0.0020436277444826345,-0.0030986112215432016,-0.0067055390551784555
2024-11-12 17:30:00,-0.023260732819125884,-0.0065379314585243264,0.0024532363716849304,0.0015779906964921153,-0.00014600947768173,-0.0036731957947040428,-8.359844705640995e-05,-0.0027084314827092726,-0.0011222989527466254,0.0022936394819694783,0.0009869538422178081,6.723301437983054e-05
2024-11-12 18:30:00,0.02017532777426645,0.00752261903472462,0.0006675828056694755,0.0035265659846972497,0.004650525222239743,0.0018807186543128296,0.003962370762102374,0.002574902264134593,0.0036129190303837433,0.00016657622376836656,-0.0016925638801748022,9.819078645989521e-05
2024-11-12 19:30:00,-0.010166248345690576,-0.0030045730347278976,-8.858672789102684e-05,0.0007132764571471384,-0.001388138894832025,-0.00041858221997603806,-0.0025006925212842646,0.00041464169822358343,-0.0009870849538211601,-0.0006436423474154296,0.0012697182973591126,-0.0014202875301450035
2024-11-12 20:30:00,-0.000335030084726462,0.004144696497723643,-0.001604138126049648,-0.0009968254949299649,0.00047918847428451983,-0.0006068068344289301,0.00033379993266535735,-0.002075120090286653,-0.0008708649035602534,0.00043537005997862366,-0.003247949778852899,0.0011997444319868933
2024-11-13 14:30:00,0.008449120195664683,-0.00782019254789379,-0.004603868903717334,-0.00945063545324576,0.009526603328319005,-0.007316331058443204,0.013734406198760318,-0.008762796865998013,-0.0009218780425488404,-0.0009168628418958491,-0.0058159755248201606,-0.002540211779477275
2024-11-13 15:30:00,-0.006403877276169645,0.0005499129529429325,0.0052948483506618516,0.00859943343533498,0.006379488395582555,0.0013825820426065505,0.0013364677683176396,0.010008398246304395,0.002779827899930254,-0.0006255871447375938,0.011317074214868938,0.0004974784574995894
2024-11-13 16:30:00,0.008651986826202496,-0.002480523417649927,0.002781395329669145,0.00922949001442852,0.006798192253451241,0.005231747625392025,-0.0007810834196719796,0.004801746345493463,0.0008024498155956294,-0.006655652813511992,0.0007733723855771757,-0.0026561674073226627
2024-11-13 17:30:00,-0.004471069520673332,0.0004421122406981226,0.005954133637440684,0.003979760500861573,0.0015049130795485866,0.0005822867536737775,-0.004244885770545714,0.0052307169376035745,0.0005011406279455954,0.0007556685104397332,0.0018957652238276168,-0.004331408212099319
2024-11-13 18:30:00,-0.009689190551330107,-0.0011916269764435938,-0.001962898811527225,-0.002738414585994775,-0.001309323272152163,-0.0033233863858388446,-0.001591360772413175,0.0008623266893952319,-0.001366262709359134,0.001467808029470774,-0.0014038816676613664,0.0011123920565490053
2024-11-13 19:30:00,0.005806165463438262,-0.002453767615882896,-0.0024361864198914063,-0.004974656164266733,-0.002763216550598635,-0.001321882937483032,0.002187531757137151,0.0,-0.0005896586302744922,-0.003273622209627014,-0.005211685184014492,-0.0011123920565490053
2024-11-13 20:30:00,0.0036105029800550525,-0.000478012527237226,-0.0013328570635122716,0.0005643907625616507,0.004306106173494584,-0.003286911367864853,-0.0039885593120647655,-0.0023011086632678257,-0.0007031436592876972,-0.0008837125381999655,-0.0007062997040252483,5.5619281869034864e-05
2024-11-14 14:30:00,-0.03314578748368202,0.012860552553428661,0.006642482803415284,0.00155050578422955,-0.007971518022179325,-0.006839434852617288,0.01096286807482727,-0.003626796281043454,-0.001256713143014565,-0.001305335502512328,0.014729808642700348,0.008312599959949374
2024-11-14 15:30:00,0.002612540633855076,0.003700147608300064,-0.0006623067128979088,-0.0008337065595895865,-0.0002825009775566656,0.005407667110056913,-0.003387281146138399,0.0011141779000674035,6.713007570091634e-05,0.0020276261521949834,-0.008530932567925475,0.0014889807467328708
2024-11-14 16:30:00,-0.004238887091572607,-0.007484362166886527,0.0025583439184222456,0.0043954055006336645,0.002375277145262089,-0.005174750901165481,-0.006333132313066869,-0.004588399039295865,-0.0027367443429389127,-0.0027020357124643013,-0.0022496639847569,0.0027075474137827626
2024-11-14 17:30:00,-0.013626218743804763,-0.002218962929813273,0.006467120464684228,-0.0023418118184972414,0.00046972173470738454,-0.0006943542731523422,0.0006317887150659729,-0.00223980050186956,0.0005210175398353556,-0.0003795312133716422,-0.0022534447288506954,-0.002474997113643518
2024-11-14 18:30:00,-0.004979159128662758,-0.004247759705744869,0.0002393992312796911,0.0015228585032645015,-0.0029862793019352907,-0.0026601451688925692,0.0025348175745598667,0.000747136612917032,1.7024148139199724e-05,0.0026117168844530525,0.007168128122275519,-0.0018871009327332544
2024-11-14 19:30:00,0.009608779328577732,-0.004386869947051508,-0.00655233042907355,-0.0026605807805211157,-0.00230296678418096,-0.00038315033900815365,0.0020965929284377793,0.0009953778626670129,-0.0016985091529706509,-0.0007996568041388485,-0.00042029813994393095,-0.0002760388252607271
2024-11-14 20:30:00,-0.015528021910241385,0.004369823499743575,0.005074419209045722,0.0016300093605208232,-0.0017084880694895332,0.005107463063862561,-0.0037329972197381878,-0.0004146361952654942,-0.0012968642501363092,-0.002065160937271493,-0.001266237339387466,-0.002321587346176379
2024-11-15 14:30:00,0.009944265999568103,-0.03050199311855195,-0.01572400004312602,-0.021507993096471445,-0.03224461546430657,-0.02523318582045153,0.01062607177976016,0.00351875053075279,-0.01110852975773824,0.0010963294590116135,-0.006471060300086151,-0.006941580122207469
2024-11-15 15:30:00,0.025260058462269086,0.004065059072823729,0.0026896783918815004,-0.0019420327928614256,-0.002395865683314291,0.002502612842295804,0.005321788869942168,-0.006176336142993399,0.0007239657668209887,-0.0012229039140603248,0.002961281062087373,0.0007798540517027774
2024-11-15 16:30:00,-0.011498227850046838,-0.008146710322031403,-0.001611147373260735,-0.004013387337163721,-0.00463797563755719,-0.011392059971136348,-0.0046069125329948335,-0.004542510903535302,-0.0030235845692612173,-0.001055453601884082,-0.013752163899063419,0.0029989965029910692
2024-11-15 17:30:00,0.0037748452533126198,-0.00406294223845638,-0.0006112239156363941,-0.0002650250372271401,-0.008674905901797203,-0.004978881021503234,0.0016245015000038165,0.002211323619571104,-6.338622784163306e-05,0.0008021922162679829,-0.003718570201059812,0.00381112341422174
2024-11-15 18:30:00,-0.004615606437426756,-0.00792601053683839,-0.001492194557030757,-0.0024846501917448194,-0.003521636535499084,-0.0007209535557990421,0.0005799000729433956,-0.0038416539482071244,-0.002291480922546718,-0.0002160923915122126,-0.0002866763105169312,-9.510971909065802e-05
2024-11-15 19:30:00,0.004866318076282461,0.013820781955653061,0.001825851695886449,0.0017001173776964862,0.008822851677535937,0.0007480080742849893,0.001588754350167143,0.0006691276048123029,0.002086490713605116,-0.0018118593705480635,-0.0012907329129374645,-0.0011622166515996568
2024-11-15 20:30:00,0.002808193122498359,-0.0007020195867486478,0.0004891851270327763,0.00018202878562512126,-0.00024678850301729227,-0.0013252114634552115,-0.001140385333903815,-0.0022602382695886547,0.0007001924329728126,0.00067646247426012,0.0010040837775520117,-0.002161919946823687
2024-11-18 14:30:00,0.0775628895712881,-0.01390411645507772,0.014039380765325404,0.006308259515798831,0.008723423491592719,0.0015954965058577741,-0.009951930791868513,0.004724010683808011,0.002796085140582605,0.019047410149020116,0.028829164197913926,-0.005230092953186549
2024-11-18 15:30:00,-0.017002442725489786,0.007258815652772199,0.0041998112627892326,-0.002506481436621577,-0.007490164797355092,0.0060970398267619075,0.00827970874837547,-0.0024637724142193562,0.0021939261898005213,0.00016582339403736768,0.0019468432225533405,0.002117609536242071
2024-11-18 16:30:00,0.009344526946092557,-0.010693001893084642,-0.001354263155569413,-0.0032303759067984217,-0.0017032817034312586,-0.00365920127543351,0.0011831048597645832,0.0013370409325137445,-0.00047582759428266286,-0.0013691036075007545,-0.003621203664526007,0.003944596370262232
2024-11-18 17:30:00,-0.015052188818795997,0.002244358942212088,0.0009490297627099409,0.0014188919088553575,-0.003635346178829657,-0.0021444343664942522,-0.0009382268538109528,0.0036667827750820337,-0.0003909537016610898,0.0006640534136366227,0.0032040614918225074,0.00442594245576533
2024-11-18 18:30:00,-0.024733916442689186,-0.0009550883795164111,-0.0006649064512824765,0.0008743879969941304,-0.0029285323519259165,-0.002592608005701713,-0.0010207624219047418,0.0018295972516852999,-0.0014632820147006953,-0.00026972247620360434,0.002916453443603473,-0.00442594245576533
2024-11-18 19:30:00,0.016430564915121515,0.012730823365159516,-0.0033050859429515356,-0.0006252188836599615,0.005205907061309745,0.002308219393950317,0.0016694739561211591,0.0009545966341626411,0.0018967665763964803,0.00037341330645013215,0.0011088265774024109,-0.0003882501408654093
2024-11-18 20:30:00,0.008155759175933142,-0.009229764249976569,-0.00030694908677020294,2.407669543380564e-05,-0.002574789869780325,-0.001514326172029179,-0.00044467157343142105,-0.0016192292849410705,-0.0004164653482483516,-2.06993251170573e-05,-0.001802494530484644,0.0009979927192418359
2024-11-19 14:30:00,0.01608557441687264,0.019634777623861233,0.0037650013326899767,-0.0063460222341156225,-0.00039671642208549684,-0.0009205205666873439,-0.007247995532555507,-0.009770825089225887,-0.0028775568755836645,0.006656908203351186,0.007603590358284507,0.007013953344935153
2024-11-19 15:30:00,0.0012911550775305258,0.004883823120801267,0.0020079954861200733,0.0019346550392063122,0.011146896013386254,0.0019663691152409513,0.005553332230899599,-0.00252082350422711,0.0041517220814810685,-0.0011958377016343391,-0.012890888873894113,-0.001598103120364236
2024-11-19 16:30:00,-0.0027188649386831187,-0.0005568544602647663,0.002373867489235515,0.0028467188845890945,-0.0002452873424010349,-0.0027972834984915096,-0.0014929110729431372,0.0014292168508029945,0.0001359699342726728,0.003089664510959267,0.007505259827724764,0.00286071159250767
2024-11-19 17:30:00,0.006800011520851967,0.006987348583463948,-0.0013060364466355168,0.0033669918441807667,0.0019604667303338985,0.007882365186660856,0.0010636957435101735,-0.0036443597609912004,0.0009685616002714781,-0.002141106855865438,-0.0015242933590329244,-0.001894469020894185
2024-11-19 18:30:00,-0.010306223388029778,0.009824579710826065,-0.0007190111934693988,6.00075548149448e-05,-0.0011022615266709224,-0.0014692044468080923,-0.003522575059004218,-0.00039635390958991934,0.0009821042290614201,0.001194641773634153,0.0013857883915706637,-2.9742475534000334e-05
2024-11-19 19:30:00,0.005180786192044984,0.0041022166098692026,-0.004150004621317649,0.0007512184031996938,0.00031858084916525087,0.002877896981652306,-0.0014371903771435157,-0.0019842583919693624,-0.0004237252255006041,0.0006996529558493947,0.002351452404484533,-0.00033041942138289926
2024-11-19 20:30:00,0.004489797579323884,0.002418750603028208,-0.00043787427374564203,0.0018981971953921928,0.002593775217269112,0.004635711151149913,-0.001274634971446531,0.0024058938360536075,0.0006779155670360026,0.0006580721735849338,-0.00082926832477348,-0.0006060806746965852
2024-11-20 14:30:00,-0.025910857980398383,-0.021701239496729308,-0.008024565008882156,-0.015333809095293915,-0.01989353383400516,-0.009450690603723721,-0.014692882200680657,0.005423749503475683,-0.007765556942076479,0.00443060218376079,0.0,-0.002980675333581928
2024-11-20 15:30:00,-0.005890011218879998,0.0066210152954688795,-0.0014800551404077211,0.004693841963532286,0.0009219339242267921,0.005878522270743147,0.0028142978909553307,-0.004833706954097572,0.00026642034317081453,0.0016703254090089104,-0.001245193325755345,0.003201072591910936
2024-11-20 16:30:00,0.008585481441771847,0.003585739167030866,0.002958326537163991,0.001958116541703525,0.003306987690067764,0.006153003608619478,-0.0036497533730255327,0.0016839658510505728,0.002276107725631249,6.783992324699284e-05,-0.0022176538364542253,0.0006477926170651571
2024-11-20 17:30:00,0.008629735401064487,-0.0019915770061471605,-0.00016225333593311575,0.0007246056230751918,-0.0004464544566733508,-0.0023295859342544745,0.002149814126966021,0.0033593203466155686,0.0006723813968037007,-0.0006744884880687252,-0.003196491683881142,-0.003959368906027549
2024-11-20 18:30:00,-0.0074028702877111385,-0.010752569965804426,-1.4531433913944625e-05,-0.0023681498199614737,-0.0011932658459157253,-0.00023351842158003677,-0.0002027330019052087,0.002344916986463552,-0.0016693684199182712,0.0007357774026912622,-0.0019506679753291678,0.0002763206855753708
2024-11-20 19:30:00,0.008428784848413251,0.006945919372096654,0.005122880241164474,0.0028990023684194455,0.002979326427120732,0.002924666928403319,0.003242041342181423,0.002623861525371751,0.0031658738956128474,-0.0006131206319306415,0.0036196913169028733,0.00022110276739262247
2024-11-20 20:30:00,0.0017562529528456494,0.0100551224988914,0.004486471484834276,0.0020001851895186107,0.005882818062549866,0.00469201824381571,0.0008310698461881927,0.004128675876147625,0.003392824158256147,4.09238356322561e-05,0.0009029057963916287,-0.0006080237303915936
2024-11-21 14:30:00,-0.013988713276940956,-0.032978014495542496,-0.013408281203292738,-0.01007078618563817,-0.021170412208171285,-0.02228162681238377,0.007613709770846633,0.008480073272976618,-0.004652425776185964,0.00643869772455119,0.010427873255507869,0.0034221765663859927
2024-11-21 15:30:00,0.013243301122778384,0.026460569742998707,0.012403428352536494,0.010419858634937107,0.00010016842745574905,0.009859253898833131,0.004031645163665054,0.004643769531393893,0.008447199960913032,0.0006091618914760843,0.0012358939622174603,-0.003505113708980545
2024-11-21 16:30:00,0.005937497935800451,-0.004853712162479873,0.0022703979383020823,-0.0030732575521694727,-0.005603390043035894,0.00348599668227223,0.0010463367291508874,-0.003860615378227905,0.0004638924281055168,-0.0008935148820130578,-0.004401047979325945,-0.0015217627550105917
2024-11-21 17:30:00,-0.0008723492376629949,0.006218453832782522,0.0023958500959491147,0.0029168070652350053,0.005754391882150323,0.003791109359817746,0.0033369973439576484,0.003737611585414413,0.002408551874044207,0.002353904607435453,0.0023404452611721638,-0.0011636978524904862
2024-11-21 18:30:00,-0.005372796508854805,0.013149155628561893,-0.002090574501512954,-0.006338495575104908,-0.006058161618992308,-0.0022219134209038316,0.0022456904674941214,-4.0983769401314873e-05,-1.6839409228808222e-05,-0.00032559114830643665,0.005075041732619745,-0.0010540174722759588
2024-11-21 19:30:00,-0.002965108554619178,0.007270571233505052,-0.0003924572665878756,0.0022623152670835367,0.006603682718216319,0.002793484920134759,0.00032623182591517974,0.0048679911741738024,0.0008072537702528138,-0.0005260694447564163,0.0016405027648662696,0.00122033087139517
2024-11-21 20:30:00,-0.002995946086146617,-0.010481587980318174,-0.0033204179558810054,-0.0022623152670835367,-0.002308655228014267,0.001083234191572302,-0.0013463694187585418,-0.0048679911741738024,-0.0021708518372074437,0.000608420675773047,0.0002732077608831318,0.0011635044425757357
2024-11-22 14:30:00,0.01126053595606269,-0.026852652842772606,0.0033640097420368775,-0.002097567403072098,-0.005561780492875812,-0.009209467250014036,0.008860736290947635,0.00204825764432659,0.00010106724656200328,0.010675441427715704,0.006533243866591931,-0.0002215557906737331
2024-11-22 15:30:00,0.031150801137724393,-0.003263492414738778,0.0008719023598704467,0.0026423849396293164,0.0011907961481396612,-0.004317426229811794,0.0032723898652289307,0.0024524090380655394,0.0015485569178608216,0.0012412245682025258,0.0025743858215125925,0.0022129304812192885
2024-11-22 16:30:00,-0.0007355995691975536,-0.0012849752086507849,0.0021982309433594693,0.0025567181460512955,0.0033115481730803253,0.0028564488461695348,0.0017731314427118505,-0.002861750063448909,0.001713928306695145,0.00093354264617318,0.0017575513636600704,0.0014908697747619826
2024-11-22 17:30:00,-0.007302280604041478,-0.0007546485498091116,0.0008474876617974303,0.0010202266265135762,-0.002311821346399512,0.004751481287880388,0.0006842212052280416,-0.0029520367428990113,-0.00015105961585160088,0.0016410115751224197,0.005657318173611259,-0.0019884050707901224
2024-11-22 18:30:00,0.007019737575243212,-0.0037396322041605146,-0.003220011668844336,0.0001203609549191853,-0.0022918768616744245,-0.0031740720644259923,0.00016096131880072306,0.00016426566518656927,-0.0008904239822378202,0.00019584555067986287,-0.0017476277399719464,0.000994738894364744
2024-11-22 19:30:00,-0.005411631745375622,0.0038100185321772173,-0.00028334924313799803,-0.00011984561719824427,0.0008109301604006802,0.0023274304586236028,-0.0007244071954186637,-0.0007103829441872378,-0.00036977323800790884,-0.0009938308951733532,-0.0005383703486439018,-0.0005525199229818867
2024-11-22 20:30:00,0.001731548914196246,-0.0007045164480601329,0.0016770431427541865,0.005532351036974248,-0.0015210822885709518,-0.0010565269011815204,0.000603719330921848,0.0006282534844954668,0.001209770613189498,-0.0007217302840674122,-0.00026924253485915983,-0.0009399175267104098
2024-11-25 14:30:00,-0.008602153671462887,-0.03390152201168384,0.009702109714720741,-0.0027386365694654913,0.015878692911749148,0.015477989601012432,0.006696490948846723,-0.004815312015818307,0.006060616560669807,-0.02594919212568403,-0.023020868431054886,0.019718056234938608
2024-11-25 15:30:00,0.011745210598808953,0.008054511107252083,-0.0012507529263512396,0.0019466655739881489,0.0008277390704254373,-0.0032839227865899545,-0.0026411783080302342,-0.005737767258190196,-0.0018711811324321204,-0.0017690637969103307,-0.006913744382870846,0.0012466232358647744
2024-11-25 16:30:00,-0.01837480046914397,-0.00957197415973532,-0.006508573070500567,-0.0027167840755994987,-0.0068506140774351465,-0.011175059035455348,0.0009688268386707222,-0.0020901398967101414,-0.0032662730291743713,-0.0027591410495988455,0.001809113143495189,-0.0006502038441107416
2024-11-25 17:30:00,0.007862348529061869,0.0009326146807824287,0.0009039560616086462,0.0030288719444930834,0.008520991835299974,-0.0008222839398461801,0.001872167854803486,8.317438898508556e-05,0.0018611480095360733,-0.0026860901635243906,-0.004448954140708672,0.003354955024296835
2024-11-25 18:30:00,-0.0072002272562139424,-0.0011882194062931006,0.0011711312456395007,-0.0006963241322370806,0.002711468992316668,0.0007150631075321101,-0.0002397600605981154,-0.0002494804671062667,-0.00026854357694894304,0.002066543435620183,0.000556340999060545,0.0023741576848665957
2024-11-25 19:30:00,-0.002391307465674508,-0.0014762974898712145,-0.0007154878742268167,0.0005643213844539474,-0.0008947606437352817,0.0024366246196514396,0.0010784678684370164,0.0005404412279910176,0.00025126981859280306,0.001237891858702156,0.0014589374522371301,-0.0010784414272801968
2024-11-25 20:30:00,-0.024026526269167015,-0.0057580239957202295,0.01018567530196357,0.005279172721259329,0.001689339302539672,0.0077519247073247755,-0.0008787044739753114,-0.0026219539316834073,0.0005190024336103605,-4.1215310518261106e-05,0.00076333654717331,0.0001618362607471724
2024-11-26 14:30:00,0.022698406968343576,0.00749794762113698,0.006335076876478496,0.014054951370413349,0.0217544389340798,0.013774117149405463,-0.00524829465740595,-0.009967854195500614,0.002282087681337863,-2.0639755656581826e-05,0.006361507772584929,-0.008450741012687502
2024-11-26 15:30:00,-0.011182466011590897,-0.0002782245414776341,0.0028972865798602143,0.0016527475658465463,0.0008283426412658557,0.0013165151950689236,0.0027878649912702613,-0.0038798891379512312,0.0012433423814099953,0.0004329051377185422,-0.0019318260084100203,0.0017392767706168044
2024-11-26 16:30:00,0.006376410147547418,-0.0007949876178896531,-0.0023854056791483558,0.00016455081895738743,-0.0028448666774743003,-0.00010455542018483754,-0.0013829230501256617,-0.0021149705115428574,-0.0003753049014516563,-0.0001648731758816524,-0.011530332980858482,0.0018848135409843536
2024-11-26 17:30:00,-0.004771149629868354,-0.0013252686780180767,0.00012792929470695213,0.00147952531819584,0.003909220187698459,0.000514162694207343,0.0009621933070818045,0.003044147487349491,0.0008924165397274919,-0.0022701611165132363,0.0002793607676814247,-0.0017761832270295486
2024-11-26 18:30:00,-0.013416736521046246,-0.004952322452575153,0.0017893587784403309,0.0006569602509012284,0.0009692123352413873,-0.0029220661221396327,0.0018417217843449407,-0.0015632372961125185,-0.00031678947314883743,0.0017340253324462651,0.0026505204591185105,0.0004343204686438895
2024-11-26 19:30:00,-0.0008006469488677226,0.006450890088568251,-0.0005109001672929381,0.004469401346619328,0.0034332216833448115,0.0013006258603791565,0.0019980026626731373,-0.0010152301519008589,0.0011522942945285664,0.0009479219047685561,-0.0030696441896820303,0.0013017480335753007
2024-11-26 20:30:00,0.0005346177763749793,-0.00014541743304086197,0.0011492234460321882,-0.001471954573362133,0.003180896434212599,0.00017451697626569285,-0.002398107107844716,-0.0013129093700570138,0.0005968845811308299,0.0012359748967512019,0.0009777177587348973,0.0018413847275553508
2024-11-27 14:30:00,-0.024965365959616292,-0.03314156617760755,0.0003402595733756897,-0.004957719403227756,-0.008747671031445137,-0.008953822063950234,0.0025178555436902172,-0.00025436704797510146,-0.002299855912309745,0.004312577002549389,0.004179485839601149,0.004803935268564707
2024-11-27 15:30:00,0.004537862854947505,0.000416198746842511,-0.0020858849750711173,-0.0023054848016004215,-0.0035984780931972438,-0.003067199608453919,-0.0011981911132705747,0.0044834183125122,-0.0014861721641041825,-0.0007379471167521245,-0.0010431818775700208,0.0002691350208960941
2024-11-27 16:30:00,-0.0003032783417076246,0.0013584994225546154,-0.00042618210327116657,-0.0016619044157835106,0.0005357390017302066,-0.0007240591738018054,-0.0011595790218867918,-0.0008444322317018305,-0.000400991456992017,-0.00016410395615640283,-0.0066325666606719125,0.0032248018454330563
2024-11-27 17:30:00,0.0011800852818550922,0.00799911149633381,0.0008952731653977253,-0.00028313423156767215,0.005075219542673537,0.0035976583814720797,-0.002423498122507972,-0.001606246380404741,0.000430873214471994,-0.0002051365202619948,-0.0014019135466112331,0.001554882436550109
2024-11-27 18:30:00,0.00444829161242577,0.003660041021179339,0.0008510307632434433,0.0014821094432733162,0.0025642220883543843,-0.0002816577376361096,-0.0014416994815880102,-0.0005501338668647549,0.00038797383575150945,-0.0012726987758240327,0.006711481482549075,-0.001715867594000997
2024-11-27 19:30:00,0.0001489221692088094,0.002158695150344947,-0.0005746586981443258,-0.0012041590448284012,-0.004115660235169294,0.0005457271148578968,0.0022434993685207516,-0.0010164126397240736,-0.00026733404496148694,0.0009033845389394557,-0.0013944845388769167,-0.0026321689176809215
2024-11-27 20:30:00,-0.0013200985727150893,0.00726382001191439,0.0006172561643671415,-0.002262209982849761,-0.001529528210925335,0.002179935145488976,0.0007811165436493184,-0.0030978646766879336,0.0004008723410882098,-0.0006158269854914522,0.0011156793459781156,0.0015044645931077127
2024-11-29 14:30:00,0.02387182514041175,0.02375204141164655,0.0015095444305996963,-0.0032604166664276235,-0.0002429363271829743,0.004747811385197309,0.003996328769375168,0.004283546740361466,0.004332548281082538,0.006100660641844335,0.010813897270147699,0.00514474190354175
2024-11-29 15:30:00,-0.004922145685116064,-0.0023463375984258406,0.0044727318593320575,0.0035322820826007018,0.0036425918640503596,0.0093855171344579,0.0010165329186202499,0.00043327924853464594,0.0015620323221749999,0.0030161241440893605,-0.0033148907613913536,0.00021375353613706238
2024-11-29 16:30:00,0.0017486874806618147,0.0033914323225623377,-0.000126906445139241,0.002891639587907946,0.0029217768119051968,-0.004416926067786875,0.001970267703915951,0.0008820542608418691,0.0008214630200917838,-0.001180936912267505,-0.00833567591134532,0.00016030555610413444
2024-11-29 18:00:00,0.016073235555140286,-0.0053427319410443985,0.0047271871869618565,-0.002495734306445563,0.0036438357865336,-0.0002607337717019931,-0.005682582150229543,-0.0018656123881708453,-0.0002903217219465404,-0.0011415011511450857,-0.00192985835584647,0.004425149726404953
2024-12-02 14:30:00,0.03224645010474525,0.007860743543862014,0.011637768330444942,0.01730593604006625,0.02015008997563683,0.021324483512129788,-0.016959245691237967,-0.005860656667979747,0.0009535834401459553,-0.003677952277284291,0.003192998033377137,-0.00946044631485865
2024-12-02 15:30:00,-0.012103428219030654,-0.0012654038308648197,-0.0018329621287405118,-0.0006597851492324835,-0.003408713178803424,0.0026190709635072196,0.0020519490835440024,-0.0016326277244900211,9.126147136218066e-05,-0.0009420842670539997,-0.01093592064237825,0.010364379450797045
2024-12-02 16:30:00,0.010616797618514973,0.0012294408153135095,0.0,0.0014607120142233754,-0.003934688677524001,0.0072597990205585106,-0.0010355855697019578,-0.001182488959542205,0.00031479827274694117,-0.0012711852596929418,-0.0026799481557056026,-0.0007943563877876869
2024-12-02 17:30:00,-3.428556638596092e-07,-0.00627115977223891,-0.0016274729161152024,-0.00042705754780225647,-0.002187311611026921,-0.003564077823852152,0.0038932300288649913,0.0023788611587907127,0.00033138197151494353,-0.0016015418424624173,0.0021163167896585122,-0.001333837567787377
2024-12-02 18:30:00,-0.0003367410103409796,-0.0012039284292706398,-0.00045951338348437787,0.001273762314735194,2.3751914091540982e-05,-0.0015034603291583792,-0.0006474079859160042,0.0036680771834669557,-0.00044729551551547786,0.0011500813375411312,0.0022526218853737845,0.00026629237995923205
2024-12-02 19:30:00,0.00903383238678579,0.004840242206709533,0.0019201519498146524,0.0006490016549038913,0.003160576950163474,0.002868527501247442,0.0013757427680980427,4.249619267859828e-05,0.001424217863618793,0.0015586763178463414,-0.001688990519326694,-0.0005326556904394764
2024-12-02 20:30:00,-0.005752870637975249,-0.0011447442595162727,-0.0007926205920254503,-0.0013912541896070607,-0.00037969544507721054,0.0019966614238908775,-0.0038701302075168087,0.00046688572306319287,-0.0009769223481033151,-0.002133551650740806,0.000704119612103149,0.00010657009523917793
2024-12-03 14:30:00,-0.018569251128721653,-0.0007944020346197789,0.0036244550016357735,-0.0030442781750013026,0.003979521693956656,0.006555685638439002,0.0024129915914334887,-0.0027194687400626805,-0.0020063531103415855,0.001067344830593342,0.01992958839403869,-0.0017061601941357196
2024-12-03 15:30:00,0.0046127771512392,0.004676066864314876,0.0035699523381680365,0.004029911479197956,0.007442692155738229,0.017933313858453204,-0.0034899917439510375,0.0028467575019126556,0.0015921337718438622,0.0016398572856815008,0.007286741182946699,-0.003206795103092297
2024-12-03 16:30:00,-0.007698631892836261,-0.0028723691591814315,-0.00026938713262580904,-0.003029637651611239,-0.0025845415151461992,-0.0033629081461050703,-0.001321457539054549,-0.00033949429792112795,-0.0006879466985667548,0.0005733215793339852,0.003964745281213489,-0.00016060593073952134
2024-12-03 17:30:00,-0.0010593839647770054,0.0020062135070926246,0.0006422357662181355,-0.0002209112402455915,0.003522701579997012,0.0035932010665593594,0.0014438206050604308,0.0010605129606711117,0.0009365393398459432,-0.00010233020504202273,-0.004648489120962829,0.002726880463554515
2024-12-03 18:30:00,0.0007765603278846456,0.0014889027760620621,0.0030191959552601233,-0.0010121460510061908,-0.0015249663249576884,0.0019724397629614643,-0.0001219289080314212,0.0016944590202747634,8.261454721569805e-05,-0.001659234903047313,0.0005467188874588302,-0.002245140033423354
2024-12-03 19:30:00,-0.0006620396374987791,0.0068988483124359234,-0.00039977637509913677,0.002249556572716749,-0.001479789975976864,0.002672995257350763,-0.001590592274215652,-0.0022458061103973748,0.0005384957619840591,0.0007785625099892002,0.0020529881801580885,-0.002518427162049086
2024-12-03 20:30:00,0.006481256004291502,0.00014264313177125842,0.002380102066786627,0.001421917442117504,0.003614120879862348,0.004982470096741132,-0.0031764554568418646,-0.0016982719598077622,-0.00015736402257360282,-0.00032790323252207543,-0.0012312244032628428,-0.0015570530239461533
2024-12-04 14:30:00,0.00017073378137855144,0.010991091216784987,0.0033739007578397207,0.01605993698928021,0.023296173174656154,0.0010831212004376312,-0.007728418103476464,-0.018095001903428276,0.002943464316563116,0.004499131702137227,-0.0030161966016830632,0.0023614608619766386
2024-12-04 15:30:00,0.003125108615580352,0.00807726180030155,-0.0022411547196998782,-0.001519021641094298,-0.0007785403353182119,-0.00931343374812954,-0.0023281559567811527,-0.0017756383447808943,0.0011551738872288553,0.00016326020325330148,-0.0020617356444461166,0.004131058535006282
2024-12-04 16:30:00,-0.0038509720391957103,0.011303485515913536,-0.003567819612741552,0.00010289312813771545,0.0004122315835308754,0.0026007176242703878,-4.12323149232563e-05,-0.006086948778578183,3.291634432134316e-05,-0.0013882503262880874,-0.004550815739614578,0.00014841239089857794
2024-12-04 17:30:00,0.002857666441768991,-0.005165687055190382,0.0009035573986579948,-0.0006173082410674269,-0.003394679623186292,0.0010988240929945547,0.002225309147772414,-0.002366546161574057,-0.0007921047732493136,0.0004084760232974105,-0.007770228646006849,0.0026653889107803863
2024-12-04 18:30:00,0.004674013577909086,0.011577787959357266,0.003343344673842452,0.0016225227097450556,0.0017905080142766039,-0.001139733414189159,0.0015219564841775224,-0.0008221158146186625,0.0015012039476909322,-0.00028590946189499533,-0.003208978817639263,0.001808395513440253
2024-12-04 19:30:00,0.002314771179571906,-0.0008594461969355649,-0.00034978228120774446,-0.0005938872449622323,0.0,0.0058498131955619925,0.0033236835443233304,0.002054090280097398,0.0008729290610265394,-0.0008583439640936774,0.004740061425632547,-0.0009037889699845536
2024-12-04 20:30:00,0.00917782170308179,-0.0016646535948714458,0.00014404650906207905,-0.0008000048696219508,0.000504439572151405,-0.00024445688177898717,-0.0028100464754219345,-0.002185411135422477,0.00044451684093260724,0.0004496887483016465,-0.0005564957702457463,0.0007975604857133334
2024-12-05 14:30:00,0.04357071425369874,-0.003645916200792243,-0.00037045621267406403,0.0015308822246842269,0.0044372399130763185,-0.002430511903501298,0.010624232574963699,-0.00105065343829569,-0.0007739122916898822,-0.006396338026134707,-0.0011139214657047702,-0.0024477568392384796
2024-12-05 15:30:00,-0.007369197262880434,0.009189420743067167,-0.0015654185752884686,0.0037373331434169543,0.002557339969834871,-0.0017746771970266195,0.002699365571039003,0.003323400408136834,0.0008561825035764414,0.001253759702211532,-0.00544807374845746,0.0021288414214692963
2024-12-05 16:30:00,-0.00033687047648900403,0.0003767331178954336,0.0033339437458019816,0.007263580923806856,0.006349006523115541,0.0010386627223972766,-0.0028822831024450934,0.0026221155154209086,0.0006909432241952729,-0.004426094332181663,-0.0005870981400732944,0.0018058980324875407
2024-12-05 17:30:00,-0.0046740085685987864,-0.007424768316393937,-0.001953773342188825,0.001207376734840615,0.00022618139063990128,-0.005681686212010817,0.00026422414548310513,0.004078551476314196,-0.0012506950911985726,-0.00016504327448885192,0.0015671429587609254,-0.001086373693537368
2024-12-05 18:30:00,0.005872770424681484,-0.0003036003837753043,0.0016249806746078121,-0.0008797512364449034,-0.0006329810819947213,0.0016191359130148797,0.00034543288133459527,-0.0003904126898301996,-0.0003129183379551037,0.0016907022598271482,-0.0016807111859584722,0.0011394104249689008
2024-12-05 19:30:00,-0.004844228972015863,0.0007858227211920976,-0.0015392936331561913,-0.0012787262735241,0.00027108010465681787,-0.0031154658161476334,0.0002437339860179577,0.000997337692764333,-0.0005848860232351427,-0.0003503011880878759,0.002380201335915544,0.0015377321784315612
2024-12-05 20:30:00,-0.00043294549894223877,0.00013859194916676643,0.0007168700816144735,0.0004654939750867726,-0.002083458844873043,0.0026392620171797887,-0.0028473698742352838,-0.004604555381858333,-0.00022253960029150477,0.0010504728218965198,-0.00013988023351352297,-0.0014846172940821134
2024-12-06 14:30:00,0.012031042633791067,-0.003177178104045275,0.0014799008176167305,0.004935504776248045,0.01781727672647193,0.024479541406607908,-0.0011820439676633043,-0.0075167995052600745,0.0037351556798457253,0.002754758471793295,-0.020916582115939164,0.0016435470102962313
2024-12-06 15:30:00,0.006019389283176579,-0.01295102752213495,0.0005831288693896042,-0.001135946580822278,0.0021622645780050576,0.002272991930373003,0.0023219650035724015,0.0015779813885181682,-0.0014463300123033207,0.00041047145630912496,0.006406237077217547,-0.002666099180554049
2024-12-06 16:30:00,-0.0045822789522533824,0.0015475652235368287,7.391640433862534e-05,-0.003031725421596576,-0.0011414781605667557,-0.0007037674790559834,0.0020323557573362905,-0.0007887128828549805,-0.0004937236102637854,-0.0006774027499671931,0.00042560515698308876,0.00096943728590837
2024-12-06 17:30:00,0.004289811891552198,-0.0016814588570088773,-0.001379880061463723,0.0006995713878392706,0.0015813555470938212,0.0014969498787857916,0.0009334811057737369,-0.0012280649758196205,0.0006006298057998904,0.00014375072871430916,0.00014186420956985302,0.0007426235867562525
2024-12-06 18:30:00,0.0010343249333075732,-0.0006022082255086048,-0.00041689583732118507,-0.0004964262610966941,-0.001956048142960576,-0.0036432311431608966,-0.00041346555986887523,-0.0001755323276819709,-0.0015470874957941305,-0.0015205804699798264,-0.003978956057725469,-0.0004243003669968104
2024-12-06 19:30:00,0.01685790276088106,-0.0033721692864734365,-0.0004635889448838526,0.002738530789201832,0.00733227251954105,-0.0029467279464476803,0.0021563380686728806,-0.0017573554757595033,0.000806740973194664,0.0006615287652902424,-0.0006410397690785885,0.000666110682019827
2024-12-06 20:30:00,0.01678190054771722,0.002073765209216205,-0.0007820479087001786,-0.0017008545426797639,0.003116763248697474,0.0030588779731592908,0.0016388541743248553,-0.0014961337791490337,0.00045252700342768293,-0.0014431921421067528,0.0004986099232775487,0.000553298276652292
2024-12-09 14:30:00,-0.003060826315977927,-0.026615036191051544,0.0067710372691882625,0.00048463259899378386,0.0034297755263121843,-0.00986054356546262,-0.004660444264907859,0.009816053613034725,-0.002491235198169406,0.015316736619091387,0.024179770287265256,-0.007872439521264596
2024-12-09 15:30:00,-0.013277157550263041,-0.00411929994752569,0.007984101766976615,0.007476498983491453,0.0028054171617331036,-0.011198420575081691,-0.0019109630801512623,-0.005158967054624597,-0.0009776401365373388,-0.0013791338091548866,-0.003182763284129031,0.0013875329963557448
2024-12-09 16:30:00,-0.0036613631364152965,0.0026036075971296313,0.0012986947720499131,0.00045841117213107907,0.005210325464964249,0.000470803027590172,0.0010372694181945974,-0.0003928167304279029,-0.0002889029592845205,-0.0006090010038182214,-0.0011162528450618936,-0.0014409067753460292
2024-12-09 17:30:00,0.012963479181333781,0.008021232479609175,0.00046626717384601335,-0.0024847742559774844,-0.0022818176545849056,0.0002781611875617429,-0.003176152085659467,-0.005409872515916625,0.00018985703942941967,-0.0017032055634791377,0.0005582821750751421,0.0010675045042081166
2024-12-09 18:30:00,-0.002356570547511261,-0.006361392051255521,-0.003287603914337467,-0.000145703730806801,-0.003541518563143775,-4.9034649081569626e-05,0.00010193165472749399,0.0018499681842589766,-0.0005862141078987193,-0.0004988575867557188,-0.0025146745601842824,-0.0024569580358893006
2024-12-09 19:30:00,-0.007295419218555033,-0.002852268602014263,0.002698536873698032,-0.00014572496347753372,-0.006239028052007711,-0.0014573563030522152,-0.0022658552211494154,-0.0009686137153801511,-0.001504299452446567,-0.0013172630617939163,-0.0035732706598956554,0.0002672929627545173
2024-12-09 20:30:00,0.017913906351100017,0.0037532183113979656,0.0002026178768268494,-0.0002915136497279036,-0.003532181955320013,0.005800318159275619,-0.0028652016383112766,-0.00529988396069303,0.00028117494562085454,2.0398328357984497e-05,-0.0004212128506910773,0.0006414237363436825
2024-12-10 14:30:00,0.03489026624232938,0.00907233222825976,-0.00032419594295785004,0.005167427926805246,0.008851022157760013,0.01554301958413351,-0.004601529766721235,-0.004393684969170586,0.000809866898562106,0.011306855143804029,0.004414017541622073,-0.0052499772158531854
2024-12-10 15:30:00,-0.0008921884645367584,-0.02084913865231286,-0.004305439517248821,-0.0039011242885198527,-0.004217591272027477,-0.01108479033245402,0.0006586681586533416,0.009693568929863616,-0.0007603034981045198,-0.00020146213859106865,0.005716344193674949,0.0004296092527029671
2024-12-10 16:30:00,0.0055942188416295835,-0.006508292110551039,0.005682562434678573,0.0012535062239980022,0.002638086726405753,0.007710654838174236,0.0001645678823782859,-0.003883864338848575,-0.00023148516309223766,0.0014096904663576382,-0.0005562636162377288,0.00026842232666624
2024-12-10 17:30:00,0.005893085930296138,0.0008801641735756149,0.0013614139649247292,-0.0022955557875681265,-0.0046211953525547855,-0.0027156262386895946,0.0023015496682976533,0.0015023481309155429,-0.0002813271023693886,0.0005231269182806031,-0.0013919611644590546,-0.001235241317759872
2024-12-10 18:30:00,0.002928536662821557,-0.0038193529104750823,9.454322477964183e-05,-0.004674555754323961,-0.0038430397077293676,-0.002181120361070654,-0.00073922196701659,0.000617962467148736,-0.0005461176034184945,-8.047742083228115e-05,-0.0020916346684378695,0.0015572202825078207
2024-12-10 19:30:00,-0.013399609774143784,-0.009686899075025401,0.00117139687633383,-0.004583380789785707,-0.005864709260196221,-0.005050807185950745,0.0004813678133093191,-0.001015411359968077,-0.0021349002563990638,-0.00028162987813118434,-0.0029356152335502372,0.0006437289058869311
2024-12-10 20:30:00,-0.007133730081762657,0.0031159470725610205,0.00032290051283556664,0.0036142160852090655,0.0028911124566075586,0.007086628028061703,-0.0014266658728532278,-0.004604396824935186,0.00022913461384188594,0.00012071700265181562,-0.00042006272286521096,-0.001717422850481931
2024-12-11 14:30:00,0.022372859607988183,0.008886338766063595,0.006556303830420163,0.009068340285225851,0.021355942717711685,0.02214029388994554,0.0007809871064949903,-0.00797495274034965,0.0060608139415032625,0.007376542107285111,0.015978130678005797,-0.005223919214510708
2024-12-11 15:30:00,0.0065887874124177515,0.010553070043289203,0.004041095284708085,0.00528175043435386,-0.0003478794368430016,0.0012306991027806191,0.0025441973220434733,-0.0038991427200958384,0.0015568301070354451,0.0017160242902765077,0.0023404452611721638,0.00021600553295453295
2024-12-11 16:30:00,0.0018762832911445315,0.007094361524405457,-0.003033689582030874,-0.0009455489616474466,0.001129718529232271,0.0014070911877359649,-0.003242930020250334,0.0006733279579931306,0.0003949806569094605,0.00027910824489207897,0.004116863599123555,-0.001458654900935663
2024-12-11 17:30:00,0.00944743280286442,0.003950906571248858,-0.002331244273141131,-0.0007228792329163625,-0.00012986629457945043,-0.0016121025516655507,0.0020537261231936554,0.0029126861835369056,0.0009868699724258079,0.0008566700950716211,0.0005476576959866364,0.0001621687124018223
2024-12-11 18:30:00,0.0058547059102398435,0.00197891558531893,-0.003297310141592291,-0.0011360770292485611,-0.00030421433898375483,-0.003223138250332269,-0.002588406596266246,0.0034393736357660742,-0.0006413396288680318,-0.001095866197777795,0.0045066902897419325,-0.0035196672898694104
2024-12-11 19:30:00,0.0002620267093984552,0.004700896852255276,-0.004561721571437083,0.000996032203123498,-0.0004998869123244987,0.004208348345721369,0.0011922841907914261,-1.7690576843421013e-06,0.00023028725173723785,0.0008369361645135243,0.0010894980067517324,-8.136696168925539e-05
2024-12-11 20:30:00,0.011542264278424419,-0.006024742038471587,-0.0029174672838783167,-0.0001939615177999343,0.0008692685292039926,-0.0031798265648363966,0.0008215066220760292,-0.0020962173541114737,-0.0009378437483054114,-0.0005777893607188389,-0.0014983399790136076,2.706787269168842e-05
2024-12-12 14:30:00,0.0013056425477353528,-0.01881602708921104,0.006310497148610317,0.008869237740779745,-0.001195497211766039,0.003376752160771268,-0.003619486800728211,-0.006185540266384848,-0.0015442006020380816,-0.012050894631440379,-0.01206812821812786,-0.007022502461496494
2024-12-12 15:30:00,-0.0031081692041610154,0.00033654908249669546,0.0019376656000700265,0.0034157662296321334,0.0010651584089238497,-0.0013654302595886847,-0.0011131673228854666,0.001794166675367137,0.0004983703473611101,-0.002545012937132718,-0.002209996185908558,0.0010177903382535547
2024-12-12 16:30:00,-0.008098200849088855,0.004743709602258228,-0.0015232248598247011,-0.0008589967434753376,-0.0015236909171161273,0.0010952245958568696,-0.0026848728130106636,0.0020677773576460723,-0.0006050381733873067,0.0018185006679845017,0.014278124404036419,-0.002057395290297137
2024-12-12 17:30:00,0.006528664351797886,0.006059346039928748,0.001760672022116161,-0.00046180826072994563,0.0009804075263613043,-0.00573371130396616,-0.0009931947501664595,0.004733704294595853,3.099522029881285e-05,0.0004844206803840123,0.0020426441782426252,-0.0006006526560300429
2024-12-12 18:30:00,-0.012968560969694565,-0.0017677410890142298,-0.0020541523835673203,-0.003519792622975082,-0.005842665871210961,-0.0035561081252808435,-0.0015330551193581954,-0.002812335333645777,-0.002619565257031553,-8.073074941705727e-05,-0.005456315792777389,-0.002465400204965107
2024-12-12 19:30:00,-0.005675163106365844,-0.0041831987496632195,-0.0010892320908046926,-0.0017756705453422228,0.0014638865598293194,0.0041581342038625735,0.004323853755034079,0.004282309660202266,-8.263742752667724e-05,-0.001211497362107572,0.003140948056238102,-0.00038409637239045225
2024-12-12 20:30:00,0.0051483732522870085,-0.0005460379859254516,0.0008069274170887653,-0.004611374948574998,-2.1854190838332954e-05,-0.000934910812264711,-0.0027494195104909025,-0.004461106540499138,-0.0008435142375269322,-0.0008084605115854515,-0.0015008937959244406,-0.0002744329390687028
2024-12-13 14:30:00,0.02563609725420335,-0.005989733439396794,-0.0016145064919097507,-0.0017591715182954104,-0.0033460546992696294,-0.008582575937600367,-0.008147282966793234,-0.010381871221399663,0.0010584178762691465,-0.009099857761885488,0.00517567544836961,-0.005835401057637135
2024-12-13 15:30:00,-0.008782333106005069,-0.026278297379160875,-0.003743629792497316,-0.003482879494091762,-0.005901417575820744,-0.00999634889980694,0.0023343039765757467,0.002211198047438856,-0.002200961088060005,0.002160633674881396,0.004878727740146083,-0.0009390349112745611
2024-12-13 16:30:00,0.00481614577451861,0.0024790745247438295,-0.0006692285915983476,-0.0019700799718957995,0.002475976134673097,-0.0006113285078237496,-0.0028774700171698697,0.0003605635159171783,-0.0007341918856349494,-0.0006925613952262211,0.004720468296888214,-0.0023791345182306856
2024-12-13 17:30:00,0.004138153199782835,0.00933130119972958,0.0029575458163115798,0.0026499889346398575,0.003929183172719064,-0.0009539257201138795,0.0026692237502414784,-0.0005408596402345367,0.0012292824332309493,-0.0010192642049320355,0.0019490767595522485,-0.0002770328890919771
2024-12-13 18:30:00,0.01019034763392579,0.0007824285171844636,0.002908510278302856,-0.0006463290995197823,0.00017511729011321364,0.003754390686070863,-0.0014379996719604549,-0.001534072088969829,0.0006640148410310687,-0.0011428056652702523,-0.0011421155883235556,-0.0004988019300782298
2024-12-13 19:30:00,-0.006069177290739525,-0.0048231223014667535,0.000443613455106906,0.0007153517060194403,-0.003245147075990218,-0.000839030853025946,-0.0005841218162219164,0.0006319658297195829,-0.0001819970208822852,-0.0002858744304043981,-0.0006723881992423131,-0.00048136236375473374
2024-12-13 20:30:00,0.013409383126466778,0.0017374771498435138,0.00044341674946757337,-0.0004470263155189613,-0.0010266042530497899,0.000459600983900188,0.001522204309926778,0.00018045882928241497,-1.656519140169621e-05,-0.0016353607805301706,-0.00148099129178636,0.0013679212389128281
2024-12-16 14:30:00,0.02083869008778283,-0.014483014697650454,0.003740999440149828,-0.001935917156605349,0.008293470269030934,0.004993942910783922,-0.008411300081767159,-0.00788157144050583,0.0036342252060990177,0.0029008895415261193,0.0004041056032662027,0.0011891300835253915
2024-12-16 15:30:00,0.028803758184128725,-0.010335165077297148,0.0024462170704113717,0.0037564706846362483,0.006327377324553574,-0.003013090042500721,0.004988324070628991,-0.004557893158694704,0.0004285410837896464,-0.0020011257670873306,-0.008113614056194152,-0.003296087487525412
2024-12-16 16:30:00,-0.0003674981094627938,0.0002527469346045308,0.0015608407426404014,-0.00027901006647113036,0.0004505688507867589,0.0038697647293970405,0.000710654521519416,-0.002836339920492925,0.0003790841166058101,0.0017146595088268768,0.004740929577555342,0.0006547379514731944
2024-12-16 17:30:00,0.0021980479893084492,0.0027101268246223498,0.004190213268604914,0.002630742707101952,0.0035021656124021305,0.005912472469613128,0.002670671637881483,-0.0054205317275677345,0.0012677659118143225,-0.0005298145368231033,-0.001081690641503208,0.0008982228407061754
2024-12-16 18:30:00,-0.0016547392457519905,0.002218060674644029,-0.0012349066025878486,0.001446182614770919,0.001478881332015014,0.0005121417465163702,-0.0016558257103254093,-0.0009217153050293803,-0.0006090104191169843,0.00025597296606783004,-0.0002705539606235874,0.0009416877444730076
2024-12-16 19:30:00,0.004937678630762221,0.005984588920036948,-0.0004190959449354992,0.0043925153650850035,0.003515332521926595,0.0023265122635516278,0.002331928472929512,-0.0005072776220869102,0.00039516564138519783,-0.00025597296606783004,-0.002710090814593613,0.0011620879998366362
2024-12-16 20:30:00,0.005303470975150049,-0.0031013936449522106,0.0013751722158561464,-0.00011072489519392548,0.0003864245147360279,-0.007933986740921384,-0.00121802686973016,0.0005072776220869102,-0.0013505178324875189,-0.0001429348057095936,0.00013570499308102058,-0.00016600225715102113
2024-12-17 14:30:00,0.0202812689255909,-0.03366908379712896,0.0048876972084714865,0.0001771269287278443,-0.01740833061310809,-0.010463377884382119,-0.010120710257663923,-0.00898439415272545,-0.005867914682220032,-0.004481702044411229,-0.01586244138613324,0.0039195541472585305
2024-12-17 15:30:00,-0.0022980422855152227,0.010677804601247232,0.0011093015488574665,0.004031310106449304,0.009343778732478825,0.010463377884382119,0.0003159040559594928,-0.003821991660457158,0.001937785088949262,-0.0008778062197567493,-0.00013787491864114543,-0.00011022245146730114
2024-12-17 16:30:00,-0.004985088627999623,0.016911748139624372,0.002669184678154579,0.0016300558714847924,0.0002924950994911413,-0.0038345137621016434,-0.0014748589990496441,-0.002524868219327736,0.00024809274413506444,0.0012879530604514855,0.003715128399668366,0.0012666153557798765
2024-12-17 17:30:00,0.010072871461554556,-0.011235211123123534,-0.0003752356341166774,-0.0013765233068827598,0.0031679853542785352,-0.00043415339348573667,-0.0012658892549239908,0.0029917719225469597,-0.0005376626005935137,0.001601927656679436,0.0009952762644909185,-0.0018729299017179457
2024-12-17 18:30:00,0.0023779896627909025,0.001353415110775913,0.0002764681753895104,0.0,0.001551392758707415,-0.0019842528903275536,0.0017717708792508446,-4.672329730581737e-05,-0.0008941858810551651,0.0006094262293157016,0.0038003224389173695,0.0010360377820424205
2024-12-17 19:30:00,0.004644785849889921,-0.004436992326144917,-0.0012645910010906647,0.00041866895625108924,-0.005267265637995955,-0.002545050335709398,0.00218930821619967,0.0051679730956060155,-0.0009694695756259364,-0.0004906841914431581,0.002184545230426771,-0.0017530043818219099
2024-12-17 20:30:00,0.005242440446822982,0.007895302839420637,0.0023698203839224163,0.001232931780013935,0.0010384005433401455,0.0007267345833925631,0.0024362671427589078,0.0032453872663289474,0.0019049699922772945,-0.0011878052076310652,-0.00027276828285138777,0.0005515519154748461
2024-12-18 14:30:00,-0.010559041731572627,0.03921849351060214,-0.0016187483580152318,-0.009084476116984597,-0.0018485984418612489,0.005497778940554809,-0.0011334003697944794,0.0006773896034220073,0.0019179830714159962,-0.0027084241872232795,0.007746178195529474,-0.008028152441516667
2024-12-18 15:30:00,0.011381854131292002,-0.002316762987575771,0.0009873813190584002,0.003867094345337385,-0.002333089778687736,-0.0027250172377737414,-0.0027759257283701544,0.005782027379638066,0.000379809692494959,0.0005340247175551482,0.0058041640752311,0.0028310242136084796
2024-12-18 16:30:00,-0.0041418420960299684,0.0026951116364264394,0.0012426634396094371,-0.0011840360704526987,-0.001977775008151106,8.852688179583623e-05,0.0025108853844413304,-0.0012885357298904054,8.253509522404556e-05,0.0007804956308303801,-0.0032354502769509352,-0.00038805792219687163
2024-12-18 17:30:00,-0.006222634201550115,0.002724560660918307,0.00029606578001395434,-8.082842380563449e-05,0.00010874358154744357,0.006826027896725151,-0.0029742254730358297,-0.0031547486928911184,-0.0007721053327935934,-0.0007393852314159233,-0.0012159204177635274,0.00033265446298536006
2024-12-18 18:30:00,-0.012859964550187009,-0.015675446700415208,-0.0049790725644021094,-0.007231322673810325,-0.007549246958179268,-0.009840741336754277,-0.00991415135879059,-0.0020161325602785496,-0.008516668229046509,-0.006799561149148481,-0.0058301337799493425,-0.0043934833660728145
2024-12-18 19:30:00,-0.0692298317777631,-0.021900844661730368,-0.010152383799287179,-0.01141920050654388,-0.017923032464587152,-0.01745159842807542,-0.008027748668038015,-0.0024098121617077695,-0.0116325246211062,-0.00913854065973485,-0.005795973476066862,-0.00536627246826793
2024-12-18 20:30:00,0.005228041356227564,-0.017406434837758056,-0.008196740317861106,-0.013516049077303194,-0.01635081723243026,-0.018204998533691175,-0.011911109883770976,-0.012748000155524686,-0.011598900369833132,-0.0014197870015912883,-0.002122181628708475,-0.0014452808905804915
2024-12-19 14:30:00,-0.004440380768703456,0.0116634733588441,0.00815674549214851,0.008721120548910832,0.016846032870014405,0.0109660341328226,0.015572334656375197,0.005202855223430447,0.0040851536200703364,-0.001170376319835853,0.006965843029443697,-0.015195041338089688
2024-12-19 15:30:00,0.0066418528029457136,0.022250241646454505,0.004591443649147209,0.0027169284665555793,0.004472908187587166,0.005742652664910253,0.00415876925635672,-0.007932205493121458,0.0035438503504359176,0.0009196237899038451,-0.006965843029443697,0.0028418797861400336
2024-12-19 16:30:00,-0.04111963592945678,-0.011577152831346638,-0.0018340241158369963,-0.0054366798728811006,-0.0030692697407515013,-0.010886042684671082,-0.008056006146742511,-0.0014619455903046585,-0.004716615955565828,0.0002507525299320079,-0.0020580583423051024,-0.003283699726599032
2024-12-19 17:30:00,0.024814001907863314,0.000931898911571416,0.000997188005387173,0.0005511850183657074,0.0016472043277708792,0.005531091378234265,0.00408955524966359,-0.002078549416061115,0.0027512586510400894,4.176472211003812e-05,0.0008456762871178469,-0.0017234508930474846
2024-12-19 18:30:00,-0.003663261823079189,0.0022813493555338127,-0.0012366514184769528,-0.00016933897994242386,-0.001869484103469432,-0.0015799230725948021,-0.0024174600512107958,-0.0008241813544138665,-0.0006786631735522519,0.001753499843220041,0.0003897087831932211,0.006818307986432792
2024-12-19 19:30:00,0.015059801356609448,-0.003571893371677959,-0.0007787133088985598,-0.0033347128900906853,0.00017823559856644522,-0.003136513734946611,0.0006209833830181921,-0.0013535722239570447,-0.0010527664070529852,0.00020855895606697317,-0.00329758275205716,-0.0035721573512006444
2024-12-19 20:30:00,-0.006376319574711964,-0.006849436697654809,-0.0018992991837505357,-0.003391600356700941,-0.00540460346897742,-0.010058052077111412,-0.00227160277589622,-9.481147295353765e-05,-0.004239261796006311,-0.0006675163541416396,-0.0005506733862006286,-0.001137855444306446
2024-12-20 14:30:00,-0.004043425066367234,0.013490655317742295,-0.0010211530848511785,-0.006391932929751931,-0.0015911780503667927,0.003136298862107978,0.013235328018565973,-0.002420191052141085,0.0014576494512148486,0.010998509503250986,-0.0019296957574459483,0.005449643002904736
2024-12-20 15:30:00,0.014977385907293694,0.01098696034151736,0.0095498168494208,0.013572664473138651,0.006327336182592624,0.0028579216557034215,0.00675238830355962,0.005260055261851804,0.009096384895954657,-0.0004954806939654333,0.005229091907431815,0.0038422915485538667
2024-12-20 16:30:00,0.005123511349721888,0.007994914535930597,0.00690099173020986,0.00701679221651208,0.007925201822307493,0.0052017344339301275,0.004804276547613284,-0.0004727750482453885,0.005507493080449066,0.0008256438323774873,0.0032885459244118564,0.0015214508634144863
2024-12-20 17:30:00,0.0005414042740730096,-0.009639169134219472,-0.0034149143457886666,-0.008585318568308686,-0.008816613275450358,-0.009650926715575991,-0.0051198284444611275,-0.002414462105701176,-0.005794503382688276,-0.00012423131887562278,0.0019133447568959738,-0.0035526248166872776
2024-12-20 18:30:00,-0.01292065966720024,0.009230217254534878,0.002962764465290313,-0.00032990475037397715,0.005070095538076913,0.0014740947283895522,0.003087624175622139,0.001044143264212316,0.0018749498346126714,0.0007429542203141182,-0.0032137963070795195,-0.0007812651690946026
2024-12-20 19:30:00,-0.00654831811337786,-0.007736157516696096,-0.0005138716416732692,-0.006014683232296036,-0.003688882244963665,-0.0030510952028182103,-0.0009962230411639794,0.00137031884148886,-0.0025484334342662507,-8.249524783909834e-05,0.0019842539940295723,0.00010173618986364374
2024-12-20 20:30:00,-0.03343382778924742,0.007960722990234537,0.004329997478328629,0.00043491260520944763,0.0034695396108395116,-0.020439142879356886,-0.002007239945895911,0.0013231208137494122,-0.0014544027862974929,-0.0015683259749650347,-0.0010942666990807481,-0.0011315886160501165
2024-12-23 14:30:00,0.010230376255869977,0.009145883324165993,-0.002044545240690532,-0.007373137382812978,-0.001777514126876767,0.0078008834672544936,-0.008364696379125292,-0.004259122934942461,-0.0027283049686577243,-0.004927454193899727,-0.00824518166119681,-0.006360738764736418
2024-12-23 15:30:00,0.016410355976304913,0.007751859148844353,0.0029868149269400845,-0.00013832927666879158,0.004659337204393488,0.012790220901685245,-0.00014850781075459452,-0.0009489322510090048,0.0022999724504524366,0.0004565003649945609,-0.0026252511299489356,0.0007973084680319431
2024-12-23 16:30:00,-0.0029808432509508265,0.00487002652863211,-0.0015709431011750041,0.0006453964169548243,0.0016212317842860813,0.005548935957273571,0.006702593868610052,0.0032700790991331274,0.0024908700375601,0.0007880158717190611,0.0016270468561128126,-0.0019362805693532437
2024-12-23 17:30:00,0.006339891513761131,0.004340642871512479,-0.0020064706879932004,0.0030025219793285984,-0.0033049792630315267,-0.0006849636482808563,0.0020209502193164752,0.001654607833827093,0.001973424702129023,-0.0009955017173481906,0.0008601771403888847,0.00011287650734637111
2024-12-23 18:30:00,0.0006804496636023671,0.005901897869897255,0.0014757536505607405,0.0010218132993218276,0.002723584760714104,0.0012648792217788696,-0.003623805631982613,-0.001961274559218573,0.000943938361613661,-0.00037354503599562605,0.004406502579509031,-0.0018049393958516902
2024-12-23 19:30:00,-0.013659730446885732,-0.0020833206134769355,0.00017693697660892127,-0.0036845353017680438,-0.004321315487776367,-0.0026858394057382995,0.001522786492898831,0.0005431553981383175,-0.0009349883571108109,0.0002979986074711505,0.002058905769138697,0.0005494394531151414
2024-12-23 20:30:00,0.007961979533713581,0.004269609690223497,0.0038065433280785044,0.002513377791529159,-0.00022212225945761332,0.0036821053233788703,0.0042858200913160616,0.0055663521546645,0.0024830502054662418,-7.472630856319995e-06,0.0015071676406703816,-0.000571147812983952
2024-12-24 14:30:00,0.04158229825142801,0.008308094437491143,0.007006120977165686,0.004699174977990772,0.012625987315398213,0.010344112952194173,0.0108528462154025,0.005441952078045098,0.00573352807260008,0.0002597994607196341,0.012438743923341988,-0.004696230619257058
2024-12-24 15:30:00,0.006938402641166519,0.004074241132745016,0.0007309059750300051,0.0005944439344069963,0.001978304040898493,7.722380524821659e-05,0.0012654751171901069,-0.0008425365969255694,0.0017537067123756245,0.0012746540416719299,-0.00046259018199013013,0.0006312623209563384
2024-12-24 16:30:00,0.006238598524281436,-0.004469170607636741,0.0002603155382923106,0.002282949654381028,5.9523175291786856e-05,-0.0024027706156717343,0.00300156867409207,0.0007021750178433095,0.0015175716681703477,0.0013664891102136423,-0.002438038726434222,0.004636116111284672
2024-12-24 18:00:00,0.020247662014930334,-0.005016604358631049,0.002871304359752358,0.0017429780001103623,0.002667020763472472,0.005474397079042959,0.0008264967703173198,-0.0023893092402555993,0.0014317993659016537,0.0002069020497916796,0.0003389922590271155,0.0036479714906345606
2024-12-26 14:30:00,-0.0066479011045581515,-0.009614125576573151,0.0010114988978573436,-0.0025169860720621884,-0.004941773851861342,-0.006852012181094658,-0.0019018764100646735,-0.0011262918044030457,-0.0012154091704204006,0.00626911348856396,0.0002711524523180131,-0.0067935475301181825
2024-12-26 15:30:00,-0.014594544328751624,0.004674710264533921,0.002006023461126105,0.0013667445217464547,-0.0036090214505621887,-0.004137875757819209,0.0009608848554272242,0.0012669891280516765,0.0008992258909765738,-0.0009049452312313022,-0.002102994469439068,0.004344073633055778
2024-12-26 16:30:00,-0.0010883499597040824,0.004082198895575928,0.00040543567210704623,0.0004643430130553128,0.001957819444422526,0.0007169993459763546,0.002453247080687504,-0.001793045522677339,0.00113111554650569,-0.0017710846291709714,-0.002856160948904396,-0.00091300241497283
2024-12-26 17:30:00,0.0027289679568465175,0.001998195492344479,-0.000641465495959892,0.00036712194740928794,0.0018662385223384703,0.0019204197027367087,0.0010041979964787728,-0.0008696030342427719,0.00026591723008717594,0.002552682153286412,-0.00238632944894146,0.0023378694161282354
2024-12-26 18:30:00,-0.0071051078758817,-0.0016415957580271368,-0.000846132967664559,-0.0003530100748090348,-0.001163301742986178,0.00031188710061336167,-0.0021447905216875895,-0.002368002485785503,-0.0012805218766729354,-0.0004010165415015976,6.822421688390534e-05,0.0011952726925867907
2024-12-26 19:30:00,0.010940834105346298,0.0012492214416139902,0.0019701354867329712,0.0012748079493469788,0.0013167848954989125,0.002830563406511999,0.0012379429114446339,0.001789450097254175,0.0014799387604575998,0.0004421132205036926,-0.001913083243551661,-0.00028440129422424576
2024-12-26 20:30:00,-0.007896547640701357,-0.001963857042778905,-3.851430197254757e-05,-0.0032813867138932196,-0.003911488517793771,-0.0025986844616596727,0.0025124113620735855,0.0017863253490002506,-0.00093098638154121,-0.00045240746775210283,0.00013680005493288405,-0.0009108713983625449
2024-12-27 14:30:00,-0.044964535509461,-0.03085286983123403,-0.01598976087880466,-0.022575570117739474,-0.025375405843615972,-0.020294653022101095,-0.008178191801457402,0.007020200183697867,-0.01342901946516939,-0.007183542680348154,0.008985710914794609,-0.0010257447862809244
2024-12-27 15:30:00,0.011728179021688767,0.00898274580151881,-0.0010202063389872507,0.0031351122215097504,0.005540229875847125,0.006972325407939017,0.0010362910212968757,-0.0001865358487131985,0.0022041399790158067,0.0015731957479268033,0.003652906302578529,-0.0020545642629601346
2024-12-27 16:30:00,-0.012669885654082336,-0.00853972674372283,-0.00413054254866374,-0.006640575373887181,-0.0028112964472324364,-0.00793386831312759,-0.003864161585544146,-0.006551919512958193,-0.0050401946899629735,-0.001241837476251284,-0.0037884825351248708,-0.0024034604346852007
2024-12-27 17:30:00,-0.002133761176812854,0.0019134442471093749,0.004993834172929645,0.0033536973246199864,0.0022046813626381834,0.004172956061191613,0.0007936602753400024,0.0007040865563148202,0.0017058940250844756,0.0004969579672371438,0.005272871247986366,-0.0015037669144630783
2024-12-27 18:30:00,-0.006881747101985525,0.001994134413981108,0.00025492903326718164,0.0036010350721316087,0.0013699142524581376,0.0037356935488830345,0.00340189534152735,0.002015481116873552,0.002410419515959994,0.0005380031384980555,0.0009434557140703959,0.0005882739604974319
2024-12-27 19:30:00,0.0015579732811765723,0.003935546091330622,0.0006076179613563326,-0.0014286337401605564,0.0023759846808317775,0.0014602013787481383,-0.0017409976734850119,-0.002531734128401908,-0.0005388024757380094,-0.0020282267356881434,-0.005132438037342091,-0.0012044778481437035
2024-12-27 20:30:00,0.0030987869246867916,0.0027126283014053953,0.0021531181463556592,0.003473920705271638,0.0025043506540258775,0.006136345004434496,0.0012024819164393463,9.38319194530024e-05,0.002254621031466897,0.0009104679585298925,0.00013542937252442044,-0.0002870027409329623
2024-12-30 14:30:00,-0.030947751454060146,-0.003140354351460317,-0.018948944740941442,-0.01742514989766164,-0.02381981655429577,-0.01895628054276699,-0.013901552289744323,-0.008390333597987798,-0.017325941338635076,-0.004920738424991633,0.014116024158534302,0.009995799523433213
2024-12-30 15:30:00,0.007094618449455581,0.006197559214061954,0.0038980031974711338,0.004549463084132732,0.007927534843321205,0.004962284763508684,0.006331085217503585,9.468581811766796e-05,0.005491283412820458,-0.002479922109883681,-0.003610893484762734,-0.002048135307918919
2024-12-30 16:30:00,-0.0005932535400781092,0.010558336136798907,0.004554950591338702,0.0031700356137127628,0.004708417332405901,0.007723438945872019,0.0024604209430254542,0.00491034286880776,0.004158101460888908,0.0023754283276931076,0.007541194092872239,-0.00034174960134514265
2024-12-30 17:30:00,0.0018974340765947062,0.003805143445847037,-0.0009093076824839841,-0.0010086746798743107,0.001128540947619605,-0.0025360041363624575,0.0012208981500165805,-0.0014139750838610965,0.0002540569014293226,0.0009158704714060661,-0.0036633940056578496,0.0007972630881587506
2024-12-30 18:30:00,0.004237353785218723,-0.003869903744952552,0.00046027709396589955,0.0011493258219195113,0.0016228675056249031,-0.0005803949569287425,-9.693393896181846e-05,0.000188611988675369,-0.0004233951078624898,-0.00030367328745750655,-0.0028065381914110787,0.000227722377704076
2024-12-30 19:30:00,-0.008630274132158888,-0.002961717959404808,-0.0008559178073808127,-0.0010905999526844568,0.0007024506843711364,-0.00314303709280761,-0.0012697687616478603,0.0006599698135225651,-0.0012712619678563186,0.0015092043376983,0.003073373573736937,-0.0007401570530634061
2024-12-30 20:30:00,-0.007044750207196415,-0.008622176151885874,-0.0023770160461973333,-0.0030906533524186486,-0.0043123449107502765,-0.00250123577793282,-0.0027322656145818414,-0.0034460615720073307,-0.002258381990543512,-0.0002493469237894175,-0.0016022852695636303,0.00028474730867422693
2024-12-31 14:30:00,0.012012963110668906,0.0004365363684568635,-0.001716118529422772,0.000894108137211802,0.0008562803449416734,-0.000580093071871346,0.0053740409482179174,0.012891460202922644,0.002292232899446134,0.0041054423581758925,0.006659587582920956,0.0033923022694777316
2024-12-31 15:30:00,-0.02278276493816911,-0.017316454373797363,-0.002019242317731873,-0.0040503350836109675,-0.003617652791325199,-0.0018680875352954374,-0.0037671047943916847,0.0011486616686360307,-0.004521618416376327,0.002149667091479124,0.002651426018810632,-0.006129124708688316
2024-12-31 16:30:00,-0.00029094284058306386,-0.00044416315344086854,-0.0018477900143114567,-0.0027223729254552964,0.00011827282677678852,-0.001043758387022642,-0.0017740064466025274,0.0003728977771206843,-0.0018098663288439454,0.0006666881080219511,-0.0003972559085463345,-0.0005710499618230003
2024-12-31 17:30:00,-0.0030578332157551458,-0.004601539853222647,-0.0041018362125626595,-0.0009475610268045997,-0.0036754075059723945,-0.0031123557874730423,0.0005638220823280804,9.231376273977077e-05,-0.0015008339971425144,0.00024139474144924122,0.002249100253556513,-0.0011431664177727896
2024-12-31 18:30:00,-0.013352468921357108,-0.002308677790915148,0.0003203533042226425,0.00021327410435301175,0.0011243922506842807,-0.0008009606963694793,0.0001044190905421516,0.004001118784917601,-0.0001196757529324799,-0.0004952557716277894,-0.002911611742097975,0.001999662667045321
2024-12-31 19:30:00,0.00908993970873695,0.009952597232760318,0.003996054994855669,0.0027685762991698226,0.005533087957988236,0.006558816427983949,0.0027100597927631753,-0.0008507797059067457,0.00390745848531715,-0.0005780560574164539,0.0017876939216803223,-0.001085077323232042
2024-12-31 20:30:00,-0.014852921389219453,-0.00868589182669588,-0.0015567831698168888,-0.004497485586992589,-0.00860051484774349,-0.008350375710699076,-0.0008330776859377664,0.00010775160062248546,-0.002079869585894123,-2.060827497896156e-05,-0.0007279265245925259,-0.0017728840889015274
2025-01-02 14:30:00,-0.05946675440763283,0.01983330798156402,-0.018706129192796794,0.004497485586992589,0.017458751635052394,0.022985426968898715,0.006148479064516543,0.008695729675428865,0.003100948580717855,0.00949568329559547,0.02264647272449949,0.006845417373281926
2025-01-02 15:30:00,0.005737321172475163,0.006848298996801283,-0.0034440894410607825,-0.004048903746961763,-0.001220469374929145,-0.0014947928940776123,0.001917815985454041,-0.007024727527320529,-0.0005103572299738346,0.0030025476779691473,0.0009056174113712956,-0.004672594263647412
2025-01-02 16:30:00,-0.01010249273277175,-0.006629321804305199,-0.006005872045001581,-0.00747786252553162,-0.009786655253187782,-0.005438727215863359,-0.004488917670366632,-0.0002782947261010804,-0.005187806875210477,-0.00020398168966284658,0.0016796599678539081,-0.003776849480206401
2025-01-02 17:30:00,-0.0025648191351033134,-0.0046828030633720985,-0.0030544294859886634,-0.005056471784757655,-0.005950359660639393,-0.003324770608176486,-0.002785914861568095,-0.006142374156320685,-0.0036508673664163993,-0.00044888132077058884,-0.004139717399425535,0.004233689539544727
2025-01-02 18:30:00,-0.0012787727078560351,0.006813265555262404,-0.0008153752937518632,0.0020160724923803386,0.0015932908737745777,0.004479517222275575,0.001248400333919264,0.0017720921649164723,0.0015786076744328525,0.0002844581030077009,-0.003051066836921912,-0.001256790893035209
2025-01-02 19:30:00,0.006151584497792406,0.004453166413055598,0.003058109144850718,0.002681789563351522,0.0018849401927401033,0.001105621120756517,0.0035704798385518544,0.0017690283796483186,0.0020380078237911547,0.0016727914686436307,0.0013644332599058728,0.0008570345752563213
2025-01-02 20:30:00,-0.001384140172070225,0.0026431015488590504,0.0024182811570749863,0.0011949145793312965,-6.719876545169257e-05,0.004614780863830603,-0.005526984609864449,-0.0015826300142389726,0.00017114319992117544,-0.00012221204563456212,-0.0011694143748925967,0.00017131880929888155
2025-01-03 14:30:00,0.01506082626293015,0.034351835419668575,-0.005594383232870648,0.005312028651355938,0.009475960356442492,0.0002836759966537983,0.004282656629446713,0.007241015396854955,0.006224431026284449,-0.006498955435748854,0.007641090938212081,0.0007421005827579208
2025-01-03 15:30:00,0.02873803058954305,0.002424494028338664,0.004240001534076221,0.0011468326177563881,0.005574776010298876,-0.0012939510849019342,0.0021758482316460714,-0.0013421663429511455,0.0023942520397204348,-0.0004101804926754937,0.0020620710026282296,-0.0011418610803897167
2025-01-03 16:30:00,-0.005228761194615572,0.0015337418984140427,-0.0029584945844636223,-0.0007905483522083756,0.0017427418963276153,0.0070441045940086155,-0.0008490710860868944,0.000972095883820856,0.0008730726969030655,0.00018458326687120774,0.0049446514616269255,0.0007994483491833293
2025-01-03 17:30:00,0.012738335424107738,0.0056563055273990415,0.0009851702593159928,0.003757132497190341,-0.0008486609530420353,0.00415396225579201,0.0004971432381513097,0.001063539581233286,0.0022849195297007796,-0.00014352008859930265,-0.0010895573408129522,-0.001199455922227699
2025-01-03 18:30:00,0.014642230380482957,-0.0008605926153588683,-0.0014000839999885883,0.002020909086732914,0.0020311002455279947,-0.0004379448293807542,0.00028982821641676537,0.00110862173824966,0.0010222762624225723,-4.106317827190509e-05,-0.002182682567545946,-0.0010291765812615594
2025-01-03 19:30:00,0.009244097212130598,-0.0003532834199564405,0.0007415057720967511,-0.0020090676245612116,-0.0018746994861951194,-0.00235812992807638,0.004502729291466778,-0.0017872711307189704,-0.0002871260286987365,-0.0006976430862160043,0.0016695213614701387,-0.001832383273453253
2025-01-03 20:30:00,0.005223307327847593,0.0018690186483265592,0.0018512684080498332,0.0016311925070331412,0.0016740141406454967,0.0014652057248589756,0.002716625133998285,-0.0021445798680410633,-0.0001182765956802001,-0.0004516829778626885,-0.0003850193071297525,0.00040115362806858457
2025-01-06 14:30:00,0.013468804939120282,0.046889446501162446,0.009205342580841602,0.021726342149843703,0.016894397685894624,0.013262434812921775,0.0009039041712233242,0.013534260356768968,0.011807870631638906,0.0004106520979849648,0.00945449561320899,-0.0061489566954273656
2025-01-06 15:30:00,-0.01266571659293092,0.002357062088154116,0.004834567992776151,-0.00178942213338118,0.0017531368940968406,0.016855278592194267,0.004302856941796662,-0.00302241232446665,0.001032974128612807,-0.0002668984145977049,-0.008812911723985017,0.0033377589959426857
2025-01-06 16:30:00,-0.004583597029210296,-0.0038199548665502903,-0.003939016286649277,-0.0034909020515447864,-0.003826149369628773,-0.0012559960109443935,-0.0021491454152577916,-0.004182226410525125,-0.001567450981225349,-0.0005134471942556118,-0.0021832433202932933,0.0021406527254175245
2025-01-06 17:30:00,-0.006300062117889027,0.0024114145134781495,-0.003015509573431885,-0.005510403305532208,-0.0024098647552541763,-0.0017566854846853275,-0.003468774299419053,-0.0007832392964335355,-0.0019732984999505376,-0.00024653829202403443,-0.008197588652904209,-0.00237044637112227
2025-01-06 18:30:00,-0.006389473860314965,-0.009140076725964619,-0.00020408992670262194,-0.002336796496963167,-0.0030442874766327677,-0.00035915957047549796,-0.0051534819081924255,-0.003601675589345099,-0.003420764070153126,-0.0008621705039972838,0.004074937886858976,-0.001322624544855877
2025-01-06 19:30:00,0.008477556937708464,0.0015291255795535363,-0.00034699242023350507,-0.0009044168495666582,0.0028227080012994676,0.006438185396350882,-0.0017375404838109176,-0.0012960508572126272,-0.0004956009493559677,-4.2365449457015814e-05,-0.001033348489611008,0.00011509938440656953
2025-01-06 20:30:00,0.0086738992200317,-0.00676518490726874,0.0004286458454609843,0.003393074902128035,0.002905202693590958,0.00862873842936196,-0.0022384078775612437,-0.001761576764637951,0.0005796636462349625,0.00026734298324626593,-0.0010343187048604818,5.75886171336748e-05
2025-01-07 14:30:00,-0.03374632932172883,-0.03901010274757866,0.0015860915194654268,0.002601304995049958,-0.015095143673366174,-0.024753754200710354,0.010567683726427468,0.017842787535987448,-0.003027838861788368,0.0062925021114725865,0.011064059515756952,-0.009537972992887944
2025-01-07 15:30:00,0.0034915048990562525,-0.007142073936975635,-0.0066191267436011,-0.0072376876161968084,-0.0009594089742108736,0.00913102885302397,0.0052831433574889175,-0.004018956942682728,-0.0008257961563469252,-0.00024527062942958366,-0.002049227898943684,-0.002325952631142769
2025-01-07 16:30:00,-0.011550875282990702,-0.009413950796894888,-0.005677178619875711,-0.005884370472703182,-0.004766133564702457,-0.004660334476099592,-0.0007506311180867087,0.0016460936630329215,-0.00420703023156932,0.0015112645160328952,0.0011531340889812114,0.0022097568078125462
2025-01-07 17:30:00,0.010748204140329953,0.011850710841178724,0.0031531692137711786,0.001368352301745368,0.002191202518734059,0.006076271814586143,0.0009956691307406729,0.00018270116932495029,0.0028067211686435556,-0.0015112645160328952,0.0040895561688785165,0.00017309228613981986
2025-01-07 18:30:00,-0.012042760361294036,-0.010359164214895245,-0.002872697125042123,0.0006834027478666016,-0.00030889938548472884,-0.00030454478306030097,-0.003723042658815068,-0.00164579269967291,-0.0019774449878680045,-0.0013292990528510629,-0.0028097235870072623,-0.0013936536705623226
2025-01-07 19:30:00,-0.00672798515092321,-0.007334866804233897,-0.0018494438705394245,-0.005598983009676317,-0.0064301542279849855,-0.010535003336827664,-0.005878654370794045,-0.004585901879009313,-0.00556428099406947,0.0002660136982761685,-0.00019185097902418846,0.0005232801676013921
2025-01-07 20:30:00,0.008960651044602308,-0.0034553467537339344,0.0007435272366693724,0.000946985097074915,0.0007725821708168823,0.004852312725258656,0.002840862634855945,0.0,0.0015128193315119276,0.0008589407735115628,-0.000191887792884593,-0.0012214132758883167
2025-01-08 14:30:00,0.0015953331013234262,0.003348663561743237,0.0009075297976464114,0.008062310178293508,-0.006324030348551446,-0.010276533358157813,-0.010580787245858758,-0.014911141133663541,-0.0038206390440640448,0.005422664606149041,-0.0011521983653377532,-0.0015318470885610225
2025-01-08 15:30:00,-0.002229102917882919,-0.00398395853120892,0.0012372607240411782,-0.0027508709197636705,0.0038443597693440523,-0.0030388243090353484,0.006460977448948135,-0.0017744091572104992,0.002783980513999751,0.0006910693856978511,-0.01030011772190953,0.0003088512222069184
2025-01-08 16:30:00,-0.014997522160247634,-0.013669998521510074,-0.005536337028329896,-0.006945954917802588,-0.004388259337838818,-0.005453732940071454,-0.0011359043648155875,0.0027350790145339587,-0.004225781143774476,-0.0012645319384212428,-0.001683793633463715,-0.0008721077404709732
2025-01-08 17:30:00,0.026025941774681094,0.01786731205661063,0.004051981827166706,0.005768070705426176,0.01059836333507036,0.010905173419312852,0.002620994428791157,-0.005637072024923917,0.005924699384057597,-0.0025216102540355223,-0.0007780775664087969,0.0029676938640958994
2025-01-08 18:30:00,0.002312206929925509,0.0006399004668207198,0.0018344708749120642,0.0019486815200835395,0.001971956143775877,0.0028161712244187953,0.0012565083342064298,-0.0010317555908061493,0.001969882313685112,0.001466921506196428,0.0014260792888762808,-0.00256187878928138
2025-01-08 19:30:00,-0.008420439988195305,-0.005066507313097546,-0.0016942018553240956,-0.0019701182916431748,-0.007054181104309443,-0.006791740681777014,0.0004733033692199129,0.0011255182934952757,-0.0020037619536248386,-0.0001218142771319819,0.0016827038029187946,0.0018940561006690615
2025-01-08 20:30:00,-0.0032478937064830404,0.00043630959494489474,0.0013852641337992466,0.0011051930237302443,0.0019370168864183412,0.0007529564239261433,0.00012343907041856284,0.0022471719707741755,0.0005599546216403795,0.0013433003457867798,-0.0003880574290775485,0.0013653470907764031
2025-01-10 14:30:00,-0.012495462567758686,-0.028304072242168132,-0.02205672364690514,-0.01622467557956231,-0.01772977690397326,0.005713275336882262,-0.008263144254628152,0.0052239408351368866,-0.012857521941073813,0.011687523078077966,0.04552560652027715,-0.0033176717047807003
2025-01-10 15:30:00,-0.0050206271825326,-0.003909991301993543,-0.015514052700290826,-0.0007780219326463111,-0.0024077606906951488,0.0008537263157526453,-0.0059502628236201005,-0.012451612456382932,-0.0034947817740844656,-0.002374948608069971,-0.014946061438459779,-0.0022191304449439286
2025-01-10 16:30:00,0.008538978240568262,0.004047270437590456,0.007670396013699232,0.00177069326226853,-0.000413329684798569,-0.0015131146250819683,0.0001272917572405774,0.006479151441176612,0.00024143370904372574,0.00233476403264099,0.007251772277008683,-0.0003494782852735412
2025-01-10 17:30:00,0.014933980543296421,0.0026402700660907996,0.006537138386306651,0.008996416427666354,0.010139961187737967,0.022284017246597898,0.005449534518899846,-0.000561722325088887,0.005570645163868626,-0.0024153874094361427,-0.0016208127310273213,-0.001111222974410353
2025-01-10 18:30:00,-0.004034642339618699,-0.0021262850815535472,-0.0012026867761392168,-0.0009244287948844132,0.0003819022768558611,-0.007113521247612553,-0.003179980849615127,-0.00356504039158434,-0.0010979460843598687,-0.0005644226449295076,0.005103049917553726,-0.00017555979150785106
2025-01-10 19:30:00,-0.004558631983396566,-0.004340082563838443,-0.003531994235983049,-0.0035874496143630807,-0.0047961762650583495,-0.009089236929749056,-0.0024803357128355685,-0.003012047549884933,-0.003878098814934283,0.0010882662399200882,-0.000248376860397137,-0.000702547540861076
2025-01-10 20:30:00,0.0022818749866013732,0.0015469541453061453,0.003954110275203426,-0.0030033864477703176,-0.00022841309077037408,-0.002674813208248139,0.0013764129504467704,0.00423308046570714,0.00031882604986321894,0.00024166253616275668,0.0009309533255894564,0.0011706682652690148
2025-01-13 14:30:00,-0.02284931130420187,-0.0383386622250983,-0.0280345672524156,-0.01095740864521133,-0.006508402142570979,-0.0256820562540776,0.010737397180609953,0.0182166612634731,-0.007799113632349197,-0.009712780403710042,0.015083222940937446,-0.0023427980744941124
2025-01-13 15:30:00,0.00563263428234162,0.00674661321678105,0.0014964109123161151,-0.0020172902736916853,-0.001979278177200783,0.005737745625678414,0.0006595641630946503,0.005896521529209053,0.0016825021877115987,0.0008130577969494013,0.0068201160038050546,-0.001232091323090323
2025-01-13 16:30:00,0.01989764698248031,0.007530434074213055,0.006889211557576047,0.0017518047263980208,0.0039105288407608185,0.0013486888388110074,-0.0021451445087974363,-0.004743161585493816,0.002146761209186998,-0.0022524777271044627,-0.0005463097689952789,0.0021370628117143298
2025-01-13 17:30:00,-0.0021492216296223887,-0.0008674913615047686,0.0045522841372616085,0.0018692010405541026,0.004896929137292894,0.003072770277126935,0.0024747635277124758,0.0036429953653929203,0.0025734981986120786,-0.00039225640011864016,0.0038181002364430228,0.0007356079605793653
2025-01-13 18:30:00,-0.0033467927894363925,-0.001661578288940646,0.000770945662205591,0.0025750127089887442,-0.0032479006752401673,0.0009706599675363137,0.00201608654380081,0.005032681374225412,0.001017261488914123,-0.0004886244132586981,-0.0021799729781939448,-0.0005117943327554997
2025-01-13 19:30:00,-0.0030523035923337716,-0.0007879612307091222,0.0005325046599153893,0.00012013552886269707,0.0013736405532718265,-0.0012031305776556422,0.001847114028013408,-0.005491488112354226,-0.0003619789209157176,0.0004886244132586981,-0.0010578335077440215,-0.00019100713957342919
2025-01-13 20:30:00,0.02719035622904986,0.007905752112667308,0.003057534041730925,0.0026639863622159865,-0.0003661243474724074,0.0025691674303622847,0.001928455351652758,0.0027952847373553524,0.0024792590415563254,0.0009773405243578281,-0.0017346572554490791,0.0005856872994112194
2025-01-14 14:30:00,0.0225361296176807,-0.00511669985212837,0.00514886662495595,-0.0007670552819414311,0.008023724465293647,-0.017038069382012466,0.0047397475186565785,-0.009332751853541765,0.002764765575275163,0.0032926429225001996,-0.009405757087397326,-0.004106763938162672
2025-01-14 15:30:00,-0.011932615290136894,-0.011983058751478204,-0.005959720822600545,-0.0028105581712205563,-0.007520346765231167,-0.005585031504518945,-0.002469257457995866,0.0006464394640124382,-0.003934746261393229,0.0003637920389962801,0.002206698179161748,0.0012866154165971366
2025-01-14 16:30:00,-0.006444257259423658,0.0011369388302959749,-0.0037858590939423564,-0.0016851196613361097,-0.005456799668718482,-0.003860157963759825,-0.0003882870571514374,9.233451342804955e-05,-0.0019645609234366646,-0.0005881489824224317,0.002934678752778197,-0.0016664977366032119
2025-01-14 17:30:00,0.009618531515902085,0.004003270018510641,0.0029751293129312018,0.002791021572990715,0.005067819674289709,0.0063470198464647964,0.001797102460406208,0.0037775512124298416,0.003959667141799628,-0.00043387476290668303,-0.005632426709836658,0.0002846112715584326
2025-01-14 18:30:00,0.003098099162444967,0.00037208220514273194,0.0010186019211761987,0.0019202785095435715,0.002993290382814706,0.0014757757178305297,0.003482851907973483,0.0024799486644448976,0.00175091198531252,0.0015490955114216831,-0.0008598943173874218,0.0009179741851612633
2025-01-14 19:30:00,-0.029750647658048912,-0.006927205950083781,-0.004122310290521902,-0.01217213431069375,-0.010195498596882402,-0.010677144853904252,0.0005285181238177117,0.0005502344057566333,-0.004383199307534724,0.00033552326577446223,0.0013509440952841345,0.0012327422593338966
2025-01-14 20:30:00,-0.00506031779025129,0.008027578037325789,-6.429572845423337e-05,0.009001628374278425,0.003924472895626252,0.006815443573880309,0.004764194806789135,0.005622723976637545,0.0029243014917552657,0.0008797037174153033,0.002267892157786555,0.0006451459836291917
2025-01-15 14:30:00,0.05238935441530401,0.017666242706557256,0.019695480366959117,0.022820288281333312,0.024157120199324922,0.03655208224141493,0.009245595840400966,0.010384913189544598,0.017267081731191958,0.0018604310930436796,0.014406200739333741,0.018587878468638408
2025-01-15 15:30:00,-0.0011263585407252918,0.0014140194320662047,-0.0021855108616266605,0.0023721411107509027,-0.006227163454816775,0.0009804254588781092,0.007103311289331948,0.002523194780283511,-0.002213946761981944,0.00045245748365108085,0.005656887274871458,-0.003632219537915482
2025-01-15 16:30:00,0.006580296913559103,0.0036499251120503118,-0.001183477680325673,-0.0025014603334945207,-0.0009476196629591982,-0.005377279340740948,0.004427223515012457,-0.0031098726648259856,0.00016904012151197634,0.002976303293468874,-0.0018019288652872945,0.0010390987802102458
2025-01-15 17:30:00,0.002341723846141619,0.004758794552493839,0.0017279907353300317,0.0010577448112947252,0.002930149088399503,0.010653889334519384,-0.002777106179949307,0.003964526875675389,0.0019436107485395482,0.001247550548478138,0.0038401547544575365,-0.00023078819377353454
2025-01-15 18:30:00,0.007051287848796939,0.0030589032583243636,0.0001267363418469003,0.002158926282938012,0.0012595538122841532,-9.769013984239905e-05,0.0023812460122760726,0.002918240761394131,0.0014003327125378107,-8.04580006139588e-05,0.0045411751251602794,0.0008652912099389454
2025-01-15 19:30:00,0.007183474053258365,0.0009345772004811792,0.00025714897075701515,0.0027622862641356605,0.00306126696246789,-0.00073598330657898,0.002572496127912771,-0.0015253999943833918,0.0009943240421721455,0.0005629474295956172,0.005469681555113404,-0.0007499344818988618
2025-01-15 20:30:00,0.0032047072020491285,0.000976949956340789,0.0009624370790337622,-0.0035361306362320377,0.0009765773632270935,-0.005180169598419937,-0.002731440553401576,0.0011666795517468742,-0.0015676899265528732,0.00040193764657114883,0.00011850959810377759,0.0011535395923312208
2025-01-16 14:30:00,-0.02996475103305407,0.007315321739684855,-0.021383245445303345,-0.0002932912511965924,-0.0009760986497839852,-0.009579961596871911,0.012957246731999383,-0.004855259745844442,-0.0008054289993557617,0.007645709616467933,-0.01637709350884542,-0.00122618636206262
2025-01-16 15:30:00,4.567911553099435e-05,-0.01438867459107307,-0.00963741595989731,0.0021917309770840276,0.0037706143246332147,0.004475579800590879,-0.007087952343383996,-0.0018042129476540936,0.001817295670793584,7.970736812978885e-05,-0.008837335657488232,0.0039890714343169265
2025-01-16 16:30:00,-0.007497502536423006,0.0024054072550656613,0.0014517351290574965,0.0006792635826995408,-0.006501981268772106,0.0010099450310194769,-0.0015972978244374048,0.0025259084374491536,0.0007074512595872662,0.0013548439987669525,0.008716777154213595,0.0018939543985005969
2025-01-16 17:30:00,-0.0014678561521526134,-0.009678248116415489,-0.00751995773970382,-0.0023665954479010765,-0.0050619426474805,-0.0021282580994261835,-0.0028459689752278194,0.0005393332656886685,-0.0025631855812422444,-0.0016239883365107843,-0.0027762191064324426,-0.0009023661600808808
2025-01-16 18:30:00,0.0006257164933698434,0.006422098363143114,-6.544735952296321e-05,0.0016123695901635315,-0.0006099448077723224,0.002893140841954356,0.002688038431210238,0.0008998210438413423,0.00034610071628904393,-0.0007680954861646327,0.0026556460670530413,0.0026746856045090084
2025-01-16 19:30:00,0.003391913986258821,0.0005556551030849732,-0.0006547759128423536,-0.0006628995846975627,0.000564799442272168,-0.001302339232499783,-0.00024676369778209306,0.0003569444618127804,-0.0002955021564412519,9.975911045589925e-05,-0.000723559606081281,-0.0018286114037842083
2025-01-16 20:30:00,4.870897956976705e-06,-0.01220513426647507,-0.003433410278539384,-0.00520383956548276,-0.0033029959596966307,-0.004080838838678602,0.0041474226573354755,0.0008115177822247688,-0.0009965723933582638,1.9974987418791557e-05,0.0006030640140046728,-0.0010332531282895019
2025-01-17 14:30:00,0.03603695438356347,0.023603644506108523,0.00935406771955627,0.010881805771724373,0.014309135278062435,-0.00628435205085065,-0.003782238828522466,0.010455375898069441,0.008867041484636573,-0.0007585988193801185,-0.0049556354404769465,0.0046997863395956685
2025-01-17 15:30:00,0.01190527403743058,0.010035009998015987,0.003882901630540836,0.0016529115514831716,0.006856631032720273,0.012691953405385092,0.00015791184444502449,-0.0007113757624797046,0.003010771911243104,0.0007187093467093675,0.00012118660278837012,-0.0029048031757286097
2025-01-17 16:30:00,0.005957038050962815,-0.0011640105990116112,-0.004429528732747379,0.0017547137953952685,-0.0025323427698422663,-0.0023104566463789666,0.009466411646958939,0.0025764599152822143,0.0003526302276517512,-0.0011980953906389757,0.0006055280654333473,-0.0002454160472682432
2025-01-17 17:30:00,0.0016153079727194708,0.0021104900853412545,-0.001517227665791765,0.0030923952883856742,0.0037766724854311207,0.003049687815208202,0.0016918349342009975,-0.003733653345406651,8.1515304339419e-05,-0.0011995325452236472,-0.0009690394749757303,0.0013180650288919793
2025-01-17 18:30:00,0.003015266615794765,-0.0012303108089053438,-0.003180254884359357,-0.004364787925904778,0.00010812062661624822,-0.004239521050647177,0.007821362309188729,-0.004194760297762556,-0.0009737269840526253,-0.0006002757418244187,-0.0006062078307467189,-0.002405969965091792
2025-01-17 19:30:00,-0.022267598614204687,-0.0029371703701910334,0.001134278038866121,0.00042449992255999547,0.0004208761668165195,0.0012061388390387506,0.00888646673141924,0.005707670942562082,-0.0005800790257612931,-0.0015624665521336567,0.0014542264549755046,0.0008011161940491007
2025-01-17 20:30:00,-0.005378465755881301,0.0003267663013462041,0.002393886522678912,-0.0032006731000659983,0.0007526872304994825,-0.0015323964082929464,-0.004886485694057363,-0.0011567137060461974,-0.0009199813467235529,-0.0006818336404696979,-0.0003633352963099412,0.0
2025-01-21 14:30:00,-0.033632368726236095,0.005694969412503248,-0.03639371827034843,-0.0010263884800858492,0.010741441549378727,0.002850977315262959,0.0047175670517614066,-0.007955343762795941,0.0046831724998455115,0.012598796769463405,-0.02068493557385942,0.008226281273411296
2025-01-21 15:30:00,0.006538110838580913,0.0033398218234390598,-0.0075246937937105685,-0.001074144156093304,0.005240630959309378,-0.004647249241844342,0.005699679876388863,0.003583283615967936,0.000707745328229592,0.001894007049444646,0.004319109259864895,8.646012713420248e-05
2025-01-21 16:30:00,0.002201988833264501,0.0025158832152634147,0.0011451338368893005,0.0012841632647582202,0.007896227770081587,0.011828160146312605,-0.0020593779810527124,0.0010277991116858232,0.0013306960979297955,0.0013890362572928083,-0.0016020368536322493,-0.0009971759956810544
2025-01-21 17:30:00,0.006839427370088913,0.016016248764428198,0.00020418213408035513,0.0018649478757222226,-0.0014270617657201612,-0.0032274582315041656,0.005410533108442195,-0.0008042568499950775,0.0016775205587569175,-0.00021718851958407726,-0.0046978067072878105,-0.000626587757450281
2025-01-21 18:30:00,-0.0017202559554601038,-0.0021184109089809056,0.00545184347471217,-0.00023287504823521488,-0.0006931491114494648,-0.001070085765367601,0.0034474504191290833,-0.0040760784848625775,-0.0003652100264153191,-0.0004938515523074116,0.002598933621444033,0.0009681816961073508
2025-01-21 19:30:00,0.00564017648860915,0.0021212130637078275,0.00018051962022624934,-0.000489384901597667,-0.0008227181185072041,0.001450979160760646,-0.0032018208766926293,0.0003590101888786279,0.000564322467671019,-0.00047436807478717924,0.0020988730858437776,0.000227722377704076
2025-01-21 20:30:00,0.00848950789251024,-0.005311439067208212,0.004546840144325159,-0.001002699687235875,-8.670743597161135e-05,-0.001475236097763677,0.0008782471633974609,0.0005830569328040269,0.00034830078676240106,0.0005534175968815447,0.000123259628308503,0.001137574449167289
2025-01-22 14:30:00,-0.0015338911395579302,0.03864500594261777,-0.004632138832811883,0.02566979252096413,0.019169214926368916,0.017176350810318652,-0.0032733857993081372,-0.0013910283122342548,0.006249965471424979,0.0042191346326712065,-0.004573212627378531,-0.002504426349092981
2025-01-22 15:30:00,-0.001973195248494264,-0.002557607014402663,0.005529062357777725,0.0062903485160417105,-0.002234944809853978,0.006318256305823944,-0.0028634171896575467,0.0005387429418579615,0.0008855078965073204,0.0011797675310640798,0.000123903821116933,-0.0018824444706631027
2025-01-22 16:30:00,-0.005684181166860647,0.005152878238239289,-0.0013236795285260783,0.00500395764051742,-0.0012789296581585674,-4.748575730406657e-05,0.0012992010610997085,-0.0016619599685299136,0.0005144932972624972,-7.862387472901133e-05,0.004695970618083578,-0.002006110048969667
2025-01-22 17:30:00,0.002614322548867065,-0.0010859482919389762,-0.0020207541586305666,-0.001046046348449181,-0.0058637972588577725,-0.00543404545960513,0.004989621624623908,-0.0022051278274073383,-0.000796471527697129,0.0005108548060910323,-0.005377489841412952,0.0012064333633405866
2025-01-22 18:30:00,-0.007552739375073614,0.005239291790277711,0.0028336681173755096,0.0028431260539125702,0.001029668841580289,-0.0030716158866539445,-0.0024346277871485356,-0.004063068867074193,-0.00026566506468572726,-0.0011792574085101037,-0.0031658970653465346,0.00045704885756858715
2025-01-22 19:30:00,-0.0011344786173941301,-0.002119338900976153,0.0027079564224248287,-0.00029182119925064143,0.0010298515937323671,-0.00017578390448047543,0.0027765007010494003,-0.0024094764401745294,0.00035413738306200315,0.00015728669030323772,0.000880000436100481,0.00039969201504952423
2025-01-22 20:30:00,-0.006138452255108895,-0.0001231710284210763,0.0018786826030101622,0.0016375489910336327,0.006658827469848916,-0.0034905608277711053,-0.0015965239243760365,-0.006679016647866298,-0.0012855279201771097,0.00039319849903218795,-0.0007556344262988901,-0.0008567408726181114
2025-01-23 14:30:00,-0.0017118750333402488,-0.01197291407410006,0.009783494772060308,-0.006723959792717338,-0.003068407433793219,0.006905299436694712,0.007843799651071848,0.012610731048956936,-0.0010066191466577834,-0.005281832494617333,0.005950226370983636,-0.008723679584322852
2025-01-23 15:30:00,-0.0026822683355414156,0.0029209351666388272,-0.003524361277699839,0.0008658401035823715,0.0005547348617112036,0.0008010103926947565,-0.0012085783089581525,-0.008874419600462424,0.0029343420731722247,0.0028617568867801424,-0.015569847356020183,0.002763131984560907
2025-01-23 16:30:00,-0.005824113448501755,-0.002301596396735661,-0.0071532943401724225,-0.0010240286202041204,-0.004982073825742006,0.0009073344586694176,9.456691179465793e-06,0.0014542452303780706,-0.0005598624599087998,0.0014761753673369071,0.0022569624098593977,-0.0032820372872794934
2025-01-23 17:30:00,0.003644053256801172,0.003604678980051901,-8.948055112778519e-05,3.3816017383614394e-05,0.0015421880767716445,0.002266096681886154,0.002613535660322519,0.0012707580177435673,0.0013413969162767714,0.0007277021950509166,-0.0035131628356861455,0.0008070990314026361
2025-01-23 18:30:00,-0.0036196917800186412,0.004683208146994744,-0.0033605945809069837,0.0026929974552158953,-0.0002782847201174832,0.0005709974690670805,-0.00043350417236354133,-9.066545822555838e-05,-0.0005347156873458658,-0.00015731885504344234,0.00037698750615966503,0.000518486772225657
2025-01-23 19:30:00,-0.0009862226868460056,-0.0007500535713669265,0.0003590101888786279,0.001798898582821451,0.0039314531239220685,0.0032454260573748783,0.0007915096201012162,-0.0023615100059535266,0.0007156007538497988,-0.0010819823219501146,-0.004659603202779472,0.0005183059235900345
2025-01-23 20:30:00,0.004581641012785909,0.00490331436400826,0.0034487706490731185,0.0035660516497646455,0.003958515759034498,0.0058153939973752955,0.001994914647512225,0.0013630927929533243,0.0026523987438018537,0.00019682753361749405,-0.0003787485507480426,-0.00017279736442255
2025-01-24 14:30:00,0.005272351519204577,-0.00784313583368057,-0.004122046207227115,-0.006666903851814787,-0.0037240029108982498,0.00740526539552544,-0.0023906486607705446,-0.011691824947803298,-0.0005906951223222379,0.011466236466040947,0.0026382391182604437,0.0018385357637207278
2025-01-24 15:30:00,-0.0025116226826638055,-0.0058369683559647,0.0001346776807551464,0.005759846599672436,-0.0004904314554403655,0.004587519332710066,-0.001856899139850654,0.002385998584645499,0.0008854615490889728,-0.003390937744986111,0.00101716174951072,0.001724950871635933
2025-01-24 16:30:00,-0.005115759201704151,-0.0052825189158713926,-0.002157091141921086,-0.00331047601318879,-0.0027768100283367403,0.005629363609765292,0.0003291924289667847,-0.00041253393078566347,-0.0007541546814957556,-7.816465579324472e-05,-0.002015160115625747,0.0002868380942935289
2025-01-24 17:30:00,-0.0028967595203397423,-0.0072613759868449534,-0.0005399834373331913,-0.001980298754956422,0.0009620888442221087,0.0018455114329087863,-0.0006041978391779779,-0.005563135789065754,-0.0016175478868145632,-0.00101562338750405,-0.0008828870468047256,-0.00040161388394110986
2025-01-24 18:30:00,-0.005524555064882364,-0.0075596763753225105,0.0009447797506352273,-0.003407180375545771,-0.002760411646043792,-0.006199068764686011,-0.0014741696277909,0.004048983619641788,-0.001669604004068681,-0.0002540969265796278,0.004280998048186824,0.000458936625738815
2025-01-24 19:30:00,-0.002700065653122863,-0.0019349782083208922,-0.00022482085454988976,0.0005649015620337039,0.0006426714643366083,0.0013171893960732817,-0.000491911699993075,-0.0006430544993873966,-0.0005928124530338863,0.000469014906738785,0.0015066261485268129,-0.00020077526978212745
2025-01-24 20:30:00,-0.0007745469940365624,0.003972800998540471,0.00211177522828887,0.0029323962663099223,0.005807765296257372,0.002752865655230252,0.00223048441055429,-0.0014713634275329568,0.0014156139838314985,-0.0008404943364741513,-0.0015066261485268129,0.0005448176999420795
2025-01-27 14:30:00,-0.010534115977792524,-0.1395228709000218,0.02000724914221852,-0.029323497875746618,-0.01199415962352024,0.005160369827732936,-0.0041246396069034574,0.007152701356574198,-0.014798133595822272,-0.010220640524749136,-0.006049114057045557,0.009131475917376619
2025-01-27 15:30:00,-0.0074729970686258085,-0.04014024563411844,0.0052722553209409995,-0.008735714637494674,-4.313717470960654e-05,0.010317643214536432,-0.0006069020914543088,-0.001188616211369009,-0.004165575887386197,-0.0007114335311193543,-0.011441791841025228,0.0018730420740462606
2025-01-27 16:30:00,-0.0053368303596545985,0.005106541597847958,0.006961422745269452,-4.676996116881327e-05,0.000861601705567594,-0.006483870548317228,0.0027281057602790426,0.0020106132196922033,0.0019093169460262516,-0.001998773234521245,-0.006647748870975079,-0.0013618880195647165
2025-01-27 17:30:00,-0.008093232025915498,-0.015865016995347148,0.005331544137275657,0.004750278554134901,-0.00043070805809897195,-0.004033538930976022,-0.0016283595585111499,0.0020065787645462407,-0.002554962555700868,0.0003367302664951666,0.001391714373492725,0.0017587021789342572
2025-01-27 18:30:00,0.006342271990493309,0.007858755200066625,0.0030646034375747533,0.011564959845223655,0.01011495257509587,0.005180810505834188,0.004009376499660711,0.003365653260844148,0.004827932151468595,0.0010291921738536658,0.0029518820746226027,-0.0014180779063002191
2025-01-27 19:30:00,-0.004955991423086559,-0.00866502900152799,-0.005835231393652052,-0.00020719058182461225,-0.007361791616523838,-0.0034763896915084302,-0.0004908715846019263,0.0018598222779599993,-0.002624444330053599,0.0003168375713649141,0.00012817500177764174,0.003343421640206401
2025-01-27 20:30:00,0.006468256334295042,0.006178896073937068,-0.0032130210534795367,0.000575446840644922,0.01136231802495491,0.012728696064606915,0.004258631537893187,-0.0012243568380672087,0.003291928850438275,0.000750858400440535,-0.0011539711328358848,-0.0007923447907831616
2025-01-28 14:30:00,-0.010150597437656117,0.027136628724997003,0.03293850497597983,0.01755222975212245,0.019624389901120587,0.009039866447401401,-0.0016372221563161204,-0.009712156496251012,0.005075516300718341,0.005474640891370619,0.004863138401719702,-0.0056779622662253
2025-01-28 15:30:00,-0.012467668478086225,-0.008246109459898676,0.006041310695652946,-0.0005994009759113794,-0.0009834146310252478,0.010118670356303205,-1.885273519341979e-05,-0.00229357898709992,-0.0017278122686992248,0.0005147734236716772,-0.002556623900655808,-0.0002778976737483063
2025-01-28 16:30:00,0.013667852168681272,0.042552715384611695,-0.002219286859741487,0.005842618834642543,0.005073203006546123,0.00712220656235818,0.0011293872086817203,-0.004556890376846923,0.003817170638598988,7.858681135708423e-05,0.0015347585656106943,-0.000747526429281109
2025-01-28 17:30:00,0.0013007505871138747,0.0005553107657130241,0.0008137480706764677,0.0035475744972872647,-0.007201148997481255,0.006265754182366301,0.0007334756535994913,-0.0018008427233837665,0.0007612846563063158,0.0007461171040485937,-0.0040978376487688095,0.002934554976564918
2025-01-28 18:30:00,0.005859941222195353,0.005417965075681153,0.00031746794786169374,0.0015452382608911464,0.0006051702729497066,-0.004813514019406107,0.000582609117604882,-0.002267162263760447,-0.00023156808573965293,0.001529739615087955,0.009959208751212145,-0.0003728768279440686
2025-01-28 19:30:00,0.010191356617595737,0.006408932660469269,8.369557229048752e-05,-0.0005147913828746908,-0.0024665018103577907,-0.0014670091658492979,0.0009389848558791769,0.0029768527547950896,0.0017368671488737775,-0.00043123120705335083,0.001523457777001802,0.0015906313712106268
2025-01-28 20:30:00,-0.005785785962182821,0.010835342203954212,-0.0025152643529242624,0.0008727894774889222,-0.0029131904594938973,-0.005422240062101125,0.002811675974522032,-0.002143437534245507,-0.0009921405146187112,0.00035282305165562633,0.000634017174919066,0.0008511399585335866
2025-01-29 14:30:00,-0.01533934814086102,-0.03937658297658775,-0.00593600008681161,-0.011316076472434489,-0.0005878622413737489,-0.005728328342422984,0.010592069188041897,0.0011102114787551187,-0.002501114875610888,-0.00506924474430015,-0.007891031395780068,0.002645065084823983
2025-01-29 15:30:00,-0.0058198662078634555,-0.008246831991326253,-0.001327995928664727,0.0009692791734359218,-0.0012192413574414473,0.0016180143759028098,-0.0022783747572612256,0.002216661688609456,-0.0008626866991106041,0.0008663512339461832,0.0010216374124825123,-0.002304846445210451
2025-01-29 16:30:00,0.00125635313596284,0.0001365958783292598,0.0014926636375252045,0.0026446712465633126,0.0028794860532999067,0.006562437872977611,-0.0063688231402236894,-0.001662053073686387,0.000987081445196658,-0.00027560311332042176,-0.009877530922747901,-0.0017670743523892085
2025-01-29 17:30:00,-0.0006562272613761522,-0.011516630302221387,0.002365552726224962,-0.0013314156675621192,-0.003573203222914323,-0.0015402064972196428,-0.0034997203244753194,-0.0008320283115672567,-0.001236132155964853,0.0007084974310878067,-0.002064732043998596,0.00012149538475458854
2025-01-29 18:30:00,-0.01274499690288522,-0.0056082017157690345,-0.004157158618211199,-0.002112834433265931,-0.0038580092470343885,-0.004821140703642257,-0.0033536774396063507,-0.0007402094129549397,-0.004843063266794623,-0.003152599730524841,0.000645643742666735,-0.0033561642699604377
2025-01-29 19:30:00,0.01566642965426457,0.018356639482906445,0.01095709411527146,0.006562276239749032,0.005350827012422954,0.012881000104163931,0.004680121236395607,0.004156445745403303,0.006568223442032561,0.0042147354225674505,0.003865525357032773,0.0033561642699604377
2025-01-29 20:30:00,-0.00798293653912907,0.005344975756669257,0.0012541935005936367,-0.007184536456502855,-0.003915516351955972,-0.005203423202637225,-0.0017576881918879295,0.0015657916820526196,-0.0025722751436845215,-0.0007081051333113209,0.0005142827857413934,-0.00039755795762808077
2025-01-30 14:30:00,0.010510776841597291,-0.03484614133441433,-0.0037253318058025897,-0.062002359342416824,-0.007197308441092787,0.03871593946805163,0.0005250680631947446,0.0099357430320266,0.0013782739159360347,0.01260461678847058,0.006533807176646533,0.006455650507941613
2025-01-30 15:30:00,0.012632456775256706,-0.004318896842756992,-0.0012588774488966337,4.843244070507069e-05,-0.005880886553067732,-0.02151406441171755,0.004339551183610624,-0.0033771731800849025,0.0005474781488494784,0.0005629602972563319,-0.0023012067320182794,-0.003732423352843739
2025-01-30 16:30:00,0.005011144722020688,0.001974436432203852,-0.0005460210645997776,-0.0017969510960798019,0.0016654900530559402,0.0009647548001634476,0.0012683592002309396,-0.004352300727120451,-0.0009790296337630622,-0.00011645263029969044,-0.006291320415146018,0.0013928097445079501
2025-01-30 17:30:00,0.012146875257188938,0.0015496207240310866,0.0017629209263221313,0.002928162259255629,0.0015349223144278668,-0.0023312362597023295,0.003201020152467926,0.006042278160481196,0.002702331592047358,0.0013190424985731752,0.004369676163592295,0.0003167872858584886
2025-01-30 18:30:00,0.0003031752074544869,0.01643670718949064,0.003349398387143765,-0.0012275638962746527,0.0011921945488095886,-0.0023538598373455955,-0.0014689479327545385,0.0011859055694305454,0.0015827303877857801,-0.0012801839586993324,-0.0044985115659308406,0.0010401172341811815
2025-01-30 19:30:00,0.004734326528527788,0.016008828535789554,0.0013783676128911182,0.001824641010271577,0.00399836948510135,0.007251437945588357,0.0005766913643352467,-0.0021904315943643837,0.0022344740774782323,0.0012798290067612683,0.0015446360221753608,-0.0003729479873921804
2025-01-30 20:30:00,-0.013757553291679159,0.012040839877832,-0.008467185075303973,-0.002667958161929107,-0.005701921393194809,-0.005537851768272262,-0.002159730863013465,0.001278299972638841,-0.002212580802551045,0.0001558117889031152,-0.00012865311443377436,-0.001470640603817408
2025-01-31 14:30:00,0.035081016654628705,0.01016347793288741,0.014142682926709504,0.006073705076713232,0.014955754446364544,0.021542471947570085,0.005501709043262082,-0.01665399487937158,0.006573598135479308,0.0052318995233706644,-0.007618299357659453,0.0014141473342421662
2025-01-31 15:30:00,0.0005818135977504468,0.004459657242604109,-0.008312734301621383,-0.002981052864151401,0.0028933366954246864,-0.002798425587224429,-0.0010013872771637011,0.00983276188848592,0.00021366440038494972,-0.0012474965434678964,0.006717460269506148,0.0
2025-01-31 16:30:00,0.008254600122436173,-0.011425994777031434,0.0033048641962203362,0.005714838210272077,0.004157619113915878,-0.0007254599458823563,0.0003339071910568592,-0.011225469310493175,0.0007548758514621667,0.0004245637271012015,-0.009183264395450585,-0.0005088419813832346
2025-01-31 17:30:00,-0.006143424276300102,-0.009139068011863927,-0.013923979882451754,-0.002344300667140864,-0.0007925850308279081,-0.00700220311342914,-0.005076560639647454,-0.00018580787327948656,-0.004442072246252593,-0.0030248814775983845,0.007766004435498353,-0.002946325838084185
2025-01-31 18:30:00,-0.017933695134765948,-0.009385909435388307,-0.0054712518856119274,-0.0026753528837941687,-0.004663888587438159,-0.0024720508139104425,-0.0004847257704003738,-0.010603384405774463,-0.003827542661375638,0.0007070259027379677,-0.0024526548361256673,-0.0008501114237526863
2025-01-31 19:30:00,-0.01393986670607017,-0.023858501360135342,-0.003600158301573231,-0.0007071381733680937,-0.005528544615692077,-0.008631670264255042,-0.0021846916907408698,0.00229839212727434,-0.004744077205628194,-0.0012971675763147061,-0.0005171417612821472,-0.0064927863773611705
2025-01-31 20:30:00,0.004285159411183237,-0.0009154261048278656,0.006678775627272593,-0.0028155459044274522,0.0016428293893175905,0.003255566096261653,-0.0006918448073918171,0.000936578449022285,0.00021787604014722461,0.00145144935333974,0.009011350185250677,0.0027959591455708477
2025-02-03 14:30:00,-0.05074964154809258,-0.03597264200485739,-0.02838170452314337,-0.007972057950795808,-0.009812674694981816,0.00396075511911409,-0.0029972776663234058,-0.0014052325829183587,-0.009047087936616016,0.006784167465863078,-0.009011350185250677,0.0072466012428620274
2025-02-03 15:30:00,-0.000676351430664468,0.006689740369081321,-0.012465033163470807,0.00030359149862668744,0.007871765594961389,0.007508850066061612,0.00080640010157218,0.0027617044400658486,0.0024952748712259165,-0.000153707580132334,0.0033565034082476686,0.0015465516458306183
2025-02-03 16:30:00,-0.012779659491911843,-0.005567381066615695,-0.00022127085654943812,-0.0002671200707249355,0.005917207588628237,0.0018344841176585192,-0.0018786770361947092,-0.0052020520431295125,-0.0007863841971511576,-0.0006533155938939217,0.0005154093295240969,-0.003111319421262415
2025-02-03 17:30:00,0.0022661004714823463,0.0004305214282496195,0.0023389621797802462,0.0032495817127733417,-0.0012811465051552062,0.004941893584125445,0.004798819793050413,0.004173214789211954,0.0006609105761823386,-0.00019232264265234278,-0.0020631346362494085,-0.000680090229835173
2025-02-03 18:30:00,0.008342096484098782,0.014597919163231943,0.006895551143126788,0.0049028556188277506,-0.000991991099598799,-0.00014958584750957016,-0.000411244742284822,0.0021967615582871858,0.0028147229710890898,0.0011145816936855013,0.007843185154926324,-0.003521389320940038
2025-02-03 19:30:00,0.0018854632705451735,-0.0014877527628680554,0.00035050268178871136,-0.003560047260083188,0.0001541820604691324,-0.00443441074806028,-0.000898046036769351,0.00038841171688108744,-0.0015525368934348194,-0.0017684501706236588,-0.003142775830443867,0.0026705390100376647
2025-02-03 20:30:00,-0.0008596019238389374,-0.006918395191473969,-0.002497531643002482,-0.00624546609082266,-0.0023625217442901914,-0.0021493058102395324,-0.0007114731221369297,-0.00029501672663911904,-0.0015214528096860747,-3.8517616647304465e-05,-6.420522776906523e-05,0.0006239930589462261
2025-02-04 14:30:00,0.0008854174902062084,0.027644489071452227,0.010428803746914461,0.005265746776470515,0.016579700284230725,0.004722372408693332,0.0046527609776196854,0.021869327084824697,0.004807388574644911,0.009688197719875724,0.004358934310599416,-0.006485767807977716
2025-02-04 15:30:00,-0.0019149396821980247,0.0014997528597575638,0.0029474597094498733,-0.0001209904108083748,0.004173667666825587,0.00629037864911286,0.0024764098401410806,0.0033924378280243417,0.002428210652561269,-0.0008002438157141967,-0.006288090896534371,0.005588216846249772
2025-02-04 16:30:00,-0.001578993577102672,-0.018656013521264114,0.0031544901151105975,-0.005023141922645635,-0.005416997640162791,-0.0017749509571798328,-0.006529995896703333,-0.0005918977714767237,-0.0036945982431992874,0.00045756003538954815,-0.0029653004517617987,0.0010676554673896277
2025-02-04 17:30:00,0.01029013863726913,0.010128394799520102,0.0018965628159275383,0.0016893408298219725,0.00044986665290380756,0.0013279566873469761,0.0013654578779442872,-0.001412965674386868,0.002281633946171091,0.0004193237224834334,0.004380372527964305,0.0004931913828674084
2025-02-04 18:30:00,0.0018592888488617731,0.0018447514987363078,-0.00034456814428907023,0.0018023549226127145,0.003750470142559692,0.002926644722599292,0.0015130679398440705,0.0020959202665977728,0.0012136103613027416,-0.0005718592595735927,-0.0018013307424773473,0.0013761372747191913
2025-02-04 19:30:00,0.005840658329080206,-0.007107600039563344,0.0007277714162379212,-0.0013046425405178752,-0.0015704955951036936,-0.0031837071057427835,-0.0013260905867742423,-0.0006374329378475707,-0.0012884437466329501,-0.00018072247494949067,-0.0027080947506767927,0.0
2025-02-04 20:30:00,0.0066222774739248536,0.0018132706086060324,0.0020683240398646774,0.0008492511657998136,0.0013020263596876802,-0.0005451874257937916,0.0013260905867742423,0.0015473372426972887,0.0011140018032076426,0.001057338919764561,0.0009035133593826572,0.0006789453447400007
2025-02-05 14:30:00,-0.02922012847441291,0.030127987544426915,-0.014233701266740617,-0.0019421427916634926,-0.019940127838163235,0.012577054729828951,0.009029966326942862,-0.004375138977406046,-0.0018712813602075329,0.011137753608038814,-0.012528208591367829,0.014429895909079171
2025-02-05 15:30:00,0.0031440251093899363,0.007461265415840579,0.002567491314854564,0.002693715836499244,-0.006661119524720149,-0.017975166415507005,-0.003464850110295181,0.0020987891945667414,0.0010650049021236896,-0.00237625715892964,-0.006882359860216347,0.0010474669386342228
2025-02-05 16:30:00,7.846613477902054e-05,0.006543762412739795,0.002604307670599937,0.0010875890891952622,0.004549826183152916,0.005767380802281785,-0.0013930294562092271,-0.0020987891945667414,0.0020269341245953143,0.0010567986736402801,0.0011832508960916144,-0.0002116833135463736
2025-02-05 17:30:00,-0.004866233649513774,-0.006430961761274112,-0.003386884561761505,-0.0024941970617353704,0.0019406296678097235,-0.00036926911660373207,0.0007060531820020088,0.0001817452510817219,0.0001261165814225862,-0.0010001005771602678,-0.00039422799401034325,0.002557761932233227
2025-02-05 18:30:00,-0.0015171875682167268,0.0006902707683762443,0.003207816375366157,0.0023029031930956734,-0.0038426821464128125,-0.0006109803458294039,0.0014847585611486025,0.0006400265925634585,0.0011677219923775795,-0.001095695047763634,-0.002236966033169807,0.0006675194587586475
2025-02-05 19:30:00,-0.005429837793273329,0.00900056927443238,0.0049575921546516355,0.00015982045170570558,-0.0004341782550714157,0.0021368433124200337,0.0027780367270571205,0.00045629468488517233,0.0007621556914081395,-0.0006243092123474625,0.0028938929691397774,-0.0006664174344965801
2025-02-05 20:30:00,0.0008730495801447802,0.004129995491877203,0.002864843643068049,0.0005421499954527675,-0.0005393693037376579,-0.000120594695615317,0.0002958192722708475,0.002369256915235596,0.000695506110783839,-0.0008699512444030333,-0.0005255671808201967,-0.0013342535714597759
2025-02-06 14:30:00,-0.028427910191445527,0.010085432100493286,-0.00396558031637273,0.00905683455546935,0.004478996510933975,0.01576211587620957,0.009092147672267181,-0.005842092123101494,0.001306731710969622,-0.006553231391499104,0.0014446205835101367,0.0006673917285882069
2025-02-06 15:30:00,-0.004200661363967129,0.005045001776021962,-0.00010795217373260613,0.0014956355596487114,0.001600829708264584,0.0016602179552513974,0.0051169480921728905,-0.005738303722934823,0.0009748723830034223,0.002170850948806091,-0.002233439458485087,-0.0029507510377371204
2025-02-06 16:30:00,0.009543965877563565,0.006876018522479654,-0.0007993931789584963,-0.004004567288362182,-0.0003671338365469623,-0.010166801621148025,-0.0006855732294868133,-0.00466076733550036,-0.000644295551673224,1.903087806365278e-05,-0.005142747463707131,-0.0005020027239437397
2025-02-06 17:30:00,0.00601609414027493,0.002929135093167723,0.003710742100651032,0.00021631655536502592,0.0015660124635674677,0.003060162888186113,-0.002527656597455241,0.0036934624507907188,0.0007433733571113876,0.0002661622517123874,-0.0023825333175464536,0.004940371086267881
2025-02-06 18:30:00,-0.004488575090802804,-0.0032462224418585706,0.0029243244482026753,-0.00048580578027035415,0.003594492159241902,-0.007440277128669237,0.002502161126657576,-0.0018449907948276945,-0.001702317109179674,-0.00017101329362567697,0.0,-0.0026557816186549843
2025-02-06 19:30:00,-0.0020150403076453216,0.0033632977019113497,-0.0025368017286284683,-0.0024074184883753347,-0.004540855814161304,0.002260460113217455,0.004912942380439489,-0.00046181530308775365,0.00033906036795450234,0.0009689593410771025,-0.0014587975815913978,0.0001669520537284086
2025-02-06 20:30:00,0.013312586028860096,0.004361188828408302,0.0040386840777735245,0.002472577998953618,0.004670671884275279,0.004365271949786198,0.004870952521739191,0.001661439415987509,0.0026009520907983585,0.0007214415609233527,0.0011274211057124006,5.5701096383309334e-05
2025-02-07 14:30:00,-0.005357490549038779,0.0032972201929224454,-0.012208696873493352,-0.007966098115995024,-0.03873115076688016,0.005587049355975537,0.0016965414229588305,0.008997520661544023,-0.002901952024533472,0.00959478741348807,0.009302417010508712,-0.0084379799921388
2025-02-07 15:30:00,-0.008451451537460741,-0.0031806680241048824,-0.005811405039219508,-0.0030826871718323545,-0.0024521435772424383,-0.0018285530908830339,-0.0058960014335536215,-0.0031124518174596716,-0.004280822088675862,-0.004785828618634191,-0.006324075331107792,0.002130192431240907
2025-02-07 16:30:00,-0.0010254750667746393,-0.0036195679839590156,-0.002860994065863487,-0.0028237467271825523,-0.00034924622156751184,0.0056638502024499715,0.0034767216645024135,0.0031087560068039366,-0.0004991525058120061,-0.003784585974385024,0.0,-0.0011699150581216955
2025-02-07 17:30:00,0.0019008329729084394,0.00792271223048413,0.003925288567268481,0.0012909810425876245,0.0056600771536690075,0.004793756553060469,0.00162550995573163,0.0022860722215520823,0.0026792359259895093,0.0016290998463626138,0.0034304625763912355,-6.758088780145499e-06
2025-02-07 18:30:00,-0.015371370075419222,-0.00874182350667052,-0.00620721587568962,-0.005921879606537672,-0.006074961360215347,-0.008828203835644644,-0.0032537770075844463,-0.0014217640167988321,-0.004526907835391114,-0.000567975828628775,-0.0006587446323162993,0.0010086739367691777
2025-02-07 19:30:00,-0.005494352500043931,0.006367700520851116,0.0005264329151248859,0.0014440169312441853,-0.0001529095103292022,-0.0006640066825527313,0.00021724078651885748,-0.0032398423786244024,-0.00031519018217363026,-0.00041679782527381803,0.000461156751550007,-0.0007843982193715959
2025-02-07 20:30:00,-0.0010506661288021135,0.0070438396298095896,-0.0012727099295801736,0.0021621604252146653,0.0016151666756636374,-0.0011473930608172367,-0.0013041531868891454,-0.002247165617292879,0.0006160578691662977,0.00015159345739679253,-0.00019762692945413107,0.0006163707807624874
2025-02-10 14:30:00,-0.0016334569471778693,0.03443790554845272,0.009424462692889435,0.010753165354564054,0.01849583304531155,-0.0010024304110807236,-0.014275799139372936,0.011003940310296834,0.006569846837166438,0.016570307528908756,0.010095192349966808,0.001789758022733956
2025-02-10 15:30:00,-0.0004129054579609104,-0.006980617214836116,-0.0022045574815283686,0.0021603978622612985,-0.002014449884165437,0.007748811232901609,-0.006456038450668444,0.003897583018826367,-0.0006947378658797021,-0.0008574980889841655,0.0061770534353939865,-0.001901820496782669
2025-02-10 16:30:00,-0.006343862672775202,0.004142006246545371,-0.0038848360170335994,-0.007279808259845311,-0.005118631466509704,-0.006382420291628499,-0.0008597952919791041,0.0020685763424665993,-0.0011281973395353972,-0.0024272082004515028,0.0045917070494372325,-0.0022187024434527913
2025-02-10 17:30:00,0.0041221423984545424,0.00224322634536378,-3.0721898500729594e-06,0.0017577833553126254,0.0024550774331082437,0.0009372291568245927,0.0037424891871777888,-0.0003511950034962297,0.0017402704447349038,0.0026137427615839925,-0.002963497146524219,0.0003110313223162464
2025-02-10 18:30:00,-0.006383444305560815,0.0013762397437417917,0.0010057713373434751,-0.0017942207066230509,0.0024918877438651066,-0.0010212017203130586,0.0035361984722088735,9.025607791190993e-05,0.0008430819805305134,-0.0008954328120038824,0.0011551862306209415,-0.001234501561546253
2025-02-10 19:30:00,-0.007493232143971795,3.1988326305132375e-05,-0.00442562197410723,-0.0013721063804457145,0.002357342299842635,0.003311693952373851,-0.003085018079496571,-0.0005870859120635785,-0.0004958148136946505,-0.00037332428158443065,0.00019389703713912354,-0.0004497011338768786
2025-02-10 20:30:00,-0.012329494668158247,-0.007531360518198582,-0.0002196343388654043,0.0017360499914937932,-0.0019711673072349,0.00044632047904258343,-0.00041424058128836094,0.002842081724582002,-0.00016539352874733737,0.001902418769046399,0.0007106671693026811,0.0006744330202943516
2025-02-11 14:30:00,-0.019146651928368286,0.003252982355982148,0.024731170647696032,-2.4209429781762992e-05,-0.0018840378583275808,-0.0006416643137647782,-0.0023276195568708857,0.001710424353369433,-0.001058702122128885,-0.0036213708769707864,0.007848230986071236,-0.005634452725150396
2025-02-11 15:30:00,-0.019433209507108806,0.0001857835071614744,0.00559841452787424,-0.004011003649262435,-0.0057593077715285546,8.371129384787679e-05,0.003139162673054585,0.005113721223474421,0.000711478459466619,0.0030696413901551978,0.001792566323584488,0.0009036692375703481
2025-02-11 16:30:00,-0.007243760592464454,-0.00944875908126086,-0.0003311767418807676,-0.0006385791222287551,-0.001535202682202197,-0.00015346186404840978,0.0058456986526902455,0.00476092892418567,-0.00043015925946487954,-0.0005296052948180474,0.0021723626830985054,-0.00118624420707647
2025-02-11 17:30:00,-0.015759953217775013,0.0009211277989988886,-0.004389069300644977,-0.0007507104812365384,0.0036082301800419714,0.004080178658825595,0.0030745469746502607,-2.9421796137185652e-05,-0.0005807055007425177,-0.0003730432354362989,0.0011482296243050527,0.00023403328708582194
2025-02-11 18:30:00,0.008418179597778241,0.001524804185268458,-0.0007496142230127845,0.001413670662772759,-0.0007120033231773348,0.0008751466060203938,0.004223801543004946,-0.0016044241553778704,0.001245052094387411,-0.0009708377975377047,-0.0003825642965313847,-0.00040239176131429133
2025-02-11 19:30:00,-0.01841808618030427,0.0031250932633462014,-0.0011113043987682758,0.002652347188298876,0.00280182578419641,0.002759297383880366,0.001788108807057931,-0.005321908154185984,0.0009064540599297288,-0.0020944968561078525,0.0,-0.00017080241462963386
2025-02-11 20:30:00,0.006786355254493337,-0.004366202432864341,-0.001462991636144828,-0.00024393291150381913,0.002106896611645759,-0.003203727312340199,-0.0005086447820303874,0.0019263436912639875,-9.913019064455852e-05,0.0007861360006682361,-0.0015318198852893872,0.0001695948231930089
2025-02-12 14:30:00,0.02903185939195385,-0.011732510907324745,0.0035807766165154575,-0.006157881733945381,-0.012795710967920648,-0.0006114032360748922,-0.001764352106198075,-0.019797278812692554,-0.006257079206053895,-0.001834517192592422,-0.014799852597683127,-0.017506745996064055
2025-02-12 15:30:00,-0.0033185683761853824,-0.00534705276367653,0.00625173674169055,-0.0035476132474832056,-0.0010447286444374981,-0.0018921277461609876,-0.001366282201000324,-0.0063186115600952775,-0.0012895580047738164,0.0004870647255517113,0.0002593242511190752,0.003331049610663328
2025-02-12 16:30:00,0.018103509968373288,0.007285401862368701,0.0009353940712157893,0.004054092424748745,0.005017653880272199,0.00898356344361062,0.005780244596947703,-0.0021163717190315623,0.00519751463292728,0.00400458990742969,-0.007154541760794331,0.003319990547251628
2025-02-12 17:30:00,0.004561704362778585,-0.004570496150889447,0.0008071986581850155,0.002705054553209685,0.0004982421318491248,-0.00016545622781194425,-0.00038504230630032055,-0.0050768840887496225,-0.0003643829648618535,-0.0011620564019274582,-0.0005679834533864891,-0.0011436458890123902
2025-02-12 18:30:00,0.0,-0.0021792038945607217,0.0030953022764794724,-0.0021676019648335654,-0.000721430918581234,-0.0012994963688575112,-0.00041275736281232156,-0.0030584777561371013,-0.0008121497557596058,-0.002393180916500981,-0.0020463572283571096,-0.0011448679147445517
2025-02-12 19:30:00,0.0025624803832133836,0.00636959321078745,0.0010789216570064042,-0.003034812851020696,-0.0037280285102996302,0.003698457891326612,-0.0007984366616504701,-0.0008358078783201606,0.00039786179158518564,0.0016459768393319862,-0.0005237092940850729,-0.0002623153280403301
2025-02-12 20:30:00,-0.027424711148756664,-0.0033898782693633223,0.0017957058435964512,0.0018112020924592187,-0.004163456451411918,-0.0015160588275326958,-3.6232179131623354e-05,-0.00246493988398111,6.626119203279046e-05,0.0005604838941470902,-0.0006550475423532376,-0.00042521760471458947
2025-02-13 14:30:00,0.053441320403541326,0.02612887691237109,0.00417046957124434,-0.00239928374955678,0.0026343843570719727,-0.0016840338793286946,-0.002781493886052644,0.003579171621653998,0.004498009523056901,0.004918986233709788,-0.00328148890658575,0.01281375193097034
2025-02-13 15:30:00,-0.006146787479167415,0.008621171845362596,0.010870542873514744,0.0016409634098595305,-0.0038583694111764544,-0.0005251079919270651,0.00107354718450825,0.002873528322912655,0.0010059374707100943,0.0005574219916599787,0.0044602457430240605,0.0007421140370285073
2025-02-13 16:30:00,-0.007269324109778097,-0.005208262617431458,-0.0005615120313606781,-0.0008691397636724219,-0.002211303399678677,-0.0041552458484623855,-0.00010911225536247571,-0.0018996548310870054,-0.0002473140579155597,-0.0006689436860067843,0.00013090944185822906,0.0014058991960101963
2025-02-13 17:30:00,0.0006137360412532544,-0.003598799077446202,0.002846005799855611,-0.0005022682172954873,0.00024104529233337502,-0.001305625862199733,-0.0010554401316724693,0.0020837541300249285,-0.0005606574071199688,0.0005574841424458299,0.0003925257243588831,-0.0006213144132143356
2025-02-13 18:30:00,0.005222960028472556,0.004415484909337408,0.0030650348794472038,0.0038890131074609258,0.004428982540451543,0.006055034586198715,0.004359930272682,0.0009709722552129207,0.003425365675052916,0.003079215840403826,-0.0015711281695320878,0.003241253700360325
2025-02-13 19:30:00,0.007832944192207592,0.001781987241256111,-0.0009306533287434249,0.0025419707019809223,0.001971128257897803,0.005169095782303401,0.00260690706352662,-0.0009246704038359255,0.0021346727818327693,-7.404709726621661e-05,0.0009167664219305038,-0.00042021829020022494
2025-02-13 20:30:00,0.002840898564813621,-0.0008225644286197209,-0.00010348046900698904,-0.0004695625039170537,0.003152237357157084,0.0011377513488834978,-0.0008681773172511953,0.0001387515510318238,0.00018061205710662165,0.0011847736187347024,0.00026183602324270083,-0.0008455269477565253
2025-02-14 14:30:00,-0.010197024536425126,0.02012954142686052,0.011772107780317675,-0.010480528098218755,-0.011219182868708266,0.0018191189239837868,0.005342048329444182,0.007648061415753915,0.0009016711344633777,-0.009928550081594878,-0.005117206184026557,0.00853460702884501
2025-02-14 15:30:00,-0.0024660550776731682,-0.01034392221404623,-0.0017815907962068778,0.0038835457401980022,0.004118127540891692,0.00987629246569277,-0.0012968405994211452,0.001742512590928058,-0.00040975882825211585,-0.0024320214706259335,-0.0018433105321200571,0.0024011888298760553
2025-02-14 16:30:00,-0.006964897092993638,0.001171485257109417,-0.0005322554790474499,-0.0007376553853575274,-0.0019062123790618557,-0.004058076829302593,0.0011888439174398968,-0.0014671807660260328,-0.0010987539534887958,7.487924296523119e-05,0.001053765020905928,-0.004471961143197589
2025-02-14 17:30:00,0.006053164434805858,0.0043601111187046016,0.0007572229474295256,0.0007359342738864072,0.001643870622443977,0.0026596987114952952,-0.0013690417989629111,-0.001561263719902506,0.0010001907103038832,-0.0026254907540730343,-0.0015150737529863179,-0.0012894801300582515
2025-02-14 18:30:00,0.005424439091664901,0.003506405757207176,0.0006149779676682954,-0.0002452512518553718,0.0011582016007070095,0.002796209291116014,0.002070756944050345,-0.0028072481864462873,0.0003280728809453848,-0.0010146343049886042,-0.0005934672293612664,0.0011213962060265814
2025-02-14 19:30:00,0.007691857246661549,0.003947283331433127,-0.00020476310555395116,-0.002148386768223709,-0.001114495436773666,0.0015690308698177446,-0.0036041921425553625,-0.001152791005250009,-0.0007542580735675486,-0.00022065408362426098,-0.000659888519503049,-0.00039236275140464016
2025-02-14 20:30:00,9.32977647716271e-05,0.00357041331671315,0.0019235940520747619,0.003643357601612607,0.0,-0.003591187865882972,-0.0016079676418963018,-0.001385119784972133,4.925379007403308e-05,0.001160097660878101,0.0010555724702028257,-0.0003924311906624567
2025-02-18 14:30:00,-0.005517532779617085,0.012879421194485374,-0.001962538789715751,-0.0006852042399057012,-0.01537287935410081,-0.028308970231066155,0.004474406528618857,0.017404501721706822,-0.00011482916571292634,0.013949801920736249,0.011146905297623633,-0.004610238781337372
2025-02-18 15:30:00,0.0065145376910304975,0.003796308625307887,0.0026164869116209744,0.002129360727288976,-0.0010303349025067021,0.004222719973054012,0.001595529212716329,-0.0027280461442709125,0.001278594770702135,0.0007035173216891621,0.00195429055478602,-0.00157758586250889
2025-02-18 16:30:00,-0.005164091844335417,-0.008749600350737019,-0.0012266051863782934,-0.0014318996061719602,-0.0021560305138663693,-0.0036084144583092836,0.002321169752370622,0.004995723598161028,-0.0006145299924291692,0.0013315531593267593,-0.00045570268791017554,-0.0021476789744383495
2025-02-18 17:30:00,-0.008870570941499345,0.0013308852938660465,-0.004078982983707569,-0.0006589456480448064,-0.0016586161612810457,-0.009127631793801605,0.0019526663798608013,0.004610128000816616,-0.00023765149206145253,-0.000702580845442391,0.003765327225996984,-0.001017224486095536
2025-02-18 18:30:00,0.003920696083606678,-0.0041211811517163355,-0.0015622313623149253,-0.001559828553285847,0.0013364286172663498,-0.0020724429318415005,-0.0015044810687445676,-0.0014892118576099733,-0.0011008376949703802,0.0011590051093550713,-0.00012590307261728384,0.00016979639932568347
2025-02-18 19:30:00,0.0002551531276528962,-0.00017985288082833506,0.001911367173266676,0.0003926373986447018,0.0008343193568398632,-0.0007061377310195738,0.0005551385839961398,-0.0008131954851275935,0.0009204850620490035,0.00043029384254200664,-0.0009735123238767684,-0.0028906403367283673
2025-02-18 20:30:00,0.0036501449160519783,-0.0010029584173265604,0.003893514775580975,0.0050170027604306,0.0092187057883244,0.011627099176266142,0.0028802151580995528,-0.00448464209069499,0.002571302232804662,-0.0004062772826154415,-0.0003896704479915414,0.00017034557286255136
2025-02-19 14:30:00,0.025845897173638832,-0.0005740247662684439,-0.0021707414300919936,-0.0033990291159566866,-0.011804538004440701,-0.026095648290078266,-0.00426020942408023,0.015765382547002993,-0.002112277671434626,0.0005905356771913617,0.013036675197406034,0.0015911168025235511
2025-02-19 15:30:00,-0.009274416752344194,0.004427858452379141,0.0018667927448268173,0.005323707668908106,0.0022741399095487225,0.006271158942440458,0.0010578414337176767,-0.006276331514198041,0.0018341938360038057,-0.0029209104393617125,-0.0026967170611387203,-0.0010805137708205237
2025-02-19 16:30:00,0.012812128407692747,-0.0009529540768147271,0.0030815848919401034,9.940806852970496e-05,0.0004457302143592301,0.003539698325305096,0.0010029688168691209,-0.0021159320025185835,-0.00021273391322473856,0.00010555091598440924,-0.0030262149941551186,-0.0014190437781822496
2025-02-19 17:30:00,-0.004777090504195058,0.005882532486238823,-0.0017963797835633954,0.0026641246746867964,0.0006448699146179848,-0.0031552495179569817,0.000474952284307939,-0.004652741445123176,0.000997759765855477,-0.0026083573829565054,-0.0032943204393900416,-0.0006250212347840289
2025-02-19 18:30:00,-0.0008684632222646371,-0.00138601304429109,0.0007765117623623752,0.0057960915838393134,0.003220427190142594,0.0011097617964814788,0.0013493458310369633,-0.0008153641675958667,0.0018949374428389731,0.003206193599743834,0.0007760647199548387,0.004197103572725958
2025-02-19 19:30:00,-0.012338477189963726,-0.008047539958075056,-8.206060220583566e-05,0.0013099107288114809,0.0024361086370925378,-0.0029477436703260196,0.00028580923545984405,-0.0006346013272340301,-0.0011759378586457814,0.0019557197309181262,0.0010985264465608324,-0.0007360056137004634
2025-02-19 20:30:00,0.006931638163139908,-0.0005700147325065075,0.0,0.0007717342817610273,0.002783262138679632,0.0036300089980487726,-0.0022890922316500806,0.0003626885213279252,0.0013063020684471738,0.0004468166809186158,0.00025823778424349797,-0.0009633535163953155
2025-02-20 14:30:00,-0.023728849498124482,-0.00445835808286521,-0.0005514823346306486,0.0031049043241733187,-0.014262750033958937,-0.00432520877799103,-0.02651031132992987,0.007316161314288472,-0.006202979001207254,-1.475922881333247e-05,0.0049589814384578546,0.0038478582508059134
2025-02-20 15:30:00,0.005807151412033029,-0.00231548357449185,0.005645457025448941,0.004340664664218785,-0.0038110929602073185,-0.003749897927558976,-0.014869887193165177,0.0025166180271316563,-0.001396413132352059,0.0021905436598936845,0.003206981058212932,0.0010161329297675437
2025-02-20 16:30:00,-0.0008332595041498081,0.009212665970393275,0.0010127900844576487,-0.0006225646687134656,0.0004940184229065281,-0.0013474420875079218,0.0007275374840451931,0.005907964240258856,0.000870906372838931,-0.000427737789766347,0.003834792173766921,0.0002256193490941527
2025-02-20 17:30:00,-0.0012596107589386563,-0.000644973222835965,-0.0038021599625075453,-0.0002643949470808593,-0.0016626382202007406,-0.0032542523596434947,-0.006679365166246676,-0.000982989645983423,-0.0013642180947703864,-0.00042026974151188057,-0.000638062974303466,-0.00045137572431297457
2025-02-20 18:30:00,-0.0013433301171126288,0.002254933805472703,-0.0007744138829233194,0.00019256653059596118,0.0008540861535522026,0.0015673267689324533,0.0016880120095743578,0.0,0.0019882203728922576,-0.0010690187897077763,-0.007046381722012995,0.0007773621459241653
2025-02-20 19:30:00,0.00203770149489646,0.0006799507537724736,0.0014871007960834959,-0.00441553909859671,0.0006738502005223523,0.0004906339516805858,0.004375770213961516,0.0026762108376079397,0.0010993248741595352,-0.0003325564326068786,-0.000771672817633906,-0.0011160061589459147
2025-02-20 20:30:00,0.0019206667845672598,0.0015713254381912733,0.000976664419013673,0.0008173775154638463,0.0008079391622164422,-0.00210837922495255,-0.004150917079510208,-0.0017832991397490616,0.0009014494177419508,0.0004798733226536456,0.00038591084368189144,-0.00033875873164035397
2025-02-21 14:30:00,-0.016301261347508422,-0.006371952247082646,-0.0002847852153404773,-0.0068481767764723145,-0.015259188956199488,0.0034337105436881288,0.002507583595189544,-0.008604576854231993,-0.005964779316489199,-0.003993560551262654,-0.018563527917946132,0.008882960567129672
2025-02-21 15:30:00,-0.007369689901797649,-0.0002211853967901689,0.005437048213575046,0.0006047192347908847,-0.0010483897870567915,-0.00550103647587008,0.003917066140122216,0.0026071028735774604,0.0002966015906578079,0.002922766283745659,-0.0020985845738685782,-0.0003358761547200828
2025-02-21 16:30:00,-0.01513895868989934,-0.001496093849081781,0.000970638031211557,-0.0006531598351422474,-0.007484645617497954,-0.005799684628836843,-0.0024230461301506523,-0.0001795514349636207,-0.0020122594520568526,0.001365925887268915,0.00013122177811464297,0.0006716395345272019
2025-02-21 17:30:00,-0.002267237609287598,-0.013188912847451384,0.0002877764772524216,-0.0017921783564496252,-0.007287931583940477,-0.003916839318362619,-0.012355257839947065,-0.004139293951622491,-0.005894537829064461,0.0004795016516494499,-0.005133270863701966,0.004521975932154199
2025-02-21 18:30:00,-0.013219535409581873,-0.01301204597661254,-0.0038515012343411925,-0.00837375566039178,-0.005056468438001893,-0.0018202403221341257,-0.0061214056983693865,0.0011715159564458233,-0.0037435469285247436,-0.0001114129766204286,-0.003304477318415877,-5.567194960942601e-05
2025-02-21 19:30:00,0.0022426730673776873,-0.0021936830209901004,-0.002803237446521223,-7.333320181945879e-05,0.006860895021381097,-0.0021339519727936462,0.002790574298863646,-0.002434706482037363,0.0010829500003399772,-0.0017336763424964374,-0.0013248342521716694,-0.0006129362904392366
2025-02-21 20:30:00,0.0033682595059332243,-0.0061625602393755585,-0.0008547456273584331,-0.002251549890030624,0.000231491811375939,-0.0005264329151239977,0.001818108336990143,-0.0005419054430131354,-0.0009328939833848082,0.00033207664534806725,-0.0010611730893987925,-0.001171226332319364
2025-02-24 14:30:00,-0.0329478478992149,-0.01003011112334562,0.009160285172237437,-0.020670858070902298,-0.01327495677328816,-0.025907323696845452,-0.012567238931327829,-0.00022580595451682228,-0.0034224963865270297,0.00014774204041323458,0.0038413308991378514,0.0013941170765114919
2025-02-24 15:30:00,0.02192562608923332,0.008315593999380866,-0.002989362264858464,0.008642108805871018,0.0025940573815672607,0.004969625656490173,0.004206691279102337,0.006798587605431727,0.0035828025472248726,0.0018076489527816264,0.0025087811385891,0.0006473005181497626
2025-02-24 16:30:00,0.00951011822617609,0.0041692497756367075,0.0027673972119597323,0.0017095987182562666,0.002378207689307743,0.005336063574524097,-0.001412977270710769,0.0010404467386351257,0.001571490126333508,0.0007736914715392729,0.0009226876457084643,-0.0010385190284551982
2025-02-24 17:30:00,0.004056666155855204,0.00014849575527797754,0.0010285670105236733,0.0016078016740719292,0.0012697879573826398,0.0011034626141590564,0.003433521841265552,-0.00036763222415636676,0.0006154021271385091,0.0013618655875369257,0.0006584843552479569,0.0016720681504240886
2025-02-24 18:30:00,-0.014854170337964767,-0.014214303231717018,0.0024561652021155567,-0.0020039778200882097,-0.00179577527181074,-0.006417098942531396,-0.0025550128345468437,0.0004931325628811933,-0.0022305263469224457,-0.00011045258631892096,-0.0006584843552479569,-0.00044526037552294895
2025-02-24 19:30:00,-0.004637105286847465,-0.0011307920210796851,-0.004231586070185145,0.0023252432648028787,-0.0015193735826510846,0.00011203753022837049,-0.000935890741172507,-0.002557912260442663,-0.0016178389447460972,0.0002023748578539042,0.0009876142135061272,0.00038963490123222755
2025-02-24 20:30:00,-0.00449381216448419,-0.01880743062620116,-0.0015358700199019637,-0.0016073603342574572,-0.00717259387354563,-0.0026545314928352326,-0.0011281262218991728,0.00013478659723364927,-0.0031931635347604015,0.0010475861805101516,0.00019740585080185724,0.00027826624093840735
2025-02-25 14:30:00,-0.07545001599834578,-0.03727341685336505,-0.008611968296582617,-0.01393046562346445,-0.026749514820695985,-0.02887999860824486,-0.019120971117560615,-0.010523330955491517,-0.010673188039101333,-0.01383523983309587,-0.02262535908228802,0.016193599909586354
2025-02-25 15:30:00,-0.01665387891306125,0.006758711432759412,0.0057562915946931525,-0.0015319147496599683,-0.005543688036365957,-0.006448261309120795,-0.005827976865043993,-0.008709800736673934,3.3882022387743405e-05,-0.005340888162543855,-0.006278979195153411,-0.0011032436554412328
2025-02-25 16:30:00,0.006978401579586624,0.018334663440745302,0.012316128956061156,0.005192844123513396,0.008872508816582858,0.018048593027662818,0.003973733187514483,0.002926917854927602,0.004744422537723558,0.001833281761479455,-6.769282445695524e-05,-0.0007270221385988762
2025-02-25 17:30:00,-0.0034666116881298947,-0.0012067093928180839,-0.006431431893610728,-0.00417547006189789,0.008263879515530093,-0.0012744273525528982,0.0034519824712599956,9.134788195819254e-05,3.372051267458431e-05,0.002016538113643662,0.0008124246869796181,0.00021933358244474732
2025-02-25 18:30:00,-0.013534988409639404,-0.008605893432329204,-0.0012585125957969012,-0.001884848873208611,0.005853097902380533,0.0026676822940805422,0.0026308489121920076,-0.0021941667371772056,-0.0010617136119464021,0.0004512978303612414,0.0017581299186737454,0.00016448953729675253
2025-02-25 19:30:00,0.014625827878044007,0.012066497842013746,0.00020951307076888526,0.003281084303225157,0.008410155078339088,0.004205515227057255,0.004817330912550766,0.005649357831865487,0.004743662629800305,0.0018031573774228704,0.002765988658675056,0.0017343612111284656
2025-02-25 20:30:00,-0.0006940695657240425,-0.01710785869680098,-0.002708323353060038,-0.002124643924990899,0.0012225974526307581,-0.003817611684834077,-0.00511461436277294,-0.0011746883959631305,-0.002823281640213615,-1.8628884563831605e-05,-0.0007412660933354687,0.0007298239938799966
2025-02-26 14:30:00,-0.024225731711636556,0.029720561415961022,-0.014555971566312387,0.010062381174507529,0.019129766040171248,0.02667014757688424,0.009356998495626101,-0.004200143889653063,0.006257589336450486,-0.0005212951097108842,-0.0012143827336945634,-0.000711200264901457
2025-02-26 15:30:00,0.011888428086273883,0.014950891245213427,-0.006882502356118536,0.0018638408469184853,-0.00013831014432685862,0.003426520458901905,-0.0021188834918710597,-0.0015566888001865564,0.0011867423930524978,7.455230830899495e-05,-0.0018918842081880882,0.0012032927952336792
2025-02-26 16:30:00,0.006335668786673132,0.001070302179472904,0.005444016074953595,-7.448394205855635e-05,0.0008756882046458969,0.0022406948688118433,0.0031574027627456758,-0.0031207364923870884,-8.360631138693009e-05,0.0010792491509592494,-0.004405699879522551,0.0013668762176246574
2025-02-26 17:30:00,-0.024382194548683955,-0.016594746803571425,-0.011540457784994018,-0.006505398887979297,-0.011071402717231393,-0.008131568447269366,-0.005996153203522425,-0.001149769036024928,-0.007840526421895255,0.00026038096128910837,-0.0007475152776530436,0.0034866555920149978
2025-02-26 18:30:00,-0.010921736823733319,-0.0037285010895669046,-0.002167169520311596,-0.002974733552163933,-0.004247822514274802,-0.001902004043651928,-0.000270800431771967,0.003170168492114378,-0.0009028964443658083,0.00031602093036386947,0.0013586750868803676,0.00010873640587760747
2025-02-26 19:30:00,-0.004248141389193272,0.006522726480318042,0.0005418830941765762,-0.0006221113250362009,-0.00023393787617642658,0.0014714405938489605,0.0006768636299181452,0.0014209970548071382,0.00033875882547018676,-0.0001486365436456083,0.0016279357641915126,0.0014676142039062867
2025-02-26 20:30:00,0.006450760004532263,0.005948303592602677,0.0014991907795636195,0.002377468596730381,0.0025701691509834035,0.0008609415945048937,0.0006762878918227244,0.002790298067785635,0.0014140602792327428,0.00039026560111299347,0.0010162190180800224,-0.0011413099633044155
2025-02-27 14:30:00,0.008455234636413067,-0.031199447910968736,0.004421994383167593,-0.00039021213439216496,0.000653165027687308,-0.003388879645472187,0.014098453708206726,0.013790857794113265,0.0017144918427485223,-0.014412886223326815,0.020441035887808212,-0.005684363328862574
2025-02-27 15:30:00,-0.017052089582328733,-0.009457861859004879,0.0006005623397893345,-0.003397583517818603,-0.0014062401167773686,0.0012156201170157033,-0.002555597538264287,-0.002345532251353255,-0.00223397440133688,-0.0005469803529631889,-0.003855118190338125,0.00039579087274344005
2025-02-27 16:30:00,-0.008531371196709436,0.0063151697868404355,-0.0019147402226424859,-0.0008543480571798767,-0.0021212879988690148,-5.509551107785171e-05,0.001907742220730313,0.0011283371641237494,-0.0002883070253458797,0.002369583649948659,0.0031914636308725264,-0.0013675777412016643
2025-02-27 17:30:00,0.01857097081524728,0.004161918718836866,0.00348682951859125,0.0014695234130455148,0.0004445489525819468,-0.0009520795264172932,-0.0011823620634077159,0.0022078105697627137,0.0010769762721736242,0.000963820970627971,0.001194241039974564,-0.0008761687562550691
2025-02-27 18:30:00,-0.022113199179827348,-0.03075572374120039,-0.005263888045687892,-0.005953513990425208,-0.012522542347459975,-0.00919294705251339,-0.0056042943595358,-0.0007203440402410166,-0.006445850309708234,-0.0002632794605013089,0.001788540176667297,-0.0002937321813245575
2025-02-27 19:30:00,-0.010616322226396413,-0.014939921171124304,-0.007131744138505702,-0.0056097553247767,-0.006082217837072967,-0.0073624490438310985,-0.01008853206648741,-0.0064163526608904675,-0.0075776314749882445,-0.0033153965760037707,-0.0028499948091562644,0.00041093340944708956
2025-02-27 20:30:00,0.00010672414049572865,-0.015708007172717586,-0.006466507002260258,-0.0030901995164134277,-0.0047296756960566455,-0.0038971144657491408,0.004640851145491176,-0.0009070849013399496,-0.0021684723701458353,-3.7659671397349825e-05,-0.00033194842837236394,0.0005400181842079022
2025-02-28 14:30:00,0.03619542176556667,0.02241175751781377,0.0009052954358077514,-0.002090871584253584,0.00836586449245491,0.005091424552143842,0.00973445994100075,-0.0005445907331731448,0.005658797148909045,-0.010718465670930044,-0.007865711537366593,0.0025154861350822344
2025-02-28 15:30:00,-0.015208474788720672,-0.009578899996969703,-0.0028450249535838523,-0.00581126635421203,-0.005735538053017741,-0.0037932604543993165,-0.0023912244159118856,-0.00218140299891445,-0.0039168113057650444,0.00215290368045018,0.00020083668405135313,0.0036525139414971264
2025-02-28 16:30:00,0.00805935289376869,0.00509560187091207,0.002887089376570451,0.006040963107606601,-0.0004060214567775944,0.002220520845986229,-0.0036840606881067828,0.00045481395107671574,0.0016452807001758885,-0.0005330845421926966,0.004672573243329481,-0.0012534889144459882
2025-02-28 17:30:00,-0.014400200296276644,-0.01319092413133749,-0.0008209933439271566,-0.0014304461558474202,-0.0036984391502397074,-0.003115191343856516,-0.004199487224180842,0.0019081984190476575,-0.003934399880461292,-0.002669344150155517,0.003058659588814905,-0.00108917748263071
2025-02-28 18:30:00,-0.0007166924391954765,-0.000911856292605151,0.00214585530292144,-0.0010992807947021177,-0.0014873769065335551,-0.0014548062577928178,0.004891261240362432,0.003624450273227886,0.0016234117744122756,0.002250392218993369,-0.0055925335838695744,0.0019017523765958444
2025-02-28 19:30:00,0.025372519636870372,0.011677225349046694,0.0074954123778567805,0.005638329565542222,0.0075005519158901635,0.008212067492906705,0.00826452384257692,0.0023489227482302866,0.006713303123291325,0.0016749877809925096,0.0027336328016938083,0.0006041415894646462
2025-02-28 20:30:00,0.00016294848980447085,0.02563568696728158,0.008846447934899082,0.01030739284749771,0.011988670305895788,0.008442122093642368,0.008158950451656821,0.004591519502301189,0.007527404900452339,0.001596165274845518,0.0019289811276159696,0.005750558613053514
2025-03-03 14:30:00,0.02498282689805631,-0.04531361397422984,-0.0014689734386470477,-0.006359177659360782,-0.00770746363715169,0.005995124056941137,0.0026044231143096397,-0.009793593449646032,7.57170142193786e-05,0.012041298979982962,-0.008944698577382226,-0.0030349802162321637
2025-03-03 15:30:00,-0.005953254277724973,-0.0024295317228384405,-0.0012223471437744493,-0.0020673935941823984,-0.009538871476389765,-0.006556213608181594,-0.0035497278694887058,4.5327588893862014e-05,-0.0028907632746335565,-0.00022514000917794874,-0.0005365649483080048,0.0016816901665492878
2025-03-03 16:30:00,-0.00155666876189553,-0.00681732676062996,0.005581602801075114,0.0028766663623684963,0.0026953717877198358,0.001562760957860121,-0.0007947148017679595,0.0035058599999882034,0.0023772751577624263,0.00016891701387766744,0.0030812986469515025,-0.0017349276756899457
2025-03-03 17:30:00,-0.04475867430668323,-0.02713631759113344,-0.006514938016593419,-0.004401421077970369,-0.00899300365078215,-0.011391621735342916,-0.010772298864080376,-0.024310318448327095,-0.00967894054601448,0.0003938379975432227,-0.021087631885288616,0.004007400083343882
2025-03-03 18:30:00,0.003532387747288368,0.0069611394571271745,0.0007749081078527453,0.0005085357925898037,-0.00057884765446925,0.0037564107306922168,0.0037969104306103674,0.0018042584436361864,0.0006879639728847309,-0.0006756876546640811,0.003137196342944293,-0.0013520458599511898
2025-03-03 19:30:00,-0.02235710462923013,-0.025086934338056643,-0.017834041325093253,-0.009757439673029111,-0.014630779643662883,-0.016686904203901953,-0.015789663472069115,-0.011248670410396677,-0.012456247056126912,-0.0017841027712455215,-0.003000564466472788,0.0020003527580252367
2025-03-03 20:30:00,0.016597373534508186,0.007395085784680511,0.005266187146707679,-0.002724510926177537,0.004055818526913946,0.003011799625995515,0.009463828286965459,0.007497651547829776,0.004737386343003358,0.0026849182257997484,0.0019104726332228594,5.40615467770067e-05
2025-03-04 14:30:00,-0.06968793572062282,-0.021275525446614374,0.0010911761291652056,-0.01381330580954021,-0.0332694296043492,-0.04217195792861883,-0.04576764626175045,-0.009509643350951613,-0.01633204090139273,0.005563647781152703,-0.014570489777982587,0.00036714561344641794
2025-03-04 15:30:00,-0.010786048879235288,0.0019692202774184153,0.000964346077780398,0.002567123099770363,0.005304748585527541,-0.004689115961208579,-0.009848329902776065,0.006349823410411126,-0.0027014694503657566,0.0004555696252088737,0.003328258536704709,-0.0009614062309006854
2025-03-04 16:30:00,0.03451904770599956,0.036698245175663224,-0.001950573080265805,0.004972218026327191,0.018188210539461735,0.014089990612393244,0.014761182088217417,0.005476888568636262,0.008515548325852329,0.0020479529340144964,0.005773980590238814,-0.008465875289703995
2025-03-04 17:30:00,-0.0031415215808774377,0.0016346955655190953,-0.005958950520526862,-0.001633046948021466,-0.0008129201063997726,-0.0026297274051900743,0.002848748951952196,-0.0011114776820901895,-0.0005539334300577181,-0.0015448375085664878,0.002190931518385675,-0.0013088592672305666
2025-03-04 18:30:00,0.029164617675633053,0.013419881026064395,0.0064790485745751525,0.007357115195576469,0.00956481703755685,0.0150995943307759,0.006039450456094997,0.0010652143126304026,0.00666136409531326,0.0009123311590091276,0.001913083243551661,-0.0010373861467734002
2025-03-04 19:30:00,0.013767787511774543,0.009465991555804187,0.001681868464536329,0.009186202305552449,0.00656852299494215,0.008922076441790772,0.00422964192924713,0.006691415559415326,0.0041879885695044194,0.0021558055225829875,0.004495026664673496,-0.0019685079396820626
2025-03-04 20:30:00,-0.039750828483044565,-0.02495339457844814,-0.011037246864675332,-0.00814739639345774,-0.011462097576398378,-0.012581794213436304,-0.01302277046902578,-0.011098636382839366,-0.01199273761345232,-0.0005937755334519679,-0.003676282628854999,0.0010940753457342467
2025-03-05 14:30:00,-0.006491649373367991,8.625133638151539e-05,-0.022057079977280125,0.007228409934314506,0.006576323015483609,0.00299744640784283,-0.002841388425227187,-0.021001975603432754,-0.0017150417863822653,0.0002973286707979028,-0.030047233992269717,-0.0032310006021765147
2025-03-05 15:30:00,0.0013313213695473891,-0.004841435827682261,-0.001174238845091935,0.0012998580227554513,0.001217611640215388,-0.00018707145965457528,-0.002447689365379091,-0.012373835387720966,-0.0018101445568659003,0.003560274704370592,-0.012731839027169123,0.000767624732049832
2025-03-05 16:30:00,0.009513729885934907,0.009942668964614931,0.01672864663870488,0.0069195930332872635,0.00920568460956428,0.009959875297365528,0.004949366750304662,0.0036458605577678327,0.006675134944248207,-0.0034488275826545234,0.006810516676904577,-0.003293941159453695
2025-03-05 17:30:00,-0.002766849483905709,-0.0025177368229334363,0.0005971227913157406,0.001843632979389831,0.0016143197771425477,0.003636363368467954,5.996098146177076e-05,9.501118558574717e-07,0.0009153719172596553,-0.0005945660379031992,0.005794765486165865,-0.0021326292293446514
2025-03-05 18:30:00,0.01655672238506245,0.007196931627245995,0.004538453799174391,0.007657103837291679,0.004659779536272168,0.008940949018763078,0.005918653348966352,0.008299620647063577,0.006144451784622085,0.0006688194328052788,0.001811989079037346,-0.00015212638275485801
2025-03-05 19:30:00,-0.0005778391522968107,0.004687165124933834,0.0012399470977522142,0.005729472724087081,0.002156355151797129,0.0019812164174215496,0.003906605900310112,0.0033195693172487495,0.0022795157791994924,0.0012992785785792549,0.0004909828956254358,-0.0003031444445920073
2025-03-05 20:30:00,0.008775780556727675,-0.0031496322217288153,-0.0011444820776969067,0.0007482126982401027,-0.003067324418790207,-0.0015225338181510395,-0.004721584838921267,-0.001705841054239876,-0.0018848759028537998,-3.713441003938556e-05,0.001611793792592131,0.0
2025-03-06 14:30:00,-0.031159774156578557,-0.02107135271785321,0.002964583486256167,0.0002492798794939688,-0.016152058590514606,-0.012048500841485676,-0.015712998113180277,-0.006709376220682017,-0.007867567153366117,-0.0034561333074405454,-0.006180697106721311,-0.010251986856468775
2025-03-06 15:30:00,-0.0051203849558270065,-0.006853551297419713,0.0013100796743001908,-0.0033203557566539033,-0.006284273949317409,-0.0029189661768160846,0.0011911058165638977,0.013703713516282079,5.011741984972673e-05,0.0013393449362757437,-0.004236140944327005,0.0016140732041618477
2025-03-06 16:30:00,-0.022569103230714482,-0.02148463365116804,-0.010038414639560678,-0.010702737459814315,-0.01244001833315167,-0.021891362789701496,-0.01138350628426199,-0.001319504354142076,-0.010321196979504066,0.0012260551314868806,0.008033299642236535,0.004993585259463806
2025-03-06 17:30:00,-0.001330073681834243,-0.0009014948501775422,-0.0005120228798052295,0.004003722546769062,-0.0023871487979540973,-0.0009726161789194165,0.005007688780608532,0.0012253630951857275,-3.4859565791300895e-05,-0.0006685709890410507,0.0004210059770723973,0.002265055915402492
2025-03-06 18:30:00,-0.00913079486061008,-0.009051509543692937,-0.002585536133777211,-0.004864447389754112,-0.010184399273851064,-0.009883597020474255,-0.00468121731250104,0.009748795648727437,-0.0033087625178946922,-0.0016362445932918135,0.0007013543038318915,0.0014343735426924908
2025-03-06 19:30:00,0.002319272607016032,0.0051185139042155825,0.006355686077320399,0.00408374458849714,0.0036151937720561023,0.0031673982338267237,0.0036857155870775316,0.0039056305322855422,0.0041118230569985315,0.00040925544696968075,-0.0001402529122831453,-0.0019490572923563931
2025-03-06 20:30:00,0.00863522603157918,-0.004666222714561741,0.0005951738685254782,0.00027705863234483985,0.005896737251299022,0.0003742862841820127,0.0020102563207533564,-8.826481691048826e-05,-0.00029670348795285406,-0.0021600194020106045,-0.0021056215430261815,-0.0009770940256110805
2025-03-07 14:30:00,-0.00946147517538698,0.0041512475350877764,0.0126260157698459,-0.014307298756089715,-0.006372999496744747,-0.011919019745853632,-0.014506937672524423,0.023511024847521433,-0.000803405578759353,0.0057992636828041455,0.029753797299767903,0.002760754877635385
2025-03-07 15:30:00,-0.02545765494333896,-0.012141165541455834,0.0029749114230375184,-0.008950296787785916,-0.024877582973494405,-0.021840366675143663,-0.012467325715697086,-0.010218090099129107,-0.008298331831602113,-0.002821122074622373,-0.012478391093086572,0.0020931149279119765
2025-03-07 16:30:00,0.006465195529184342,-0.00635561192219658,0.0011289291201297402,-0.00044499652901297537,-0.003114964687854105,-0.0011207040332283924,0.002061019685877241,0.005760517403899712,0.0007924773434702104,-0.0027731343798782504,-0.0055402014512910824,0.0001099808181130868
2025-03-07 17:30:00,0.016136014629847928,0.013702364863542371,0.004687916085030608,0.006273326563665194,0.01657037133028183,0.014902936798995015,0.006777415932777586,-0.0014096625844608468,0.007972072483069859,-0.0009509874608450986,0.00013890891046663967,-0.006623986322734865
2025-03-07 18:30:00,0.01114729604953002,0.01563243421895688,-0.003184593381621248,0.008879598126559252,0.015974934044335143,0.018255736111320253,0.004390095148208317,0.0011361133277842939,0.006871091381940531,-5.5908329028575565e-05,0.0009716107766495341,-0.0020190771859835976
2025-03-07 19:30:00,-0.005471347008094263,0.0031576228822967067,-0.003505375339757144,-0.0031294451158290215,-0.005982906918245767,-0.0043444717826508494,-0.005671580039307678,-0.0036089144001607565,-0.0010331796663010095,0.00044763440993111914,-0.00020811529027042752,-0.0003652022593687576
2025-03-07 20:30:00,0.0036005368105138658,0.001109459330308482,0.001082301916633277,0.0022908195237647533,0.0006526185900543879,0.001932718890323315,0.0010335918232833308,-0.002336692150497477,-0.00020771799601426721,0.0009506151841831567,-0.00020815861125988988,0.0006659366224326391
2025-03-10 13:30:00,-0.0912329438964754,-0.042268265726542076,-0.04500140858361412,-0.02151006109873066,-0.030365605180942445,-0.042098710117329574,-0.03348841910436651,0.01556627937263233,-0.01812770385389406,-0.0020141312381039,-0.00654463388322668,0.013711949436610027
2025-03-10 14:30:00,0.0017921109012641878,-0.003765920389839472,-0.0089716743429884,-0.011154379470439402,0.005314078263352506,-0.007819378604153826,-0.004389373533570939,0.009618481319190408,-0.000681044490278282,0.0013059200196074983,0.0004190066237068635,-0.0014172580860316586
2025-03-10 15:30:00,-0.02470302459502438,0.003956523420990621,-0.0045518995223750025,0.003270867443050385,-0.003608421647962601,0.0004997293236890243,-0.004516538289416339,-0.010974304983790262,-0.0024094002658650027,-0.0016793697645018923,-0.004548759563407501,0.00027506887137107583
2025-03-10 16:30:00,-0.03143208755388471,-0.009527617562546276,-0.001198114200476219,-0.003743798105621643,-0.0023685297036548647,-0.0007687757220651292,-0.00538185555092241,0.007030211926957186,-0.003429241900107627,-0.0029175214485963608,-0.0025986626305440907,-0.0004931711615405732
2025-03-10 17:30:00,-0.00463878259056294,-0.002806984031056281,0.006064761462009294,-0.0015517850986803694,-0.004337942102515591,-0.004195475795523151,-0.0010352046575121676,-0.007211095176699267,-0.0036018430782052135,-0.003922061457936721,-0.0012665730706515888,-0.0008774055266425052
2025-03-10 18:30:00,-0.019747782038148642,-0.0010318152994521768,0.0017470582936462975,-0.003863620966616743,0.003810330162359321,0.008311489744287748,0.0025943915964852238,0.008019139110250428,-0.00026802278943005575,0.0017659264575504707,-0.0014092233171441038,0.00033018425459996337
2025-03-10 19:30:00,0.0022539792073077436,0.003464172269286969,0.002485293722758186,0.00473183538651778,0.008149845535506017,0.001551061768860329,0.0049214369541275005,0.0036726519436331984,0.0019278796180497437,-0.001032965346300152,0.0,-0.0009338369620390807
2025-03-11 13:30:00,0.002563798519474858,-0.0066563701802691,-0.022313439135581703,0.007232382557684325,0.00417805942340177,0.004450367411626743,-0.014793890727766268,-0.02073383871622614,-0.008532457159235562,0.010615832018801896,0.010242049712433143,0.003014626156990552
2025-03-11 14:30:00,0.025496966975994795,0.0240247530397788,-0.006839803692974655,-0.00015459184834476503,0.008329426400741191,0.0061102306010685226,0.0001311049495003047,-0.0009580245736584558,0.0021276529107945308,-0.0002789465190913276,0.003066221506185407,-0.008905534556548744
2025-03-11 15:30:00,-0.0007226484842286496,-0.0006889461219499182,-0.011162365441480304,-0.004621842099073348,-0.003354021165399068,0.003105344274084487,-0.0016558782342093181,0.0020255489250882164,-0.002443864314365385,0.0005020023462600776,-0.004323241524432753,0.0005895349755755674
2025-03-11 16:30:00,-0.01957833585105284,-0.011646329550793588,-0.003644235268058793,-0.010456516343619882,-0.014872037679000805,-0.016881135120126345,-0.006990409737706926,-0.0035810785153245206,-0.0065161832352806925,-0.00022305582716874994,-0.004061358498895551,0.0030481717433099575
2025-03-11 17:30:00,0.0412190355473987,0.02633303011998578,0.012731147390397268,0.012094840429720755,0.018986734887577406,0.01730985457992862,0.004968702616007903,-0.0016486568211471209,0.011236864890048714,0.00033456508581419797,-0.0005614951661403467,-0.005627540444272938
2025-03-11 18:30:00,-0.0023437583905856485,0.0034225622555146273,0.005765422057359082,0.00345136397016077,0.005485317152821523,0.004375494971307958,0.007167546757268717,0.0012367648273983178,0.00202145822977684,0.0011701537567114784,0.0028042215389358915,0.0007742900980360901
2025-03-11 19:30:00,-0.009421881443760327,-0.0197647428858021,-0.0049269536556106885,-0.007598207515490785,-0.00934551352202373,-0.0063391474468206255,-0.0022234767334827765,-0.0006868638918442471,-0.0061845552008561455,-0.0006499793533141229,0.0004899900305819216,-0.0004423901272083697
2025-03-12 13:30:00,0.06871229990033179,0.05384522950643689,-0.008096836487811565,0.000709834307531132,0.010579948126204997,0.02960274566265575,0.002702396166486487,-0.0057886401186513226,0.005183290031046894,-0.000743205356389609,0.013690760158630688,-0.003934759240291186
2025-03-12 14:30:00,-0.008437455040003705,-0.0012227136180582576,-0.01150687187247268,0.0028347091818243797,-0.00913059862472032,-0.013642796570117355,-0.0009580683397345524,0.0056053501000628,-0.0037816451174039756,0.0026360920360257722,0.0024817370898055913,0.001072259568185352
2025-03-12 15:30:00,0.018131295473788,0.011504582738059987,0.008810389125542883,0.00651723618976785,0.013802722534623335,0.010543126204003883,0.004691532533368736,0.002836669225396271,0.006033110818397525,0.004661186788997185,0.0030276288012691666,-0.0028506853405758648
2025-03-12 16:30:00,0.0037630497012965947,0.0024143041085320505,-0.0007815516742359918,0.0002082414273294475,-0.00043418047397825177,0.0003859605050910986,0.001671053169628678,0.0033751011942060316,0.0020504128222453843,7.489731890775175e-05,-0.00041475773332244614,0.0015007313091697227
2025-03-12 17:30:00,-0.0034827018710963387,-0.004834451190954603,-0.00957780474889347,-0.003546573455366797,-0.001070575027013021,-0.003462966639392384,-0.0036867066068531074,0.0,-0.002175373458990215,-0.0008318439285712742,0.0,-0.0008779097325879448
2025-03-12 18:30:00,-0.006704858090737176,-0.0009091003693750821,-0.0021776877096071345,0.0012661895581782545,-0.0010295521430743193,0.00285176096075368,-0.003983822990000441,-0.005295795788458513,-0.001000138576660703,-0.0003139662765132556,-0.0013056346082551684,-6.676080763057257e-05
2025-03-12 19:30:00,0.0023246441185307276,0.002508768321627386,0.006010976436311211,2.6116406718124097e-05,-0.0006282906949923728,-0.0035457956742890318,-0.00581919267761144,-0.0014659064454880522,-0.0012874264041355943,-0.0011830216692816364,0.0014429982892938398,-0.0007786396011457697
2025-03-13 13:30:00,-0.03617072030258495,0.007874572662257329,-0.012337263549910382,-0.002102481778591958,-0.01609240432257142,-0.025701294078111836,0.0007456878076999018,0.006761702233946565,-0.0032346553522382138,0.00751181739646789,-0.007373949133966384,-0.002172275888415065
2025-03-13 14:30:00,-0.013919245830028792,-0.004941226000792831,-0.0011196851887191883,-0.006992186360607278,-0.004429437574900774,-0.012746067510040149,-0.0036460399427635792,-0.008344512949593152,-0.005095030252921795,0.006045355085203319,-0.002701401805142112,0.004301043192091569
2025-03-13 15:30:00,-0.0033084471875977073,-0.0018892831299686108,-0.00986065286125637,-0.0013782216580064954,-0.005867833143035739,-0.0016456711380357092,-0.007997380890269135,-0.0011715341839444449,-0.0030964985765935538,0.0025151498598621203,-0.0026390016681165918,0.0008157543586344573
2025-03-13 16:30:00,0.0029696789320219352,-0.005156521263682379,-0.003710772099054793,-0.0013901146943284814,-0.006058340486024605,-0.007591769908213308,-0.0009764379768615328,-0.004746000422144014,-0.002555036053603743,0.0001816092483748477,-0.0048098969214871445,0.004152025356462197
2025-03-13 17:30:00,0.019464515069659072,0.014512646979279786,0.005360777651024939,0.003307979274127071,0.007038641291125636,0.006027534228764786,0.002129151525527284,-0.0009703633129554134,0.0034413909178718782,0.0006730549776472472,0.0012569322857141074,5.5297990008362774e-05
2025-03-13 18:30:00,-0.00416302991667461,-0.008113196986333726,-0.007850169938778073,-0.003149586609680455,-0.004341521996331643,-0.0026631911188008672,-0.0019293572337151232,-0.003719386491225052,-0.0028791033281123646,0.0006359991475495264,-0.00013951014708624143,0.0
2025-03-13 19:30:00,0.004079921183429924,-0.0025462169733145856,-0.004377406921174831,2.6342633479892186e-05,0.004393144005512717,-0.002924118658658159,-0.0004884791290606927,0.008331940729667586,9.075119194612569e-05,-0.00010870810741359094,-0.000488758510937437,0.0014352445447238793
2025-03-14 13:30:00,0.00145305839126042,0.032437684499660335,0.0031807203146758667,0.007115079037619765,0.009878349455431312,0.010825464715164657,0.02320352478634735,0.01606902187289805,0.009896087131819442,-7.277447935383208e-05,0.0022321948641961242,-0.0050879336089399985
2025-03-14 14:30:00,0.03086257246633295,0.011687130845109195,0.00734962063615896,0.009650900427533138,0.0072501254429466755,0.010477542803616124,0.007393857930862779,0.005059162893449987,0.007235781039533151,-0.0006908447041187316,0.0027831488399687743,0.0007205480739278514
2025-03-14 15:30:00,-0.007206639477527865,-0.0034376468739321098,0.001417882483237598,0.0024630232774542904,0.0007601751498373943,0.002746992818710048,-0.0013363405391544347,0.0004189548426936085,-0.0014804949248157229,0.0022165576593788927,0.0018048912577484089,0.0014206303461623548
2025-03-14 16:30:00,0.00473414160847252,0.0002488905646353956,0.00039715305402410195,0.003889534563544572,0.0013161615022934114,-0.000495855780799026,0.0034879894865404992,0.0039025800847296566,0.0021932333319361064,0.0010158133942601566,0.003531071445048717,-0.00014715644263407768
2025-03-14 17:30:00,0.004501505204829392,-0.002242311739359515,-0.005052458242460034,-0.0016392746305635697,-0.003141445202410331,0.0010079987168758464,-0.0023886474054419793,0.0013844414494839086,-0.0013545722849439557,-0.0018462805703300944,-0.0006914139098572747,-0.0013843131771835715
2025-03-14 18:30:00,-0.002451821385945685,0.0025740905835505146,0.007828910279186196,0.002670479179687213,0.0031035425996659427,-0.0004543511306867032,0.0002800531751194768,0.0026844042740270524,0.0019777204661375336,-4.767147832929197e-06,0.00048406102392917205,-0.0003879919419418343
2025-03-14 19:30:00,0.005980286505712584,0.007147739464840264,0.0022271521636358926,0.0010044546597223203,0.0014029050747126348,0.003949754737441857,0.000990272541190329,-0.00035751813517048703,0.0017606247969386146,-0.00021798270948991672,-0.0006915573409802533,-0.00038805792219687163
2025-03-17 13:30:00,-0.05189763721922347,-0.015893384166377977,-0.0007280930558133392,0.0017102798635217908,-0.009007859208820967,-0.010373449224588605,-0.0026997523182368255,0.01534673395145969,0.0032818681312747344,0.004607314777475224,0.008543932152542233,0.006467137831815073
2025-03-17 14:30:00,-0.007349796987254464,-0.0020098444258707104,-0.011651647042615565,-0.00614762570971461,-0.003805028447441572,-0.002006030548773019,0.006972619457403795,-0.0010128624576237755,-0.0008681690096388195,-0.0005097479607156785,-0.003093892551246924,0.0031905072893803066
2025-03-17 15:30:00,-0.009510321719953474,-0.007825511200693747,0.0021106408344317984,0.0005169355673659837,-0.0036244127737843357,0.0001083143907107953,-0.0016940798406412938,0.005273333194234731,-0.0005321097280157616,0.00010855160858369572,0.002130494934521998,0.0003294577943844246
2025-03-17 16:30:00,0.012709738041920993,0.006818239912525392,0.005337576704928182,0.0034826769697504645,0.007303576386512134,0.0015650278430792142,0.004112198845275472,0.0013140164167451118,0.0034702213539059557,0.0006149768749583728,0.00027452832441188235,-0.0036301875352320323
2025-03-17 17:30:00,0.012362198763536725,0.011057622490634245,0.009956820599989591,0.008900521752393864,0.011253321938839989,0.00781339353415511,0.0029879320960910505,0.00035005064806359343,0.005011031072562844,0.00047000191624135823,-0.00013730711239468008,-0.0015440544864899763
2025-03-17 18:30:00,-0.007739580798944878,-0.001125921819651765,0.001071891456808416,-0.0015052725568764913,-0.004496884446989924,0.00028880520420759836,0.0037860275887346972,-0.0007878865725405859,0.0006901275239394877,-0.00021732084739589652,-0.0008240291718237813,-0.0008811368591219448
2025-03-17 19:30:00,0.0014724851197236433,-0.0073748096669525864,-0.002308343162850335,-0.006185604803675027,-0.008237588974856713,-0.002114427563701504,-0.006389253633424019,-0.003377585303814712,-0.0035648761629802905,0.0003979811115186749,-0.0005497652206933878,0.0009363768664414351
2025-03-18 13:30:00,-0.054929691133764,-0.03093912442021285,0.0016858856956822876,-0.012371075206409898,-0.026018477569508924,-0.04379206693704685,0.0030719420254028407,-0.0044035476333688095,-0.01012834562388143,0.009638255937537643,0.0034310060052877844,-0.002271819239733297
2025-03-18 14:30:00,0.012494376199678747,0.007867801636225913,-0.005709097530314899,-0.003913899321136505,0.004705366951977652,-0.0032360443713823628,-0.0003408684715333621,0.002160185534369141,-0.0023831067488488955,0.0006794788114294903,-0.0012337562503645927,0.0003384571525177904
2025-03-18 15:30:00,0.0054693960755454185,0.007551409837376788,0.001826481654524592,0.0028586584291705464,0.002708639344180419,0.004755285216126559,0.0012776418633748676,-0.004059656788109045,0.0030455351590088497,0.0013938715005350488,-0.006882339478389454,0.00038692096299897116
2025-03-18 16:30:00,-0.009533890650494037,-0.004131274549655117,-0.006744571372538033,-0.00317114341990532,-0.0009368095045836355,-0.0004313654563166125,-0.004393421468646075,-0.001858810716385051,-0.0019924139989999645,-0.001035919584060352,-0.0017972616223485005,0.0031454780548543226
2025-03-18 17:30:00,-0.008207759365272516,-0.0044166906415368246,-0.001359514973179543,0.001357674267159048,0.0026259612506116525,0.002516586345131522,0.001495082014907112,0.00653654366159806,-0.00014275510516714718,0.0003217199795182424,-0.0018003918302591515,0.002802677170537393
2025-03-18 18:30:00,0.0056569126221095445,-0.004327817384350396,0.0016496497427072043,0.00026114663763099344,0.004094083713402696,0.0033683860778079833,0.003111067044978988,-0.002204681196549707,0.001123414025214764,0.001232356435888704,0.0007621201813394762,-0.0015912832667464016
2025-03-18 19:30:00,-0.0041478965726984285,-0.004790379190006355,0.0020934161322410105,0.0015131798196978963,-0.0023040775788452095,-0.0006692702004684747,4.259202881673474e-05,0.0025549629580625677,-8.909130303447199e-05,-0.0005892268216909358,6.921643458746018e-05,-0.0015420136135873008
2025-03-19 13:30:00,0.02562807366650688,0.012125496067622699,0.020259620502486975,0.009186540871543691,0.0029503479892882822,0.0011270992393175305,0.00838950605019928,0.009980816328400977,0.006077071453949756,-0.0018590960640425536,-0.00055407712644584,-0.0004244499017280745
2025-03-19 14:30:00,0.017490367670589535,0.002177343120306041,-0.0068204984609394614,-0.002508830662688588,-0.0001550605015117057,-0.0035336329752855278,0.002023250276518951,0.0014798537538149859,0.00015947364002055764,0.0007129947603656817,0.007592987566254372,-0.000678433985660476
2025-03-19 15:30:00,-0.000998738349943018,0.006630693440913937,-0.001712435827280423,0.0026638030497734277,0.0017302506070828727,-0.0012829537735425944,0.004499327255987673,-0.0018719348639182343,0.0017516702292468267,0.001431440723280275,-0.004548933881577177,0.00033098448572488337
2025-03-19 16:30:00,-0.0035320110670795657,-0.004810523554133361,-0.004282254504951233,-0.0052568293071102445,-0.00813479783490667,-0.0077065136084275565,-0.001975959331988797,0.0023068007358180154,-0.003915001374326543,-0.0012144008677896778,0.0026216288958877954,-0.0014870906935442463
2025-03-19 17:30:00,-0.004001179809222322,0.009130782360094791,-0.0005132420875630928,0.0013904886135858163,0.0053442705008626135,0.007697889146929704,0.004065988502653717,-0.0023504191230765414,0.0022075467900846135,0.0015358278932211533,-0.003174433184408798,0.003801003708795214
2025-03-19 18:30:00,0.0080305771438276,-0.002415710794707593,0.005769939919033185,0.004589254039664148,0.005650394923339519,0.007604847984929108,0.0026736841022785285,0.007510556380312394,0.00465643792414383,0.0014981206083657383,0.001381490817296438,0.0035924371897912977
2025-03-19 19:30:00,0.0018385306397110668,-0.006192524071206407,-0.000974443326518859,0.000851382418002089,0.006053514267549964,-0.0013519036630924575,-0.0019210175273105534,-0.0015582421036608451,-0.00037043506741074594,0.0019944073462907497,0.00027600611432454514,-0.00040578637356514236
2025-03-20 13:30:00,0.0034302342798540053,0.011674313229195654,0.007820704624368346,0.007822256979133968,0.011644263850791425,0.03519635089335704,0.005194869423657877,-0.001257053730127744,0.004329018529204198,-0.005410635097863548,0.0076986574226962645,0.007595869023954371
2025-03-20 14:30:00,-0.010478276971825018,0.0061208066938069905,-0.0049497564167264585,-0.006018830688956811,0.0012630410807510373,0.0072169579831440345,0.0017616004475922153,-0.0016060561984527766,-0.0009486447461304337,0.002596469274861235,0.009608603749747147,-0.0034356128288894894
2025-03-20 15:30:00,-0.009290495659825204,-0.011264378926508556,-0.008273362872524892,-0.004294978380569248,-0.015160262538532976,-0.013671029716843641,-0.0016617947387054244,0.001345796972971769,-0.004756985352063481,-0.0004996062492406139,-0.004145580875206001,-0.00021849478852598025
2025-03-20 16:30:00,0.010126179572349514,-0.0033957410306761915,-0.004258628578601709,-0.003055197248769126,-0.0042143427886705,-0.00769659585039939,-0.00562914494121447,0.0036937405245627275,-0.0026360328244097175,-0.0010355064526326174,0.0011570406207734862,-0.002461758588725438
2025-03-20 17:30:00,-0.007691986761261482,0.0016112488378965395,-0.0022066312457544868,-0.002089574706816144,-0.0025456935528831437,-0.00774298805371032,-0.0007110960608951444,-0.00022902052993423183,-0.0011149803578902606,0.0029966712856515088,0.0014275006123005696,-5.482850214288959e-05
2025-03-20 18:30:00,0.005212742556151007,-0.0002888599158712424,-0.00035958857515527853,0.002672858543223633,0.0019813208540915284,-0.00528625788549153,0.0012963288900680325,0.002073058208267753,0.0009744732805874179,0.0003027057624755969,0.00135622284507253,0.00016430935158595616
2025-03-20 19:30:00,0.010895105198937216,0.0035938820818888217,0.006871520079888782,0.0024330975670352473,0.004112075033989804,-0.004546195028038547,-0.0012963288900680325,8.630343153015474e-05,0.0018047698455987415,-0.00026715890146356003,0.0006794910028666834,-5.4738926464459325e-05
2025-03-21 13:30:00,0.011279641796194007,-0.017031209601943154,-0.0019163267632897885,-0.005079946247602329,0.0010510085857431406,0.00742991402705151,-0.0019266663764208047,-0.007143700327608471,-0.010323745520976146,-0.012040184426925116,-0.0028511196705132136,-0.0024676985457725564
2025-03-21 14:30:00,0.005509839680355455,-0.0015414854908781805,-0.0013882035947290206,-0.0024585408724977498,-0.0049509056069290125,-0.0005930030981193823,0.003743198113975943,-0.002697509149923505,-8.928703328692222e-05,0.0021247730578810575,0.0005436086350893987,-0.0013758539793178315
2025-03-21 15:30:00,0.019374047775484904,0.009073830116482995,0.00565993724420899,0.0043016936163677855,0.00594964999171399,0.004403133760055411,0.0034003997009657283,0.001349664144138174,0.004513658372618856,0.0002154891950603144,0.002307511035423815,-0.0024750266279456312
2025-03-21 16:30:00,0.0016724266676853006,-0.00243155234964032,-0.00016308269843179346,-0.0022070350933338645,-0.0006400819323362228,0.00020483590980013844,0.003573512589179373,-0.00043514011012657505,-0.0005204447846756111,0.00021577198933098174,0.0012193801052733377,0.0001654167279605545
2025-03-21 17:30:00,0.0029098328199648194,0.0010765879146754642,0.00023295698835745782,0.0014286748918239667,0.0007680179288964695,0.0015762131054914974,0.0006220187819154788,0.0019133210932080758,7.112389051755486e-05,0.0011860240525329857,-0.0004739922548075981,-0.00022050564674547246
2025-03-21 18:30:00,-0.004276133868060583,-0.003471276012122715,0.0029768820346900426,0.0006616843671354289,0.0010497377400442431,0.003396878153735905,0.0012220939363727368,-0.0011301653539801393,-0.00021349545458448915,0.0006096833550151004,-0.0002710422396949852,0.00038581094144873873
2025-03-21 19:30:00,0.016554438040826014,0.007251959545060416,0.01406624093765707,0.014919937740983436,0.0032659584746541626,0.0009396563659089807,0.00031045316905498055,0.0039933996116525705,0.003907039762613529,-0.00035837953016493174,-0.0004065977257585729,-0.0006062810955747011
2025-03-24 13:30:00,0.09597954574506762,0.02389716352237503,0.006436484670001796,0.0011033925682832901,0.03295220026751888,0.03960029972976731,0.02194201824550923,0.006390949184364558,0.015721497065731782,-0.0011676234906268235,0.008773190628856398,-0.008637913652306928
2025-03-24 14:30:00,-0.008349551731706484,0.012865075435754214,-0.0027909093946805186,0.0033226909771624236,-0.00488827351845611,-0.007900735468298947,0.002628847921797295,0.005237576736460525,0.0010115048755103828,-0.002267099090373925,0.002482940031457659,-0.0003371044592350714
2025-03-24 15:30:00,0.001414840130104622,-0.002379105387633196,-0.0007189251675390196,-0.0011944868574866874,0.0013558560822861665,-0.0023397390673647323,-0.0036416293033649794,-0.0049363477336514805,-0.0008021587300532929,0.0005940438377640689,0.002543711689309447,0.0016708282932560437
2025-03-24 16:30:00,0.006314618886223755,-0.00017415961995581597,0.0013232943160579325,-6.778863072209873e-05,0.0003784560630926137,0.002358780039074304,-0.0006892702747105517,-0.0021538735013928445,-0.00034897009716594596,-0.0006124072174911177,-0.003817998081859564,-0.0007222694629902549
2025-03-24 17:30:00,0.00433303934666629,0.0007079181016589331,0.0021409926582629524,-0.0014020467570468043,0.0009641776342546038,-0.00013815444429265966,0.0016615823319741096,-0.00012937478960051152,-0.0011261176643859727,-0.001785165837956626,0.0032161567844832817,-0.0020584453413645676
2025-03-24 18:30:00,0.003409515090305071,-0.00016423194824355392,4.554758789865332e-05,0.0022169161234728563,0.0032070775567518695,0.0030664420607937615,0.0054918591099806235,0.00017247406721399017,0.0026954718035012704,0.0004511047572339777,0.0011365414142865404,-0.0002227541834374236
2025-03-24 19:30:00,0.008185938315661723,-0.004649693047048764,0.002998586562565464,0.00010183141596531442,0.00014776631993562717,0.0018614774346499274,-0.0013298215678272385,-0.0015536021608779649,0.00012196716355017401,0.00025255622482767137,0.0005344143654797406,-0.00011143820535597371
2025-03-25 13:30:00,-0.004628225534431429,-0.010364505245052946,0.01324941654442835,0.0052887211215351115,0.01033892454224894,0.01735091709099823,0.005549272815106754,0.012447086241000882,0.0030960840344382845,0.0072953191659834715,0.0032004008967492226,-0.00035768917532497113
2025-03-25 14:30:00,0.0020750787497672007,0.0023442522166803315,0.0007160602870053268,0.001053902071537216,0.0009744541324776534,7.982715824095266e-05,0.0023032052248028734,-0.009600645901014282,-0.00019103136428366696,-0.0018634327064965817,-0.006545109223425882,0.0018762939004446366
2025-03-25 15:30:00,0.0012234486113680276,0.003309004934643589,-0.0018807016537483179,-0.0025449134851136535,-0.0028285892743973307,-0.003906969970906893,-0.0007404881886658998,0.002924264283450384,-0.001999749464091316,-0.00010762859561008753,-0.003355932954071328,0.0014851984803021523
2025-03-25 16:30:00,-0.0029745248673460623,-0.0035301811986245824,-0.001345546727002933,0.00048162850463651097,0.0007811153734884613,0.0006060490616039971,0.00020018436943303186,-0.0012030540794851774,-0.0006266528945051419,-0.00025110543192585766,-0.00013450058521957686,0.00011110398772640195
2025-03-25 17:30:00,0.0087120026639953,0.003985083774128206,0.003047315510377402,0.0018862193480986278,0.002802028843281512,-0.0038338482074253832,0.0011602431450894457,-0.0001720205723003687,0.00040045704501512347,-0.0009687647298921576,0.003892373364334567,-0.0013893908556363854
2025-03-25 18:30:00,0.017298557457730013,-0.00016655023463840735,-0.0003132949552151487,-0.0034967852789140608,-0.001387801209093098,-0.0004042084435917914,0.002176750133687122,0.00386253922996449,-0.0005223902250399703,3.5190440306642756e-05,0.0012048510495397124,-0.00022244444125973928
2025-03-25 19:30:00,0.012572214551236804,-0.00041437849699210716,0.00138654864134935,0.002889553253692334,0.0023849040532182286,0.002770096362975316,0.002052588405129896,-0.0009427950771145888,0.0021575187610105573,0.0003232336811986869,0.0008693362706324592,-0.0010574785356061156
2025-03-26 13:30:00,-0.04355143413840601,-0.04692071106028006,0.0015386078388370805,-0.005354771462020125,-0.014691216476788505,-0.01887435204712773,0.011814786262603683,0.018774775675247213,-0.003438555918720887,-0.0012979513691222522,0.01123272865879521,-0.005808173142039408
2025-03-26 14:30:00,0.0022088027895810214,0.0004342804655959043,-0.0015832810175417933,0.0021225377847597926,0.0030289471616491426,0.004011595033317938,-0.003804317809512625,-0.004023025174033634,-0.0018066856099361317,0.00014812792662066698,-0.0006611974027039835,-0.0012328979958713404
2025-03-26 15:30:00,-0.007624500658297784,-0.009860439672549681,-0.00020115633240092023,-0.0025806509986185944,-0.0020432957574367805,-0.003417885693778544,-0.002867647015838415,0.00022720621440086575,-0.0022214603957788626,0.0009698601711818355,6.619996367440706e-05,0.00224061200007597
2025-03-26 16:30:00,-0.012782773323976926,-0.00505510710276269,-0.007156433513912042,-0.0027787262206349084,-0.005882161152379162,-0.0043921489911147304,-0.005122955318489275,-0.0024527514591596855,-0.0037192286532361507,-0.0007865410982281773,-0.001389806710599295,0.0
2025-03-26 17:30:00,0.002893624794145566,0.0016291812420945462,-0.0011037930114810024,-0.00360601304861774,-0.00307850477131133,-0.001601903790157344,-0.00017917385589694135,0.0005080019456604745,0.0005106146228124331,0.0012541372270922224,-0.0021215025988547964,0.0010066142466156336
2025-03-26 18:30:00,-0.014555438012001432,-0.003349324536557674,-0.005582758064784699,-0.002343694564665988,-0.0030629696883179847,-0.004081789421524817,-0.0041500190945154,0.0015645609307437525,-0.002710061201907976,-0.0011139553699708316,0.0006634784715640052,-0.001118551309926552
2025-03-26 19:30:00,0.015695826857934136,0.0038331733812579927,0.0036198582195181572,0.0010875185536391996,0.003351349497675571,0.003523773227971816,0.003353281936135488,-0.000718550106378224,0.0018478385858706758,-3.5866257034555815e-05,0.00026530864951546107,-0.0017922714766793746
2025-03-27 13:30:00,0.03749124375013402,-0.007814043328781217,0.001128540947619605,0.002254920395811766,0.008179356129105031,0.0018658911742468476,-0.0029934764834154137,0.0015210439382062901,0.001352964824687497,0.010813599248097105,0.0007953016942536806,-0.003088085558927922
2025-03-27 14:30:00,0.015946969297751856,0.0064939648401907135,0.005175399014917481,-0.00017920039643914976,-0.0008386067907206751,-0.002592967793226819,-0.005250187647686921,0.0019402203824538944,0.0005967558302666376,0.0013324215389411975,0.0013241325228516843,-0.002081661015560954
2025-03-27 15:30:00,-0.022950647135369096,-0.009245654739145515,0.0017709289686314023,0.00012795892332917447,-0.00039489525903402267,-0.004564104256232326,0.0013050908876373057,-0.0016447643072705631,-0.0021343187360871596,-0.0006570974070578828,-0.0014566725907627642,0.0010689010733999638
2025-03-27 16:30:00,-0.02338025836363844,-0.007257941869948326,-0.00040336812585550774,-0.0022036789227017906,-0.003709661673195086,-0.003436876358859031,-0.00392039359105123,-0.006648448498982162,-0.003320421257383188,-0.0013318864489200166,-0.00013255763710873225,0.0010510284549880566
2025-03-27 17:30:00,0.007745651992878244,0.004052948072553519,0.005653959597334612,0.00299684632486219,0.0028700193863722134,0.000528256681147532,0.0022736598702834954,-0.0005099665033228007,0.0021150814664911977,0.002059957488003583,0.002118412876106923,-9.567402810528591e-05
2025-03-27 18:30:00,0.007722098816278944,0.004670529033669268,0.0018701500676803207,0.002579880556385916,0.0008396422868228726,0.0023901376820898435,0.005212011700929331,0.003394960802125979,0.0031993404374226486,0.0007474635626474324,-6.609467696616633e-05,-0.0012356606970334028
2025-03-27 19:30:00,-0.018026351827629128,-0.011066582126906255,-0.003833132867929301,-0.0037570520034719834,-0.005892430857182163,-0.008066834032049108,-0.00784838024219603,-0.0014414567507490261,-0.004855761910856238,0.000281683769289387,-0.0017210075896869625,0.0014055508728816335
2025-03-28 13:30:00,-0.0305841455541076,-0.01949417017709454,-0.018115081913593123,-0.016016207226066115,-0.03409679482885242,-0.02519395771006394,-0.014656295017634768,0.001187240572140702,-0.013225966197644823,0.006151880040136781,-0.004980916923764234,0.014734872298087787
2025-03-28 14:30:00,0.003226083891285647,0.0034366387066624426,0.00031822531140779375,-0.004446263767207803,0.0010785339082541867,-0.002436914012209357,-0.004262448747195613,0.0005084323762769571,-0.0011265074857371715,0.0010928208442262388,0.0009316523784015374,-0.003933722205717416
2025-03-28 15:30:00,-0.008902541896090632,-0.0006385668480648476,-0.005881400642920198,-0.005123132275800302,-0.007910290373780882,-0.006418891509609281,-0.004321985171714893,-0.005521368991661113,-0.0037641434876141133,0.0005632543767690734,-0.006004380572908197,0.0023811919808087723
2025-03-28 16:30:00,-0.0008352679828531606,-0.0010042967298744543,-0.0009149410245852252,-0.007977784864178439,-0.004927124342965605,-0.0008418751190912843,-0.004257871232941746,-0.00016527387878806366,-0.002607397704463388,-0.00014081070794702555,0.0038736562031997934,0.001607902986959786
2025-03-28 17:30:00,0.005265717693463401,0.004920515834897721,0.0025597561522712198,0.0045705696306646,0.0027772085978829963,-0.005290150066239896,0.0030609119142770425,0.001612251771482498,0.0010796948686966346,-0.0006337324440801595,0.00013323344573823448,-5.537276205114239e-05
2025-03-28 18:30:00,-0.0061207097455797665,-0.0009548321842371976,-0.0024682732521075224,-0.004290516905232522,-0.0014003557646073972,-0.004328785997281592,0.0015269182070696274,0.0005212742109526047,-0.0003957161690708588,0.0005633733651491113,-0.0016007890111700007,-0.0004988312155971286
2025-03-28 19:30:00,0.0016522715880853411,-0.0024596165322581243,-0.0028872800135539833,0.0028397251837235515,0.0002076278979661339,0.0008325478391268959,0.0014834377613173189,0.000668792151659936,8.993926140909991e-05,-3.523510895409032e-05,-0.0014697124505049786,-0.00033263603022248844
2025-03-31 13:30:00,-0.07116660037153988,-0.05386962466025391,0.00316188794577954,-0.029429387633586046,-0.04192788250969581,-0.029096740941730204,-0.012721635831764111,0.015761654118573,-0.011417524193526596,0.01029602009817232,0.023064001947605384,0.009804334826848837
2025-03-31 14:30:00,0.022006396098604775,0.012431776674135087,0.002558820418220087,0.004085829173139821,0.012102116422249232,0.007726016003758218,0.007954469565773614,-0.0008784870724518612,0.005480793771710957,0.0026792157239201586,0.006187110898319581,-0.0020700566271916188
2025-03-31 15:30:00,0.01578070761646,0.0074860108581802365,0.008135453454639396,0.007149326836563219,0.009452510848366735,0.012418898972339498,0.006083897876899336,0.0022155759639419514,0.0036581935388007025,-0.0021566555370879925,0.00527758530117417,-0.0025905599202973306
2025-03-31 16:30:00,-0.0023178479493886073,-0.002456327457120544,-0.004764196346528138,-0.0020450997327268183,-0.0008427795400391958,-0.0006825299416544084,-0.0005963987909121116,-0.007081985223209131,-0.0016512946353444136,0.0012179631721958017,-0.00048458281434360373,-0.00149062477859907
2025-03-31 17:30:00,0.016755200076650212,0.01716270500140471,0.00419822052785257,0.0032406731874701222,0.006521820275226631,0.008680319254911417,0.0045772845497769055,-0.0007151645120542227,0.00596080872192406,0.001424984775511895,-0.0005170749492693361,-0.0011609317081786585
2025-03-31 18:30:00,-0.007138707628218555,-0.0028875128363923253,0.0019456498170464798,0.0011673009365624765,-0.002135760520134866,-0.004226117069013213,4.0997586272517594e-05,-0.0006735219699907091,0.0008255159368015796,-0.00010419318209731188,0.0005817521415796278,0.005351005753065685
2025-03-31 19:30:00,0.009935419995226624,0.01416623679541118,0.003474526357932106,0.005349465845299939,0.004556005103547811,0.004729241060187128,0.004658200610462515,0.0017671488534389823,0.0032375303800638022,0.000937453946888489,-0.0010989958971707736,0.0012096621401918028
2025-04-01 13:30:00,0.02558873000348072,-0.015192505606455242,-0.0021424211268836757,0.007044232141201867,-0.004081015189561832,0.002581105280708762,-0.014495085029241572,-0.007426235671641024,-0.007318176950345645,0.0005377280848550825,0.002648419896996934,0.009026122670677594
2025-04-01 14:30:00,0.03028972355235382,0.016487058159733614,0.0061206367317847565,0.009464490614557342,0.014198418828116566,0.0069998887319489,0.012740558858784112,0.005785410762052301,0.010142212002360651,-0.00013146734405022897,-6.447861047398362e-05,-0.002889321741721851
2025-04-01 15:30:00,-0.001605807227931244,0.004480821139227764,-0.00157113421341748,-0.0007874522658521954,0.004127239943620964,0.0065074087195027275,-0.001798498144229832,-0.0006318436479819667,-8.739917740374636e-05,-0.005974031138204161,-0.003943252218721938,-0.0007659819695158276
2025-04-01 16:30:00,-0.00143197121969596,-0.005488532196904927,-0.0008609187419086339,0.0001468031297351402,-0.004569562808804939,-0.0010417396178432625,-0.005662182806382532,-0.0035877498393723783,-0.0023746712287229244,0.0019173698656835825,-0.0010368976668821972,0.0008751458162246095
2025-04-01 17:30:00,-0.012844350797704074,-0.009988013203659385,-0.003778410265359078,-0.005729424915399406,-0.005950841758364689,-0.00978545962186761,-0.003875026896081657,8.45201424262143e-05,-0.004892842869683278,0.0009051689586696554,-0.0005836906435172651,0.0017449196320971083
2025-04-01 18:30:00,-0.00296908111826788,0.008241073088388617,0.0010378167109603709,0.0045710818384403495,0.0015694643523103124,0.006242166535487037,0.004739077920625334,0.0024915517034838075,0.0031204002394940034,0.00010438170071846997,0.0003243476268881551,-0.0018551668438728797
2025-04-01 19:30:00,-0.00212072636525118,0.014067655477678187,0.006338968233597697,0.004340958902106173,0.004485484990338406,0.004755772800449698,0.0015198933955096194,0.004124740521921133,0.004681946811994742,0.0005912552148563677,-0.0005838420834445301,-0.0009289590499559353
2025-04-02 13:30:00,-0.020508374726719403,-0.010508083932803558,0.004025202944612616,-0.0015322439408276267,0.00010401734859932787,-0.002922641940736881,0.009335219462442979,-0.0055598127145275456,-0.0003387124595937152,0.0025005265955133638,0.0003892659277919819,0.004431256840592646
2025-04-02 14:30:00,0.04637979705982165,0.011415511158670455,0.0019620199470873345,0.0025263186132491455,0.0009622428196394139,0.004525593103992698,0.001970286421812517,0.0010975971649207494,0.004358800044985678,-0.0006418902075688848,0.002720725662717527,-0.005829489615977401
2025-04-02 15:30:00,0.02757609857258725,0.008151692704146285,-0.0015603348800024008,0.002076526428785641,0.01754588505481358,0.0032067150392220967,-0.0015636996863737096,-0.002505882325778863,0.0017205401865458825,0.0024443269510054932,0.0056445389252699485,-0.004689241128592592
2025-04-02 16:30:00,0.0012702378536291192,0.0007428789510415257,0.0026289257866496385,0.0018899197881161456,0.007456938957911774,0.0023071920933999124,0.0017260588508367647,0.003349324286735289,0.0031793081639355236,-0.002513707954376443,-9.649167374181644e-05,-0.0009343269940664811
2025-04-02 17:30:00,-0.017573544329692048,-0.0173200165977061,-0.007997400244951436,-0.009235701801427076,-0.013399902540888853,-0.01582436957520983,-0.008271408078938336,-0.0026170084059433663,-0.008830843043420522,-0.0017196440228675058,-0.0014163474852724178,0.0026938937218767833
2025-04-02 18:30:00,0.007258971201029141,0.002968419395364741,0.0032696793292448234,0.004981640745095994,0.006555715050168054,0.0019137974259466617,0.0038113268109736254,0.0005915383880541469,0.0037357272723950175,0.0021409403126471105,0.0008372018375251145,0.001549224335461119
2025-04-02 19:30:00,0.007100537180341426,0.0066354443485847625,0.0005806148139271272,-0.0006279485192761669,0.00035731695226814963,0.003340331403294705,0.0018190007212703918,0.002278357515944407,0.0025889060200778857,-0.00036928656680945693,0.0010936930563687497,0.002286590310373704
2025-04-03 13:30:00,-0.055693422671262205,-0.048541016468228726,-0.08460535628351984,-0.022723566537286466,-0.085342745373298,-0.07508721348937097,-0.06692003062612972,-0.03717965800518819,-0.03898549398249074,0.00012148671580991532,-0.07689166471926079,0.010662742286918991
2025-04-03 14:30:00,-0.006670701336902063,-0.020951184350849417,-0.007737649035050254,0.0016986028083447735,0.0009999330792451744,0.0027877571504300036,-0.0010450573647293737,-0.003242019200549784,-0.002470552271631732,-0.0060743737554442845,-0.0014592369557835383,-0.0016247122408428183
2025-04-03 15:30:00,0.01975987340842078,0.006689257356935485,0.009802299861140007,0.007150442357085396,0.014879570026373301,0.013018296778308347,0.014440197117801645,-0.0004389505522430781,0.007704727274388645,0.0006282686580236785,0.0034710204193437733,-0.002931084312516319
2025-04-03 16:30:00,-0.009644729729137325,-0.006202878114065946,-0.010022849386340127,-0.0028832978545301202,-0.009663055153637856,-0.010981007519511365,-0.009704417413387567,-0.0027256143565637103,-0.006726804334342695,-0.0024455230016409146,0.0018001424669131794,0.0030395026760139388
2025-04-03 17:30:00,-0.004453766859064068,-0.0038415437795853435,-0.004938548240758678,-0.0008120796619053294,-0.007078258572773777,-0.008709291321360446,-0.0035820024105435166,-0.0028213710236082434,-0.0027146164213824875,0.0013283634388834287,0.003452803709505403,-0.0011561583093957495
2025-04-03 18:30:00,-0.004457164527567059,0.0004238108627241388,-0.003948687548184893,-0.001452581112058482,-0.008126304886629576,-0.012672480737873748,-0.005307997225163064,-0.0006182353335288937,-0.003259710464565302,0.0006983576517480827,-0.003452803709505403,-0.0013399453881595136
2025-04-03 19:30:00,0.0046526450884707415,-0.008397071496236919,0.004244198356396112,-0.0047859362981386155,0.0002802870445135497,-0.0022458800345672714,9.207759686269412e-06,-0.0070038931784015546,-0.002582063889544628,0.00010471692218505524,-0.00041512184295378063,-0.0017400334068069512
2025-04-04 13:30:00,-0.09712716494166695,-0.07338955585538987,-0.03906707001633425,-0.006917315508331079,-0.02468975750615332,-0.04741970416197727,-0.07509736206399076,-0.04596944092429123,-0.040520637893632916,-0.019348928110786368,-0.09002316127316057,0.021216601140412017
2025-04-04 14:30:00,0.005497354436355906,0.005210202222660776,-0.004053643734709844,-0.010234190742628435,0.012931764622323705,0.007026778216605578,-0.0033760834844800414,-0.005698559218337174,0.00011620228028341728,-0.007035370786069528,0.01681977997330364,-0.002507328597193492
2025-04-04 15:30:00,-0.009604962189494692,-0.013445356731033087,-0.00867554070988863,-0.005933958443200105,-0.008059211508713915,-0.008823340855023787,-0.003980841993508122,-0.009696463772570496,-0.007698700417938298,0.0013612793863853057,-0.004029017983554262,0.0035724698648538222
2025-04-04 16:30:00,-0.001671064217373619,0.00287548760771994,-0.00948413597247555,-0.00028068676441517226,-0.0005147795878679418,0.004122552812678926,0.006342899106941857,-0.00018918299888071033,-0.002403422512656128,-0.004052781265221128,0.00022424803432130602,-0.00362487976883763
2025-04-04 17:30:00,-0.0032494699927658743,-0.0009579020691399265,-0.011109180787932438,-0.005068152853264785,-0.0018325057263943734,-0.0005130011357081798,-0.003237422705198334,-0.005122387460787969,-0.004627671870708561,0.002135856083856247,0.004177024188066092,-0.00042851119757969514
2025-04-04 18:30:00,0.010579231044416382,0.012211054446270353,0.007121925291943221,0.0016805628677190043,0.003576081145779675,0.006261126984761667,0.0028599316794499785,0.00038034530051511695,0.003374804560507094,0.0014153637043614609,0.011544548420898693,-0.0031580186691728684
2025-04-04 19:30:00,-0.014311724678234938,-0.008918983766588617,-0.009772618605914829,-0.00973698342403484,-0.0237250430245437,-0.012502266913956284,-0.007676356728880229,-0.008209291930189266,-0.009861952617724157,0.0022891195546952403,-0.00036798065670229363,-0.004351907787663478
2025-04-07 13:30:00,-0.04770649388716475,-0.00894570741220857,-0.03571905018491517,-0.012862081380627721,0.013535318764338555,0.001148480595211332,-0.0020236561645123885,-0.02947252864990535,-0.014606397176846642,-0.009079711180230987,-0.020073508047262933,-0.0197940087302495
2025-04-07 14:30:00,-0.010440371771083257,0.0042697961451452215,-0.030214811179206436,-0.006093385692341968,-0.014061813287138847,-0.003945914531475303,-0.003748531382930409,-0.006139268082317351,-0.008851099903060877,-0.007163860699334279,-0.01574360240879713,0.0008399364581439528
2025-04-07 15:30:00,0.013328539583771004,0.020975794011413917,0.010042390626912479,0.008547057267481506,0.009464114587479422,0.016863794899079743,0.011747780411495157,0.008407135991792103,0.011617363210790543,-0.0029455014040351557,0.006842525783642195,-0.005850290571342676
2025-04-07 16:30:00,0.018700606994208613,0.024348079785292853,0.01890622353815008,0.008683517565624577,0.01304384754047927,0.01602661810268735,0.015110569669788632,0.008630090556587255,0.012057683247467033,-0.006393533363820758,0.008901076625154936,-0.0053129320951113
2025-04-07 17:30:00,-0.006950006092901084,-0.008412303145560074,-0.0066597086058139965,-0.0033749182697730973,0.001029381527066775,-0.005030289682776079,-0.0023898507230679655,0.003071100068815724,-0.0008507883830928265,0.0036584514844264504,-0.013153152671521617,0.003545117361180239
2025-04-07 18:30:00,-0.009132267130809169,-0.00783269093564698,-0.010668688965131068,-0.007445504153539062,-0.006537706091301665,-0.008810758049468959,-0.006264287277223168,-0.005712055713083863,-0.009117212063867619,0.0013138307981686026,0.004100609701552571,0.002264442174038983
2025-04-07 19:30:00,0.016597158522960953,0.010907677144393446,0.017603797860112458,0.006970387332258632,0.009334375984398235,0.006857330165664699,0.007069297567753985,0.006928157060629658,0.00782975110064843,-0.0011311922365324634,0.0,-0.006531227554711805
2025-04-08 13:30:00,0.06100936771270238,0.06938174325186353,0.04174015553069754,0.03938195134219047,0.03777558863996333,0.04658074344849261,0.05722449804089358,0.017063162932397624,0.036641521575678127,0.014084792086801912,0.011452724636497713,-0.005177797084824576
2025-04-08 14:30:00,-0.018380083682939308,-0.025824790123731844,-0.028066785370059577,-0.013840884534299214,-0.022498162510287578,-0.02597654004106964,-0.020450434363876724,-0.020471965616936316,-0.01775421275330924,-0.0015311429894069306,-0.018449053005417326,0.004398963483493112
2025-04-08 15:30:00,-0.023418499342936272,-0.004664974277393874,-0.004136931002745925,-0.00650170488485724,-0.005578211038815617,-0.0025316847721850166,0.0035450138732642245,0.012988419110468996,-0.0003889646643306932,-0.004625785228862256,0.00472030098511933,-0.0016118935801063827
2025-04-08 16:30:00,-0.03493668655597926,-0.028000734682464667,-0.046330436734193015,-0.01704276431178986,-0.01956535871552134,-0.021602199422372514,-0.02018447585241301,-0.020332393366227386,-0.02264932737698011,-0.0059582906460029506,-0.018319596508095337,-0.0030661364395658808
2025-04-08 17:30:00,-0.0024575795383823262,0.006557741798978611,0.0017125420970200977,-0.0004604258061995381,0.0013374853130789788,0.005057995217399025,0.001302144881422329,-0.0006390487811689383,-7.96300864021049e-05,0.0031289258854441115,-0.0022459528892886382,-0.011964109564589265
2025-04-08 18:30:00,-0.027019411297689366,-0.03177690616150297,-0.014014372339117287,-0.006696891574624608,-0.015175561161202111,-0.012096199224520099,-0.008736077477434101,-0.011224628972225759,-0.009800850175431641,-0.0014067552853873622,-0.014525776622567932,0.0024832251337345568
2025-04-08 19:30:00,-0.006295687002107364,0.004040821869985223,-0.0006942956705229264,-0.0009515424420261098,-0.0014601527305719841,-0.0006262390038340726,-0.0009677506643406275,0.002284764570588571,-0.0015489458088104868,0.0011887884296770679,-0.0031516061354857072,-0.003783701544286977
2025-04-09 13:30:00,0.04418484470467554,0.033247370853998426,0.032133130077073524,0.015280485270211308,0.014592866612582966,0.004590177407536089,-0.005941954317743026,-0.021349521210251687,0.004479245430849765,0.03255999884283334,-0.035993629756686296,-0.01655594086672796
2025-04-09 14:30:00,-0.003417003204364555,-0.008140718855207396,0.007500454796731226,-1.3862308898104914e-05,-0.011121190854995078,-0.005814760690268095,-0.003880192628751722,0.012479184504174512,-0.0013838105821308844,0.0003200013419712988,0.010254848125528682,-0.00437103645255732
2025-04-09 15:30:00,0.008005116467267648,0.0027310194930727505,-0.0009183851505323304,0.007477787608038078,-0.0006991704126768639,0.0020101117080191244,0.0018606103815601571,0.0005004559109567097,0.001964856132533832,0.0004921428866913047,0.005651988860027046,-0.0034134842282407263
2025-04-09 16:30:00,0.056884425771375646,0.06830879503773879,0.048554137074464876,0.04122793066316355,0.0550254382675357,0.05966515812504092,0.052373706921136964,0.039099484158924724,0.04828836576460649,-0.008611319805865492,0.049480081834689216,0.017185756327918966
2025-04-09 17:30:00,0.07362828705931879,0.05090341488266947,0.011995183295113065,0.015860463898615507,0.038526622893027884,0.05454623385017143,0.037055223343250177,0.01769193959411286,0.026721989611757202,0.0014167603896018122,0.030934235793462328,-0.005251910981048269
2025-04-09 18:30:00,0.012707087044883991,0.006761009094507386,0.027194947372514378,0.007037912642490873,0.005030042421846126,0.014879031165075496,-0.0018716345940061885,0.0009448973205667954,0.004338740375454009,0.00891494054445996,0.004891348978693699,0.014892982676474098
2025-04-09 19:30:00,0.013025602096686129,0.01286133900539177,0.01413007996653004,0.00665580309092384,0.00846727633025246,0.005281520274600382,-0.002600562605783452,-0.0013231208137494122,0.004338549232921096,0.0007014034670449476,-0.0014797054646651375,0.0030431612902379612
2025-04-10 13:30:00,-0.06693354617799319,-0.04630745501057998,-0.034300484777364915,-0.03296316135075639,-0.03384735496521518,-0.046336040965253567,-0.025552019832940864,-0.038464406281928376,-0.02751009908158597,0.016152515367933162,-0.04358379669027901,-0.011545168305910458
2025-04-10 14:30:00,-0.012416902711770206,-0.010923073889272494,-0.01724851580994713,-0.0005825378215327248,-0.010975799558621269,-0.0123376050996713,-0.009636836781887759,-0.013456229699073674,-0.008366080011838584,0.008227035657875525,0.0018543525462844102,-0.005861833251080029
2025-04-10 15:30:00,-0.04051428090996012,-0.036286918705094706,-0.024599705227813295,-0.021356019255645897,-0.033924194496735005,-0.02483480818749051,-0.0221302226443143,-0.024758626245767523,-0.022887366061303815,-0.002637718095397368,-0.011803126839001088,-0.0035171641035010026
2025-04-10 16:30:00,0.018784282187850998,0.02299168462237855,0.02009302715464667,0.011895456623822298,0.02110829345075338,0.016566915986897968,0.014896816173825655,0.016004412060058648,0.014469156064929045,-0.0007549283938441675,0.0037423692480311743,0.0022957376943413266
2025-04-10 17:30:00,0.03300629566212532,0.018370646167379157,0.019749437792802027,0.014704413560588492,0.014534192576562077,0.012665240293956437,0.018051892132460168,0.0052617347231089795,0.017314397539557547,0.0016464108720048998,0.013142802000193576,-0.004308741848210396
2025-04-10 18:30:00,-0.025277439580239758,-0.018652443912712258,-0.009299436591903465,0.00017125396860606656,-0.015394448624793,-0.015895599871033284,-0.017339529956061916,-0.01176423147225858,-0.011343685582466456,0.0020199480457296914,0.0010762083696178593,-0.003633774050723737
2025-04-10 19:30:00,0.01856463171913081,0.01176808678020258,0.0023920722579484632,0.004048717318868356,0.005205678168785255,0.002169257206442232,0.009963990836975967,0.010263690745048848,0.004354781343865355,-0.00023946817719089353,0.002909725744911107,-0.001040600628739341
2025-04-11 13:30:00,-0.030369303409244708,0.0,-0.002681652484719521,-0.004061902028367648,-0.015362623009044896,-0.030491156076947412,0.012828234373920111,-0.010263690745048848,-0.007690911139720313,0.017968980718181093,-0.008604809436795868,-0.009414902919523627
2025-04-11 14:30:00,-0.0038875228786867666,0.008690102365659591,0.01769134020196894,0.00780676409858394,0.0069869768520565145,0.01011168878103863,0.009180380472805005,0.004742389126032087,0.004579588953101066,0.0036893191373357226,0.0053866765386096915,-0.0007593074009202283
2025-04-11 15:30:00,-0.006911871064659181,0.007336817990136524,0.012751926287770665,0.00946957864997966,0.009383260210089617,0.002230126689644507,0.005287928358808536,0.013200264914387638,0.008205891864434989,-0.0015914572438884278,0.005663061317696894,0.00965226733880975
2025-04-11 16:30:00,0.013552341052247563,0.002737435982129277,0.00524517621333942,-0.0020216657016254302,0.009159297585834558,0.0023088281298750957,0.006751881624892597,0.011850789719329846,0.004615892057419302,-0.0022322011786917173,0.010476106799562679,0.0001504661805373786
2025-04-11 17:30:00,0.012164807499670971,0.005543206710575177,0.0037995875192411432,0.007547435430169891,0.003738410834412065,0.005711948498531072,0.007050860099321099,0.009866754393959454,0.0062466236245724005,0.002885858887266224,0.0037687540417081777,-0.0008011574547373002
2025-04-11 18:30:00,0.007555957089683929,-0.002177247206508248,0.003849214515374122,0.0001287101204701102,0.004917746647632448,0.0060202886024445235,0.006569760653774459,0.007794953725775322,0.0029777729417297394,-0.0016432427809736083,0.002029268832412612,0.005435870983761859
2025-04-11 19:30:00,0.0070235744273121625,0.005253651785174007,-0.0016247321288362926,-0.001056179777182642,0.0016789754956487712,-0.0013619124830812623,-0.00792987481004026,-0.005270733872510647,-0.00144102645739963,-3.390444222794997e-05,-0.0017283169406638876,0.0003535062287696178
2025-04-14 13:30:00,0.019963649789786153,0.016815088402078793,0.03342166546290404,0.01265191939070398,0.001027679172316276,0.00466618548645048,-0.005754629540014378,0.008460603767582064,0.01514776740030399,-0.00846010963802346,0.006596647714195214,0.006656765650355112
2025-04-14 14:30:00,-0.03291493058861761,-0.011018377101034815,-0.005632408078836804,-0.01087509618877025,-0.011034813244847008,-0.01694469556253342,-0.003667957183264292,-0.004203195809106219,-0.006662697761512959,0.00043986790213157434,-0.007499660375998474,-0.0018582813956520283
2025-04-14 15:30:00,-0.007783209296491123,-0.011777189967279611,-0.009128007504283886,-0.007411350153816443,-0.013094319994938708,-0.010742457015402884,0.004157605510419771,-0.0005794626206494513,-0.004970446781786819,-0.0001979630875013072,-0.006949704569419346,-0.0039926445078579675
2025-04-14 16:30:00,0.003979845815965,0.0037193643805855103,0.010423789922274551,0.0013468777759664263,-0.001052790982296159,-0.001556617877540134,0.006238487586807118,0.0009656091209437889,0.002702349417935679,0.0018207735360169508,-0.0022006708390067686,0.0034458501547627307
2025-04-14 17:30:00,0.004827222572477474,0.0068579452044854605,0.009403101657277091,0.005556266563116807,0.00718109367630948,0.006936840085189466,0.0003173004548218117,0.0056782438772469135,0.0057160297989895525,-0.00016887482394878361,0.012907236193168359,0.004689189033089569
2025-04-14 18:30:00,0.016896037727672564,0.001348025627311955,-0.0003887561276929574,0.002205065291032149,0.004064853230975274,0.0003091357291662433,-0.0028588820555297545,-0.004906397916333738,0.0017565011546345488,0.0004053341283842826,0.0007497271808798445,-0.0006484743638059953
2025-04-14 19:30:00,-0.00425506330107428,-0.005854567853159409,-0.01528322842351404,-0.0033190577609287786,-0.0018106604822190064,-0.0041946178514518095,-0.004676507535677388,-0.002752397115858507,-0.004350677737450681,0.0004389609884665191,-0.0002998691783142604,-0.0006066104512028048
2025-04-15 13:30:00,0.006910604617290872,0.002841509672850684,-0.00887481116283162,-0.003019585795352775,-0.012707680421308432,-0.007494293172653599,0.00804275779604069,0.011394604752651638,0.0007790277354065012,0.003605472235377327,-0.004056140896991245,-0.0013722443037860188
2025-04-15 14:30:00,0.00438139527904724,0.009101359854795099,0.00652746650102376,0.002581445977378749,0.006455021878453593,0.004216546403859489,-0.0038753944588920675,-0.004119696133463968,0.0014266432092764347,-0.0009758477950789768,-0.0036193352554443337,0.002514300989735041
2025-04-15 15:30:00,-2.2718728747150863e-05,0.01096351886037894,0.004566101382760479,0.0013140011237711136,-0.0017422946668386174,0.0022805441476387855,0.0012722777695062248,-0.0016815497792626033,0.0014981743065334285,-3.3907334850979964e-06,0.0004516217694376934,0.00410070749597935
2025-04-15 16:30:00,-0.012102161860384264,-0.012659999755244122,-0.00709560639491702,-0.009312274013980826,-0.0084233182816833,-0.020560453972342074,-0.0055674831705090355,-0.005351605499230416,-0.005969891346340184,0.0006764804867493979,0.0006053763267823697,0.0017603999914923563
2025-04-15 17:30:00,-0.0009054078893528938,0.002499550013844498,0.0007962862991544029,0.0023102379723667354,-0.004317465137840593,-0.002655440141698051,-0.0034153169257278293,-0.0012576526720033954,-0.00048362213479791194,0.0016137538928342465,0.0004526409523712971,-0.002029897806457015
2025-04-15 18:30:00,0.0008252831464625743,0.0008032406213587251,0.005116635961550209,-0.0004927641102785429,0.003524416922818574,0.0037309934944413925,0.0015383329908118526,0.0026103039859597388,0.001567856389761424,-0.0005712721049677683,0.002034467524543615,-0.0019040788960369426
2025-04-15 19:30:00,0.007862940698238674,-0.0009816749484041765,-0.003309207849444107,0.00029571926009630545,0.0033310707631617475,0.000709993058729097,-0.004793688002274088,-0.0047423061066247385,-0.001140077260766148,0.0008803059349462572,0.0011284100730222235,0.000466977228618326
2025-04-16 13:30:00,-0.0161572615421246,-0.060490839870535495,-0.02535204617763931,-0.018238240109611503,-0.016450462035288105,-0.023183152470822144,-0.0064779681689586255,0.015832448715160652,-0.011145437369398437,0.02495183334919382,0.017145429510478927,-0.0031934194374194647
2025-04-16 14:30:00,0.0030060794018922365,-0.003273875083697142,0.006474606565238794,0.0026244008863649526,0.0114076702524466,0.005846220346347408,0.006928337505928361,0.0034802551483226196,0.005382548840093371,0.00021058816793217972,-0.0008873882412565592,0.0036488032733608122
2025-04-16 15:30:00,-0.013992557409125972,-0.012053335430731948,-0.007286849148335328,-0.006010688978271617,-0.01038918008436518,-0.0026970551401674925,-0.008094965181078884,-0.0034802551483226196,-0.005881036339263623,0.005600414260668707,-0.0023699616587240513,0.0016796431018502034
2025-04-16 16:30:00,-0.0028141669909276246,0.00019241417632809288,0.004307356337440282,0.00035763434683211415,-0.0007909083081276691,-0.0039807462475671684,0.0018866925990481676,0.007846950944482955,4.604760806703467e-05,-0.0006026126651494934,0.0036268533223724475,-0.0012825349537699537
2025-04-16 17:30:00,-0.024131134874036064,-0.016980808189234864,-0.016339284703991375,-0.011617154923914796,-0.01937370678240402,-0.014905999221554112,-0.005459774646676685,-0.008467767272644977,-0.010457449132601049,0.002473347292656136,-0.0028855731698236298,0.003126119584977438
2025-04-16 18:30:00,-0.02677378510607209,-0.011614878694588882,-0.01025509976255723,-0.01210629967428023,-0.009683188933050424,-0.010642606910093555,-0.01002931316924549,-0.008684711685742919,-0.010194414236780247,0.00037398513827646696,0.001480800955912187,0.0020915010473663287
2025-04-16 19:30:00,0.030132752971133492,0.034017078030976755,0.008943610063961493,0.008024280011470708,0.015953141483254996,0.012435924043531443,0.006334580124808475,0.004183854607489934,0.009661897385730533,-0.0009591939578355024,0.0020842253755066764,-0.00044937802321687315
2025-04-17 13:30:00,-0.011449725949894685,-0.03907906905661651,0.006872860461570873,-0.003490876426973877,-0.008494061432874567,-0.006135544143939242,0.0049196906774122695,0.02308307975639945,-0.0008371863595542095,-0.009673349850665147,0.01012273254841567,-0.002883652929404512
2025-04-17 14:30:00,0.0027178363591700005,-0.0009637136897078236,0.002042453242523834,0.00021597271131579276,0.0022817789257798538,0.005528179553317081,0.009906890797658718,0.010885639674414804,0.0027186446389206864,-0.0015116880371524033,0.014409597104071636,-0.003135658384328721
2025-04-17 15:30:00,0.00968776794716053,0.00830026423399488,0.008962974106389687,0.0038667503621487853,0.003053430507845789,0.0038669914954789775,0.00299900383355034,0.006058230913306595,0.005188600766496521,0.003611198899315937,0.008709456093563439,-0.003194781737567709
2025-04-17 16:30:00,-0.010133045192182166,-0.003996724849212541,-0.005601950020070134,-0.00412326950754327,-0.004294731102549854,-0.007549026468602449,-0.0052756807913558745,-0.007264982052147317,-0.0033487294413276913,0.0013099094605690809,-0.006520308603245262,5.719375860735454e-05
2025-04-17 17:30:00,0.007892974554589927,0.01305619866608776,0.008000457115681314,0.0007558546655754839,0.00636346312005287,0.010748566027041662,0.005639264224297946,0.002828919459065382,0.004424753042073348,0.0013736255613938653,0.004375437216388001,0.00011420335847045493
2025-04-17 18:30:00,-0.008325885359758978,-0.009257095677360105,-0.005247737791228779,-0.005872851258583722,-0.009401053198197395,-0.008252483596733917,-0.005039080280642594,-0.0045022516269916935,-0.005126172270278673,-0.001995636102077647,-0.004159812566518539,-0.001372000197424228
2025-04-17 19:30:00,0.009568637057578044,0.00192481070376882,-0.001888841574904987,-0.002201051276090382,0.00011582462325954168,0.00043666127395880494,-0.003183857234470011,-0.005130397357847372,-0.0017461955647064542,0.002355024248630322,-0.0015824014136622822,0.001486277678177217
2025-04-21 13:30:00,-0.0708902418028794,-0.05654378856656628,-0.02442343624858534,-0.020224958200567578,-0.03808801558755537,-0.03493946710569951,-0.012582576410210322,-0.01688162803637283,-0.020652947217051576,0.03155666758907394,-0.02389390193758434,-0.0061309004878333795
2025-04-21 14:30:00,-0.0012228882310640898,0.0005737416312134869,-0.007235118068047441,-0.0019172332870089903,0.00408517679250231,-0.0005162302927690376,-0.0019011098152788009,-0.0018087723977355807,-0.004899244893278087,-0.0016258172789180847,0.002871127913912197,-0.0037428952908902247
2025-04-21 15:30:00,0.0003781815945993472,-0.0009389779681434618,0.00206881703043571,-0.0036028972319517294,-0.0017405134897590102,-0.003672905554754635,-0.0021239127696306426,-0.00372297122180143,-0.0028298694782993294,-0.0018089445098636858,-0.0024288963197403035,-0.001963368081677963
2025-04-21 16:30:00,-0.006067657447553998,-0.004513344153772358,-0.002703417890206339,0.0007899352935485382,-0.005358711047391829,0.0023811627076852915,-0.0022760548327775965,-0.0008610854324926365,-0.003325680875339465,-3.1795707155168884e-05,0.00235542080620732,-0.0044027095491729895
2025-04-21 17:30:00,0.004301109154459581,0.002318801086528488,0.0010801812531919808,-0.0032966176060806873,0.0017432361759848192,0.0014261824765195996,-0.001303191392774572,-0.00047875008721298684,-0.000100421495071501,0.0031344737009071366,0.0023497739164870524,0.0010444652134378174
2025-04-21 18:30:00,0.0006539288861606707,0.00010463033119911813,0.0014923791526442187,-0.0008817741890787545,-0.00044610426628644007,-0.0012814091285981988,0.0015167058533247513,0.0012442446171725408,0.0008918901377530375,-0.0008182642755887315,0.004245061214298573,-0.0015090519170781747
2025-04-21 19:30:00,0.012742925393880888,0.01247422171267587,0.01033338962942043,0.00585046353721097,0.008734477575202959,0.0018180421239275546,0.005912927413442404,0.007337876666403176,0.00703870411492602,0.00019012440150145693,0.0026258265587708607,-0.0009879307177076413
2025-04-22 13:30:00,0.03673229499053399,0.022762699300011846,0.025666052578475984,0.010304719171332799,0.02735535465287775,0.007697328849384455,0.018303860859162135,0.018998000901266465,0.017531334578649194,0.002436790965386848,0.00696871794459053,0.005045654328134752
2025-04-22 14:30:00,0.00907003874493384,-0.001351077820016755,0.003627762412029334,0.0037685218145293575,0.01139169371441806,0.015197427317422907,0.0013283239600427876,0.005296247680572463,0.0035877994264854607,-0.00570574910230448,0.007351305276842801,0.0009251975902859755
2025-04-22 15:30:00,0.015543580994295425,0.007605414682235967,0.012743497255091718,0.00876085922950498,0.015201268920292499,0.02060524283441989,0.006572830000677321,0.008124581585164492,0.007326290456017404,-0.007562602992837064,0.008580148460995751,0.005360664608392796
2025-04-22 16:30:00,-0.02499555023401001,-0.015625694081359498,-0.014203137388847153,-0.01036833880671395,-0.020302774426901316,-0.022523588004117023,-0.007001158366596094,-0.013094781593086857,-0.011698194762291614,0.006035510202411665,-0.009298421930452605,-0.00524514120877928
2025-04-22 17:30:00,0.010081706221383158,0.003865890625237789,0.006785662442944762,0.005197648892512063,8.720943182982666e-05,0.005944925908718979,0.004232155563595796,0.0033007477623012704,0.005228801142973083,-0.00552323548531497,-0.0005750562944211168,0.0006933008771898841
2025-04-22 18:30:00,-0.012118780868582313,-0.007951504962512956,-0.006381794184873613,-0.0026884461439999896,-0.004634826972328199,-0.003962063108633451,0.0017368289666395142,0.00407591864791268,-0.0013332551792855085,-0.003910458753654034,-0.00338508167650442,-0.0006354560060071179
2025-04-22 19:30:00,0.011656991170700515,0.011954212379906792,0.005221512646554238,0.0059658339343640066,0.005096495796492739,0.009192454139049566,0.003199366852504326,0.0012011354710530497,0.004335948675381118,-0.00011535205390966752,0.0006490666895713204,-0.0004046315372709941
2025-04-23 13:30:00,0.06693042402642657,0.05226117565632915,0.0351603466256325,0.03254000194553619,0.07250998193642566,0.057649105124356836,0.04193859819371948,-0.0056484301742107945,0.031585077935371686,-0.029935332920512536,-0.02171935640790057,0.017421693039048947
2025-04-23 14:30:00,0.0004468145754339403,-0.010109930006919399,-0.010572790679236554,-0.005478615132729736,-0.015483206176562625,-0.010660384897658304,-0.008174321132721651,-0.008673407465500382,-0.009773979851831704,0.00039734800042001694,-0.005615460925504578,-0.001535118527479007
2025-04-23 15:30:00,-0.008391576202715356,0.0021598343575277568,-0.0025444270001440117,-0.0045752095538578175,-0.007275513856273008,-0.007748553803851088,-0.008014101744731938,0.0038329970934150026,-0.004260980186085561,0.0047561026790088334,0.009292746789633988,-0.006450374270617232
2025-04-23 16:30:00,0.012958967843084146,0.0057881550273588545,0.004106964863832552,0.005105886696241235,-7.127898439485136e-06,0.0031037533970064146,0.003056613340963743,0.002097253159015544,0.0035365777467157855,-0.0031021161286401977,-0.007368144084368922,0.0028592689117843406
2025-04-23 17:30:00,0.002283332750596223,-0.002359483477997415,-0.0022840914947046542,-0.0027299869877630556,-0.0018152419546471066,-0.0015722810900600237,-0.0063094049888610115,-0.002517217880462219,-0.0030332184614705326,-0.0004955858456705542,0.005163373202048405,-0.003317522062842748
2025-04-23 18:30:00,-0.016192757038993477,-0.012564729332254387,-0.0023129552407041842,-0.004377475020445054,-0.0043036854974891625,-0.004992064140451724,-0.0015992267898337076,-0.0028512048632354237,-0.0036221145263652943,0.004881975827741414,-0.0005887682880683087,0.00022919652644670663
2025-04-23 19:30:00,-0.006319998787157388,0.0011222512669304407,0.0017141621245642114,-0.0007482797561477739,-0.0017156694648461368,0.0028405849283288376,0.0008518406819240099,0.0047630454987697135,0.0014018562742030838,-0.000625450385337345,0.0019122588991900002,0.000801599747619619
2025-04-24 13:30:00,0.022083394962699288,0.027261370793437045,0.009545249623157837,0.023554145946708793,0.017487784953556407,0.017700145431859937,0.0050544965934387065,0.004183883625994866,0.012721212222253975,0.007054625096309053,0.006006845785576864,0.008601859487583852
2025-04-24 14:30:00,-0.006205875920990422,-0.0002249203501065722,-0.0019163574253378002,0.0016176251053581225,0.00357606034041158,-0.0024329649553376242,0.0011564464569167043,0.0006956623917124816,0.00045318588931131387,0.0017967706536738959,-0.006594835130785626,-0.0014173582898395765
2025-04-24 15:30:00,0.00017933796197144858,0.00382673904289188,0.001770873612078283,0.002590578071396621,0.00350179952002172,0.0024590255344234535,0.006059798002236327,0.006929714294038547,0.0036065655761703397,0.0011416033179241225,0.004035392162082374,0.00068284942062391
2025-04-24 16:30:00,0.002001550863251822,0.005150801417209472,0.0029768315644247423,0.0012473651537439068,0.0014581822642956155,0.0017412904185638567,0.0010969203769741753,-0.0007507519730971524,0.0009913129555805256,0.002539638670537414,0.006204558958306627,0.0015467773259603135
2025-04-24 17:30:00,0.007055604330690635,0.0003734508364239275,0.0018542170834976446,0.0030317820399528017,0.002775418469261659,0.002359390440254572,0.0007783955019542432,-0.0022462724196055106,0.0009720939089028491,0.00035768795059798464,-0.0018937619841539188,-1.479409027194123e-05
2025-04-24 18:30:00,-0.004747402688023428,-0.005750312237263522,-0.0009599824339101559,-0.001111873170014377,-0.0014811121902829072,-0.005878161184447173,0.0027400003432678233,0.00018472871316532746,-0.0011739296741914984,-0.000292590134655768,-0.0024819074296269505,0.0003968556765512332
2025-04-24 19:30:00,0.013812756845679175,0.006176194569551541,0.005345162049892771,0.003803026987273306,0.005053515776832995,0.008687076739493982,-0.000980655040013545,0.0023978108519226993,0.003042029361752796,0.0017218657805440074,0.0008766446565733332,0.00022664222209822782
2025-04-25 13:30:00,0.041938823616802345,0.010854610113574026,-0.007546176257279491,-0.0029998307958924997,-0.0014488666673839745,0.01149144124778978,-0.004917627174203076,-0.007118094750452109,-0.0036111298437377926,-0.016957301998499652,-0.00380454271682229,0.006101034920209969
2025-04-25 14:30:00,0.032340145038703305,0.010351601216686213,0.0022488326071128384,0.002263629713773696,0.00482157731911137,0.00534609989956536,-0.0030664843005192566,0.0049972425728821435,0.0034830274438419906,-0.0041354497572463345,0.006284278043197311,-0.0005069787912441726
2025-04-25 15:30:00,0.017307432672603262,0.007472423923475802,0.007175005255888323,0.0027447321466684826,0.002428782550313535,0.003664642276084429,0.000845659687382927,0.0010149062843156642,0.0034161745523331177,0.003441815731331843,0.0026189496472905915,0.002813416196095986
2025-04-25 16:30:00,0.007880261593759208,0.02164130866107694,0.0037271426805247643,0.006450973510985669,0.005821007614419393,0.008529333473675571,0.003842236697671808,-0.0009263126074658956,0.004811068119240147,0.0010566878809425972,0.0007263135023514167,-0.0023774230282302966
2025-04-25 17:30:00,-0.008475338253735032,-0.009294906761941668,-0.0041433156295100915,-0.0006274887151622721,0.0005908143541235589,-0.0026826991122756993,-0.004501230379256427,0.00018828831263295598,-0.0022429733529012452,0.001978260115912178,-0.00014524266324400514,0.0002962843320091224
2025-04-25 18:30:00,-0.005895691032800521,-0.0009026355648176221,-0.0013654112706147359,0.0004994904753932161,0.0032446641577461577,-0.0020854950809967576,0.0030030494637625083,0.0010606947682507695,-0.0001727705990486328,0.0003293466207949791,0.003334482721753851,-0.0012959462361816776
2025-04-25 19:30:00,0.008159578790563948,0.0020298026719780538,0.004838886022063171,0.002838367253099605,-0.002299537500378257,0.002377795585615239,0.0003285631133778111,0.0009675277231782076,0.001608852986558773,0.003188855472193275,-0.0010136804630480611,0.002252685279708011
2025-04-28 13:30:00,0.005600806052242113,-0.022187364690636535,-0.001434872352925609,-0.005569301935151927,-0.002755867379666377,0.0012963112221866524,0.003607024767500633,0.0018862455929484767,0.0007444109265799526,0.0017380716888579784,-0.014888563856635173,0.0005061234348966437
2025-04-28 14:30:00,-0.04426771868160895,-0.017898905647289354,-0.004701581064828986,-0.0032792448834113586,-0.014262925812658978,-0.013575186687760699,-0.010405402382194673,-0.005090900475606119,-0.006793233583904268,0.005456849818234133,-0.00871427598485397,0.0019659404557810234
2025-04-28 15:30:00,0.001962168794777952,-0.0004606610083603968,-0.0004328724168454201,-0.0030445949205555323,-0.0038375451283370055,0.004519124001216568,-0.002753118799765808,0.0005255817037586041,-0.0021770402682514955,0.0016436163191411168,0.001778496319040812,0.0002883350596620815
2025-04-28 16:30:00,0.0069160673274737405,-0.00254572700343747,0.001346148180670248,0.00038759488714923407,0.0005942606174542675,0.002181287174987112,-0.0008087014663384906,-0.004901620235978399,-0.0011911864360110158,0.000927185908534689,-0.003114560720899995,0.0014496607751652846
2025-04-28 17:30:00,0.015889314638258156,0.009551568672126365,0.008277340866134075,0.009742074534582201,0.005977412546079641,0.004536565160924155,0.002900101217599982,0.006336577274390187,0.005886944628840318,0.003263461146056912,0.0068097833797278184,-0.0003698281803004022
2025-04-28 18:30:00,0.013106420770994553,0.008260285187384753,0.003187358790943229,0.0013803901709668054,0.006261058737311309,0.005633315417088447,0.004210897764613364,0.0026246466832269277,0.003643403540736223,0.0005001540104130342,-0.001033282192869578,0.001545427784290787
2025-04-28 19:30:00,0.004311090220499025,0.004150694926878806,-0.0021396340299917327,-0.0007921944542674808,0.0012262843218611152,-7.092858676394087e-05,0.0019343609649098426,-0.0008281176914159971,0.000631112118590238,0.0006473575606058546,0.0007382158939703842,0.0009506931000275998
2025-04-29 13:30:00,-0.015791513698017567,-0.0010130369819609797,0.004085131199222047,0.006142268564493847,-0.010041186040623984,-0.0005457300534956744,-0.005194214646800255,-0.006834771786583538,-0.0018531327084767568,-0.01119439798734323,-0.024047168242305794,0.0030696441896820303
2025-04-29 14:30:00,0.0018107610629654047,0.0025747752802294244,0.00042653305214646053,-0.0010550283267898308,0.0026875234801799763,0.0011184539950779282,0.01191472244974534,0.005821734804622558,0.004209603118293437,-0.0008020596617628328,0.007830135537604477,0.0010582442344571064
2025-04-29 15:30:00,0.0030106317861182674,0.0005990386821235205,-0.002618981467446879,0.0006229573962199808,0.003543464451154499,0.004090402294274931,-0.0026991822807405086,-0.0006912639216318794,0.0011767080785327622,0.0021102697236052848,-0.008586325392282212,0.0022241663118558463
2025-04-29 16:30:00,0.007504676431061341,-0.00128670013851373,-0.0006083240657064337,-0.0020101750150809394,-0.003462953508850397,-0.003054872465741987,-8.192428719411282e-05,-4.614815556625018e-05,-0.00047038455355963293,0.0011431321567307862,0.00037055140399555597,0.0
2025-04-29 17:30:00,0.002998731349042494,0.011385728387893757,0.00645705754895598,0.003737184873506827,0.008710836017005619,0.008920838983804025,0.002699403120180577,-0.0022154340102122916,0.00411718137065975,-0.001276888636851048,-0.0006731182548467274,-0.00022216024354548836
2025-04-29 18:30:00,0.0038909341766633077,-0.005288559486460898,-0.0019984701067778943,-0.0002029910006680069,-0.0028240262310506026,-0.0021746815892971227,0.00024502801088122084,0.0027685791961582495,-0.0005588008778376619,0.0011463737084476122,-0.0025759262954885287,0.000947291520558835
2025-04-29 19:30:00,0.017796582515485326,-0.004397252941032548,-0.0002839852216771632,-5.0734824228015896e-05,-5.341247934964599e-05,0.0003013530422091293,-0.0011440196520320356,-0.0018910305083759127,-0.0008297003227770716,-0.0006532290817746755,-0.000607086277288893,0.001272431384518491
2025-04-30 13:30:00,-0.052477708636235576,-0.027316070571004936,-0.009125051403019668,-0.013994122167741097,-0.03453891998004366,-0.030814512425783036,-0.017423326130833416,-0.018215796512149218,-0.01423081311199148,-0.004832816527061468,-0.010990817357744653,-0.007902529911739897
2025-04-30 14:30:00,0.007079201813913194,0.0036730064699899145,0.005829495860714573,0.004968262253760791,0.003815628328408316,0.005109654848009626,0.004772623433535905,0.0012216783147431798,0.004930098341707989,0.0007082527055581878,0.005663061317696894,0.004404235941038337
2025-04-30 15:30:00,-0.01033813295200492,-0.0030127565448347937,0.00021369950112593017,-0.0026672372957801116,-0.004660605727834444,-0.00669137294644262,-0.000310549580155417,-0.016571563775007014,-0.0016771180295060972,0.0005735853549611036,-0.03178801575842627,-0.0035106601846575103
2025-04-30 16:30:00,0.0066762166094198605,0.0039054364430421984,0.002324119410235248,0.001642242610781608,0.004440511696159,0.006830132191753435,0.003844140991176914,0.004002274821885088,0.0035333194195699136,8.194249952264698e-05,0.005342566850683461,0.0032324713542806194
2025-04-30 17:30:00,0.004228034606883924,0.006786336119227521,-0.0017307250482359038,0.0013834596009481004,0.0024187930683856607,-0.0013696929935358426,-0.0008254445451409964,-0.00028533579579459456,0.0008177139561738045,-0.00246180230682036,-0.003217862990621434,-0.003846708249455766
2025-04-30 18:30:00,0.007820071236687376,0.0005595482491296266,-0.0017593326004723409,-0.0009220937056788614,-0.0018686068219668783,0.0006665531505340994,0.0005778890130851977,0.0005705901982970829,-0.001254242245792625,-0.0006246279373041119,-0.0025186923724040966,0.002510374558365669
2025-04-30 19:30:00,0.002545420137759713,0.014072391474486245,0.010147794721586223,0.0055710263668906634,0.013821279445979329,0.013166020170407577,0.008587608349766462,0.00389046407341187,0.008259865009446088,-0.0008224631688014128,0.0019682721088978283,-0.0031249889724014324
2025-05-01 13:30:00,0.014438207019415117,0.0410223902671083,-0.0035358214268388366,0.09413957663110573,0.02607839675889334,0.055000792963742384,0.002747635811674698,0.008956874946054683,0.013762218529022263,-0.022769096208519635,0.0103287873862703,-0.012372202311301095
2025-05-01 14:30:00,0.0035921665812228554,0.008741309948716136,0.005447499249151555,0.002582835795407412,0.006165205456363232,0.0008704643736265893,0.007955072314452138,0.0007506270729642495,0.002182919891573043,-0.002359725421396952,-0.00202610341200149,0.001583166554412152
2025-05-01 15:30:00,-0.010918871498038385,-0.005905836426023825,-0.0005478697560592494,-0.006848177767619035,-0.004258928905804815,-0.005960395898954474,6.0712139831053946e-05,-0.011129043246434378,-0.005251152961690764,-0.0019255003426081885,-0.010586246665617693,-0.0006216655688708883
2025-05-01 16:30:00,-0.00014296875448138735,-0.0007658385880002783,-0.0012697421194927117,-0.0005125963607977013,0.0017874258610905969,-0.0029142645865665173,0.002041930103245271,0.003313911744221798,0.0018366327535295213,0.0020942957907843507,0.010898277120036326,0.002935391709667279
2025-05-01 17:30:00,-0.0033495497743256664,0.0009259297537163036,0.0012697421194927117,0.0019358078878068952,0.00029638896186146013,0.007033154496141947,0.002207826410344005,0.008846306725572184,0.0009792968788238099,0.00028304689825109364,0.009468453841591007,-0.004123313441013465
2025-05-01 18:30:00,0.0010765999573312257,-0.005911678877764892,0.0007516850003970177,0.00018277156915935677,0.009111481615863504,0.001694723623076655,-0.0007144350412104927,-0.002486054137396998,0.0002491541100564376,0.002749279843160757,-0.0012366955979556948,0.0006167940856220966
2025-05-01 19:30:00,-0.010408716894361625,-0.013094216650960888,-0.0005167137736110661,-0.011366913901603937,-0.00969807781352472,-0.011626121925654154,-0.00436541446852079,-0.006076723648981819,-0.006372246501134882,0.0007734971955244418,-0.0013931426744040465,0.0032246293901367906
2025-05-02 13:30:00,0.009665109844772424,0.02107115486768496,-0.02912850707873904,0.02948138391762889,-0.0011859749136009512,0.038390672392054626,0.02258987192717221,-0.0002835289391933671,0.013940916686332905,0.007835286246472783,-0.00746265481099595,-0.009517452118886105
2025-05-02 14:30:00,0.0070914691324235335,0.006520130769646748,-0.00883925416940734,-0.006760294338678641,-0.0014783644850613342,0.0029730012076809587,-0.004724021596306471,-0.006448579010826627,-0.002917838156798247,-0.0004671047572415432,-0.007047257303567811,-0.0006832657168436285
2025-05-02 15:30:00,0.0133374312227037,0.0008274112442618886,0.0004840068084748239,0.005114539294737597,0.014153323297534826,0.006611249798841534,0.006939377994470419,0.008148620064019951,0.004470587344760801,-0.005487479899733749,0.00015711984784871902,-0.0014250294740820735
2025-05-02 16:30:00,0.010735121127996905,-0.003321565762084866,-0.0014693466346455963,-0.0014193379672970963,-0.006287531385478218,-0.0007581867462826963,-0.0009883963182861777,-0.003592411569999676,-0.0007054276830613659,0.0003354896191183343,-0.0011225608446121527,5.7095887336267026e-05
2025-05-02 17:30:00,0.003280006456608753,0.0038007772878332347,0.0008838332200546972,-0.0006863583853151667,0.0006287051291957724,0.003727712397822991,0.0002768784208821984,0.007829876826225046,0.0015338015506562996,-0.0018801726985886447,0.0031632344712511085,-0.0008399689878624272
2025-05-02 18:30:00,-0.011680685933722401,-0.0028787198743804865,-0.0005859309617655128,-0.0012054489425379344,-0.0030159455526552748,-0.006566475568848595,0.0018371137856245667,-0.002069431890408424,3.515924315067309e-05,-0.00023518058577298717,-7.84265985611654e-05,0.001524169686504706
2025-05-02 19:30:00,-0.008684944886907076,-0.0006991333924668552,0.0026338041277060853,-0.0013435958144034643,-0.0019454491081463132,-0.0010707421921232196,-0.003519178737855455,-0.0002825142928486457,-0.0018513574363048235,0.0016456158147351019,0.003678642452698,-0.00011402994041986858
2025-05-05 13:30:00,-0.03941592571667485,-0.010060019670301124,-0.03227365949087435,-2.300593111215221e-05,-0.01500996658152065,0.0022739838170062754,0.001128291801037129,-0.026339861168663603,-0.00518441709769224,0.026099397633783106,-0.0301371189915578,-0.006979041185417145
2025-05-05 14:30:00,0.0023221357825899958,0.005941923428893325,0.0021086588205170287,0.0032354774562888267,0.002431184374660944,0.0004007250608895063,0.005760032685031113,0.001466812962157782,0.00197585040639936,-0.002356642916538476,-0.002741244490390926,0.0025226618470757245
2025-05-05 15:30:00,0.0017316036903034515,-0.0011848259648203907,0.0038800149944560047,0.006428325907493537,-0.001466732135784632,0.0016513464462892813,0.002063209071532235,0.0021047446046473794,0.0016013085126873605,-0.0009836344386746632,0.010441047622435917,-0.0021783034664411005
2025-05-05 16:30:00,0.011511729857578423,0.0030273905044797544,0.0021779332245674965,-0.0009792591759643088,0.00067764009776905,0.003132397672437115,-0.0021615376537971187,-0.004490664830909097,-0.0009727888685295838,0.0017043119606912072,-0.0019194303030447557,-0.0014931060658058826
2025-05-05 17:30:00,0.004801544292005744,0.0021094440181421703,0.002740630250381848,-0.0025095113644919564,-0.0006905085477590944,-0.0031783785472496717,-0.00013772429299407918,0.0032980540208109588,0.0017502745037463185,0.0019954710203080595,0.00048023360364268797,0.00034475412060519517
2025-05-05 18:30:00,-0.00028666789277131954,2.6215672605189866e-05,-0.007793089770474992,-0.002138029930939922,-0.0025525275631501643,0.002659242204790857,-0.0022453459548321675,-0.002862605427687903,-0.002440500679333546,0.005020249729066784,-0.0007892559498712259,0.001836800665523164
2025-05-05 19:30:00,-0.005513659273568727,-0.00494341534867182,-0.0031644280213276588,-0.0019018120559994856,-0.0035380566556790782,-0.003847339548651796,-0.003516110875565026,-0.0005806402711332481,-0.002197980466054794,-0.002213590768057827,-0.0012130673596111308,0.0004586734881195653
2025-05-06 13:30:00,-0.020133596278534505,-0.010200329520618112,0.0007040806308520331,-0.0026869305880703465,0.0023600675112449565,-0.010197695091126668,-0.0028137993940733352,0.015465468982283959,-0.005177317291606975,0.01645182072422191,0.04291875474804652,-0.005172180625268474
2025-05-06 14:30:00,0.004070125240363431,0.003677052926571278,0.0006282275279776428,0.003420589499405935,0.0008568718232755401,-0.0010626448727348858,-0.0004366576492058627,0.007028883854292012,0.0018356181100305236,0.003711778375977026,1.5235362020860066e-06,0.00011525190135586172
2025-05-06 15:30:00,-0.008357978134386101,-0.00046089274639182776,-0.0002764113664310841,-0.0008593010733140005,-0.0021724534231903903,-0.003868897179001074,-0.0038388380566605207,-0.00205609115762595,-0.0018898372461544355,0.0021375505941509942,-0.0021528440158098405,-0.00012676903033792541
2025-05-06 16:30:00,0.0010077417589497983,-0.0008666133319783498,0.002233945410575977,-0.00018145654207657458,-0.0046221606999194975,-0.0027345188557390543,-0.0015756214194970752,-0.004046727652124105,-0.0015524799643946707,0.0031502762720725386,-0.005325132843465141,0.005298267672023904
2025-05-06 17:30:00,0.0046811276118514655,0.0067078993035769585,-0.0006019631373934686,-0.000312305555569381,0.0020507947370287383,0.002714354966751209,0.0009659841743090425,0.0002170723171719402,0.001374777370993563,0.000508206262416877,-7.734189946972947e-05,0.00028654223596369377
2025-05-06 18:30:00,0.0037021893906690195,0.004826502659988741,0.002022047407430172,-0.0006197881590619403,-0.0010542419018237936,-0.0007796718831993843,-0.0012178925184098688,0.0005710790178810043,0.0005261562535423536,-0.0004129039720606187,-0.0013940057891206337,0.001717444040386873
2025-05-06 19:30:00,-0.0027935114544517248,-0.006895853847324496,-0.006522710106353635,-0.0050416267388602165,-0.004046295166404867,-0.004571382596447293,-0.005091711515134989,-0.003622475474227116,-0.0035459344323021114,0.0023162596117565215,0.0013940057891206337,0.0013146746752799032
2025-05-07 13:30:00,0.004386338525073974,0.0003111262489268185,0.0040741325807713835,0.004478811943515737,0.03103046771805751,0.014693097616725659,0.006141692325617676,-0.004690554362092314,0.005389921392951358,-0.011667714408976515,-0.00278983912967945,0.0047868586865496
2025-05-07 14:30:00,-0.011331376055938591,-0.0016342412632628367,-0.02474552611198977,-0.004570025831023727,-0.01491598008774453,-0.009342043137078981,0.004378140738714897,0.005454295029809764,-0.004744389185917797,0.00028863550262414606,-0.008103526612451617,0.000511589410321811
2025-05-07 15:30:00,-0.002105829101216372,0.00339159373358644,0.002668422786831215,0.002430979774761255,-0.000783843526086514,0.007231929018599814,-0.0009933446608743068,-0.001910446471408811,3.427405799083516e-05,-0.0005772564548385262,-0.003134319516480133,-0.0005684102808940494
2025-05-07 16:30:00,0.009486721196577008,0.0023292591511854255,0.0022042089893590244,0.0030577238025149,0.006136388671262871,0.0032173312098757734,0.0029968550296448626,0.0032455543259715114,0.003683282335076754,0.0006413320198097594,0.0012564856691996695,0.000647913394280053
2025-05-07 17:30:00,-0.006993894084959429,-0.008327176726551144,-0.006627177695841091,-0.004959074792695084,-0.006656664636453868,-0.0027197570276502603,-0.008338052006167551,-0.005830368825233023,-0.005831609696268281,0.000801038185136882,-0.004085791363518609,0.0010562624907670681
2025-05-07 18:30:00,-0.0011738458866332735,0.002076614219919115,0.0015966465726577894,0.0008301096923721829,-0.0006394414954744576,-0.00015136033202978183,-0.0024008898521064026,-0.0002876063411711982,-0.000197132866111005,-0.004075904631160476,-0.002916219739121928,-0.0006812872225188116
2025-05-07 19:30:00,0.011104910341783736,0.03287952102342384,0.009883034277067715,-0.0008070887157911599,0.0061107507410040895,0.004044060164321905,-0.0011624609230835858,0.0028246402401865822,0.005986981734465324,-0.0004503816540308847,0.003073646925320972,-0.0014208987561712405
2025-05-08 13:30:00,0.02049957593124052,0.0018782659484344322,-0.002193449333780073,0.009756399130886884,0.007914773093237848,0.006393244613528637,0.012951225699020519,0.013957701196726902,0.005703426071460349,-0.005613972996584948,0.026709680649274148,-0.0032472601658160016
2025-05-08 14:30:00,0.016779398790488287,0.0001706121322770926,0.008745154163862345,0.004899624450576567,0.007278849515902408,0.007740678161055392,0.00438513434176091,0.003435681613593644,0.0031310348560005252,-0.0021701902582300647,-0.00030657889069107824,-0.0007421005827579208
2025-05-08 15:30:00,0.00219514823724154,0.006713674829557981,0.008569094283070733,0.00500344735134739,0.0069588994337514976,0.0004126944714997194,0.004836954691632478,0.0050614122718606325,0.004580282433512828,-0.010787517932694612,0.0009193380081766733,-0.0010283533845552029
2025-05-08 16:30:00,-0.000795281569876849,-0.0012290206757876732,-0.0005020638806696454,0.0032485482838771063,0.0039641939849239805,0.003098026338520299,0.0025075411063664177,-0.003230729492826434,0.0007042109907544614,-0.0026124342237503484,0.002905343593969434,-0.002862214977141342
2025-05-08 17:30:00,0.001561167460804036,0.0005943607707985521,-0.0025139537677416612,-0.0027205451086977916,-0.0035777358248409996,-0.0009219072155008945,-0.0017428887915755809,-0.000703684659204562,-0.0020576018575644284,0.0018222026333756247,0.0006106078124723524,-0.00034400296958736476
2025-05-08 18:30:00,0.005203042470464325,0.004781922883543288,0.0046207926316315096,-0.0004748520851860505,0.004377347821856503,-0.004194662204597854,0.0018211650165911308,0.002250121557968221,0.0017413314137790792,-0.00485020832843297,0.0017533508251350582,-0.001664468165755828
2025-05-08 19:30:00,-0.014392659587225687,-0.009923286048987734,-0.010882834679041942,-0.008789505641997764,-0.009247472077547947,-0.011958922243723968,-0.007304464456223236,-0.006105899745776355,-0.007249238334513741,0.0041938926132214505,-0.0008381957760903447,-0.001437070952704289
2025-05-09 13:30:00,0.058919649803148566,-0.010607335627717873,0.0048520070910234026,-0.0021837664951158686,0.0005983870246719647,-0.0027821107582957083,-0.0003351107790230401,0.003949655291862975,-0.0007791929829545907,0.009847999815450592,0.0059285272061888605,0.004075936152421633
2025-05-09 14:30:00,-0.011717027182837292,0.002115212736575778,0.0003522530154445036,0.00014856583233058274,-0.00020804913686056636,0.004433677398988145,-0.0011638042870716347,0.0068278404085768685,0.00014174610355688344,0.0005036638702069496,0.005139789546992901,-0.0012038564567493637
2025-05-09 15:30:00,-0.006820227516066701,-0.0007951327071937797,-0.001487767366730175,-0.002082771943613615,0.0011438539218433519,-0.004114841241455558,-0.0021339158896971355,-0.0008392441148936669,-0.0011874604419084278,3.241857596592013e-05,-0.0009050771136038804,0.0005160784627289416
2025-05-09 16:30:00,0.00427225185590796,0.0012461307552804612,2.52596448921949e-05,0.0007557838915790427,-0.001456127924211792,-0.0020542956134059764,0.0002966932306120995,0.0018640787067560893,0.00014189439649747726,-0.0003248280824390548,0.007068248109855624,-0.001663903145076695
2025-05-09 17:30:00,0.0018612834777380627,0.0012875116537918174,0.003878631063376936,0.0026066429130482405,0.0009883349980412959,-0.003936563436373497,0.0011663048126147046,-0.0001862231600417985,0.0006026373843948107,0.00018096883225648952,-7.500479931277226e-05,0.0012052382333971323
2025-05-09 18:30:00,-0.0021634316366281325,0.0012446788746860449,-0.0006538001289717599,0.0025542686053103836,0.003891762244065511,0.0024107444248242516,0.0011050422466984955,0.0012564935390004806,0.001151249919604247,-0.0027840949753006328,-7.489607601307569e-05,-0.0017784614172304813
2025-05-09 19:30:00,0.0009790629934220973,-0.0008956645617530512,-0.001208122053502514,-0.0004328616141036079,-5.176221293989869e-05,-0.0021745477525545454,-0.00193528958585798,-0.0019086544875683842,-0.0011866191371936452,-0.0002932575399468007,-0.0011997876467511048,0.0004583419296073643
2025-05-12 13:30:00,0.05570912689041929,0.035706093346724366,0.0521089694831991,0.011509192900599707,0.06939676690001306,0.057112505383879686,0.028687134945407422,0.023942197215812477,0.024472977282775865,-0.0262507654218469,0.036087623621609666,-0.004893592460717855
2025-05-12 14:30:00,0.014489374584236714,0.00652670274090017,-0.001914286366665685,-0.00041681372983681797,-0.0004349540269519281,0.005467712063786934,-0.0010819593385349435,-0.011071059256622995,0.0010197230667845503,-0.00105620087992353,-0.014415421572238074,0.00011535672804008357
2025-05-12 15:30:00,-0.003728257370860355,0.005900304640765519,-0.00014371017293957067,0.0005745003153583284,0.0020046125164947526,0.0041759889824524166,-0.0022522419577084563,-0.00138103896701125,0.0007771225556423289,-0.0036798143783620674,-0.0014694855729144862,-0.0016170883637460776
2025-05-12 16:30:00,-0.0009402327162311153,0.002368657721958378,0.005756417077244613,0.005211637515288636,0.0046202414000671155,0.0072348589490003334,0.0017137586117064174,0.004229105158954027,0.0034807253385462644,-0.0010689198687465762,0.0009554616570754959,-0.0003468468070124686
2025-05-12 17:30:00,-0.003999936738115828,0.0005990435007978689,0.003969564453462304,0.00353377963878021,0.0013436933240447146,0.000658046051588812,0.0008845232954186599,-0.002434147194990466,0.001083371994980098,-3.368533481573621e-05,-0.0036060346354798156,-0.00046267904873875665
2025-05-12 18:30:00,-0.0021314346669480955,-0.001222905142340025,-0.0034218996755699393,-0.0020113849727243505,-0.0025930796999258376,-0.001739953220970314,-0.0007307084100380834,0.004221536887804689,-0.0007391556011393519,0.004331874511388278,-0.002657617190853223,-0.001036001608999193
2025-05-12 19:30:00,0.007165760772073426,0.0032983744396144488,0.0037065180727715585,0.004820585244009301,0.0035517459875595847,0.003586230858414474,0.0005000284157876678,0.0,0.0022501791903382085,-0.0009386483305071636,-0.00029567710921529766,-0.0011066006087068203
2025-05-13 13:30:00,0.012088462279062462,0.049374621454344236,0.002936419269087054,-0.0008813458692511489,0.027246162021588027,0.021349404791672022,0.007355842669937829,0.004796405273065574,0.006822563378861446,0.0016587895031596744,0.02107181871225272,-0.004823217854707629
2025-05-13 14:30:00,-0.0030433726503655834,0.004748261136117371,-0.00030746008836501915,-0.0014479598783383452,-0.005446388631758836,0.009784537695444406,0.0040093964232248425,-0.00018233773296216782,0.001498493057331629,0.002243268382541963,0.002603042845572112,-0.0001165342709184003
2025-05-13 15:30:00,0.0006373613816030854,0.004840801355340041,-0.0004968271863843299,-0.0006808442486105903,0.0029255868107922467,-0.0012279492530362646,-0.002903137741615325,0.0032763099870489754,-1.4124280584226767e-05,0.0019167400640593968,0.008126945356985438,-0.0016990662783955557
2025-05-13 16:30:00,0.023712644860085064,0.0028703208112643708,0.002033183182192033,0.0015284924162060065,-0.007247746245780284,-0.0047983349996618685,0.0010290183355214921,0.0018155830869099887,0.0010855339000395148,-0.003172689243195137,-7.159132266032486e-05,6.651511255650888e-05
2025-05-13 17:30:00,0.019869303898671475,-0.002985300507766908,0.0035363215590713537,-0.002466792092797654,-0.0016020186469907216,-0.0013652495739746584,0.001227551413590433,-0.001406746089389621,-0.000748163523928369,0.0011699979134505156,-0.0017207165658614798,-0.0017439440832678343
2025-05-13 18:30:00,-0.003162538707847773,-0.0017648357461581554,0.0036176083487919897,0.004460410023723327,-0.002085055232273092,0.006815550661355196,0.0020997323989622174,0.0010819631895069293,0.0009521015830662449,0.000535163462393129,0.00043042944101312486,0.001860668746613392
2025-05-13 19:30:00,-0.003169647641231066,-0.0028840073867710814,-0.0018306827790350866,-0.0010687098346444657,-0.002025972966051448,-0.004848295437954064,-0.0019950182782837445,-0.007094312459413388,-0.0027567832393682323,9.945787315146504e-05,-0.0016510231454738289,0.0020400793863935007
2025-05-14 13:30:00,0.01883770533162732,0.021486596701087102,0.002112018053042952,0.00876056422400584,-0.0008052778258615945,0.0017733068384222506,0.005803049407136385,-0.00906279213009853,0.0011751224069351807,-0.019963819244295244,-0.004067478108876088,-0.0013984706236938038
2025-05-14 14:30:00,0.0071803347036620835,0.011206347085995105,-0.00314619867979804,-0.0003643688798655731,0.0034533975715067555,-0.0007834645830584464,0.0038877461520687717,0.00048300927243616343,0.0005784781574993403,8.409461574387933e-05,-0.004663729516918735,-0.0018092015579247445
2025-05-14 15:30:00,0.013038007948184216,0.006056701776814499,-0.0015532790774992478,-0.0007845243622623954,-0.004259324392402952,0.002098197295147486,-0.0009799855994883089,-0.0003687060131039033,9.354285902318793e-05,-0.0006644258742065645,0.005925353905818831,-0.0022222516912115964
2025-05-14 16:30:00,-0.0076901321210227636,-0.0037857335924789126,-0.0062846589476475145,-0.003487929458958483,-0.004873173715170154,-0.001276675515273773,-0.0007921665154233537,-0.001106934406458926,-0.0026995421000348685,0.00018471102397743522,-0.0015862806472162205,0.0010544541213191039
2025-05-14 17:30:00,0.006239885013084034,0.000743371108044677,0.0019415553256223461,0.001717809536994963,0.0007337088955949866,0.0018687747932073506,0.0009882404801215827,-0.00221748094916574,0.0009034654176467427,-0.002151147317311697,-0.003759433820547109,-0.0011129682562733834
2025-05-14 18:30:00,0.003464119949704525,0.002449448875767146,-4.966791800065096e-05,-0.0005759947070389515,-0.0016634490518674383,-0.002355551996597427,0.0013863789646793023,0.0025737140930202074,0.0002470804278082994,-0.001037405767613464,-0.003192127297733549,-0.0015867249544667672
2025-05-14 19:30:00,-0.0014302867246387407,0.0033830141694641824,0.004957925201590108,0.0035833503589079996,0.002905666155990083,0.00317496008496132,-3.7571763365384925e-05,0.0009350361004312191,0.0009279820062300104,0.002219688498157346,-0.0013087522945562924,0.0008252824346017817
2025-05-15 13:30:00,-0.02741414821026833,-0.015465463475923258,-0.01010221765740038,0.001633703514617224,-0.029100852419070122,-0.013679109589959992,-0.0020665514435584953,-0.012521598387736255,-0.0028292443556816593,0.007611542981141639,-0.025944882930962976,0.0028669562424017414
2025-05-15 14:30:00,0.003315129103207859,0.008331596191012203,0.010508873167113464,0.0028303873161812376,0.001275795212335673,0.0009645579884747235,0.0017840860821838334,0.0036800252719428883,0.004189883766011704,0.003243084297902321,0.0014922921233155861,0.004837554582817205
2025-05-15 15:30:00,0.00963909902031812,0.0061691522817737265,-0.004030324007850972,0.0007288536462519701,0.0022857111917709005,0.0024241210249611456,0.0027643364597889075,0.004129645850625252,0.0013927703744753828,0.0008782687524337973,0.006836095938297149,0.002902928095553925
2025-05-15 16:30:00,0.008534192040325017,0.007393308651328034,0.0022579148112118475,0.0016927734207969891,0.0028329581808241855,0.005996554064134685,0.002513112622922087,4.627836294801568e-05,0.0025681384681783825,0.0013475523179797833,-0.0008889845079886882,-0.0006379250776946677
2025-05-15 17:30:00,-0.006069678405035361,-0.006333334407422342,-0.00704956991341632,-0.005352322867222092,-0.0032165516024216245,-0.005552296483374519,0.00336381150691345,-0.00013891217656780697,-0.001991383399977842,0.000269251606979104,-0.00044478878978715386,-0.0017418749449253923
2025-05-15 18:30:00,-0.010100688051458029,-0.012077665848947206,-0.0012827112566036192,-0.004939517316588926,-0.0027863018525806638,-0.016744559733941067,0.0019418855568131832,0.004020780077477859,-0.0012558446541692803,0.0017487294357509953,0.0017780823116622102,0.0006390368764623844
2025-05-15 19:30:00,0.008463370119517144,0.008673483450903241,0.0052060103694806514,0.0037372529242691854,0.004152149768804847,0.0025837864631794716,-0.0026119873321492904,0.0017971913069105838,0.00276466643536466,0.0006716881061423763,0.0004439987967987946,-5.813378499741617e-05
2025-05-16 13:30:00,0.010136136717330047,0.0038842861096659576,-0.004065733310655517,-0.007599697007956152,0.0018978480150044774,-0.015551039445433013,-0.003630723749884268,-0.009064863867000561,0.000829585023615742,-0.017511270664241074,-0.0001480153331234746,0.005502386902484169
2025-05-16 14:30:00,0.004279965830681576,-0.004143685242953943,-0.002472209410957049,0.00024465640505422215,-0.0030684924619004406,-0.002159892500912086,-0.00026254881023568544,-0.0008366625321594157,1.694000676000229e-05,0.0008880418563617098,0.005608002637693232,-0.0018500746559322323
2025-05-16 15:30:00,-0.0001293792780785452,-0.0005192266175244598,0.0041564299979377495,0.0020437474946151113,0.0020964244279504385,0.00422892497334626,0.0009935225077128962,0.004824244146610646,0.0019611373077070837,0.0016372648723397276,0.00586944516013066,0.0004628396481871633
2025-05-16 16:30:00,0.0006038315006602346,0.0075885857498452225,0.0007344782693099461,-0.0002498466409077693,-0.002293117578073378,-0.00026769594072817426,0.004896647785563424,0.0014334817908396857,0.0017382264439156359,0.00037489860367934114,-0.0011711585867111296,-0.001620832651783033
2025-05-16 17:30:00,-0.0015535347173551983,-0.005809646752481079,0.0024128628648014683,0.005075421483520692,0.0005870602531574676,0.0036160525633910368,-0.0022210871059220594,-0.001479802925388185,0.0002865645148100171,0.0017360113600499716,0.00043942899965276894,0.0003568086566385631
2025-05-16 18:30:00,0.004252056339089094,0.0003354370771440074,0.0004961012327013847,0.0003753760247535709,0.0012676602782413227,0.004353298153700891,-0.0002802503748027263,0.0005089204674364467,0.001002380995668517,0.001121801339943218,-0.0017599947836899332,0.0007433474393385708
2025-05-16 19:30:00,0.0028341733379448897,0.0017729297450186365,-0.002530077848705403,0.0027776173581113284,0.0015578974088228392,0.0004218297327414078,0.00020554743159184596,0.0006473361849099746,0.0007490729019599129,-0.00030579275297881736,-0.0008789203604733231,-0.0012739663405394452
2025-05-19 13:30:00,-0.028701828848962663,-0.0002587066823123152,-0.021877323094332546,0.003362453030136159,-0.00141174370422803,-0.002627412196582135,-0.0005286685285970094,-0.01551214009867774,-0.003455378793535857,0.011891191271195645,0.002345983934091578,-0.01248580114792297
2025-05-19 14:30:00,-0.007049701668113251,-0.002664600232484382,0.0034308449108220174,0.001972633213862096,0.00019771211471120154,0.001908650282333113,-0.012335472686646476,-0.0017384950813177369,0.0001798172597782255,0.0010404873180434038,0.0017559668883375679,0.0033468956609459255
2025-05-19 15:30:00,0.0033423314335161436,0.0022210117706045196,0.005543872805156447,0.003017197767686497,0.0033765453844250004,0.002739339881881797,0.006226999849442194,-0.0007527459141059012,0.002707053065195808,-0.0016451185780406163,0.008153766142553032,0.0017527642878993888
2025-05-19 16:30:00,0.009880002535350485,0.00036959551599125007,0.0021436241701442427,0.0014615526253090039,0.001261282841870326,-0.0013179553496440732,0.00021823772948526,0.0021155926205214115,0.0019305244295857449,0.000470266181678447,-0.00698483222510049,0.0011201554486559573
2025-05-19 17:30:00,-0.006386878083687542,-0.0014054387739390606,-0.0043169383759362745,-0.001483404907347996,-0.0034481444855885,-0.0025786682217407986,-0.0033457214454610806,-0.0014569269055124678,-0.0022878824446035395,0.0011412721561194772,0.00014593716528565892,0.00016324936554656944
2025-05-19 18:30:00,0.004448246555456947,0.0002589767271423682,0.00046807700006112896,3.2778243990172484e-05,2.4347848810002404e-05,0.0009281096633628749,0.0005659186233426539,-0.00023513155489141013,-0.0003453515677778185,3.358024024269213e-05,-0.0024851730059580746,0.002968797585323202
2025-05-19 19:30:00,0.0017123167194403877,0.0027346410386028808,0.0030348692594808213,0.0017121679036895543,0.002817596400612743,0.0009479359403892218,-0.0006791407898294466,0.0015511628903759345,0.0023475604473111034,-0.0003355459223817192,0.00255824498891144,0.00023252670969320377
2025-05-20 13:30:00,0.010502419145490549,-0.018924782666435824,-0.004392624988950544,-0.007327428923742829,-0.01122019222959647,-0.0033325705955276064,0.004049358764382838,-0.003340432009207639,-0.0034347723376937367,0.014260422340677259,-0.0062242070257712,-0.007641848682242269
2025-05-20 14:30:00,0.0021826162554905437,0.00618614383728211,-0.001014291876207274,0.0015355192955111008,0.00033896852928094745,-0.0005405596368408538,0.0003945632900874685,-0.0016036053386425664,0.0009103259645799611,-0.0005291774847391295,-0.0004408019932125029,0.0014043552851239482
2025-05-20 15:30:00,0.008611495449413198,0.002311666119850564,0.0008458653576051134,0.0008326137376144516,-0.00015498769091237818,-0.00033720842571050014,0.0001879363125034672,-0.00397300619787444,-0.0012815058725328399,9.939361820343606e-05,0.005569371804094558,-0.0015215037521745245
2025-05-20 16:30:00,0.003058608304490562,0.00015213864923957487,-0.002071306278986995,0.0016740937823946922,0.0004535949346378132,0.0002827535659761793,0.0005633679303116423,0.0003317175269161865,0.0013152400217286697,0.0011246613056563604,0.003938510980693977,0.002116652292391663
2025-05-20 17:30:00,-0.0013422942483094502,-0.004896190358865127,-0.008669006222215891,-0.004547306996594003,-0.0032410343833602084,-0.005925604245989646,-0.00487448263914203,-0.005558332340154237,-0.004475379421031711,0.001816610577360045,-0.004267402900618222,-0.000652434216404707
2025-05-20 18:30:00,-0.014842897791652376,0.002731414296135881,0.0033021344702968136,0.0029498735017918776,0.0010324053367511965,0.0016194631511492474,0.0026566589029428656,0.000618127520650269,0.0008628658356730767,0.00044543345367742404,0.003830580498859426,-0.0004106434079398369
2025-05-20 19:30:00,-0.0028321955702477197,0.0042133765493659325,0.0029045421282125616,0.003726934266308213,0.00299276856101649,0.0035213364871244934,0.000150434722179682,-0.0005229054652895471,0.0025503703972749037,0.0014008549053512453,0.0005095705670239425,-0.00029248877260545925
2025-05-21 13:30:00,-0.0033220880377555773,-0.0021976665482110747,-0.0051371518297278485,-0.005217215113093587,-0.01208170808166198,0.005797325854610236,-0.0038074396187797177,-0.0039136747098540425,-0.0054294554952791785,0.003649631214214466,0.003995233208807569,-0.006403917738745157
2025-05-21 14:30:00,0.007907748542677062,0.013267207754839028,0.003734354220205738,0.0021251924039180636,0.006161106062142707,0.005515629968156688,-0.004315138373384819,-0.0009568774769537214,0.003673551772553907,0.0016399133291420398,-0.012400749027998259,-0.00040763908101837387
2025-05-21 15:30:00,0.0029925748032173516,0.008860035333728256,-0.0045606912229008145,1.0953580662054208e-05,0.0007143155699980142,-0.003639518033548228,0.0005847820395414871,0.0005273558862333161,-5.156827098673489e-07,-0.0005903271736125149,-0.003824127763886409,-0.000707268181065146
2025-05-21 16:30:00,-0.030410843219938144,-0.028636883479857822,-0.01736440960919783,-0.009820069249807162,-0.011092526940634784,-0.016436847958797074,-0.00965394814905629,-0.00024020379326472607,-0.012069492987774488,0.00039342348103232894,-0.0008845283928335945,-0.010371999556552325
2025-05-21 17:30:00,0.003357467164208039,-0.002781292633942556,0.0011942437924679083,0.002803020091045383,0.003430396930081514,0.006925706481290206,0.003210261776811052,-0.0008138362093479401,0.0009744132029094743,0.0008837130275383132,0.00132649936572804,0.000536027503828862
2025-05-21 18:30:00,-0.011335677146991685,-0.013385101202062266,-0.006502222500395227,-0.0030350711298234856,-0.004453136826211512,-0.005849802628254075,-0.0038611507774124476,-0.0017736523105478241,-0.0051563008616319905,0.003351204422378906,-0.0025071640325800004,0.0001786120035109917
2025-05-21 19:30:00,0.0035936080159499895,0.004956397755911723,0.005109995014884738,6.631542878743346e-05,0.0024463262479068604,0.004244887664897057,-0.00026819132934718937,-0.005339689664043412,0.0012357680315320252,-0.0019435757263819298,-0.0016256651605539574,-0.0005359317457749313
2025-05-22 13:30:00,0.018261112392994328,0.009895443611378063,-0.008448919381314646,0.01193170015348688,0.006907398250734609,0.008030022657681712,-0.004435103225866932,-0.01355081033792871,-0.0002229245734151064,-0.006725376058940746,-0.004892912609054001,-0.004118562698384842
2025-05-22 14:30:00,0.006602279280851775,-0.0012032823685750316,0.002940354172866755,-0.005959052005453103,0.00037772515889233915,-0.007423939497551046,0.005143655050214413,-0.00043817246966249,-0.0004977545110955717,-0.0008892313649635497,-0.0029770332694774027,0.004594990936864107
2025-05-22 15:30:00,-0.002077732870556126,0.00386818149728807,0.004964021189412193,0.0026562039664446147,0.004081228125403236,0.0043878375049608564,-0.00017224107295721325,0.005656013594118825,0.003042358064384132,0.0016789067423923498,0.003571400537804692,0.0025568182085828894
2025-05-22 16:30:00,0.007394312126644209,0.0008691997872638524,-0.0002971352990259746,-0.0012179656502873115,-0.0015004869938319843,-0.0005945296845188963,0.0010906707163673701,0.0011200348307474073,0.0005902004962896612,-0.0013494733101238054,-0.000445713983470597,0.0010684232437521146
2025-05-22 17:30:00,0.0010291442083882885,-0.0013190746204996273,0.00039618596533586015,0.0016552681773891464,0.005284630142141644,0.0008034638137983663,0.001605341513004177,0.0034434714700140034,0.001538188062328416,-0.00029645504226127883,0.0028196566189322425,-0.0005934375974074868
2025-05-22 18:30:00,0.00386056518367095,0.004368099441640183,0.0031637743862260592,0.00019712479283029438,0.0011922750898181178,0.0025616048311754014,0.0012213788211541399,0.001596487314788675,0.001603990562479396,-0.0013847207761914504,-7.417113477625747e-05,0.001186432770150958
2025-05-22 19:30:00,-0.015972381561418558,-0.008464715169871795,-0.00613896430815597,-0.0033565518038933817,-0.006624613344769159,-0.005609480461374439,-0.0057188180929976795,-0.004408545275810027,-0.005951041645047894,-9.897484521648181e-05,-0.005126139253795792,0.0007704678269080389
2025-05-23 13:30:00,-0.015754924556351746,-0.017165116938087976,-0.02107769615085342,-0.008008967170844983,-0.010120958625782883,-0.01275343359738379,-0.008268933881748097,-0.0042818519318688075,-0.009149421730141327,0.01895611500518868,0.013317769377085398,0.0007106189849777067
2025-05-23 14:30:00,0.004874187563234322,0.0034415311219202493,-0.0029713495865557604,-0.0014963403752865645,-0.0005722307013398265,0.0007716327347155882,0.004059368066643643,0.0,0.0013146685818803405,0.0018604649183409094,0.0017624141191783238,0.00023799505850341518
2025-05-23 15:30:00,0.005587798557527002,0.00022900706550732508,-0.0027241857964792615,0.0009312983134428521,0.0015914431512076277,0.0012077632964171414,0.0025777510357745115,0.0002925140599829845,0.00031109923509387016,0.0008553347773911923,-0.006625045691982301,0.0014773724737837668
2025-05-23 16:30:00,0.011314652672666625,0.007149425584965563,0.0029021509965643233,0.0038381745422153557,0.0038140112386253477,0.004358341391427878,0.004007458057265545,0.0040863860515676365,0.004190657067885795,0.0014840830586706488,0.004421570335542135,0.0018893083510924669
2025-05-23 17:30:00,-0.007371742241551793,0.0014010458363111766,-0.004434572234112366,-0.0014583140580821663,-0.0007378733239731261,-0.002327321848517805,0.0005355989205648726,0.002036948080570866,-0.0005594711971781408,-3.2172960263032735e-05,-0.00191355399216242,-0.0022440359660818032
2025-05-23 18:30:00,-0.0004846059278786896,-0.003875461926234003,-0.0014702893177034326,-0.001595744283068079,-0.002405549337212598,-0.003763723528571461,-0.001569542580718064,-0.0008200525180734886,-0.0014905082265821434,-0.0004192285842234966,0.002942431792651412,-0.0003547632506810672
2025-05-23 19:30:00,-0.002839291057030735,-0.002387702453049201,-0.0006264342812389856,-0.002969658693412036,-0.0019136585889443225,-0.002086465841491858,-0.0008814721247851764,-0.0004404048702504326,-0.0012597023403797536,-0.0009681446144504946,-0.001470133658609818,0.0001773973574614729
2025-05-27 13:30:00,0.04870704139276949,0.02987296034621245,0.015291566459811001,0.017133961151957422,0.01985237328630074,0.016171115403323277,0.013520620951267048,0.0013089531402972199,0.014909812071178585,-0.019462404417607715,-0.009757671566442916,0.010938072359966355
2025-05-27 14:30:00,-0.003429413776840917,-0.0006047065986614086,0.0051041653629262385,-0.00020286248092649117,0.001170405632809235,0.0008546104713609282,-0.0008893465310251258,0.0028542934772843864,0.0015977201060950463,3.295124953339723e-05,-0.009553728586022103,0.0014610914392756413
2025-05-27 15:30:00,0.008970967297267762,0.00038441461558047507,0.0031549987261509926,0.0008795283918070496,0.0027726324395613844,0.0010183762800028973,-0.0005302882185187485,0.00019318561929182465,0.000950614684081863,0.0004278658008969316,0.004491207976339062,0.0035561329600533043
2025-05-27 16:30:00,0.008884535103645952,0.0024958308761169334,-0.00017549586401344186,0.0017441092014793824,0.0010439883819985951,0.0044216670720942375,0.000662816346420847,-0.0024663044956385605,0.0013566473677855129,0.001282399795413447,-0.002692874696764491,-0.0027971797480947913
2025-05-27 17:30:00,0.0013611500413688304,-0.002572656851050681,0.0020487870798291397,0.0011997613077996405,-0.001189744420160288,0.0005702727128191754,0.0029108384111049546,0.0019832335854355065,0.0008466480172444335,-0.00022998638387417003,0.0058222062817092635,0.002273320841212012
2025-05-27 18:30:00,-0.005845741920241565,-0.0008254900588307024,-0.000377333460389373,-0.00043764412156477306,-0.002286388343677892,-0.0018648900920332778,-0.0006041750023424441,0.00019324162366718411,-0.0006350738988150084,0.0011596232499275771,0.0003720880421163031,-0.00011647998563191209
2025-05-27 19:30:00,0.00791819809220673,0.002586603793697684,-0.0004714479387102344,0.0027387961568550168,0.003233423061780094,0.0024631603170535143,0.0019621493199553086,0.0003864449490267319,0.0012782125532035948,-0.00020692329337190785,0.001263974037001958,-0.0009904056987739551
2025-05-28 13:30:00,-0.0030950648170851025,-0.0016620646064184896,0.002743501189296005,-0.0023579220618206165,-0.0018706994478048244,0.003652579286710811,-0.0033227926171361943,-0.006653015929428463,-0.0014052964277491142,0.001050306424213332,0.012846285443266048,-0.006432340937141845
2025-05-28 14:30:00,0.0036435141830155615,0.0024138536023494694,0.0014684016640131858,-0.00018500633297691138,0.00014589072024406846,0.0013643700408501047,-0.0031063260453958463,-0.006863982813916536,-0.001390187390025055,-0.0038783702707574363,0.0020518750092204385,-0.0003521259044498848
2025-05-28 15:30:00,-0.005027099530868107,0.0025662084081314873,0.0002735726383713555,-0.0014392505091151975,0.0003160482891706451,0.0018265580383225455,0.0016869600584552558,0.0038110115323242155,0.0008055383210674449,0.0006583542938267684,0.004236886861517242,-0.001174380367610084
2025-05-28 16:30:00,0.004117422699493112,0.003742349983604676,4.9697952170468795e-05,-0.002037803413410977,-0.0007051622612417319,-0.000262917772305471,0.0009085893274729528,0.00219206048727294,0.000703150895792426,-0.00023031945249041286,-0.003285731606311515,0.0032204022446951086
2025-05-28 17:30:00,-0.003314686409559897,0.0016110227901204865,-0.00129363388770809,0.001374836320429118,0.001604092377023747,0.00010829084438856995,0.0008068014640070231,-0.0011197729026042325,-0.0002963843305332503,0.0014801301662998867,-0.0022697982691743945,-0.0007557675910527806
2025-05-28 18:30:00,-0.006609732357423681,0.001170045194611724,0.0013861186159394023,-0.0015385920248771612,-0.0017014130918004966,-0.0015169509102577194,-0.0019238218456871792,-0.0024874759956485804,-0.0010172268172041754,-0.0022045809848476594,-0.005144399894080998,0.0016982907250415735
2025-05-28 19:30:00,-0.005919317112226707,-0.014861046577473225,-0.0035293543155621165,-0.0010270669807086463,-0.0036311596684877046,-0.002683630287466876,-0.0018200386736859642,-0.002591619096289577,-0.003066523449771097,0.0008231943498850924,0.0005892886867338021,-0.0010537873290576982
2025-05-29 13:30:00,0.014215373295265898,0.04217794434179378,0.0035860244877783387,0.0030344052975079805,0.011192328008973185,0.001831178377335263,-0.0006454694693500684,-0.0007347447473824431,0.004058306345532614,0.003974683537530055,-0.012895794878523326,0.004383280556083946
2025-05-29 14:30:00,0.005652041054821311,0.007373655638869714,-0.0019906142316479247,0.0010892772894557368,-0.0007728898984256105,0.002910586852491903,0.0018136929546619385,0.0031309619142501077,0.0010501095888661993,0.0016276528170520166,0.00505959358261876,0.0028429631599768967
2025-05-29 15:30:00,-0.004547450201552117,-0.007722797588369801,-0.006597421531479242,-0.0015689381068009212,-0.004649852018917322,-0.0015316275523362677,-0.0018896102104530854,-0.003277960712728678,-0.0029328932807572983,0.002951539157633576,0.0008901715311173675,0.001346994296921089
2025-05-29 16:30:00,-0.003635228684250258,-0.0049578819564173315,0.0027792450375319078,-2.7885822400541826e-05,0.002085443832544165,-0.0011057966660636964,0.0013663240820500633,0.0017626356606132987,0.0005601532689309963,-0.0021888079680110195,-0.003714438545501686,0.0003495087400136043
2025-05-29 17:30:00,-0.010732604761844122,-0.010281820324264501,-0.004686613436709841,-0.0022426608162602335,-0.009198708686099621,-0.004553769349675996,0.000455026821683191,0.0031259153925171645,-0.0021913254400400817,6.53727095514256e-05,0.0010414297551433194,-0.0008722721832965519
2025-05-29 18:30:00,0.0024880406631515584,0.0033589214646525534,0.00049879139161213,0.001234189069427849,0.0037577898262233234,0.002340681627860164,-0.0006446438652814024,0.0002749864979323391,0.0014614170419564587,6.536843624083133e-05,-0.0002230641282308099,0.0008130990655912385
2025-05-29 19:30:00,0.0008373383352529018,0.001941739020149491,0.004062752819042004,0.0008183083078732167,0.0019222794714721658,0.0020020011536354687,0.0028789294084932138,0.0017224499848893515,0.0018661371820725137,-0.0006869313164630242,-0.0007439823649066923,0.00029025135200111407
2025-05-30 13:30:00,0.009454395104214086,-0.013162785759962325,-0.003557164254551992,0.0021026984831564732,-0.0029944404163018135,0.0009607412462742104,-5.66823890215673e-05,-0.0064940138334677044,-0.0006612715841107786,-0.009865580481137393,-0.004250982046273499,0.00208720277155372
2025-05-30 14:30:00,-0.002614979539883322,-0.009178605748102697,0.000351233549684693,-0.0005388684398415222,-0.0018894329790288822,-0.0019369928134649328,-0.001016210244979554,-0.0011272919993885466,-0.0008051890021922858,0.0010570019950879583,-0.005395705593154609,-0.0013330494817589411
2025-05-30 15:30:00,-0.019119840341963013,-0.01865123469589225,-0.0080348080149788,-0.005892108031321008,-0.00919241887620803,-0.008510212032083686,-0.0023752195667237075,-0.00688949706813613,-0.0068563793972113984,0.0006599838300305194,-0.005576123997391491,0.0009854994759628255
2025-05-30 16:30:00,-0.016139167648863584,0.0065084485378363865,0.0018696840874747878,0.0013573169009797326,-0.0006658421969740758,-0.0024210068232859427,0.0018183956886019814,0.004321294772833717,0.0013578949026964438,0.0007255498995437648,0.009850056005084262,-0.001449485635158787
2025-05-30 17:30:00,0.006276367968474972,0.0023599813345596132,0.005211368139526051,0.0036250993331519155,0.005903335010010835,0.00737013285330157,0.004349577885439437,0.0005554691918563393,0.004028417668277662,0.0009226573042235842,0.003063045801495079,-0.0009869296847107023
2025-05-30 18:30:00,0.003042424520214304,0.0035920023338027463,0.00466269173655931,0.003959469363151058,0.0049832400286193845,0.004366713756167151,0.00011316237921299432,0.002685312373705173,0.004037675913011185,-0.00036564253486481846,0.00014920767169090965,0.0005086446440145664
2025-05-30 19:30:00,-0.016943493413603683,-0.0031469495879337117,0.003041626473851089,-0.0021300890127289307,-0.0011402174175634272,0.003050082906755236,-0.004839873504882242,0.0012381995048507122,-0.001999818714385704,0.00036564253486481846,0.0011926332491594138,0.0015800114008142074
2025-06-02 13:30:00,-0.0212125343945182,0.013407922873420297,-0.000648096346229643,0.002271213822751861,-0.001636741506702677,0.011863511330213683,-0.002200754424867668,0.008418713312261517,-0.0014770090221798426,0.023502160924262938,0.03196284715334485,-0.01017676211678431
2025-06-02 14:30:00,-0.007093942852137047,-0.0014659882244636435,0.0008972582204291868,-0.0001411248100229301,0.003686813798458033,0.005456525308781934,0.001954459732893099,-0.00227027982629302,-8.503534519999079e-05,6.44046181079716e-05,-0.0021668700557819776,-0.004948034434374193
2025-06-02 15:30:00,0.00758777783413489,0.006920840765366698,0.0015930309589586855,0.0006077549517815584,0.0007311247791106368,0.005973509784983122,7.647469035632071e-05,0.001846925836369806,0.0014771345327719843,-3.22017905594052e-05,0.0061991158626311105,0.00012479196118864166
2025-06-02 16:30:00,-0.0013592425250079643,0.0011812930915855446,-0.0008454618062021524,0.00028205825643379256,0.0023361619788166976,0.008070034393716341,0.0007382988815054503,-0.004032575468563948,0.0007632047702603728,-0.00025735705251506147,-0.0019060938470394362,-0.0015968958895875573
2025-06-02 17:30:00,0.008391428661489897,0.003348282542367187,0.0029523586534745405,0.00100820417496994,0.002317988355716949,0.0011080021655898165,0.003176993250118443,0.0009687195383758507,0.0027849489498521507,-9.653824942823519e-05,-0.005740178140927199,-0.000176790993939413
2025-06-02 18:30:00,0.0030447020984007978,-0.0029486192123666655,0.0010220876966711145,0.0004441288824317269,0.003160098865351735,0.006711634982908166,0.000490797442774138,0.003743431647797557,0.0015119788827808733,0.0021506024965249892,0.004911832063850596,0.0012369709247961325
2025-06-02 19:30:00,0.0017523546758502206,-0.0018546152507008529,0.0006939939173040699,0.0008011414115918214,-0.0006286525321979042,-0.0021130077403928027,-0.0007929996137150397,0.00019404796969624272,0.0003712523029584247,0.000709475365793466,0.0020155404389319287,0.0024692714007503724
2025-06-03 13:30:00,0.009670008472890679,0.028207331496057364,-0.00029735618657600327,-0.0005195718617558853,0.004695994955572047,-0.0028491984177261287,0.0020754240674758506,0.007347308248708551,0.002149193038609276,-0.010451676543125288,0.009233869181334953,0.001651029622846245
2025-06-03 14:30:00,0.013890297601529156,0.003672635083351139,0.003760119690976893,0.0012551921967940416,-0.003245797504840553,-0.0035917793331625703,0.001770083145521184,0.00518783865743444,0.0018083659181584721,0.0010047404054409625,0.0034851219892280128,-0.0001255085479634488
2025-06-03 15:30:00,0.004710341957143704,-0.0017989535601534712,0.0027369556891416735,0.0003027802083011011,0.0022678541495224636,0.0031808427979216347,0.0016166660760097429,-0.0010546054381368464,0.0018555836879956544,-0.00019438073631405928,-0.003413913221452347,-0.0034651685922844067
2025-06-03 16:30:00,0.005525845351741943,0.0003531538306127402,0.0012777189704076264,0.0011452872147383886,0.0009634693578357556,-0.000455912133001668,-0.0005651343892703053,-0.001776133308299066,0.0011317466654503505,0.0013113866958134324,0.002277200479323227,0.00029414424724549804
2025-06-03 17:30:00,-0.019727296967436025,-0.003219527137029665,-0.001096933816839396,0.0007772195808497528,-0.006460994640780093,-0.001555423533509348,1.4912374028952513e-06,-0.0009614585569988066,-0.001005911013914229,-0.0003721637741325168,-0.005131040073424131,0.0005879393648866582
2025-06-03 18:30:00,0.0030004896779720625,0.0020536566677780144,0.00043462222616241775,-5.400437858238405e-05,-0.0033495702361161506,0.0017945820725344674,0.0003945262290114826,-0.0008179084590160812,0.00018447572348723185,0.00021029745412626255,0.0009997814389963722,-0.0007456373161947027
2025-06-03 19:30:00,-0.011918143117656932,-0.0012732930059584646,0.0007871872217650733,-0.00048564355113800417,0.0006197976436039809,-0.0027092747301473707,0.0005071503840508029,-0.0004813964041128216,-0.00025164070794847504,-0.00021029745412626255,-0.002143645279217843,0.00027525963947105936
2025-06-04 13:30:00,-0.036266833873698445,-0.0020194770972317144,0.00881323306674009,0.0038361577604311137,0.001990454626604077,0.02527483032130906,-0.002161761879730051,0.007770917925534526,0.0024713806505056723,0.0051910480837111805,0.007269679473032475,0.011460812806910248
2025-06-04 14:30:00,0.0028826924559686162,0.002408674897885099,-0.005131614822492914,-0.0006201009011697067,-0.00101902968664902,-0.004405038075168122,-0.001318026732237243,-0.01657391225352356,-0.000996223395622664,0.0013265401218127693,-0.019070070757481794,0.001974771748838755
2025-06-04 15:30:00,-0.004105517265278635,-0.005782799273674755,-0.006192856283249171,-0.001878274588634099,0.002376073353501873,-2.9387331482055856e-05,-0.003681112916080309,-0.004284279277053216,-0.0017855467388274704,-0.0003859853216443554,-0.0004343557331214498,0.004916587200594513
2025-06-04 16:30:00,0.0031896439279126554,0.0019899890935519693,0.002879995404025948,0.002024864270585347,0.005291337426476694,0.004072652318470205,0.003266428146190492,0.00048773643074362383,0.002329816782153493,0.0006431934180026744,0.002314423573871238,-0.0009786163172069706
2025-06-04 17:30:00,0.0008258261238927034,0.005869604844277454,-0.0014512808448863268,0.00012910196728999068,0.0013389541130930382,0.002117657068143153,-0.00028272838718557125,0.00014628199340194215,0.00046032849837640555,0.0015100201624953513,0.0023091893649151984,-0.0005203734615104594
2025-06-04 18:30:00,0.00236866469560848,0.0003614208348627912,0.00034460055293816794,-0.000861082402448865,-0.0004740782952419309,-2.9206832370398672e-05,3.763268759549021e-05,0.0005362090949674325,-0.0009375325597931194,-0.002040602775445599,0.0004323525090512703,-0.0010413833363891456
2025-06-04 19:30:00,-0.005134210188655786,0.0011294192603950037,-0.0014923725920841235,-0.0010147661397130747,-0.0024337741004902824,0.0038660408884618747,-0.003626718996538436,-0.0028793672630325062,-0.0019113016019307594,0.00011259812528674473,-0.0008650020564164862,0.000231482821603457
2025-06-05 13:30:00,-0.04500921316436557,0.001044427395709313,-0.0021562139141844128,0.005409036988535121,0.012324342819153067,0.0043654633054126535,-0.010825936321435137,-0.0023006728834129575,0.0004613266761559487,0.0002572494473529474,0.01275373052699802,0.00420442588804093
2025-06-05 14:30:00,0.01281473808765643,0.007442340737257247,0.010289170505587641,0.002644447689569951,0.0129988326748256,0.0018351225879493782,0.005969720804691825,0.0021540477011177117,0.00417654578958615,-0.003866397270444466,-0.00028487998075288345,-0.005014982873381868
2025-06-05 15:30:00,-0.025231277614115477,-0.00023695503187681766,-0.006886704402857546,0.0011647112754111788,-0.007579619843245844,-0.003979537948071155,0.0016719962676248201,-0.0005867158132355499,-0.0012871682788393457,-0.0042541290841890955,-0.0014252920648107903,0.0010999013918322476
2025-06-05 16:30:00,-0.036756213755696265,-0.010023848468491359,-0.0026613196772480308,-0.001913443503885226,-0.0003318496350104283,-0.0019086850228022811,0.000455493160302467,0.0005867158132355499,-0.00237791726424863,0.0014093518124180804,-0.003142877168497371,0.0019074705144443982
2025-06-05 17:30:00,-0.016037941821284818,-0.006119238138452943,-0.0019253173185358463,0.003570839477067267,-0.006105036941793429,0.0001815903721666956,-0.0031186933875027023,-0.004000576311947057,-0.002097861893447295,0.0007766423056008165,0.0011440274478919932,-0.0028915125703390387
2025-06-05 18:30:00,-0.05452721216497203,-0.00802624875103497,-0.0073480563327654735,-0.003271318483137442,-0.005269200810171348,-0.005002136682515257,-0.006232347606723643,-7.458815323424517e-05,-0.004647638615653982,0.0005820861527485732,-0.000571850124105211,0.0009192404225881745
2025-06-05 19:30:00,0.010527143399959193,0.002574900685426762,-0.0008970927452152111,0.00038499461463459284,-0.003098341652989056,-0.000832486060883042,0.003527671060755466,9.810606981019987e-06,0.0009110017287472516,-0.00035564615280403444,-7.146334846996893e-05,0.000527560967835683
2025-06-06 13:30:00,0.036275158757626436,0.012038763390898488,0.015388347292000226,0.008814600405775863,0.015230962092110722,0.0189307743974787,0.014758626373986061,0.019778603546616758,0.010367642587378434,-0.009358025113278323,0.015679023092655342,-0.006730927621504179
2025-06-06 14:30:00,0.02108025061090757,0.0010230848523820057,-0.0030489838256491097,-0.002291944206707086,0.0014205365290793637,-0.004324764514456625,-0.00031973011147901076,0.0020064012920402163,-0.0011187919723383288,0.0019242258512015553,0.0008443226037053719,-0.0018064604796652617
2025-06-06 15:30:00,-0.0036047580341369567,0.0033092882931304857,-0.0020459908435155327,-0.0009672109143910035,0.0030473266461807924,0.0007484988204806697,0.0015038498319190907,0.0020273936307999563,0.00013368488432874415,-0.0020221634576520486,0.0033002258852290467,-0.0009920239547511756
2025-06-06 16:30:00,-0.0012988216639486794,-0.0010197030416536634,0.00475116951307708,0.0008078249688328043,0.0015677297081442276,-0.00010073358561601964,-0.0028592165427561156,-0.0032642499009956083,-0.0006685011767704196,3.228161364088322e-05,-0.001473159323388984,-0.0018699868720233326
2025-06-06 17:30:00,0.0007495768667986624,0.001757593185477191,0.006828659138217397,0.0013484667610610401,0.0028027201549463143,0.004565486346476355,0.0024459319842673466,0.0018734214592992515,0.002321005284453115,-0.002549468128759891,0.0012628408141672764,-0.0005266453984615893
2025-06-06 18:30:00,-0.007689113967679795,-0.0020617092897268208,-0.0013913309483317704,-0.0016778886849966312,-0.00011037267344349289,-0.001089245064644473,-0.0005263708709408732,0.0005757826566066271,-0.00038374468590252064,-0.0002618389873036975,0.002101303979826774,-0.0015825862370721921
2025-06-06 19:30:00,-0.00966059348373527,-0.00269092173915908,-0.00376871596990469,-0.0005953620789931335,0.0029549275852547296,0.000802702828679891,-0.0007899613219572998,4.793643351685972e-05,-0.0005173567494844988,-0.0007205359083677365,-0.0012601883168379402,0.0006458310748147511
2025-06-09 13:30:00,-0.00924205586456317,0.018772491469304597,0.00679301157541623,0.00044653856621312826,0.005371431630450729,0.006306070934213537,-0.0017945111365822441,0.0062633063934809385,0.0011179045090177198,0.0028790338288304795,0.0036362908156606366,-0.0018176711452788652
2025-06-09 14:30:00,0.007582363706882589,-0.008310806467467735,-0.003855115342572546,-0.00046782891865237985,0.0009312146287685508,-0.0037874522639986807,-0.00042832610195286946,0.0004288501160427671,-0.0008257315931405884,0.002610075847074178,0.0023705762754273607,0.0029299758311243096
2025-06-09 15:30:00,0.00137166608214212,-0.006692921257373641,-0.002943732495594098,0.001147928672936338,0.004272510069267099,-0.0002787481512811496,0.0035766748271388593,0.004278633395856879,0.000959047232667487,0.0007533581525471789,-0.003627771929477497,0.00017551871136056718
2025-06-09 16:30:00,0.006823161052685656,0.003824620175393534,-0.015860017386359004,0.0036263629890171956,0.0054534193270106,0.002605682147473587,0.005322601356471779,0.003646116469407268,0.0017325037511870534,0.0002888074037832311,0.0006986016258787586,0.0011694570031810514
2025-06-09 17:30:00,0.008180287172679712,0.0004894824155199373,0.0036799757008019185,0.0010510893694632983,0.0006910728361368967,-0.0029558196402330594,0.00044847929546154575,-0.0009931039518944473,0.00036604437163045844,0.0006995675528083112,0.0062661847621834355,0.0006425832333611936
2025-06-09 18:30:00,0.009834591515678781,-0.00045453434039366414,-0.0010429675419176831,0.0007413415240202781,0.0004604968739982951,-0.003237503631058125,-0.0034435686729086257,-0.002605601370607502,-0.0008488915699347288,-0.0015462567457449339,0.0002081875092896368,-0.001812040236542245
2025-06-09 19:30:00,0.020282550692496848,-0.0015770850347225362,0.0009436661171333682,-0.0010306214958006876,-0.0013820569398452776,-0.004169435660750231,3.7416801257350585e-05,-0.004230745258048785,-0.0016164700338698879,-0.001238729161955554,-0.0002081875092896368,-5.847305605666264e-05
2025-06-10 13:30:00,0.01673583891673225,0.0017522345093237135,0.007073773328754918,-0.006131830492734025,-0.0028160608429059764,0.008293041849405824,0.0010867646403784903,0.017097640276268145,0.002698284564623954,0.0019551822045800193,0.009807373035249256,0.004087101864782561
2025-06-10 14:30:00,0.014812011561471827,-0.0007916759634758463,0.00219115676324666,-0.0017467037609790736,-0.00318287513246851,-0.0048196866775658265,0.0022446926621775276,0.006906929617783497,-2.4975192324916407e-05,-0.002216115767805782,0.003567541275814712,-0.00326486519921243
2025-06-10 15:30:00,-0.0006279846065053718,0.0029951459419246262,-0.0038250240682220493,0.0009841068493816607,0.0023448461120381126,0.0028922219340259403,0.002015935740796948,-0.0009771618066816146,0.001170523680134039,-0.0010772082750669654,-0.00535604351993868,0.001807096451489798
2025-06-10 16:30:00,0.0051071025396085545,-0.0032194219428784976,-0.0038526434492061057,-2.8534762378740197e-05,0.0003756649886161867,-0.0015076334820207649,0.0008386710173322598,0.000418870126346782,5.131096473842689e-05,-0.0002450318264530793,-0.008018870791125288,-0.0005252960254669148
2025-06-10 17:30:00,0.00604458100773364,0.003253646079310002,-0.00029741516039649696,-0.00271595598260177,-0.001990824190959195,0.0019551748185957507,-0.002032817405594578,-0.0027025158362379287,-0.0016377734331296523,0.0004735611010460161,-0.004940046375543794,0.0007003333994202166
2025-06-10 18:30:00,0.011489412506588081,0.006130534184783265,0.005537492465782279,0.004315505529789654,0.005361464399874727,0.002468402046357454,0.002759203166088575,0.0008394789574994732,0.002836645684331174,0.0024135582978859205,-0.004123691675978591,0.0011662520682316213
2025-06-10 19:30:00,0.001564857838966205,-0.0003473037179402283,-0.0003452293002430551,0.0014449792800306227,0.0028952138538693717,0.002762379580091512,0.00037230968483470406,0.0003728993737315278,0.0006602352108746601,-0.000879986793334453,0.00363538060563684,0.0009318989667645994
2025-06-11 13:30:00,0.021145391240510847,0.003656370780100282,4.9820304493408685e-05,0.0079101494096383,0.00010799914621006934,0.001479669148150009,0.00030585598601184927,-0.004015884940539394,0.002823326005555238,0.0013361850143009946,0.022494528137340986,-0.0005823239653208745
2025-06-11 14:30:00,-0.0033713867549485244,-0.002267243920571538,-0.00901714511592111,3.182413942237616e-05,-0.0038563358937713232,-0.003638633246017875,-0.0017399581896730965,-0.00023399261591183773,-0.000851999782146784,0.002048932169918416,0.0013636777897545471,0.00034945284146470357
2025-06-11 15:30:00,-0.009225583372752588,-0.005357385192201747,-0.003653999715654166,-0.0013354265876017735,-0.005296482992937612,-0.00033528264945914543,0.0004028384813219432,0.0009823727248612357,-0.001656397464329551,-0.0024726231086793504,0.0017700989488398378,0.0021523240315781678
2025-06-11 16:30:00,0.006001049876085851,0.002299689278929762,0.0035046963492391114,0.0010963028659132235,0.000927156661340689,-0.00018554234909284872,0.0040602547738002315,0.0028013410974008224,0.001871535832966842,-0.0023154296965399723,0.0035306189444037628,0.0031330296166789395
2025-06-11 17:30:00,-0.018943574227279214,-0.008654721384594666,-0.008350968053449037,-0.005751145885913189,-0.011089503901863473,-0.006020722303546222,-0.0051902509768266825,0.008542352705244838,-0.006041134367999135,0.0065067648277157275,0.018667123878636893,0.00012046849443070329
2025-06-11 18:30:00,0.0006772811251192223,-0.0005027493036147135,-0.001301801074828468,0.0006991019059396919,-0.001031248742380697,-0.0027096533318529126,-0.00035443920671340834,0.004796141213255112,-0.0003830226795944469,-0.00020889757204400894,-0.0017312059813399117,-0.002092008031826076
2025-06-11 19:30:00,0.004758733050122643,0.0030851409722973955,-0.0006534933416340039,0.0015236834346934458,-0.00018294184711908912,-0.00020161947793351231,0.0008765897001143941,0.005963060828186428,0.0015475507696685042,0.0005352250619434784,-0.0033375640630612935,-5.80114755717176e-05
2025-06-12 13:30:00,0.0,0.008539506477727166,-0.003946979045987398,0.007625735132562816,-0.0016009515711710165,-0.004387585998003374,-0.000671288849671825,9.141177963734037e-05,0.0017775837446913911,0.012215149652829993,-0.004025204279539452,0.005919273959431592
2025-06-12 14:30:00,-0.0002756860746773171,0.002677147247626799,0.0004204655321613515,0.00098583395873586,-0.00140914853357188,0.002098016438670136,-0.002166264488009162,0.0041090053706023255,-4.974274340785456e-05,-0.00019231138743602827,0.005228063981770781,0.0011372723271492191
2025-06-12 15:30:00,-9.19122503271197e-05,-8.345028256862008e-06,0.002218090601578737,0.0035786160642805598,0.003989551032354655,-0.0001905790264435936,-0.0010286972715931597,0.0011815464713782475,0.0009200935041153713,0.0003203681063759234,0.0006675402084823645,0.0020152941748978748
2025-06-12 16:30:00,-0.0039231590325341514,-0.0008310487194460592,0.003368097613368093,0.001225243504825002,-0.003167898251280832,-0.002337920856190223,0.0012904117929721792,-0.0018211346209495716,-4.079184564442784e-05,-0.002308807316584449,0.0029321788872085364,0.0015517950794841084
2025-06-12 17:30:00,-0.016850590710823177,0.0010041673839555898,-0.00256272351444764,0.0004130243543825074,0.0014798402460565185,0.0023091061643967237,0.0009340382930105307,-0.0003646391585450104,-0.00028194447520757393,0.0005135400381952593,-0.0038669415431504817,-0.0005169975095391521
2025-06-12 18:30:00,-0.0005006685791819621,0.0019361674524187578,0.0006789870805494758,0.000531880366755999,-0.00023476162042612714,0.001709380076936995,0.0005413017270567977,-0.0006840134976293655,0.0008036105010731376,0.0011545262066388062,0.0014018674131834885,0.001496350805643587
2025-06-12 19:30:00,-0.0010177703567499918,0.0016910505181435553,0.0015825892154373022,-0.0014810467432111452,0.0012670012638240635,-0.0007425588258911375,0.001137817336260838,0.001230887625691679,0.0006385817674461336,0.00032037296537446025,0.001266640849467926,0.0003980889333163873
2025-06-13 13:30:00,-0.014914383651065677,-0.02655643897444815,-0.015404173027008916,-0.00798536610801559,-0.015715662824282717,-0.008193563915053659,-0.01965277097510132,0.019581097389095525,-0.011512431825559055,0.01422028900025829,0.06761506021470609,-0.008987256840126356
2025-06-13 14:30:00,0.013895672093785727,0.012083267516868723,0.0068840313552662735,0.0024694617090732507,0.013603077439740652,0.007457677450011246,0.01269420998255999,-0.004029235626200389,0.006364071159213225,-0.0028785251810532486,-0.012531491832664443,-0.0012739663405394452
2025-06-13 15:30:00,0.017749619472429146,0.001108376002393996,-0.0012158177449723695,0.0016045531058965778,0.004407783867232951,0.00018041097987175903,0.001125687893661187,-0.003505143496005836,0.0004993720868222695,0.0003483580665086805,-0.003980198376010158,-0.0017398545897178153
2025-06-13 16:30:00,0.023146380186616966,-0.0029398276534813306,0.0,-0.0033588202319547733,-0.0022675779092260484,-0.002962840454821425,-0.0035124727966060476,0.005115219121909043,-0.0022491917205140766,0.0014556233799396523,0.009826835352591878,-0.0035318353624731458
2025-06-13 17:30:00,-0.015913579953559243,-0.007422894948365233,-0.0050413493910177465,-0.003180276243139879,-0.003904061552682414,-0.005726526069996574,-0.002769690492238297,0.003223021741755261,-0.004044737289398803,0.00015815316506007093,0.0066848548560827226,0.0016727129334119795
2025-06-13 18:30:00,0.0003946055568322393,-0.0006711377092054605,-0.00029553606635612795,0.00034802201778738606,-0.004033242078057775,-0.005774164150280647,-0.0005096006380300722,0.002452361269257075,-0.0014090398230459655,0.0007111388334521962,0.006825908192983121,0.00243943987384565
2025-06-13 19:30:00,-0.005196272465040508,0.0032102884180353897,0.001171445513602265,0.001569774340354435,0.0025492556894697316,-0.00018303956190202086,0.0005473726251317146,-0.001470694954628371,0.0011243232482920362,-0.0007744356948853337,-0.007822691591305109,0.0012174477796449423
2025-06-16 13:30:00,0.014342576448541422,0.017595685025006524,0.010028425716375189,0.010722156739876532,0.011997507766192683,0.03246149124331854,0.019579858545993645,-0.0033952610054255317,0.011873487464947097,-0.011927812437090068,-0.04395898044619706,5.799568676412292e-05
2025-06-16 14:30:00,0.0005168298672053595,0.006827464469126632,-0.005634907318659899,-0.00012498189813037186,0.006361883164842652,-0.002100336316487983,0.004117285634968937,0.0016543861678499638,-0.0011462467591991654,0.003704902660199849,0.009464041246649124,-0.0019137757522917909
2025-06-16 15:30:00,0.0033237468196558595,0.003329842999792554,-0.0011917019009732854,-0.00039590029425617956,-0.0034777805299199827,-0.007815718767700375,0.0,-0.0029530386654856855,-0.0005934545628720755,-0.0013079311987649334,0.013202765483064205,-0.0008711586574889907
2025-06-16 16:30:00,-0.0062977593929112174,-0.002263543246332489,0.004025771234492659,0.0006056779021559322,0.002574757241624148,0.004830525274043929,-0.0012536971270513675,0.0020143562173027263,0.0005967926972179072,-0.0005427556097963304,0.0027975758633767,-0.0012207742458638648
2025-06-16 17:30:00,0.0035170847303831465,-0.0027161611188368795,0.0005744060007168983,-0.003214166427522258,-0.00037073069265414205,0.001449682122975915,-0.0013070207909073872,0.001876416490451227,-0.0013599473422214459,-0.002366325927718016,0.0032961760663692274,-0.0037298217658410238
2025-06-16 18:30:00,-0.0023635621811379792,-0.001791830317937837,0.001293690683866977,-8.353817195505542e-05,0.00252281977060953,-0.0015521371026689934,-0.0001884194438881437,-0.0022342384511944147,-0.0008467633546134223,-0.0015699032418874381,-0.007431660782296845,-0.0012269257096271247
2025-06-16 19:30:00,-0.0015484641132257337,-0.002071558898459891,0.0006303342395845846,0.001065130793369562,-0.0006474559143763159,0.0006553393280528397,-0.000850189380793509,0.0063322995438488405,0.001079102680456856,-0.00025650698212054124,0.0018382167840087504,-0.0005262482255288248
2025-06-17 13:30:00,-0.01889444660235018,-0.0018777058366374888,-0.0039903742416074195,-0.006072032793551507,-0.0008331001306789432,-0.0032523091738525522,-0.00029597591500429843,0.016838199294804568,-0.00254185273638452,-0.00016043593973691372,0.033504268782386326,0.005482995700996973
2025-06-17 14:30:00,-0.008801640031222746,0.0007711031497992238,0.0,0.0014480793482638532,0.0011568452040604527,0.004838925237446112,-0.003297889386808528,-0.002976681713408702,-0.0011650948923795923,-0.0008664464121705961,0.0005377404647557427,0.0009303079745270892
2025-06-17 15:30:00,0.0025582871324871803,0.0035230221067381606,0.00017714627741849398,0.0017600397359922582,0.0026787464754889356,0.0005828405930312641,0.0022707765355587384,0.00323976417373828,0.001131894919037535,0.0002247390039196162,-0.0020934453198329095,0.002553760632659774
2025-06-17 16:30:00,-0.007364908811426041,-0.001311039949079884,-0.00555649212011744,-0.002232020292727732,-0.0036962107489451057,-0.0048075130549598555,-0.001602924968087116,0.0031805828215780707,-0.003582929917731903,0.0019765842247867482,0.004918774034072371,0.0010429197710175586
2025-06-17 17:30:00,-0.009572179221524202,-0.004498185278250411,-0.005408439781289687,-0.00037752711863259236,-0.004919743208708027,-0.0027453532240686584,-0.0022280220754655744,-0.0011732998708504638,-0.002691407156028447,0.0002357783487223486,0.009887235815560835,0.003524975967219568
2025-06-17 18:30:00,0.005562096968685815,0.0006663049386022024,0.0019421913647166278,0.0023687919286974335,0.0006046317100762977,0.0009589111948722362,0.001096103251607694,-0.0031012133213472737,0.0014385358290622818,-0.0013782134264976875,-0.00012149573216024834,-0.0008648341027495121
2025-06-17 19:30:00,-0.003251312970837361,-0.0016377809463596904,-0.001021748073077866,0.0009941474504140402,-0.0012561553343797272,-0.002649857384702692,0.0007609074956054229,-0.00245279595872816,-0.0011372827765203652,0.0003527789254258451,0.00012149573216024834,-0.000635492753263911
2025-06-18 13:30:00,0.022169270018715714,0.008158850188446642,0.00723301257187714,0.0006795901367633306,0.013632321085002452,0.005028661859098449,0.026396201045621126,0.001358536317412451,0.0053420750120336535,-0.0007379931834696762,-0.015360968998554547,0.0031734329388495297
2025-06-18 14:30:00,0.004997219214707194,-0.001585029946385319,-0.0006101189069074309,0.0009298349036619413,-0.005241582338787687,-0.0016996154045427758,-0.004939730124795538,-0.005709546369778273,-0.0012172359819597744,0.0015487660812132376,-0.0016664449413310578,0.0030680549936592527
2025-06-18 15:30:00,-0.000584811872285762,0.001998094038961895,5.4853895732343005e-05,0.0003758460643021877,-0.0056483325161265086,-0.0007078260366686351,-0.0004722641884820078,0.001628387986456481,-0.0009086570376934944,0.0013989682157298233,0.007998490945535508,-0.0016864101107580964
2025-06-18 16:30:00,-0.008766738094111659,-0.0009986005396624975,-0.004533257730851226,-0.0011698055867856993,-0.002625988466339102,-0.002026137535036554,-0.0003452487053223763,0.0026717648337930555,-0.0010347308010567602,-0.0008641593497458189,0.008907427262189849,-0.0004603362221420326
2025-06-18 17:30:00,0.006115488384663692,-0.0005857743041399743,-0.0007653335884825196,0.0018481120173614585,0.0016974912223863825,5.0128310551400546e-05,-0.0021650391253018597,-8.070770624435397e-05,0.0007761993772295028,0.00048022412423609495,0.004000754910362225,-0.002824159687651928
2025-06-18 18:30:00,-0.0053327726699849975,-0.006016698418839006,-0.0013791562413683067,-0.001618186587128534,-0.003071146368689881,-0.0029785492078513442,-0.002772181593337031,-0.007218973983742494,-0.004046022147289108,-0.007581198681023693,-0.007164185466406181,5.7771423328745186e-05
2025-06-18 19:30:00,-0.0003790114477748574,0.008908054988888026,0.0031131241111301833,0.0035461387869384353,-0.009295923791050598,-0.00030907764439636054,0.0006755248863292707,0.000265018592282118,0.000904300301568739,0.00035468967264140616,0.0024343315089661033,0.00017311815066367586
2025-06-20 13:30:00,-0.005920713042351089,-0.005825702662971999,0.012306096712232595,-0.0013335227290811602,-0.008812873520149367,-0.0075058263315757046,0.00647651333887822,0.0071293491587791635,-0.0021950185297701097,0.00025779666615299845,0.002064463255850413,-0.006483815639584556
2025-06-20 14:30:00,-0.0014802072588828707,-0.005026250260429244,-0.0050964890441012045,0.000562787831729139,-0.0028518775223185244,-0.006526598485331547,-0.0009434317095502465,0.00017542991078123293,-0.0014604219007354757,0.0002278404632978237,0.000727595948419868,0.002899729580638777
2025-06-20 15:30:00,0.011274251851966177,0.00038282820392154804,0.004139784368601518,-0.000229224495867264,-0.000857108032382925,0.004841008101642785,-0.0003267544256848609,0.0024522588795292677,-0.0005881930495013066,0.0001910234423423418,0.0026634546588919505,0.0020826145729966328
2025-06-20 16:30:00,-0.005784500909085999,-0.0032702590842177415,-0.0008568240409987382,-0.0018777506897418306,-0.0028624899168212536,-0.007352554611237849,-0.003054978799387875,-0.0007787923984654554,-0.0023138712401529204,6.438722459467527e-05,0.00012092288247878002,0.0020782863020967213
2025-06-20 17:30:00,0.005815457350826669,0.004658596732634912,0.007484978135150477,-0.00026107071263758996,0.003219707546355366,0.0010666694315037972,-0.0012756953108983282,0.0009536952539219712,0.002229844726506336,-0.0010957374690292454,0.0033936136806138606,-0.0007499329668112509
2025-06-20 18:30:00,-0.00640665619696712,-0.0025358826699193315,0.0006003658564228687,-0.002897190582813458,-0.00632995191111263,-0.003987633508016231,0.0005286505397634755,0.000743179402499905,-0.0023730969333675134,0.0009669588738585588,0.0008285829794791866,-0.0009828328410232956
2025-06-20 19:30:00,0.002735229544671647,-6.887337018124384e-05,0.005039099534269731,-0.00025665293260423994,0.004516743404974655,0.00043395667789170034,0.002384741679494873,0.002487583101861368,0.0012629560519865635,-0.001095977081400079,0.0008423043059790913,-0.0007500872264110114
2025-06-23 13:30:00,0.09143119222630336,-0.001043762626148137,0.002146560855202928,-0.003311057477167978,0.0011701248693309907,0.009015425724453685,0.0023428642952767476,-0.0007848632258493637,0.005571618539983447,0.003926752836179936,-0.012405248708823535,0.007773331073529732
2025-06-23 14:30:00,0.0010617139450417312,0.0012523844821767938,-0.004189073637739682,0.0069869742777335375,-0.004670911973316372,0.004391449423780891,-0.0036528071875912005,-0.0014843133520683338,-0.0016078135333508214,0.002582666620914331,-0.00018267990164932968,0.0007466429525138096
2025-06-23 15:30:00,-0.011068742714748225,-0.006138018244052468,-0.0019487190458411519,0.0034076758272041374,-0.0011118310785116492,-0.005524992558963326,-0.005257222221766611,0.003379215476782882,-0.003812312224717118,0.001136728781108154,0.015350567494242462,0.001715960708832398
2025-06-23 16:30:00,0.004624469799721531,0.01027249508260386,0.006471446642975387,0.010936202104397275,0.004113463549285434,0.009342741992056425,0.009490352060899987,-0.021453284175782628,0.005704658611378477,-0.0035587327146551218,-0.05840809728943697,-0.001601296759573323
2025-06-23 17:30:00,-0.0018597962299624626,-0.003440056341756481,0.0012452942551091084,0.0017785806631254175,-0.0010745919811210314,0.0027837202714131593,0.0012501517319476463,-0.010014414389492465,0.001086831772227903,0.0016340769871625582,-0.01848105057738536,-0.0002866407875696808
2025-06-23 18:30:00,-0.004907126755101743,-0.0004510479676840262,-0.0016365382736269751,-0.0006164724127240007,-0.0009082474204049618,0.0008615635412336786,0.003795163901507692,0.0048855853828992934,0.0014696143272141526,-0.0013450667677226136,0.0018765319710132289,-0.00355980157488478
2025-06-23 19:30:00,-0.00012050177584121968,0.0022915212177254674,0.000942165724443278,-0.001131208349185009,-0.0028978070775167453,0.0027092145557734426,0.0038167897190009015,-0.0010289026412468871,0.0014674577299222946,-0.0011566404794400853,-0.01150823317687344,-0.0012677729611274557
2025-06-24 13:30:00,-0.02071725482108633,0.019540800337832565,-0.002820661196307306,0.003338592480575109,0.019945561315246607,0.008325135969458941,0.011790018188441387,-0.016744874420993483,0.007437313931107248,-0.021553084161457292,-0.048365204598603384,0.0033117451518611674
2025-06-24 14:30:00,0.006638514397787176,-0.0007825499555256243,0.0019768512259181747,0.0059356381377826395,0.0034733924104397573,0.0036701310207876148,3.555172483693525e-05,-0.002141480292738862,0.0019086809400405969,0.0022081393487907164,0.008066267860058929,0.002653860634434402
2025-06-24 15:30:00,-0.004708057618544537,0.0017682496112829682,0.005299232669810472,0.0005147084232000054,-7.028355771954153e-05,-0.00093391990598235,-0.0025782822368762837,-0.0036556567728922573,0.0012159231524284664,-3.280653506543274e-05,-0.011092123335510351,-0.00010652618852446949
2025-06-24 16:30:00,5.840812882329516e-05,0.00020392742307162592,-0.0024232361697755778,-0.0004688504283532069,0.001583506037049709,0.004787842509943019,0.0031463963781899196,-0.005508630007708071,-0.00026712461149447364,0.002683974358354213,0.0008272008628198435,0.0008896127818793786
2025-06-24 17:30:00,0.0006426208095735575,0.0010530838485625083,-0.0019329392982383453,0.001568669318369409,-0.0008110871343429693,0.0006409075366624606,-0.0012075879080892804,-0.0030427557981607123,0.0011043705649971258,-0.0012429022825592995,-0.0028931490330608156,0.0006006349313212311
2025-06-24 18:30:00,-0.0017827753950632186,-0.0008255677619599666,-0.00019850431380508127,-0.0008145852151990596,-4.6369753782471435e-05,0.001259469050932438,0.0014382955012122167,0.002398102343453168,0.0008316226114954972,0.0006871210409062911,0.005091803645692394,0.00034079000092912537
2025-06-24 19:30:00,-0.004013581721931558,0.004077173127438272,-0.006171964829809973,-0.0014679525286824813,-0.003706022034228873,0.0015176024695335855,-0.001918223581963474,-0.0015673796423252284,-0.0012270718528144542,0.0014053198397601108,0.0022623794374476702,-0.0005718010286530628
2025-06-25 13:30:00,-0.057392071873517025,0.02916533113012676,0.010677275613367954,0.006943536645906079,0.005156540801085185,0.0007650464789756839,0.0027514685997021004,0.003959674729767215,0.001531545717351257,-0.0005880192008440588,0.002803733230634542,-0.00550653388660205
2025-06-25 14:30:00,0.014145696086588444,-0.0010188742352186253,-0.0016809037957301598,-0.0019166081652937095,-0.00046856822296348355,0.0014091341181776684,0.0018248228581070336,-0.0008274384547455327,-0.0008396121356781805,0.0003593529213361535,0.0063985135458679565,0.0021258597513442723
2025-06-25 15:30:00,-0.0006902927820382487,0.0006002363504178376,-0.0011387529296174037,-0.001981307625491091,-0.004147674743011365,-0.007298433204154797,0.0028981175738564957,0.0037182330889251602,-0.0003377115724951807,0.001892944930343532,0.006088051580491971,0.0002846769437256924
2025-06-25 16:30:00,0.0034924415637149764,0.01149333064131941,-0.00362272169855693,-0.001985178800380183,-0.0031757059401185117,-0.0007351695437165517,0.0005115559147359505,-0.001880363165213339,7.420779412470324e-05,-9.78162546818595e-05,-0.004460998785109638,5.9622155768046525e-05
2025-06-25 17:30:00,-0.005473838276335741,0.0002098730870345733,-0.0006196772534377004,-0.00032660085877189715,-0.002878653232067485,-0.00029573692424644804,0.0008461682985192454,-0.00487782279796356,-0.0010551126251128196,0.000244472954793018,-0.011445776198693025,0.002112670529310634
2025-06-25 18:30:00,0.00704763986465462,-0.0011563856776630743,0.0007181406779199762,0.001385857433621851,0.0007879400533807868,0.001327199908126353,-0.000176190168807544,0.005336797994399234,0.001013585093685876,0.0012543590017726203,0.006147938622870441,0.0016109953038787594
2025-06-25 19:30:00,0.0002747602282431316,0.0036070616664405364,0.0021859230662322204,0.0026026829888348146,0.0013835731027267428,-0.00011282232640041912,0.002077562367158947,-0.00450677105371966,0.00014036215268209418,-9.767930183812723e-05,-0.0010902404193711135,0.0003988779148125232
2025-06-26 13:30:00,-0.004306350953112492,0.013763927416801991,-0.009218981826204065,0.005690054841472225,0.005924178081978759,0.0186702847750313,0.011889062158974006,0.0059868153733066976,0.004708194933180643,-0.006206107914334069,0.010714158907880744,-0.0005143676835848154
2025-06-26 14:30:00,-0.0012915858490538668,-0.009561104537973542,-0.0003004083651019229,-0.004056687474119691,0.01278587957355004,-0.00032551519407686413,0.002707672709157727,0.004832032860450752,0.00023773011080852058,0.0024706490195756103,0.0056498105287206,-0.0012012211617760116
2025-06-26 15:30:00,0.006269286301754384,0.004282894078468935,0.0021650155093633217,0.0012663166696924577,-0.0009029476128130653,0.0020345481349686168,0.0015688698736378015,0.0045945468556354285,0.001294017243735901,0.0022853447656361325,-0.0068645820758606035,0.002241194938802593
2025-06-26 16:30:00,0.003636943110869595,0.0025990214106039744,0.0005854827657740813,0.0041237512588683245,0.0014119269360053366,0.0028167238060738953,0.00037058345139051596,-0.00136253564245159,0.0005073319259700781,0.0015152016014905456,-0.004060136234371292,-0.00035420897636395665
2025-06-26 17:30:00,-0.006809071938251421,0.0004792710478964679,0.0036887048062537175,0.00358133210987166,0.00716746447791472,0.0024787086632409583,0.00048432893890559825,-0.0012278783533341553,0.0008667331308664927,-0.0006025439623398299,-0.005030193675656491,0.002282637148109501
2025-06-26 18:30:00,0.003172128827381826,-0.004111472214778367,0.0009698118391909816,-0.0005225696857014128,-0.0035704181332851803,-0.0006052629001525034,-0.0016613979640816012,-0.0009104842286733472,-0.00013071549790488746,-0.0005539609291904668,0.0025182596905457544,0.0003419248803835373
2025-06-26 19:30:00,-0.006242587630405083,-0.002474962852803131,-0.001168823017769327,-0.00024125926161122635,0.0008109496854542542,-0.00027537813842926084,0.0011425405471774397,0.00254729744690696,0.0003922947456871384,8.14723881426005e-05,0.0003398447107283431,0.0021629291688700647
2025-06-27 13:30:00,0.0023609016933567872,0.014976934985583057,0.0031804200017271356,0.0008241031643603236,0.013176699903348243,0.00542276290344379,-0.008164466109672475,-0.007707266465520668,0.00493163913931749,-0.01689611763743759,0.00758191492831628,-0.0019920105609214644
2025-06-27 14:30:00,-0.0030978593157575673,0.0031077938519530335,-0.0009841524990834571,0.00041176639750872823,-0.0017059222796289575,-0.0014660549009892776,0.002090905729279946,-0.00037541027532839166,0.0007071722410856296,-0.0008125133980856347,0.0,-0.0013111521779078927
2025-06-27 15:30:00,-0.002429787463498201,-0.0013947575476160878,0.0030155827337878804,9.0397940066822e-05,0.0001821426566879225,0.0018629941711090225,0.00013916049699957966,-0.0019621387094757026,0.0015831962138666,0.0016741005899509886,-0.012213498851394888,0.00449639783991973
2025-06-27 16:30:00,-0.0007238726939462481,-0.0013008763891795283,0.00044544924269374064,-0.0009844598280972505,-0.0023471218940880334,-0.0015897909647568653,0.00017408269800522902,0.0025875347109360902,-0.0015019634636930235,-0.0005466981947144234,0.003543715580018869,-0.000909060156364383
2025-06-27 17:30:00,-0.011620212618734804,-0.007521039690092657,-0.0031720852474137473,-0.0036732273261552706,-0.007787116936331273,0.0007368162296419456,-0.004313825485773748,-0.0023581050289189776,-0.004984856182065123,-0.0005469972371248133,0.0016313590396368483,-0.007928746841292522
2025-06-27 18:30:00,0.001383273302909771,0.0010551262949425322,-0.0015649771032588689,-0.0015466042925122991,0.010270789328894914,-0.0011882902497504233,-0.00037787045168791167,0.0008254273503434106,8.980485192466858e-05,-0.0008293112586095219,-0.004219773325432108,0.0009700947367647927
2025-06-27 19:30:00,0.008061983467178457,0.008147195305841848,-0.00012427818329197038,0.0019984265658772316,0.015827316677091474,0.006152267005997025,0.003681934381380536,0.002518042137548804,0.004017110275590596,-0.00033183612340614843,-0.0006822054227519914,0.00020024554379816095
2025-06-30 13:30:00,-0.013503990487825135,-0.004128917308598545,-0.00044815185546287495,0.00035829640688600506,-0.006382104483784623,0.015619701642378025,0.013185170535023438,-0.006790243257086992,0.003004405880455252,0.004372383690161463,0.000272917197564837,0.0036273357337517353
2025-06-30 14:30:00,0.003541023693633072,-0.00031901880810636385,-0.005186813872449569,0.002677156692691085,-0.0017450098275153536,-0.006792626155026404,0.0018548076556657023,-9.209646222263501e-05,-0.0008029736792725117,0.00024790253704676246,-0.003554373453114934,0.0016521484094891292
2025-06-30 15:30:00,0.0009664923457695096,0.004194380765814465,0.001773671028757029,0.0008892013955374978,-0.007882320150241817,0.0005335271919992834,0.00029161340478633946,-0.0033665986584328067,8.131680939271746e-05,0.0016673572508283385,0.0018471308889020932,0.000910404968197831
2025-06-30 16:30:00,-0.0034311903390289444,0.0007320493379392445,-0.0008489721382813897,-0.00030250589639013725,0.0009101186330529032,0.0005534232109605242,-0.0018713631753977111,-0.001505300632365092,0.00042163204703360435,0.0009891447462262448,-0.00020505676733684197,0.003689901725644873
2025-06-30 17:30:00,-0.004923912447143408,-0.0015573957953209927,0.002694318889238545,0.0007041933075973006,-0.0012971074756515932,-0.006634679398200838,-0.0036844119731131997,-0.0008071599170227373,-0.00076269189653555,0.0013503177559419655,0.0013662862625132277,0.0004906371474611149
2025-06-30 18:30:00,-0.0021592642778252014,0.0023143179187394836,0.028928483917375125,0.002035985230065762,0.0010468865876065436,0.002008634179574642,-0.0013117640722848378,0.0,0.0030066865061009196,0.0020056751387196314,-0.0023238090121306954,0.00047217081036077246
2025-06-30 19:30:00,0.00024052227755344546,-0.0004750389174796865,-0.007119713170790298,-0.0037843857097277223,-0.0018670057110821148,0.0005828077990859271,0.0008631852068106127,-0.001993038781878731,0.0,0.0011488736132365673,0.0006156332197972958,-0.00016983485890076366
2025-07-01 13:30:00,-0.04649630652793668,-0.020736680549577002,0.02131997969896382,-1.0066996475543988e-05,0.0004557124932196288,-0.009585008720050858,-0.0012431722513364107,-0.0011689140773150086,-0.0012631850306226156,0.01284368335994035,0.007697881242521021,-0.0049720949353666555
2025-07-01 14:30:00,-0.007989209984859968,-0.01134922920771686,-0.007617478113125742,-0.00676115866238014,0.0010336569587385824,-0.011087683223093947,-0.0050925995607178365,0.01040514886070909,0.00025929063094487503,-0.003374145123260952,-0.0023099156425567813,0.0002616531598302885
2025-07-01 15:30:00,0.008187380027582236,0.003330352873479825,-0.0003607140003882847,-0.0039058933534299456,-0.0023556843751704193,-0.010212252088702023,0.0030516543427498988,0.005592502565087365,6.476271856747928e-05,-0.0005526825058144169,0.005020637708376796,-0.0011280973442628905
2025-07-01 16:30:00,-0.003799439227906376,0.005720362914062527,0.0011313178997278683,0.002789888751322245,0.006671695496430097,0.0062690452589215795,0.0040776282209931125,-0.0018759054836428035,0.0012222891704656291,-0.0002926852963698323,-0.0011511643337609456,0.0031171646371701556
2025-07-01 17:30:00,-0.003514933926399344,0.0004970790651359636,0.0004789625999350733,-0.0014287294640515924,0.0007831778154772095,0.0005012498513385921,-0.00238231824358337,0.0006867066511748732,-0.00010517470936211026,8.129352191854622e-05,-0.0019667901944036004,-0.0012497940741083013
2025-07-01 18:30:00,0.006126576984486931,-0.0040359745771665345,-9.60819982545047e-05,-0.0005279624203984312,0.003840024446305712,-0.0014808314928957955,0.002813289557098031,0.003152930197926729,0.0005742278491629449,0.0001463910805092894,0.003253328913668696,0.0010794674346801258
2025-07-01 19:30:00,-0.00722343489202526,-0.002931482873854918,-0.0015863569178655723,-0.0005486473543765413,-0.005654204896371695,-0.00026416195241374396,0.0010507659445400108,-0.003152930197926729,-0.0013026563870228713,0.0,0.0003383041989879487,0.0008286616939034985
2025-07-02 13:30:00,0.03660047096067398,0.018111395907790317,0.021135603987318063,-0.0005183538476272176,-0.0006806302996018587,3.479563842923028e-05,0.0035747761457463056,-0.0010073778099863873,0.001682594963914319,-0.0004879874387464511,-0.0012861032714717169,-0.011561224053783903
2025-07-02 14:30:00,0.006072808746848679,0.0018153508652636319,-0.003893566032233231,0.0003557729030028156,0.0014514747479719148,-0.002552372602401931,0.002193455043633996,0.006666417545547532,0.0003071019646547768,0.0012031594778187937,0.0048648827076354095,0.0020068588826909206
2025-07-02 15:30:00,-0.0014828282680809934,0.004648153752095929,-0.0026264641924633736,0.00047960288585535693,0.0014046171652619677,0.001561071642813161,-3.42700444004862e-05,0.0010006878915360673,0.0005897697845265171,0.0011366350822621385,0.008189622269448193,-0.0008022428253005032
2025-07-02 16:30:00,0.006906546904395405,0.0007120146036099229,-0.00048467661629469916,-0.003951527591251391,-0.0028334429461454036,-0.003391260311515154,-0.0014389385330746407,0.003546111478575753,0.000524692386002279,0.0009084381652897378,0.008123096806147423,0.0007449923222129229
2025-07-02 17:30:00,0.0011102067018740058,-0.0015940696614018535,0.0036547463376628286,-0.0003365851038887868,-0.0002487511799671438,-0.0010758644913027027,-0.002781061499641524,0.005640506916455124,0.00017762739208926348,0.0010049044710145338,0.006477620122208094,0.000629837395552002
2025-07-02 18:30:00,-0.0014801304006235583,-0.00012746040031252903,0.0014168466278050573,0.00026524300648667065,-0.0013866170507750297,-0.0011400669317573886,0.0031410425911833073,-0.0007660853624296138,0.0002743097691517704,0.001197957450177256,-0.0023707452778589655,0.0009235914338381335
2025-07-02 19:30:00,0.0007605940698915958,0.0019416441628425929,0.0024511172711223495,0.0015695326216711436,-0.00029558319820566226,-0.0018142512500389785,0.0005995761320791715,0.00139654285596702,0.0009837442822187015,0.0006468968649224749,-0.0013256124528355784,0.0019346968034197332
2025-07-03 13:30:00,-0.00564490449424504,0.02133027847899971,0.006218546291956173,0.014771542436973206,0.008829365813283196,0.0031220637474902446,0.009727897663476703,0.0037295952348115335,0.007435583373427868,-0.008704156054219148,0.0006611099645237317,-0.0058970131607205545
2025-07-03 14:30:00,0.007860423306651043,-0.005149337845717916,0.0006782001387053427,0.0003085725287341745,0.003956024190198804,0.005429680936067882,0.0019356388737303831,0.00657140863154293,0.0006717469837163037,0.0004891610617256958,-0.007695431500711614,0.00034454482645163154
2025-07-03 15:30:00,0.0023358406871363258,-0.002664872286082698,0.001028091193203018,0.000999649945707226,0.0013026372042403978,-0.00040848638879520394,0.001404084009220874,0.0,0.0005035386599629987,-0.00017732433742345677,0.0013310060889439868,-0.0006316247593280977
2025-07-03 17:00:00,-0.006517476465703886,-0.0010652761579645897,-0.003978037731627637,-0.0004781284181252232,0.0004501363893467669,-0.0011845606250373564,0.000743523712501748,-0.0018284692622874132,-0.0011913013969300223,0.0011875327183803464,0.002391396171952387,-0.0008044555079180782
2025-07-07 13:30:00,-0.0718811386312348,-0.0056690070137905835,-0.004182235782181465,-0.0021780534267072937,0.003579367548457668,0.009417305137572107,-0.008686256936009329,-0.0035739603690325694,-0.003124947066162953,-0.005519741323215754,0.009377326630181315,-0.007521918970947894
2025-07-07 14:30:00,-0.0012634290473805265,-0.00018951185908377965,-0.0015080461332130923,0.0004721212205565095,-0.00013399191583918224,-0.0005517834864843252,-0.00023860303962841556,-0.0035939141280678655,-0.0015580485431083702,0.0012601684895328091,-0.0018420977531192761,-0.0019502514411362526
2025-07-07 15:30:00,-0.000682686541829014,-0.00037913149644452915,-0.005691943030102564,-0.0005022955046474209,-0.003647159443223913,-0.0038305267239371332,-0.006120229723378223,-0.0005846726586486994,-0.0024061510970074806,0.0017484784313195334,-0.0002633909728597672,0.0007540657747027169
2025-07-07 16:30:00,-0.004349656839768734,0.0006242562454925604,-0.005546211847152094,-0.0022735383198764225,-0.00047082760023453574,0.0003808818657464741,0.0001372035193449861,-0.004011812792913183,-0.0006206006349902538,0.0023645690704166,0.0009217156698291262,-0.0011604117926031776
2025-07-07 17:30:00,0.0001510366753851855,-0.0031239286366204766,-0.003487709719214749,-0.002399852855058171,-0.001975497656095726,-0.0034872879609375573,-0.004932925934168608,-0.0026684005308492686,-0.0035536263471191987,-0.0006680856026539672,0.006559120694820564,-0.0016803650379788593
2025-07-07 18:30:00,0.008841129545132276,0.0030057595973111972,0.0024359929627788546,0.002742429997265816,0.0031410427203146796,0.001518752490955677,0.0035259848392064086,0.003481114180289069,0.0023759059603190025,0.0024743941673408543,0.0016983118596209934,0.0011577533891768965
2025-07-07 19:30:00,-0.00017545651962613817,-0.0003796619261278167,0.002336754414014486,0.0024131500891737545,0.0012088430234582503,-0.0027652788920118354,0.002589292478036853,0.0030191680378592878,0.00212863279377018,-0.0004552921688043554,-0.001567639090183981,0.0006967548553671321
2025-07-08 13:30:00,0.01690174061615579,0.005231500365733055,-0.0031487248007540103,-0.0037834865063892664,-0.010571119522588823,-0.0015876096707287957,-0.026255032996657768,0.016555147775682677,-0.0012411763567738987,-0.009774741388676844,-0.000261462386244915,-0.006116871457353845
2025-07-08 14:30:00,0.009936141339227156,6.282889550046633e-05,0.002818550173761203,-0.002169934379139704,-0.0061237454859188745,-0.0014854266602686295,-0.003925415574378199,0.0009730878912277419,-7.422818199387393e-05,-0.0025327349861843373,0.004240987004884289,0.001520806257055085
2025-07-08 15:30:00,0.001108940387707591,0.004077631204080667,0.004560517607158587,0.0022725055909234015,0.005264142029642649,0.005505231388862164,-0.00637436280431114,0.007224765559988633,0.0030777134027735187,0.0011191453915806449,0.004223175892501985,-0.00011781343615346884
2025-07-08 16:30:00,-0.0023720251583307927,-0.0009081253466174388,-0.004730590624444808,-0.000284111740589843,-0.0017214268477996342,0.00023593172491054304,0.001757077246471006,0.003942677730250921,-0.001673726374995077,0.002390496874679293,0.004786182291353747,-0.0012243369408331262
2025-07-08 17:30:00,0.004618964978502227,-0.00028210530690397917,0.0005240869464522291,0.000337762076874526,-0.00040811890070457935,-0.0014373780810608139,0.0017716051139533562,-0.002407596218643171,-0.0002980262396254929,-0.001897168911944469,-0.006863073746731452,0.0012254937867597349
2025-07-08 18:30:00,-0.019918806996382266,0.002222744127632126,-0.0016208397980896905,6.552087575872889e-05,-0.0035213825827815626,-0.001261409434130556,0.000707699400183337,-0.001403412635200496,-0.00022561900991924233,0.00047673605256104423,0.000389721081796246,0.0014569191552356031
2025-07-08 19:30:00,0.002956990877804877,0.0006571062776679071,0.00204941419169824,0.0012088125067286626,-0.0016172335269066807,0.002837524957261195,0.00015922543283686252,0.002410906561611803,-0.0003223871433126746,-0.0002104501444053497,-0.0005846385934411558,0.0020942451351491087
2025-07-09 13:30:00,-0.008030554573964288,0.018997071356516848,-0.0005953160604921237,0.015781062780722444,0.016055352843724613,0.016063833851695186,0.004094545631992297,-0.004915718883920839,0.0049208860019653855,0.0015406375054229926,-0.00658472563873147,0.003538598133894233
2025-07-09 14:30:00,0.0016138564978680492,0.0017236212495870262,-0.010078780144299415,-0.006023333799472397,-0.002335734246461385,0.0031697857581836075,0.00019369585619166685,0.0014069968940173538,-0.002031377760679298,0.0002953459301968664,0.010281874736946861,0.0001736995399914676
2025-07-09 15:30:00,-0.0036561419734777445,-0.0004898771055854567,-2.4011376547505847e-05,-0.0008777053555606429,0.00013489569927482847,0.001244677682230133,-0.002538971728744066,-0.0019350979385190925,-0.0005064775702940949,0.0008855147756792192,0.001293976251520057,0.0019087944423974434
2025-07-09 16:30:00,-0.0011537816154918445,-0.004327361496993198,0.005354266714341804,0.0007580691468556111,0.0009586348688399582,-0.002450064192747625,0.0012702378536291192,-0.0014097241287016615,0.0008552983809728687,0.0003278028838700209,-0.0003880072266175816,0.0012705084641027042
2025-07-09 17:30:00,0.006987187175750087,0.0015366651019910194,0.0039025404127599472,0.002638771552439856,-0.0009136279414700965,0.001212115969684291,-0.001976695252610128,0.0010134652427122859,0.000848001937792553,-0.00024586709836960097,-0.00362891027123613,0.0018450796035640593
2025-07-09 18:30:00,0.001229927706553724,0.00021496729047143504,0.0007506805713033415,-0.0009451776743381046,0.0007672073990647732,0.0010884130679986725,-0.0008129247712389542,0.00202372021949504,0.0012034178986626287,0.0008355816658207615,-0.0017542580491367588,0.0010364345368936156
2025-07-09 19:30:00,-0.0037789204114719865,-0.0001228461802913472,0.005795746488155729,0.0023066298574505595,-0.0004974827169075269,-0.0036233869645405647,0.0008836576664963403,0.00013183668980509822,0.0006252289162747005,0.0004584931843982787,0.00045507016351020724,0.00040270456116164866
2025-07-10 13:30:00,0.028427188991936525,-0.002582698286264673,0.004254089923222182,-0.009860167199249759,-0.009983624744744901,-0.01658046018334236,0.009073978328023813,0.010926204702002451,-0.00040904531732888216,-0.0009827000710505018,-0.016648436511307985,-0.0049014937690827765
2025-07-10 14:30:00,0.0011033783333607161,0.001148845888486072,0.004564827065908439,0.0030542508102646693,0.006221909973795903,0.00853784019636361,0.004645788165690945,0.00043460129861561114,0.0028580534079090114,0.0021196312923583704,-0.0038408220373549185,0.002770859697172945
2025-07-10 15:30:00,-0.002188300748546368,0.00416121214557208,-0.004234673912289821,0.0004198401722037559,0.0020296699341457725,-0.001328923947558458,0.0009055986629373791,-0.004616119053715728,7.991078487190606e-05,-0.0013497626383465189,9.313973227342842e-06,-0.0012113560530382372
2025-07-10 16:30:00,-0.007042013407962067,0.0010589351047496365,0.00254294128092436,0.0012785080435415708,0.0009225837943427351,-0.0005927331495216848,0.00048738043652196694,-0.001660062749558655,0.000846817932242061,0.00014728816436360148,-0.0016029762998686081,0.0008654291714220719
2025-07-10 17:30:00,0.015264186715241657,0.0017256856829845901,-9.401727872315746e-05,0.0009478275137508874,0.0013936607610238738,-0.0010541295259187677,0.0007305194311433283,0.0023581533752876638,0.0007823983484733787,0.0004062789583958448,-0.0019289811276159696,0.003568937203085376
2025-07-10 18:30:00,0.008802016986544814,0.002013496136575199,-0.00011764170105355021,0.00031900840628296123,-0.0024288616288865583,0.0022946154930307827,0.00133798948678443,-0.001440458750067819,-0.0006146412848719862,0.0019156867467939875,0.00471614985344182,-0.0005748138218475418
2025-07-10 19:30:00,0.0022449473244607887,0.00027424112960172664,-0.0007294146422891501,-5.9813931230223716e-05,0.000990238288219203,0.001410039335884683,0.000520775979617305,0.00405418261954793,-0.0005990247892047051,0.00022855166570590058,-0.0001324740790105139,0.0002874482122896538
2025-07-11 13:30:00,0.0033633969506050576,0.019640105486098847,-0.0029702522744976534,-3.9857657660569146e-05,0.009383568543101184,-0.015013337680090721,-0.009538801374546324,0.0021728746920954833,-0.0029204070489949885,0.009199632829829163,0.01734732038813913,-0.009761260946294037
2025-07-11 14:30:00,-0.010566944637127484,-0.005181296696648907,-0.004566795013530189,0.0025689974876250687,0.0006879116443201383,-0.0005024640694397675,0.002572438045825187,0.000650916325078299,-0.0009860393453138272,0.0032306029661040014,0.00428853189126599,-0.001103325893474505
2025-07-11 15:30:00,0.006929582069955309,-9.788392916920685e-05,-0.0009016393400580469,0.0038113850806942295,0.0032464172961121918,0.006380851164379919,0.0005416271051741361,0.000997337692764333,0.000889885560221515,-0.0031173435856590714,-0.0005189215932084323,-0.0027930367547579493
2025-07-11 16:30:00,0.003253978351722253,-0.0017820066674474333,0.002513034962362326,-0.0003269303159552095,0.0014191309253490658,0.0003814578355454401,0.001570860598589796,-0.0005202461354452126,0.0008090466598433821,-0.0016676994006452617,-0.0006491795199394801,0.0005243444980740364
2025-07-11 17:30:00,0.0035323441387618004,-0.0030180684792409096,0.0011359326193440822,-0.0005253927119710511,0.0023025349498180248,-0.003737286784376792,-0.000540776722493419,-0.0005204507337213116,-0.00029630068665564835,0.001780847227611737,0.0007788856624397766,-0.0007959134936070811
2025-07-11 18:30:00,0.0023053328569071496,-0.0035462173511371375,-0.0011595619288078396,-0.0017408372048288712,-0.0013720722584560363,0.0003339924023144647,0.0014144090278245258,0.0009106772417073472,0.00028828578911177516,0.0008731573757660982,0.0019446629469737076,-0.001477937433284282
2025-07-11 19:30:00,0.0026190801448535694,-0.0013031069889377633,-0.0004026512008374894,-0.0004627178842682156,-0.003549352832789232,-0.001476032214423384,-0.0008388256295353003,0.0003466373697360581,-0.0013381174742344015,-0.0007275452871979837,0.001100276296025271,0.001283240924634832
2025-07-14 13:30:00,0.00238851627270531,-0.007060307116299569,-0.014531211895023155,-0.003224832862405158,0.0014017351263628797,0.003547146678945623,0.001533483911973832,-0.014973510014839597,-0.0014738924528980846,-0.0013756212022304481,-0.006554811494189572,-0.0024514001837747657
2025-07-14 14:30:00,0.00041458448597264663,0.006300040190080125,0.003526920310847892,0.0028172989018706573,0.002546190107675983,0.008813248819689257,0.0033723370192042523,-0.0006159505192080417,0.002307430794905585,-0.001409983755759292,-0.01159189296224028,-0.002164537788815757
2025-07-14 15:30:00,0.0017796914125822738,0.0013059473170544678,0.0003625374548166249,-0.0009647178824172542,0.0005089471064216866,-0.0024650746438608095,0.0005204597720283033,-0.0019383373531685066,-0.00039261566160497807,0.00040537362077675,0.0025657025139755874,0.0010535746680471192
2025-07-14 16:30:00,0.0012616125598823302,0.000667123984927187,0.0007624999967736912,0.0004774974851189384,-0.0010624914530241725,-0.00014654640679268027,0.0029096850179133327,0.001498111504963262,0.0013054818739828278,0.0006481968549385542,-0.004609800427189725,0.001579531432086334
2025-07-14 17:30:00,-0.0009949802541324715,-0.0015767567993876241,0.0,0.00035797354582634,-0.0013519707440785567,-0.0004534191902640927,-0.002320087351222355,0.0021990597362533393,0.00040011202889012054,-0.00045368378504573315,-0.0016515280384732378,-0.0001764005407469682
2025-07-14 18:30:00,0.004121998967654861,-0.0025314276198811214,0.0009560280055289638,0.00013919755966806946,-0.0005168816466625259,-0.004416028661231586,-0.0001387162653081475,0.0009660617483016054,-0.0003521409350311089,-0.00029178379493011164,0.0016515280384732378,0.00011686103778441037
2025-07-14 19:30:00,0.0018470499328433476,-0.0020293754854305845,-0.0031594428035184308,-5.964505611100179e-05,0.0013150014630811668,-0.00036062881865817076,0.0009703985852373975,0.00021944156595843367,-1.602267560318893e-05,-0.001232981557116375,-0.0021144935324031167,0.0001752213957120219
2025-07-15 13:30:00,0.002363806484917852,0.04474709234549401,0.007785881160244479,0.005373834732709248,0.005436578674112624,-0.006331892606860734,-0.0038177471252387463,-0.00753194365548282,0.0012158212908817134,0.0008761752655432886,-0.0034454647123611792,-0.006006825585940234
2025-07-15 14:30:00,-0.011364170927693706,-0.0011278473164146874,0.005977221468369542,0.003218398707860004,-0.0007937908307402708,0.0023565383025561104,-0.001844661619579746,-0.0011165291706722869,-0.0006065541808863983,-0.0038025150479725767,0.002651426018810632,-0.001438202672514599
2025-07-15 15:30:00,0.0007941295442863705,0.0,-0.003553579944908236,7.886565090142739e-05,-0.0003529234614862986,0.0008937909910198272,-0.001080526327143616,-0.0015397095613840506,-0.001322145123602958,-0.0026082888356890876,-0.006375313421060014,0.00035296835348042066
2025-07-15 16:30:00,-0.0007639107764374486,-0.005030577948400783,-3.4620408589702834e-05,-0.0008874318135285719,-0.0028283533594057886,-0.004801119111943031,-0.0010984227744295083,0.0024352053989789013,-0.0006646637023006718,0.001109359101733709,0.0003996373638912587,-0.0006484013211709438
2025-07-15 17:30:00,0.0018233865893559908,0.002265780785049465,0.0033280677768070532,0.0021284907467293834,0.0038648883633172204,0.0018718010542162489,0.0006101117040868687,0.002252776101370202,0.0011854450189607846,-0.0008481641002502371,0.0009319003970702511,-0.00023425327251125339
2025-07-15 18:30:00,-0.010216251965299072,-0.004173998237295251,-0.005669535628658018,-0.0027008101666865514,-0.0023746276664411425,-0.0047422307779667605,0.00036622904480054785,-0.0034563620492136238,-0.0020995409667561304,0.0001468050727080339,0.0017948239148593004,0.00017659325606977916
2025-07-15 19:30:00,-0.00255574405169412,0.0020548664622408452,-0.005582200161773798,-0.0018770452305254537,1.3283258371465934e-05,-0.004201552259568864,-0.0014135962682919612,-0.00016823659374765043,-0.0018949623632256163,0.0010925921860991394,0.0,0.0007060613376124181
2025-07-16 13:30:00,0.023918159010069218,-0.0034365534604496872,0.014605097940092904,-0.0037846256112743504,-0.004517498573870959,-0.0013385534666516818,-0.0030258455980689547,-0.000708796247517185,0.0006106458333201559,-0.0016524394759791505,-0.011421869946294905,0.006449401572083957
2025-07-16 14:30:00,0.004165348058517537,0.0024310526611275307,-0.009308396520854245,0.0014432297475801548,-0.0047832474783087164,-0.006436326609191134,-0.0017005547485844374,-0.003106819471723199,-0.001889344631047507,0.011432714446887537,-0.0009409194106853036,-0.010765466802750367
2025-07-16 15:30:00,0.005296921355845363,9.627035660919603e-05,-0.002525548935212285,-0.0011057709556467898,-0.003775997766165773,-0.004565740300789933,0.0024885361340887258,0.0025748585691589554,0.0005711742017551202,-0.0033466323554209865,0.0037583773005112064,0.0007215848796136015
2025-07-16 16:30:00,-0.0031492986978873816,0.002972740021211173,0.003619615140190824,0.003091126397928967,-0.0014785362200004926,0.0003563410872615691,0.0007873609596913411,0.001019303837660246,0.002297602533055887,-9.716675874571479e-05,0.003210247127737098,0.001887281338822433
2025-07-16 17:30:00,-0.0022354996371207747,0.0006007880581133662,-0.0014820016853009932,0.0006328530229504636,0.0007619307478075044,0.002817717303335243,-0.003082925107209533,-0.001906444389298656,0.00040113925652196514,0.0005181465806609609,0.0005340576462016244,0.00035227823207062414
2025-07-16 18:30:00,0.007937866523772819,-0.0013166530632426898,0.0013631015599235852,9.889048086364483e-05,-4.477925962120821e-05,-0.0012086308430161452,0.001875413179772245,-0.0003106547386773073,0.0012667038145872667,-0.0018146393427960206,0.001468486051121154,0.0017042654797370105
2025-07-16 19:30:00,-0.001106357905813482,0.0032736938309012587,-0.0004993317251553719,-0.0005735077888378015,-8.96329081774283e-05,-0.00027037565835374977,0.0008401254827905547,-0.0036021542465523027,6.395313704121719e-05,-0.00019461402290144036,0.0022618511870309277,0.001296255374047206
2025-07-17 13:30:00,0.0006991542245096127,0.00923698082161728,-0.001285214607436025,0.008950416195786737,-0.0024656939063518735,-0.004144327844668894,0.006696033217878039,-0.0037940817697155182,0.002048637574903367,-0.005285467377047048,-0.0032632324809105384,0.002639137142411485
2025-07-17 14:30:00,0.0006994236674211507,0.001069299287610015,0.002331195869481384,0.003551989162012603,0.005105913584092292,0.004144327844668894,-0.0009733870900978658,0.00040238912430368146,0.0019326448681749042,0.002133807902549023,0.009824146139194134,0.0
2025-07-17 15:30:00,-0.004952636218093609,0.00429485024317966,0.004504177276227317,0.0018638113166460357,-0.00035759804308543863,0.0008250552595976401,0.0017724437029773554,-0.0007155159307279391,0.00028717959502522206,0.0005855705578277082,0.0027704382705016073,-0.0014066670312722351
2025-07-17 16:30:00,-0.0033401151153480413,-0.0008061808214936406,-0.002059916471858436,-5.355722954192288e-05,0.0001788491085132904,-0.002049739374236914,-0.001633679202621252,-0.001208518376972556,0.00027921256785923276,0.00029265674426159904,0.00032932494162185577,-0.001702288459079604
2025-07-17 17:30:00,-0.001409562745617876,-0.0024264115739160985,0.0015394129428099035,-0.001314955745561619,0.0009828943243306298,-0.0009124036620606901,0.008555798873993936,0.0020581280422860004,0.0012865049948294072,-0.0008782273020893072,0.0027618756938609934,-0.0002350816412963752
2025-07-17 18:30:00,-0.00025086086452397183,-8.074411740111032e-05,-0.001349848840230372,-0.0001046418805410454,0.0002009183179776386,0.0005132968626400114,-0.0015242506762547237,-0.0008496096653134444,0.0002353315480965179,0.0007809822735156402,0.00026269562935254953,-0.0007089864777780619
2025-07-17 19:30:00,0.0013786699655797818,-0.001002315576304369,-0.004436426560587847,-0.00046881799445941397,2.2344473439517287e-05,9.979163393314394e-05,0.001972551119981958,-8.942430006886326e-05,0.0,0.00012979023217774,0.000328122308029144,0.0008852580634339802
2025-07-18 13:30:00,0.023823947690608804,-0.005917768929220912,-0.0005080991718626748,-0.0025724226274821405,-0.002771865039808752,-0.01216801268272949,0.00013792245150590077,-0.012107731592680082,-0.0009718172803330205,0.0043472567621085645,0.012457383992266813,0.002288797016261057
2025-07-18 14:30:00,0.00027698700451228575,0.0004072555368441755,0.004257121501220595,-0.00036242585374246516,0.005135241617595376,0.00959905904065117,0.0024815604436545513,-0.008869526288060925,0.00037448611945301025,-0.00011331988293505901,-0.01186681483073393,0.0006446166973805845
2025-07-18 15:30:00,0.002730030263219163,-3.1376005353855874e-05,0.0007584905454844915,-0.003110527665185714,0.0015576266314969445,-0.0010723554656912881,0.002332733180183233,-0.012042294625706162,-0.0010281787737689285,-6.471763820226073e-05,-0.0038115430842875497,0.0007028014723289289
2025-07-18 16:30:00,-0.0014794598742380316,0.002872934455930398,0.0008527141012732997,0.004197411406783758,0.004680663561048348,0.0011866094132679805,-0.0008923697952312182,9.249675306666205e-05,-3.193162271664107e-05,-0.0005344016881716485,0.0003949546305532792,-0.0008317094538421443
2025-07-18 17:30:00,0.006814928616932114,-0.0013620660189364031,-0.0012081962159671278,0.0012450631060039186,0.00017700452008817535,0.002853679713087587,0.00020598606471278202,-0.006726832659485815,0.0002790751524077706,3.242606906006529e-05,-0.000790065311901067,0.00018754578076052297
2025-07-18 18:30:00,-0.0029454245227791276,-0.0020029091346964734,7.110653306074965e-05,-0.002861173819545648,-0.0002213112025764019,0.001964308608340737,-0.0004462869061727659,0.007164153761570091,0.0004384588620984786,-0.000291674706267564,0.0026968501739341733,-0.0009013995642446204
2025-07-18 19:30:00,0.002156751309727589,0.00185793503595022,0.0012791259940128086,-0.0002352753231757987,0.0009070175998235896,0.0012222472349012747,-1.7189015339091895e-05,-0.003864703952170423,0.0003187496248697741,-0.0007130331035485327,-0.002367647414420304,-0.0002122332050031872
2025-07-21 13:30:00,0.001666035249221487,0.003995106531368364,0.016085270472432356,0.0026437805954726556,0.008016636925139764,0.013836703668292039,0.0031715018402618256,0.003982042747909809,0.005814850781956871,0.014550357718268181,-0.00972648865706116,0.012992845695286803
2025-07-21 14:30:00,-0.0028720004702043056,-0.002208913278882285,-0.005489207278666974,-0.0017127565450971716,-0.000833910998262688,-0.0008057765571498621,0.005633341101124678,0.0027227760770447418,2.9779878357061307e-05,0.0007666685208000956,0.005701803177990961,-0.0005790741637374808
2025-07-21 15:30:00,-0.0013112079151991196,-0.0038801277501292475,-0.0007048245375651518,-9.16582749361794e-05,0.003112633553228328,-0.0004978514479727636,-0.0003574563775021744,0.0005068101535048442,-0.0007904342015292443,-0.0008465473819647684,-0.0009259832294192805,0.0004632684862411196
2025-07-21 16:30:00,0.0030632937470516097,0.0030494203459401348,0.00168804577130377,0.001021995521140795,0.002059010781289672,0.0019197743664225442,-0.0027712928301806272,-0.0003225177897778764,0.000990361849268595,-0.001422697492805547,0.0023793839463834843,-0.0005790528569828979
2025-07-21 17:30:00,-9.098396573570255e-05,0.0008689644874637636,-0.0019674816931569694,-0.000802998205718275,0.0018290671808278702,0.0006436891398564626,-0.0025385484976361283,-0.00138326772129016,-0.00032195342665897186,0.0007033052559890507,0.0013194153905953243,-0.000563203715586269
2025-07-21 18:30:00,-0.0009734817760325143,-0.0043218680308489965,-0.0031936561130514463,-0.0007446550179111,-0.00039294026925151826,-0.0016802191544575962,-0.003051707916809754,-0.003883303605795696,-0.0027632930835688185,0.0011184302601368046,-0.0020458517023955736,-0.0017566323567761444
2025-07-21 19:30:00,-0.002581551086188405,-0.0029118882636156584,-0.00018822236309556928,0.00015684704687490836,0.00021848186998507657,-0.001191819260486504,-0.0007558101889246771,0.0012035669950059003,-0.0011445609071474294,0.00019205098125407716,-0.0011236949551589603,-0.0012199940806034704
2025-07-22 13:30:00,-0.0026211088933907334,-0.03185158271398869,0.0034077077542793432,-0.0024591418767672124,-0.009024056198558839,-0.01200442774641175,0.00029205431578915864,0.0036482459896705066,-0.002611766870949772,0.006653626894007836,-0.009168821155324025,0.005796445485344748
2025-07-22 14:30:00,0.006054786065221585,0.010631842597089936,0.0009925979331937285,-0.0013899300132322878,-0.0012769129752721042,0.0006529997303204027,0.003310027866944232,-0.004620226240961145,0.0008766632024421739,0.0010464968067065428,-0.001736988621537705,0.001509658118025392
2025-07-22 15:30:00,0.0014550198778175982,-0.0018430967742384397,-0.0009246293363762703,-0.002896527676608862,-0.0022699459242314646,-0.002379692951048007,0.0033674349309027463,0.00258994481760233,-0.0006375500861528494,0.0005070306732584129,-0.0002674420631691987,0.0010301863981689863
2025-07-22 16:30:00,0.005261126937639915,0.00425290845316173,0.005289787237161114,0.0015576956515541696,0.004690295166122738,0.0023441818396170433,-0.0014279257545259938,0.0033459028990545647,0.0028814984480067807,0.00047507768993604316,0.00400475001893863,-0.0009806110532553092
2025-07-22 17:30:00,0.005299542318192074,-0.002169768635444491,-0.0032756507262003964,-0.0030794626602759223,-0.001275452810108213,-0.0005538766939023887,-0.0030016358380482444,-0.0006704927114640213,-0.00099405564898003,0.0002850349245049344,0.0011983753226152416,-0.0004467070709042176
2025-07-22 18:30:00,-0.0004151643929466431,-9.115685369742721e-05,0.0022201289338985575,-0.00013715773842992718,0.0026371591068139466,0.004971638693564984,-0.0009945571272895748,0.00018421596741990953,0.0012325208423416,0.0005696331235842678,0.003984008263010708,-0.000243694472830569
2025-07-22 19:30:00,-0.004286492843116996,-0.00522553050824115,0.0009566673191372388,-0.0010678678850339907,-0.0013177102276396013,-0.004431966797333153,-0.0004119496025936087,-0.0004606387185477345,-0.0005882135072123873,-4.7505314424434175e-05,-0.0014589911103133346,-0.0008688319192042826
2025-07-23 13:30:00,0.0041171023770525395,0.012614020883827237,-0.006809338502841378,-0.005476114778217855,0.001953926941211215,0.005035237789122959,0.00800053935400502,0.007985678489105474,0.0030308053403604873,-0.005759231811758525,-0.008932773130473137,-0.0060290533057063556
2025-07-23 14:30:00,-0.001020243897649209,0.0023227026521466243,0.00100866960830448,-0.00046768164941557444,-0.0025254900429461102,0.0014503085922124015,0.0003749040443352669,0.0003656390933262088,0.00013672344936299652,3.185338121980408e-05,-0.0009378937700770251,0.0011622325516844612
2025-07-23 15:30:00,0.000495234897043062,-0.005342747971234907,0.0016407180922977105,0.0018196365924616487,0.0013184631010361159,0.0020106387996383646,0.004246290881451564,0.0036489871703606624,0.001370265477532051,-0.008404366350272419,0.005480979705246192,-0.0026169475748298865
2025-07-23 16:30:00,-0.007272675780944482,0.0024581822001854547,0.002923123975604902,0.001765550829456508,0.002634730371851468,0.0017187476477387165,0.0013888779847004429,-0.0006831412139902682,0.000648799509475495,0.001443063968840086,0.000666294719991356,0.0001746704720719805
2025-07-23 17:30:00,0.0059041603513909635,0.009552815407134041,0.0013067874825116732,0.0022794421692955424,0.00038672421121876965,0.0018173864085442304,0.0007275249216771584,0.00018219345749237448,0.0017940072867341783,0.0016488597659236603,-0.0005996757782282813,0.002326176656066714
2025-07-23 18:30:00,0.002987513363385652,0.0003076185773851492,-0.001236740246917556,8.900941464684564e-05,-0.0012223639272335163,-0.00028048269054892216,0.0024831228744073286,-0.0008658712392781709,0.00019737959378840486,-0.0007873028322320508,0.00306140733795246,-0.0009298214315132114
2025-07-23 19:30:00,-0.0024444646393773084,0.0007026709558042299,0.0007935496747677462,0.0011371013917642614,0.0007450015248284814,0.0011634422790773868,0.0010455730909200156,0.002913593070904774,0.0012622884457629269,-0.0004130910738870952,0.0003321117073440405,0.0002906731676581842
2025-07-24 13:30:00,-0.09177293999991498,0.007348653819076567,0.0006997185432711106,0.00565623668615256,0.011239017819072217,0.006722658967809103,0.004238079788161819,-9.08715441862995e-05,0.0010402594987581892,-0.005202308293412727,0.012411071216928526,-0.0022693523575325614
2025-07-24 14:30:00,-0.004932123202922689,0.0034138940127244055,0.003723302219493796,0.0033549340009422224,0.005120062746999388,-0.0016921499713635768,0.002212847661719586,0.003675712796418651,0.0011099616948344604,0.000482815581541729,0.0002624543722822281,0.003953450938713132
2025-07-24 15:30:00,-0.0034969419727417517,0.0015421987162937967,-0.004283052118075226,0.002210863239552552,-0.00010778763006324965,-0.003966382459487328,-0.0008711713111084762,0.0006791817855109628,-0.0015117387510956704,-0.0013524715029982204,-0.004536065474189499,-0.0011611528866328769
2025-07-24 16:30:00,0.009985776302319671,0.0028142514297675447,0.002097253159015544,0.0019133896956677887,-2.1506304883622818e-05,0.0016079696474822214,0.0006869798070292532,0.0013570502474875568,0.0012835241661557362,0.00041885039748379427,-0.008403160933915466,0.000638814218109296
2025-07-24 17:30:00,-0.0014908162205689024,0.00013029165246170038,-0.0002560627524044179,-0.0001364472844107567,0.0010123991649724218,0.003458929131756605,-0.0010221534267236265,0.002077180522962685,0.0006293848398497559,-0.0006122100195415925,0.009390970262344034,-0.0014501265218376247
2025-07-24 18:30:00,0.00927156728152756,0.0011241488302626834,0.0003491925145162611,-0.0018160086331304726,-0.0011202007329744745,0.00027844444646074606,-0.0018123529351736778,-0.0023484294867470723,-0.0004849197264826799,0.0007570953465974029,0.002366869046846354,-0.0011657560583424598
2025-07-24 19:30:00,-0.005165729688665799,0.0007477652485121666,-0.004900040469993705,-0.0015843321244579656,0.0011588988583968174,-0.005079488429445611,-0.0035333530367465116,0.0022582548404237457,-0.001609216819563386,-0.0005959925137597466,-0.0003940726395406102,0.00011643252359849754
2025-07-25 13:30:00,0.027736412603636573,0.003916248450699378,0.003853447965205703,0.0033515200166229775,-0.0035697419129041563,0.0023413013427981966,0.004624538203753303,-0.008699638597592596,0.001606335405596404,-0.00942197869543282,-0.008444427827178025,-0.0013978190206413998
2025-07-25 14:30:00,0.01515322425641763,-0.00225977102162922,-0.00035098089562701773,0.0028346761992494862,0.0030357200910149373,0.002125540934619252,8.386439347596308e-05,0.002091156158346763,0.0008652036062608559,-0.0022960189565806033,-0.002122346776285866,0.002270409277912222
2025-07-25 15:30:00,0.015118860320800565,0.0017902521849437747,-0.000561398750011044,0.0007487366902436676,0.0005383580210782668,0.0003273182090435256,-0.0012570646213649894,0.0032191849019227448,0.0011627937282483458,-0.0003913288270984694,-0.001528160370053655,0.002624893211083723
2025-07-25 16:30:00,-0.017174714644327516,-0.0028461467620095604,-0.0010248493370967893,0.0018935522364271762,-0.0021335774388342443,0.0014121636330832743,-8.591799020329915e-05,0.002125308682251692,0.00044781930813098114,0.0015806968143161626,0.0005318209983249389,0.0012056608077593012
2025-07-25 17:30:00,0.0019020274336796206,-0.001348963196941888,-0.0013082223091505085,0.003563757139585455,0.00015096011617021787,-0.004245726099197711,0.0021982230014829796,0.0009030023424276834,0.0004469484872888785,0.0012693518237529844,-0.0036619306068210733,0.0005049337185170089
2025-07-25 18:30:00,-0.013213916347699417,0.0008346891403885337,-0.0018250286551104722,-0.001373590903892996,-0.00020495051353019988,-0.003640864130280086,-0.0010398742360759883,-0.0005868897677459017,1.5705657589570876e-05,0.0003538003478542606,-0.0007499892933866548,0.0002269338713052349
2025-07-25 19:30:00,0.006011295528983496,-0.0017564406811452216,0.0021522803734459472,-0.005318935854779383,-0.0012629555658616454,-0.000911349313502896,0.0019947581437094186,-0.0026225455502100203,-0.00048651106201269556,-0.0005165012022443349,-0.0008521839498616401,0.00048381817275178207
2025-07-28 13:30:00,0.028177677828599812,0.008237335577104155,0.0026138809889744152,0.0006031961024435262,0.008689740133975832,0.009395612335818093,0.002458680045551276,0.011120986582431769,0.001106017373318835,-0.007902974154264442,0.023897172751545348,-0.004002440100070004
2025-07-28 14:30:00,0.00690001607662083,2.8523954693326914e-05,-0.00039634327431592453,-0.002769933377570588,-0.0010713750995545723,-0.0036193252368672546,-0.003463900115892038,0.001968163304019832,-0.0010432624463776463,0.0005894041277070272,-0.004576646937682227,-0.0015731216822949534
2025-07-28 15:30:00,0.004799185459173572,0.000571005726793139,0.0004895191182541225,-0.0010500321900561715,-0.001974363137965618,-0.0005580230904458361,3.3557723328137e-05,-0.000938824042189701,0.0005178891445094536,6.550124127180368e-05,0.0035323728522165254,0.00012214878909500015
2025-07-28 16:30:00,-0.0024805486754040373,0.001028435058428201,-0.0041803908224338215,-0.0018665119611878112,0.000257798090464334,-0.0022294072429263068,-0.0018825064054253104,-0.0026425347037717373,-0.0016958473161565735,-0.0010491356799464668,-0.001830057891781145,0.0002582742519452452
2025-07-28 17:30:00,-0.0035412427952801195,0.0015113245813376253,0.0007252338122309965,-0.0012038989903064845,0.000429384828803947,-0.0020775074520757997,-0.0025862690778435393,0.000628548303333254,-0.00045581486857848574,0.001016435596558729,0.004634063023014612,-0.0003164173453100716
2025-07-28 18:30:00,-0.0023268717722206844,0.003867664954620764,-0.0017321371260843321,0.00047001146970160335,-0.0014371612636789877,0.0014703551522297076,0.001547905584739162,-0.002244350350338209,1.5641797089571696e-05,0.00019658439183167786,0.001561521760216067,-0.0004072739520530888
2025-07-28 19:30:00,-0.002117319540650975,0.003372022422755805,0.002854006337004833,0.003381209187966583,0.0009647819305627081,0.004314546956218024,0.0026861468481405026,0.001346694355697231,0.0013355593038681945,0.000785951340860791,0.0036990685593893957,-0.0003493382482870899
2025-07-29 13:30:00,-0.01926035942660942,0.00783344980079459,-0.004635987805695407,0.0034864189995778005,-0.005577996167226651,-0.0034614283069469565,0.004149350919078643,0.005725542538913331,0.0013650731347771838,0.002277805295650026,0.00722860446905127,0.009964172750292377
2025-07-29 14:30:00,-0.0025708189906250567,-0.012882134522924638,-0.005412457799561565,-0.0019267451046323103,-0.0035277683405956495,-0.005509714744134087,-0.00717179968391779,0.0010699247342449425,-0.0038804993700169987,0.00023969296691639386,-0.0007719706720399344,0.00310796535023794
2025-07-29 15:30:00,0.0063965141776920476,0.0027263088370075295,0.0004718382015136413,-0.0010135648427924693,0.0020581173980964707,-0.001991237686138625,0.0023012567819185037,0.0031140064551316016,0.0005822339853720493,-0.0009800641006565414,0.0047665925060815795,-0.0006323146121811618
2025-07-29 16:30:00,-0.0003556450064294836,-0.0008209056366332845,0.0009429371263536268,7.807624887590237e-05,0.002268405602396051,0.0014568624829882637,1.6794485674154203e-05,-0.005656923786808932,0.000817743700785023,0.001273896126207319,-0.0012973099975770452,0.0023099695694144273
2025-07-29 17:30:00,0.006811111956299243,5.507708064822481e-05,-0.0011316024986438578,-0.0024502252597367047,-0.001792686141992128,-0.0038686062222845763,-0.003193253572141508,0.003344559367925548,-0.001352710157605408,0.0010754518399327395,0.02106948917249518,-0.0005864080556641227
2025-07-29 18:30:00,-0.0007751818072092576,-0.0021589354982838316,-0.0003303400912928467,0.0013576749561163837,0.0001145242475333319,-0.0027926807465323833,-0.000807903043375191,0.0020902421594257703,-0.0004093417217774231,-0.0007816065323309473,0.0018820997720769839,0.0016632350514829142
2025-07-29 19:30:00,-0.0030445548019155666,-0.001793174795989394,-0.0025517133169197237,0.0013069905843705598,-0.0013475458509182303,-0.008832339758646945,0.0007745145642568119,0.003326461773516698,0.0002518706889409472,-0.0007345758951755599,0.00018811092173276478,0.000916506310180587
2025-07-30 13:30:00,0.002532578915618977,0.016668534051834882,-0.003507471040100185,0.0006820474533588694,-0.00294803241768804,0.0038497405263591133,0.006543139683134136,-0.007912905495369493,0.0017459740936116575,-0.006997135490435902,0.0020658383470202324,-0.006202649187797782
2025-07-30 14:30:00,-0.014206247116445248,-0.0010922075417543198,-0.004258636205826782,-0.00046765314738284047,-0.0007818613608812086,-0.004206772725751762,-6.685512328896692e-05,-0.0024129476112628723,-0.0015963808270473834,-0.0027664236440978485,0.002747956106078142,-0.0007492429435584924
2025-07-30 15:30:00,4.563076098218488e-05,0.0030234690408095233,0.001929324201968896,0.00035076036201342475,0.0014762554958185348,0.001370835231186085,0.0018712748236655585,0.0037064450042239017,0.001973457160798553,0.0008241441696563712,0.0056594179007252166,0.0009197667747207205
2025-07-30 16:30:00,0.0005717930265083382,0.0011274419416507087,-0.0017314375435253382,-0.0006626110041469957,-0.0005424935405669018,-0.0009495437962385722,-0.0010856267966099509,0.00026739262699670974,-0.0005656678339942545,0.0010539385063861317,0.0045168887684896575,-0.0004010409184047603
2025-07-30 17:30:00,-0.003769925309883959,0.003058299355837235,0.00046946037538475593,-0.00031825691647302534,0.0013232019759721325,-0.0006715690293477294,0.002453468501534495,-4.460580504517253e-05,0.0008798214841707619,-0.0003292490373683066,-0.004951136989244986,0.001364744933299633
2025-07-30 18:30:00,-0.0034163734021550596,-0.005388871561951447,-0.006381815290051662,-0.0029039777217807483,-0.005085301171529721,-0.006956976583463614,-0.005348520370328735,-0.007380080098354114,-0.007377880712745366,-0.0075359760256503705,0.002849928979153482,-0.0009038517708201965
2025-07-30 19:30:00,0.010872622369069163,0.003911913832637559,0.002394981217438641,0.005714677102417021,0.003349601886245779,0.0013018681378689223,0.004581395143262057,0.005238770679007132,0.0038066143271375807,-0.0012615527908881319,0.0027184153633212915,0.00034550855916748446
2025-07-31 13:30:00,-0.008656972283636932,0.012636725460473563,-0.0008500264762014709,0.04472753557004516,0.009853142979417306,0.11228126033082031,-0.004191345395213375,0.003477328579880812,0.006785448865358035,0.008122214115646287,-0.009360021622140557,0.0029321881058672616
2025-07-31 14:30:00,-0.012311061890451391,-0.009296338799543946,-0.002683132774165209,-0.0013028255206091188,0.0027055690394464094,0.002810851292548655,-0.006272913891604226,-0.00849164385938117,-0.004125471318317864,-0.00024709938685241184,-0.014238044010175699,0.0016634259014143282
2025-07-31 15:30:00,0.003737909152093266,0.008238328541077422,0.0032197143795444916,-0.0010098061211740728,0.013376698643944529,-0.0012573399295545684,0.0012803831793055664,0.004880335334857655,0.0029664294151663384,-0.0009562876283331079,0.005543605200237778,-0.0009173647542466412
2025-07-31 16:30:00,-0.011888345965481939,-0.01308572905375005,-0.0013864537316718994,-0.003662724262346373,-0.00788081242509886,-0.0048739211764399215,-0.004048902849850933,-0.0014750336043718448,-0.005090653174556259,0.0011540122470599101,-0.00037698750615966503,0.000860081436142579
2025-07-31 17:30:00,-0.0046869262595459205,-0.00928776817753807,-0.0002635800223069751,-0.00023709034075292124,-0.0003626372968676961,0.002303856207964472,0.004318199771265796,0.001966228374127965,-0.0009928764198843254,9.884765066114909e-05,0.0025107291373958063,-0.0023183094095857726
2025-07-31 18:30:00,0.005706468925821717,0.00030828556398532214,-0.000192243670760206,-0.004050284203245269,-0.003933133985485782,-0.005131072104232359,-0.00033670955964471005,0.0009370907658885486,-0.0022573078321359574,-0.0016157700057295443,-0.002385018882682388,-0.0009023504300449403
2025-07-31 19:30:00,-0.006501101417462962,0.0024224600177271682,-0.004612916682884105,0.002542715240555715,0.0028231846348214518,-0.0003879757862117472,-0.0022924717981904763,-0.0034402100575556815,-0.001280978382319553,-0.0001650851050705171,0.000628218514171941,-0.00039683936661827346
2025-08-01 13:30:00,-0.011897580244592199,-0.01629739125497931,-0.010896783093362394,-0.010579299447812218,-0.06628566169659411,-0.021107846524737184,-0.02346025217808645,-0.017153092931573077,-0.013974364163551911,0.01688854624889924,-0.01914725463209699,0.00973158403483776
2025-08-01 14:30:00,0.0010173861926938699,-0.0011151082426463788,-0.009393406420505457,-0.008225826106890821,-0.017589179052698967,-0.0066396243594155635,-0.0034268991567962814,-0.000318717993453177,-0.0027154975055534436,0.001102845955935905,-0.006743999701072312,-0.000626837726034779
2025-08-01 15:30:00,0.007597581377931206,0.005932752865343893,-0.0033974401189622583,0.0012501693643516276,0.0036398833591224644,0.0026028140031764124,0.008664865541264,-0.004153092884045861,0.004334868776695977,-0.0025237563307625166,-0.001031682765358255,0.00017107377361114118
2025-08-01 16:30:00,-0.012921207558336256,-0.015534168981591101,-0.003792642076009045,-0.0018997512312699527,-0.007992613389834702,-0.0068802549216044895,-0.004961942863149105,4.5706934333367144e-05,-0.00584846308291187,0.001875223135579418,0.000580514004903776,0.0014499507397598421
2025-08-01 17:30:00,0.00020971086141585715,0.0009816307575052363,0.007730639022143215,0.0018806586459678698,-0.00042366814501981764,-0.000333900978963797,0.0011048070551078482,0.0015536301040457445,0.0016983001430572742,0.0006161808326394791,-0.0005159411205513109,-0.00013999343130599584
2025-08-01 18:30:00,-0.00436154804984934,0.002709236588471775,-0.0017701760313491022,-0.000267101575752271,0.002939901444049653,-0.001483930326467764,-0.000966613052328924,0.0014145181382927419,0.0002656573405079854,0.0005509355905752855,-0.0012909693295446445,0.0002276096210449552
2025-08-01 19:30:00,0.002083972930566169,-0.0009213086607591237,-0.004538054222740229,-0.0002480701494542714,-0.000325850377902448,0.003112354962817143,-0.0018668627256177572,-0.0004560865750020682,-0.0001285983993524198,0.001780600036453528,0.0003874559701619873,-0.0005691646587671073
2025-08-04 13:30:00,0.021025946680046204,0.024806419022535664,0.021955214072443496,0.020862561484848996,-0.006632430567193204,0.018228057359703342,0.013473355453179181,-0.007647074161435619,0.012293242003083904,0.005965852611575784,-0.017455229678076556,-0.0003986863217022574
2025-08-04 14:30:00,-0.009248568194145435,-0.0005626626648780331,-0.004799612817387278,-0.002651521745629104,-0.007710385046214796,0.009231469804210413,-0.0011102135564788895,-0.001656165469427151,-0.0006357667192871119,-0.0015444384002929468,0.010912632959310109,0.00170737650788233
2025-08-04 15:30:00,0.007986047874368296,0.006026808538933892,-0.00895775729339121,0.0057924143202390255,0.00752759752311416,0.0021062667379512234,-0.001727502167498507,-0.0018434456541331912,0.0011439729223328143,0.0004506749072907823,-0.005016715806084093,0.0017044663413869898
2025-08-04 16:30:00,-0.0005188294351414768,0.0005866420640199266,0.0010536842191415374,0.0010614366350649718,-0.002632954699675061,-3.2402138037568307e-05,0.001607859133352818,-0.006339509648278785,0.0009047664483556872,-0.00038630841724973664,-0.0027471626238542157,-5.6823625198987315e-05
2025-08-04 17:30:00,0.002915832671122054,0.0013396903545412897,-0.003533058508145004,0.00039080763261711837,-0.0017054556056637082,0.0019210540649075014,0.002082997041557455,-0.0035808361868596705,-0.00047606532864019613,0.0010298897761549242,-0.00039304003776674534,-0.0006814420144616307
2025-08-04 18:30:00,-0.0012882478691480514,0.0002448494500892906,-0.005446629061907515,-0.004587204989921823,5.9330321582784507e-05,0.0023106190098038937,0.002487049961140464,-0.0006990278677641015,0.00043645836336736465,0.00012898067104138988,-0.0009832764782178316,-0.00017043308509734345
2025-08-04 19:30:00,0.000994363169571244,0.003652254566541835,0.005004136538910409,0.0007846335388146386,-0.003394954290977914,0.0011983902564862703,0.001156214245213505,0.0008387748236433623,0.0012605522093531718,-9.717567258871185e-05,-0.001772438013387223,0.00045445257904663805
2025-08-05 13:30:00,-0.00432521596302049,-0.009659189558088421,0.005835221184510075,-0.00261788097162885,0.013930485797811976,-0.0028888954810915024,-0.010643467193119704,-0.01001833883588965,-0.0019049425485144766,0.0011898008173529817,-0.010700908794625263,0.0013053478282332165
2025-08-05 14:30:00,-0.0032687101600732404,-0.007631214711026679,0.0004888361746608894,-0.0031909546298738434,0.001349842117909894,-0.009381794881146988,-0.00923124404999598,0.007966733227272371,-0.0029398933082855905,0.0014071359839418207,0.0015926047551602096,0.0022095666093759903
2025-08-05 15:30:00,0.0003908381310955278,0.005890400508448579,-0.004506047408971092,0.0010728764582959016,0.001858951900263861,0.00018244506916431646,0.0039444504708532335,0.004889017704914345,0.0016546199332276856,-0.0007005771551389373,0.004102401685195822,-0.0015292064282892426
2025-08-05 16:30:00,0.0032187974202972924,0.0005618952047843351,0.0015941189164587755,-0.002526985938378523,-0.001440341983485638,0.002135464384335428,0.003378536026925616,-0.007039410042428251,0.001024861413883471,-0.0007708786079421159,-0.009220930797695814,0.0
2025-08-05 17:30:00,0.0038229576197572612,0.0026925227271119567,-0.0008090538454608165,-0.0019488182101801144,-0.004286915027679861,-0.0020963221996286308,0.00010323936897016495,0.0007958133533589873,-0.0015654507567663956,-8.824682676156215e-06,6.66056233997736e-05,0.0009064850605930985
2025-08-05 18:30:00,0.001244204688164885,0.0014846014327094537,-0.002627613652715688,-0.002944616047011017,-0.00135507737776841,-0.002538421483083475,0.003092340002863736,0.00037385781010890184,0.000429195553204309,-2.3238703601435873e-05,0.0,0.0
2025-08-05 19:30:00,-0.003089098098906007,-0.0028860648327553307,-0.0019938423091776514,-0.0024226473586708153,-0.00023383941917654028,-0.0024662827326480397,-0.0004803518441782728,0.0016339776307585652,-0.0015272874073852805,-0.00028920524707487516,0.0002665814543618694,0.0003963613595772131
2025-08-06 13:30:00,0.0198258389252155,-0.001234921449337456,0.03785896338095007,-0.0026563778059820464,0.007733935618134957,-0.002531454685541057,0.0008919283281620949,0.007992045644602541,0.0012332180561438477,-0.0008682160864692534,0.008359330033607115,-0.003857801305779951
2025-08-06 14:30:00,0.011475804183902483,0.0006176513535294248,0.016306873768841434,-0.0012453207805220856,0.009423106847110674,0.010087594787962395,0.0013708388336697297,0.0028639937250547476,0.004968621986400912,9.649478054640781e-05,0.0011884628629514893,-0.0010791381216535
2025-08-06 15:30:00,-0.004058550740325018,0.00047704991393970886,0.0012823473657999074,0.002137859529297792,0.005341822033039456,0.0043459909462919555,-0.0027217621594477492,-0.007078309701740615,0.0007007739213458208,-0.0005147791960853354,-0.015829992336798604,-0.0013092117056148211
2025-08-06 16:30:00,0.0041794658436025145,0.0010934186899600462,0.00018692946291043455,-0.0017859909041932909,0.009715968914269624,-0.002929828836578885,-0.003117010389242836,-0.00014593928228467945,-0.0001265432474335526,-0.0006116385393273305,0.004948784529132055,-0.0029663700362130285
2025-08-06 17:30:00,0.003311236758190894,0.004473547010436896,0.000291278549188867,0.0007794512097705208,0.0028716925529579385,0.0014659874050320099,0.002751843147184019,-0.005645188756503217,0.0009958899381654618,-0.0008375081012061969,-0.01167556877617315,0.0023954365836580394
2025-08-06 18:30:00,-0.0009228569667900643,0.0024240949855647287,-0.003395716211869626,-0.001521294494948755,-0.001107028877017413,0.0011789738221370527,0.00044648369682320777,-0.004773326867939964,0.00015804322654933145,0.0006121508493048822,-0.004735797523535368,0.001140411875598879
2025-08-06 19:30:00,0.0020799054087490276,-0.0014202585479523577,-0.0029265458405687284,-0.0011806058466685698,0.005095517015322848,-0.00038851478087842395,0.0004806379880761824,0.0007981289451279849,-0.0005531158962188698,6.43789279042295e-05,0.0009489554265087463,-0.0002846986733135992
2025-08-07 13:30:00,-0.0020648997842682704,0.016966844719570773,0.023267661753399338,-0.0004955304073819278,0.010291853047084132,-0.0011859229949902073,-0.0027837376567481087,0.0016522544750179335,0.0018160818309027604,0.0029104104964208233,0.002436058822381071,0.003284870317477484
2025-08-07 14:30:00,-0.004283149929654506,-0.005219631985007744,0.0062069010746137465,-0.00017163174061085584,-0.00642982100411249,-0.0016484344203506751,-0.005348684468805764,-0.003625168022749037,-0.0029232322818844025,0.0010751638647645834,0.00013508828503994152,-0.0003281145138691599
2025-08-07 15:30:00,0.009047929618922979,-0.0020955389298862315,0.001301328329161855,-0.004193813624944198,-0.00179651260560032,-0.0033896870273526503,-0.001142395364574611,0.0038481784702835142,0.00043518780314766303,0.001074106918092177,0.0026994830433393346,0.00024410389175866243
2025-08-07 16:30:00,-0.007618748729718128,-0.0065352065320016806,-0.005494395456925538,-0.002559224082082423,-0.0050389241098391935,-0.002871705653838319,-0.0034004578106765493,-0.004807801625741348,-0.003509485731485462,-0.00024039484332849526,-0.005270630150760347,-0.0040109175298406186
2025-08-07 17:30:00,-0.0032828663610056097,-0.00306016587477842,0.0036055504431882213,-0.0043533664808341754,-0.0012183754879462327,-0.003857111878081909,0.0005907449182940283,0.0047609878516050586,-0.00017468373496143386,0.00012822429468872798,-0.002985498396307129,-4.443786428609542e-05
2025-08-07 18:30:00,0.005040162871839726,0.0002780586017490094,-0.0009111456984429722,0.001132874608770429,0.00036127995754675624,0.0010165021963404186,-0.00012159854715854124,-0.0022039408229046487,0.0005555299271025049,0.0001762204493038766,-0.0012919624974045973,0.00022790794130944647
2025-08-07 19:30:00,0.01041739889918869,0.007770444330272852,0.003777216289951646,0.0034891013848570296,0.007623958075446247,-0.001259293096135039,-0.0024870531722163136,-0.005365978350133638,0.0031997849186824467,0.0030712380038204756,-0.00034028413586106865,-0.0007980356657073528
2025-08-08 13:30:00,0.02905314393436864,0.00729906810500669,0.01197403148444387,0.0035535359133032074,-0.0024912729042565473,0.0061891900505965936,0.00942847696173299,0.004426672707166901,0.006542036964660269,-0.004915364200253514,-0.009086864346760315,-0.004400660219012309
2025-08-08 14:30:00,0.0042079733708106914,0.004490531082249838,0.007059572769368749,-0.0031121796414064207,0.0011968484696751602,-0.0018736529713834216,-0.0016747355837436473,0.004266743769055559,-0.0006758500342227691,0.003012927279463895,0.012682389214188738,-0.0011668298984117698
2025-08-08 15:30:00,-0.008653403502733248,-0.0005842926039294483,0.016970516694255977,-0.0004988675459092207,-0.001599887812668399,-0.0024403453158905464,-0.002023684943526227,-0.0005615908708263007,0.0013591021355212618,0.0014391873234060881,0.0033230693064414396,0.0002499559178090749
2025-08-08 16:30:00,-0.005035708766462754,-0.005609231725673958,0.0020793708330177907,0.0016682396349221307,-0.00035957495925575955,0.0006287051291957724,0.0006230923413541589,0.0025714909850718115,-0.000753933547673391,0.00014374637001779433,-0.00027047421350090417,0.00021097470918363115
2025-08-08 17:30:00,0.0025844210761336583,0.004005552605652163,0.002685753753964626,0.0012254714444273063,-0.0016421218279170091,0.005210406625920427,0.0009858223011205425,-0.00018683359088633722,0.0012954484574523306,-0.001390935355386702,-0.0046082535266451785,7.564965676820634e-05
2025-08-08 18:30:00,-0.002675701268826991,0.00043799419411794105,-0.002008170848540658,-0.0011584676265297134,0.0015971915896502153,0.00228974237779056,-0.0018166983959284622,-0.003040269429695819,6.28319991315962e-05,0.00012801096127201816,-0.002312114806525045,-0.00011456991777336611
2025-08-08 19:30:00,0.0031899521114198137,0.0003009627992955899,0.0023570211249488437,0.0002777899257289107,0.0011232674658803177,-0.0003119939568447805,0.00031165944213995544,0.0009832212337386181,-0.0002197376739507817,0.001406747604337788,-0.001839956002458898,0.0006875723067683026
2025-08-11 13:30:00,0.0347419098836772,0.003253278328874565,-0.011378089331597785,0.0015884433742199278,-0.005267782611088734,0.0012666475132023791,0.0048357454016052515,-0.005678726852285543,0.00020422160222111074,-0.013995261475124643,0.004423690524814283,0.0024028741279691346
2025-08-11 14:30:00,0.007980771633448569,-0.0009025578718038219,0.003060057343609479,0.003798094454145584,0.0009024319074839582,-0.001383600916846639,0.0007898368158363311,-0.002591971349340305,-0.0002512597846360265,-0.0006157814714402576,0.0021707193993369955,-0.00011431666224925863
2025-08-11 15:30:00,0.006720203868618491,0.003024686342711469,0.005523883030004839,0.0038502086391076773,0.0017799604392410018,0.003782460429062162,0.0019630581778216083,0.0016030761307606056,0.002288986795939252,-0.0009755819249424036,-0.00040528060807165645,0.0015418686534340864
2025-08-11 16:30:00,-0.011556490056472413,-0.002722272018877092,-0.0027580939117992642,-0.0025175879929149048,-0.0019604229813303675,9.714688153739104e-05,-0.004339182180057577,-0.0017446432458347871,-0.002139928387854262,-0.00041938880392944355,0.0009472250026272278,-0.0007432333167445293
2025-08-11 17:30:00,-0.0007303855221199029,-0.0018327113847540488,-0.00160148108767455,-0.0059628760479020215,-0.004294651718051767,-0.005644533945101671,-0.0009495236367476068,-0.0009916034422126074,-0.0010913418256004448,0.003079408575947795,-0.0014910285117668565,-0.001255945470572506
2025-08-11 18:30:00,-0.0005554571351513715,-0.004054080166748797,-0.00037333999090893855,-0.002212965667812483,0.0022852719413437583,-0.0012435045519127996,0.0011911073062771393,0.002830486443039071,-0.00035822581067623815,-0.000777118317548009,0.0018296075853285743,-0.0005718664473786106
2025-08-11 19:30:00,-0.008177343442450358,-0.0004117939692545036,-0.001956633263687557,0.0007477920297738194,0.0006099999427249259,-0.001787231413274526,-0.00037967273719718975,-0.002499818677091703,-0.0006949498672152998,-0.00046972557313207375,-0.00047406347779332947,0.00011443436810854024
2025-08-12 13:30:00,-0.012549519688145772,-0.006363472239984347,0.005989839490544213,0.008340768362471884,-0.0024875645018722636,0.025637806244075634,0.015464408355914117,0.011317082779808807,0.005442635237253413,-0.0048562942285226285,-0.006250857199639803,-0.0091944450980872
2025-08-12 14:30:00,0.0068728605666334985,0.005977245606483272,0.005062146509645871,0.0005795337762650732,0.001221918693977031,0.0022891880161575173,-0.005504187217418632,-0.0011213115178696498,0.0018597135781757146,0.005811826565661704,-0.002046825115104234,0.002147594145547771
2025-08-12 15:30:00,0.002270054150613987,0.0014290809507544466,0.00021763640640237725,0.002854837190231052,0.002665025641878316,0.006619646646897515,0.0020825703825257946,-0.0026212220596786295,0.0014031058989800727,-0.001684929028448856,-0.002324762331740615,0.00027412282078032035
2025-08-12 16:30:00,0.0022414025525030468,-0.00019197236594603595,-2.1781431569500853e-05,0.0004544839391220634,0.0019828868755160656,-0.0025628305699463283,-0.0010577775746529738,0.000327993004326288,0.0002505310715168463,-0.0002918879086033499,-0.0005478076729241721,5.755712535293611e-05
2025-08-12 17:30:00,0.0018392347771385431,0.004516764527707551,-0.0008925168896078972,0.0035342647163210117,-0.0006759924837904663,-0.0018232949113565766,0.0029317037507841093,0.00042164936717004053,0.0010593767784214947,0.0002918879086033499,-0.0008222222964251458,-5.755712535293611e-05
2025-08-12 18:30:00,0.004252086419441525,-0.0015334303987577513,-0.001687220590403271,-0.0005283417087298403,-0.00047264835636617875,0.0004939086378730195,-0.0018739261761311354,-0.0021088095327659317,0.00015575478071028215,-0.00024318451276972297,0.0005482581543283516,0.0007484234046826188
2025-08-12 19:30:00,-0.0003080345094641501,0.0017246210445005516,0.0020355789931816304,-0.0005664315099807027,-0.0019174300960393964,0.0007965767256115086,-0.001535904377193198,-0.0038568903816980082,0.00048250525182069737,-0.0001784917098905936,-0.0006853958256494153,0.0005177708404744408
2025-08-13 13:30:00,0.012641218350226247,-0.009267334598538568,0.009361675887340049,0.0005475364253983983,0.005224782806210193,-0.0016203318926697463,0.0009218673341120365,0.003902865450615245,0.0025021737979189496,0.005177354751126906,-0.0035714617489448486,0.008191325771460534
2025-08-13 14:30:00,-0.01255318601480937,-0.007076315159080693,0.0020685020821140654,-0.004540778721533911,0.007166522638211603,-0.005466910434655858,-0.004977618453028576,-0.0010799696927143998,-0.0008851664686542193,-0.0027633387652477026,-0.008221418248654189,0.0009123777023640756
2025-08-13 15:30:00,0.001510387161022031,-0.000454228212788621,0.003459538863352485,-0.001888565498730621,0.0005306475981221581,-0.0023384705717122145,-0.008437788332011031,-0.00395430348841419,-0.0006215727089449175,0.0011482991496398753,-0.00619325890070499,0.0003419054059667914
2025-08-13 16:30:00,0.0006001566808926384,0.005207204427043699,-0.0027494352427037683,-0.002177628479250515,0.0014699718501836045,0.003039382162690174,-0.00502687521797629,0.00277907715581982,0.0005762459628382288,-0.0005496529134596528,0.006401345335014241,0.0
2025-08-13 17:30:00,-0.003755153103993436,0.0018761852472861662,0.002019860653942551,-0.0025451182036579922,-0.0024958678142468216,-0.0018361996172409079,0.006737397538264744,0.00225519602530877,0.0003871076974260035,-0.002039808579582747,0.002632161218140361,-0.0007979902030186281
2025-08-13 18:30:00,0.0014538478116490339,-0.00035795115472581074,0.002829538867940684,-0.002819481548592684,0.0013155614806343863,-0.0028374658040579703,0.00017257700817729926,0.0043550265921856735,0.0006209743887231056,0.001425063162173501,0.001382531353401717,-0.0002839510709513604
2025-08-13 19:30:00,-0.004058485374740073,0.0016812490568494098,-0.001092296899862788,-0.0032787649398748897,0.0007573314114308616,-0.0018191387508972312,0.0031364862059222176,0.005266258932604906,0.0009153593466928456,0.0006147454174092459,0.0008286865287754352,0.00022695847288201065
2025-08-14 13:30:00,-0.00643009370575065,0.005547148544875924,-0.004811604834945804,0.005248432243119439,0.021063212531069908,0.003635052223446067,0.0035382417649074682,-0.008261251134321412,-0.0009929482180810467,-0.004181218332490744,0.008659214908968593,-0.00314135138317706
2025-08-14 14:30:00,-0.013782537399328554,-0.0065941382259468995,-0.002025230321347493,-0.0006304549358038258,-0.003205729229526888,0.0007790213099365673,0.0026882552735347787,0.001498653050821197,-0.0014056942735845013,-0.0015603012763758528,0.0049146939928874644,-0.0030364616120586163
2025-08-14 15:30:00,-0.0034435672432326925,-0.0013048051504513936,0.001163517259084479,0.002448556763783749,0.008077506830414194,0.0020340972723635886,-0.0019684284820860043,-0.0011237791766873784,-0.00038089295660537204,-0.002067781346907438,0.002991588007086321,-0.0024128130834677464
2025-08-14 16:30:00,0.0076829871351513646,0.0056233331305133305,0.003945967807299944,-0.0006152169037321187,0.007328064617727392,0.0028370965525379432,0.002923456741567243,0.001638413958160001,0.002966632606137054,0.0012541778361878642,-0.004627171693619481,0.001322004673391497
2025-08-14 17:30:00,-0.0029769331116709097,-0.0035194812770740214,-0.0008474533179896326,-0.006067261778039068,0.0013775015203094654,-0.006698415799680113,-0.001040508893708214,0.0016356626954205922,-0.0014206186179439584,0.0,0.004083902429313113,-0.0013794922730898662
2025-08-14 18:30:00,0.004195750166316792,0.0023935679565356693,0.0009234406422917729,0.0010936966681276417,-0.004743050079304645,0.0015335817842991872,0.0026300598060746694,0.0020991830777008502,0.0014661336745174225,0.0011063268949218497,0.0014253622601767546,0.0004599837480974145
2025-08-14 19:30:00,0.0035824506256263433,0.0002197674775032965,-0.0004938242423513373,0.00201152928741255,-0.002076735628238069,-0.0016231218182971574,0.0032014278996301826,0.0006521609485679036,-0.0001395797629397677,-0.0008133652879331876,0.0,0.0005173823795203703
2025-08-15 13:30:00,-0.007988474043449045,-0.01149379594175226,-0.0028387273347192377,0.0012145685257491934,0.00578729743817874,0.017371469043757415,-0.01094059129606162,-0.008323633413299447,-0.001132498984517838,0.00042106267305719314,-0.010020779616191078,-0.003821815646301019
2025-08-15 14:30:00,1.741751112671608e-05,-0.0023098012399138668,-0.004749127446395995,-0.00044939585838221774,-0.0035809130425139557,-0.007342871472499013,0.0005841839038573937,0.003843056962484326,-0.0011369131027363366,0.0015126740029725028,0.0006848219106325715,-0.00032422971188683647
2025-08-15 15:30:00,-0.015028871491328033,-0.0032084629247899343,-0.0014291673115138792,0.0019011123259016216,-0.006025026026475366,-2.5351126630823728e-05,-0.0006874217101371372,0.005969604474461043,-0.00029228161869188085,-0.0013968135681041716,-0.00315430179453724,-0.002426473888670344
2025-08-15 16:30:00,0.008985524215973761,0.004294744224492497,-0.0007370235716424034,0.0018115706602550574,0.0007823031071030329,-0.0011023132369079036,-0.000446962183725752,-0.0038201400270727603,0.0013599343206269765,-0.0006996358455033658,-0.00013740141457052601,-0.001563022507958145
2025-08-15 17:30:00,-0.003238866984202282,0.0026669393790070828,0.001213639658084631,-0.0016494152227295444,0.0009552810877915263,0.0001394222751702756,0.000722029533423374,-0.004584854751125356,0.0005658808487813971,0.00021158099056517443,-0.006063163720567033,0.0003475298853663489
2025-08-15 18:30:00,-0.0023372319589975987,-0.0011661334579127214,0.0022067662161910917,-0.001623438863663118,0.001539527490891146,-0.0029132580258774965,0.00024059566316037007,0.0013589587461044772,-0.0011333145581664539,0.00011391732544385746,0.004137979032190486,0.00023167840949245289
2025-08-15 19:30:00,0.004669106309688864,0.00260814895456285,0.0012526439061479877,-0.00575110839767401,0.0012775324463447646,-0.0015648410382294031,-0.0017885457261357374,-0.002672767051224767,-0.0005282007141325096,0.0005530147685668396,0.0019251846883765467,0.0006367065644008463
2025-08-18 13:30:00,0.009318220226926854,0.012337622153147265,-0.004282804840203269,-0.004142116070181778,-0.0033380513828022984,-0.02631096698233204,-0.0033102043027826156,-0.0019268641862568714,-0.0007151749520497575,-0.0011390277903755575,-0.010218230906177794,-0.0006715167508186681
2025-08-18 14:30:00,-0.0020098801657590926,-0.008400035518818072,0.0008666881561349982,-0.002537048334427361,-0.0005642221729527108,0.0004313018646620037,0.004428420196306959,0.003850094212674904,-0.0004200252608574928,-0.00019538088253234775,0.009256101853928556,-0.0036370891066734856
2025-08-18 15:30:00,0.0054155643428801525,0.0033830931755156612,-0.0007800318339299395,0.0009914466846945302,0.0006076871448632559,0.0007574986104312842,0.0013332939605952276,0.0008900037632848523,0.0006066254505618929,-0.0007492807315525596,0.0015115167157429,0.0011790261639523791
2025-08-18 16:30:00,-0.00021174661456591082,-0.0014677238490676814,0.0016892896207307828,-0.0016061482813229944,0.002254075507344133,0.0006004411674176424,0.0010793637044708149,0.0011062537662214211,7.620562787469254e-05,0.0,0.005886803138930752,0.0006962697260366468
2025-08-18 17:30:00,-0.0015919500284438115,0.001447408340829348,0.0003245110912404314,-0.000532645096749107,-0.0009522612822756571,0.0008999465137264906,-0.0015365983818940165,-0.0032154009996094857,-0.0006360157304579062,6.51468681667211e-05,0.0008186322990164641,-0.0005801615806007021
2025-08-18 18:30:00,0.0018532769737733545,0.00237889190608076,0.0003460511281341283,-0.003464794127471471,0.003139000639646561,0.002980948787250526,0.0009961718527415897,-9.386388991128314e-05,0.0007697174252863093,-0.0002607124247813175,-0.002047942937985603,0.0003481550430119995
2025-08-18 19:30:00,0.000895486009000912,-0.0011808148272720587,-0.0014931726624949349,0.005506930167591406,0.0004105985933513523,-0.002655082140995191,0.00044610067912476126,0.0012661694532374312,3.8902032825305355e-05,0.000521456328013592,-6.829881369707635e-05,-0.00017406237001438285
2025-08-19 13:30:00,0.010684197601239731,-0.018384773454847902,0.004106236170803079,-0.01151363089671431,-0.011560371586488039,-0.015405199765039512,0.0010543519569470305,0.003648779665479829,-0.00038870877433883066,0.0005862762620489903,-0.006926099863898472,0.004458243523451699
2025-08-19 14:30:00,-0.019615445712308777,-0.002170689442995588,-0.0021910735780776847,-0.0032914739467573284,-0.0001753085982816316,-0.0030088624376869433,-9.423533393793093e-05,-0.0013550853450761124,-0.002210805373507263,-0.0032942829302964327,-0.0009639563461574241,0.00011547001111278377
2025-08-19 15:30:00,0.002975939577582132,-0.00414592240296674,-5.488292457744848e-05,0.001803708871078058,-0.0006998061103322684,0.001203838516866007,-0.0050509540244823015,0.0014951520144750319,-0.0019657558890484594,-0.0016060815818592644,-0.002827995729454358,0.000207988669244763
2025-08-19 16:30:00,-0.010439678956837284,-0.004769740181655102,-0.002965381047619786,0.0016540034674665804,-0.0021461157488662508,-0.003343340520512328,-0.0013442863629773427,0.0008399882741727538,-0.0009843289196913574,-0.0011419698184917948,-0.0036676886994513325,0.0015810614083617835
2025-08-19 17:30:00,2.8508582752273526e-05,-0.0006804624487184441,-0.002496324927685478,-0.001183909152153717,-0.0003508390546285156,0.0026305405998146014,0.0007068198196868991,-0.004207157964153829,-0.0009774675436240443,0.0010314169366267834,0.0011085672120501044,5.771479671778934e-05
2025-08-19 18:30:00,0.000699131462225111,-0.001373738009046832,0.0005866329615447086,-0.0033932794404876176,-0.0021076231131296197,-0.004601407223637111,-5.165027087272733e-05,0.004347087437365893,0.0001721761527679888,-0.0006887589992530252,0.0029734692649396877,-0.00023070318026618963
2025-08-19 19:30:00,-0.0018808824766685106,-0.00387809754700541,0.001265985720950269,0.00145284165755033,0.0010323912382306233,0.0018112222261006394,0.0018252851287812177,0.0021432553503339946,0.0008522316044885514,-0.00021159840181717016,-0.0011744667191297964,-5.76401109162461e-05
2025-08-20 13:30:00,-0.037056201904730024,-0.030873052447996763,-0.016433123409019146,-0.004598221061508312,-0.023411797384898847,-0.022858392969466124,-0.0009466471923005315,0.014049557860856154,-0.009154738488703629,0.008610288104234698,0.009631292740451158,0.0007495021044423567
2025-08-20 14:30:00,0.008524143967415299,0.012342085500728572,0.0027085449191188715,-0.0030430807996451037,0.004014804308175357,0.008951223825017784,0.006505250248988403,0.002108865768772006,0.003865275671305568,-0.0009421448262365573,0.002871391721845029,-0.0002882103306278694
2025-08-20 15:30:00,0.005291281798211145,0.009380254774847607,-0.000881946544087242,0.000504788489478436,0.003485875886130252,0.004540222251010917,-0.0027582664783762922,-0.00013739164705572904,0.0016418889691092176,0.0006816614596196757,0.0015007931475068403,0.0010370632314185002
2025-08-20 16:30:00,-0.002176743327591879,-0.0033090998218012757,-0.0037033337763974217,-0.0003268258392061796,0.0002676992490835417,-0.0014150415262008664,0.0012899435441067197,-0.0005039542407994091,-0.0013512259576424768,0.0006825840072233191,0.0,0.0014962010355423772
2025-08-20 17:30:00,-0.0038953829631411807,-0.003754027796198045,-0.0013482698079636535,-0.0010283976848377563,-0.003977389381801366,-0.0005650992962156209,-0.0009640304624385365,-0.001696953240356791,-0.0011474163431568485,-0.0004422192741442288,-0.000818297356674158,-0.002302742122731516
2025-08-20 18:30:00,0.009873393575607459,0.010103595622297235,0.002010942242221425,0.003160820713693724,0.002928712495394059,0.0048463273281313946,0.004414943044461772,0.0005305022824115824,0.003924158882817608,0.001310532192055014,0.00354130211013004,0.0006337718855844443
2025-08-20 19:30:00,0.0028907262583794946,0.004628962494533262,-0.002144100003777183,-0.003042114741484525,-0.0007369990108703206,0.0010306032873810267,-0.0021194973764924185,-0.003933142505517573,-0.00045447490712202665,7.264704249543286e-05,-0.0006120947897265694,0.0004606808378282423
2025-08-21 13:30:00,0.0010027901267388728,0.006167195577180706,-0.001683624338248535,0.004064442489457143,-0.0067359300952141155,-0.006731755235222181,0.0005816501602575741,-0.0002303385871416097,-0.00023506521589400364,-0.0015904346311801376,0.0015633715084195643,-0.006584667745187289
2025-08-21 14:30:00,-0.007241136768855405,-0.008593324876938091,-0.001996363009708624,-0.0014563493787438375,-0.003232725653832702,-0.003149914647407215,-0.0012491218084837996,0.0040460049806752,-0.0018829929004233747,-0.0005522960534420918,0.0020353341323788854,-0.0006956238958037986
2025-08-21 15:30:00,-0.005234552046704977,-0.004234389499021773,-0.0013334656046541937,-0.0027465445255225873,-0.0014903551945772975,-0.004645082783314436,-0.001045092185301577,0.002199999635466021,-0.002264262549915408,-0.0006502559135865837,0.003112993813363829,-0.0008702994610336745
2025-08-21 16:30:00,-0.0026893161309899938,0.00022558215572665574,-0.0029175587656906643,-0.0018220618062052552,-0.0014020380152608425,-0.0033856490947759,-0.00041143535536303233,0.0013725721703616856,-0.0012837870100179671,-0.0007157304883902427,0.0025643099047476525,0.0031872252999693984
2025-08-21 17:30:00,0.0035320968999910107,0.0027506148117613094,0.00024528128012235584,0.0015350748507882983,0.003275941268116256,0.003403295861923894,-0.0002401170493175897,-0.0023803191438496185,0.0016772554392536776,-6.346650160171663e-05,0.0004042689706249547,0.00011573197951886272
2025-08-21 18:30:00,0.004747129645282122,0.0003255644750517206,0.0028946565797287604,0.0017303351940514133,0.0015551281152053065,0.0028559117721034255,-0.00025724251142911214,-0.0012381827133181034,0.0006921324767610315,0.0009905715835722972,-0.0010784825893761507,-0.0005207669395197456
2025-08-21 19:30:00,-0.0061521591188009594,0.0009669012051958248,0.0001333901543896232,-0.003899954940846939,-0.0003153696177964349,0.00021650175460496968,-0.00015446105818739397,0.00206281024557331,-0.0005504794801716173,-0.000829479814050238,-0.0001349178724225908,0.0001736191147170274
2025-08-22 13:30:00,0.0448184450624014,0.007680361364866606,0.013425954805976303,0.008001264173518763,0.015258112879578789,0.011597212372318033,0.0,0.01165449554904896,0.01331575260360296,0.0082315939742017,0.005113101618277938,0.005885449115523578
2025-08-22 14:30:00,0.00253631095860829,0.010213080712002665,0.00048244825249543766,0.00019652541568238036,0.010322280923491967,0.008219264672653104,0.014107347572784867,0.003072998981598296,0.0029300075529006264,0.003286579545312307,-0.0012086749218820358,0.003273843735332349
2025-08-22 15:30:00,-0.0013210330075308363,-0.006331157196470372,-0.003913203489545047,-0.0026690894297818346,-0.003649178943659237,-0.003029418207892043,0.0023994720609419318,0.0006315097549620674,-0.0018902850039506092,-0.0024477571436394285,-0.0018829782634410819,-0.0018366076405449405
2025-08-22 16:30:00,0.00863062183679375,0.0072569805618654115,0.006321959571155666,0.0018032593096934946,0.0030305967641179876,0.0016221672595602143,0.0013830217905912434,0.0018021682518751803,0.0021224939764419304,0.0016754386334820737,0.0008073955567784452,-0.0002298681091446042
2025-08-22 17:30:00,0.0008522681640901197,-0.0010100316446433055,-0.0032422281297650457,5.377958250107895e-05,0.002501734154603419,0.001924454828974298,-0.0036387657105860782,-3.784547952179196e-05,-0.0011846596765270334,-0.00045076197666649165,0.0013443489635394101,0.0003446947031449099
2025-08-22 18:30:00,0.0005617351224440625,-0.00030828163990914703,-8.772497863240858e-05,-0.0015414653789598276,0.003063714484821567,0.0009178253378738788,-0.00014372814094709696,0.0011625278568008213,-0.00047268647365594774,-0.0007733624289345542,0.002683083790800289,0.00011490104915701238
2025-08-22 19:30:00,0.00445069484570304,-0.00022523076606884018,-0.0004390083572527459,-9.869568240006288e-06,4.367560415730054e-05,-0.00026298175363859144,0.002365683251709605,0.0007640539118494161,0.00024795886980477633,0.0010148357416310816,-0.00040199369783433525,-0.00011490104915701238
2025-08-25 13:30:00,0.002379442505261231,0.005434041517512256,0.004643418034174118,0.00021686733298231786,-0.0013993008449180167,-0.0013114120202262214,-0.001148364860898532,4.490197847406563e-05,-0.001690669335975059,-0.0006602832321078722,0.013049396193093088,-0.003971356687512362
2025-08-25 14:30:00,0.007366699007414823,0.012389546884727487,-0.0010713097157450946,0.00037453296610578946,0.003931089891277217,0.0005902834944846447,-0.001513409775016683,0.0008980958567708086,0.0011790743952166949,0.0009340200528633602,0.0006612848640168423,0.0021890952392542573
2025-08-25 15:30:00,0.007052583185646277,0.0016688762231700238,-0.00010942411713710243,-0.0002956564302554199,-0.005056367358347025,0.0011397480182644415,0.00026222140094844804,0.001838623227380154,4.6562464548927096e-05,-0.000241800272483772,0.003958351231710289,-0.0006055123944834762
2025-08-25 16:30:00,0.007433693816773612,-0.0028913608902616517,-0.00045952505712687497,-0.002862668604166174,0.0003154031557173198,0.0004767879182274726,-0.0006177088220020721,0.0013879143707828945,-0.00041876154537145993,-0.00012853853181304942,0.0006581376168952602,0.0011232534644154413
2025-08-25 17:30:00,-0.004372768539341543,0.0018761658893913236,-0.0024106036450772805,-0.0006031725464525906,0.0007656701216429695,-0.00015887710929440857,0.0002961966440890862,-0.0032265375981630484,-0.0007758915588338411,-3.213721470540776e-05,-0.0030312474945359824,0.0009198256751812295
2025-08-25 18:30:00,0.004689064146718103,-0.0016827941885102504,-0.001258402018492255,-0.0005045929782161451,0.0011376023407088098,-0.0007081424097883371,-0.0013378688970906438,0.001121503863505069,-0.0007453923507716453,-0.0012568145481139936,-0.0017174835232633967,-0.0016102066868555198
2025-08-25 19:30:00,-0.005366816938135344,-0.006622856624534101,-0.001972124285229526,-0.0017035826622073813,-0.003832135392147329,-0.0016914152909013325,-0.0008138504227979126,0.0020155974318152303,-0.001866010297264964,-0.0009465050169721323,0.0018493980871250315,-0.0008060766753965609
2025-08-26 13:30:00,-0.001458108589231344,0.006318957973448391,-0.002865620412344505,0.00013878913820075667,0.00021938860427539453,9.28365278216603e-05,0.0004070597441989676,-0.004979042670176348,0.000917922623483669,0.002670141352926869,-0.010080925178203692,-0.005718789264474999
2025-08-26 14:30:00,0.002827663552825932,-0.0005526493511460728,0.0020358671775015935,-0.0034751560716186347,0.00039473808891088424,-0.0016204486807875895,-0.0020236856877033915,-0.006526374483054376,-0.0009957288748418947,0.0022828216156822734,-0.010857357416298008,0.0019098992328299147
2025-08-26 15:30:00,-0.0022788169895262556,0.0044405499324531306,0.002679249083644919,-0.0008159358329731248,0.0006378238296695926,8.357055268248814e-06,0.005881635275187591,-0.0008304382650452524,0.0013844074400042317,0.000801014242804321,-0.001888566524304025,0.0017908070193897174
2025-08-26 16:30:00,0.0023652476296733838,-0.00035783952001988695,0.0023749339023071414,-0.003809839621847999,-0.001449421336872092,-0.0023374214919060776,0.002698469612995247,0.004384490573141164,0.0002797436716273083,-0.0002551458799384676,-0.0004051425545146259,0.00075006427922375
2025-08-26 17:30:00,-0.0004610790818224686,0.001073134641645268,0.0010848640877432203,-0.0031224956105502244,-0.00022430289463848396,0.00043963298062710265,0.0005052432973124965,0.0016223555062513384,0.0,-0.00025687669432983284,-0.0008107778632489016,-0.000923222409140223
2025-08-26 18:30:00,0.007923817606249273,0.0011570730508143612,0.0009148045925373438,0.0020226898283919326,0.0021754026652267555,0.00374217671674959,0.003102834571295787,0.0019793188439756193,0.001630327574694057,0.0016361416209988988,0.0005406259709985761,0.0014075599928355942
2025-08-26 19:30:00,0.005901842734383322,-0.001789814462828332,0.003196539406053134,0.004192639401085607,0.0018599090832553955,0.0007758746140691386,0.0019682197399051304,0.0024237782138873953,0.0008839447623145702,0.00032051183578740705,0.0006078164264167185,3.4567719023215204e-05
2025-08-27 13:30:00,0.002791152880737613,-0.003528504043208258,0.003113318361532613,0.0043933831867608575,0.0019214460694838564,-0.0043438615071194064,0.0012788919621646855,0.00518693554834293,0.0015289432214231624,-0.0018923791087637198,0.00599106088564394,-0.006534965962823769
2025-08-27 14:30:00,0.000642754637321552,0.0029229238414627545,-0.0019186827929180694,0.0007138034613332067,-0.0014624934864500005,-0.0038836695360711104,0.006113642167766109,-0.002679557285758527,0.0002829757163187452,0.0013795304187445012,-0.002015473002267676,0.002028639105403407
2025-08-27 15:30:00,-0.006651070240331514,-0.0010236584000464788,0.00128807175320933,-0.0009320521061289,-0.0005901205902913986,-0.005274224684713502,-0.00658882141440742,0.005084980919955129,-0.0005261570049155395,0.0009923976006103175,0.005766800841795927,-0.0016226173197271265
2025-08-27 16:30:00,0.0009830867861451154,0.002921747005093067,-0.00013051175696521256,0.002663732552536935,6.558615425955594e-05,0.001970074880027539,0.002724236140354108,0.0017781350564369802,0.0007505160740377548,0.0016331395921573844,0.0006684453367515886,0.0030136715086763743
2025-08-27 17:30:00,0.0010109593872353884,0.001579523380816461,0.003409616057056475,0.002668941928981816,0.0017256446025566419,0.002796026762362125,0.0008507582723957796,0.0017749112549241275,0.001259951130213821,-0.00038387321118893425,0.0024025678990264865,0.0020194312378976065
2025-08-27 18:30:00,-0.004073880940646646,-0.003066879556133273,-0.002137752963368378,-0.001491080764172814,-0.0019661926903635774,-0.0020216628724085695,0.001533100268286347,0.0006648310739851837,-0.0009351162859552176,4.802881729926156e-05,-0.003137841538538133,-0.00046168296500059824
2025-08-27 19:30:00,-0.0011769625474622458,-0.0003556110576639071,0.0013352736273013477,0.0014022447552362038,0.001747910245936346,0.0013259824366151918,-0.003235443175407582,-0.0011969602093246934,-8.51397609338278e-05,0.00027182696238892134,-0.001003573637029298,0.00023086812639494525
2025-08-28 13:30:00,-0.012683816691613892,-0.021737861104267786,-0.00010502391091549157,-0.0012836725049121256,0.004125905696948706,0.0010100028692869856,0.0036586301494336837,0.0008867471869091759,-0.0009979591634792229,0.003928884332748517,-0.005638331234553817,0.003629796132085694
2025-08-28 14:30:00,-0.009213728651922715,0.00819105415971233,0.002315712114872248,0.002368617643066173,0.007398779383605891,0.0018700967350788744,-0.0026234933935906923,0.0013295598881830628,0.00045655745238359913,-0.0014057404199450119,0.0048348283111181445,0.0017237710127826489
2025-08-28 15:30:00,0.0037073868517509823,0.0029734646928245567,0.005785338501106629,0.0034245068173870408,0.003124054177981783,0.004228291772878201,0.005159671902735141,0.0009723635229166305,0.002935762890715843,0.002675830925054079,-0.0029518500476770626,5.746629025527028e-05
2025-08-28 16:30:00,0.0007426564356389775,0.001246912106855902,0.003051891401912421,-0.0006780717938044134,-0.0032362763368789516,-0.0011435216531276993,-0.0024266769311660497,-0.0006635078018639717,-3.8609729562821826e-05,-9.543873255690727e-05,-0.0010755827066626367,0.0010901824955213968
2025-08-28 17:30:00,0.004502864215120361,0.00507561625021502,-0.0003468210285326734,0.0009825596467223363,0.001492301598081447,-0.00019296123601808546,0.0012971583761585137,0.004458916370917443,0.0008020227970924054,0.0009222577595808801,0.01654260654057449,-0.00045888396603199766
2025-08-28 18:30:00,0.004179619475163321,-0.004154479115716647,0.00023954533270842404,0.00116799177035265,-0.0017901728811580142,-0.0016047415735540582,-0.0003158364082951337,-0.002072453563230603,0.0004855136000836424,0.00041315329360180897,-0.003778014927679152,5.7339186031235556e-05
2025-08-28 19:30:00,-0.0018780053596545443,0.0006661214723608921,-0.002083940892614322,-0.00011771382286429599,-0.00021591662737119321,0.0013452897141057463,-1.6641754772450668e-05,0.000926480647811978,-0.00015416100958098866,0.0007304561866448012,-0.0009965379497440807,0.0007455477495881269
2025-08-29 13:30:00,-0.017770855824920773,-0.028909980760705167,0.0013737187086775293,-0.007049110891555799,-0.008217312475642835,-0.014912114732559267,-0.0006319827526590771,0.006856020575739308,-0.006480221775098549,0.004457326482848245,-0.003062426444202515,-0.005922103041573479
2025-08-29 14:30:00,-0.0023255511739783685,-0.0016579500022233518,0.0006458381422094206,0.004022897521185342,-0.0032054482154784125,0.0006348391885975246,0.0031227268605968916,0.0,-0.0004016047767763098,0.0025980251213804095,-0.0006669168827393435,-0.0026041838554418106
2025-08-29 15:30:00,-0.008994989830046762,-0.0035824357113689587,-0.001976568800737155,-0.0013588746115438255,-0.0018362989626306003,-0.0014007106617599518,0.0029477049698645175,0.0014880143220770137,-0.0003724879252118285,0.00015758332250737084,0.0006669168827393435,0.002834785748076385
2025-08-29 16:30:00,-0.006391927420939858,-0.003624070623631681,-0.002023556637106516,0.0013096844370643623,-0.00026259436300968275,-0.0032141559187124358,-0.0003638993515764355,0.0016167938814994898,-0.00026391378994627956,0.0007247750925412078,-0.0009338896906703198,0.0005187258563159602
2025-08-29 17:30:00,-0.003196168713782477,0.0002114655763687523,0.0006462329741507844,0.0012490051691367299,0.0009188454786031031,0.0024386952421586727,-0.0004300867505513395,-0.0016167938814994898,0.00041142878082123246,-0.0008823584150485786,-0.0005340576462016244,-0.0011531190981646233
2025-08-29 18:30:00,-0.0016997799079918607,0.002780762558619365,0.0007504339753019451,1.961580790599271e-05,0.00120190967495315,-0.0026014755365642017,-0.0012916746202211726,-0.0006999897950867862,0.0004888135344769395,-0.00018917126396811312,-0.0002670848600310194,-0.00028850967083915435
2025-08-29 19:30:00,0.005569907161770082,0.001378074969073495,-0.0003628288578596539,-0.0035838346455312475,0.000502223851995609,0.0023713552328503695,-0.0009615509403850808,0.0008311750096465786,0.0006358292392265597,0.002896764898395965,-0.0002003859525760987,-0.000634979181484141
2025-09-02 13:30:00,-0.003644674106214829,-0.021144591734291396,-0.007215872178962357,-0.0032998704189957095,-0.01801769518927987,-0.005469309077700046,-0.015342992943089051,-0.0011813537376204053,-0.008595135204402027,0.013739558569557886,0.014129151594508116,-0.010156496431998008
2025-09-02 14:30:00,-0.013148212543722337,-0.009264935450968181,-0.012089309778511748,-0.00836740101220279,-0.007630418710406595,-0.007512978015080662,0.001985417343996154,-0.0012265586818713814,-0.00456098722050946,0.0029882313640303693,0.0061723695664746,-0.00166032480121725
2025-09-02 15:30:00,0.0025590550348706387,-0.006676681823127417,9.221997289632355e-05,-0.00015971475052634077,0.002230863373785752,-0.0007818655488325277,-0.0007734465999789109,0.004548216115519033,-0.0014935305759253836,0.0033800277262114875,0.005084005662998159,-0.00038335843229564404
2025-09-02 16:30:00,0.0016690324886710073,0.007711299942318561,0.0024547311962743734,0.0017949266247780926,0.005710638094636344,0.004791248043140683,0.0038615714809271395,0.0041801277032913475,0.0031887390802998183,0.0009240060707469411,0.001287444172451302,0.0011099895284178984
2025-09-02 17:30:00,-0.004924157082744962,-0.00021749757226974253,-4.382463466257036e-05,-0.0009269754610121694,0.0005775556352709543,-0.00043953303491495177,-0.0003938461438277585,-0.0034822141011021657,0.0001356266068555101,0.0005681733745666051,-0.0012784005607269222,-0.0006424706455998574
2025-09-02 18:30:00,0.0033614322677664177,0.006461428925716106,0.002361520095354841,0.004884425155399441,0.0015975888904868896,0.00275830404261157,0.0015159171360172863,-0.0014111058094705697,0.0022140352858670553,0.0018917393507296154,0.0003907847774033968,-0.00011688152091959836
2025-09-02 19:30:00,0.0002580757929644406,0.0026682819185444018,0.0033577018664336933,0.002438189144950975,-0.0008428632586561235,0.0015386033606414884,0.003091873655169941,0.0014547508227611416,0.0018601495228809384,6.148127128735581e-05,-0.00026050621611606317,0.0008177057309612934
2025-09-03 13:30:00,0.020167462817095583,0.0035077854898846184,0.030524918885436847,-0.0007525884521939474,0.004869811545793468,0.0006595546344669856,-0.002807390561327061,-0.024853972245638012,0.003167076574613681,0.007434728571301896,-0.0261262478946076,0.008950995639390058
2025-09-03 14:30:00,0.012037491940326106,-0.003766078876319412,-0.0034641710733769315,0.001019856465422464,-0.0036279664499270226,-0.0015169783125807967,-0.0008872212478161501,0.0033913219116739057,0.00010707828825040622,0.0003069333476490854,-0.0013378744940792942,0.001792152800268454
2025-09-03 15:30:00,0.004590366749705588,0.004786787928663827,0.0020275261350377605,-0.0014558564240658711,0.00013647504590519333,0.004544048673830403,-0.00263298292191827,0.0005344721579403355,0.0,0.0008812121140122642,0.006405190910047764,0.0009814287371003871
2025-09-03 16:30:00,8.778503406503546e-05,-0.0043323612622909735,0.003955104539053345,-0.0008428430032951795,-6.999354675851777e-05,-0.0019468753865741206,-0.0014451837441891158,-0.000623521980083197,-0.00024904358035016116,0.0011562025568085943,-0.0049337089457450745,0.0010957781697076285
2025-09-03 17:30:00,-0.014516145858130436,-0.008370001300356478,-0.002180713871464235,-0.0015784200042325836,-0.0040636172253858405,-0.0005977157388423748,0.0001344522361481637,-0.0015605420283630878,-0.0017765543503021064,0.0008232264222414187,0.0013359085970243711,-2.4275040431120942e-05
2025-09-03 18:30:00,-0.0035458542051189923,2.955130399318051e-05,0.001033593020943968,-0.00011922492171567711,0.0007562364494857476,0.0004755318635636385,0.0007395745490743622,-0.002904548306700505,-0.00017156393516781776,-0.003045626913436905,-0.003275988075547076,-0.00118694125252361
2025-09-03 19:30:00,-0.004742058702427165,0.007441316421076927,0.0056134731049368725,0.004344640082791784,0.004968050961040582,0.0008553050936761508,0.0061975916296246325,0.0019223999210407072,0.004078898198703662,-6.101841409211772e-05,0.002073771070167929,-0.0006927324855121597
2025-09-04 13:30:00,-0.0008385707937330622,0.0013557650702669122,-0.0033600898446399796,0.00017648713780271663,0.03136144211761138,0.01796759523461766,0.00829795882469675,0.00044657544023962714,0.0019246741973129033,-0.006574828243480546,-0.008954700191872611,0.003343916726444185
2025-09-04 14:30:00,0.0030842109785300664,-0.00035996400391447025,-0.001220857450919155,0.004332598152177347,0.0009001381357975902,0.004992454998190787,0.002827863421318355,0.0036986820862736636,0.0020615296728250243,0.0007054578268608225,0.003325437698842748,-0.0009421078042093356
2025-09-04 15:30:00,-0.004815764017912727,-0.0019679783196631107,-0.0010114221850487937,-0.003304785730342985,0.0004497327349035629,-0.007568201143880238,3.305898741601254e-05,0.003197382424377615,-0.00040366991572504674,0.00260271159385006,0.0005979698012250623,0.0023224728774815517
2025-09-04 16:30:00,0.00567862117994089,-8.334022245204409e-05,0.0037036642911854045,0.0014811160446432936,0.0038680582234347227,-0.00037435724323042763,0.0016169430435777343,0.0008864218253359368,0.001406706912381317,-0.0010097052628896819,-0.0005979698012250623,0.0
2025-09-04 17:30:00,0.000951923305923863,-0.00022176715926924828,8.403391244371505e-05,0.0006312902340352977,0.0031942785986176503,0.0006014811102650341,0.0020893084352291424,-0.002572642001208436,0.0005728607996946522,-0.0011025586157122902,-0.0018834848323310283,-0.000689944360688699
2025-09-04 18:30:00,0.004316553007743806,0.002887625905835023,0.0027036456389879504,-0.0008977485540375696,-0.0009354819090434674,-0.0014372544089553685,-0.00042554920920512274,-0.0007615351187890695,0.0010577929798083474,0.001056689646533826,-0.0014823883536259075,0.0027570134163594773
2025-09-04 19:30:00,0.005076917027494687,0.004349644919433793,0.004203509270310768,0.0026907713400943223,0.0031442254132372227,0.0019581803580290824,0.00018100860211944791,-0.0006162013799642097,0.0016578122214774282,0.00012237484944943589,-0.0002698175444697526,0.000688132910907413
2025-09-05 13:30:00,0.027085395316303718,-0.03868024382877877,-0.0017745619644538024,-0.017415266563229004,-0.006870287868114389,0.0037983766860643087,-0.01937415925240682,-0.015101267697287035,-0.003751295663296794,0.008306284094543592,-0.022578617863890926,0.01241823214461224
2025-09-05 14:30:00,0.002010316935067813,0.005752547544952691,0.002170737113416088,-0.004205463773113927,-0.004458432126990708,-0.0007252248898694802,-0.005046098141723299,-0.005160481372608494,-0.0005491802046773131,0.0029401571289859874,-0.006158971799730573,0.0007922550942023321
2025-09-05 15:30:00,-0.0022008835378830582,0.001657349677046227,-0.004325299163077112,-0.0005432593316294643,0.002935150317425972,-0.0013521136332705908,-0.0027017621679226167,-0.00027233243896951365,-0.0007431386045988475,0.002931537940620288,0.0006939567490489296,0.0012437178462372245
2025-09-05 16:30:00,0.012234764488752603,0.0013185922287943797,0.003574437986315182,-0.004639933598986623,-0.0031712282758515897,-0.001393947339501267,-0.0012519928031782257,-0.006695696667777362,0.00019356213168553182,-0.0009359406568263395,0.002840050719325582,0.0004518856303796781
2025-09-05 17:30:00,-0.0025453640806318845,0.0010505306145258686,-0.0021097038100510446,0.0001878227089955331,-0.00012876947099282887,0.002306641647725094,-0.0003724718542086336,-0.0016008000368019637,-0.000216909315319036,-0.0004380498195653004,0.0021419772951754013,-0.0002259603842977853
2025-09-05 18:30:00,-0.006742840837508091,0.0020062596745109573,0.0033608896675660915,-0.0002990891317464772,-0.00031472315661140726,0.0059818266869164916,0.0015230128907779417,0.0014180070111757814,0.0021659413078962686,-0.0003171088261417765,0.0021373990332289594,-0.0005649519667381142
2025-09-05 19:30:00,0.005660174862680556,-0.00032925575573639065,-0.0010634177011628054,0.0010617409173532266,-0.0023933388428556412,-0.004085830266141066,-0.004168512834919369,-0.0012349546236354314,0.00016994948052140302,0.00030198433637362854,0.00034433805657663186,0.0010167355393324584
2025-09-08 13:30:00,0.004351972607860688,0.01909338369142155,-0.0018375551088896103,0.011218741610229621,0.013000496283541274,0.01198651413643681,-0.0018015836958271692,-0.005645175124201707,0.0023920702766533353,0.00980343955937979,0.00295619252355106,0.009551118246469592
2025-09-08 14:30:00,-0.008685134897556068,-0.0017053185355591083,-0.0022178938533956583,0.0001198441125787042,0.008335711731489504,-0.0012797836783660088,-0.0018389534488907344,0.01103106926781905,0.0015863118228391926,0.0017191476457245614,0.00472556743023933,0.0006160673313644338
2025-09-08 15:30:00,-0.0036805836361626376,0.0011471854573432694,-0.0040719626215990345,-0.003722045969568377,-0.003080993836829471,0.0009755883868134418,-0.0017193782805202673,-0.002552406008176966,-0.0018021506487162497,0.0012986457518513461,-0.003079325946870881,-0.0005030960815739505
2025-09-08 16:30:00,-0.0016392949912136245,-0.0017644788511432807,0.00031882211671074856,-0.0009828209144728817,-0.0019706854186249956,-0.001281939736633042,-0.0011821140801790975,-0.0007761233618266417,-0.00023132103896461587,-0.0013434095764166543,0.0010959906302163702,-0.0007831258009307618
2025-09-08 17:30:00,-0.002569223170912238,-0.0008834982285312876,-0.0026983069336141696,0.00026085755415028444,0.0015483676438039495,0.0005196018985520467,-0.0001708955137722512,-0.0016455670206729778,-0.0001310240965732845,-0.0007773501562962082,-0.0018501684988780909,0.003464661245794254
2025-09-08 18:30:00,-0.0012661933359288113,-0.0033641775481658698,-0.0002319020683589912,-0.002189210102265804,-0.0013967826302954123,-0.0028374558620090085,0.002032264781003157,0.002239155984862684,-0.0012577442092869262,-8.942079057572272e-05,0.0020582354821563342,0.00027761800528036673
2025-09-08 19:30:00,0.0008663907920114511,-0.0045924508172499046,0.0034103039627373377,0.0018079432224080705,-0.0013134656863442729,-0.008215428988490814,-0.00029014519856485066,0.003281087580321085,0.001882119530789872,0.0009861974663385453,-0.00013964660657705963,0.00039021947874040563
2025-09-09 13:30:00,0.0006204666557323435,-0.0017238422385261742,-0.006789530966401891,0.005314500816193224,8.481058311726741e-05,0.013180650637448998,0.007853302001260332,0.019151198999261432,-6.933488049210013e-05,0.0044261191669496824,0.014678189651726292,-0.005980886622066528
2025-09-09 14:30:00,-0.0006781733265732726,-0.0019354566569766973,-0.00036017754293915516,-0.0027788029160307204,0.0012709733292499692,-0.0029301194863542435,0.009185607712039356,0.0004908440726998364,2.314352040411194e-05,-0.0034110227911918756,-0.001350156866743113,0.0010086739367691777
2025-09-09 15:30:00,0.0037834344547666987,0.005647027603967736,-0.0009529614807997078,-0.0017532351156921422,0.004267322849933031,0.0008549971932634293,-0.003916757272167892,-0.007253268365436938,0.00013866174505494655,0.00155058485556836,-0.006233915059496553,-0.0010086739367691777
2025-09-09 16:30:00,-0.0022998014199409056,-0.0036817946009364277,0.007387896399889016,0.0010022249938286265,0.002421270339033832,0.0037662785574950064,0.0007745130227023722,-0.0002246490947399593,0.0010859574727195564,-0.000730222491973187,0.0014942692930990376,0.0014566375999942593
2025-09-09 17:30:00,-0.0008920112954076131,0.0009513776024538956,-0.013642180799689818,-0.0010022249938286265,0.00014720873904838783,-0.0008388196074040621,0.005170254389075701,0.004305480256454608,0.000407904675834736,0.0001341142045427901,-0.003944254342338027,0.0005036873555681609
2025-09-09 18:30:00,-0.0006782320460025915,0.011787389623764355,-0.0009325061180245342,-0.000963103961906242,0.0018275869477006879,0.002827722010784406,-0.001910564934139991,-0.001745989814518012,0.0003615451257088509,-0.002387810572148652,0.0013619245343585717,-0.0005036873555681609
2025-09-09 19:30:00,0.0019902296098548433,0.0030416615855086704,0.00017073590537464156,0.0005819900432264546,-2.1008396633881432e-05,0.0011627720062836744,-0.0009398456015983214,-0.007741707616027327,0.0003921990551507548,-0.0017946527720225092,-0.0010893496229105182,-0.0008961280878301281
2025-09-10 13:30:00,0.006090208654629947,0.03956501552159253,-0.026996541909146465,0.006047477992808581,-0.018513927318970502,-0.013447344494378122,0.009824648587131612,0.009970030613464687,0.005551047161854505,0.006534905587677109,0.011177043683333387,0.00028013698599593795
2025-09-10 14:30:00,0.015658311594480168,0.005412866408078365,-0.004693024663577461,-0.001533707463547529,-0.00546686984277045,-0.0001588119255746534,-0.005301325482999886,-0.0032159861861185135,-0.0017141562078135664,-0.0022927608366671848,0.003631045816304912,0.0019585940133035606
2025-09-10 15:30:00,-0.001233698414750961,-0.003500754717276955,0.0030723035590494163,-0.002920131045108576,-0.003769159739344552,0.0008731536430932607,0.005334610927917538,0.0036730492547887295,-0.00028342234302947134,-0.0008649097273760731,0.006089137922708154,0.0025048738832662565
2025-09-10 16:30:00,7.624085549551296e-05,8.478174171511199e-05,-0.004107902226537341,0.000940981139191166,-0.00062770979393445,-0.0012422504815514657,-0.0002890520442697664,0.001965350068962479,-0.0005288146821458284,0.00041757639434880645,-0.0017359589901566608,0.002959072488020631
2025-09-10 17:30:00,-0.00171151978115347,-0.009766940562443871,0.0011237038111877595,0.0027677655638758125,-0.0017055462733530646,0.0008057285844840223,-0.0006092315210270982,0.0020594145128756125,-0.0009202221464486016,0.0016687457862616384,-0.0026766202406038886,0.00016678496900546236
2025-09-10 18:30:00,-0.017698809716023334,0.0025496456136764323,-0.003861051292114226,-0.0034233222055348733,-0.006631795569013832,-0.004043339438908333,-0.0013078514918172246,0.0005698627283683422,-0.0013051149493188419,-0.002512453498980882,0.0017406076701993456,-0.0018362513785454837
2025-09-10 19:30:00,0.0009780690260798863,0.003417527236263318,0.0026271414689089667,0.0016456212238313839,0.0031217381843697822,-0.0013292571626610794,0.0018465326985390718,0.0016009280154927197,0.0021256794547719338,0.0006946128086209313,-0.0002675494077690743,-0.0005013583873854088
2025-09-11 13:30:00,0.03138921045797627,-0.00042301252416532265,0.009479591993356351,0.00405008048529254,-0.003261085125885188,0.0016082059999762421,0.011371755921800286,0.0014652748897061585,0.0057102879835184694,-0.002194756759521077,-0.02041303849922027,0.006664452711015123
2025-09-11 14:30:00,0.007633518803056738,0.004727721334176316,-0.0008739597863343107,0.0010945312401124951,0.005775726933172187,-0.0009964990364945692,-0.0007238073121138555,-0.0036894750647062935,0.002223212677846753,0.00047728912363620424,0.0,-0.0030490532546858518
2025-09-11 15:30:00,-0.0033821149888009217,-0.003019212539975058,-0.000568513762234879,-0.001014874199176674,-0.0003902343910917594,-0.0005052786139536636,0.002268365444747289,4.450805737565844e-05,-0.0001064936475509981,0.0001051316893905252,-0.0008197507849736496,0.0036023754160732224
2025-09-11 16:30:00,0.01015916082448598,-0.0026161580292232145,0.0037657149659633404,-0.004249689462619166,0.0018181649089674679,0.0015150705668318665,-0.0005584372763012269,0.001246100664578087,-0.0003499212248616601,-0.0006572316556701097,0.0006831375742226697,-0.001718638530328498
2025-09-11 17:30:00,0.0032108064836506855,0.0027112856272424324,-5.4460941261602613e-05,-0.0003399216321140486,-0.00017300992441882102,0.0013140725038942591,0.0014446205835101367,0.0015554793015368773,0.00031955870895483685,-0.0007775429497263175,-0.0013668464994305296,0.0003346318455319519
2025-09-11 18:30:00,0.004929495239930581,-0.0025655963056285813,0.0016981971761600434,0.0016386758151201164,-0.004974046716391456,-0.0012805978326069223,0.0010739462810249734,-0.0027570059429242733,0.0006539365097806282,0.0007775429497263175,-0.0012318343989319303,0.0010520332406365185
2025-09-11 19:30:00,0.004702019776637201,-0.0001693841511665184,0.0007393314321575417,0.0007984519666965895,-0.0005551754028152445,-0.0030525816172124465,0.0011872828403971525,-0.0012922293921553418,-0.0002584603434367949,0.0006276901292174841,-0.00047938130945368584,-0.00044283092061814244
2025-09-12 13:30:00,0.06042123710300995,0.0038606141954309336,0.017453966973794977,0.011781881102344016,-0.003943311913269021,-0.0016463566349349534,0.0016680890677829296,0.0008022816865986826,0.0005776154016920998,0.004590516964405822,0.019067567053257406,-0.0073907806286666045
2025-09-12 14:30:00,-0.009077123442718715,-0.0005626155477429506,0.00010677387695334772,0.006938219875731733,0.0,0.0007801481993414683,-0.004208200440968923,0.001202115117065361,-0.0005016016376888643,-0.0022627867889495334,-0.0013451505110868567,-0.000948624129874176
2025-09-12 15:30:00,0.008821820222014942,0.0024452844884912395,-0.0005366573224359072,0.0023918310047239544,-0.0016385387684740849,0.002715997882915211,0.003652446601368098,-0.0011130652949224995,0.0006232063130973131,0.0006260201791308262,-0.005601889761147838,0.0008928776532606264
2025-09-12 16:30:00,0.004928276286136679,-0.0032899306905225245,-0.003143832172264993,0.0002563202935181863,-0.0006343074845727159,0.0038217685221528797,0.0034437682848924567,-0.003033787807530608,7.596063424930577e-05,0.0002082530670426408,-0.007268363016398993,0.0010748059525731435
2025-09-12 17:30:00,0.0034240248332189083,-0.0003093063850521105,0.001306808304530449,-0.0014072329455405708,-0.0039459621932964595,0.001098646661660041,0.0012536877473463548,0.001251214847534321,0.0006152632196601004,8.934190603504533e-05,0.0023153677365392866,0.0018047917617929343
2025-09-12 18:30:00,-0.002459031044510951,0.0012102026254749987,0.0010079022630433698,-0.0012231100982402765,0.0005867043451557308,-0.003246583831454153,-0.0001932923776708506,0.0013370405167192345,-0.0005088909305515088,-0.0005510841096345587,-0.002110766091949934,0.0004059201954191849
2025-09-12 19:30:00,0.005114036780774711,0.0005907348381546385,0.0012162401535764644,-0.001626579828625907,0.0015197418708288168,0.003101061098115032,-0.0009789548367562517,-4.4611768809765806e-05,-0.0011705322859603129,-0.0005513879707912395,-0.00034088727868208935,0.00011120898814187541
2025-09-15 13:30:00,0.05061629173928761,-0.013026686929494602,0.0091649094314592,0.0015678352902304127,0.012871095361713714,0.0011505210132574106,0.005394188787962939,-0.0009238972735650108,0.0049768981995894634,0.003779115011393941,0.01462056354868313,0.002387541327681042
2025-09-15 14:30:00,0.013922214948672185,0.008695958784096902,0.0025579980827821203,0.003479689953304721,0.007694118241089676,0.008154509126709009,-0.0011674046199292576,0.0007010806611882359,-0.000485217306891883,0.002640208140906708,-0.0032306595632558555,0.001995561667558654
2025-09-15 15:30:00,-0.009275828012910381,0.0031770927180332365,-0.001056211645811267,0.0001561400468625962,-0.003870051292394372,0.006259793234751676,0.0018801207802274789,0.001113858707877391,0.0003671457206362305,0.0046102035834927335,0.00040437798332426667,-0.0008316903901262052
2025-09-15 16:30:00,-0.0023324818101730926,-0.001775387211083057,-0.003429863054739357,-0.0010346588367724507,-0.0026562282903812573,-0.002706845151243087,0.0006798150188931373,-0.0013814266667511177,-0.001290549597320556,-0.001150672477962189,0.0010776110061767596,0.000996611375994938
2025-09-15 17:30:00,-0.02631951666128529,0.0014373915598699938,-0.0005091010663251794,0.002311804830465114,0.0008857103350417006,-0.0006795331581743724,-0.0007122316372756288,0.0003049795883587336,0.00022737000255101947,2.0720400577545206e-06,-0.0004039423678898757,-0.0006643253771194679
2025-09-15 18:30:00,0.0025803261224002227,-0.0018605472841741744,0.0013994694111110206,0.0010615586054720794,-0.0011995958737633927,-5.8802918604605736e-05,0.0013919796028423193,-0.001063307593548224,0.00025755571264340915,-0.00020875708567125173,-0.0006130054788915373,-0.001108077849591993
2025-09-15 19:30:00,0.006149312722838474,0.0032959615443388657,0.0033422631467106,0.003381382553677703,0.000767651309402595,-0.00015033417064103105,-0.0006150606931996094,0.003029935631959191,0.0011809471617620915,0.0005018624462653776,0.00041097308992554815,-0.00022172914391394016
2025-09-16 13:30:00,0.01433933259288711,-0.00827464206960915,0.01163171824943987,-0.003848781209440766,0.016072583127686002,0.005047117093178066,-0.004085673994773664,0.012687754888827563,-0.0013703389474413186,0.003123337866266951,0.013048443371521223,0.0001663226149890562
2025-09-16 14:30:00,0.005774427215932576,-0.0009930519653877923,0.00026254946122161726,-0.001754246674541271,0.0019331990233126817,-6.510967210449081e-05,-0.0007639252677087427,0.003558936804540558,-0.0004774301490639843,-0.0029167565113814575,0.003185956101073195,-0.0005545727558544655
2025-09-16 15:30:00,0.003702591416297807,-0.004980019131288316,-0.0016620648635274904,0.0014036434437718626,-0.000976567765465397,-0.0020380894613465372,0.0033113784186387107,0.0050578523038922185,0.0004168504979720211,0.00191600193208874,0.0016553555185634394,0.002263908999069919
2025-09-16 16:30:00,-0.0032368946330443293,-0.0006563959847420975,-0.0004574951080922318,0.0004918084628249275,-0.002488029699091676,0.005178291618740616,0.005027102462544342,0.0027400468353420138,0.0005377819693777042,-0.00014730981433164203,0.0031046775789338454,0.0008740768252515352
2025-09-16 17:30:00,0.00023855916209125638,-0.0021433173202165534,-0.0006510630119693772,-0.004112257928092333,0.0003406217520014465,0.0019142878522160345,-0.00027411513272834753,-0.00017378396668643603,-0.00010603555399590903,0.00014730981433164203,-0.0026416202213903617,-0.00020243421516230597
2025-09-16 18:30:00,0.003997987320507157,-0.0001430163619966507,3.4740875222816214e-05,-0.002045327256561258,-0.002130743123524681,0.003727419164793133,-0.002503087783248148,-0.002392098836463852,-6.81386306133902e-05,-5.895727235216697e-05,-0.00033071895442660093,-0.00025556948328908646
2025-09-16 19:30:00,0.0023678320332090053,0.00045770256898158834,-0.0033465987633825023,-0.002434489398022599,-0.0016651344839324622,0.004567582948846294,9.700338014528853e-05,-0.0011327750890561816,-0.0003257797555162867,0.00017470473237235495,0.0008596217164900111,-0.0005190205261333958
2025-09-17 13:30:00,-0.02141108280361692,-0.027310041999634826,0.006237354000908191,-0.0018488899061912534,-0.015546253496108164,-0.010128237845973942,0.007938774682398453,0.004653731613053047,-0.0011675012905376647,-0.0017955028940805917,-0.0017199830182850206,0.0030396168789099676
2025-09-17 14:30:00,0.011038469778466009,0.0016739078409244712,-0.0006261992443663544,-0.0021638750616626012,-0.0006512651623591381,-0.0013236179148314875,0.0018588807570143473,-0.004784516482108536,-0.0003337693790177454,0.0006484905947754527,-0.005310605923722456,-0.0010490128851898817
2025-09-17 15:30:00,0.0055847757517630825,-0.0030950465841135255,0.0008110349081285051,0.00304207103682419,0.0030540476339835365,0.007364920118086538,-0.003640802342498972,-8.63566591764453e-05,-1.5190824075972387e-05,0.000707226519030435,0.003455079939906014,0.0007730502363338942
2025-09-17 16:30:00,0.0004673255804714671,0.0020969360664819803,-0.0006439846157908491,-0.00032445432686944997,0.0005441001627231046,-0.003751604891644611,-0.0037669128254691486,0.002524946789791649,-0.00043257218197734204,-0.0014002791600482567,-0.0001325971058117048,-0.002255691849889274
2025-09-17 17:30:00,-0.0018781898460673574,-0.0002302954322264128,0.00016695869613769787,0.000747041177079133,0.0012537108896175653,-0.0023156586036412463,0.0063986012850554275,0.003608683029937332,0.002585236502914867,-0.00016224062805569872,-0.0037220089545044743,0.0025316544987452616
2025-09-17 18:30:00,0.019360481502285865,0.005815786338286166,-0.001240976258249482,0.0038247204140580138,0.00013010478729125197,0.01035867605503693,-0.00092994683360903,-0.0010024522942950753,-0.00024986544325944493,-0.0049987606761972,-0.0015992955446648693,-0.003925622060929612
2025-09-17 19:30:00,-0.0036237124684834754,-0.00573232164812687,-0.0012248947983310998,-0.0017830452586062862,0.000993394859895247,-0.004720505913653028,0.00012834358427227244,8.670894803408657e-05,-0.0015234678570861249,-0.0004448679487634166,-0.00026686596616798397,-0.0014968208680832262
2025-09-18 13:30:00,0.00784062179252576,0.032171204245269536,-0.005917813277820372,0.003377252535003983,0.0009277181224200959,0.015914527813917445,0.002146894822469214,-0.004564874547594577,0.00788778726709971,-0.007608427325038747,0.005455454535895576,-0.010598618710623953
2025-09-18 14:30:00,-0.009759320043937869,0.0027276252776706755,0.002648471890998927,-0.0021817066796359086,0.004067571121113112,-0.0057277662653163475,-0.007469773300678995,-0.007215867352470262,-0.0016193299249334103,0.0010754982304366223,-0.010136151611678912,5.723813671654199e-05
2025-09-18 15:30:00,-0.00604973011492671,2.830871896186693e-05,-0.001050133452674018,-0.0031900247377931734,0.00034359143823525784,0.0013203021032204276,0.0030589333335635516,-0.00030724552089100854,0.0002035141528029527,0.0013129896227859206,0.0001340679084087526,0.0011879139947756912
2025-09-18 16:30:00,0.002856621413688032,0.00204035788839807,-0.0002521859442143892,0.0006207205017147999,-0.001031128682877025,-0.002303602408482597,0.0013153212880450127,-0.0022856335719696474,-0.00021105932538301175,0.00016407079796376678,-0.003356383602676871,0.0010523215523186025
2025-09-18 17:30:00,-0.0005197165646775304,-0.00036810331641223826,-0.00032879665884699705,-0.002005270308906404,-0.0030566213005096543,0.0006865023971727169,0.00030683910507356416,0.003207154010536506,-0.000821936479353802,-0.0006263983692367248,0.0025519110851588422,-0.0006715267785404322
2025-09-18 18:30:00,-0.001750161856167054,-0.0011900905837043396,-0.0014805065629959202,0.001202529038509148,-0.0010568905024799236,-0.0012872472030416304,0.003652492418475539,0.0027158909921292107,-9.80809879909117e-05,0.0,0.0014744403904591863,-0.00016795217895904102
2025-09-18 19:30:00,-0.013704231817582624,-0.0003686774456861386,0.0016831863965682814,-0.0007302152647366,-0.00205226242260359,-0.002214191677023969,0.0016297108647496117,-0.0032423701116588433,-0.0006340286179380428,0.0012224867536900774,0.00013385798872711518,-0.0012325690054630911
2025-09-19 13:30:00,0.023854970997978953,0.008051249329743548,0.013778872665455744,0.00916268676455445,0.009427276206030122,-0.00148872464744354,-0.005490867144626321,-0.004486500946787153,-0.0005588164078655922,0.0049343292290462415,-0.00469829012630818,-0.0007851460533174759
2025-09-19 14:30:00,-0.006926047814919123,-0.007937775664880853,0.004674955869405473,-0.0017945638700993527,-0.0007277703695685034,-0.0017325638778924457,0.0007542169441681068,-0.00185323343882704,-0.0017539744281851455,0.002014256681373894,-0.008648694310383398,-0.0030905148611601874
2025-09-19 15:30:00,-0.0025490628467697007,-0.0013185081049638114,0.009203045559025291,0.0013072201620243362,0.0016271375372642893,-0.0065513448913909755,0.005917291101063427,-0.001281596835133847,0.002614746199722795,-0.0008881159742166744,0.00013574182071529606,-0.0003332430973932432
2025-09-19 16:30:00,0.0018711919691476453,-0.001038257457967262,0.0029557152754833282,-0.0022838971893346383,-0.003817041437379487,-0.003045412693192695,3.221339868364481e-05,0.0003979057714769141,-1.5109422623282853e-05,0.0010361188455076942,-0.0012221329068946574,0.001174788644850544
2025-09-19 17:30:00,0.005093046736933005,-0.0016501272075810647,0.0009972441666556975,-0.001956220415352483,-0.0012038817220316744,-0.0005712166177538336,0.002118063515444746,0.0002651825809740771,7.55448302731665e-05,0.0028068201326485465,-0.0006795164630455375,-0.0006164975112881166
2025-09-19 18:30:00,0.0006047205508981079,0.0040919679342108495,0.0004948324659981296,0.0009394848886925544,-0.0025846749337636865,0.00706527504671417,0.002812346689784917,0.0006185084826828557,0.0019149968225571357,0.0004130225676339805,0.0,0.0013494828880862286
2025-09-19 19:30:00,-0.00020521139568518976,0.0010595009452449844,-0.0013037578876602396,0.013273000095598064,-0.0010356907239899016,0.0036295587509460603,-0.0013019090769166297,-0.003317926493020984,-0.00027119175423262476,0.0002653858925762975,-0.0006800823209438533,0.0003932028168396329
2025-09-22 13:30:00,0.04227587469873928,-0.006148594737678259,0.029649466548494985,-0.006643627584504763,-0.005715817545876689,0.0019702223229138838,-0.008600065275910396,-0.007427695214920149,0.0006929607393759696,0.009887258310094182,-0.0068259650703996755,-0.0038829908030555416
2025-09-22 14:30:00,-0.00387912345965713,0.0002285686662659714,0.012265370392378294,0.0009031927015525909,-0.004591873943947888,-0.0023235491891915316,0.0010730286549289758,0.0016950130231325744,0.0012941648115969429,0.0026823346587896424,0.00464667156147236,-0.00039370003019190136
2025-09-22 15:30:00,-0.00997026809001511,0.037693311324979994,-0.008124692017805302,-0.0008952456017192745,-0.003036593159460921,-0.007152055356564269,0.002334355549439948,-0.0036191980237818555,0.001360052028656078,0.0014989422222706494,-0.001227864812686441,0.0008446080514792342
2025-09-22 16:30:00,-0.011753600213437743,0.004353835304657494,0.003434479631568621,0.0010991750418920532,0.0003281172949618494,-0.00022337728290633407,0.00047896125865776185,0.0016732690590686161,0.000998291187378264,0.0008856828976835374,0.0032030641672688986,0.0014080147087645045
2025-09-22 17:30:00,0.00048481757847884666,-0.0016954585378590181,0.002538519313223908,-0.00019421192824431444,-0.0020799413897867325,-0.002914160843427993,-0.003934368829582979,-0.001312833325081364,8.250499830619873e-05,0.00153830206408756,-0.0011573556554349551,-2.2500269445835386e-05
2025-09-22 18:30:00,0.005834216668188397,0.0031431175604961226,0.0021524685698652846,-0.0011753185900369445,-0.0008551734294854896,-0.0026654908488419338,0.0010250082856542164,0.004461305758792555,0.0008652970849984953,-0.0005856522799749797,0.0006809046620954717,-0.0008783354034935797
2025-09-22 19:30:00,-0.004081506994406681,0.0019074838546115913,0.001172161804283256,-0.000126364941763768,-0.0013829394767919112,-0.0038613395892372893,0.00038421728120852094,-0.0025850726228950904,-0.0005427596288791747,0.0009626255536723249,-0.0002042331110940765,-0.0006762672217375254
2025-09-23 13:30:00,-0.0011758287245431376,-0.01623976816078887,0.002056976416266565,-0.005487749181416035,-0.023424805995404974,0.00041585563852741814,0.009302041767002223,0.020714859310057676,-0.0002400392643249205,0.006300213732754578,0.01921908266951089,0.0014487930435596041
2025-09-23 14:30:00,-0.002263235304982736,-0.002423615864842965,-0.0020178902740983773,-0.001261635560211971,0.0042186005652613545,0.003380398645029814,-0.0032235817220342966,-0.000349780666805799,-0.0007052540434102639,0.002417135980809171,0.00506326541108848,-9.680152563973365e-05
2025-09-23 15:30:00,0.0037385695944829322,-0.004055604303497162,-0.001457945930993354,-0.0010394553791002181,-0.0028703406173420376,-0.005087752952152691,-0.0023983221790695453,0.0008305210682841846,-0.0013670439336301854,-0.0013516853647033145,-0.005597751199410972,0.0033573214767610438
2025-09-23 16:30:00,-0.00107167332192315,-0.004442483375767914,-0.004141488878959265,-0.0008609247097055572,-0.0035994990178398467,-0.004561390082434613,-0.006340152189655335,-0.0011803573755573282,-0.0023055576331705296,0.0018544696726765508,-0.0018729020812324748,-0.0006588954243218481
2025-09-23 17:30:00,-0.0186784133548219,-0.004458961937145567,-0.00011780165115649055,9.802200811304118e-05,-0.003748290845531521,-0.006112247397606296,-0.0015093897208489082,-0.0005251176085305787,-0.0015576499877028027,-0.00087648504435478,0.0012043673550570233,0.0021871382467049116
2025-09-23 18:30:00,0.005949697824492617,0.0011517119495492167,-0.0018478135022386155,-0.002404849390545749,-0.0038237242678604844,-0.001416356162470933,0.0018109748860846153,-8.749075842739984e-05,-0.00046053497583908864,-0.0054847865570328835,0.004070883104913214,-5.7101352436639274e-05
2025-09-23 19:30:00,-0.005503476755734482,0.001963208268920269,0.0014157353654331573,0.0016790912305761907,0.0025560730065317117,0.00039866662226195615,0.003318083061700783,-0.002103282625171232,0.0013278724924745688,0.0015958992382030246,-6.656570024343722e-05,0.0010089655584950563
2025-09-24 13:30:00,0.033766970389893736,0.0002521294327353374,-0.0075244257735445075,0.000843395821150672,0.0018104191242720447,0.0025773095730912132,0.009546611883579637,0.010862820350856062,-6.027777195516393e-05,-0.0015308816452757057,0.011127468751760183,-0.003620817211381855
2025-09-24 14:30:00,-0.0025563358992428675,-0.000789088808470062,-0.001989131388676846,-0.0009120839900358391,-4.830042037440307e-07,0.0007393097858869879,-0.002251119216493791,0.0016907614116021819,-0.0008297176370328785,-0.0020255576081140703,0.0038129463718297174,0.0004818147586185262
2025-09-24 15:30:00,-0.005043062776072027,-0.011896428667999004,0.00017846325034298616,-0.0029608864988226458,-0.0011306620644404575,-0.0008317720292936315,-0.005889599092099296,8.664734368046823e-05,-0.0026443649988729945,-0.0024069802952952912,0.0009182095190469752,-0.00020099212728563742
2025-09-24 16:30:00,0.0054456640006961265,0.004952999647466427,-0.002680359367883689,-0.0001346140592630718,0.00013579945908315239,-0.0029233731865989654,-0.0007346833791146423,0.0006061891801714125,0.0006958011952953314,-0.002005442773210575,0.004186839944710918,-0.0007538661064874219
2025-09-24 17:30:00,-0.0005846827054440951,-0.002261478419012697,0.0010928611586020764,7.869225726864215e-05,-0.003786770869365519,0.0003510785394222893,-0.0001917283743386733,-0.002991234189919645,-0.0014904207364558886,-0.0015139728143891418,0.0005221370331449648,-0.0006745467544506667
2025-09-24 18:30:00,0.009617789651869657,0.0019220783749043235,-0.0014905946292627092,0.0022838208037025964,-0.0013868254107327616,0.005631902923477483,0.00060704627934971,-0.004874427966903738,0.0006206166608073715,-0.002888844443982741,-0.0026133158925158995,-0.00044997936887636314
2025-09-24 19:30:00,-0.001636093670001948,-0.001017080239903656,0.0033755213246449145,0.0015078660974374714,0.0019546265420027353,0.0016840943427212096,0.001117284537397012,-0.00048002709688876877,0.0003556391913086543,0.0031801061676368647,-0.0003271701671954119,0.0010683598536607164
2025-09-25 13:30:00,-0.031220818077420276,0.0014970662088193976,0.0069532300042016715,-0.0035751649804831587,-0.002046066819120007,-0.018033127245425717,0.004170710939155775,0.003137809598134922,-0.003865149917668731,0.000698557845530523,-0.009402039504066373,-0.00241951412595931
2025-09-25 14:30:00,-0.0054203778028725225,0.004984038160252169,-0.001970022640154667,-0.00034447507820178913,0.00031892851398218625,0.00692936045946535,-0.003803913001181769,0.0030412194036220086,-0.0015501598833500552,-0.0009024143616542801,0.009467542010160201,-0.0025867897658073957
2025-09-25 15:30:00,0.004254845283361952,0.006913081888870742,-0.003832987200595106,0.00018699831921242804,-9.100296834940735e-05,0.0024163036122013537,0.0007810414749833683,0.00034698920045617143,0.0008361844994491108,0.0019500913006735843,-0.0009166262405297942,0.0021359990107594484
2025-09-25 16:30:00,-0.004027369203114084,-0.007195104388077134,0.003832565853451264,-0.00021649594668282646,-0.00428560178628512,-0.0062117968904154,-0.0025526108581050977,0.005189454011765626,-0.0010872412556564015,0.0006686074598629688,0.0031389706134588025,-0.0005073503543595592
2025-09-25 17:30:00,-0.00683249868190039,-0.0043357408905055905,0.004172731967547527,-0.0022664677008688017,-0.008442336738491818,0.0004268927164901015,-0.00011183904004408163,-0.0025390254631272313,-0.000464119559286047,0.0026988007282620075,0.0010441377637064875,0.0022530659142994125
2025-09-25 18:30:00,0.004165519223787939,-0.0007615507283578182,0.009383842505712003,-0.0005921375261950246,0.002025328385786729,-0.00038690704454857894,-0.00023961361176461082,-0.0020435035457042616,0.0006999512957355236,0.00037324134987137825,0.0026054853545742773,0.001012161554823976
2025-09-25 19:30:00,-0.006053931332194118,0.0034107839593495726,-7.779339918023709e-05,0.0008683002674558793,0.00303032212084986,-0.0007741819714217613,0.0017562240969564158,0.00199156429270797,0.0007602250491114404,-0.0013010678295426459,0.0020794917237623167,0.0002810028501647466
2025-09-26 13:30:00,0.00018897292909070273,-0.011832427249554023,-0.0075006138964868185,0.0027085740868821873,0.00359225823772924,-0.01038878459578818,0.003439670207554535,0.019997661495919417,0.00126220731686022,0.008547837324466734,0.008403974055213759,0.0011792305658353541
2025-09-26 14:30:00,0.014779343049523774,0.006556277091886997,0.0037186223423884,-0.0005214144699827727,0.0023953618022911627,0.0013550523397336534,0.004077279116702748,-0.0015698716380248001,0.0017425912249704467,0.00043305119284742233,0.007184189751309411,-0.0007882560627043844
2025-09-26 15:30:00,0.003803859908233065,-0.0012171615208993458,-0.0011926450385528753,0.00039353305538458727,0.002435073523061604,-0.0007413233895148252,0.002132568275808211,0.0021208915691381947,0.0007928568601531794,-0.0014960719057572902,-0.0067980305106267735,-0.002753701546806653
2025-09-26 16:30:00,0.004257581796871079,0.0035342220047365203,0.0033386239396460127,0.0023385436344920407,0.0019301183078264117,0.00467468021471884,0.0020069737346224414,-0.002290728861726876,0.0017723156268898421,0.0013522688120408688,-0.004385359062643701,0.0007881961194202702
2025-09-26 17:30:00,0.015374500222350207,0.003264682510206285,0.00013644657569678031,0.0007848250326043527,-0.0009532285014373088,-0.002176565323415147,0.0004414289824197226,0.0009338454734724166,0.00015109470355056942,-0.00017252080581364737,0.0015500228304521357,-0.0009008708540099164
2025-09-26 18:30:00,-0.0008871240323147234,-0.00027742527372698333,-0.0035532579702231004,0.003514417905086553,0.00036326490811866563,-0.002289096727851714,-0.0015614621304678167,-0.004934031323445609,-0.00018891807376686387,-0.0014388906164741755,-0.002843496977222415,2.3636103366975192e-05
2025-09-26 19:30:00,0.0022956440660557575,0.0028381045130458915,-0.0007239121616740007,-0.0002091366600565081,-0.0021360301387689518,0.002961383756696634,-0.002212358915484991,-0.0002558640347807284,0.00019648143327444245,-0.0014697446257114777,-0.0035008693449229966,0.0015523127914010004
2025-09-29 13:30:00,0.007634203956922825,0.02868282602268213,-0.004866249381812793,0.008151608522473985,0.007388905890807429,0.004260696913827466,-0.002153784796699476,-0.022384659309495625,0.004568499708564211,0.015681153582371543,-0.025654198644608606,0.006837832007318134
2025-09-29 14:30:00,-0.0034534913018458013,-0.005742444330860685,-0.0029541408654694123,-0.005375732450575654,-0.0034100396181662163,-0.0010466685456265168,-0.002031406314632278,0.0016124956719396621,-0.0018519762764590553,0.0006812384979655306,-0.004742080825616668,0.0016743114261110748
2025-09-29 15:30:00,-0.0008702293692488539,-0.0016192901805327509,0.0007493244275327271,0.004454339773035443,0.0030992753129517325,0.0012251450696787458,0.00047654786378714675,-0.004801642300214404,-9.051785047642369e-05,0.0004537859127751176,0.00020081521237624855,-0.0004462146911343723
2025-09-29 16:30:00,-0.00027228339633911247,-0.0006968341623023733,-0.001025558275809857,-0.0005823761763616986,0.0018446306058548245,-0.004217365373131443,-0.0025661109458079423,-0.0026287732030292332,-0.001372477710389397,-0.0013053849081750002,-0.003016573174377868,0.00011159361956547542
2025-09-29 17:30:00,0.0031302351796771433,-0.0010626211802318153,0.004606632257806886,-0.00015539712560741492,-0.0011505235179853912,-0.00039656578166891165,0.0029471082913810065,0.0006140054942109785,0.0013574826005893215,0.000965021491635909,0.005289834816398553,0.0007237367935717387
2025-09-29 18:30:00,-0.005419184189718429,-0.004495270551370112,-0.0022809582661036387,-0.0002719734464458057,0.0010152445899693774,-0.0012913637585718618,9.522665962258259e-05,-0.002853986100496364,-0.0012291674015427745,-0.0010359991543715807,-0.005075036260408616,-0.000850993672138145
2025-09-29 19:30:00,0.005565857797821039,0.005100450918662958,0.0014163774730411305,-0.0001165657548085619,0.0019372972301523461,0.0007400615095525254,0.0021878107559540894,0.004431137951915076,0.001440090214463119,0.0008232564731143199,0.0011941226353604506,-4.009565581064578e-05
2025-09-30 13:30:00,-0.010319045194121301,0.01593165575021782,0.0021058755816509844,-0.0031628912832832867,-0.01478214317287918,-0.019360597776419297,-0.005414871633144358,-0.013663247999423866,-0.0011200648233575805,0.003950297550050941,-0.01207318177001504,0.0027856722270307444
2025-09-30 14:30:00,-0.0015627888240317134,0.008462565801403699,-0.002617132178666104,0.00310466260787301,-0.0007540576627746987,0.004686011513742372,-0.008587030291625553,8.876979192162793e-05,-0.0009465585751060601,-0.0022384702337649998,0.00020354025523960928,-0.003176327199792439
2025-09-30 15:30:00,-0.007068685827007037,0.002279054242269929,0.0012386864982261159,0.002357979002698407,0.0026708078100350363,0.0021543737579872158,0.007312453841295863,0.0007993179218708235,0.0017728094493865143,0.0022666749480686477,0.006491818387985404,-0.0001674459522282845
2025-09-30 16:30:00,0.005892094282716975,-0.00596199321343871,-0.0031483074527951516,-0.0017558140004263478,-0.0003192381285384016,-0.007986185653054534,-0.002026794739675708,-0.0027536689152425353,-0.001923788922088221,0.0004806516259083793,-0.004323158487389733,-0.00042657727848727234
2025-09-30 17:30:00,0.013464523452346278,0.003482181818705854,-0.0015579721135408064,0.003862696539234989,-4.788059138149947e-05,0.0036317913745067543,0.0031262338836590686,-0.004232655518409345,0.0026394989526865587,0.0001977468417591055,-0.003662320513221573,-0.0018647790637080774
2025-09-30 18:30:00,0.001464890742328251,-0.0020555937400192903,0.0024049396299217207,0.00012962930405446826,0.001582810983117966,0.0032778291763237988,0.004734420141577544,0.003120531014734418,0.0022418519592557473,0.0018623659076428822,0.0029850935302331294,-0.0007275606811152358
2025-09-30 19:30:00,0.001125391170529788,0.0035977924400372174,0.0023991697686920332,0.001797139815768567,-0.00016761302278389678,0.0016620631431951693,-0.0003170670176286805,0.00355446703304807,0.0010815672969357593,0.001999554172325446,-0.0005420913142506478,0.0007835640693345525
2025-10-01 13:30:00,0.02472883390758618,0.000509096492301353,0.006271188732896782,-0.010334152359860127,-0.0005922908927544768,-0.026343773686090977,-0.008678389826692445,-0.005960855371013096,-0.000841077136107593,0.003482718704422183,-0.009944850569491237,-0.0008396113582245235
2025-10-01 14:30:00,-0.0017901817900884964,-0.000509096492301353,-0.0024894262988297555,0.0036704266994025403,-0.0008721819302204281,-0.00022368637455105755,-0.0021178309269016538,0.00022300548035136813,0.0011712643187751226,-0.00415815774398709,0.001231392904015749,-0.0017933763977220352
2025-10-01 15:30:00,0.002974500094179433,0.00024117036685034066,0.0024839461117318606,0.0031048822628525485,0.008680116976176322,0.003509567175805195,0.0003730198158438114,-0.0013390520886842339,0.0009150490208904571,0.0029798671407839095,0.0028674709845324386,0.0004318125600129008
2025-10-01 16:30:00,0.004941650375699602,0.005158087677632928,-7.648748504074376e-05,0.005053937872514069,0.0017619530679962025,0.004510092986726555,-0.00228783991526349,-0.0016540846279244903,0.0015731454217151608,5.6107937981053624e-05,-0.005057698203499328,0.00013902004918175948
2025-10-01 17:30:00,0.0019391237130141903,-0.0004564767414860782,0.0013443501968621874,0.00015424535666497263,0.0018940859224487738,-0.00325018104107766,-0.0012108439222711098,0.0016987258800948979,0.0011970150208693298,-0.0021073639717146264,-0.0010983281964618286,0.0005504151685462588
2025-10-01 18:30:00,0.001816343437384127,-0.0016062405069181551,-0.00212707470797735,-0.00011565237215815927,-0.00490028506593454,0.0007231287724920321,0.001118711673223416,0.004114104190298562,0.0005306552037307455,0.0004640252838434833,0.003972077451366296,-0.00016810276573764327
2025-10-01 19:30:00,-0.001576674652119081,-7.214586380488441e-05,-0.0020729401105228362,0.0016468142786809636,-0.0012457961526637362,-0.0027424903157386993,-0.0020837681646526107,-0.0038014668169150667,-0.0009344921715470633,0.0008290795278425023,-0.0009569991076432416,0.0006162671903426897
2025-10-02 13:30:00,-0.01032583656598618,0.01555876202217732,0.003166701075389966,-0.005151547011009505,0.000408293283065575,0.0063644305958501235,-0.008111371869765627,0.008091816820170017,0.0003160363842420466,-0.0013493311175176714,-0.011556105808627315,0.0018084807978118178
2025-10-02 14:30:00,-0.009824939151187984,-0.0013154466214286842,0.003681122946798787,-0.01049167439193699,-0.0007256932514714265,-0.0027880927943257916,-0.002859481665104191,-0.00844909544572392,-0.0015584190260042874,-0.0072535442201129285,-0.005271894339293759,0.0009879415584430618
2025-10-02 15:30:00,-0.006507837053517207,-0.003403055581361336,0.0006996663999059294,0.004534809899995551,0.007949070980837192,0.001124520332177248,-0.001432812927573579,-0.004117802546991456,0.0007020961233434875,0.0005478906520375304,-0.007820142545567066,0.0011721217970510622
2025-10-02 16:30:00,-0.003342723512480994,-0.0004795478580827961,0.00025255681298919086,0.0036907336295719517,0.0008094610424604909,0.0053415178387741236,0.000241132094969565,-0.0014362988099145824,0.0005550772771165668,0.0016577485259228197,0.0026600619681298454,0.0001673338747076869
2025-10-02 17:30:00,-0.01046430584581337,-0.0012920108621701232,0.0018242207038658975,0.0031360636930619634,-0.0022500234371136685,0.0019013438883019873,0.002914834260865362,0.0012120045052794737,0.0015994883734684606,0.0007633598361573846,-0.0018892907616026022,-0.0004462291413824815
2025-10-02 18:30:00,0.003465018103939954,0.00163937327896857,-0.0014357871523813515,-0.0006554183707159211,-0.00024784768817376346,-0.001059839646111449,-0.0002598654058569849,-0.00031322009855649924,-0.00015688900709331932,0.002567219542911836,0.0009100684974150397,-0.00044651353348701406
2025-10-02 19:30:00,-0.015499593496950403,-0.0014017240503712003,-0.0014378516015938203,-0.0027715679123589965,0.0022281464431301856,0.002589111917689735,-0.0006826542121718404,-0.000988638751246107,-0.0004854999395016435,-0.0003522838453395849,0.0013986869904805133,-0.00027918288794559487
2025-10-03 13:30:00,-0.018146537256836126,0.00012542564882078722,0.002757303544886902,0.005232532908267196,0.0048441530424145895,-0.011829364821015709,0.008547384864039387,0.016353769938711515,0.0033317434546678015,0.006280142044766457,0.008212118360178877,-0.0019597098683199476
2025-10-03 14:30:00,0.00626348727521453,0.002802262610152262,0.002556371528601886,0.002533858991953686,-0.00405178665585737,0.0018215540317587653,-0.0030996487129453243,0.0003949947029768808,0.0005779269252812469,0.0022663306558570184,0.00166208826786729,0.0012882272764072056
2025-10-03 15:30:00,-0.006707167978550643,-0.004091836178302444,0.0001496785101995357,0.0009906271615722773,-0.0018265963150634335,0.0,0.004726375034995733,0.0007947749560015538,0.0010247057206314025,-0.0013563464780528278,-0.0029798569131394004,-0.0011181773383404092
2025-10-03 16:30:00,-0.01650479681894268,-0.008102093556887624,-0.0009236896327653454,-0.0040262563172808186,-0.008089610502240774,-0.006942411932862491,9.654912513923364e-05,0.002556765047009968,-0.003172508891721826,0.0003217567536477617,0.001872105073158714,0.0006722335960178683
2025-10-03 17:30:00,0.007826786774994154,0.0015881418844001516,0.00023224262488952263,0.0006078634822888063,-0.0008029682480472644,-0.0007557539256746182,-0.0007353046259837015,-0.00030819253186376017,0.0002834059551606316,0.00010543649802130517,-0.005139295318537407,-0.0010068121754809312
2025-10-03 18:30:00,0.009203446828027317,-0.0008004757847492883,-0.0017431358188053636,-0.0012547645876157532,-0.0025603905468090105,-0.0002730420710692627,-0.0010846864785767352,-0.0006168046382226677,-0.001343179876039713,0.00056575223959765,-0.0001391895663198639,-0.0002798547830709097
2025-10-03 19:30:00,0.003904382634734027,0.0015789223578490663,0.00036826816016333197,-0.0007149181256256298,-0.0007286442165188589,-0.005187752647667132,-0.00048371864540897036,-0.0018524977987306457,-0.0006273926616495729,-0.00013976539743776328,-0.0013938135150644015,5.602846657470906e-05
2025-10-06 13:30:00,0.030290573422562694,-0.01136910026948712,-0.0009112762988623402,0.010268977913424848,-0.0052990103561461055,-0.013429078547135376,-0.005985446030874364,0.00699508624084455,0.0019631083287992013,0.015812529192389846,0.014675677967174394,-0.0037628370574198655
2025-10-06 14:30:00,0.00677229547325453,0.0025299205501267963,-0.0008875794891674005,0.0020108793468933683,0.0035606999797010985,0.0037826865052439373,0.006855971194919874,0.0045490117534061625,0.0009465996274080624,0.00044003229740852134,0.0006868918655467127,-0.002301636840854826
2025-10-06 15:30:00,0.004317325618305112,0.005149373445011207,-0.0016371111834549978,-0.0006152697122363548,0.0022620705499107885,0.003136055635060586,-0.0032604654354901896,0.0010468704215611524,0.0009987624466623046,0.0006300678355968259,0.0035646067512162816,-0.000900312101075329
2025-10-06 16:30:00,0.001805309798410093,-0.004181900334568667,-0.002219266699594158,0.002761667422966241,0.002887427184795399,0.003910079819764434,-0.0013913146699939816,-0.005464374914954995,0.0003561608622133505,-0.00016220011527234846,-0.0037706352549298217,0.00022882985362038255
2025-10-06 17:30:00,0.0012147034618967822,-0.0030123558501014003,-0.0014627156595636848,0.009627405565729497,0.004213742525612574,0.009208380186013443,-0.0007773718758476988,-0.00013150726001232016,0.0002677864739890623,0.0015798482410893655,0.0004807369996013833,-0.00011608526449968792
2025-10-06 18:30:00,0.006068021280018598,0.001184713247443625,0.0012678580673703976,-0.0022385802170088454,-0.0022179730867719627,-0.00549665258794807,-0.001005033562957891,-0.0003920156388099727,-0.0007217071110767748,0.0014952052869583454,0.00041181658615130345,-0.0007893070685502934
2025-10-06 19:30:00,0.002805212595223594,-0.001508045646160916,0.000545576948058013,-0.0004539766794922073,0.0009059345131650076,0.00637724261453787,0.002882681734830861,0.001793891196684605,-0.000260527405443689,-0.0011246073064627993,0.000274415307877085,0.0002819853421582863
2025-10-07 13:30:00,-0.013294904090284554,0.013305724276541753,0.00011687912304303438,-0.004161768651052,0.002653982962825374,-0.005337302350827855,-0.004375968957403664,-0.016499932007858042,-0.0004617009429894736,0.004654770469431746,-0.008128395588488324,0.003826852925327806
2025-10-07 14:30:00,-0.008513436934466156,-0.01487000046892284,-0.0011733345021331942,-0.0029261251455059423,-0.0009802888028627166,-0.0010399402637100152,-0.003807686423479062,0.011760578551623269,-0.0029540534513987637,0.0017195164137451258,0.005655522885208875,0.0009544293511991597
2025-10-07 15:30:00,-0.0011447029454059177,0.0012408392160105919,-0.00015832651054559221,-0.002847464778406028,-0.0008138573102538516,-0.003098174831559497,-0.0014332605280911181,-0.0020254132847243866,-0.0013305829346990095,-0.003907332295995936,-0.0033066697300645487,0.002018167608952126
2025-10-07 16:30:00,0.012509624559508659,0.0023684878662093567,-0.001750821082976195,-0.0016931244693489944,0.0004973899551385941,-0.0012136915876199694,0.0031923490399066168,0.0010572258005669966,0.0008822644884727282,0.0028431867044051984,0.0006898400126882365,0.000503884784567532
2025-10-07 17:30:00,-0.011483468224542825,-7.961718093785208e-05,0.00070273424561762,-0.00011438691169196602,-0.00020346662629400214,-0.000262399226927279,-0.00019532361937013576,-0.0007928145451128188,-0.0005388865639153195,-0.00010922642085464673,0.0042661257117782014,-0.0004478280797775014
2025-10-07 18:30:00,-0.02029208115378811,-0.001661998199898207,-0.00019487298187126356,0.0027339902211611644,0.0002939059451767534,0.0017581556948682575,0.001171369855995863,0.003299389271793629,-8.909711490989736e-05,5.4656359401938914e-05,0.00424800316886742,-0.0013381858883940723
2025-10-07 19:30:00,-0.004030070064371394,-0.003380401185208548,0.0018341159059920287,0.00036257009464257806,0.0027088328235125303,0.0052315967715870215,0.0006339691591401575,0.0036386871599107806,0.0008372543712287239,0.0,0.001229982638475846,0.0001614468447046491
2025-10-08 13:30:00,0.003873544095084114,0.021845450488716445,0.00524958388218888,0.002230546742977957,0.006224924333516846,0.0006380406728370147,-0.001789143388659653,-0.001271617142039716,0.00411629002180991,0.01600598429200417,0.005507831195243895,0.0033583715165983463
2025-10-08 14:30:00,-0.0013125093877368599,-0.004107946841865662,0.0007754214746062971,-0.00020946198684423933,0.003555730070522678,0.005668142832946366,0.00043946704798791814,0.007031263327290205,0.0009743398747037446,-2.6893873987354766e-05,0.005358826047247689,0.0005027587907120434
2025-10-08 15:30:00,-0.00018531099897778347,-0.00045161687265959927,0.0006198809112083481,-0.0016870587544381976,0.0046769781456728055,-0.0016709867147781665,0.0009757922906645788,-0.0019039817644994628,0.00014129170130772195,0.0027903978991909995,-0.004196818825767501,-0.0006134371742794187
2025-10-08 16:30:00,0.004146540214700956,-0.00018602395740607847,-0.0010657280313610684,0.000276523575338139,0.003755526167652512,0.0016777926692732592,-0.0011060030102294505,0.0017734529719923842,0.0003790386417117375,-0.0015823631668601124,0.003926630423639388,-0.0016790721990815882
2025-10-08 17:30:00,0.005875429124789555,0.0014467335298951056,-3.8691253562816996e-05,0.0005339688946843779,0.0032412335475511256,0.0005645627569839107,-0.0038336578645763453,-0.0042298165478253935,-0.00014123815266042783,-0.0001875585767718846,-0.003112993813363829,-0.0016246580882226525
2025-10-08 18:30:00,-0.0007646417825366569,0.0008891089761942084,0.001298001594705056,-0.0008382072587638234,-0.005353906413155585,0.0017398206851924058,-0.004878109161528421,-0.002143487037621128,0.00014123815266042783,-0.0009667711210594732,-0.002316631176863204,0.0007219116835113226
2025-10-08 19:30:00,0.0015173579371845491,0.002542028492060311,-0.0008522554991072795,0.001467128696710951,-0.000887691812866187,-0.0017537650670051974,-0.0017252809013577064,-0.001095410311370948,0.00021540192790414636,0.00024175992488295606,-0.0006699796742086761,6.668475704962873e-06
2025-10-09 13:30:00,-0.013811288305753955,0.024115759872181286,-0.0121260892374071,-0.004850837460683266,-0.012871064335476134,0.0015937566256880586,0.00026313621384765895,0.0012267736053015454,-0.0027003657864321795,-0.010123593576992995,-0.0010883122925609001,-0.00022410224423019542
2025-10-09 14:30:00,-0.007422586480029025,0.0003871359842797517,-0.001098982686315253,-0.004980162776057284,0.004756560592715786,0.006667797208622872,0.0,-0.003684912048458777,-0.0007078755035117013,0.00233079372443612,-0.00204375743791374,-4.258595972395085e-05
2025-10-09 15:30:00,0.005747452613364068,0.0006449200060636429,-0.002555862784662466,-0.0004811022973107981,0.0033518834699934885,0.0038268821469360503,0.0017575827266407273,0.0010103490243036362,0.00032052537685878235,-0.0008395216657914872,-0.005470494109257373,-0.00040696695824049556
2025-10-09 16:30:00,-0.004758182834081026,-0.00633769991934674,-0.0023256739917032476,-0.0011267270397974372,-0.0009820606829249456,-0.0007712171759362008,0.0011317546140698909,-0.004620585302999025,-0.0022324360955652267,-0.013446798122182635,-0.008123918523526896,-0.0003353290390899488
2025-10-09 17:30:00,0.003877940076000286,-0.0005975884083602168,0.000138126462281285,0.0012229425230811941,0.010131163074976968,0.0041237171838623965,-6.523756381238144e-05,-0.002119374338099611,0.0005244519214944177,0.0011251408240999794,0.0038636556215685403,-0.0008977874074780345
2025-10-09 18:30:00,0.009009534588196644,0.0010122757907380375,0.0013603748958503914,0.0037557343475880245,0.0024286459826639017,0.003956517450991903,0.0010155023483475745,-0.0013712226251776372,0.001029600909570938,0.003696068989408552,-0.0031726816091470766,0.0014584313558998474
2025-10-09 19:30:00,0.00033295789735809933,-0.001038269443691675,0.0009846203162577893,0.0013795715692825894,0.00440064068662771,0.0022109946091752875,0.0008185316328068737,-0.00035409523802520937,0.0010136285724318128,-0.0013125339343496023,0.0016565816717317716,0.0
2025-10-10 13:30:00,0.0034838996412354106,0.013968224551448749,0.003891958245256788,-0.0017247620446338985,-0.005299451610266459,-0.0017329283289466701,0.012925453197866865,-0.009833475695981697,0.0020539461777921986,0.0030327077157270566,-0.026131617326702994,0.00874198167973006
2025-10-10 14:30:00,-0.028923588307173453,-0.03341648024022259,-0.0234096352347537,-0.009220716916849447,-0.02804481006650228,-0.02574368815678696,-0.012140224795591514,0.0020101271036478963,-0.015176214761550177,0.00847553470482243,-0.00881682503160075,0.003680599563482545
2025-10-10 15:30:00,-0.007541501902620595,0.001684685019854193,-0.0020492825013276317,-0.0016759401904211657,-0.000505818447187778,0.0036856030860876743,-0.006693625137430992,-0.0015183833779577327,-0.001314182273522313,-0.0071941614926522846,-0.005156821377277687,-0.00170997582134369
2025-10-10 16:30:00,-0.004375949611753249,-0.005247634637910892,-0.0032230923301481695,-0.00228107664583721,-0.005191502024047168,-0.005761633006393652,6.580528720245837e-05,-0.0044792908040456325,-0.00270931861000534,-0.0008994768908809903,-0.0012196957358829863,0.0025411215308244195
2025-10-10 17:30:00,-0.0014453846897195533,-0.0023411867439993017,-0.002626398644435035,0.0010780901386322483,-0.001873746212520011,-0.0019010391606881782,-0.0005268651340628594,0.002734755955679624,-0.0010312595060799623,0.0049780077633583275,-7.194800092946707e-05,0.0021538939950174196
2025-10-10 18:30:00,-0.011194920265924502,-0.00705662792169548,-0.004033899483683712,-0.003910035339682594,-0.003698367217149112,-0.0018693873880915035,-0.004605262315999781,-0.004488021562911726,-0.004729700978548301,0.0004069231298888809,-0.0018705992276073502,0.0008827788827607819
2025-10-10 19:30:00,-0.002392540336626503,-0.017643985160426645,-0.003601605379120798,-0.0033189781455815748,-0.007479595817247109,-0.005710635537494291,-0.003995153260659912,-0.0038742112584966293,-0.004399984085090125,0.001219859487738617,-0.00021605948467584568,-0.0006068162339047944
2025-10-13 13:30:00,0.024060976087673325,0.028794099879083213,0.004458442908173765,0.0072290134852641685,0.01801606405908185,0.01578007485963795,0.02129901540217105,0.00867554362538403,0.011781302306870245,0.020618740539628533,0.019473461994923724,-0.007199472055932077
2025-10-13 14:30:00,0.005793824343582443,-0.0011413566566380595,0.008947312845867472,-0.0043388699264088615,0.00022714721188155096,-0.0039007662738690385,0.0019169112880241812,-0.0015676733811584853,0.0028256857398103463,-0.00034506478326168377,-0.006093695800298171,0.001721491825098731
2025-10-13 15:30:00,0.0020292675585595887,0.0008324741195382401,0.0023693315766610823,0.0018508584318039922,4.539552969884397e-05,0.0003361302042064196,-0.0011042070255644632,-0.0012559379789900404,0.001161233349860069,0.004000613997503066,0.00014216667347533019,0.00011098686594834817
2025-10-13 16:30:00,0.005418721314772945,0.0006271382009046533,-0.00030420553823162777,-0.001129655536005636,-0.0005451597829573274,-0.0013522173675006854,0.0008120443105514852,0.0047463374371838896,-0.0005578054301818014,0.0007664381466740977,0.00204740781401469,0.0014413713039553855
2025-10-13 17:30:00,0.016051104588060028,-0.0033202765870044004,0.0001685585716542093,0.0018299382130457786,0.0021562323420507568,0.0025565537556486717,0.0029179906807028644,0.0016514325439072053,0.0012358257050797405,-0.001957025494837339,-0.0040391482338009155,0.001328713569860085
2025-10-13 18:30:00,-0.006328042569235137,-0.0006515678388172574,-0.0033215840209193104,-0.00023341265432819114,-0.0018382094585698283,-0.00046938117049943884,-0.0010203086977655929,-0.0020079843819358345,-0.0016894214719433975,-7.965990878577855e-05,0.0034119717952494355,0.0016583920286601384
2025-10-13 19:30:00,0.006213301936669247,0.002751286940428699,-0.0029441290082559135,-0.0001168455132658508,-0.0005452836566934849,0.0011971394537537705,-0.0020599984593969722,0.0030332401497252803,0.00034801756016911156,0.0010586513997266067,-0.00028384163213779345,0.0004969565097665551
2025-10-14 13:30:00,-0.02579440405046718,-0.03202287510639312,-0.0023048151757985025,-0.0064020837167309,-0.016383465149760745,-0.007833756850532225,-0.020803310359038818,0.001246655422757037,-0.004928814443969642,0.005959173246394833,-0.023702919440437675,-0.0009720681627749528
2025-10-14 14:30:00,-0.0020972640031047263,-0.004588692628177071,-0.0032682274900954766,-2.2708122935810593e-05,0.000323348731107842,0.0013964145788714077,0.0009941601248604215,-0.002227271568723488,-0.00017429827641457507,0.001108553822190217,-0.0004361872643681153,0.0004198228257621395
2025-10-14 15:30:00,0.015768693009405865,0.01033632391385364,0.004764941486645746,0.0037605989980695753,0.008302847601839858,0.002781341984005259,0.0051704540340544725,0.003827843674031328,0.0059850432640358164,-0.0011842930418231035,0.007245358235342891,0.000993805289655647
2025-10-14 16:30:00,0.0036892610566763295,-0.001152499460158829,0.0016478785841078647,0.002781038354862986,0.002836080376132699,0.0016539020532224669,0.00768134943675669,0.0005773083165907522,0.0025808670393514532,0.003356538960301414,0.003171419870094283,0.0002206647912519344
2025-10-14 17:30:00,0.0030279704124183127,-0.005719770010037095,-0.0012639383088055567,0.0010304753007099876,-0.006231694578682223,-0.003985195065454583,-0.006709671893899483,0.0013754136922123905,-0.0003457131331101593,-0.00039311212091774905,-0.00273838083573974,0.0012129969322431933
2025-10-14 18:30:00,-0.002667604744313934,-0.001538620457315787,0.003770878167512315,-0.0020231467683178295,-0.00034477789332498787,0.00043577847442044515,-0.0011529098425286932,-0.0018639253599168626,-0.000496299904929387,0.0010479824061455645,0.00043285159271544416,0.0010464131181997516
2025-10-14 19:30:00,-0.007346565529909199,-0.010110843800448244,-0.0022971056528184874,0.00036993163341492163,-0.004816501385310978,-0.003872453317173452,-0.004691166323888218,-0.0023125021968679604,-0.003903524710946904,-0.002044612020744019,-0.0044820078570992905,0.0002752032370585411
2025-10-15 13:30:00,0.02350826319713395,0.0126913567822724,0.012031426169170523,0.004254048902852858,-0.0011094929646944252,0.017350708458358177,0.03222464219118404,0.007982249890646997,0.01112778792960345,0.015448661642793127,0.0059235314692820396,0.0028003773656548603
2025-10-15 14:30:00,-0.004813166438323968,-0.0036200606162761773,-0.003954839300716273,-2.9104218303821483e-05,-0.0035214312541391735,-0.0026449734111473333,-0.003131118746773076,-0.009274306574174496,-0.002841451031666331,-0.0010940904591638656,-0.006503338914923162,0.0008250243039080729
2025-10-15 15:30:00,-0.005801900979757413,-0.00563303397163839,-0.00033984777785445175,-0.0033272442821958848,-9.236158376690895e-05,-0.002296661710384562,-0.004418184002440206,-0.007428008441201506,-0.003180074741097272,-0.0010221953415676666,-0.0027586578860621103,-0.005277674184365644
2025-10-15 16:30:00,-0.014163749378474755,-0.013989732863289639,-0.0067668897221198065,-0.006088641030157049,-0.008414743197008079,-0.0073708448414011585,-0.007114596636560222,0.0001347260694180008,-0.007131910753497728,-0.0020086545367616893,0.0007267357566567156,-0.0020415220263600986
2025-10-15 17:30:00,0.007772649658365438,0.00902255939728569,0.006254334303219089,0.004139134945115863,0.005532021787392871,0.005627457056107232,-0.0028589370991083385,0.003765184199019167,0.005208379411228314,0.002215815839834434,-0.0004359337165977806,0.0003313317789706005
2025-10-15 18:30:00,0.006510692280190966,0.002028571694255632,0.0010929265606316463,0.0021218521402026624,0.0017721564502855003,0.00043264026526568244,0.0008396056646171601,0.0015645898057643493,0.0015778511828532515,0.003011234564640475,0.005363426844447794,0.0005773773123092241
2025-10-15 19:30:00,0.0007770032144511774,-0.0016110246847720333,-0.0019625739838886602,-0.001011711236587054,0.0020844652745433123,0.0015337295147732632,-0.002873205862977457,-0.002638920667935807,-0.00042086567652432905,5.166730634975636e-05,-0.0024896815480879297,0.0005262978135336382
2025-10-16 13:30:00,0.001354803098402968,0.014022580181539013,-0.007727322301647632,0.0022165913954941274,0.008979606082366587,0.002990988219729651,-0.004046186049970757,0.0019686916488490525,0.002777722031919616,0.012209609534449939,-0.0017117143480112063,-0.0006068832053989226
2025-10-16 14:30:00,-0.00045929073556738587,-0.0004858796908733254,0.0029249175585599474,-0.001165833423817375,-0.0037528792935779265,-0.0011189492630920839,0.009560618266847953,-0.0019686916488490525,-0.0016732240580079605,0.0020375371550720445,-0.0026166654377988152,0.0019297379028575534
2025-10-16 15:30:00,-0.01363750675792108,-0.007467418919105739,-0.0020767996001680444,-0.003965023183366334,-0.005829815811962291,-0.008343383979907415,-0.009161851823153988,-0.0016136292735451363,-0.005036628249510677,0.004062584442979578,-0.0007280003658793888,0.001816041133344548
2025-10-16 16:30:00,0.0031833357851889232,0.007514619928547184,-0.0020204476002163574,-0.0011720129730665718,0.00013919578419230305,-0.0016841098306361602,-0.0027817551046949163,-0.0019307730218276475,0.0015596954805658925,0.0,-0.012460489875756764,0.003348251298750604
2025-10-16 17:30:00,-0.01748169777777253,-0.010974304328579265,-0.006330152379222298,-0.005576015673062429,-0.01096326042397422,-0.009190907993988695,-0.01390098782979976,-0.004098475109398869,-0.00774504364007278,-0.0008872932102690356,0.00014897612696351814,0.0010953336102330624
2025-10-16 18:30:00,0.004122940086295657,0.0024645624061978566,0.003616344029805596,0.0013552181832308108,0.00416625364923906,0.004417944676813335,-0.00812470530056597,-0.0018068898232312947,0.0007970324240318405,0.00215346872307709,-0.0005162227934993879,0.0012035078970731306
2025-10-16 19:30:00,0.007623758177538242,0.005659211306006107,0.0035628590732992294,0.004035102244781541,0.0018667755853298829,0.004927436040017774,0.004397226161213297,0.0005424443142203472,0.0026675318933042647,0.0031079365861046426,0.0006637142990832956,-0.0011488019289016549
2025-10-17 13:30:00,0.024363358327278206,0.008047320007652736,0.008572101337747995,-0.0005866011051054443,-0.0023807610964645676,0.002468665881329102,-0.004094519055123591,0.011948233611523307,0.0024792748381976537,-0.015560546747334314,-0.0007375625838950128,-0.004388394710466592
2025-10-17 14:30:00,-0.013552498115497968,-0.013225465780952739,-0.0043374432530365326,-0.002928479642039683,-0.011138690461501177,-0.0068311849865700935,-0.00448293418339496,0.0024973146446427563,-0.004373085723759829,0.0016386685604405926,-0.0008857036375555793,0.0021417367442966295
2025-10-17 15:30:00,0.012675407713333087,0.009672709236072663,0.007283847065584936,0.007378279587151759,0.006923382143654067,0.005246891695342093,0.0027662782693758103,0.0016910227231621278,0.005580231987479145,-0.007884894615896698,0.002360285207692492,-0.000329186661603309
2025-10-17 16:30:00,-0.005049515462212106,-0.0014795162478415946,0.0020694360450583815,-0.003413664489953838,-0.0032607480113027165,-0.0011793659227423703,6.733708706718744e-05,-0.003117334800177396,-0.002899621344242931,-0.0030731573612508,-0.0036903132863104204,0.00038409637239045225
2025-10-17 17:30:00,0.0067346749286807395,0.007266808756677179,0.0059032424261280525,0.006233184219782473,0.006189899865559845,0.006259823954326116,0.0026997170028613127,0.0024057058957689392,0.005189256674171361,0.010152101978101236,0.004426677146466496,0.00010972668483244519
2025-10-17 18:30:00,-0.0002503461543428287,0.00010889641797628968,0.001821532429764794,0.00044660015566933,-0.0019909037465630774,0.0011789042921588333,0.0004282539420632503,-0.0003560384079666079,0.0007520154311926319,-0.006821110545139675,0.001765265939282834,-5.490368589189387e-05
2025-10-17 19:30:00,-0.0002959128826285351,-0.002561664870338376,-0.001821532429764794,-0.003305104794539382,-0.0009851585619120584,-0.0006904492502100013,-0.00057108020123664,-0.0009797427535573888,-0.0012185454908175686,0.002214460382340633,-0.001029331665397315,0.0002742372683366412
2025-10-20 13:30:00,0.014038144009362874,0.009256278875474422,0.028157121316165323,0.005767005432364414,0.010644849351938213,0.02079610700822343,0.008064976992224082,0.0014692544043422018,0.00890920630685521,0.023719743711451358,-0.011541986050071174,0.0029021171870233786
2025-10-20 14:30:00,-0.005514685448200218,-0.006286461800802279,0.011741751984528648,0.0014750387744957294,-0.0031629773861627797,-0.002462937668053833,0.0049538469344661,-0.001825768804333272,0.000976700924895546,0.004381077704182168,0.0031205772894988826,-0.00043752711511313436
2025-10-20 15:30:00,0.002547174384932127,0.00013598605225784155,0.003497638491076316,-0.0013007454551789976,0.00107098926253002,0.0016426600945509406,0.0007625474552437339,0.0028929138877131777,-0.0001639455828073011,-3.7245175838585e-05,-0.0004451848162245753,5.4753524020512145e-05
2025-10-20 16:30:00,-0.002047960641359481,3.2623939739906405e-05,-0.0012341351794038502,0.0019243046890906612,0.0038551886327651275,0.001189224767200514,0.0026193084654586585,-0.0012540533513085705,0.001191768446603625,-0.000763297296446197,-0.0013368582201227497,5.466706734935656e-05
2025-10-20 17:30:00,0.002748816759854833,-0.0009900666510365141,0.0021446498335508934,0.00014492241811847606,4.63319966339526e-05,0.0015698387620046717,0.0034269545243246213,5.343502511045983e-05,0.0003445533393469091,0.0037223276943940675,0.00828893998101421,0.0008200645465761269
2025-10-20 18:30:00,0.0047104571038154575,-0.003703260404628317,-0.001176126643160913,-0.002504958274712976,0.002939281228878876,-0.0001773394343853596,-0.004159039699481504,0.0009784355449520277,-0.00019552308529391382,0.002042665415389777,-0.0011061090409860697,0.0002732332603985199
2025-10-20 19:30:00,0.0017451202916003439,-0.0021081977647847694,-0.004527744389242194,0.0009389434085900206,0.0005314179942530473,-0.0008598343220427296,0.00019843743204717157,0.0019539360600635547,-0.000670174632700693,0.002857662099413183,0.000516411496431779,0.00038241785233861236
2025-10-21 13:30:00,-0.005828973091374756,-0.013149613926159098,0.004830997376372714,-0.003828763699210036,0.023963354706314277,0.0005527879041977712,-0.0026644232499695164,0.002392913577255129,-0.0009837602136189005,-0.05713507268637752,-0.0035461841547874684,0.005500923369467614
2025-10-21 14:30:00,0.0034550847767471637,0.009527992088982806,0.0006149111452664613,0.0023183666705568484,0.0011269130477638,-0.003396701530254731,-0.001181528821316391,-0.003102963329867592,0.0019367586361296318,-0.0027113839630574788,0.007961134946282478,0.0
2025-10-21 15:30:00,0.004472952159867205,0.0031833276963419976,-0.0018676694630439528,-0.0006203015067614004,0.004517441820389934,0.004678642698155322,-0.005206759803593641,0.002040145527721471,0.0010858523418129096,-0.0018969798588903686,0.0038106764268581728,-0.0010477204623855485
2025-10-21 16:30:00,-0.0057987752455996855,-0.005549975848462729,0.0005944736156564545,-0.0029515497911249966,-0.006433964068480513,-0.001434125228109373,-0.004037738136617008,0.0003543981246085792,-0.0015176155068026276,-0.004815353164801195,0.0,0.00045006968711014395
2025-10-21 17:30:00,-0.00018194513366953657,-0.001378512009479138,0.00046844380710009403,0.00350407815479592,0.0046802070062232914,0.00041826309491277414,0.0013142301646924537,-0.0011522026760077964,0.0009971708897760223,0.004525012624890579,-0.004030956046169543,-5.431944720868387e-05
2025-10-21 18:30:00,-0.000778828030671086,0.0005792671027675667,-0.0013860382391186477,0.002284130358230385,-0.0005585875191149725,0.0012203079912307402,-0.0018588832676362799,-4.438625215108516e-05,-0.0005579589020587861,-0.0029084552481730697,0.0018342571147309528,-0.00016305899371182875
2025-10-21 19:30:00,-0.006217729941218053,-0.00107597676942639,-0.0009316733016895284,0.0010531733139087507,-0.001934837964427949,-0.000866977867826968,-0.0041152872027252485,-0.0003991588075633601,-0.0009753592616137396,0.000582368172255876,0.0010990085157231988,0.000326091403522355
2025-10-22 13:30:00,-0.019073002683287044,-0.004110806296856673,-0.010671946877109484,0.010997054803910444,-0.020843577370214028,-0.0012404523606495133,-0.008587255184794529,0.015014057102170852,-0.0027150527376829103,-0.012730201236490046,0.02115559616437679,-0.0014139420838885641
2025-10-22 14:30:00,-0.0020751538523979818,-0.008499548427456816,-0.0062490395854322145,-0.0014433626853040948,0.00591442170680434,-0.0037073606405328974,-0.0031967464068491935,-0.0012681574518857985,-0.002363032218484662,-0.006484143220620631,-0.004670788867373155,0.0017942200777332218
2025-10-22 15:30:00,0.001591352725648143,0.001954253414285567,0.00046456999452448855,0.0005641745798898867,0.0010513929902460362,0.0005343947538056781,-0.0034324851396076994,-0.0030676081909106756,-0.0003444187830030643,0.003670707159158404,0.00488582616612554,-0.0012501468101699942
2025-10-22 16:30:00,-0.002341806679790892,-0.008573635570595428,-0.007214442107193797,-0.004696201056094473,-0.005357515195797191,-0.003911693396790206,-0.0037596146813143605,-0.00017554774071282253,-0.003300747525520009,0.0014724140237900585,-0.0018653407142217304,0.0023359656576928955
2025-10-22 17:30:00,0.0018346927769048449,8.440968205558619e-05,-0.0005471542497224036,-0.0023552803644157905,-0.0022753615536670324,0.0024142491760530405,0.0010763657677088645,-0.0009662314351102097,0.00038030818443335335,0.005993783937462638,-0.0001435476747309039,-0.00027128208526239206
2025-10-22 18:30:00,0.009305898397357737,0.009920511158068912,0.0037311369525871996,0.001308508775250239,0.004430985168251134,0.004902492445818751,0.005672913864709805,0.008575444028671164,0.0026358021448373847,0.007604397081392378,0.017513022765595743,-0.000651592898381459
2025-10-22 19:30:00,0.0024298077884790104,0.004521234778041006,0.003566243674995029,0.0009033642601021796,-0.0013754038844400185,0.001077872446146877,0.002212557710470797,-0.00030496968174897887,0.0005691933972187257,-0.0009570274888206498,-0.002826813871680045,0.00016291731750150973
2025-10-23 13:30:00,-0.03331733662037806,0.007130213913188577,0.004054364342995775,0.0017758390677187208,0.008749988959844579,0.008419403697809358,0.0025807514292273126,0.008980308459458186,0.002378126963912486,0.011055971155591315,0.036686055701347975,-0.004026505817079418
2025-10-23 14:30:00,0.015035334123674637,0.0022823451145370655,-0.00030795188948040675,0.0033566456910492093,0.0017529566254284035,0.0014053379826819423,-0.0003730783248947489,0.002760285583449651,0.000955554053647667,-0.000642336372537855,0.0002114021324510773,-0.0025112291453472935
2025-10-23 15:30:00,0.012591816489369911,-0.000961960366057113,0.0024642498433120608,-0.0012780837490637964,-0.0009146789832641389,-0.0027314101595203866,-0.0027859205843068224,0.002151186200458177,0.0007459458437022448,-0.0011284477922606229,0.0046885750645593305,-0.0005466968090912516
2025-10-23 16:30:00,0.02221072227492371,-0.00019253674267272203,-0.0006925301122056027,-0.000823307079786062,-0.001341442877170529,-0.003146372447960566,0.0032268916469817555,-0.00042982782722145174,0.0007007293977734363,-0.002550039378886204,0.0,0.0006560336727821081
2025-10-23 17:30:00,0.004714016396595078,0.005075542935765398,0.00042327635428929256,0.0021621723473668197,0.0037468665216104924,-0.0013184886588373246,0.001474081047664555,0.0,0.0022031724114599527,0.0032324976648814285,-0.0017667312393259138,0.001082631810134238
2025-10-23 18:30:00,-0.003168845761423178,0.0004103856258801386,-0.00026932627502862516,-0.0011857313036225392,0.0016531668745596306,-0.0009592838349314903,-0.0034089662279583877,0.0005184203643322505,-5.799728830258033e-05,-0.003495782471747866,-0.001497216378898436,-0.001082631810134238
2025-10-23 19:30:00,0.004811160440731044,-0.0032056507191207118,-0.001232029632434184,-0.0036329368927932038,0.0005655405114870504,-0.0007150364177714863,0.00047562554777691446,-0.00318770814971181,-0.001251436570095521,-0.0026101617970502033,-0.001226797199130658,-0.0003279630388695054
2025-10-24 13:30:00,-0.018037176043834258,0.013167637217333272,0.005230996462087134,0.0046752832222738405,0.010752063599837491,0.003121801816197589,0.01633712322574432,-0.0031953284257362213,0.007668507219608323,0.001582712327238056,0.008758540023555916,-0.0008204619708456207
2025-10-24 14:30:00,0.0006755656406696176,0.0031097329634679483,0.00892221500555923,0.00017208283328340457,0.0013861766532352604,-0.0035987214997037498,0.006958781671191794,-0.0006056646896119844,0.002022238093120521,0.0004216392597271579,0.0020934796402256595,0.0011659378130346454
2025-10-24 15:30:00,-0.008735756560461994,-0.000540164774100127,0.0011387762735006746,0.0014037892718814504,0.004348209646272139,0.0007561955186794478,-9.964096855963334e-05,-0.0006926565736211643,-0.000390866968967174,0.0025576269643687866,-0.0037848978736434447,-0.0001268496670103758
2025-10-24 16:30:00,-0.005169308722629218,-0.0004863484047401556,0.00011380633519930683,-0.0002959351005635824,0.00033273007366219076,0.0042639102593859946,0.0021215025988547964,0.0012118013352342416,0.00025810455880570515,-0.0036516189471758054,-0.004887234567476639,0.00038258504707577856
2025-10-24 17:30:00,-0.003929653901146857,0.0014853498160904977,0.0015541336336220013,0.001974117108168194,4.45185152981864e-05,0.0016108712955409388,-0.0006625114885414618,-0.0014716547679949343,0.00016219277465889803,-0.0036122502467819118,-0.004364432453088263,-0.0006919788982786557
2025-10-24 18:30:00,-0.0004612491638447125,0.008786062276573858,-0.001971448259468822,6.663613966395587e-05,-0.0022930400641607562,0.0010813077764595391,-0.0023818505566710613,-0.0013003471683985524,0.00010619411376033838,0.0016945772792711367,-0.00013672525311125838,-0.0005020406354452334
2025-10-24 19:30:00,0.0007452164862815636,-0.0034837195693926404,-0.0028884551084544796,-0.002584966444568515,-0.0003344317592759438,-0.0011097377164945854,-0.0018683843864248928,0.001040426194281352,-0.0016704432719523155,-0.0024833994655093505,0.0002050287318553501,0.00048343558148555843
2025-10-27 13:30:00,0.035257107732162396,0.019248801796774906,0.01131588415917939,0.01840639783082576,0.013696920704497906,0.019799389498664333,0.004515332648115766,0.00021662753584639205,0.008705105747974784,-0.025788014642684765,0.0017751917024302344,-0.0009846427096196209
2025-10-27 14:30:00,0.010916877985376772,0.005485739985807037,-7.534070136827609e-05,-0.0010505314807680577,-0.0018459565393218469,-0.0037610026946390818,0.0029768615607341786,0.00030314687103150106,0.0004829602932749921,-0.0029202160957497725,0.0029291116863952027,-0.00038323428989262
2025-10-27 15:30:00,0.004340035815859622,2.637374335812126e-06,0.0008276323821689857,-0.0017759167595654546,0.001657681167677616,0.00047957762961825523,0.001354825072378496,0.0010820404093276892,0.00020487050674944385,-1.9885025448473925e-05,-0.0013612644380120997,0.0029184169707408003
2025-10-27 16:30:00,0.004255783897945342,0.002140451539722754,-0.001166391123537558,-0.0017411294278737444,0.0003079343042342586,-0.0028743181158157327,0.0006248710337732888,-0.0019918229942605947,-8.79623600260615e-05,0.004651211135744404,-0.0025915916445837794,0.0008360050174243128
2025-10-27 17:30:00,-0.0024483990702801606,-0.004054055502992426,-9.410086942196472e-05,0.0032446417675320305,0.0019332274457131149,0.0029942172364973985,-0.0022109379950672192,0.0003033307986441969,0.000599865822677792,0.0007595453375150996,-0.003146208167706277,-0.0005827149627686268
2025-10-27 18:30:00,-0.018967963817689615,0.0008670592601056626,0.0063054713434915755,0.0005819637803288202,-0.0047960122261887506,-0.00022647915330242796,0.00244166924618483,0.0017750233507642932,0.0005555302391551109,-0.0047566717098685984,0.0010954654305406208,0.0008718233433917533
2025-10-27 19:30:00,0.0090034087384403,0.0036880162324557375,0.005466265045226848,-0.002668655192636926,0.0011020256551965701,0.0003063768225555208,0.002304088189910125,0.0028075689487057076,0.0014020857617218496,-2.7272708376990806e-05,0.0004104642552347215,0.0008720615625081862
2025-10-28 13:30:00,0.023832242664347802,0.007260857705690071,-0.00033493865308109605,0.026370607130784762,-0.0020286289430195836,-0.004818833723843952,0.008903208526099604,0.00012938595195866043,0.0013709456342976267,-0.009802084380018172,-0.012942419377655945,0.000981355000017281
2025-10-28 14:30:00,0.0024793180094748735,-0.00010374853106398518,0.00017571765001811457,-0.004075289663584947,0.004536747767121874,0.009322835357398418,-0.005162016698990968,-0.00419215880162227,-0.0008748168048207106,0.002088972642249054,-0.010027955761756857,0.00195650986314444
2025-10-28 15:30:00,0.003171249390834241,0.004631828622887468,0.0011076618108019076,-0.0015673433798557568,0.006832232358390478,-0.003166602894482118,-0.005590611660186262,-0.0009532529302074266,0.0009506041661584419,0.0011593642985063823,-0.0015409487823259127,-0.0009402732344696574
2025-10-28 16:30:00,-0.0036020223898560744,0.004580048965194372,0.0018570452664299353,0.0007370461719595767,0.006872588253640899,0.005497032839899774,0.003229408969453118,0.0010537616026340402,0.0012059537486761585,0.001171731953355959,0.005313173167265539,0.0006685987242285307
2025-10-28 17:30:00,-0.0037877917537283423,0.023980263331928597,-0.001503142784647693,0.0015291495869380611,-0.002767725155016443,-0.0017300892813887359,0.0034087615026461293,-0.0009670466478324258,0.0015141376233804849,-0.0032101406901485774,-0.0013954575852812567,-0.00011409711301890724
2025-10-28 18:30:00,-0.0011572827013237585,0.013470530666240599,0.00040796671793330574,0.0015419445999116377,0.0013748184799835528,-0.0014159316743436179,0.00078507430620256,-0.0006937979009418171,0.0009282458846566755,0.00010994378663209403,-0.003497240717234895,-0.00015657304106309056
2025-10-28 19:30:00,-0.002992210600795353,-0.004887804467736956,-0.0006317501065291609,-0.004785445803216604,-0.004912408164982729,-0.0031426275395700642,-0.0016034451785547077,-0.001997271559492475,-0.0024860945934062073,0.001125913320538352,0.00021017115128785235,0.00021635956174126392
2025-10-29 13:30:00,0.0028848463052808526,0.046553940270463556,0.0051534625760920605,-0.007063507839544236,-0.00047996426456009544,-0.001638325067255586,0.0,0.0072752472681232305,0.0029070633816115077,0.014198998570361887,0.008857359950347643,-0.0026663353524529754
2025-10-29 14:30:00,-0.0065101953487785025,-0.008655184259426463,-0.010370907747279112,-0.0010503613263139755,0.006113161231170672,-0.002188671444889323,0.003856919980219864,0.0018105716053113952,-0.0009729003676666181,-0.0025062996153595307,0.005677451127146682,5.4455591873114884e-05
2025-10-29 15:30:00,0.0010598009438451683,-0.010616765514905424,0.0036922754650916545,0.001440519171709731,0.0036067895508766767,0.0026284340257411998,0.0027852493337796602,0.00292451586552378,0.00023238738061159836,-0.002023110819933116,0.00041414759076108254,-0.00021792331638259554
2025-10-29 16:30:00,-0.0007839744234114931,0.0009628217368780057,0.004865367917744834,0.000789034512835407,-0.0043132714086819846,-0.001199919335577171,-0.003829727916621728,0.001759182046003005,-0.0007846237567763481,-0.0029128945123373384,-0.0038722049316586293,-0.0013633267278638783
2025-10-29 17:30:00,0.003765644957706371,0.0007299511605021181,0.00325436774169674,0.0018408112460823745,-0.002965644424045344,-0.0014218281623357143,-0.0010455706591017133,0.0013280394135275486,0.00011630898119463495,-0.0015775415227929912,-0.002775039231781129,-0.0024586650521944975
2025-10-29 18:30:00,0.0008534994406863561,0.0004830709102030539,-0.009274439614396002,-0.0017108949931783357,-0.0036201187743092333,-0.0012098474626887068,-0.005013879855188641,-0.0033879079221694752,-0.003757019047127663,-0.006744829216618342,-0.0005559543590480942,-0.002665490047095709
2025-10-29 19:30:00,0.0007476945991564676,4.834584614687998e-05,0.0052784800470480064,0.006768603634576209,0.006445996785559238,0.005868281025017019,0.004065379989264706,0.0011163051462723672,0.002724492508387577,-0.002036437460964713,-0.0016000262423858658,-0.0010064410475285612
2025-10-30 13:30:00,-0.03764695759077785,-0.02367382915595151,-0.002375616869210617,-0.026217989376913664,-0.016017163351460084,-0.12821120858849255,0.014220628202553875,-0.008670861060690704,-0.005588139764603817,0.012891104204318715,-0.00327767096114151,-0.0026390195531487137
2025-10-30 14:30:00,-0.004069795841935786,0.0042888583344238285,0.00629776176353225,-0.006168231211031383,0.005630905428162691,0.0021442775084112853,0.004098247610520467,0.002869014368659606,0.0019440863997370883,0.00014953515506377357,0.00543365156257547,0.0007990346179713725
2025-10-30 15:30:00,0.00568830248252894,0.0017461254054378372,0.0044952219378400216,0.002633287547427088,-0.008104394205560972,0.02240416404435841,-0.001318106801089236,0.0031809484887057593,0.00018982556424518293,-0.0005847416303810249,0.001665905136364998,-0.0016251059798593204
2025-10-30 16:30:00,0.0016610650340158628,-0.0018446370789817479,-0.00022059547177555316,0.0004130700040896329,-0.0031004895221160567,0.00036869077658252536,0.0015750504950222677,-0.0007316312283895954,-0.0007740548758379262,0.001603839602982049,0.001109134095416131,-0.0018739198355364195
2025-10-30 17:30:00,-0.00700372017748041,0.002633780634549332,-0.0007357447546922913,-0.006068456980334425,-0.0014650147348609366,-0.013732910523024167,0.0006822811618647506,-0.002629711169576332,-0.0021355661340516363,0.002631262513027366,-0.001109134095416131,-0.0012162357788687572
2025-10-30 18:30:00,-0.0018604864457953951,-0.005124365489135307,-0.0015098924405423375,0.0002577739786318034,-0.003110211231469151,-0.0019602091168362534,-0.004220983417162039,-0.002290451397896298,-0.002433586848392011,0.0018945055399717248,-0.002778123111650821,0.0004972585542528662
2025-10-30 19:30:00,-0.004251634707564733,0.001234029383993196,-0.0002948270252316476,0.0037348021771919093,-0.006980937608595639,-0.0021967475878366116,-0.0025826284353076545,-0.007687519678203358,-0.0019247882434676455,0.0007568148857632906,-0.002297823912293495,0.0005522758175739995
2025-10-31 13:30:00,0.03338559638277072,0.01312839804133592,-0.003249411540211078,-0.01490768775711615,0.10115566793183195,-0.012355055371495283,0.007485525710601237,-0.015067639872940575,0.004812188343837676,-0.0018930709349218588,0.006462225376833608,0.00011035118559998836
2025-10-31 14:30:00,0.002886953534714465,-0.0009732695646729184,0.0033967796749649892,0.0026894680345703748,0.005016761112681678,-0.0023051261491096042,-0.004984152197606839,0.008813347774132119,0.0007168893098858931,0.0006224504108125473,0.0056633348428904995,-0.002021356843441069
2025-10-31 15:30:00,-0.005373716759184077,-0.006328950520634535,0.004174869908172951,-0.0032883338612084145,-0.00806337661311396,-0.006847637015744645,0.00030619627695926965,-0.001009572470256792,-0.002885327907847568,-0.00786282829769469,-0.006356233798396005,-0.0012962621784566863
2025-10-31 16:30:00,-0.020253977621789154,-0.005646218691639504,-0.007687121453760604,-0.0023010878731515305,0.0009149224289828339,0.0015172383415924529,-0.001806269435387975,0.0029381395951970646,-0.002908491587994,-0.00036819758710571193,0.005874078551991957,-0.00022161715701596307
2025-10-31 17:30:00,0.01705436150448314,0.007042423049205659,0.0053903606921457126,0.0012048511532070094,0.006381433484619059,-0.007249880522776309,0.004380979798442652,0.004412938961024793,0.003700201823146898,0.005983026898643828,0.0002066814462819977,0.000609202320018376
2025-10-31 18:30:00,0.003662369363475193,0.0006851296486578562,0.0010847777760467636,0.0030648627854583665,-0.0030247748526646134,0.00617729488419716,0.0021192009256330024,0.003438120156996405,0.0026346055482884267,-0.0017919813712552468,-0.0009649141683274465,-0.00027679499958477294
2025-10-31 19:30:00,0.005337078404461515,-0.009881891469794901,-0.006840605073586303,-0.001726962171893831,-0.010720327205234526,-0.006073923099856771,-0.0021834536233731328,-0.006407070695574113,-0.003125737512629456,-2.6277896381543542e-05,0.00013782675220141982,5.53482297389607e-05
2025-11-03 14:30:00,0.027140814347165865,0.026306100708518798,-0.00974200868087749,0.003171812434812793,0.044526512646863026,0.0002568768579509495,-0.012420499163809495,-0.005700533208803371,-0.0022238921348485263,0.002414597845959321,-0.006085700893715185,-0.006444487093459017
2025-11-03 15:30:00,-0.0002773822873054499,0.0005773020759027858,-0.0037059589018229033,-0.0015220429258420154,0.0004698918459977719,0.002107868316119088,0.008555694623014531,0.008843822395890655,0.0023340576709829364,-0.003352183999123959,0.012956691551521793,-0.0016734708952359512
2025-11-03 16:30:00,-0.0039157556595252885,0.0072124860738371765,0.003350923650324411,-5.7780724755041035e-05,0.0021518685115884395,0.00045380416692708536,-0.0006941220477427734,-0.0016577453951063248,0.0010226802625004083,0.0022948435620904206,-0.0006548042983229863,-3.3223189932485298e-06
2025-11-03 17:30:00,0.002542612021782631,0.007326271442633647,0.0005343867622977783,-0.002306775657949345,0.0019499518690784257,-0.009317724347093659,-0.0007914493913148135,-0.0006987614014226651,0.001291032454368235,-0.0013633088835147689,3.836987419614246e-05,0.000505717307484943
2025-11-03 18:30:00,-0.00513244629199594,-0.015549254968055592,-0.0013757748888627575,-0.002379856062147745,-0.005649264067851156,0.0004966744089749398,0.0025498555014626945,0.000873425443376874,-0.0005413678090544494,0.0005627133839070098,-0.004876492023088375,-0.00044651353348701406
2025-11-03 19:30:00,0.007294525411307262,-0.003037780843561322,0.0011590211711460796,-0.0015024878236484795,-0.0007648321243234335,-0.003248336867322621,0.000821675361169838,-0.002360075177376686,-0.0001902895685867989,0.0018173310125817466,0.0009634532756148673,0.0005290153812040899
2025-11-03 20:30:00,-0.0018981923021579306,-0.0002656041533581899,0.005366348352038308,0.0028478165958265578,-0.003183142098855285,-0.007265184466230146,-0.0033391823380481966,-0.003770118168733738,0.0003219523273942926,-0.00039306811006589726,0.0005501432394616756,0.0012000619509491273
2025-11-04 14:30:00,-0.02231420336119605,-0.026234795447001247,-0.0023442489451896975,-0.004420520819400586,-0.0026406485852819017,-0.003714153702396139,0.006795579653932293,-0.008734431870437653,-0.005914829065523541,-0.01529793601529672,-0.008491962909634942,0.0032270757445465037
2025-11-04 15:30:00,-0.011621958568110102,0.0009442453903103498,0.008088470799326508,-0.0025487586987713584,-0.0037558323419979445,-0.0053273987250888055,-0.002925067229536893,0.007108043568777589,-0.0016500609275604816,0.005983175137628471,0.001731842124513605,-0.00033333828167236845
2025-11-04 16:30:00,-0.00447108702883714,-0.004344324953276413,-0.0022195843204988464,-0.0016573310987073597,-0.005900321571958855,-0.0006885460729106896,-0.0027400564239448144,0.0014946210988631137,-0.0018743882852678695,-0.0032890592538263874,0.0008302918369365031,-0.00033234679756777297
2025-11-04 17:30:00,-0.007079422827280801,-0.0057380498184285145,0.002324570741430776,-0.0043609314234123175,-0.004332884412563409,-0.0033518196717894355,-0.0028122889873696266,-0.0014505863210478864,-0.0024848667327068696,-0.0022262169066715742,0.0011058088145272649,-0.00033135428769526243
2025-11-04 18:30:00,0.003857564421232418,0.0018244250139485274,-0.0004730333844040757,0.004107335442377291,-0.0004803455452835337,0.0012357806143583616,-0.001052348941814607,0.0022848635016678998,0.0015463534423210135,-0.0022311840082887002,-0.0033213131741582913,-0.000503943594104328
2025-11-04 19:30:00,-0.0018488729962458095,-0.0015247540885541255,-0.0015534248095354641,0.002757988062501049,-0.0012821321877938274,-0.0010954767889588268,0.0033803414185218372,0.0020169547526149856,-0.0004954109145707264,-0.0011036446440080283,-0.0020814762075165305,0.0007785529805230951
2025-11-04 20:30:00,-0.009566210442453205,-0.006751616345135325,-0.00029811254749123606,0.0019348382805510767,0.0,-0.003182081119862623,-0.0012118177366140515,0.0003503627506491469,-0.000917627674520638,0.00030358792468732076,-0.0009728261034611663,-5.55605343404153e-05
2025-11-05 14:30:00,-0.003800286521659757,0.010471882684127465,-0.0037101012510287745,-0.0009718173748325398,-0.0033330817127072976,0.015629718150456995,6.463184249394516e-05,0.006024332297876356,0.0031046840244162155,0.01043282648958499,-0.003063659661057372,-0.007141286430720761
2025-11-05 15:30:00,0.01879211383766677,0.008486992649444858,0.0047465580153209785,-0.008102731638854443,0.0020092431422433776,0.00019608841965368384,0.0032441778459704196,-0.0022657483055503747,0.0012539011595951166,0.0003549224230932069,0.004730827973649099,-0.002410562197748156
2025-11-05 16:30:00,0.0036964967833181817,-0.005302121208537791,-0.001184642045899409,-0.002689351353860836,0.0028461723723793853,-0.0003059262241844607,0.005175232448610956,0.0029619007207983827,0.0025854008845245247,0.00023418480987391632,-0.011447838026828805,-0.0014030247416876307
2025-11-05 17:30:00,0.011745832456866445,-0.0015912057618585607,0.0005554403945930986,0.00022600836986885753,0.000640296402283802,0.006373381684595003,0.0016658753376797009,-0.0006525871827136598,0.0005352245865930527,0.0003936001631208441,-0.0008427807288589051,0.0008416568671609781
2025-11-05 18:30:00,0.008864884755795721,0.00042293476127408525,0.0011469710464480087,-0.0008159220868204642,-0.0034037770322195016,-0.005299174734888723,-0.001281226273845526,-0.004667739499322643,-0.00029391185493654604,0.00013638304038909865,-0.0018286084366865296,-0.0009552121812426151
2025-11-05 19:30:00,-0.0008777973745219825,-0.00751391030781523,-0.003073855999327968,-0.0012300306283679063,-0.0027357609948017725,0.0016678388287107992,0.0013772423350717489,-0.0011007462907492993,-0.0006617972645770465,0.00028619403668095345,7.045905365199445e-05,0.0001630387545699108
2025-11-05 20:30:00,0.001342155273371226,-0.022196667811414272,0.001889827529233834,-0.001606240926212088,0.007259040677282336,-0.004838936916708114,-0.0023712544679677094,-0.004511821248898151,-0.003330256307713775,-0.00034072836865828293,-0.00021128463013031507,-0.0002754060251382029
2025-11-06 14:30:00,-0.023486428700309148,-0.01074152993563704,0.009983034704776017,-0.011356327685817291,-0.012426540491769167,-0.01735092211730116,0.002739214382457611,0.005262695094712555,-0.004378698735270525,0.00034097806591137925,-0.009194405238461378,0.007728042193125617
2025-11-06 15:30:00,-0.02331385127836505,-0.01232543581151635,-0.00234318468735939,-0.0061431674649883306,-0.014260051747711167,-0.004650390001025073,-0.0011043839200572947,0.002882743515923991,-0.004650915331364303,-0.0006779912751966322,0.005385461514308076,0.0011708345572385426
2025-11-06 16:30:00,-0.0025335683470633086,-0.020555870954064304,-0.002783266079904756,-0.0010545313645202725,0.0011484774674670462,0.00357794537687095,-0.0016348304624003163,-0.005773754337038639,-0.00272178838122894,-0.0035447189037176585,-0.005456586434092081,0.0006683847962491996
2025-11-06 17:30:00,0.015406157084457917,0.012692886841621842,-0.00027629014148899955,-0.0001406800626169158,0.0006966424536729576,-0.0015226631473375107,0.002643233646488774,0.001796894843602459,0.0020514051182498605,0.0033086504207702205,0.0030508941008369206,-0.0008913357339368488
2025-11-06 18:30:00,0.009687974782401909,0.006813682075749838,0.002356190811690695,0.004231359366487553,0.0053109150511012615,0.0021070472485513747,0.0048678595742259745,-0.0018408059907422114,0.003629987557649983,0.002400484061727326,0.0035358214268397248,-0.000501693801232328
2025-11-06 19:30:00,-0.004620356265901293,-0.0035759012793361578,-0.0028723167781299352,-0.0017825891412721617,-0.005269973253485993,-0.005384544452130768,0.0005726598925486215,0.003066130138747347,-0.0016051144313093957,-0.0024141467525504723,0.0025380766605866967,0.00027877820465072034
2025-11-06 20:30:00,-0.00668027199687149,-0.008730493461720279,-0.005805606724978318,-0.002931243407394035,-0.004269272874725338,-0.003708265157328583,-0.0018792990060232384,0.0016605706004870768,-0.0030985859221983603,-0.0006144308435072077,-0.001691371020432264,0.0007801147746722137
2025-11-07 14:30:00,-0.027002678549393977,-0.030990259321067803,0.007168915516487573,-0.0026808734379617505,-0.008801184379060523,-0.02040888789296602,-0.0017550472569318742,0.023176037653121817,-0.006451293715510786,0.003191125158821251,0.002535931287701132,-0.0019514717901865097
2025-11-07 15:30:00,-0.01387908371515767,-0.012775562265396445,-0.007577008948717712,-0.0016916748350741528,-0.003908864167422088,-0.003373523769130138,-0.014185102843781827,-0.0012806310948452193,-0.00467352688626832,0.003688932843815884,0.0,0.0025083606702427375
2025-11-07 16:30:00,0.0011750741649114715,0.01075631142800848,-0.0015595333626778896,-0.0006767196709613899,-0.001042166156083546,0.006052251025816524,0.0027336382015272775,4.269241021859216e-05,0.001130880678718249,-0.002410249704741574,0.0005626799338420696,-0.0005012200296405922
2025-11-07 17:30:00,0.0024787982351615057,0.012987930908120227,-0.0024554411753872074,0.0014539166436291495,0.0032895807347337325,0.0075063704624689365,0.0061194576934653355,-0.0007691989831117851,0.002611191073146557,0.001304401269704769,0.0015457125108948588,6.127464782057501e-05
2025-11-07 18:30:00,0.006027127850352976,0.002950523434096297,-0.004480172435694207,0.0003933581324657709,0.0038996639805750632,0.003429714760701863,0.003264989098059168,0.0021351106225280247,0.0017120425880570167,0.0008415500525487118,-0.000210628602879126,-0.0008413459786664745
2025-11-07 19:30:00,-0.0030789650399087876,0.006197443373511469,0.0019060875748850847,0.0018791974704592818,0.007755254178048787,0.0055819050281575855,0.0031523320098489904,0.0008101586472388789,0.0033180181012193444,-0.001982808084452614,-0.0004917108033657414,-0.0013386338233294381
2025-11-07 20:30:00,-0.003943479378356152,0.011272092580726145,0.002462330514708455,0.0004377895561447076,0.004264258983456948,0.005242159071804586,0.0024854194190186973,-0.0006821369868665883,0.0033667248865549837,0.001385643962507288,0.0014040788288633976,-5.58720978807159e-05
2025-11-10 14:30:00,0.03528239637931385,0.04352862714132755,0.012723205002820315,0.015138765426264023,0.014702543695188197,0.01949569858744038,0.005205649661227163,-0.007646711370078663,0.011765019800223264,0.021276291602768893,-0.002106804587511668,-0.0005582961930521435
2025-11-10 15:30:00,0.004665397630811086,-0.012787132382599431,-0.010317960478580801,-0.004818304557759667,-0.006674622317270007,-0.005422099602704122,-0.0031867807855432417,0.007049418867761226,-0.004880334741070413,0.0009298904734746927,-0.0025341460640690983,-0.00039106960505908006
2025-11-10 16:30:00,-0.0015004390513446708,0.008942938004333989,5.047073602870711e-05,-0.0014750119760051916,0.0029382508705211308,0.005465623841186762,0.005842741809052754,0.0027275816880631965,0.0028233661304613022,0.00092902658044558,0.0050183348335801625,-0.0005588266202325443
2025-11-10 17:30:00,-0.0036259159233402727,0.004311037562080067,0.0024128161406089532,0.006237784492942211,0.006152536996570923,-0.0016183145859081094,0.0027432974474788097,0.0016541992329610622,0.002962474681028837,0.004135018660180734,0.0031242653341250204,0.0008381654814382244
2025-11-10 18:30:00,0.004208453395023071,0.006123149103848924,-0.00025957960922706746,0.0006502211113836864,0.0005624954132645854,-9.481132721766983e-05,0.0009882552692630497,0.003270614995283694,0.0019209891451223982,0.0001801146788737995,0.002583421788849627,0.00033958527037647457
2025-11-10 19:30:00,-0.0041735842233965315,0.004134566050479904,-0.0020097774514766797,0.0019985710098167075,-0.002011481795658021,-0.0002339321089532831,-0.0021225566285805186,0.0016926593233552722,0.0007760175402484748,-0.000713715405927573,0.00048793660962243024,-0.0010100614443953049
2025-11-10 20:30:00,0.0014597758222478774,0.0015083103763995354,0.0008965781355172453,0.00037556941342398176,0.0005033573957842208,-0.0011103076524552336,-0.0007568521511336357,-0.0002960328331580442,1.4691832102897706e-05,0.0001588356615291886,-0.00041824719933636345,0.0010614365747452226
2025-11-11 14:30:00,-0.022699892968320867,-0.03325379641865123,0.0174443051057791,-0.0025140425633125574,0.0002930373613505566,-0.015243853585817035,-0.004189006473350965,0.016151399258888866,-0.002741072357483887,-0.0027261283014876625,0.012610208680075452,0.004679132411383513
2025-11-11 15:30:00,-0.0043666548548078055,-0.000805387241873845,-0.005854411472919097,-0.002538200115769662,-0.0035795060944048274,0.0,0.0019939394498713625,0.0038212297734290246,-0.00019872276667420863,0.0019064300639781706,0.005082012388622381,-0.00035689920113846085
2025-11-11 16:30:00,0.001269908195752123,0.0002338812581479388,0.00298637099922594,0.002479790924540204,0.0027762277418794667,0.0016215291782968322,0.0037841415158172964,-0.0016595883378975884,0.0025148990389958215,0.0011632584032330584,-0.0006097848700283848,0.0003301870599470291
2025-11-11 17:30:00,0.004390744820423009,0.006371901025286064,0.00425345347363848,0.0038167462373426275,0.0042512960246137155,0.0012023953066320203,-0.0015732848488987372,0.001767372001009626,0.0027558323099450277,-0.0009780856843439878,-0.002271455914566012,-0.0001956563864533578
2025-11-11 18:30:00,0.0035384423522986097,0.0016774137850186221,0.0030556455565671214,0.004981172613080176,0.00017642447124721627,0.001424992645636891,-0.0005365061445292696,-0.002598263565998238,0.00032214538918839963,0.0018232573272163322,0.00027482171088344387,-0.0002490571722937318
2025-11-11 19:30:00,-0.0009034980884843336,0.0006694395221744642,-0.0002543085299411274,-0.0004712767240828697,-0.0019668455286891984,0.0026045295437651106,-0.002306853706353529,-0.002746634548747018,-0.0003367136387790737,0.002004323934224672,-0.0003434865236275897,0.0001379391904139382
2025-11-11 20:30:00,0.005522693460573436,-0.00451806063351512,0.00018159220493885186,-0.00019652583527829393,0.0010441127995877153,0.0008453590774761821,-0.0011238171120275808,-0.0016683735589504423,-4.397416322010628e-05,0.0009480839021360765,-0.0011686535156689715,0.0001111179818797936
2025-11-12 14:30:00,-0.013649369293738722,-0.002798474508220572,-0.008609368052914235,-0.006160598588408561,-0.01298836119998903,-0.02027814657928051,0.017830685606396557,-0.007205733912575063,0.0004758371125577199,0.009000977989951586,-0.029315417554299117,0.0010000997372650033
2025-11-12 15:30:00,-0.007560047587796603,0.0021255284345897962,0.006063515805989184,-0.007921464444025972,-0.002544660102760332,-0.006202257250262022,-0.0019309082091982788,-0.0037912084619629027,-0.0011497237889299683,0.004645582115686331,-0.00960820794111683,0.0012763714817438654
2025-11-12 16:30:00,0.0004445632919836129,-0.005452450360176719,-0.0007650101363658734,0.000408557254904629,-0.0005301236998533909,0.004810049758734003,0.0015886425687856587,0.004211596478462809,8.791624333337467e-05,0.002411839167127283,-0.00042916708301099504,0.001440976541219996
2025-11-12 17:30:00,0.002458336192945332,0.003015505139860153,0.002147902277839897,0.01251329459135242,0.0011361238912135363,-0.0033212288194146566,-0.003429591453746106,-0.0012616303898234094,0.0015008065830528494,0.0024319015539564504,-0.000501000646776717,-0.001440976541219996
2025-11-12 18:30:00,-0.0024332343336412876,-0.0025995800982352435,-0.0019292682282188167,0.0025153760844398576,-0.0014726991585991556,0.0017497989933268343,-0.0001405933719356156,-0.005189319606945908,-0.0011198956863802678,-0.0029501216180447543,0.0,0.0008304217521386548
2025-11-12 19:30:00,0.0019943626957701355,0.0014568352417958508,-0.0014586125250142246,0.0025383996166015166,0.0002958088170359474,-0.0024203428216900136,0.0010770603080709762,0.00021148751600641447,0.0008931407965926397,0.00022680374313921448,-0.0005728328477365707,-0.0019757192698088843
2025-11-12 20:30:00,-0.0014387376944569041,0.007456164636934659,-0.002374624983684903,0.0011446388063705015,-0.003718782632268436,-0.003539724734250349,3.123220573897356e-05,-0.0007192530304118705,-8.056886266150087e-05,0.00016192600902265042,-0.0002864848627757155,0.0007015085685528888
2025-11-13 14:30:00,-0.04822625966542482,-0.030131693941750193,0.001133218548621251,0.0005152865931021822,-0.007029762694377162,0.008842267063147169,-0.012116748244350717,0.004855134463416455,-0.00637924794479261,-0.00046647801999899485,0.009412448879244195,-0.003835802365395047
2025-11-13 15:30:00,-0.007990066327344891,-0.009648438399205261,0.0011944123786893357,-0.0034037618195075225,-0.011399843163366619,-0.01242754924906464,-0.00773576344370408,0.0023691669570311547,-0.004739202936882236,0.0026944866642262255,-0.0024159490768642655,0.0002784677054306073
2025-11-13 16:30:00,-0.008734056776798838,0.0034291230105898407,-0.004304743442753889,-0.0004119612730866251,0.00023020139287588393,0.0030351301084676763,-0.002682478429110624,0.0017245272250425714,0.00028114149048263926,-0.0009077251007179044,-0.0009965079604423721,0.0006112183037982888
2025-11-13 17:30:00,-0.01291955426985858,-0.011107827591619213,-0.0010629648429256733,-0.005459188096008205,-0.007413878917119199,-0.0064019233258294506,-0.0029668656016017536,0.003944988184787945,-0.004581977722097896,-0.002927738122369128,-0.0011401146046488009,-0.0021715350542326206
2025-11-13 18:30:00,0.010817173231737698,0.00617454749658819,0.0035154759907420896,-0.004527579747546362,0.00409374029739773,0.0035892081598971615,-0.001794001985381044,-0.004884967866430223,0.0010546298653109076,-0.007370349256785147,-0.0008558853575220127,-0.001339306138615548
2025-11-13 19:30:00,-0.0011989364866646923,-0.0003226022179392274,-0.0017944177099078473,-0.00369263655253782,-0.002726998582063267,-0.0018878751027919805,-0.0067724258808405935,-0.0038699335554666092,-0.0028397517820479834,0.0022976638902356683,-0.0008137919606827637,-0.0003921340901662518
2025-11-13 20:30:00,-0.0007685269735953071,0.005363381139829926,1.453006121643341e-06,0.0009860330589406274,-0.0034413326877382744,0.006628752304425944,-0.0008882429047041285,0.0013477324409469915,0.0006251234313552345,-0.0012003640360411794,-0.001615274997242011,-0.0013406043239481136
2025-11-14 14:30:00,-0.005041277753383255,7.704595999413755e-05,0.002630500074765507,0.0042456901553835635,-0.0036686250069424275,-0.0014026595952270071,-0.010589260391014932,-0.008241269583829869,-0.0033685267397220997,-0.019990689288738928,0.0241690664729024,-0.002351160882908765
2025-11-14 15:30:00,0.02105812175156352,0.015999505780953882,0.0032487015970321664,0.008045433198820007,0.006652599576396412,0.0036952645479146895,0.0005712628071794512,0.00718848274389039,0.006851824010115415,0.0052605424045735205,0.002231777126365131,-0.0008986982663046206
2025-11-14 16:30:00,0.0010276344472401888,0.00029054815269091705,0.0038338672509867777,0.00027477019311561435,-0.0030681782673047664,-0.00017791897744512397,-0.0014857232390879105,0.0012632241119625576,0.0009707224964277117,-0.0007690170495484594,-0.0006968489111542908,-0.0014602334160001007
2025-11-14 17:30:00,-0.0070695576078740885,-0.00440364450485653,-0.004070569003218338,-0.0032032909901476003,-0.005714189916910861,-0.001074176627894552,-0.003913837908333662,0.001009444445608132,-0.002848260942292846,-0.0015389999993153936,0.0002787765694067801,-5.617574002858561e-05
2025-11-14 18:30:00,0.006335704809463216,0.0040089185365248525,-0.002278756674207294,0.0047717717829725,0.00020611540139015005,0.0038982701413114995,0.001557435632590476,0.00260294496363489,0.001321148754143131,0.00018583916180592297,-0.0020930940725696345,0.0001123483245208945
2025-11-14 19:30:00,-0.004391426707642587,0.0007367225767467289,-0.003546950434702545,-0.0007447425779059103,-0.004475935305818801,-0.004889549921371028,-0.0034952813578481567,0.0,-0.002041901277795688,-0.0023927747074461436,-0.001957486590089985,-0.000562125303033234
2025-11-14 20:30:00,-0.005893647993389095,0.0006835623193497398,-0.0016130899825403944,0.0006075822356370608,-0.002128113195135839,-0.0003115279319292341,-0.0014311603775816195,0.0003353812002071521,-0.0010337794945085577,0.0007716585157124811,-0.001120210197399274,-0.00044997936887636314
2025-11-17 14:30:00,0.027852554852950462,-0.014188351121002363,-0.01207031281277704,-0.005678620385263677,-0.017081538248897132,-0.003959836429406671,0.004565940812248925,-0.0033588202319547733,0.00016366745933193982,-0.0036657843808081125,0.0015400857878029584,0.0023960406203817897
2025-11-17 15:30:00,0.007190185277289984,-0.0018679450582324009,-0.005212930407586747,-0.0002956699589411471,0.0073195203112348395,-0.0018126998619854007,-0.0062465071699486785,-0.0002103133583721828,-0.002361238613214134,-0.0008260227533414266,0.0016773154009586122,0.001254076629644274
2025-11-17 16:30:00,0.0019324541351588564,0.0020278831008866405,0.0038751920312147803,0.005866533933625462,0.0047216729252559375,0.0009067103775315388,0.0015488336386741963,0.005076926668455606,0.002733341607770612,0.002121751666427585,0.001953389671297323,-0.0004484557823074553
2025-11-17 17:30:00,-0.017406772606946674,-0.0045417304916846035,-0.004248244222283759,-0.004566443774562501,-0.0065303731754591254,-0.00396262947829662,-0.0061103887944726765,-0.007814839963732112,-0.005369205418035428,-0.0011736967764477413,-0.0026518936721791064,5.6046581140556384e-05
2025-11-17 18:30:00,-0.008304672782969647,-0.007525670661379991,-0.0018315000453625885,-0.0021676966959036648,-0.002592550640788893,-0.007139309191983578,-0.006114588867236037,-0.0049896841026884076,-0.004301899422361366,-0.004065533339689509,-0.001258708871041847,-0.0008415425454417758
2025-11-17 19:30:00,-0.0051242467065915065,-0.002133630901991701,-0.003185156557225177,-0.0011054423176144468,0.0011259742867997247,-0.005348331313054899,-0.0038353689079979603,-0.0023341667593781423,-0.0031581249568839453,-0.0072085757430064845,-0.000699872939636137,0.0007293606672673647
2025-11-17 20:30:00,0.005295436776492579,0.008909277995456932,0.0038209037881982155,0.0022883829375288656,0.005252525092122262,0.00844273935000217,0.005367499446608193,4.2465665462287916e-05,0.002933608563471246,0.0033149050312397677,-0.0012611781279074918,-0.0005609269951198925
2025-11-18 14:30:00,-0.030435536696551857,-0.025731471786193616,0.0007101435390568511,-0.02787306044484783,-0.032114454653654256,-0.025559987754817826,-0.00738254421678608,0.0002548857601176735,-0.00997155754868917,0.005995596120131452,-0.0020351126750517423,0.001963108571620964
2025-11-18 15:30:00,0.018382099671542917,0.005702670882763883,0.0007096395930643595,-0.002657817348447722,0.0032758904694265567,0.010094060884139111,0.004933346979410835,0.0045770627254748675,0.003770831433370425,-0.00017410744775325782,0.004835407887344267,-0.0027490038861932575
2025-11-18 16:30:00,-0.004936909878581197,-0.007188537851601673,-0.0025232965858155154,-0.0068905900967566325,-0.015345585317770194,-0.007121496682723993,-0.0023716196120311395,-0.0031762864184212702,-0.004476644750832648,-0.00072785731396241,-0.0001397539947918247,-0.0007865991890829704
2025-11-18 17:30:00,0.004995363441999245,0.011172040095988933,0.004798245298303527,0.006687399999134591,0.0037431316859324326,0.010521921226668951,0.008359122881747005,0.008910346351544085,0.0071259001623094065,0.0010220999988792556,0.008771337081263653,-0.001182004581183449
2025-11-18 18:30:00,-0.0030573813517049686,-0.0009262439576858128,-0.0015490752449025535,0.0019284862965509575,0.006906580125835227,0.007595471935101017,-0.003921093250093044,0.0010085112619586667,-0.0006032368061283933,0.0025204072448561377,0.00456403295070551,0.001519231026790635
2025-11-18 19:30:00,-0.001838485572192461,-0.0029478855567175444,0.0009163558541667172,0.004411491464344941,-0.0045841982965599826,0.0035892098855310195,-0.0002497846661864145,0.0013430374828313774,-0.0007696228169065122,-0.0007837322226071919,0.0013789091193405767,0.0
2025-11-18 20:30:00,-0.0021658109794771008,-0.008455131901706991,-0.002875017629571097,-0.002952344724817202,-0.007230455256488355,-0.006521808170170118,-0.002434040219808864,-0.0015951180380353591,-0.003447814124887927,-0.0007744817347878907,-0.0008270962400995785,0.0007300532395833059
2025-11-19 14:30:00,0.023898423218766673,0.03393284781540551,0.016093480723164966,0.0018209907188051488,-0.008868470886353563,-0.00800594787293818,0.011715833005643717,-0.021571904743716175,0.00921301955208964,0.011554389926814679,-0.029247225119691578,-0.0012358926773501366
2025-11-19 15:30:00,-0.004978472752476648,-0.012010253570662321,-0.007828966648081526,-0.01119015779536614,0.006640953065282673,-0.00907433934574886,-0.0030071355727372406,0.007270879773351169,-0.0063842991654787795,-0.010392932859583759,0.003826866994666389,0.0018554926342959632
2025-11-19 16:30:00,-0.014593009109061583,-0.005408634545282176,0.002480822201010646,-0.0037351144019606153,-0.001260817319140628,-0.0057530632880924415,-0.00039720329804904253,0.0026810937567489646,-0.0012697092957472123,-0.0004937844113168666,0.0004242808708010415,0.0008951083443351493
2025-11-19 17:30:00,-0.006884418952293636,-0.0007053025382024458,-0.0013692621801526528,-0.0024041751636971753,-0.005380135746142045,-0.001559383768133138,0.0015878674458678077,0.002928270208340855,-0.0002267485568570038,0.0023466807644130228,-0.0001414429219481761,-0.000280341169423437
2025-11-19 18:30:00,0.001223278748738288,0.002006074985366091,-0.001334020369858635,-0.003834963676936809,0.0004985411602502765,0.0016210356434198658,-0.004107293814669788,-0.0037360560592070158,-0.0018474781685986486,-0.0023866861859271893,0.0019779519314235827,-0.0007853222610645361
2025-11-19 19:30:00,0.009639583799570417,0.011175992074132779,0.0013525547417954087,0.00656469263084869,0.008931430989016498,0.004243369543271314,0.0056431901292715025,0.0013686544513884513,0.005592113478890326,0.0018005320657428214,-0.0010590920423982908,-0.0021909471738084108
2025-11-19 20:30:00,-0.0013268571377507143,0.00040160621780049865,-0.0055145228922910405,-0.0011287474645733653,4.495033673812543e-05,0.0062200194167232326,0.0012040235222912088,-0.003156783110499717,-0.001281869602502539,-0.0006531505102147506,0.0014824149895398264,0.0
2025-11-20 14:30:00,0.05708680893282647,0.03751424629257105,0.01974425558715165,0.01190062222956545,0.016566850378751496,0.020258980176256713,0.018356914248017553,0.013207144241705215,0.01821384845557894,0.004350756988737103,0.011083956910337811,0.0028652918190807952
2025-11-20 15:30:00,-0.02244641533899383,-0.021685606577224625,-0.0077884154824410246,-0.012537396350236207,-0.011862843169232029,-0.014447952679149445,-0.006298730049913992,-0.005862395777770146,-0.010322334340279404,-0.007409017643762006,-0.014051095664582292,0.0015678600601019
2025-11-20 16:30:00,-0.03433108909906668,-0.03253668622278827,-0.010504595527231153,-0.010119503979514555,-0.019314673815013172,-0.010623837975843209,-0.019801939475547314,-0.005811917451425508,-0.01406766942803106,-0.002276284344683077,-0.006886550591844731,0.0006727494502971609
2025-11-20 17:30:00,0.002483349600756135,0.004480232143540874,-0.00048351421792780513,0.0004773151131844955,0.0017022143902849507,0.003286853658007516,0.0036142863105750322,-0.0015328310125095612,0.001532465871989075,0.0009915054708411475,0.0063203663329369775,-0.002466110835672275
2025-11-20 18:30:00,-0.006989335292450605,-0.009748699633781222,-0.0037829886808058433,-0.004272584786630951,-0.0012011069072608294,-0.004731312841169455,-0.0008275800790178423,0.00034083944279839073,-0.0039040407963497614,0.005715479853751759,-0.001275006747180285,0.0008409851639585852
2025-11-20 19:30:00,-0.0065771558715645995,-0.0018624838701164492,-0.0017753425333122408,-0.0020126634412820366,-0.002279774757703912,0.003440929642614776,-0.0029695181686211214,0.0011945883650961164,-0.0012336148030591687,-0.001599125003033386,-0.0017026500617518536,0.00011210643949510768
2025-11-20 20:30:00,-0.011751328407174633,-0.007926951187759101,-0.0035225909384264398,-0.001441604869737212,-0.008803016007182585,0.0010697723209638355,-0.008458772085805144,-0.004351680608535524,-0.005608479080816409,6.666772219521278e-05,-0.0036988874645258463,0.00016809335154288618
2025-11-21 14:30:00,-0.017526086596677537,-0.028875435471245048,0.012942392579694761,-0.010456127012137273,-0.004083826127442514,-0.006999620586050526,-0.013970244292406342,-0.006240311083844041,0.000842499377242234,-0.0017240436856766905,-0.02102924545367646,0.0033415469851778568
2025-11-21 15:30:00,0.008142305102188274,0.0173133177112339,0.0038834548777071376,-0.004807474580643678,0.010624686358874591,0.004472279833866111,0.008173008885739463,0.0020437948774567616,0.0043544053411910255,0.0003227612542495706,0.0053713238757353565,-0.0021074480047804656
2025-11-21 16:30:00,0.022722406494532166,0.012280356951714033,-0.001292847591111368,0.006802055749083991,0.004860648526907596,0.008871412788734823,0.002373313701435009,0.0051361703827108585,0.0067613695381467664,0.002758741452250746,0.0026748262855633698,-0.0014021923319402774
2025-11-21 17:30:00,-0.014427613885358959,-0.009629836423101779,0.0015881789918061884,-0.0030409332371004183,-0.0041883220286678124,-0.0022876504522839625,-0.00100921049093472,-0.003506856084210419,-0.0030635623793955347,-0.0005176148527761271,-0.0018065547415986316,0.0019381970913903146
2025-11-21 18:30:00,0.01773157770970002,0.02671394592673515,0.005997090680088135,0.007899850313370926,0.015101077878541425,0.009962604381344775,0.0044946931361984355,0.004957290759287858,0.008876573710655755,0.002688011110309141,0.0038981392729944275,-0.00037036662835365775
2025-11-21 19:30:00,-0.014820548913433207,-0.020846676449760793,-0.004558963294877039,-0.006695028170434547,-0.008434504492344175,-0.005838422741574867,-0.00552178611580878,-0.0036728659898663807,-0.006949366472747798,-0.005062746113045691,-0.0015862806472162205,0.000952995989039529
2025-11-21 20:30:00,-0.011666053475500426,-0.00807060257291159,0.00047895402754605243,-0.002474622741241106,0.002154980938994022,0.0006730331354400931,0.004118851450322758,0.0020089392194879707,-0.0008645054693126042,-0.0003206025398281298,-0.0003608895542592805,0.0005007097614173617
2025-11-24 14:30:00,0.05831228966695079,-0.005267017471079605,0.0058575850959812215,0.0004234675790115716,0.02333651898401712,0.027999383653903642,-0.0010255608339226896,-0.010516684855741865,0.009791654508689795,0.004811751281522447,0.0013706219740390324,0.0040701219460190785
2025-11-24 15:30:00,0.0068972009180319205,0.022717499940132058,0.006951373196600663,0.006140822556673697,-0.0040858582757339335,0.0004953667639338022,0.003606013445908829,0.00034516278210805496,0.003636990285682984,0.0012464647739305335,0.006180404875327561,0.0
2025-11-24 16:30:00,0.0033231502467856444,0.002084732406110845,-0.0005455811531875909,0.0010093383415439305,-0.0014636688398184106,0.004220761934315753,-0.004041144346278891,0.00043038134951967066,0.00032277260575774847,0.00010893504896269945,0.0015749249218419692,0.0013900861217166494
2025-11-24 17:30:00,-0.0008357856038161415,-0.0020297623873819504,0.004610019638229268,-0.001030332920224808,0.0015570016106911666,-0.0004885078746168503,0.005295419462115092,0.0012074347164530153,0.001502038338835554,0.0005708233741099633,0.0041402144559326,0.00011114719473503953
2025-11-24 18:30:00,0.00155157611063661,-0.0012639009598371942,0.0003603501900224515,-0.002527832918237216,0.004169640672131436,0.0010419280046942703,5.0085254600595874e-05,-0.0038402644774766515,-0.0004336033044776144,0.005679913277504056,0.002276876345425727,0.0006664544270762462
2025-11-24 19:30:00,-0.005189382976551471,-0.001100274919470401,0.0009245366959813595,0.00037956323397914105,0.0008375957967423631,0.0006912703103854057,0.0007017457564026941,0.0010370544629374479,5.994752813887061e-05,0.0014982732743753502,0.0012785564168007468,-0.0009443031808737956
2025-11-24 20:30:00,0.0012220634251614015,0.0048322804473874825,-0.0017919839057878306,-0.0010758035612701278,3.1044023325321746e-06,-0.0029147534616953408,-0.0044523198920831675,0.0012947910562939313,-0.00019436349575308043,0.0018322023088153117,0.00028384163213779345,0.00027784875379754936
2025-11-25 14:30:00,-0.021962895777860147,-0.06492208581917769,0.010542778536753339,-0.01148426089672494,0.0026942910363931816,0.021744338254288564,0.0037505741356804734,-0.008620206566815725,-0.0003439243130252123,-0.0011580841389564611,-0.029160805931105926,0.00509836596522284
2025-11-25 15:30:00,0.009638871219582512,0.02110440617712861,-0.003861850149053936,0.008016776093409561,0.004664669314479397,0.00010371723050006665,0.005383639772584381,0.001478052434865873,0.0027482703187695634,0.0029189038392409827,0.005174044858530458,0.0002210428686684196
2025-11-25 16:30:00,0.014309688253372421,0.0046320289073742416,0.004453633198756357,0.008100106308920552,0.0064767445070161855,0.0038298007040875603,0.0044449554429393245,-0.004527151895560522,0.004316354261457711,0.0021642497848732845,0.003773961584914609,-0.00038687818007598906
2025-11-25 17:30:00,0.0004778306681085809,0.003809626251223719,-0.0011117691155924092,0.0015849214156444802,0.0013513114684329253,0.0014929326466619486,0.0030568279713039104,0.00034818251080181994,0.001046528005199221,-0.0016391868718121927,0.001301065233859866,-0.0005530393466344208
2025-11-25 18:30:00,-0.0039490762561058546,-0.00814870285965874,-0.002604213384732823,-0.0007658811849786673,0.0010449560897090038,0.004094133439662251,0.0013189802866158118,0.0023963055034021963,-0.001046528005199221,-0.003180633411152378,0.0026000347792702883,-0.0003319367034286813
2025-11-25 19:30:00,0.0013897691053150751,0.011755614741814746,-0.0016918694299912218,0.001486144995448413,-0.001349899191797732,0.0015162154495849123,-0.000626316330933463,-0.0006964799548354605,0.0017509652191618486,0.0006514058024897906,0.001369535230966612,-0.0023267317791413333
2025-11-25 20:30:00,0.004206228978146598,0.005404328026065386,-0.0022181202321958082,-0.00033229607873330735,0.00047921152574925685,0.0040475793703933505,-0.0009236921742790116,-0.0026599845540067335,0.0007410152247198099,-1.9752802510097922e-05,-0.0022354258580365993,0.0008870366352669024
2025-11-26 14:30:00,0.0005417038409536445,0.009989330590901346,0.0031003894487771078,0.013143690204408642,0.003977242564825012,-0.0012896091691674272,0.009313313414496704,0.0054779195201604125,0.004626326301409023,0.006085762754314494,0.0015869671725194934,-0.0002771250070114917
2025-11-26 15:30:00,-0.0008517967111574265,0.007351019441186324,0.004310568603562714,0.007310153316429258,0.002465807826867561,0.0028131278259513337,0.0021067924386004577,0.0026974157661019404,0.0035329322273884856,0.0012153193934203443,0.000720447066733243,0.0016615147992604662
2025-11-26 16:30:00,0.003809724403541992,-0.0007188746580428784,0.00024694512169354255,9.278379664579006e-06,-0.0008836252460966421,-0.0007064944358576852,0.0017278723005311747,0.0002598744972122091,0.0006022507251222109,0.001500818395649972,0.0014394486126603212,0.0005531690976683379
2025-11-26 17:30:00,0.006514218077817269,0.00016592704261508828,-0.0018973990864656898,8.544481443983898e-05,-0.000736576495852681,-0.0017919973971354253,0.0009116324778437601,0.0010818530718994523,0.00024959863817297645,-0.000130461560689632,0.002442437812974596,0.0006081918283884491
2025-11-26 18:30:00,0.006545936153674603,-0.0014389780344261638,-0.0010415691342862132,-2.382100445963431e-05,-0.004975315242474743,-0.0026781444473318317,0.0011760940733998027,-0.000995309306135006,0.00019085387093920048,2.610959406723623e-05,0.006578957817326092,0.0009679230639001446
2025-11-26 19:30:00,-0.002795725796988613,-0.00022161715701596307,-0.0006471697193353165,0.0008828784388770217,-0.0005882842774100894,0.00048102116414572293,0.0010994073340384602,-0.0015163922416290276,-5.8685927135648797e-05,-0.0004957210521716604,-0.00042772907735777466,2.6541039082950135e-05
2025-11-26 20:30:00,0.003179205567797716,-0.0017742841812244947,-0.0021959701560350098,-0.003618668305753303,-0.0013520776974029758,-0.0010333689910773103,-0.0009420909254833632,-0.004737438944911965,-0.0023074270865439672,-0.0003393275929788331,-0.001284394986490689,0.0008830357293678759
2025-11-28 14:30:00,0.0021027295399793644,-0.016225091246908185,-0.004370337012471914,0.010429667131878873,0.010247595787365782,0.01229101189180426,0.015799625450045873,0.008589004333837025,0.0030264730113360727,0.007775234633402128,0.010087449342715438,-0.0039246696951655835
2025-11-28 15:30:00,0.004173325883642498,-0.0011772263292471052,-3.6233789249884296e-05,0.0014665771144173334,0.0019852698060933704,0.004837140952012042,0.0025241112603442417,0.003879790579379261,0.0006745981655376099,0.00307776749885047,0.0035278383803065694,-0.002662059770329961
2025-11-28 16:30:00,0.00130380528519769,0.00029809759677501546,0.002891698420643962,-0.000315536817312001,0.000709005314226907,0.0012482492038978776,-0.002684038931980659,-0.0010331705520574275,0.00024182082340118427,-0.0006685145666658343,0.0009855642766085637,0.001498232909365349
2025-11-28 18:00:00,0.0008631985646943008,-0.0029071389136170467,0.0056149506265645854,0.0018612778038713529,0.0045371955149624554,0.0033262833438998385,0.0020775545966023046,-0.002328461641781132,0.0011644477098222694,0.0029900209573643366,0.002108688901397926,0.0007760068718623003
2025-12-01 14:30:00,-0.004172966031439351,0.012602875935697533,-0.0016808042172193893,-0.010747319277471412,-0.0012016084793282644,-0.01236279462423795,-0.008819389071727635,0.011033737743648686,-0.004813087278629169,0.0018532069734344958,-0.0012646153126780746,-0.014567025701121672
2025-12-01 15:30:00,-0.0027356424905544685,0.0005589743674052627,-0.0007987468540511244,0.003086859585417656,0.004669586823422556,0.005053691115397996,0.00022548457408522182,-0.0025223346394342983,0.0018368273608464492,0.0029017287311381423,-0.004227187450048575,-0.0013681958374229808
2025-12-01 16:30:00,0.004710173547577412,0.004877446463315671,0.006636301338010853,0.0012382353236430887,0.0016868453583951393,0.0012050962465144366,0.0015284939770801032,0.001026805495184746,0.001364715397254912,-0.0011799566609482781,0.0012700765857918128,-0.00026461822531942403
2025-12-01 17:30:00,0.00031099665648426367,-0.002393988049026241,0.0029184469283167758,-0.0005012303286342501,0.0025359525309553987,-0.002855656147803032,-0.0005016784640803351,0.000812132462919557,0.0006888591709328651,0.0012825400447598057,0.0008457507767865025,0.0003951832370026054
2025-12-01 18:30:00,-0.003340911050178974,-0.0017573607819665327,0.0010750866947635274,-0.0016487511958303003,-0.0033256859726593646,0.0010327387043904679,-0.005869283500784306,-0.0013253707788098978,-0.0027584677869620933,0.00028203050098429827,-0.0002819091439052457,-0.0007319854182368246
2025-12-01 19:30:00,0.002268794756350445,0.0016174401316320086,0.00362469828444123,-0.00010246865003171735,0.0012725801559128058,-0.0017186831087050436,3.436760738839695e-05,0.0005559745394760895,0.00019099687423995704,-0.0010258615341847133,0.0024635318532393313,0.0007319854182368246
2025-12-01 20:30:00,0.0034451311710972377,0.0033954318488111923,0.00498914268338968,-0.0020110221878137935,-0.0022551950327320824,-0.0005069820098562161,-9.91557344338645e-05,-0.002354451268920421,-0.0006759161719491757,-2.560521388073056e-05,-0.0004922640188107508,-0.000619390285975463
2025-12-02 14:30:00,-0.0011391538177853988,0.0179773278583788,0.004402267997331677,0.00756127507929083,0.00328591532761191,0.0020925328043723823,0.0017137925879939786,-0.01289786211222399,0.0019238505377447979,-0.011847277279538382,-0.0032405203768730573,-0.0021991009665507377
2025-12-02 15:30:00,-0.013138677576526092,-0.014815533181061546,0.0034028595524011607,-0.0018874899988947647,-0.001406471822687827,-0.004343397039266783,-0.002571742123570253,0.0017784881413547282,-0.002306139130081597,-0.00258688570534904,-0.004384386495322801,0.001787852454475214
2025-12-02 16:30:00,0.0031026955972306425,0.008822322871312238,0.0011549906611163507,0.007346285845275524,0.007649728428443581,0.008348607357904214,0.001440398084114669,-0.001084057925668347,0.0035670963787985954,0.003741582523431042,-0.00014178376874252052,0.0007694917252365485
2025-12-02 17:30:00,-0.0009369409615489488,-0.002445936357690748,-0.002293875959995084,-0.006345989273889963,-0.004370427094209539,0.0016424906576659737,-0.004538615786895406,0.00026027050937216245,-0.0020536053717599145,-0.0007394194536587406,0.0002834393113611,-0.0001892024195715436
2025-12-02 18:30:00,0.003992073893448023,-0.003942474235773652,0.0014364926607930428,-0.000492858682144437,-0.0007568019466459575,0.0005417033784116398,0.003324954722810247,-0.0023893254200446634,0.0005138416368950516,0.0018540468110446184,-0.0055425339284616015,0.0015080704964729463
2025-12-02 19:30:00,0.008329412566381755,0.0023728327468530708,0.0021508239950263075,0.0007785095886720939,0.002201566296222701,0.0011830932894527635,-0.002009905967118364,0.002322543238048702,0.0016350092445467368,0.00034961244793052515,-0.0009980708962746832,-0.0005511698982090252
2025-12-02 20:30:00,-0.003211556969360707,-0.00038585444799110746,-3.486382876527472e-05,-0.00034686353621271593,-0.004809871126466803,0.00013139989056920598,-0.000925139924284224,0.0008471875123490236,-0.001502985176564664,0.0026896557188811343,0.0008556279870974848,-0.0006190765154796551
2025-12-03 14:30:00,0.028176656659478994,-0.005695493691597164,0.003872254543846765,-0.024247847721116322,-0.012753253946901744,-0.005712326438486848,0.003226447054296422,0.013645470275655214,0.0002934537580427943,0.0028369702009225506,0.009080643543128986,0.00118037095411605
2025-12-03 15:30:00,-0.004014608143068088,0.001219248752938995,-0.003243612894277881,0.003776930851283389,0.00336813608092168,-0.0012817542126439818,0.00182749667599591,0.004521667969293652,0.0010337002288896002,-0.0008244849362855078,0.003806258741190227,-0.0008989952898117437
2025-12-03 16:30:00,0.00408258865474842,-0.0009697475319949689,-8.726995142804839e-05,0.004758221021178066,0.0012452652309562495,0.00503459271229989,6.459320508334088e-05,0.0009852052552554724,0.0017204032028788063,-0.0023483067280771763,-0.0005629967208085063,0.0011812399413484442
2025-12-03 17:30:00,0.004476733191321358,0.0015234067131997264,-0.0024672728274763855,-0.0014935927797541382,-0.002196217742668871,-0.0017408306938309082,0.0057835256117897416,0.0016500455830463778,0.0005118585432608569,-0.0017066269221244212,-0.0023961977731676853,0.00039346535855599996
2025-12-03 18:30:00,0.008289859193123306,0.0005257473168107651,-0.0016440996064526203,6.227495216926116e-05,-0.00015137579807511514,-0.0007991631091144313,0.0009151133588671811,0.0005092306912723998,0.000613991641095879,0.0010475845949482476,-0.005093398232587809,0.0016282156297320327
2025-12-03 19:30:00,-0.001500136714823519,-0.004019191561849489,-0.002299190319103417,0.0012446853202412456,0.0029496378915050414,-0.00010384905738280992,0.0012199587204859696,-0.0018259880423014963,0.0002815320982794134,0.0010207157913812992,0.001417413067957618,-0.0003928251076370515
2025-12-03 20:30:00,0.0012987688397210206,-0.002113134740295841,-0.001424284496615691,-0.009561868239632787,-0.0010323261933145034,-0.006820270537673423,0.000704063425499335,0.0016138185168248498,-0.0010417168026588541,-0.00087855431985151,0.0009910059066529087,-0.0004490096209917027
2025-12-04 14:30:00,0.0036408864444874567,0.007984593450325761,-0.010347163881015753,0.0006382673980986908,-0.015591946730106443,0.03982232505105987,0.018583299326919267,-0.0041927873897016354,-0.00031450354830120375,-0.0004911817975958854,0.00042440094480156176,-0.0034873221279827504
2025-12-04 15:30:00,0.00026750588747326276,0.008550742073838435,-0.003365983235172898,0.0002823169193062469,-0.0038320516522354353,-0.0013227390163441655,-0.005312738704756015,-0.0016805254992409147,-0.0003564914704838884,0.002608587364384185,0.008310548234199189,-0.001260667534364046
2025-12-04 16:30:00,0.002626760498324998,0.004969678715781356,-0.0005889008750097346,0.00020911717118021755,-0.0032082816552412297,0.005011153303708049,0.000758406788100352,0.0022597863711757427,0.0009780828464869273,-0.0013034825020037388,0.003500668656456263,0.0004726569510005163
2025-12-04 17:30:00,-0.003005793662141265,0.00038134505048947887,-0.00039272068105056235,0.0014520842258232136,0.004961939088218514,-0.005138951107192646,0.002587020154581232,-0.0006390847219268636,0.0009606355577478354,0.0005552196660447706,0.000977990913830773,-0.00017029255467360116
2025-12-04 18:30:00,-0.0020647171616268167,-0.007105230468724244,-0.004097666353819918,-0.0036915332525850886,4.377699491531217e-05,-0.002960441729874752,-0.00374067448221016,-0.004227933267464401,-0.003654279170084429,-0.0019896894757645,-0.003707456049721003,-0.0014674035051429613
2025-12-04 19:30:00,0.007235760426800297,4.661682963025271e-05,0.0045261208839368905,0.00480368559319011,0.0017426383267995504,-0.003272590461998348,-0.004377743167265358,0.0006417263192934897,0.0008353972434615997,0.0007757021544492204,0.0006305134724300387,0.0001694224095949437
2025-12-04 20:30:00,0.008229421505123291,0.005886936069321003,0.0018723875193327189,0.002732425860859422,0.0017116338759439742,0.0016570036550120903,0.0041721449689324785,0.002008166730028016,0.0024136385443433994,0.00046508533237865635,-0.00014011538113045674,0.0006774027446621034
2025-12-05 14:30:00,0.0027686029704572235,-0.0034415558042315553,-0.000694647975436169,0.004782424415297193,0.007992393355411131,0.013889171954871493,0.003995118073537363,0.003961784660455159,0.005079109305584417,0.009512815581734557,0.010805864950622635,-0.0020845826457014383
2025-12-05 15:30:00,-0.0058205144232772454,-0.00389168107108695,-0.004145052694454421,-0.007997957649433118,-0.005490114825826176,-0.003485969364807495,-0.006719275214191356,0.0066526741564665315,-0.0028079435877508274,-0.007654555592535139,-0.0038255208296220644,-0.0036768478591868714
2025-12-05 16:30:00,0.0009374645376025725,-0.0015402229250760513,-0.0035150444485729793,0.0021958780345912032,-0.0012372855250299963,0.007432084532177363,0.004446593123939024,-0.0023678554767032622,-0.0008257027220253121,-5.1622009181073736e-05,0.0023623410969406677,0.0009531008483172343
2025-12-05 17:30:00,0.0038071214671129283,0.0025284630991757595,0.004034034713397361,0.0021420607538953362,0.001959789632457465,-0.002434534840301872,0.00044204218811927376,-0.003010227275940025,0.001690997301450281,-0.000980300805101031,-0.0009720155137253883,-0.0006250831649801114
2025-12-05 18:30:00,-0.0011427828785093297,-0.0043163261227237015,-0.0007382028140137109,0.0009759263939761453,-0.0007181192929168745,0.000803216066757706,-0.004349517701252914,-0.0025934863940113573,-0.0009034669622627334,-0.0007747006539160495,-0.0016685591089231622,0.00016561324531672028
2025-12-05 19:30:00,0.001010523250052131,0.0022151995778081357,-0.0015497361501495277,0.00022830316542865603,-0.0018085727183665412,0.000252806461576327,0.0015679911893995424,-0.0013631767823714114,0.00010935242156495661,-0.0015769436917372204,0.0,0.0003460284314451556
2025-12-05 20:30:00,-0.0006148044950462506,0.0027045474296931715,-4.0829383807228226e-05,0.002259130957633637,0.001264177263302635,0.0011142724219332933,-0.002932073143972147,-0.006586605057788297,-0.0005175943937700822,-0.0001294185040494611,0.0005564957702457463,-5.668230017885634e-05
2025-12-08 14:30:00,-0.025496577870328885,0.0038346564913345205,-0.004421723651997667,0.012441608595490372,-0.0022242525129723134,-0.006983199884030178,-3.1776528850890884e-05,-8.577871428006034e-05,-0.0015983476308258915,-0.0025519917849319285,-0.014146914692152457,-0.005345491311363304
2025-12-08 15:30:00,-0.011267888593427422,0.0023703163931863003,-0.0003603693797611385,0.004921204037584559,-0.004243999984816504,0.001590475467491359,6.34551729374877e-05,-0.0020190363338397077,-0.0006794542508323786,0.0008168462277904354,-0.0015529135862104582,-0.00011406895232557446
2025-12-08 16:30:00,-0.002803144954590664,-0.0004361080021579866,-0.0008292216586411882,-0.0017308824573500914,-0.0034703021361792707,-0.0006093179714863339,-0.0018587242486880484,-0.003575517296691366,-0.0020486470005502966,-0.0007260437830920452,0.0,0.0007980356657073528
2025-12-08 17:30:00,-4.822457999420493e-05,0.013480362660634349,-0.0009383247166185882,0.0005104034611287389,-0.0010120583709198883,-0.0023480442855978723,-0.0025953233661972774,-0.0019006590663739331,0.0002050715433323802,-0.0007785403913889155,-0.003963747852652411,0.00017091860794860025
2025-12-08 18:30:00,-0.0017888128970859896,-0.006409114680005601,-0.0022048908646876697,-0.001020071866673966,0.00017612756546458996,-0.0020609370393378512,0.0011790607819719412,0.00030264930512213795,-0.0008571280013791593,-0.00031155425174578255,-0.0001418843378795387,0.0017645083150688023
2025-12-08 19:30:00,0.003092639876903114,0.0009659168695170806,0.0020423567066742976,-0.0010099627659192478,-0.0005100554252281952,0.00258491651224535,0.0023063485748444634,-0.0004755857656553175,0.0005788319740531733,0.00041541050749316355,-0.0015617326119414798,-0.0004550730063623831
2025-12-08 20:30:00,0.003988927515678142,0.0037520853330628157,0.0037305203822182165,0.0024974271750037857,6.96447225347896e-05,-0.0017674619359171473,0.0018254215831436937,0.0031949866668368188,0.0014784707795980623,0.00044120940877423465,0.0014199363891123085,0.0
2025-12-09 14:30:00,0.013118627133934524,-0.005132216937567158,-0.0009357494342001615,-0.0013243696327682741,0.002947316135304412,-0.01557736290768208,0.005251193920589259,0.02519924901674564,0.0008261085010019542,0.0036260405564449982,-0.009408531951518029,0.001932653338957202
2025-12-09 15:30:00,0.0023439251348849055,0.0023803226109277986,-0.0010448688116442284,0.0005095853092429437,0.0007903081675060264,-0.001859400225347585,0.0033230500372880556,0.00427836854711483,0.0008691889921257356,0.0017120208328185171,0.00014324577355218082,-0.0004544009432798646
2025-12-09 16:30:00,0.0073212370842234975,-0.0009839324830265284,0.0016748028256312608,-0.0015703328568390518,0.0006581802868890207,-0.0002593515694524484,-0.0029760985665800987,-0.0014240686716195938,-0.00023362952213634713,-0.0013504385657192586,-0.0016482929622849696,0.00039755795762808077
2025-12-09 17:30:00,0.0017906196637893501,-0.00016119389493773895,0.0018337104935826076,0.0008772407166164342,0.0014025514606421652,0.0032829761896673304,-0.05321073373466145,-0.005042438330640664,-0.0005990754371243412,-0.0001033184140366572,0.0010036893203704267,-0.00034077905263174557
2025-12-09 18:30:00,-0.0029041268161051903,-0.0016957188288424518,0.001094978951026171,0.0010394892361889063,-0.0014464568298544478,0.0007525782189743424,0.005192239623997175,-0.000589943072976773,-0.0007456447146907408,0.0002842182326201481,7.160670974304395e-05,-0.0008524560484586274
2025-12-09 19:30:00,-0.004305575255759031,-0.0011656868165959011,-0.0029647126417939873,0.0001323466002114415,-0.00028516409880818827,-0.0024803599902405438,0.002135397985425058,-0.0031241021929977464,-0.0005924681534157372,0.0004649531961513631,0.001875253113403197,0.0005206655911571545
2025-12-09 20:30:00,-0.004661111161246012,0.003466016924273063,-0.0022878228901879183,0.002248208765077031,-6.581349922996083e-05,0.0007158734428465152,-0.007627041560227532,-8.458823905321822e-05,-0.0004025606700608364,0.00046481589254376843,-0.0005865532991897737,-0.00035011623704850336
2025-12-10 14:30:00,0.0017056261498691327,-0.006021212388004571,0.0007932545721516249,-0.024002350819475105,0.016687570595870227,-0.008412777469097854,0.014337387551651481,0.007372955948109272,-8.784158530783515e-05,-0.003724116315430237,-0.007469104689540984,0.0035183052573026785
2025-12-10 15:30:00,0.00016633868243065564,-0.005530883984742552,0.0029068475658977633,-5.209322655819193e-05,-0.0003236847536358667,0.0023488990565061485,0.006310382947515514,-0.0005457965139745724,0.0010682303620077604,0.0008546329141738696,-0.0008653910392837361,0.0006795125674905478
2025-12-10 16:30:00,-0.0023208393711096065,-0.0015078587504406826,0.0009655405408919293,0.0025676953992848084,-0.004065935924893793,-0.003989236754197378,-0.0028069257213152454,0.0020558031611193073,-0.0008485961923030416,7.7657695424449e-05,0.004750519276305987,0.0006791374637025172
2025-12-10 17:30:00,0.0009339288719374395,0.00021903327358430147,-0.001460511201607062,-0.008989616156395819,-0.0016700592757601385,-0.008348770290731444,0.0028069257213152454,-0.0005449727550947969,-0.00036602416847308916,-0.0009711944573203013,0.0010048044732187122,-5.662753182011926e-05
2025-12-10 18:30:00,0.005543360369066441,0.0026567495477660685,0.00035951434464909227,-0.0017195259140043717,-0.0003039831690410111,0.0010015691328870702,-0.0009130296423505158,0.0009640395722048112,0.0019311062820133174,0.0005310807665601658,0.005865171942213365,-0.004479316284909274
2025-12-10 19:30:00,0.018312306958335967,0.003784280883195379,0.002727962025461217,0.0033314779221269575,0.0071616597755745914,0.003757502393345824,0.011933834057211712,0.0032207672209292326,0.0056983140728901205,0.008028203629868003,0.007672684803752716,0.0038002267327232886
2025-12-10 20:30:00,-0.010510757880059174,-5.4381516740420466e-05,-0.0009324360006184307,0.0009649305653240958,-0.0009921949315350176,0.0030974479492531515,-0.0002901563376589422,-0.0016718600889182866,-0.0009595562409616676,-0.0007002829141988798,-0.001416409172768418,-0.00045301151253784866
2025-12-11 14:30:00,-0.016056087593165458,-0.03147838132847092,-0.009372161892200026,0.0038138444770652313,-0.0035021656124021305,0.004115031404471559,0.007549164868941638,0.0011705636071939196,-0.0017470990952226373,0.0018127936805791833,-0.025699509972915813,0.004295303061091715
2025-12-11 15:30:00,-0.006209867627823051,-0.005772874779697901,-0.001068885248809437,-0.0029148337585249706,-0.008831322404236452,-0.009236376888543951,0.006841169565967142,-0.002677599284628407,-0.002414577821680197,0.004491502878376075,-0.002621237848255298,-0.001862786342702094
2025-12-11 16:30:00,0.0069321853389112675,0.008023193906748105,0.0075126733747623575,0.0035741416602919074,0.0053711650586931725,0.0034428865424409594,0.0023651589137649864,0.007554125323444794,0.004008868715183134,0.004435250433448168,0.00233026661040725,0.0010040463425138313
2025-12-11 17:30:00,0.003635384619940396,0.004576904369535839,-0.0013769042296338796,0.0027905555196587883,-0.0026220977130595458,0.0008472887058363909,0.0034485640942669704,-0.003832532024952151,0.0003927614053393924,0.0012708743019214097,0.0,-0.0014290791328752661
2025-12-11 18:30:00,0.0027753951244786634,0.00889206522194641,0.0008550465825525322,0.0071114399783933635,0.0015857943604800084,0.003888345519610148,0.0009494581524629453,-0.005063054320491034,0.0015330800774933095,-0.0019323149723362576,0.004499683706923996,-0.0026306992229123694
2025-12-11 19:30:00,-0.00546866413198277,-0.002970528792665128,0.001205319693132978,-0.002206588246438379,-0.0006601763403963901,-0.0021036886120162634,0.002049969661332085,0.0015509198229626264,-0.000355809241072258,-0.0010185996318146096,0.0012302216883393058,5.672701552139614e-05
2025-12-11 20:30:00,0.004439991596875359,0.0031308582096576387,-0.00012587736236291391,-0.0014255220243013511,0.002511072887919852,0.0034220706205161378,0.00020477563776033492,0.0014649206304806484,0.0010380875347442142,0.001934359924693041,0.0016619993274602507,-0.0003968106783416303
2025-12-12 14:30:00,0.007112077901722635,-0.00774263330387992,-0.0006835481132787535,-0.010902933624962863,-0.017037527250291618,-0.013525941707944966,-0.0002205441392364449,-0.008484255348320424,-0.00786663583059699,0.005628963933942188,-0.009868028221747593,-0.008768950746610216
2025-12-12 15:30:00,-0.009378232152046806,-0.0163125615039883,-0.00046797173777424206,-0.0014149848000668541,-0.0015915149383465277,-0.003951897200805021,0.0015426925137829173,-0.0010972548128238557,-0.003633621722620717,-0.00253164692177954,0.0018940379610912217,-0.0013735793869873447
2025-12-12 16:30:00,0.004787463818441751,-0.0006512168245453864,0.00041404531481958884,-7.281804093928201e-06,0.0013706094968073401,0.002724394464405755,0.0029055935199533423,0.002951458613122959,0.0002788555867274667,-0.0018138234136264586,0.0040675013672197835,0.0012602992649357603
2025-12-12 17:30:00,0.01669147581217345,0.0052546532894774955,0.004291499064459359,0.0022265898576803167,0.0029118685158042723,0.006632215737767844,0.0006271744733332696,0.0005050724758541847,0.0035448831744782083,0.00318173035508984,0.0005796128587309823,-0.0009441800666687428
2025-12-12 18:30:00,-0.010385552734859083,-0.006991402602033681,-0.003949648171920117,0.0002508241491803176,-0.0006169548321519613,-0.0033881643926232385,-0.005500823106723729,-0.0029922129737753878,-0.003522939922145696,0.00022778980915560965,-0.002756546019902828,-0.0005451889353587092
2025-12-12 19:30:00,0.00919967384223419,-0.001753389651046433,0.0003776241907020861,-0.0014523512105393266,-0.000608518742637898,6.194974383433305e-05,0.00207816327826027,0.002655504925273,-0.00016875151862727478,-0.0007086437680552393,-0.0010175114302670707,0.0002851711502849241
2025-12-12 20:30:00,0.008969271737833573,-0.005215208816620631,0.0011322369842066138,0.0004494422956193844,-0.002305149439349563,-0.0017214551215403162,0.0021679172871120755,0.00033670804850238767,0.0005428770448796527,0.0014423318363974147,0.0011627065633597056,0.0004591792287058638
2025-12-15 14:30:00,0.027833840630077766,0.0026343555605281566,-0.015294023074382324,-0.011498127062103514,-0.014069078746899777,-0.004956067082279247,0.005102945862788033,-0.00964066147275755,-0.0028055883581075136,0.003231833186836397,-0.009926981896742681,0.005023460488915887
2025-12-15 15:30:00,0.018696062760436227,0.015835056878957587,0.004966837602419005,0.004766654760273603,0.0060793205690652385,0.014695389242079138,0.0011703117061729884,-0.004983497317741836,0.004359245034532222,-0.00424398957309613,-0.003232937582011708,-0.0014807428334693284
2025-12-15 16:30:00,-0.008454938660184652,-0.003692589382312761,-0.00214376592476917,-0.0018112084344483748,-0.00825628653535837,-0.0003614659680017951,-0.0018887200736585896,-0.0012818453754182002,-0.0031390532280788364,0.0013914124940415107,-0.001178230316817519,-0.0023413404708163554
2025-12-15 17:30:00,-0.0026458502709383325,-0.002649985871286731,-0.003206082779745323,-0.0016455327194391245,-0.0007641741343054065,-0.00013844641463034435,-0.00031255813924069287,0.00021376590536181794,-0.000984902577587654,0.0008464991882206618,-0.002656048543293821,-0.00028478519588670537
2025-12-15 18:30:00,0.001964300439082578,8.467892500352292e-05,-0.0024479412427069747,0.0010129806836527422,0.0038043124388522642,0.0015367596536526307,0.00015624359151722444,0.000897226904262638,0.0012573782466533956,0.0009467486235310574,0.006773683468437319,-0.00029516631771464574
2025-12-15 19:30:00,0.002522655316600897,-0.004583127131766673,0.001589976369309909,0.0010909182644009974,-0.0025010887665928294,-0.0003455275727599627,0.0012338289118840606,0.0037512508141590573,0.00034436613935895366,-0.0010856619882222418,-0.003233888231402915,0.0007514466049087787
2025-12-15 20:30:00,-0.005874434304136145,-0.0005673139714676978,0.0011315432958793892,0.0004265992264027574,-0.0005165604837120696,-0.005383160613292581,-0.0009369570455799447,0.001912805639415538,-0.0005286982511174543,-0.00010107506952738987,-0.00014716199247999384,-0.0006861568992739819
2025-12-16 14:30:00,0.00015782047199408566,-0.00045345932819973456,-0.0034533295793819363,-0.0017073611516753573,-0.0008316085800759154,0.0027914632634438163,-0.013162112062226505,-0.023285832160611974,-0.004446443540443212,0.0038958233537824682,-0.027544210230831645,0.0036542199164992795
2025-12-16 15:30:00,0.001240948236391759,-0.0007388272861605927,-0.0013187879192448904,-0.000960392424045331,0.001729865756447957,0.0016157763666351244,-0.0011403129265614709,0.001650401602901752,-0.0008192832311539888,-0.003163395283558579,0.004455331699037224,-0.0007412120390979382
2025-12-16 16:30:00,0.006589108577149894,0.0026382411662799754,0.0014285991384532792,0.0016141681435710709,-0.001977273119009304,0.0015517964300739706,-0.00024416268475846437,-0.000694580952067092,0.00036174589016635395,-0.0010924801810334728,0.0024081293398721115,0.001310927988127375
2025-12-16 17:30:00,-0.003428647378306948,-0.0015026690187953662,-0.003924261140396901,-0.0026599896600494333,-0.0037594667787006486,-0.0016978349935250492,-0.00016796900740345677,-0.002005637122291404,-0.002645999585658032,-0.000297069249366011,-0.0003006561978899924,-0.0006848635559517646
2025-12-16 18:30:00,0.005931321789073074,0.0029465358046003587,0.0052593512753240645,0.004576695306210077,0.0027693621806044177,0.007377397029523891,0.0013941777698587288,-0.0007783185485052968,0.002158684481652351,0.000909751340202547,-0.003012004440463123,0.000736142063879619
2025-12-16 19:30:00,0.015573411315574326,0.0024796490720850883,0.0036305448943014795,0.002773703281421902,0.0025147520178752103,0.005753654934827601,0.002735127048611119,0.0014803312071256514,0.0031705455706996233,0.001287367195642375,-0.0008299114402881003,0.0012022052500544333
2025-12-16 20:30:00,0.00447097956853959,0.0018675081686287953,-0.0003278376004836048,-0.0006507154287538341,-0.0005355221592306947,-0.0025835674324881097,-0.0036538205229614817,-0.0028738900639471154,-0.0005007538152739244,-0.0014515655679963047,-0.0008306007654059755,0.0001695178964578048
2025-12-17 14:30:00,0.0018358483770413159,-0.01779006041039466,0.0037274920771261932,0.003144722671062361,0.010054452077054243,0.0034331556925844,0.0069953981821857525,0.008758821087169189,0.00010311951835451083,0.009028318902978505,0.020042494494642682,-0.0006759859680816049
2025-12-17 15:30:00,-0.025449762439108348,-0.018784167382641215,-0.007304439469309365,-0.0013405056955066996,-0.0028455166687120226,-0.0009406550904742517,-0.0031994483215775915,0.006853873873027716,-0.006346200318670725,-0.0037749504642654585,-0.0023720697691045345,-0.0016017548668845194
2025-12-17 16:30:00,-0.0006467715049076617,0.0018384405001965476,-0.0022695490150654862,0.00032482415636803097,-0.0022108615284723854,0.001016457916716007,0.00047345810681598266,-3.609583161967578e-05,-0.000719144059540433,0.002246662781487885,-0.0002612930395899937,0.00039894021761632814
2025-12-17 17:30:00,-0.007401049127058634,0.004655782775555117,0.0005495389350214097,0.0027097236621651533,0.0006480897539882235,-0.0031209929855053886,-0.005204822762689965,-0.0009449819139293325,-0.0011577258559336556,0.0011649308161469918,0.0004096345142361457,-0.0003419638656136925
2025-12-17 18:30:00,-0.015513719606545351,-0.007576347213069212,0.002798127880418555,0.0005953794486153186,-0.003917579366182089,-0.006684759214640401,0.0005074407245038159,0.00415979857020865,-0.0013374911892789498,-0.0004255742918592986,-0.004313250226066323,0.0007408319133039853
2025-12-17 19:30:00,0.0069530187631494655,0.001403502367371523,-0.0004929103680266778,-0.0013479044234774307,-0.004023015612046876,0.0008342839795965062,0.0012832764827281906,0.0033964516326463468,7.442260315837501e-05,0.00032567577628572764,0.00934662830090538,-0.00034182747104249955
2025-12-17 20:30:00,-0.007102864808702591,-0.0015784649851804389,-0.006563055822392805,-0.00443271767281761,-0.0035148941920795096,-0.006292956823681806,-0.002552312984686722,0.001640731065457146,-0.0018157670920748714,1.2535632919252748e-05,0.0036848740273116576,0.0009112514362890067
2025-12-18 14:30:00,0.03421423892971198,0.023818880814537202,-0.0035374474642795306,0.018037214087699205,0.028261107448165568,0.025628078440913526,0.004608539613682794,-0.007307909588273986,0.011419756612360388,-0.0022191133146733932,-0.0035371865277085135,0.004317508103726553
2025-12-18 15:30:00,0.009798117120540795,-0.0009139050109538971,0.005154628289828267,0.00598527832828033,0.0032344854030963432,0.0010349752490919073,-0.0003160749097803617,0.002570281132458163,0.001081851283869284,0.007792727470035565,0.0,0.001642509987413554
2025-12-18 16:30:00,-0.0006968872361587941,-0.004815456590569589,-0.007556898331048778,-0.005598547812688537,-0.011083045662259927,-0.004687865136205005,-0.009911434842002187,-0.008205057661116122,-0.00585009801642844,-0.00900690516568492,-0.0017733526601571015,-0.0022095666093759903
2025-12-18 17:30:00,0.001601915339805693,0.005011581792362385,0.008841442466852811,0.003196626500227673,0.005483087510601337,0.004072959898548056,0.005476154782125597,0.004604798338634808,0.004495757723593563,0.0010133729052324014,-0.0005918170824763536,-0.000340353753053968
2025-12-18 18:30:00,-0.00404359810634336,-0.0020854500336469073,-0.004705713639726383,-0.0019137576896461894,-0.0020060268239765477,-0.004028373474168845,-0.0035146974777360285,-0.0015469263151208779,-0.002470530208412036,0.00030375811067528957,-0.00444977091251797,0.0004538081117031467
2025-12-18 19:30:00,-0.00017510017819422075,0.0007158708749575027,0.001730459105615978,-0.0019615086912700974,0.0007720354340401414,0.0009032512880127186,-0.0009722664553972749,0.0036058229315347745,0.0007085733158929131,-0.0004042139434679015,-0.0011154866777429717,0.0003470333078219312
2025-12-18 20:30:00,-0.006536403031272009,-0.0038143846501839107,0.0011764976512145253,-0.0014837830258604967,-2.2071034144310886e-05,-0.0002407566254722937,-0.0016918007827664283,-0.0011147257987111914,-0.0016985691014781423,0.0007028258521843966,-7.437218946826363e-05,4.982586035851e-05
2025-12-19 14:30:00,-0.005913197674225046,0.026371841511945604,-0.0015628693245686165,0.003404751633966363,0.00044092458979871907,-0.005902623850522204,0.011877649090578757,0.006839998093944644,0.003998060909629508,0.000852762380478822,0.00800479952236266,-0.006768816154293589
2025-12-19 15:30:00,0.0018918366235638473,0.003575818860149127,-0.001746541168168747,-0.0007454761995644432,0.004384255245558855,0.00940354328142945,0.0004734282355576269,-0.002047065371394652,0.0014418265199518387,0.0022038146912422008,0.0013278694074250197,0.0006846301075453809
2025-12-19 16:30:00,-0.004400935644599535,0.006781708155862987,-0.0022357890044064632,0.0014551615553797248,0.0024249306267067894,0.0020377677105196668,0.0010565305406640135,-0.0013243602277253075,0.0007495459435684637,0.0011750472494345132,0.001326220853917981,-0.001826839165163463
2025-12-19 17:30:00,0.003964680399138665,-0.0030797385973651004,0.00035094327496931754,-0.0012871671232677073,0.0011332951528979507,-0.0007786938791394249,0.002840939656521435,-0.0018826208304876246,0.00010284381078218274,0.0005745462894770625,0.001544907059994216,0.00017139711707780947
2025-12-19 18:30:00,0.0053570918036855986,0.003379425778930134,0.002287299465344006,-0.0020721837883721506,0.00039742397471353996,-0.0005169049144511106,-0.0021948858465616894,-0.0021008196000407153,-0.00016157802043181846,-0.0015744811065880882,-0.0006618107936287032,-0.00039994324425673966
2025-12-19 19:30:00,-0.0033745865327512448,-0.0006963656723435463,-0.0021026893859881213,-0.0027203378136286815,-0.0004805714108471193,-0.0011895665554009227,-0.0015763425697130629,-0.0015033015097980496,-0.00022779582704846035,-0.0006005022792052728,0.0002941548006072381,-0.00011433626307422173
2025-12-19 20:30:00,-0.0026788410360429893,0.0029963841748577025,0.01054255408307192,0.006460367600486627,-0.005613798393495628,-0.011503018358244077,0.0005361814289130962,0.0028757812208359823,0.00015435079356063142,-0.0014024484535442028,0.00044112610829927235,5.721337214126265e-05
2025-12-22 14:30:00,0.014563524438401032,0.013227715071132629,-0.0060657843576716886,-0.002997919259854598,0.0019772506040496296,0.007530947631971152,0.009775222130653738,0.011505632022977608,0.004661523829557979,0.018031060653076914,0.024255140255910135,-0.0019452583220811448
2025-12-22 15:30:00,0.009981453868728174,0.0012533635790203945,0.0015611496485234966,0.002153033074349331,-0.0012737831568978564,-0.005189527241308944,0.0021368286205047937,8.46884454821506e-05,0.0013153130675060964,0.0045186627762312526,-0.00460233349236816,0.0009730585157887717
2025-12-22 16:30:00,0.004211419699983843,-0.0028904051067888403,-0.0018369526291008853,0.00041276498589937205,0.0021293211232729092,-0.0020226716098452613,0.0032883670286487643,-0.0008900395071247402,-2.9150959584001157e-05,-0.0008701728476454562,0.0026632739086451807,-0.00022883382202643077
2025-12-22 17:30:00,-0.0006062931687731421,0.0006857019831087996,-0.003684397449649879,-0.00020585859044963684,-6.578463284689917e-05,-0.0003642396722467467,0.00047504334254178104,0.0025832720437852785,9.49380757084839e-05,3.6746299994838694e-05,0.0009341109352609678,-0.0009732813183740419
2025-12-22 18:30:00,-0.003157178338127231,0.0008423422505972056,-0.0002765595313700686,0.00026760162394090514,0.001730975875685381,0.0023728617180029943,-9.313354252959982e-05,-0.0006346504840575307,7.220273565700097e-06,-0.0003924544158957488,0.0022954964306913794,0.00017181923400411137
2025-12-22 19:30:00,-0.01132125202435219,-0.000518190831495069,-0.0005354247973015092,-0.001874654010181942,0.0019464485672759935,0.0009894569603607906,0.0018921386592660738,0.0018603973554291997,0.0002993726076283565,-0.00011036110328888071,0.0,0.0002290172761645337
2025-12-22 20:30:00,0.002540184198783102,0.001771607841265066,0.0003693396723214448,-0.00024745853229202197,-0.0017494489134426416,0.00048596271284928605,0.0013315972560574707,-0.0021566538018760184,-0.00019713556386680153,0.0016547370744639522,-0.0005734076488792539,0.00022905218707425234
2025-12-23 14:30:00,-0.004063686357715035,0.009027228636145246,7.380649686439256e-05,0.0021529512262326023,0.007320788090695807,0.0019638767984675454,0.0061242017155755946,0.00747093418302569,0.0006569377803993248,0.0001959062770007236,-0.0018758501012579032,-0.0007444803940854783
2025-12-23 15:30:00,-0.0023211579777715485,0.01412245661102407,0.0034698491301528023,0.0018813696391948298,0.001482948143674001,0.0022236602671537042,0.0040060010015716685,0.0023863272481179365,0.00182545061678141,0.004416340107879613,0.0037382513593540168,0.002243118764294394
2025-12-23 16:30:00,0.00021161408280256921,0.0016181136806263652,-0.0009254502147539867,-0.0002875952875136534,0.004027255257926576,0.00015807276250789926,0.00018378788947526203,4.195823161001755e-05,0.0008416117494123299,0.003620762461073568,0.0009913188117636196,0.0006171314951837203
2025-12-23 17:30:00,-0.0007866790763104703,-0.0011664044275683239,0.0006259353491042674,-0.00039048952176745644,0.0006393866957683514,8.22430954743325e-05,0.003284810432033325,0.0048922266778506085,0.0006910671107398514,-3.6477187452810256e-05,0.002685903646646892,-0.0002696321159429971
2025-12-23 18:30:00,-0.002993485961563458,0.0033090111936573408,0.0004047224562109264,0.0012530900228888697,0.001993388994285361,0.0012869810779321256,-0.002335746269913841,-0.0010859657881585605,0.00047987829212559063,0.0028869210869801876,0.0013195537916068645,-0.0007590738930778329
2025-12-23 19:30:00,0.006058523556514928,0.0008919048386273332,0.0010920677386261346,0.00037972949083986407,0.0009047919052012077,0.0006011865289057283,-0.0022578163661410855,-0.003260708325165673,-3.637996621375095e-05,0.00046017135062115244,0.0009963660885485837,0.0006288084757981593
2025-12-23 20:30:00,-0.002591334517960675,0.0022412880365676457,0.0004886427657844195,-0.0015917312828319652,-0.0003877052848286766,-0.0011877673396556432,-0.0006535204431976638,0.0002504887147605217,8.722097003488472e-05,0.0014517801510978146,-7.109732537546876e-05,0.00011422293539187223
2025-12-24 14:30:00,-0.01718931574991167,-0.010519760032606129,0.006572188590362238,0.002666119223287744,-8.611870936903188e-05,0.0006806403973378394,0.006805314823285613,0.003720659843787999,0.001822711580369507,-0.006671300713882999,-0.00021353945526492168,0.0026250113194565827
2025-12-24 15:30:00,0.009084271981053327,0.0038116210116942995,0.0029729977029395727,0.0013136231138490828,0.0018938847912677303,0.0020461971599807782,0.0031499075709140456,-0.0009601759618362848,0.001160222625914642,-0.00022420498699649016,-0.0009966498727438378,0.000961483961305909
2025-12-24 16:30:00,0.00016604025732025463,0.0014886823564479457,0.0018500986512535178,0.000347951310566863,0.0011604354059189248,0.0010871196804265182,0.0018366000425951157,0.00020882896699969677,0.0008257099912274413,0.0021452690664380825,0.0016369144837673488,0.0019407488981970644
2025-12-24 18:00:00,0.00547519604543556,0.0002921218866100972,-0.006666862974703314,-0.0021282693256869933,-0.002020859451026702,-0.0006895862865521352,-0.0019885967336445987,-0.0028017588443445263,-0.0006301413322722382,0.0007042888724697605,-0.004061477806917679,0.0004545042265515775
2025-12-26 14:30:00,-0.015069145317476718,0.017375275462900852,0.00472138228528074,-0.0019528049566810424,-0.0008185065177643835,-0.002462633526274516,-0.001520681614707975,-0.00012563091850914532,0.0009197475851259185,0.011993464441979462,-0.008460598725686275,-0.0003976257108089243
2025-12-26 15:30:00,0.002741330910758677,-0.002901207930163352,0.00020085798292335255,0.0014838256791787074,0.0016574732750953558,-0.0009400935314189951,-0.002071822725453032,-0.00365037172638516,-0.0006819501243882087,0.0026348326525296173,-0.006356600913334454,-0.0035861992148387145
2025-12-26 16:30:00,0.0024091380739781343,-0.001284951886401764,-0.0008734540730204188,0.001214848586242212,0.0018191492648806928,-0.0013483360022030766,-0.0010985546860862172,-0.0017686708194188938,-0.0001797799235063735,-0.00611928001757267,-0.002902715301018155,-0.0005133407786761524
2025-12-26 17:30:00,-0.001573264349405079,0.0039402590280488425,-0.0004371244660070772,-0.0023288592195154223,-0.0021167771726702256,-0.0022321012399588724,-0.001650191475369489,0.00029641964604287807,-0.0006420064296408512,9.629938936672744e-05,-1.5524942087452587e-06,0.00022815497802142204
2025-12-26 18:30:00,-0.0008147626769217098,0.0036850352788446727,0.0008742800775349835,0.0013344100806120807,0.0011788351090640248,0.0007721586880347076,-0.0011016735914486375,-0.0019383400408115037,0.0004996982715663734,0.002560026421805084,-0.008471823065494988,-5.701210359720932e-05
2025-12-26 19:30:00,-0.00027192653418151025,-0.004222451714919195,-0.002843206975573054,-0.0004719771562253783,0.00023625581580155597,-0.0007654296710342123,0.0016520089478593292,0.0032508710794445506,0.0002292397219854081,-0.0013813860131088873,0.0016916532825916875,0.0007983086895757552
2025-12-26 20:30:00,-0.006648635895887267,-0.0046600572451716005,-0.002668024065609842,0.0011589735474588636,-0.0012680050704689805,0.0016079501652965789,0.00241190960727522,0.001545904122679076,6.517160761010388e-05,0.0017053783278830892,0.0019736439421338403,0.00022793392519382394
2025-12-29 14:30:00,-0.018992561875958103,-0.01739076065637324,0.002574232530482945,-0.0008717028590581322,-0.0010758473334631091,-0.0072107095859967885,-0.007621794739838705,0.011892260569015711,-0.0033304213398430704,-0.048029392764887824,0.020741449016209224,0.0015443375747627996
2025-12-29 15:30:00,0.0029552280632598737,-5.557546150836146e-05,-0.002684023659950796,-0.003319254858511478,-0.003137749011252744,-0.0011168675598289823,-0.001014547594987647,0.0014507094571811763,-0.0011345780049856202,0.003456044659945867,-0.0005007481032235361,0.0005050803034443163
2025-12-29 16:30:00,-0.003238156977719342,-0.0019490491568268098,-0.0006590000332344914,-0.0016586078127289738,-0.0016962847682702176,-0.003381105441015997,-0.002124556120127963,-0.0002899482876337345,-0.0013104358558377882,-0.0011550071420396435,0.0012872251897118048,0.000341147215792148
2025-12-29 17:30:00,-0.004360747359626771,0.003098229582191969,0.00219509153063413,0.001411544143063992,0.0016427014956503783,0.0018214150791022732,0.00012331189813163945,-0.00016571345639704305,0.0015433863435445616,-0.0003140762786433271,-0.0036386442654503526,5.690438416916521e-05
2025-12-29 18:30:00,-0.002329817826931979,-0.00045299892735606306,0.00014608648278890968,0.0014506570893439985,-0.000820980457345577,0.0011414483977389978,-0.0006166174935389179,-0.0002901437041149535,0.00018912689138872452,0.0006783302725628104,0.002637575957495919,-0.000111469708265588
2025-12-29 19:30:00,-0.0007345872108306395,0.0031411204728284403,0.0008137905447407334,0.0015204867457638827,0.0033662746245832764,0.0032725744465658124,0.0015715580623538727,0.0010357328735324245,0.001046742986822835,0.00235784695421426,-0.0024353305955360227,3.2965098724524466e-05
2025-12-29 20:30:00,-0.006614035500734694,0.001411519742409162,-0.0003790028881800467,6.365588532730726e-05,-8.619187440839227e-05,-0.0015780406736292107,-0.0031454955476171165,-0.001657662590216269,-0.0004941291876638942,-0.0014416665165812859,-0.001578994211736351,0.0010444307978403344
2025-12-30 14:30:00,0.0023035923968199867,-0.005645681157550264,-0.00442548019462663,0.0005725954670623423,-0.0033449934162339545,0.01245949679688163,-0.002427590986610717,0.0042224596346054355,-0.0013093360733549275,0.006963277061793782,0.008155130554807322,-0.0032994047112779867
2025-12-30 15:30:00,0.0009763665917548181,0.00580504146002081,0.0009892970202152185,0.0024590809145008663,0.002396589587998932,0.00012521003358756388,0.001655115806583396,-0.0027304144274777897,0.00190110893997808,0.0006724759914717993,-0.004713310645652058,0.002390292932133775
2025-12-30 16:30:00,0.0022528083269710564,-0.0018613810694407817,-0.0009892970202152185,-0.001023897891652581,-0.0024397997351472966,-0.0013203449907415177,-0.0010515134441257956,0.001283022966583225,-0.0012607887029219,0.0012864544127078048,-0.0002863207783407873,-0.0009668051472804251
2025-12-30 17:30:00,-0.0036286436022052726,0.0016276817669087507,0.0018692294593698477,0.0002663243227054579,-0.0004294322131563888,0.001485254167065797,0.0004330656189459603,0.0015291900828167115,0.0005660784924828022,-0.001161920782065451,-0.00014324577355218082,0.001137315732359312
2025-12-30 18:30:00,-0.004093117380868705,-0.00032838994598005655,0.001061349928207278,0.0006959843522622577,0.002178511205915612,0.00035974073438094223,0.00032068944541219224,-0.001281061223659563,5.927900579916212e-05,-0.0008592861248644112,-0.0014332591455259447,-0.0005741797374971824
2025-12-30 19:30:00,-0.0054551347535936046,-0.0030564368497048022,-0.0008233612598136375,-0.0015258871900813986,0.00017305414062995794,-0.00040476318247062437,0.0003904831412837595,0.002362467739335905,-0.00043624435931821637,-0.0035820573625846563,-0.0008609206514229584,-0.0008476888617243716
2025-12-30 20:30:00,-0.003712051847023723,-0.0001599380426542396,-0.0006409107924643109,-0.0005228965735124547,0.0032307002800937568,-0.0015905375228317808,-0.00021640260099609065,-0.0014118560501126254,-0.000829433376019928,-0.0022030422126357863,0.0009325941202611432,0.00034141899866391157
2025-12-31 14:30:00,0.00035203552330109744,0.007780880961050229,-0.0018332483608416439,-0.0038943314815247376,-0.0027182327099337655,-0.003874311210092074,-0.0003710309427829017,-0.006465529678687076,-0.002025537721329407,-0.0009277129879006196,0.002864371102014651,-0.0016513017427692844
2025-12-31 15:30:00,-0.0017062743722249252,-0.0008945425027260256,0.0,-0.0007930783338476743,-0.0028021273470990593,0.0005350019339287471,-0.0005602042182397682,-0.00240623123877004,-0.0006274197221047828,-0.003077694467802594,-0.0037969652222757944,0.00017094782611426496
2025-12-31 16:30:00,0.001728293456460861,0.00039131946652037897,0.0006604417003943652,-0.0003585878219896088,0.0006485241125302466,-0.0014171473118498312,0.0001270977744303181,0.0011164286633267295,-0.00017516001214712418,-0.0010448155641853418,-0.0002872113734415649,0.0002278560111141914
2025-12-31 17:30:00,0.0005607861514942414,0.00026512803727651857,-0.00016509752236171238,0.0016117856354460613,0.0012094981141714811,0.00033139055656050687,0.0021013799878968342,0.0006692340149765386,0.0005397258717385611,0.0018622202413780542,-0.006193758510086411,-0.0034226930714975623
2025-12-31 18:30:00,-0.0035017352722954698,-0.004906992609406302,0.0012313625427866626,-0.0003056756567660912,0.0010355778063546595,-0.0009202272544888146,0.00033989547976087664,0.00012150385218401283,-0.0004886714895890876,-0.0025173712432788875,-0.001807730369074001,-0.00108782473161817
2025-12-31 19:30:00,-0.008341121812089902,-0.004851033980655117,-0.0032324957177962688,-0.004601621691600499,-0.00475514705197444,-0.003387563380249148,-0.0019153983813575692,4.157708155005935e-05,-0.0033851161166778,-0.00047902393904397655,0.0009404629205382875,-0.0005139974453465257
2025-12-31 20:30:00,0.00011120136521736157,-0.003452604372761847,-0.0008824468947237207,0.0003101771155114008,0.00025994350143498934,-0.00033328389252673674,-0.0032832538044411663,0.0011640910170749308,-0.0012897109268950047,-0.0006053786195252542,-0.0002893299504922453,-0.0018349890907032318
2026-01-02 14:30:00,-0.009948065542399576,0.021741652967015135,0.005685756304820266,-0.017278582549312915,-0.014464718340763127,-0.008146448515868876,-0.0010864863130084501,0.005511033220528816,0.0008942165884722186,0.005987451554688938,-0.012298573466327234,0.0013757052176757156
2026-01-02 15:30:00,-0.0022942935897836136,-0.005205897912341051,-0.01127599726008377,-0.004664074050245048,-0.007211943220528205,-0.012384181787540527,0.004771678257221801,0.0034650490252081667,-0.0009382591160163045,-0.00326597558184627,-0.0008057767325757581,-0.0016625597831971817
2026-01-02 16:30:00,-0.005237925856687475,-0.0006299473463675653,-0.0006460657997831021,0.001545861423571715,0.0036080645549541046,0.007658316549123079,-0.0009896624224428052,0.005584773997748371,0.0009382591160163045,0.0016343211148930337,0.007794508907582376,0.0005736268690981206
2026-01-02 17:30:00,-0.0076352574102847015,-0.0006245426443278745,-0.00025917600704072896,-0.00428239645834072,-0.0048040704371326015,-0.0011366344950296536,-0.0025559794767113786,0.00045035153199624034,-0.0021563737277432438,-0.0024651275942320083,-0.002386396446464545,-0.0005736268690981206
2026-01-02 18:30:00,2.3041068059725944e-05,-0.0008241101067296697,0.00018518099065545357,0.0015458968624342262,0.0036720099906837333,0.0024496777687010862,0.007001673641239492,0.002167020314076673,0.00288875986134407,-2.5210023322230768e-05,0.006393547547291156,-0.0007461020587857803
2026-01-02 19:30:00,0.004415325166273298,-0.0013259015933417828,0.0014057596000878192,-0.00013755456675745847,0.0001324654133121328,-0.001420511243611422,0.0011086708962144698,0.0008512604946462332,0.0004245061538741268,0.0024400410788123494,-0.0008694038619863065,0.000975627304944382
2026-01-02 20:30:00,-0.005122670360430348,-0.000768180576439903,0.0017359556805169873,0.0008567278396549582,8.832298407313033e-05,-0.0009984017964734804,0.0013833621730148238,0.0009442286263672273,-0.000102468989038762,0.0007660579467652084,-0.0003625116933676509,-0.0012053766172108737
2026-01-05 14:30:00,0.03855327579124701,0.006677994472591209,-0.004327059430845104,0.00029575601944298313,0.029237274403224767,0.017872622581214692,0.03144927348758042,0.011350872026367753,0.007808756116762794,0.025713134815701366,0.010172173028403897,0.002008125447150455
2026-01-05 15:30:00,-0.002837212078119933,0.000604870271284419,-0.0037875611640449947,0.002343854469557982,-0.004167841632365388,-0.00019626045576082163,-0.0017807297491838625,0.010505710818203617,0.00016619776038240275,-0.0008567556871215132,0.0048689245403119585,0.0007448642741891831
2026-01-05 16:30:00,0.004395321682467035,-0.013604970657445037,-0.006794140257026626,0.002569561088532346,0.004039204685891029,-0.00043034140728615,0.0038108859352776747,-0.0019964071557634355,-0.00042126532341679734,0.001309302044452565,0.0019267445811106398,0.0018881736701112928
2026-01-05 17:30:00,-0.00289875982758403,0.0008790962085480913,0.0016842092893565308,-0.0012102012806138873,-0.0024903483340965593,-0.001693114716158739,-0.00017794133352033725,0.003550840179119774,4.362409086056118e-05,-0.0012358413440818339,0.0009262809289607432,-0.00045735361621002113
2026-01-05 18:30:00,0.0022955608196646438,-0.0060989179953470085,-0.004310059919700571,-0.00022118169285523237,0.0010101605350065768,0.0017384710524144253,-0.00130895939641551,0.001909883932441403,-0.0002833245435951426,7.345530429248015e-05,-0.0004274243897857133,-0.0002288425595002863
2026-01-05 19:30:00,0.000997815950925407,0.0044200462345633795,0.002809417068422526,-0.0021404223824088575,-0.0008382425248463221,-0.002358951498944606,-0.002502970200668031,7.551168495378846e-05,-0.00031827051292854236,0.0009055302716989289,0.001424074262529551,-0.00035357829897009196
2026-01-05 20:30:00,-0.009957101857253292,0.0034080622290231233,0.000902140345312219,-0.0016584673433612807,0.0017178838577098787,-0.00262260764646971,-0.0033171053248972626,-0.003196853812752032,-0.00034313242794770105,-0.00022018260760603425,-0.0006405661702961751,0.0008682695693158493
2026-01-06 14:30:00,-0.02836205249186463,0.017338545780475556,-0.012159275462226837,-0.0025936635842773725,0.018198549503027905,-0.0012150484489765745,-0.004966359757726302,-0.010365107344353142,0.004070329933427708,0.007750825302579756,-0.003352007082368935,-0.0048062287402403925
2026-01-06 15:30:00,-0.01654414754775324,-0.014790120024148479,-0.006116868755656313,0.0011017767885848073,0.005630251586901558,-0.006449293805104617,0.003768306827253376,-0.003349688723789157,-0.0021600644561097226,0.0007281644597165737,-0.002002280321620198,-0.0006402343330700333
2026-01-06 16:30:00,0.0004167027638555254,0.002382785953514599,0.0017693425319480482,0.0010688670272491763,0.014806274332320513,0.0026273951388393613,0.0013542506793324804,-0.0030365011077053694,0.002065926572326404,0.0008366860779176477,-0.004519788261617919,0.0011490777104752325
2026-01-06 17:30:00,-0.0052564556551475405,-0.003974821208143631,-0.0013117182843869202,0.003073176506943831,-0.0022321879845819126,0.005097813657491734,0.00023315510422339258,-0.006264784700809933,0.0005794481989687128,-0.00015758835689894113,-0.002591984978833395,0.0008035782478010844
2026-01-06 18:30:00,0.008093370007556722,-0.001754081897006543,0.0012828121164183415,0.005625562697916919,-0.0021330996409565373,0.002379135506665797,0.002897979225132019,-0.0012240429753900273,0.0015473192881527709,-0.001115962396379011,-0.008179891770497605,0.0004956630461094846
2026-01-06 19:30:00,-0.0035084014352975146,-0.005441487139997037,-0.0002168809554978779,0.0007337269797194068,-0.0013069693439398122,-0.0009232415298372487,0.0002582784422555662,-0.005941288691904134,0.00011563497306621429,0.0011886928788849005,-0.0040786476508385405,0.00013527341919861158
2026-01-06 20:30:00,0.0017238455754648996,0.0016568995830521516,-0.0015041346777113773,0.0018214648003898049,0.0008092384706328559,0.0009998549222007824,-0.0016914467374729014,-0.004489561349728888,4.3304546106348596e-05,0.0020585265099724026,0.0007294874836460963,0.001489771475005952
2026-01-07 14:30:00,0.0035662139976082585,0.019907333401772753,-0.0015062840414037382,0.011107981828124558,0.005687885864762876,-0.02337623004475642,-0.02865678464413257,-0.013298119067961522,-0.0005463391290927433,-0.011999201550043637,-0.009475893056787754,0.003201086252244245
2026-01-07 15:30:00,0.004494100460044059,-0.0075408471157256685,-0.0036179135790899153,0.008896834142109178,0.004362917775875275,0.004885709880095845,0.002134658992994254,0.0031743814620179833,0.0008353114763970382,0.0035441826455455683,0.0021562875784173485,0.0025648903971218218
2026-01-07 16:30:00,0.0005274211346195656,0.0022287843069364044,0.004876467807084062,0.001024632223631805,0.003803974865680182,0.006498724543686052,0.005995898263321031,-0.009595550596362301,0.0020341982083342813,0.00012195862892561138,-0.008113866504428024,0.000796627966052732
2026-01-07 17:30:00,0.0002913373942288189,-0.0019914553216153763,-0.004354581769724142,0.00018450234139688604,0.001970067692305122,-0.0006242133799867489,-0.0037586243396505736,-0.0037964860657364596,-0.002207553959016728,-0.0014404034278223676,-0.0011857394246428399,0.0005004005608215678
2026-01-07 18:30:00,-0.001116986176762147,-0.0018204795836389565,0.0014154097308214375,-0.0058124610580314595,-0.0067602179695267495,-0.0033636230829277025,0.0006579489834264152,0.0075786773231731885,-0.0006503959700943085,-0.00036652265309644605,0.0010375706061775958,-0.0003866235586764688
2026-01-07 19:30:00,0.0006422690516085794,-0.0015338254122134742,-0.0009944534366645996,-0.0019174124476233345,-0.0028406286772719724,-0.0010775387781887247,-0.0015154731558855161,-0.004666719678696474,-0.0019102308856409067,0.0017579359404349404,0.0033204451188799666,-0.000910404968197831
2026-01-07 20:30:00,-0.010881201620071224,0.0013219471176029174,-0.0037186926746741733,-0.002251989710899238,-0.004131213055973859,-0.0009707692222180597,0.001958935847858889,-0.0013072069710604595,-0.0011159224162966552,-0.0015868504600735633,0.001556558955384979,-0.0004555134868136079
2026-01-08 14:30:00,0.008011034539564754,-0.0167318833452752,-0.013981877037729795,-0.010124079696267607,0.013487477943058934,-0.010304760027621818,0.008161889591185911,0.013037559316936509,5.797193549295088e-05,-0.0009290164829964809,0.00968311606666461,-0.00534602045918664
2026-01-08 15:30:00,-0.0014391624978253859,-0.00657720406833473,-0.0024763729097720955,-0.0021125720592820585,-0.001471868773479379,0.001501910158803632,0.002983066142991042,0.006889947154940401,-0.0007978295847239636,0.0011999786598559936,0.002624677948619869,0.00032180425896122244
2026-01-08 16:30:00,0.002139034494788028,-0.0033819918441135854,0.00233622316328308,3.1437870432249326e-05,0.0036256205011593323,0.00045886277149964627,0.0001965497497273816,0.005733035945070242,0.00039168982244941475,0.0017795604972317136,0.003343804197862177,0.0009725574341707954
2026-01-08 17:30:00,-0.0024489915622414316,0.0026785592955880233,0.0029988841953567658,-4.191738021130931e-05,0.001240241631929706,-0.003215422797288703,-2.4174458394199405e-05,0.006558769662678543,0.00021760803178150212,-0.00197721993722233,0.0036218800110878746,0.00041157451383710963
2026-01-08 18:30:00,-0.0008526314011172431,-0.003252950081498618,-0.0034236138854355502,-0.0016554793766010434,0.0005188589120113107,0.0036194462847163322,-0.0005957805531178195,0.008989125969335099,-0.0008415680725288865,-0.0011980509548452645,0.006486465239842865,-0.001727690557283168
2026-01-08 19:30:00,0.0027626449281150656,0.0056127774077392445,0.006525787064343369,0.0030678808054940276,4.0660307255357964e-05,0.00203357413312677,0.00018149453692206663,-0.0027573122935109495,0.00095035433352475,0.0050755754315190416,0.010007296810287336,-0.00017177988555694412
2026-01-08 20:30:00,0.0020211419263160835,-0.0003050797784203141,0.0030154226460252787,-0.0004601092133684759,0.0018249686582505475,0.0016578679591354728,-0.002422794014167451,-0.0018695045045609149,-0.00019580608568059432,0.0015564955198961172,0.0035498793283741392,0.00030920002233081334
2026-01-09 14:30:00,0.01769313399722172,-0.0009078784429386033,-0.0023187756418749927,-0.004738868922157913,-0.00243535749487922,0.005173134239125687,0.004039742409544189,0.006164302926054965,0.005330680695959877,0.006516244234506807,0.011275600981528022,0.0019789210764695753
2026-01-09 15:30:00,-0.002228733697001495,0.0018796562680103435,-0.005820512531641064,0.001449204646191582,0.002733785650546494,0.008061257873372085,-0.0007552527855843039,-0.001537486127983101,-0.00038250875918688365,-0.00026587964091895344,0.003916619745324645,0.002738765386963493
2026-01-09 16:30:00,0.004097994734264532,-0.0019223905668539487,0.007637329108695745,0.0022640763213361836,-0.0016556428605971618,-0.004770595404642641,-0.000498805326866858,0.005330729248858468,0.001961021607266744,0.0,-0.0025160806182613626,0.0019923507227170845
2026-01-09 17:30:00,0.006123591589815014,0.0012476175934512668,0.0007335294060535347,-0.001466852094383242,-0.0007118647808486145,-0.00015358351171101958,-0.0025886101535546047,8.056817591484133e-05,-0.0005042549142650898,-0.00278115723014416,-0.0015673625118539647,-0.0010241690266097336
2026-01-09 18:30:00,-0.0018017758283637164,0.003746510794237601,0.002351416182085231,0.0033392882416798386,0.0035748698178430516,0.0021319414801270753,0.00031828986207482757,0.001971435340412775,0.0013538073421281993,0.0016937640031002843,-0.002640153170420767,0.0006828380172274606
2026-01-09 19:30:00,-0.002287047589073943,-0.0017505284358714235,0.0009043202811840345,0.0023694158007803168,0.0014987077828587658,-0.0012319538494747206,-0.0016514716305637833,0.0022082720844762704,0.00030942788717336356,0.0014737355198422009,-0.0018992322433986075,0.0
2026-01-09 20:30:00,-0.0008205702676260529,-0.0038065761847780877,-0.0023684681512126105,-0.0007926205920254503,0.0014160257213635674,0.0017680150559318264,-0.0006392168745534832,-0.00048136681680066573,-0.0014903141583682,0.0005550458530372282,-0.0033146560675305636,0.00028440720968259114
2026-01-12 14:30:00,0.010762351174000706,-0.0012450862872901425,0.003848378721105661,-0.001307021375167139,0.001292845166816825,-0.00824934101630781,-0.02127443614709712,-0.009919863332539691,-0.0006053546134516807,0.024453683657211123,0.004510857677294311,-0.003987686616470754
2026-01-12 15:30:00,-0.002604477913582315,0.0033521025410614413,-0.00046100547609739806,0.00044187641293724766,-9.044662463164599e-05,0.0005757185158401512,0.0008993380032693565,0.0017410994872157914,0.0009511070760739315,0.0,0.0014054602079927037,0.0012542240277459982
2026-01-12 16:30:00,0.011512987672563924,0.0056260440715831805,0.0014565069394709695,-0.0006803323395647709,0.0018247238891460071,0.002130316816959521,-0.0012096846474278777,0.0003632091347194333,0.00043922865405132683,-0.000706568528803686,-0.0016867465092351708,0.0017662173618147037
2026-01-12 17:30:00,-0.006654485990643444,0.002654240276545927,0.0010765141786412968,0.00014630732830589466,-3.99159845452246e-05,-0.003115297520424498,0.0006205970031576413,-0.003767176936451122,0.00084916728167439,-0.0023353687439673365,0.0019676659425966747,0.0004370735145498017
2026-01-12 18:30:00,0.00204083780522879,0.00112314986235873,-0.0009587176388894392,0.0012739585516738927,-0.00034264185569554684,0.0002471608564080796,0.0012554501882959812,-0.0019096818684340988,0.00028049627920623266,0.002406048066839972,0.006718499752599527,-0.0013483080752765275
2026-01-12 19:30:00,-0.0018079993203068412,-0.005254762688341685,0.0012652618095856383,0.00020863454118558167,-0.0038581692958779,-0.000764680872115342,0.002228037589625309,0.003896706719575427,0.0,-0.0031384267259149112,-0.0017463863951485692,-0.0011310295591737685
2026-01-12 20:30:00,-0.0044340442161887594,-0.005985300794047355,-0.0029164983883624984,-0.004286755848160517,-0.002553367878656232,-0.0077960630120408325,0.0028859526943163516,0.004527131293228237,-0.00023018552247044965,-0.002223780045575552,0.0012566878033011264,4.795684476732731e-05
2026-01-13 14:30:00,-0.004184866257185504,-0.005327841117493293,-0.00046090158866185504,-0.01893377541928043,-0.01171843752153734,-0.025427436182352103,-0.031292092537362315,0.015994907490502364,-0.003501711576625155,0.0036644506962293377,0.025965689384455537,0.00045612781349291254
2026-01-13 15:30:00,0.007275011034566958,0.007111008803158292,-0.0006926315538811068,0.0010672587630091712,0.002484312267506006,0.0015164154629019322,0.0007645529171433907,0.002623986616510976,0.0011109550670482804,-0.002339176112452712,0.0018989523749430859,-0.0006854885174547576
2026-01-13 16:30:00,-0.0021105110635355473,0.006296596438383872,0.003571747151109861,0.0020672419096809946,0.0008188039616996434,0.0029308174150219912,-0.003517550536016323,-0.0013071711220753457,0.0015273082813562766,0.0025987071275412887,-0.004079459669252827,0.0008816412881236246
2026-01-13 17:30:00,-0.0043265064540563,-0.007161275183606541,-0.0032640473094636135,-0.0021312427201625184,-0.006734168041789168,0.0010515830649868718,-0.004698674930170732,0.00281029583245207,-0.002364020289019386,-0.003971619111340807,0.0038079575994789394,0.0014558943620084364
2026-01-13 18:30:00,-0.005288494906295682,-0.0015140809089642104,-0.000962038091611106,-0.003997643379778815,-0.005846915153638221,-0.0018312326584153382,-0.0016353547055905082,-0.0024139809149756886,0.00012991544460572158,0.0004025693955345133,-0.0009506308371207695,0.0004552542588527331
2026-01-13 19:30:00,0.0026140966343142225,-0.00037834176009976517,-0.0027758567037894366,0.002994385427251167,0.003392465578436976,-0.00026264218282534557,-0.001300543033289081,-0.00027735557031682845,-0.0014584875741601167,-0.0009712127373573409,0.0,-0.0010815566052491121
2026-01-13 20:30:00,0.00200370473542133,0.005937330974192356,0.0078066767148232685,0.005282475879400117,0.002021767435037347,0.00463046717996729,-0.0013665534349387443,0.002612265088635546,0.0025257094429749216,-0.000758742726103101,-0.001631698970858686,5.6921188545722146e-05
2026-01-14 14:30:00,-0.01596106191249369,-0.022559109328233795,-0.004992283115947238,-0.012887532982833072,-0.01570320885624632,-0.01709512882015929,-0.008758208777878806,0.018408059268380406,-0.007218771464098772,0.006454195291794029,0.012308209966575667,0.004205538688866639
2026-01-14 15:30:00,-0.0037109434209803283,0.0017048761511224697,-0.003895971232585893,-0.0016961197703047048,-0.0010473179067629346,0.0020936962937190273,-0.001315497177403202,0.007115251994541438,0.0005660959702424861,0.001330846724280299,-0.004716015927892947,0.0016432545907107965
2026-01-14 16:30:00,-0.005259962016588737,0.000631750799227504,-0.005270047710012271,-0.004937756019157469,-0.004579151073431653,-0.008587491953535142,-0.0010080894117328043,0.00026972058569008084,-0.002979271891893731,-0.002250112176817254,0.008137997462966062,-0.00016986370768012904
2026-01-14 17:30:00,0.0006647532027717062,0.0006587347338289362,0.000582602395215126,-0.0022554955681437505,-0.0017700533852798017,0.0010462024151562943,0.007116123466771818,0.005914937130379272,0.0007275203276000397,0.0036260276610455833,-0.002615779394255391,0.0003396985665808927
2026-01-14 18:30:00,0.0010763921755287953,-0.0021975280082635607,0.0010478297223519561,-0.003806793844935541,0.0021068606502678833,0.0002996324652873028,-0.0028306866232190586,0.006641208510129282,0.0007632694744499346,0.0015074563446049183,0.004155293022558126,0.0005659655229894867
2026-01-14 19:30:00,-0.003944781052022783,0.0018132629698772718,0.008382201284074853,-0.0011448564621465707,-0.000673728007329899,0.0009718766994746275,-0.001539941413743584,-0.00805911331302056,0.0014884820898437567,-0.0001687439267650248,-0.03408152042392576,-0.0002829427218742353
2026-01-14 20:30:00,0.009377727150170045,0.005584183429260037,-7.689264950627717e-05,0.002342879531924247,-0.0031007148035779863,-0.003811750520663182,-0.0007140810210346515,-0.0009976203135417805,0.0018700894877152763,-0.0002581846111668895,0.00490117106009702,-0.00028302280111525135
2026-01-15 14:30:00,0.009200358310144097,0.02389739573120675,0.0005771961222160726,-0.001176207458911449,0.004531796516247688,0.00686684036834162,0.013080491268747885,-0.008558598161433117,0.005056425901591943,-0.003989979601665361,-0.02031231581623949,0.002374836727840446
2026-01-15 15:30:00,-0.0011059545342773092,-0.0004260517051379864,0.0015171004957998946,0.002633595262397037,0.0051601471182065595,0.0032227423008146516,-0.004094431234032747,0.007559981607649924,0.0012601216380261349,-0.001023281578424573,0.002386442734169769,-0.0003954434077044766
2026-01-15 16:30:00,0.0006548904205470052,0.0058139031172119715,-0.0044823182282147656,-0.00015211853280572285,0.002131836719035718,7.953518850634111e-06,-0.00020919435793675945,-0.004390133514972305,-0.0005254436539088303,-0.0001179555496175766,-0.002245874455309327,-0.0006792898823446691
2026-01-15 17:30:00,0.00021980814390865078,0.00326382777218015,0.0007709679782026413,-0.0011093801972057449,-0.0032413288478378988,0.002402305602272392,-0.0019491810346927707,0.00092581687519111,0.0006261953609865145,0.00181539147551657,0.006373605141790861,0.0009617531031294035
2026-01-15 18:30:00,-0.0042906415734069725,-0.0044229031009441755,-0.004673143353580933,-0.005806109787934943,-0.003609130067723676,-0.0038768493588969832,0.0023835296175960252,-0.0006556591504285336,-0.001836556526206401,-0.00025910913621807197,-0.0032868398187559933,0.0001694224095949437
2026-01-15 19:30:00,-0.006546997969598678,-0.005162063518485027,-0.0025194062449180876,-0.00038073217702283557,-0.001566462228965726,-0.003597796815519416,-0.003706613113694246,-0.0046797678322398895,-0.0025695363753586165,-0.002713315283412676,-0.0042763758275805586,-0.0017521414868131302
2026-01-15 20:30:00,-0.0002509571976609948,-0.0015217850853836978,0.002558036838806288,0.0005996309726743476,0.002889932598901801,0.004001974808185871,-0.001033882670206765,0.0012397620147996946,0.0004912800970382492,9.451805047699935e-05,0.00041640127947495387,-0.0006224746707061968
2026-01-16 14:30:00,-0.0033821200025005993,0.0026596950382726803,-0.005901283036247484,0.006218192468252504,-0.0010502217013650395,0.005476792422424381,0.007888420172261768,0.0038256843403399188,-0.0007514828775585514,-0.008612266721162776,0.012369485771627886,-0.0007939171915900545
2026-01-16 15:30:00,0.0044766112876546416,0.0018721075218124383,-0.0014421307358114532,0.0001304890440501083,-0.00043088168185700937,0.001872197811929155,0.0009296487124945685,0.002080637873550728,0.0015386153392578095,0.00586818799069011,0.0030513369771902887,-0.0023810346935659865
2026-01-16 16:30:00,-0.0005849156762627317,0.0002127189289353737,-0.0023812030754166713,0.001716541676398009,-0.0005817313422777914,-0.002529161750851827,0.011785394334214772,0.0001539796971830043,-0.0002815512443401502,-0.0028941549834140545,-0.0005541060716414137,0.000567646020694923
2026-01-16 17:30:00,0.004088490693913371,-0.0005053727003865305,0.0007814517961213241,0.00413810934692993,0.004725426660792564,0.0036875057743195327,-0.0016003120672083426,-7.704561092225504e-05,0.00069285247587203,0.002396597944896328,0.0016613979640816012,-0.0018746381977159388
2026-01-16 18:30:00,-0.0012272771019379292,-0.0013044666991204323,-0.00011717586626858179,-0.0012114867577821542,-0.00484831127518337,-0.00471381183042574,-0.0012695360644894294,-0.0014250041227583665,-0.0013862735251404246,-0.0012094568949505557,-0.00847404675270269,-0.0019350964706426055
2026-01-16 19:30:00,0.00015895549276212506,0.00026637749245850273,0.0007028493333001151,-0.0016245718759027028,0.00241665347782849,-0.0005696892379871699,-0.006100279224157568,0.0006164894479310234,0.00016623563759043947,0.001008006414648932,0.0022992647478075057,0.0005125806146972778
2026-01-16 20:30:00,-0.00549363060354402,-0.008075610166705438,-0.0027361818427440454,-0.0029098866455656847,0.003498925382255713,-0.004319552984807906,-0.0017264772552785246,0.0005391607320763825,-0.0008311016500313073,-0.0015064137271663114,-0.002578274691196647,-0.00011382616948907298
2026-01-20 14:30:00,-0.024364640957003303,-0.02959098116429626,-0.015241159054903086,-0.014499980593354778,-0.01795108189907868,-0.014518431084684202,-0.007015345395921635,0.012091689077545098,-0.011198173845969883,0.030511169770027102,0.01934822496991906,-0.011396165604792508
2026-01-20 15:30:00,-0.00302609586055258,-0.0026589662723539575,-0.0012356411703393633,0.0048969942171197545,-0.0022038387159089012,-0.0016207697046315417,-0.002988488371306275,-0.0011417526287660351,-5.6674404002698964e-05,0.003471090863558679,-0.003977251722420583,0.0006322643391785121
2026-01-20 16:30:00,0.0014321136523287592,-0.0016651123343054408,-0.00296890868623656,-0.0022089363277446594,-0.0035488506397003405,-0.004631246567891267,-0.002103506927012333,-0.0028599230687404997,-0.002115313710994826,0.0030931188190930214,0.002059188471743134,0.0010931303837846684
2026-01-20 17:30:00,-0.0034486713756622933,-0.0027807400969175333,-0.005462651160572207,-0.001960277397514254,-0.007243737823372065,-0.001375467287257237,-0.006337200252843012,-0.001298366938701001,-0.003089552144657226,0.0012554358336531735,-0.0013722861435390143,-0.0015767819386587334
2026-01-20 18:30:00,-0.006026990640574326,-0.00047363438326630813,-0.0070171099666263,-0.0010587649831572676,-0.007774717116263652,-0.0035584792576255353,-0.012202077115190058,0.0003432387655957214,-0.0033128947025478084,-0.00036368676962883484,0.0015094426241812897,-0.0013012653073740665
2026-01-20 19:30:00,-0.01030774252673261,-0.00525244948299175,-0.008084613409894637,0.003700917707819329,0.0027777260067178844,-0.0004633408411196527,-0.0008749896020976422,-0.0011473125959957642,-0.0009590512711641352,-0.0019217492884973097,-0.010475659467873655,-0.0001741522282312502
2026-01-20 20:30:00,0.003225168728120842,-0.0015978944085164315,0.004957891910571277,-0.0002638879256720017,0.0021237342465321163,0.0007279385791463255,0.0002806967203268229,-0.0013786318718054247,0.0003246800074645506,0.001384520170735648,-0.004026398008070586,-0.00023078302352708135
2026-01-21 14:30:00,0.01931094849288062,0.014484074801540459,0.0036014794555123686,-0.009857939338494326,0.0006488046513837276,0.005692407479748418,0.004185067142017829,0.01815124428584447,0.00795229073390935,0.015397059346311082,0.011962189218950314,0.00161401226064406
2026-01-21 15:30:00,0.00012258114206975534,0.010593032168885408,-0.0010912130199525194,-0.003760956019511319,0.00019455933905110356,0.00907390695279986,-0.004928253767170432,0.0014289661111606122,0.001769919551452226,0.0017998695226610906,0.0036362344037659255,0.0032122584181957237
2026-01-21 16:30:00,-0.00899635936096388,-0.018226763078917685,-0.005961939287315587,-0.009352236357316634,-0.012463549802711249,-0.005309923139338757,-0.0004462579519621812,-0.0006765879166765743,-0.006421940175071583,-0.0038512067631684133,-0.0002740311313162991,-0.0030970463419439653
2026-01-21 17:30:00,0.004707090916728163,0.0045039976889897915,0.00020338431696487191,-0.0080668763790257,-0.003815688928368033,-0.004564828880300631,0.0014536407391618766,0.002253629601415952,-0.0003678856275479703,0.0016909605161190555,0.0038287861598353956,0.002366510390022114
2026-01-21 18:30:00,0.01603929038078089,0.01505982446264209,0.004991187172621814,0.0018699546544782564,0.008140024602933948,0.010298362144766315,0.004249676179400197,0.001986465537821225,0.007052849947639217,-0.002774702580810917,-0.0004095117171640794,0.0024021167820711398
2026-01-21 19:30:00,0.0023558546351347687,0.00441693104522578,0.005136274328751966,0.004586487629956615,0.004826413891987791,-0.0007576527965635904,-0.004546826186566655,0.00033691981689987216,0.0013798096843649077,-0.003881645938263567,-0.00013647172483288728,0.00034382555406775595
2026-01-21 20:30:00,-0.004855895497104079,-0.002560465353169228,-0.0030353770433473315,0.0011940003577981528,0.003507387684667407,-0.0006686194025302683,-0.002546067596125745,0.00037426032772014395,-3.642467664466409e-05,0.006228236708381019,0.001364608161831704,0.0008590470454956645
2026-01-22 14:30:00,0.009733225576654014,0.008419549358100298,0.010045085874843096,0.005926375217330637,0.006033174421995469,0.036594685935212645,0.010784296866795273,-0.00819038732808508,0.004527672929516058,0.005416664691995976,-0.019137354871592294,5.7301804778475685e-05
2026-01-22 15:30:00,0.005219550380044069,0.0046707920331998665,-0.0017209838171563518,0.0052904751665519,0.008683984093851294,0.0036388762456436297,0.0020775234878298576,0.0018844464375229464,0.001973510858193528,0.004551086932244708,0.0027761948105604617,-5.8437392016053025e-05
2026-01-22 16:30:00,0.002531307853526954,-0.004102927177362936,0.00016058026949039572,0.001679515168447665,0.0010532232010493914,0.008941156130323868,0.0011759845539573988,0.0026323191460742024,0.0006231642784371161,0.0027741322980086025,-0.006117961972035069,0.0020599297766557
2026-01-22 17:30:00,0.013303279149043057,-0.001349804808508992,0.0037567974565400064,0.004380124772743521,0.0008191281604368328,0.004493193543297025,-0.004220202655244698,-0.0005258409922781482,0.000318729526481043,0.004174547768503345,-0.0016749741242891858,0.0013702074454799984
2026-01-22 18:30:00,0.0077904276794207306,-0.00038169642214036514,-0.0006384214274879341,-0.0003541392604029525,-0.0008506165275816713,-5.40683177385759e-05,-0.0004098797486626893,0.006703183871649365,0.0003040466600694458,0.0008416871090632938,0.0022327114083244837,0.00028523460260565514
2026-01-22 19:30:00,-0.004581959041749961,-0.002955804193138789,-0.008619224552187887,-0.002959729410496159,-0.004477727857066682,-0.0010905770502960266,-0.005080077896134405,-0.002428931546220703,-0.003626293260858837,0.0023659310643315834,-0.0002787765694067801,0.00011408846829041863
2026-01-22 20:30:00,0.006675972848101175,0.0039030852170238717,-0.00012078991705166686,0.001807892993153537,0.0013667283944567288,0.0026122426405308374,0.0,-0.0006736505144031568,0.0011183286940061876,-0.0018125827560311336,0.001184450005313309,0.00028503374658406244
2026-01-23 14:30:00,-0.007281065437246603,0.015168670470110612,-0.005369528424838954,0.02605874853247503,0.015711038049152748,0.016079860632456366,-0.016401566703101444,0.015012203709640737,0.0005732169165604262,0.005802487568997705,0.028758732839397894,0.0017659018393443304
2026-01-23 15:30:00,0.008837616950336802,0.0005593582150655863,0.0054098343121209425,0.007680504351270656,0.00484119851234599,0.0053015285164565995,-0.0009319399618803459,-0.0019936083844287467,0.0010801767138142182,0.008249035660818471,-0.003117212762142607,-0.0007970814818145655
2026-01-23 16:30:00,-0.002580916066593275,-0.00010597846127691213,0.0015687007695248667,0.00669880156169711,0.002964415796759212,0.0008533717249283868,-0.0012988384234589034,-0.00022174504644123516,0.0001738732074256788,-0.0004474279859119079,-0.0013583060438282502,-0.0013074592690198727
2026-01-23 17:30:00,-0.004890223562783014,0.000824775079858675,-0.0032613481824670387,0.0018606437345152216,-0.001915025623367761,0.004736929924943567,-0.0004871535893107293,-0.0004067355691041996,-0.00184179638136861,-0.0009171935907330564,0.0032568609089844713,-3.4809542199809584e-06
2026-01-23 18:30:00,0.0009732850631971601,-0.0003460107312465155,-0.0018368272476516623,-0.0025206694499662063,0.0001833516865410445,-0.0018498872504340014,0.0016954015332144579,0.0,0.0009110545598911557,-0.00026200981549706626,-0.00013541774689951325,5.708611912602635e-05
2026-01-23 19:30:00,0.00021291209574680892,-0.0031995233790533817,0.0028850002380140793,-0.0038837820190451566,-0.0007519747819344502,-0.0032872263846313032,-0.0019978390806025814,0.002142498925456593,-0.0010199442611549259,0.0007862234437494564,0.00169233406219238,0.003188510035095682
2026-01-23 20:30:00,0.004060593879514407,0.0023473067516590618,-0.0008868156783998771,-0.003963383833646361,-0.00033441387233068554,-0.00507246520154947,0.0006215950644801183,-0.004030088057342951,0.00048623499306632567,-0.0001965479088852362,0.0002028795068840239,-0.000454891858673534
2026-01-26 14:30:00,-0.025077919666564696,-0.001727954088173611,0.024183932477742864,0.009067267373862542,-0.0009411430213983607,0.018082235491904797,0.00787929637160456,-0.0011121263918072444,0.004877945542268058,0.021798926326408008,-0.006921410907705372,0.005897342269688188
2026-01-26 15:30:00,0.004014525035795913,-0.00289188463424761,0.004163521862751374,0.004535203927434672,0.003665370458012518,0.0020849239481846027,-0.0002999677930937139,-0.0033063432025173256,0.0008082756230747279,-0.003025939694165203,-0.003410411858260076,-0.00209980131897769
2026-01-26 16:30:00,0.00017467430174988863,-0.0007764530672371706,-0.002354394378562219,0.002749087714145837,-0.0008863653651598469,0.002941414999006575,0.001557855419496157,0.0024158413463606365,0.0005724012440637694,0.00259847311075756,0.0042271497111956435,0.00011903808424484907
2026-01-26 17:30:00,-0.002793446588377435,-0.0012330055360703085,0.0005891933717832032,0.0007599921499785722,-0.0022978558461366205,-0.0019822673687732717,0.0010892087745926204,0.0006990836943359113,0.00040819252365498215,-0.0006416406169318378,-0.0031345269622207184,0.0009625898408334166
2026-01-26 18:30:00,-0.0018943199451531,0.0007774924400427707,0.00505302218606829,-0.002598936463733992,0.0015046421259548026,0.0030540971144459306,-0.0015642880514592505,0.0018960376988541583,4.328204206682784e-05,-0.011425002179544563,0.0005458640161650763,-0.0013592656200476227
2026-01-26 19:30:00,-0.006502972598556589,-0.0006969579529059189,-0.0008403793378608526,-0.001609235901587347,-0.0008356186035118895,-0.0013092445226252636,0.0008654588030259092,-0.001333773297774954,-0.0003603889318304354,0.005718048877901616,0.0017719250931200747,0.0011894692207219393
2026-01-26 20:30:00,0.000706389147080877,-0.0002950792386924306,-0.0011934303112512978,-0.00326875798624382,-0.0034334385273480095,-0.0024808309671326967,0.0015625303585160566,-3.711238070547296e-05,-0.0012407095878277374,-0.00012909919511550072,0.0006807304123928049,5.6573213634614206e-05
2026-01-27 14:30:00,0.0004364912038079538,0.013456458834853358,0.017176062197510333,0.012150561391551129,0.015069157405551259,-0.001823765523954357,-0.007870593584115682,0.0049929135694926075,0.0029838179497243544,0.0027330655668391657,0.00759219403868272,-0.0022088169325300555
2026-01-27 15:30:00,-0.0011950901737574071,0.0041767179230562945,0.0033617351145256436,0.0064482943611032795,-0.0011160953393298811,-0.0016926211193926122,0.0014887522641124917,0.004049952522289679,0.0020273242345698606,0.005762936139091401,0.010212425708727935,-0.0009092051645911425
2026-01-27 16:30:00,-0.000471485507080871,-0.00010963750257086957,0.0022603934275036153,0.0012721413988430186,0.0023961087999770925,-0.0028250724783100978,1.6732163564903146e-05,0.0034112556721339615,-0.0003114532484485011,-0.002018308592240281,0.003336672963133225,-0.0011362173251479035
2026-01-27 17:30:00,-0.004345914645273119,-0.0010549197866671634,-0.00404549427081502,0.002944823110700767,0.0030076273237797935,4.4856959977579436e-05,-0.00025070570419405414,-0.0009158684110763815,-0.0002561096865125734,-0.0006736975479553209,0.0009322727201350745,-0.00016481405585455633
2026-01-27 18:30:00,-0.003425566089007681,-0.0019016968292699943,-0.001461192189863958,0.0017958994538647133,0.0030601275420183427,0.005046375978441375,-0.0005018042499180808,0.002672028022092654,0.0005388066772953337,0.0004810071307446151,0.00411820644875327,-0.001029574802467792
2026-01-27 19:30:00,0.005756407347954351,0.0015850118195563923,-0.001906559445643552,-0.0030747115260920665,0.0008404212108770182,0.006102220550102011,0.0036901702653802104,-0.0013900246441265196,-0.0002443738887043523,0.010508476929777189,-0.000663126508847256,0.00011375491437792817
2026-01-27 20:30:00,-0.006661305635904391,-0.004683033569848227,-0.004249923700545111,-4.165615473805673e-05,0.002619192795254577,-0.0038857143230153213,0.0009994596836282454,0.0016458946822828224,-0.0006609942462230123,0.007063752846656612,0.003707716204561784,-0.00073998593503255
2026-01-28 14:30:00,0.008704673018193887,0.015081445243811054,-0.008515332136129317,0.0009151465958519012,0.0009395826876117397,0.0036302806755763584,-0.005995234871141619,0.0019349735035811833,0.001399282242394051,0.01761962840665099,0.006192701633526809,-0.002737290627136346
2026-01-28 15:30:00,-0.0013508605323107048,0.0019572797583737866,-0.002345639460791915,-0.0032833817058479653,-0.007459324235761677,-0.008165241670775814,0.008456475201166214,0.004258283406318064,-0.0005596708527733085,0.003359166729016927,-0.0007884042431607341,-0.0002854895511568145
2026-01-28 16:30:00,-0.0022382579851871753,-0.00357403022897973,-0.002625849139117342,-0.0015931443329684214,-0.002626025800146259,-0.0010827602453327145,0.0007636615060651053,0.0008712345059169735,-0.0018249394934493068,0.0028971110180497917,-0.003423787133499445,-0.001178550313882809
2026-01-28 17:30:00,0.003917354601087553,0.0032611355271114917,0.0017056223247147173,0.0003237521777093022,0.00204992032181206,0.0032969513333220846,-0.0036911581575349572,-0.0040724191324885695,0.00042452214014598866,0.0004717738700188434,0.001581689380380169,3.542733613759452e-05
2026-01-28 18:30:00,-0.004460042821142984,-0.0010437165407104487,-0.0005682375351048208,0.0037000473490733654,-0.0027616849838576485,-2.9726684951825177e-05,3.334754332140477e-05,-0.0008747913278526198,-0.0013964024155157517,-0.00417142209434207,0.005778117620125478,-0.0010882617022671681
2026-01-28 19:30:00,0.003251931241425865,0.0005376417014479884,0.005336390685918069,-0.001707573950630703,0.0033785291174153187,-0.0004246335144744151,0.0018139346155470193,0.002367532478945833,0.0018278532852447071,0.013438135624114445,0.0033986242757473306,0.0026310995083713706
2026-01-28 20:30:00,-0.007059300588318607,-0.0004332767778461033,-0.00013648913204100666,0.004014508945728856,-0.00028759139394018973,-0.0033508297232094364,-6.64738316871194e-05,0.001054519107829499,-2.8786856064222377e-05,0.00435861793177672,-5.8643420391746304e-05,0.0003425104744385621
2026-01-29 14:30:00,-0.02109090739858832,-0.013720091723048,0.0017921517180683466,-0.1221493721505551,-0.01758018124952354,0.07439845189793015,0.013072379447456761,0.01750822998886381,-0.009332662571090111,-0.03589499059664991,0.02734831198594634,-0.0010278835646246876
2026-01-29 15:30:00,-0.0008174077568021687,-0.005812583688140194,-0.002845541352603398,-0.008669263841902364,-0.0032929071401639476,-0.0008817100660545307,-0.0029648758326983327,0.00014286725449608184,-0.0015397097949492178,0.01889072766858302,0.00683375112513307,-0.00057156144219217
2026-01-29 16:30:00,0.0054674775281124965,0.009062500059609846,0.004090415578794193,0.005029787915550088,0.008284895061363429,0.018320215913578686,0.006743630006269541,-0.00200156461503731,0.004525392502438663,0.013762428271206772,-0.00010844739284898708,-0.0004574670271413339
2026-01-29 17:30:00,-0.005526721267688828,0.002687011728051303,0.0006218564530424686,-0.001959354145173897,-0.0016990607899742827,0.002635654453416514,-0.003554293790261731,0.005494745767063769,-8.70038007079188e-05,-0.006147704770417484,-0.005963720050850441,0.0025134392732839572
2026-01-29 18:30:00,-0.003585745980465127,0.001603554041302857,0.0029677889584407424,-0.00030597863039183437,-0.00022039760836722877,0.0014530671651931115,0.002127915806389602,0.004119044313161346,0.001590752068689305,-0.002084992228901683,0.0031671656009395477,0.0007414234102069983
2026-01-29 19:30:00,-0.011604747252712322,0.003068447362076121,0.0005809945688683982,0.008216597162602923,0.0019194583983415114,0.0011282085452393176,8.474272244463066e-05,-0.004617370293609646,-0.0007227313701116955,-8.1806517764349e-05,0.0065620325990387585,-0.0003991864584369509
2026-01-29 20:30:00,0.0022356945717962873,0.0077469463494486135,-0.0004647922885840927,0.014320233162821161,0.007058938040137797,0.00199246529754582,0.002240477116760786,-0.00042727218550719925,0.003464303906359767,0.014354653293874087,-0.005550631342178036,-0.00045637098991591074
2026-01-30 14:30:00,0.04023014011704351,-0.004035538828613738,-0.016303335256926843,-0.001396681676695266,0.002603381273789118,-0.024733546653632033,0.0029686801339572355,-0.010850011676522442,-0.000749532984735346,-0.06585583339462175,0.004915865375103579,-0.002742521069590609
2026-02-02 18:30:00,-0.01824939497629252,-0.009093953121953824,0.050588294130078815,-0.02083345017901017,0.005022245159861605,-0.010770871489824252,0.0052145995941002,-0.00010801223922118908,0.004804885875197229,-0.08398790074044804,-0.05558416142567779,-0.009427520952734803
2026-02-02 19:30:00,-0.00416662061193751,-0.019915813231581758,0.0067145070911918125,0.000636638925018751,-0.002350695700382488,-0.0037954082970355074,-0.002067990785300289,0.0008997823094478719,-0.0014094290482438154,0.005864457028875059,-0.0003989418204941586,0.0010391268676297472
2026-02-02 20:30:00,-0.005060809780853326,-0.0026084782283302133,0.003636699982849656,-0.002147426080781223,7.410864879986434e-06,-0.005111338263390053,0.0006898715660286214,-0.004579267680602683,-0.0005010848095015064,-0.003921444735191848,0.0017272957708067693,-0.0009235954075839103
2026-02-03 14:30:00,0.0025336424466217977,-0.029457075035153046,-0.00027778969802660924,-0.0263292777065276,-0.015534134539538336,-0.014860276933132965,0.019409902651276845,0.02487770714393278,-0.004691349513127996,0.0570663981802344,0.00793338109960029,-0.0006458607817645401
2026-02-03 15:30:00,0.0007682464768716812,-0.006677211579623865,-0.003675050552968351,0.002204654057500477,-0.006858297263084623,0.0014285697937053143,-0.0003500990056286568,0.012436838829239072,-0.002031850608338992,0.00974910432107734,0.00197357506031004,-0.00010520012702475157
2026-02-03 16:30:00,-0.005533005370556232,0.005013101141907228,1.861260506963447e-05,-0.005052403622666013,-0.0011792402664472235,0.00022240053271715965,-0.003156906259969894,-0.0007662611229140026,-0.002855797619662148,-0.00494522336293457,0.003673564546001984,-0.00046246507583358465
2026-02-03 17:30:00,-0.006516427544287495,-0.0046865942250544634,0.0016349678485596542,0.002944779965027955,-0.001560854769349973,-0.007747071998767119,-0.0101434861845906,-0.004085034241261276,-0.003592280906786982,-0.007990143459520205,-0.003673564546001984,0.0007514081980639631
2026-02-03 18:30:00,-0.005375470543961924,-0.0025903671556370966,0.007914003878543241,-0.0034618316947856442,-0.003212444596765174,-0.00546472072873172,0.0008706935997642162,0.0015731670880185789,-0.00021344485670926616,0.004135470642228967,0.004328183281945286,0.001962461454593445
2026-02-03 19:30:00,0.006519430858725528,1.11860438476441e-05,-0.008396799861402293,-0.002961114883944127,0.005110376262023486,-0.0008288424127522731,0.011123517749775935,0.00786340552558773,0.0019167023455963772,0.0019236816588792394,0.010221058554009232,5.76301404207058e-05
2026-02-03 20:30:00,0.007662839353672624,0.009096846922547641,0.0009282121739877525,0.003849011060879093,0.0052645352765186,0.006091142082579104,0.00343693361570363,-0.0038891467677037994,0.002803206802867386,0.0010072614776905908,0.003620599838119354,0.0005764705369379897
2026-02-04 14:30:00,-0.012044429917928312,-0.017536534002234205,0.024343216425866565,0.016123054162997974,-0.0047802384126178765,-0.018569888314648786,0.010020514914509171,0.006796112818030942,0.0006379805729226362,0.002657863415651107,-0.009271585009204664,-0.002816105436913574
2026-02-04 15:30:00,-0.01922331849896164,-0.011038455956157378,0.004025930777582509,-0.0035109225482852224,-0.0022974145275984625,-0.0037770892932735833,-0.0005980714702271683,0.013591613152135196,-0.002249389567240634,-0.006858551460723561,-0.004570073382923923,-1.1639785669537162e-05
2026-02-04 16:30:00,-0.013953706907081198,-0.01090081857446279,-0.007109296217080008,-0.007737022195845711,-0.015008887577987906,-0.009545883234690855,0.0008182375938456943,0.005303961789902445,-0.006778062598533197,-0.001116544985845458,0.024050719341027538,0.0016757041024275665
2026-02-04 17:30:00,0.008065865514957693,0.004469925997238278,0.001270785682997655,0.005140418769113531,0.0013905087199264088,0.00211002319820075,-0.0023612017737209,-0.007556458133166188,0.0016075642277275648,0.0016688236854252025,0.008270313025414033,-0.0016178592312448004
2026-02-04 18:30:00,-0.004203680872799431,0.0046609619476800646,-0.002506776590773363,0.004754850212460582,-0.004910490351245578,0.0007072588571297445,-0.0043275596697149865,0.00344496059796473,0.0007882976698612154,0.0014896038286158486,-0.001394796565835854,-0.00011560490278217372
2026-02-04 19:30:00,0.007642491542049434,0.0018897299797071554,0.009773413577329748,-0.005404964045690797,0.005145795765866268,0.0025421612122880077,0.008039983795411487,0.0013269959180499669,0.0032048730363385403,-0.0023623871584605993,-0.011421360739263697,0.00017335825761755075
2026-02-04 20:30:00,-0.00473138194653977,-0.006129278365161639,-0.004151084144480066,-0.0022667603230503985,-0.003728114291423168,-0.006748622292339412,-0.003806984412976,0.003530243236063768,-0.0020674452829769763,0.0032440719161277443,-0.0007061506265122475,0.00011558486461282769
2026-02-05 14:30:00,-0.0405243345457551,-0.015125237125434232,0.0011749306267159199,-0.030665531136130575,-0.04684506948078404,-0.016594591692892458,-0.03581323958313476,-0.01574400402038023,-0.013913137052098179,-0.024568375162181688,-0.020370469918641554,0.008113538955469402
2026-02-05 15:30:00,0.018046431035593002,0.015440961880356596,-0.005670262482071031,0.006499637550168913,0.006368297365643372,0.025671549055394927,0.005733781030573759,-0.00801803941422019,0.004453238242407842,0.006269056557179908,0.0024874325333463787,5.727675108868624e-05
2026-02-05 16:30:00,0.00776064204963145,0.005893469905362103,-0.0017456219204188272,0.0033579841622533024,0.004527263299569206,0.004817287842615592,0.0032594871069635545,0.0034985391856174886,0.002703617521211399,0.0036286187712288864,0.006256481825200666,0.0005729367201539048
2026-02-05 17:30:00,-0.0008253688284289851,-0.005463176301478079,-0.0015298254978812764,-0.010855137279276228,-0.005867064757795859,-0.0016154719952119478,0.0010518280554494552,0.005448430810989002,-0.003454198920120888,0.00042472407729032824,-0.0028627374797478566,0.0006870211805294346
2026-02-05 18:30:00,-0.002216973068362549,-0.003793129042782617,0.00988466148011291,-0.00863404210125207,-0.000987569559426582,0.00014760792730061922,0.0015352618767394688,0.004015633236357452,0.001610968002972335,-0.0037168186256471003,-0.0014344478413699235,-0.0006297805136155077
2026-02-05 19:30:00,-0.011717184469409503,-0.008151384683736218,-0.0014991054641022572,-0.011209726331427028,0.0,-0.008621929272614182,4.8391712292428224e-05,0.005090600846443749,-0.003644994053006556,-0.0055336248504698204,0.0016950898293064398,0.0010875616504542052
2026-02-05 20:30:00,0.007558132526301442,-0.0025580916948015897,-0.0025698735763164393,0.00044475922566444837,-0.0030067030603122546,-0.0021614778010494717,0.0015489724845867414,-0.005056420072059531,-0.00048703461606169896,-0.0030045013563819722,-0.0007820303845216259,0.0005718664473786106
2026-02-06 14:30:00,0.03222264208664605,0.0611242599876487,0.01213968181621361,0.005106310748023368,-0.08255149379889914,-0.021632453052395917,0.0368143762173494,0.022153155516665635,0.011783700078355608,0.02932813552074265,0.008697475475705652,-0.002461533038935926
2026-02-06 15:30:00,0.0004290548698424601,0.0072553130017549705,-0.0006268508221110025,0.004589901134697705,0.0001464176496801528,0.002716385674635724,0.00057478987665327,-0.005441899633223279,0.0023823989175451032,-0.002937357806277241,0.003998683851018647,0.0006302857070989987
2026-02-06 16:30:00,0.008712052590266417,0.0029915449367408087,-0.0015597044079109779,0.0012950073589257372,0.015304462451528167,0.006897975251572319,0.002388823179530597,0.004369273237740501,0.0019991501753651164,0.003464490293564104,0.0028281445526676663,-5.7250503087580285e-05
2026-02-06 17:30:00,-0.004103916223078485,-0.00011329100286339155,-0.00325273238289725,0.003824800377650206,-0.0038524706562679256,-0.0024878812447379772,0.0009446373678976272,0.0007375414382906342,0.0006752119022923608,0.00023056661428544345,-0.0019274214050213345,0.000629837395552002
2026-02-06 18:30:00,0.002931398911577787,-0.00035393099294189767,-0.0023246837046313473,-0.0008389310644574266,0.0006752491143746653,0.0019968687685505415,0.0002729978505859876,0.0020087255152221317,0.0007733765798922931,0.00031825673552265954,-0.008395290280966528,0.0002862142111492716
2026-02-06 19:30:00,5.1232280304347455e-05,0.004813678805843047,0.001910629003277542,0.0013019255763673243,0.001878655634248716,-0.0018415296801501668,-0.000830371536905794,-0.002746266953512766,0.0004306636472897196,-0.0005817274830155483,-0.002467306093898891,0.0007437563441019535
2026-02-06 20:30:00,-0.005813049162434858,0.0004045742878053815,0.0015114369938764582,0.0028732986518207326,0.012078496448576281,0.0011083890440275468,-0.0013947948940469246,-0.0004025061075161318,0.0011952567528217273,-6.587853468342786e-05,0.0009746509255927904,0.0009146202756964428
2026-02-09 14:30:00,0.0047452658787987545,0.02792214741179677,-0.018134104420593822,0.02247455799730691,-0.015163279390357332,-0.0002041866768083267,0.010214711542852584,0.004084785631433441,0.001938500580661362,0.01599072339175578,0.009502034605590737,-0.0031474634305110882
2026-02-09 15:30:00,0.01370826313096618,0.006091725881685939,0.001154626849786844,0.005097740541602391,0.011900956209140112,0.0158312883140157,-0.0038915493732849527,-0.0025419748936368336,0.0039660169243846966,0.007643411251757826,0.005517436176826429,0.0010311222172676437
2026-02-09 16:30:00,0.004444719733601943,-0.0012258291610587335,-0.0050849525566034615,0.0006186558586751545,0.0032623231812172193,0.012942723131274647,-0.004262635695347683,0.00684308523959043,0.000648018091297331,-0.0008367950630256971,0.004723250263178436,0.0014281425027471428
2026-02-09 17:30:00,-0.005197619115275387,-0.0031208946464120757,-0.00011578908761400442,-0.0006915425016078558,0.0005941700145069007,-0.0022657740605573906,-0.000712146147058057,-0.00036609111223384616,-0.0013099956282740521,-0.0027729911898388693,-0.0029334340417914717,-0.0003385606666732599
2026-02-09 18:30:00,0.0043404984421311354,8.899559134167845e-05,0.006011690072041276,0.006073994632267876,-0.005957646892253976,0.004277145804452154,0.0027067800972702116,0.0014633581569887255,0.002172723715592184,0.003952906141356571,-0.0029421621374279283,0.0013695046392951937
2026-02-09 19:30:00,-0.00011832379862397602,-0.005828168260970656,0.0015338476692559055,-0.003661707755375332,-0.0007412219935742925,-0.003555664763528199,-0.004675757427589744,0.002787723695758082,-0.0016758479883307587,0.0012845901483800048,-0.0013459698593205616,-0.00034274526212563217
2026-02-09 20:30:00,-0.007070523100470183,-0.000579423303971538,0.0018228886320272863,0.0012583222228510493,-0.0018435417930646736,-0.003169657469439535,-0.000465653250039999,0.001721919403107286,-0.0009579349008044247,-0.0001488742839157453,0.0008975470959988741,0.00011420335847045493
2026-02-10 14:30:00,0.014709600647057286,-0.00325515154477074,-0.0004371725236653745,0.017559584848780396,0.015007827700084242,-0.007187149730734532,0.010271811093831573,-0.00490851000565673,0.0028924562436296597,-0.00953278086182685,0.0027516907098776855,0.009721823899254467
2026-02-10 15:30:00,-0.003802330712555424,-0.00028073764807601265,-0.0013127768145899665,-0.001307854916075435,-0.008142359718736891,-0.002591123357874814,-0.009961319924536305,0.003981729952293733,-0.001639395784263975,-0.004355438226534503,-0.007183170511305903,0.0013773060565318573
2026-02-10 16:30:00,0.0075590903397051434,0.003008900428398853,-0.0025940039401817216,-0.00013107569923587192,-0.00043994810833059006,0.005019810682166614,-7.768481078240796e-05,0.0005297082005606413,0.0006762022562494252,0.005392761612609931,0.001607872482091821,-0.0005301655063192356
2026-02-10 17:30:00,-0.0038077987785154477,-0.0023487275213964764,0.0025757417765781554,-0.009852538039933023,-0.010700156743624234,-0.0011356390240351288,-0.013794098484580353,0.0017195407607637492,-0.0026067712453627934,-0.005827136149117784,-0.0026382928680037665,-0.001356443280205788
2026-02-10 18:30:00,0.0040546035218520515,-0.00015853078284155941,-0.000328441810531821,0.0014049041438664034,0.0023797728943408814,-0.00023772866422344663,-0.0002903269368754735,-0.0001982538341280815,0.0006198941697350691,0.0026903104129223365,0.0005153429137214616,0.000396117979941657
2026-02-10 19:30:00,-0.0013887731056030361,-0.0006079073638325383,0.0003832273008530507,-0.0052247239981007,-0.002581912059175906,-0.0010552288625955697,0.0015573825933685725,0.0004624975524549768,-0.0008254371677427486,0.0014506696486327186,0.0018002874305889094,0.0007918518132834507
2026-02-10 20:30:00,0.0018124429773545003,-0.002594613641936583,-0.0010221545488446893,-0.0028353208296874044,-0.0035108922917022056,-0.002114258963243465,-4.720140292580055e-05,0.0012544315248783633,-0.0017431351029157938,0.00041099825557733283,0.0029540131141851944,0.0009042310018134714
2026-02-11 14:30:00,-0.008265095317645077,0.0016422410365635187,0.011836971472408031,-0.023350814325012514,-0.009846407087706233,-0.013292699768187255,-0.0032433273780654304,0.0240558387683949,-0.0034303681123342145,0.0034758297196857413,0.011090624490346812,-0.003224943000239122
2026-02-11 15:30:00,0.011048006395574461,0.012465893748598411,0.004105950396238178,-0.003480731790149072,-0.0028430722953833865,0.01032245196800563,-0.00388697108757885,0.007699041798328032,0.0030690781727900074,0.00256137730470396,0.0016467782974842748,-0.00017010421496976846
2026-02-11 16:30:00,-0.003865556858924535,0.003627718070735142,0.0062888392099829105,0.002935756107983245,-0.0045642206420897224,-0.005831724896559365,-0.008250390838540511,-0.002624108996732488,0.0025363245457121764,0.005188654311924168,-0.0020271597147312193,0.0018121491501634779
2026-02-11 17:30:00,-3.50617834641298e-05,-0.002889818054038429,-0.003524809730222067,0.0012010621846068048,0.004069408283192466,0.0032348772724404284,-0.002509165344982023,0.0003203988969202598,-0.0011641871262293435,-0.002719609874910489,0.0007607148842474487,-0.00357075161347975
2026-02-11 18:30:00,0.0066056463391381826,0.0032022809307541422,0.0022200572787012263,0.00297772239024674,0.004084606525047718,0.0005918405553897443,-0.005230505392194829,-0.004494658638023452,0.0013703452178353004,0.0036067262853558546,-0.006484062122524392,0.00034181747262618245
2026-02-11 19:30:00,-0.003984004334710356,-0.005142207968098056,-0.012706464505055415,-0.003189369780443485,-0.006014741782462529,0.0014817221086040888,0.0018000568910832015,0.0005147129425715491,-0.0021428445629627646,-0.0013362912070125077,0.005342821075948301,-0.0012506359996660166
2026-02-11 20:30:00,0.0053629678557021165,-0.0054055540541178,-0.0018491248816889794,0.0005457204094012624,0.0006129028660790681,0.00012304313060607086,-0.0018965765048415406,0.0005465249344034362,-0.00048407460350397,0.00025669601685596177,0.0010144792961801485,0.000795315525370377
2026-02-12 14:30:00,0.003543916227511268,0.008697548576763303,-0.015691934773331084,-0.00437624810221493,-0.00834308452642496,-0.008729707213525728,-0.0061808061291142025,-0.012777703922870032,0.0016534761087410033,-0.004287068314878795,-0.016227332154064023,0.006170566786909859
2026-02-12 15:30:00,-0.024168532942942633,-0.02314123145424052,-0.018905652016639962,-0.007219680330292633,-0.02272113986114377,-0.026707719780764805,-0.02171529286640439,-0.00019534906336282631,-0.013750877880360335,-0.03412971446755009,-0.011009741363228187,0.0021986049668916152
2026-02-12 16:30:00,-0.00310488767280237,0.012046443357057512,-0.0059159780902220405,0.007207243753045489,0.008709475392804755,0.010526804120186917,-0.0030983549960694745,-0.011528324354037167,0.000760418166652066,0.013686774818879144,-0.008764503375304322,-0.0012960062806177675
2026-02-12 17:30:00,-0.003161564497789371,-0.0017158161715489229,-0.008616072745970982,0.0045617939023392395,-0.0008273761970114535,0.0024194438653841743,-0.0002488874152852816,-0.008634526903900763,-0.0013896282064171928,-0.007460372092610967,-0.0005586024035810766,0.006071110760484721
2026-02-12 18:30:00,-0.005117567262366229,-0.0010573458380207512,-0.0020987503013509823,0.0024582658720095907,-0.0010792265955297253,-0.003309081620208154,0.008265056005920535,0.00315153003119395,0.0014335220233556711,0.0006624968447548341,0.0027896968342391304,0.00019059912013563718
2026-02-12 19:30:00,0.00033826444029028124,-0.007699477372682395,-0.0011084471905675741,-0.004439071735800937,-0.0037484546908039817,-0.0016125008983243205,-0.0027034412628355042,-0.003384162742917418,-0.0013603543410862784,-0.0019002521641509063,-0.00039334924177225616,0.0003148493376192718
2026-02-12 20:30:00,0.004899230830271328,-0.0036848319358666615,0.0003823740433634981,-0.00394858978503887,0.0054043842039757095,-0.0014072852297148941,-0.0010900828348798797,-0.0035289765152874963,-0.0029316078659000766,-0.001305720700873536,0.001441591363105843,-0.00044935091094711055
2026-02-13 14:30:00,-0.0017647876771151871,-0.015256781496819194,-0.003810895855016483,0.005001367245943911,-0.0035107424593698866,-0.0014555539067506729,-0.0034761512828254126,-0.004311604731239704,0.002521746252119428,0.019478021988710736,-0.002228754322051607,0.0039185176348794926
2026-02-13 15:30:00,0.004376278199550221,-0.002638204325185356,-0.005029974486434163,-0.010540721173779133,0.005664390313544487,-0.0006630010965222866,0.005556096916755848,-0.0005025342298079494,0.001287724250239819,0.0036599763721429923,0.0006559787975586318,0.0014469740259803743
2026-02-13 16:30:00,0.005940306688100527,0.005188194663234391,0.001165940967644552,0.010429342185423351,0.004717187822593338,0.0036565080738810707,0.0009230222766660745,-0.002482940031457659,0.002256793009918212,-0.001992795147722326,0.0006556487766244956,-0.0003355965788056636
2026-02-13 17:30:00,0.0003800001802032327,-0.0017897438257961085,-0.0026229240718551594,0.0017441424831519114,-0.0036671517012267785,-0.0020042930884720533,-0.0007910810256568368,-0.004039634581480378,3.6511869701882915e-05,0.0008019054082186727,0.0030756246683312227,-0.0003334963403114344
2026-02-13 18:30:00,-0.00014222914750572357,-0.0028811347375450325,-0.0017396150714814596,-0.003776681650212055,-0.0025020029523448173,-0.005059031123464841,-0.0008577783905909797,0.0035355974281428004,-0.001533131298605106,0.00395684168870325,-0.0026824816296926457,0.0009477779036908274
2026-02-13 19:30:00,-0.006944067017015776,-0.007563560755528442,-0.009915075559014497,-0.005721868121314699,-0.006383319415493638,-0.007581274051754683,-0.005925232979838491,-0.00407545730936576,-0.005436062364087668,-0.0025928845221008245,-0.003807039956597258,0.00022292608689689075
2026-02-13 20:30:00,-0.0004550062330297422,0.00262461210213516,-0.0003517336755169964,0.0010712296355537276,0.0022664742387519254,-0.0023340800518516502,0.004306741017166438,0.0017535057619921801,0.0014240926729849335,0.0008434482165817769,0.002495928276436743,-0.0005016110714706201
2026-02-17 14:30:00,-0.03932133804970661,-0.013078560031956954,0.014822011781920885,-0.010676014937756051,0.0009302788061926748,-0.013771395535790987,0.012810140475449039,-0.016920224805675232,-0.006269537546409687,-0.03499791580730793,-0.010551443909131208,0.0025619611578209245
2026-02-17 15:30:00,0.016924370823561574,0.017418491001569336,0.002404286420993884,0.00500138196949429,0.010624170227278462,0.009196763045330236,0.0014023865758305831,0.0010959156035852402,0.006269537546409687,0.004757085630295421,0.002912768168987334,-0.0002791524948442259
2026-02-17 16:30:00,-0.003792281038108136,0.006109417912913528,0.006071095392035986,-0.0032392362472322134,-0.0030382322248838634,0.0021079958434979673,-0.003329818433455145,-0.00020475279358045384,0.0008799481818186905,-0.0038173162259509397,-0.0014553235575673895,0.0
2026-02-17 17:30:00,0.006837863741688821,0.003485994848407614,0.005902271740581,-0.0017117072574475145,-0.0007235832754908245,0.0026230856666522584,0.0017315981932917168,-0.0023999843320101633,0.0002784754965157177,0.0044631973966202665,0.00396410469615649,-0.0010015173024902069
2026-02-17 18:30:00,0.004824405573450541,0.0057401772274463525,0.007130967446253855,-0.001053969832919499,0.002891121009048092,-0.00025023476931362865,0.000522469798073466,-0.0030244898937308307,0.002341919980513474,-0.0008018741824447062,-0.0006596273777406125,0.0006677896378004533
2026-02-17 19:30:00,-0.002044109896948143,-0.005335635673063166,-0.0037577161499884326,-0.00026965190396754934,-0.0015691478592314567,0.0023655204423365106,0.002215817063985881,0.005560806642620264,-0.0016387858008091172,-0.0010702348621522972,0.0,0.0005562074771772174
2026-02-17 20:30:00,7.328828015129574e-05,-0.002402816051567669,-0.002045332643128006,0.0009960338763939092,0.0030861665673009853,-0.0030379250824950077,6.516986587445928e-05,0.0009579813441291662,-0.00017573720057573183,-8.918689876313834e-05,-0.0010562693523805677,-0.0005562074771772174
2026-02-18 14:30:00,0.00650596503425227,0.025595138318102784,0.006229629847942952,0.007607269131014505,0.02284715691608241,-0.00023470836447803123,0.012117030209791047,0.01910362942102406,0.007427531437347312,0.025800414999804566,0.030827736093637093,-0.0025065989696688717
2026-02-18 15:30:00,0.0026823332154055635,-3.6986063571831096e-06,0.0024153908969370974,0.003894157529211739,0.0001942553273366343,-0.00040690742137794444,0.0001125655380178614,0.003750574135679585,0.0005522199002738759,-0.0015775323192901425,0.002686270710616334,0.0017830834271910234
2026-02-18 16:30:00,0.0020130105311944035,-0.0033522141027804153,-0.0023331779355402205,-0.0006479994385628629,-0.00048574616193253206,0.0008136493364503394,0.0007231791079025385,0.002470442733371492,-2.9000590433980733e-05,0.00045717402738976176,0.006620908657909652,0.00016699852636747892
2026-02-18 17:30:00,-0.003099589837573191,-0.0010573963756144167,-7.577366031785715e-05,0.0002492860993843493,-0.0005833108808470655,0.0026397023025133137,-0.002171304732920376,0.003395100244624416,-0.0005741542228410168,-0.0022661926393485743,0.0033572942620256896,-0.0018385194534022986
2026-02-18 18:30:00,-0.003218244279407756,-0.0019910180802389377,-0.003131859687617755,-0.0015964449840648598,-0.0019466324270576152,-0.002874370288012962,-0.0024181469536737055,-0.0005982804636817107,-0.0020156964968256474,-0.001834240427861289,0.0005689668947823634,-0.001004340491714828
2026-02-18 19:30:00,-0.004664310833572216,-0.008490316476290616,-0.0031421618995981504,-0.0030251700870298492,-0.004198202977185872,-0.0003600331192963324,-0.00290949641496141,0.000565018245239024,-0.0032247402212606247,-0.0003715757784155116,0.002903072180487243,-0.0008376505917384591
2026-02-18 20:30:00,0.0012654392309201512,0.004908499250925402,0.0021967856901961014,0.0003880329289165374,0.0011489366886552332,0.006427061083160268,-0.0003562401728851583,0.0011624056322281362,0.002889640705219243,0.0016602803302907532,0.0008819820945760171,0.0002792380161658059
2026-02-19 14:30:00,-0.00612281540749926,-0.0014428656571636722,-0.0055009232222946736,0.0026871122734108965,-0.0045054958574457515,-0.000521068023696003,-0.0050975865812707966,0.00720971708166207,-0.0033428170629514753,0.006027957882747792,0.017723855375314734,-0.0006145800940169366
2026-02-19 15:30:00,0.012546675659724116,-0.0016488310260562855,0.0028490589421732437,-0.001273925821588584,0.007311147848277244,0.003455579288199395,0.00022776313507222312,0.0037496825600857875,0.0003581682063629188,-0.0035427609153710904,-0.0009902442961440272,0.0003353420778511307
2026-02-19 16:30:00,-0.0002537738549337476,-0.003636911915658736,-0.0025827752086673428,-0.002552654194042603,-0.0036904573634153337,0.0004727377654090148,0.0009433780809775527,-0.002498225487647332,-0.0003143495134709795,-0.0009584857696864901,0.0029677017816602813,-0.00027940128502557116
2026-02-19 17:30:00,-0.009641393122040043,-0.0023099208969386,-0.0044596649042301095,-0.0021766882715938962,-0.0015368051658120052,-0.00022475198627880388,-0.005875558539137238,-0.005643830521759874,-0.002239530541003454,-0.0031869915279809646,-0.0024724570606222684,0.001954001397201033
2026-02-19 18:30:00,-2.234219396157755e-07,0.0017739250510366844,-0.0008789454993358703,-0.0013125268113780564,0.0009057297659973429,-0.0014658154000004586,0.003629565538502355,0.004194642307913554,0.0012814177435291896,0.0022494222561810773,0.0007423603263507772,0.0003513440520190869
2026-02-19 19:30:00,0.0004757755864535085,0.0014202433378516233,-0.0029867866429604817,-0.0010566406217877855,-0.0009302445782521929,-0.0013561085258420036,0.0013351908396792567,-0.00046149122242677976,-0.0005489779801495231,0.001264413894473293,0.0025323732084281403,-0.0005889052133252193
2026-02-19 20:30:00,0.0042624111164464296,0.005844361106928986,-0.000959195847836547,0.0028906322415886976,0.0036425221754576853,0.0019690907736658048,0.002600065856392497,-0.004560951983598294,0.002354796374570256,0.0012411026181720075,0.0019104406621579528,1.4471480670685821e-05
2026-02-20 14:30:00,-0.004652992089382302,-0.0003992331689639528,0.0002321554519584268,-0.004024064435367514,0.017129216296691396,0.015134218571298597,0.002350540090007236,-0.01542239401846679,0.003339843157361244,0.004905715961069035,-0.007663854125559588,-0.004641168256701356
2026-02-20 15:30:00,-0.001007309710918669,0.005204311823215235,0.0032930921190272855,0.001888289405346022,-0.001788671999212177,0.001995860246146286,-0.004202347211341717,-0.010109533662724601,-0.000947435624404136,0.005571016047190902,-0.0023603317316673866,0.0010083913935892141
2026-02-20 16:30:00,-0.004866040202174737,-0.004538984665963142,0.0033223071042804975,-0.0017497120866325488,-0.000805404248527708,-0.0016197130814541438,0.0013324137832579908,-0.003028338083544746,-0.001342313743026402,0.0021862786138351353,0.002484435417568598,-0.00010526213271155882
2026-02-20 17:30:00,0.004774870332031611,0.00392964365258841,0.004981842272870907,0.0003023118266467506,0.006281398781050385,0.0011354155036240599,0.004309958689241,0.003232203395437949,0.001940255805104485,-0.001045674427132326,0.0018593315216834938,-0.0009031292608776553
2026-02-20 18:30:00,0.004192881379260882,0.0036239789993395277,0.0031058556833309936,-0.00023925858246709453,0.0027684340940083985,0.0005490762381983316,0.003325100415874971,0.00023782490062096429,0.002937913176385365,0.0021271335204531283,0.0024736803215841263,0.0015244597771832957
2026-02-20 19:30:00,-0.003142955880717224,0.0002903635341207078,-0.004168127233711516,-0.00017640529276974348,-0.0015741759828680202,-0.002335705647377395,-9.66876037562514e-05,0.0014256593394801342,-0.00031959524709002096,0.0030109988313755665,-0.0027213474351945877,0.000599695202087247
2026-02-20 20:30:00,0.004674343045748763,0.0021621823168942456,0.004773033174171992,0.001083009593219053,0.003431449191868552,0.002045937464083103,0.0019963785676804235,-0.0007465007156453041,0.0014371535850639106,0.0024684615644297025,0.0013615522455543427,0.00011528806348248821
2026-02-23 14:30:00,-0.02044013944362799,0.007818512646441178,0.009254416844064473,-0.02245285087965776,-0.026765176897733056,-0.009948485677365504,-0.0352757073901131,0.01529321545317508,-0.007045821109394446,0.019468556863404096,0.01278288001438721,0.002680643365705393
2026-02-23 15:30:00,-0.013502429187386866,-0.004313124681969427,-0.001723977148209599,-0.004823260313743916,-0.000826704526416755,-0.007328970160440207,-0.004408333937807818,0.006198524549194673,-0.0023987705377903623,0.0032186804598923757,-0.0030579194325559556,0.0024509951604620994
2026-02-23 16:30:00,-0.001382938861426375,0.0023772652768689895,0.0020227659474869597,-0.0003130712564303195,-0.005001257051452157,-0.0018951366547854676,-0.010412997641918054,-0.003994719797628221,-0.0017294849211717533,-0.0008350717874199276,-0.010837617452870596,0.000722947801587992
2026-02-23 17:30:00,-0.0034784519347139664,0.0026673468953379853,0.00822127635225467,0.000892369597139897,0.00485444965491677,0.0006684340034190939,0.006472559785503762,0.004260420616523319,0.003104906538888841,-0.0008565644703013575,-0.001736471496499803,-0.0003124862549084284
2026-02-23 18:30:00,-0.0041623205230409965,-0.004606881057046763,-0.00758434874968561,-0.0015912707739724752,-0.00024455269448608874,-0.0069931895570105596,-0.0023718195313398027,-0.0021278906238570983,-0.003721187158537198,0.0007312562827443969,0.001549475026351388,-0.0013010530496488926
2026-02-23 19:30:00,0.0028767263736879656,0.0016252791875679407,-0.0019472333397603236,-0.007529927168321571,0.0014178869700671726,-0.0025144525345357494,0.005022900858580925,0.0042513640873309555,0.00011735635036291825,0.0029723758398603195,0.0017943468599641577,-0.0007242007015371144
2026-02-23 20:30:00,0.01085984836154541,0.003764716711581073,-0.0014628887243706146,0.0032479800042368723,0.0030246638832256423,-0.00029808746899817606,-0.0022479532034207494,-0.0001988715512810657,0.001554522514084944,0.0023188801108480206,0.0002473021722568802,5.57786939650029e-05
2026-02-24 14:30:00,0.018816480180142037,0.002085365969093367,0.026961594630692254,0.009589309550769975,0.011959959986334034,-0.0027418186551928514,-0.013696717926545254,-0.01167030002659697,0.005735267856473492,-0.019130095952546,-0.008191725895074775,0.0015033217109836627
2026-02-24 15:30:00,-0.010150920089016857,0.0007288598504393562,-0.0016457141163472855,-0.003974682389123352,0.006429094709503147,0.003870979192183377,0.008713169974772228,0.0016755474375571566,-0.00035702513590685214,0.001079511492864782,0.002116475072348578,0.001001045211365792
2026-02-24 16:30:00,0.0017590785693624156,0.0056307827033936775,-0.002601989413662409,-0.0006208276501169507,0.002388345942668124,0.0029890756733932378,0.004126655054734307,0.001472171151249313,0.0020967427400435668,0.002872927189456753,0.0023600384780655403,-0.0005560219379114884
2026-02-24 17:30:00,0.003187160437047254,-0.0015273210399060488,-0.0033633559294869997,-0.0001164875950907529,-0.0007636677482949494,-0.0015482026144244543,0.003339333178438153,0.0,-0.000727594304644974,4.2164688778711934e-05,-0.004102720258122972,0.0005560219379114884
2026-02-24 18:30:00,0.008133317551029862,-0.0026473337392758367,0.0025557156017796956,0.0028556779940904775,-0.0020073522116206277,-0.0012920342406124163,-0.0012572398063461776,-0.0010704735136268795,-0.0002038177542269537,-0.0013508616928437078,-0.003869412140576678,-0.0002779723239063614
2026-02-24 19:30:00,0.0002936019438841697,0.0018431841450130548,-0.0013969002307012701,0.0016886347901969856,-0.003834742697626403,-0.00012540193080834428,-0.004775067198899308,0.001725504279225909,-0.0005097262045241635,0.0032245253572069643,0.010079069710182686,-0.0015869475457632731
2026-02-24 20:30:00,0.0014667180782215183,0.00044076418935645734,0.0009561144455645376,0.002161944291643181,0.0016075413934331095,0.001573892487761519,0.002205439623184091,-0.002328111262241528,0.0012155367527464378,-0.0008195450961654416,-0.00012374799633807498,0.0011420480211823403
2026-02-25 14:30:00,0.013273836669360328,0.01632839870152214,0.005349926304083041,0.025231692143705686,0.009045320412869096,0.0165126503306956,0.011137752693291425,-0.006686810354569417,0.005476917406213033,0.002987680161741224,-0.011958277197885891,-0.0012801366864767516
2026-02-25 15:30:00,-0.002099140340091843,0.001503071405871026,0.001223500930871424,-0.0036412837851464985,-0.002426293478755781,0.00013085688498026826,0.002839838787944693,-0.0031403315084030936,0.00046281161259553727,0.00452755794333104,-0.0002507115219474443,0.0016138086733796797
2026-02-25 16:30:00,0.00030162108291698075,0.005181643701182459,-0.001296666385210088,-0.0004026161116721383,-0.003483222949640208,0.002275091387275552,0.0041125007241689104,0.0035785379303874265,0.0007228358916142597,0.001838706894107922,0.0,0.0014447397293295694
2026-02-25 17:30:00,0.0025204898261268482,-0.0031977321155221006,0.002701004501752813,0.0035298632340285963,-0.0002390374584972932,-0.0027446775202832896,0.001394631876327601,0.0008085318484649662,0.0004912689197320574,-0.001080076125267837,0.0032536899775115202,-0.0004999116847725915
2026-02-25 18:30:00,0.00190123040848178,0.001878960011588049,0.00021866592960506637,-8.771409496866056e-05,0.0036984205376393575,0.0030133346313254705,-0.001254224433454354,0.0027237353355333838,0.0008085556997121657,-0.0009050513164865492,-0.0038805525357323845,-0.0013340945621438394
2026-02-25 19:30:00,-0.0005115453021424798,-0.0010400897887192784,-0.0024080705510654,0.005652365392152525,0.00140420178802092,-0.0003322008080868244,3.0236374382042186e-07,0.0007719926859710569,7.21433893779988e-05,-0.00305322256535856,0.0018169440795263725,-0.0004451222994559245
2026-02-25 20:30:00,0.004039650559485075,-0.005168361659340981,0.0015695171638663297,-0.0011728773730625974,0.00204332763813575,0.003933213857327367,0.0018803442761061717,0.0003355121518966442,0.00025972595227052864,-0.006687185929270534,-0.0021933651920926778,0.0006119814854583794
2026-02-26 14:30:00,-0.023201289231834288,-0.05124494919050271,-0.00798273199857924,0.002942116383681359,-0.015065971983577953,-0.0043074350466634215,0.006554899386641111,0.0010058615735575316,-0.010748619592166442,-0.0023172074105684004,0.0030068363180539848,0.0026671523521679674
2026-02-26 15:30:00,0.0030990521513958313,0.009253359436161013,0.0019833573785854597,-0.0017193112574371838,0.00326012419941879,0.006751714341406867,0.005633186066553719,0.010035857233451573,0.004438193019161041,0.007739499169250763,0.014653189877471995,-0.000389416576780377
2026-02-26 16:30:00,-0.009513404383636015,-0.0013319128450870465,-0.002866063887514869,-0.00019957372579959554,-0.005862376556377669,-0.0021537934869275688,-0.007582641220319708,-0.0036226383828976694,-0.0035708729134604766,-0.0013243328037599866,-0.0028393742167223124,-0.00019425703772846248
2026-02-26 17:30:00,0.0,-0.011905866988147551,-0.0013624050733209714,-0.0018225140477907686,-0.006936622919441859,-0.0004741365335965142,0.003650906750612748,0.0020621831015796843,-0.000896516715584994,0.0004311588098220298,-0.0025994826158539652,0.0008032884718671696
2026-02-26 18:30:00,0.007327103818846936,-0.0002973088385154199,0.0051819265083770105,0.0027699445863413885,0.009669975648776585,0.005621652733841742,0.0018291313777645257,-0.01240380158961063,0.004278614248056201,0.0016911348145711713,-0.015866365844961372,0.00027836339090292483
2026-02-26 19:30:00,-0.0011764175668220744,-0.003297394557671751,-0.0006232987475645047,7.475492953457064e-05,0.0010253426891413397,-0.0007533055000603639,0.0004407836780879748,0.004464323082569166,7.985722135739337e-05,0.001559797252689954,0.00314327270164938,0.0008866925757748945
2026-02-26 20:30:00,0.0018868639836373546,0.0011369266053353755,0.0013195462300421568,0.0012451441070808755,0.0007693634988976683,0.00024360918555021982,-0.0014692708276164979,-0.004969055641258713,0.0009507060718005889,0.0006627003140664556,0.0015052074511494595,5.5360495516687536e-05
2026-02-27 14:30:00,-0.003988572060080742,-0.01671538599455502,-0.01656557476995779,-0.01924780197843745,0.0013217843795994,-0.015909505853922035,-0.030009340068404278,0.008946674288955236,-0.006973992496952519,0.006866872118930445,0.021759589651414224,0.0038698274254116427
2026-02-27 15:30:00,-0.01123147867854879,-0.00449217338753094,0.0020462385124293547,-0.0007868058691808955,-0.00021565530010292377,-0.0038348777210401863,0.005890332691476097,-6.668339353410602e-05,0.0012491158770622235,0.0006237919785645474,-0.006089549590152288,0.0013784359276218794
2026-02-27 16:30:00,-0.0034861856643741973,-0.006123066182096792,-0.004361047907564419,0.002535884123291865,0.00019161445646798114,-0.0014525421539319794,-0.01464703223582653,0.00873572679236645,-0.001818141965940434,-0.0011439372042705287,0.0020339729374558857,0.00011013230684397968
2026-02-27 17:30:00,-0.002947397308516564,-0.005266278969045857,-0.0072433939740736974,-0.0018505892936397927,9.608661787208206e-05,-0.005206018730138595,0.0068023317404328765,0.0,-0.0004971370993827051,0.0003953401224237041,0.003871503560093359,-0.00011013230684397968
2026-02-27 18:30:00,0.0,-0.0017056944270228414,-0.0008305535332935321,-0.0027440792533157676,0.0030692494838229223,0.0005077899132919228,-0.0016370955497553297,0.0047509241866254825,-0.0002925438259682167,0.003281455423805646,0.00208327750480386,0.000535414981245097
2026-02-27 19:30:00,0.0011250809087490765,0.0013144499747532734,0.0034186919044749686,0.0019699025984234453,0.00200908069560235,0.001365795184346652,0.006347977449280506,0.010347786260473057,0.002906994082482406,0.0016988284764218875,0.0018601809559797289,-0.000535414981245097
2026-02-27 20:30:00,0.00558192512112754,-0.009773656671566044,-0.009306602806473663,-0.0028608321537904047,0.00357765077218275,0.010736248830869322,0.006791477180433603,-0.005848689673694452,0.0010058407946562653,0.0013238679135216813,0.001073421682570519,0.00038557810609329835
2026-03-02 14:30:00,-0.009402194560600208,0.018677478046741136,-0.001363748314125779,0.014888147728081336,-0.010194108845805516,0.005877674548851353,-0.009514399596666223,0.00662956582099028,-0.004161524247494164,0.012388318613100857,0.06348526992413106,-0.01168956355399331
2026-03-02 15:30:00,0.0037953322295738445,0.0023241567159084653,0.0020826173752874766,-0.003730281676920022,-0.006951188522099194,-0.002119368136370703,0.0007402713423676488,0.005315546429129014,-0.0003073529871402414,-0.0037536754642299996,-0.007704353605386238,-0.0018406555569514538
2026-03-02 16:30:00,0.005855267395126873,0.011759020131143494,0.0061845535903941595,0.007811574428354007,0.009449455484955571,0.008679241787710623,0.004446916701563275,-0.0049907750077489155,0.004765613392529566,-0.0009329087645326695,-0.00922508364485175,-0.0021236783445388596
2026-03-02 17:30:00,-0.0019147531536418683,-0.0033646549267727366,-0.0018814680997056854,0.00022485311730768842,0.00110879570487743,-0.0006098677230204075,0.0013218183986927201,0.004999173651654587,0.00034411077773022214,-0.001313767008130462,0.006450860753268728,0.0015305973327421896
2026-03-02 18:30:00,0.0022376784655673276,0.0010951018050686656,0.0021069973976173273,-0.0010998137268556363,0.0001619867077176096,-0.0006177840910339683,0.0004179449028649529,-0.0006476930301921868,0.0021529137607618765,0.006204520330607366,0.004619496899198161,-0.0003329953112194417
2026-03-02 19:30:00,-0.007703747529476779,-0.002713911551895265,-0.006599190629367868,-0.0065488845909440485,-0.004876122320826681,-0.006306892014753096,-0.005948870302208142,-0.0011670640397749565,-0.004149890046377891,0.00042857587063860336,0.01911553396390797,0.0007585836227423925
2026-03-02 20:30:00,0.009155546664320724,0.0010974607797322733,0.0010966272975645452,0.0028406019618998357,0.002645200839572759,0.003625190653545829,0.0005355574896608317,0.0002595092795072418,0.0014872127563085868,-0.00020401931827329634,-0.014620537703992298,0.000837268234700872
2026-03-03 14:30:00,-0.041818562106304746,-0.025437346757883006,-0.008882859408104515,-0.011639365460721862,-0.026772103120634938,-0.021653902327174457,-0.01258176452421722,-0.01878877585000005,-0.024363063534996954,-0.05575239707033042,0.07772250853956209,-0.0027375389908010916
2026-03-03 15:30:00,0.014937544514487477,0.008653445431455076,0.0011813257037536218,0.01604316266695971,0.015906367661719933,0.019800754187067504,0.007257270772903723,0.009340317257372277,0.009168920019720694,0.013694846944552808,-0.008389377796416575,-0.000502492514277364
2026-03-03 16:30:00,-0.0013766248357534039,0.00439594102904195,-0.002898700525233444,0.004455638116688476,0.00329637184208309,-0.0007667536316766643,0.008478866975575983,-0.004198926030831274,0.00339647349767791,-0.005603152562491331,-0.013467853915145156,0.00042975986495097374
2026-03-03 17:30:00,0.003285435167279971,0.00024981288517977873,-0.0012611997577547385,0.006633554871842584,0.004635185027416888,0.00471391185671699,0.00810853399255329,0.002232852627627402,0.002208904227440911,0.005560408850081799,-0.006529635861665106,9.731713733440728e-05
2026-03-03 18:30:00,-0.004216966444519521,-0.0033360656451213444,0.008283584942576638,0.002900010780743756,0.0013960506952175322,3.056696976333484e-05,-0.0024956339888326795,-0.00420720695584631,0.0009997540707455954,-0.001149958702997722,-0.009103371982392972,0.001037801701039065
2026-03-03 19:30:00,0.0023335780342863544,0.003641364229293842,-0.0014233257044811154,-0.0050402421557471655,0.003864912669641285,0.0002442226243450918,0.0001998719443578878,-0.006145378577723015,0.0008078848779895509,0.003149096180400157,-0.015321770672740875,0.00011178693473024026
2026-03-03 20:30:00,-0.0005095724177239802,-0.0006938951316035613,0.0015522608301532514,0.00013620392575575124,0.00035931416342105393,-0.00021216558667180863,0.00016659720072897954,0.006310015195530205,-0.0011311857793918634,-0.0053251664670543875,0.008910763600975535,-0.0005589743674052627
2026-03-04 14:30:00,0.03830374240848489,0.018649966277565433,0.0016710638453911741,0.003810187942880461,0.038758169653113406,0.025548287863585983,-0.006649718774420776,-0.017541391525571548,0.008577188695646498,0.01197361496603655,-0.001109491658647599,-0.0027377171335460915
2026-03-04 15:30:00,-0.00856060363855704,-0.005849128866075581,0.0015132371279911183,0.0007610659746086768,-0.006356272067542967,-0.001891832631347512,0.0014406863556253313,0.0009045729392980206,-0.0013855342582314023,-0.0019645179954581593,-0.0031131754262707645,0.0027377171335460915
2026-03-04 16:30:00,0.0016438392522291068,0.00046593703048802837,0.0013977114350955944,0.004034903107749344,-0.003926362689133711,-0.0036823501035332384,-0.0009378308808898339,0.003409627179064678,0.00019702048444347753,-0.0027525802852750303,0.014372778224324811,-0.001174830025726159
2026-03-04 17:30:00,-0.0026711199930531393,0.0030907915192424085,-0.004236955467188608,0.006851565509442992,0.005756082123431483,0.00031426771566156475,-0.0009588763343355566,0.001133963820321604,0.0011374526588712186,-0.0019526152421027732,-0.0007686784091198717,-0.00027984768814537375
2026-03-04 18:30:00,0.00628318987288079,0.006833181520275566,-0.0016314486641677561,-0.0025638669509460144,0.0030504215926034917,0.002413306858296771,0.00025484878086867724,-0.0029376603112680755,0.000721196694830617,0.0002974099363450833,-0.002199461434035932,0.0
2026-03-04 19:30:00,0.0015369957376716314,-0.006723320877306982,-0.002357038412733381,-0.00253806787783617,4.92923294181935e-07,-0.004577553332285156,0.002093645357350127,0.002337504667955237,-0.0005390254262938043,0.0024394006667227686,0.006693398512836346,-0.0010644097036376365
2026-03-04 20:30:00,-0.0021647811993172894,-0.0008743847614649525,-0.0010662964829624144,-0.0073388927582493935,0.00036913131880211836,0.0008542827419546484,0.0012540864311683109,-0.0008675957816954849,-0.0015604716055097612,-0.00052980133689573,0.0010929990407886336,-0.0005045627619111315
2026-03-05 14:30:00,-0.006002148682950015,-0.0066647511618196376,-0.013734647883842932,0.005810212303062556,-0.002309256476667798,-0.00816037570758521,-0.013086100451498162,0.006090432513382815,-0.006354383644985084,-0.009713151847577706,0.04135492996045809,-0.005229035090954071
2026-03-05 15:30:00,0.0043885797653517855,0.00595373971813018,0.007255301551823301,-0.0017567374752935905,0.0022169688208366622,-0.007527130480597499,-0.004241679848940194,-0.004356094718126258,-0.001889263582464551,-0.0044728222313743515,0.010582654799727642,-0.0012409817827849778
2026-03-05 16:30:00,-0.005603094567607769,-0.009399499883314455,-0.006676051497662705,0.006483430186010608,0.0035466251985685204,-0.001835440914292441,0.0015969871661081214,0.002662469364070219,-0.0015094692538450971,0.002201365483353257,-0.0012452794928812239,0.0014664103786738991
2026-03-05 17:30:00,-0.008519566407631629,-0.012169117131771046,-0.0004282473624064309,-0.0018341224816351698,-0.0019331358611296423,-0.004461640836892933,0.0004921346348041311,-0.002662469364070219,-0.003262485421414496,-0.0007082444094139717,0.014637908387193477,-1.9091944137628047e-05
2026-03-05 18:30:00,0.005040657940335258,0.010289561057093444,-0.004060243843079903,0.0017363666125609356,0.003219119512513302,-0.0008349253800048473,-0.004898560505013805,0.0011990139174642422,0.0005469376769955403,-0.0008590934900141178,-0.00030703422517142087,0.001607262310281854
2026-03-05 19:30:00,0.002585350916460172,0.006315456718231083,0.0032136978949433015,0.0015869963687924482,0.004580859984927521,0.007573189337633401,-0.000221690558982246,-0.0019990881074010147,0.004114713174893758,0.002623336613467586,-0.0140194088785357,-6.757603519425004e-05
2026-03-05 20:30:00,0.006462100364034384,0.007968179636929307,0.00605072580126631,0.001998507474898936,0.00031983945127223024,0.0043409741996836,0.000920578722778842,0.005454728580073009,0.0029098123745647797,-0.0008844163025241158,0.00010374741205065874,-0.00045030864681461225
2026-03-06 14:30:00,-0.020160629642355765,-0.00827008705131771,-0.013773033440403815,0.0015327283577715178,-0.01721866576653497,-0.024654776003488976,-0.021772216721171134,0.006974379423321686,-0.010725930478991508,0.01711955704467716,0.09649846804869178,-0.006893424882481902
2026-03-06 15:30:00,0.00579725709758705,-0.0006056839021502114,0.0021402392833786976,0.001748807151785492,-0.00038868475960107673,0.005171277948667452,-0.003034569010907262,-0.0031340661129481973,0.0003707576197360396,-0.003834361564313049,-0.005671078322299294,0.0016438139883572234
2026-03-06 16:30:00,-0.001903641954034363,-0.003141837031917838,-0.0018676749391817182,-0.0033545776667658345,0.0017190290020279164,-0.002613292918318244,0.002790721767771842,0.0024421325312751208,-0.000904868460158248,4.2308820093595045e-05,0.027024875280468486,0.004576045557186603
2026-03-06 17:30:00,0.005774869691077988,0.001765575697164401,-0.0011494820034991804,-0.0021938237261007743,-0.002931597647781281,-0.0006504908854596536,0.0011489846605874376,0.001811226377087749,0.0012310685411485167,0.0016389763847568517,-0.0037897723179733944,0.0008987879513746577
2026-03-06 18:30:00,-0.004647259622172939,-0.005138823087672328,0.002744982591855738,0.0003428069143867063,-0.0008821461369574735,0.00029433785612376084,0.002502071516008897,-0.00042783765479281755,0.00041490302949398483,0.002869718112209263,0.010043819264054399,-0.0009010230391055529
2026-03-06 19:30:00,-0.00650730621035045,-0.01901300835602271,-0.0010503570986299948,-0.0014537903092177729,-0.004951721328595227,-0.0033201716776734003,-6.938220866103961e-05,-0.0014493792011798234,-0.003993625193598582,-0.002299304510790634,0.0,-0.002764411795477706
2026-03-06 20:30:00,-0.0004033977020103663,0.0031565188659072874,0.0020608494627687435,-0.0017482539546485043,-0.002039155365830325,0.002095826498002218,0.004398618413961053,-0.0035664346651493872,0.0003643849437686697,2.1074829858136468e-05,-0.0013762241481174442,-0.0004520643912204747
2026-03-09 13:30:00,-0.033539850698036666,0.0023608676808404283,-0.006742676609181153,-0.008725707103095282,-0.019211509542737204,-0.021554078198007254,-0.025161763248488178,0.010596042497450497,-0.012592396595636046,-0.014100411921545764,0.10352265976905706,0.0
2026-03-09 14:30:00,0.012567962167889135,0.006017437677621196,0.007868551827059811,0.008572741557987484,0.007197164141333978,0.008426031422777314,0.006922123319475837,-0.005942326293740585,0.008561895865372371,0.0034423864189552233,-0.055659738771070444,0.0032232673993330963
2026-03-09 15:30:00,0.004547673132929475,0.007256626955745915,-0.0006210116885929651,-0.0041084873572607705,-0.0021156105220248023,0.0004712565930704571,0.0027590230704195307,-0.0020766546657444707,0.0016409712089027195,0.0010240453612890832,-0.0017519676687260954,0.0012330009693615196
2026-03-09 16:30:00,-0.0027980568259478034,-0.006113201702257598,-0.0036561783983861673,-0.0042051215433946965,-0.002501802107763851,-0.004288892216274931,7.015535128829242e-05,-0.0017834429803755825,-0.0030230698438735715,-0.0019209542466214202,-0.0010525888444430365,0.0010674239332724156
2026-03-09 17:30:00,0.005843919555433175,0.0028945428951301366,0.002024170627318078,-0.00040726014458680737,-0.001121868691354777,0.0005361804247057123,-8.77217364259053e-05,0.0038930575742863738,0.0018149565769070009,0.002027536889654513,-0.0007902363721594696,-0.00016863193820704225
2026-03-09 18:30:00,0.023514443579528255,0.011693296142767373,0.009020122198951874,0.007085783851215055,0.015733837990359767,0.015633803050685735,0.016810581632181076,-0.004322788828350355,0.01087994260229408,0.006841970563776556,-0.07219770420566096,0.001965633971612313
2026-03-09 19:30:00,-0.004904647748474211,0.003366956533186638,0.00157885024950577,0.0038172594064258547,0.003496853397491506,0.004676025046273402,0.000517655801628436,-0.005105801463794357,0.0013660255303049595,0.00042324681978023193,-0.015988162578346454,0.0010935348968548197
2026-03-10 13:30:00,0.006413694434595385,0.0076632840965169535,0.00030772350423280415,-0.012385601641327959,0.0029476002393389322,0.007931740695115153,-0.0003106034460254037,-0.0054327290882278945,-0.001026573468252856,0.01293324116077077,0.003160788368906431,-0.0050850592691702445
2026-03-10 14:30:00,0.005902214812407713,0.010297520983138853,0.00514118820047571,0.004071702033558999,0.0016762413050752656,0.00749663521958599,0.003994783546382941,-0.0007355194750164884,0.005137147129585351,0.0031687766987067434,-0.030980894739858655,0.0007319854182368246
2026-03-10 15:30:00,-0.0023169456614402506,-0.0034601524719564125,0.002140746130571358,0.0029509001795471335,0.0024963273698039856,0.00037259491529972877,-0.002908408873121715,-0.0006691609855433711,-0.0007490725692003153,0.0012925981809468468,0.01390957675517246,0.0001125986318184502
2026-03-10 16:30:00,0.0017449650408449813,0.004454535895560774,0.0012594391163540664,-0.0021631316309624893,0.0019288337674083778,0.002338772312913129,0.008819574595082535,-0.005436421222674959,0.003908073707469484,0.00024957387865409686,-0.06334500091443473,-0.0006204376939233924
2026-03-10 17:30:00,-0.00692689134145219,-0.006711714745124553,-0.0020233986835904716,-0.001773315112077789,-0.004117839373498633,-0.0033199403640651326,-0.0079409820193872,-0.001683899001379885,-0.005746377169945305,-0.005651850427589977,0.06198221101138035,-0.003101251927968285
2026-03-10 18:30:00,-0.001661327413966518,-0.0026531946146794994,-0.004462145591361377,-0.002369071089519892,-0.002404096874838224,-0.005999548666702381,-0.004556313716348903,0.0014147108311135526,-0.0028597597760304794,-0.0005855678010551202,0.033053704833193365,-0.0011305012380731227
2026-03-10 19:30:00,-0.0016643213366824838,0.0019503778078879819,0.000824965600522809,0.002615567607641367,0.0017744091572104992,0.0015223713603438327,-0.0012115123452849375,-0.002865110562860984,-0.0005315555578171427,-0.0002929764147481251,-0.00150904172700983,-0.0013016540389356734
2026-03-11 13:30:00,0.031257820211838094,0.011569581339933244,-0.002784657930378742,-0.0032337262305297543,-0.003364809395255186,-0.0020813050091677,-0.010025861272710657,0.01998466081833783,-0.0013301263722658163,-0.0009424241332274264,0.003298058146264715,-0.007845880759401958
2026-03-11 14:30:00,-0.0070928434225212555,-0.009866105331130193,0.00040381463966632225,-0.004261760139220527,-0.006693015062070096,-0.005345956258882012,0.0012586902066074046,-0.0024116566578902265,-0.002191323919000787,-0.00426233684027455,0.008151027582572468,-0.002686260184423084
2026-03-11 15:30:00,-0.0038950976617515565,0.002590162746308522,0.002093090146739307,0.0013647172408921548,0.0019538066190207815,0.003037457064852589,-0.0008564541616458143,-3.988087966355636e-05,5.1926528496615276e-05,-0.0009894450904743834,0.003539542449595423,-0.0007522627094225243
2026-03-11 16:30:00,0.001973929041317213,0.00029640691319521295,0.0014572294690271548,0.0024023917097775183,0.00014108773355214765,0.0034414658806509735,0.007282757009299701,0.002749267537817346,0.0025977668442127566,0.0009263209955143736,-0.01075029284047524,-0.0012780729015160475
2026-03-11 17:30:00,-0.006598911115599293,-0.0024597526887557564,-0.003511953385928024,-0.0015224700192035812,-0.0015059870145543997,-0.002489859816813045,-0.004314441861188456,0.0027746477556762628,-0.001760710663069709,0.0011146489026803152,0.0031903596438862536,0.0012287817329807993
2026-03-11 18:30:00,0.0014782411099476533,0.0011119346063042101,8.353238762026649e-05,0.00040864721033528895,0.00183516215900692,0.0008970039977338473,-0.0007674238393944322,-0.00026397826470425656,-0.0004370228381889163,-8.409926913355292e-05,0.007838822973099902,-0.00040097428458185647
2026-03-11 19:30:00,0.004201614231809536,0.0035005227603956968,0.002604068976724605,0.0025228663115735017,-0.0003291751444525204,0.0034886339706057257,0.0029792123316516594,3.302626625512062e-05,0.0020055308985504894,0.0011555371934903746,0.004358348792947275,-0.001376178491641511
2026-03-12 13:30:00,-0.020611132615881544,-0.021326758287270486,-0.023823581286748663,-0.003216516409596082,-0.011208152595313159,-0.01525248578220939,-0.028121177966212052,0.011970075420146387,-0.01230316166998513,-0.006223958594607559,0.081971105071446,-0.0008013461361500163
2026-03-12 14:30:00,-0.006348427332937057,0.004356578856008042,0.0026861349097169196,0.0003221251698874994,-0.007734261714120727,-0.006730131343897661,0.004712360309942376,0.007406109724796828,0.00016462039232578718,-0.0046484042030270345,0.004678695535159427,-0.0019577590554975544
2026-03-12 15:30:00,0.00469506969960598,0.007517547122715129,0.0011851394060178322,0.003129038918954663,0.004972083456435961,-0.0014297320076721576,0.003555306617876397,0.00038833193853626824,0.0010023021465999093,0.0005305208943200412,-0.015566510563541414,0.0008063371441995315
2026-03-12 16:30:00,0.002579104520401998,-0.002717245381059996,-0.002380240209542528,-0.001470527884377404,0.0017153509025265024,0.0,-0.0006389970412739032,-0.002721000811197527,-0.00041876670533191884,-0.002506517664904173,0.0052452471163944026,0.0020916179415682024
2026-03-12 17:30:00,-0.005177305139043575,-0.0011162182839976609,0.0013517666674651707,-0.003146068311822958,-0.0016247584485542532,-0.0002971318494555675,0.0017563143838117412,0.0016853113120554042,-0.0005535741561786267,-0.002747353932451624,0.008027160965492719,-0.000816128866667043
2026-03-12 18:30:00,-0.0005909264307426554,-0.0006266583450349472,0.002717547894127037,0.001958157401608318,0.00038614468552822245,-0.00046931024621788,0.0032027896333453043,-6.482798942819556e-05,-0.00031436415586671984,-0.002241881306282778,0.005302351924869164,-0.0020473232997160196
2026-03-12 19:30:00,-0.006522878939679622,-0.002346885717125602,-0.0013285260641229257,-0.0048402950615011875,-0.0012877777899680254,-0.0014093493426061698,-0.00038840659140060296,-0.0057157185306939695,-0.002908507922476211,-0.0018398955679757023,0.001564162460899965,0.0007718342248148602
2026-03-13 13:30:00,0.002876064960878999,0.004971553361899694,-0.0012715684064836807,-0.0021671818044772806,0.002193047148686844,-0.017961502513511363,0.01140598156237882,0.005165104156700906,0.004195304195087957,0.001070136840441549,-0.019535710819156726,0.0005759205141586676
2026-03-13 14:30:00,-0.005271324598825622,-0.011146455331914495,-0.008351496334031872,-0.007956612881854674,-0.009329973537432146,-0.01347586652761823,-0.0041852679125620185,0.0010686267770694258,-0.00637465043023866,-0.00499666947316868,0.012328878950828681,-0.004031384132231253
2026-03-13 15:30:00,0.00238258912881939,-0.004095654594225451,-0.0025524231569997724,-0.003466905538334508,-0.0012024724349659621,-0.001067779610366415,-0.001431847391222263,0.0057126122346105035,-0.0003913098762069467,-0.004373731865509711,0.012220798119473741,-0.0015010366435337374
2026-03-13 16:30:00,3.801104576695025e-05,0.002205768538326325,-0.005855132503484128,0.00031523665367405584,-0.00306077000856142,-0.0033727669252039405,-0.001978309889753227,0.001447096092130451,6.0176152612889666e-05,0.002889232819685894,-0.00669659356393737,0.00023104151740760415
2026-03-13 17:30:00,-0.004707112933908242,-0.005495934077231368,0.00033442490434865135,-0.0013120104101655983,0.003157041592315224,-0.003987363467172322,-0.0003874019598493206,0.006023358311655791,-0.0015514961117713,-0.002759690426360706,0.018354548976521556,-0.00011547001111278377
2026-03-13 18:30:00,-0.005739299182841329,0.0008581366712547833,-0.003863994441232421,-0.00374373993391508,0.0015387196094174271,-0.0023428447732936064,-0.0015866453995165841,-0.001150554160241235,-0.0014634149177732425,-0.0013394586307713396,-0.0062508016686733114,0.0005197743954266087
2026-03-13 19:30:00,0.0006649186004574759,-0.0024101936397338264,-0.0007193808366192656,0.002581598592245271,-0.001971904549288084,0.003011278898270575,0.00014116345087433757,-0.0013440861582223462,-0.00010569775896929201,-0.003812190099276691,0.002254764373146756,-0.0006353459017214291
2026-03-16 13:30:00,0.028107727401383897,0.020888172765112678,0.012400212996260151,0.0043232411918694424,0.00903419461333499,0.029734597777265392,0.012307557924290613,0.005110545472487793,0.011962038362675287,-0.0003472242266768788,-0.031953196641786086,0.008686421085277729
2026-03-16 14:30:00,-0.0054354873514306234,0.00356722206537885,-0.0008722739582340822,0.0009707631416828733,-0.001074104648907337,-0.004709373735979128,0.00017418866462914906,0.004640647380550256,-0.00031338845164619045,-0.004547548280036118,0.011134090937317431,-0.0010888705435450063
2026-03-16 15:30:00,-0.008185078924259237,-0.004518416116102486,-0.0025722990565775206,0.0006789355769472039,-0.0025269356262000997,-0.008715869897119255,-0.007431728193773246,-0.0016503400046685712,-0.0039027575798931124,-0.002292425668438902,0.008987660437669298,-0.0020088446864088283
2026-03-16 16:30:00,0.00010556997744259888,0.004693268156165331,0.002236267606518183,0.002095875969758687,0.005007518300048197,0.0028498271614791904,0.0019813703789290926,-0.0026717455887519392,0.002618487963101046,0.003099047474789174,-0.023572721294580212,0.0006891914394149268
2026-03-16 17:30:00,0.0028677280240785308,0.0009461648467254946,-3.9515694447267435e-05,0.00021308726998992,0.00529349917940003,0.0021798609599139596,0.0008054875326051203,0.0013049754239320421,0.000896154781314884,0.0020678980379500445,-0.004851413458066389,0.0021220800384362803
2026-03-16 18:30:00,-0.0036995184959245364,-0.016911308750856335,-0.0002293425141539629,0.0023662314529024897,0.006500065737657934,0.0010364075793889427,0.0029361281670032824,-9.552062631534852e-05,-0.0007915467996308934,0.0008042411081738976,0.004937851138778093,0.00011460482960412577
2026-03-16 19:30:00,-0.00277774531636954,0.007103219779611258,-0.00032434304673145675,0.0002875456798108189,-0.00292361398829577,0.00018323019716071087,-0.001362187469813314,0.00031807546848838797,-0.0004632948813343418,0.0004562273419770335,-0.006067493556742853,-0.0008023347978260986
2026-03-17 13:30:00,0.004805242865602466,-0.0002184945931276161,0.006545521015949518,0.0010370871861145048,0.009049424600207523,0.0038562768941590164,0.006826886554915923,0.01499231176795579,0.005367022742772676,-0.0007169842626977285,0.019884495941598246,0.0022907417472355363
2026-03-17 14:30:00,8.308773055532015e-05,-0.0035838834077726034,-0.001061734128314562,-0.003264749477300377,0.0009584053691717997,-0.0074316269853511585,-0.0029722707401145243,0.001784088903185932,-0.0013762704576825158,-0.0027639418489791012,-0.0003409847024684609,0.0012004657803812435
2026-03-17 15:30:00,-0.00047320089020796985,0.0014422442934689528,0.0027110499014808553,-0.0012662557287654863,-0.0010286017623553079,0.00020785648804189094,-0.0017946798465384717,-0.001376901096141303,-0.0006329662725228502,0.0018942385890881042,-0.0056430011856614115,0.0004581033382029531
2026-03-17 16:30:00,0.001157375456245724,-0.0015792553334437187,-0.0036951276120325005,0.0031188254300724694,-2.3423697627755757e-05,-0.0015359371372456465,0.0021079612100232126,-0.001190678160660319,0.0004766482238682812,-0.00036988791476844085,0.014470839717179551,-0.0006866233417381906
2026-03-17 17:30:00,0.0007540223767241727,0.003447750736574662,0.0007086647792995393,-0.0025308746229546486,-0.0005851991783627497,-0.0019071627560638404,-0.0025265731810497627,6.276305351615719e-05,-0.000938603731825971,0.00028982685057155066,0.004553135227690852,-0.00045728396887945166
2026-03-17 18:30:00,0.0017070664436458216,-0.002187087812115962,-0.0012995525262606833,3.5812417316094525e-05,0.007883066616050094,-0.0006498546038278263,0.0008370487793936121,-0.002511201978678379,0.00020858401051349063,-0.0008383041854616025,-0.003031445054898718,0.0
2026-03-17 19:30:00,0.0013535747123736286,-0.003730664100243253,0.0018109904755796435,0.001719399258639065,-0.0001393898188126741,-0.0005218543656742014,0.00020925913777869454,-0.0016985252145031993,-0.00046207259619457375,4.318848060513858e-06,0.002778982735548219,5.713922068650845e-05
2026-03-18 13:30:00,-0.003362411985567526,0.0017542776421155537,-0.007402542885205143,-0.012303183909617488,-0.015547714385093947,-0.010892000006450075,-0.0004881620795007535,0.0011955271947359236,-0.007137000702568841,-0.028241746400937018,0.027962849179536065,-0.0025759019883189183
2026-03-18 14:30:00,-0.00047742099974978913,0.0014280930670711456,-0.0001390804859191519,0.0028721174644097403,-0.0005198038462657095,0.009316750121088013,0.0034986846048061793,-0.0027078493874554965,0.0014617548539304082,0.0022370873027446336,0.0017168715072894969,0.00040108918065229204
2026-03-18 15:30:00,0.00040225170965246804,0.0010951173219932997,-0.002976055051937543,-0.0048633887505245,-0.001701840838058466,-0.003714693879569353,0.00039953176427154347,0.003210847407222772,0.00020360239040062567,0.0021872531401685436,-0.015227245867659889,0.0009162964023499143
2026-03-18 16:30:00,-0.0017106307385859054,-0.0036731388871107384,-0.0030459583111612787,-0.002771519553881774,-0.0028174718254918574,-0.0025785340884887376,-0.0005037883109855201,0.0007540708797524331,-0.0018455571438842355,0.0018046301108594065,0.0033261606375329933,-0.0012601022648981441
2026-03-18 17:30:00,0.00016357380447651337,0.001344704900249738,0.000617875073814389,0.002504921105905389,0.0013983443260325856,0.0013677510805596427,0.0036426329712844208,-0.0009426534977707846,0.0004203853887849718,-0.0009128874111006269,-0.018451987352290367,0.0024614794495283476
2026-03-18 18:30:00,-0.006455268439347073,-0.005886293436628165,-0.005113522007060389,-0.0035748595858375865,-0.0064153337101853225,-0.00297158480366555,-0.0034863052512186243,-0.003211453947748133,-0.004830633306203147,-0.007782686974115549,0.01711437543947536,-0.005158839596686171
2026-03-18 19:30:00,-0.004644864633001511,-0.00495023901482039,0.0009207990723023585,-0.0016454688634581771,0.00047665081060355163,-0.0017039474405589061,-6.946418564623968e-05,-0.006136742794892847,-0.0020233847203936506,-0.0013030580029589345,0.006764583726063478,-0.0005747921821441793
2026-03-19 13:30:00,-0.03154757344056858,-0.015421939146804675,-0.0004402577921212014,-0.007444502257089702,-0.014253396532613927,-0.014238740577424025,-0.009988855331379831,-0.004802762914215997,-0.007952071856794696,-0.05475057030882091,-0.007095744557696904,0.003787904215209359
2026-03-19 14:30:00,0.0062068767372149836,0.0036096532022211747,-0.0015624665521336567,0.0013880542899027404,0.0026549048940998077,-0.0005850685193395933,0.004622584986880618,0.002833586145873035,0.002115527026495201,0.003886250638381661,-0.00914994320663709,0.001431065755654437
2026-03-19 15:30:00,-0.0029807425388996833,0.0030968318385173887,-0.0006016369958059542,-0.0009251031087780248,-0.000916358984221155,0.0006261924866395319,-0.0011536178257776086,0.014017158107680672,0.0003496948463341809,-0.000898744299225207,0.023944353578706945,0.002627773274795686
2026-03-19 16:30:00,-0.000628641649568884,-0.0013433270535676556,-0.003938939525708562,-0.002625939941748534,-0.0009171994682528606,-0.002953054732090621,0.0013458469814331409,-0.007271354971202015,-0.001262316371654748,0.0008518952294149784,-0.030946324234125022,-0.001945018077689653
2026-03-19 17:30:00,-0.0005766288855513224,0.0023769440048821977,-0.0010401021301440494,-0.000773603096792641,0.0008689739057281543,-0.0024151768492233217,0.002163466222128818,0.0019275765586206361,8.368391651547569e-05,0.0013237776091230558,0.0022274949203682226,-0.001083289131298848
2026-03-19 18:30:00,0.0032457106460350715,0.0009220768242155231,0.0018046541112264336,0.002061665538349189,0.0038047257494930875,0.003868073601796418,0.0028889214782301664,-0.005372487865947129,0.00466822448310289,0.007554468004104642,-0.01787502074993963,0.002514732069573533
2026-03-19 19:30:00,-0.0063442694040345415,-0.0035510796419329083,0.0017572045887588317,0.0011526913554158469,0.003742441687599296,0.0011638771915478685,0.0009900860224387742,0.0019627903226444587,-0.0008030930053353202,-0.00012894172066779674,0.0032429187135205595,-0.0011422523585347122
2026-03-20 13:30:00,-0.020968318074428893,-0.015611419204574872,-0.004618809910838628,-0.008257654785619906,-0.009914401986171661,-0.018353349971579114,-0.004611352793007839,0.009505560697647297,-0.011985665699871362,-0.01839949654907702,0.017147852224967508,-0.014621539138587103
2026-03-20 14:30:00,0.005731111669504685,-0.00022760313805036958,0.0009077494323994628,-0.0059291764148659,-0.002227420644655531,-0.005756896764192554,-0.0007850838734766441,0.01310216049525259,9.203632529519723e-05,0.0009907162783617807,0.008821932238014085,-0.0036948523497999375
2026-03-20 15:30:00,0.005299553942719193,0.0016690439848634497,0.0025573437978732017,0.0031250343323563357,0.0026631329605617537,0.005152509125309734,0.005917113231483029,0.002748020713315924,0.0018083907294670354,0.004891306283316688,0.0048199310678702645,0.0019536849933246003
2026-03-20 16:30:00,-0.009661979380137353,-0.005232687081146992,-0.0014087258871642305,-0.0032032814722864345,-0.0007743782382050313,-0.0016220101181421143,0.004346246602396242,-0.0024698034136223512,-0.0014403301117571488,-0.00287713204439477,0.010192409995840812,0.00029041994156386863
2026-03-20 17:30:00,-0.008524613597280073,-0.004636917557180986,-0.0009268844227472428,-0.002429341530557849,-0.002422129836683773,-0.0032180462800983634,-0.006048163396910944,-0.004026356022120758,-0.0041948456021714264,-0.003793414767343073,-0.0006544652757556335,-0.0031407766478812604
2026-03-20 18:30:00,-0.00952628014531065,-0.010557703688039766,0.000201572382129811,-0.0009019540393007119,-0.001771819241429995,-0.003880483325861661,-0.0027152130292069643,-0.0037622401369388214,-0.0035633026486232566,-0.012458955235090663,0.001717074240144001,-0.00046615680703343543
2026-03-20 19:30:00,0.004849335386093223,0.003300279962215491,0.0004030229109179828,-0.0005890482184396362,-0.002213179368397711,0.005827685984239217,-0.000488179116523213,-0.0047775972769734665,0.002145697732382601,0.000895080983225327,-0.007955762253044618,0.000815609648498139
2026-03-23 13:30:00,0.04097566783157536,0.027789461912236746,0.016978591563665546,0.009435003232815653,0.03229335081224072,0.019597189136856485,0.01978625372236209,0.0072354881873426535,0.019061257473338422,-0.003463839391416812,-0.08575455982369018,0.008061983649397142
2026-03-23 14:30:00,0.0002843098171538827,-0.0016598344946814336,0.0005544313146801372,0.0031986349086166044,-0.00047161567521847303,0.004027756646879155,0.0016398861770685613,-0.007611249369691819,-0.00015126272544918606,-0.008749209200868968,-0.028206751077913594,-0.0005200146687611706
2026-03-23 15:30:00,-0.015982219759657745,-0.01572156605829811,-0.007051899024044239,-0.010906783532871778,-0.008098776138107056,-0.011337965094721625,-0.010121064679610825,0.004896643605551532,-0.01034243591869366,-0.02100726891728133,0.051879102650604025,-0.0064361140897970515
2026-03-23 16:30:00,0.0005297668579835602,0.0027706026850147225,0.0004584403698313366,-0.0005491049452279739,0.0011406564503202432,0.0015045895957968014,0.0031670188608927674,0.0023416489598240275,0.0018176721904632487,0.011377894453145743,-0.026727402336777395,0.00290427707257912
2026-03-23 17:30:00,0.005572558215726886,0.004610125254710162,0.0016326680067102473,0.0003794021851479812,0.0007834698841309162,0.001692947805912226,0.0028458774595589986,0.0007458693623503265,0.0032148020418549805,0.0047217504361674045,-0.011220984292441116,0.0024909074474130932
2026-03-23 18:30:00,0.00407382853471816,0.0007095520358522123,0.0017292863810647319,0.0012670886195573772,-0.00021366541800826866,0.0062823877412814255,-0.0011282476383494,-0.0032982639134644387,-9.127047156365364e-05,-0.003449708692190967,-0.001959466109117791,-0.00017357893766511978
2026-03-23 19:30:00,-0.0010497150767889707,-0.004093945791312059,-0.00129170811994328,7.833295054116007e-05,-0.002566753444476433,-0.004699824949354614,-0.0051950290447271286,0.004291733955501087,-0.0029862472933634976,-0.0026990962618089753,0.00785669351698548,-0.0002893946422135585
2026-03-24 13:30:00,0.009694204392301842,-0.007204940400668214,0.004088032411568854,-0.026913897245096408,-0.011440181153077766,-0.016999645535235253,-0.002313783074195719,0.028391527267044303,-0.004404155751008609,0.0024769297121478573,0.03336460040211087,-0.004757723350522269
2026-03-24 14:30:00,-0.0015614589965178283,0.007803080604065649,0.005982777949126827,0.0019470665738312576,0.0008613699765422922,0.0028086075471565053,0.017325951711657517,0.00559488866952762,0.005425930759840547,0.0007774047215960422,-0.0065844582566958465,0.0032504935875534713
2026-03-24 15:30:00,0.00041663281746995295,-0.001652753228015058,0.002379181110164552,0.0011061647699772692,0.002430901227160831,0.0019965653267872696,-0.0013261295392750228,-0.0033351368083032185,-0.0001218842298573719,0.0018115474146220834,0.009991313657987,-0.0013911550607961232
2026-03-24 16:30:00,-0.0070800694415327214,-0.0035293410132393177,-0.006027788556290936,-0.0029996156201290702,-0.005847037600688942,-0.007343093004870127,-0.004313347017357749,-0.0025541823217869464,-0.0039026487168820623,-0.004788719816612108,0.009806169410411236,-0.004363389556485409
2026-03-24 17:30:00,0.005256107496303564,0.004099582531275736,-0.0019381380971292828,0.0029193910402298684,0.0015673648175953403,0.003808678110182484,0.0011952107121633304,-0.0004297404787347858,0.0018119302167454165,0.001705837197133242,-0.007019442009547738,0.002329563440136795
2026-03-24 18:30:00,0.001641691546828028,0.0005128873268214207,-0.0019038886939162225,0.00013367685639398275,-0.00012045106068825362,0.0015210384399990673,-0.0009902100081236043,-0.006055486614007677,-0.00021391958197369831,0.0,-0.006893878984054247,0.001859662685055774
2026-03-24 19:30:00,-0.002450604684137936,-0.001168684421982924,-0.0013480467238613514,-0.0032676299128073794,-0.0010126418480114197,-0.0039040324974379814,-0.0008544817731541698,0.0044240897569620685,-0.0019118271057241287,-0.0016318396207459784,0.0029292146152650744,-0.0011618949278631163
2026-03-25 13:30:00,0.027597194035049455,0.026734293681923482,0.004399446698871934,0.0026523887197988927,0.02171354447564333,0.011116747229926283,0.01061196657614083,-0.0094170493391168,0.007534317124269663,0.03632106732624596,-0.03677033744989,0.007009074941755955
2026-03-25 14:30:00,-0.003128012621838927,-0.0003332642312718903,0.00546237154922391,-0.006240283533071711,-0.003167917542113763,-0.0026883303590796714,-0.002032059814065512,0.0026518192323230494,-0.00045591542227629844,-0.0005699141084329895,0.009733237252015137,0.0023062388615224805
2026-03-25 15:30:00,-0.008929255040400541,-0.004900905859718918,-0.0012593900028594618,-0.0014549802205889861,0.00345111191019587,0.0009523405657816397,0.00016945302095194847,-0.0025908120199940043,-0.0005170174344284462,-0.0009821065566582021,0.005815503061789684,-0.0002303495316038351
2026-03-25 16:30:00,-0.0020966477541426443,-0.0010613180601524164,0.0008660272453866469,0.001387684239238851,0.0031099999542050227,0.004558083946530012,0.0002542291203466718,-0.001557733909550052,0.0007905916301007565,-0.0004780635032899383,0.004715577994253373,-0.0010374499942322757
2026-03-25 17:30:00,-0.0016369545170134003,0.0005029283382835814,-0.0007281863503347807,-0.0036686827166976244,-0.004243331033479514,-0.008096831523219272,-0.00022030058604283198,0.003082542824474288,-0.0007677559236327625,-0.00021518126915864855,-0.0008880748561077567,-5.763346184561868e-05
2026-03-25 18:30:00,-0.005613213080516211,-0.002348852692004577,-0.005270625015175057,0.0009724639825599013,-0.0008507879027961351,-0.0010817893283681101,0.0004066390603894021,-0.002562997448088744,-0.0015296589640279024,-0.008573454214471532,0.0039014275960287392,0.0007493277489505346
2026-03-25 19:30:00,0.0011666962973944095,0.00039181608020832925,-0.00021770870733561765,0.0017263744658029267,0.0011106546124608485,-0.0016458092938620439,0.0010836319737848044,-0.002447139099074569,0.0003502462914157789,0.004007704312619431,0.00344537988864424,0.0006913040426885786
2026-03-26 13:30:00,-0.012313128957569752,-0.021783603648714234,0.013137367460674731,0.002449638923970987,0.0013924698331928553,-0.044966130086955935,-0.005225694147941162,-0.0022381406883376087,-0.004762051723358418,-0.016530933085316057,0.022627679061580253,-0.003981209607166747
2026-03-26 14:30:00,-0.0031975416160783254,-0.004298829853822461,-0.0008992005452519436,-0.005283577688234509,-0.0003302777631430942,-0.013959655880989352,-0.0040568091367534365,0.009470364645481233,-0.0029264239427613248,-0.0007368640784948255,0.010292984107494796,-0.0017347794882409673
2026-03-26 15:30:00,-0.007342435157568161,-0.0016967613308347396,0.0016413831061550255,-0.006943335390828587,-0.007102975464300165,-0.011439667487125327,-0.005213040908379263,0.0031268486349897984,-0.0034431108611050476,-0.013232161318289748,0.009638954053243332,-0.0019152990686235327
2026-03-26 16:30:00,-0.0005306102640059152,-0.0013526266995205205,-0.004343666792165912,0.002772238319569631,-0.0056233120749844545,-0.005967908958580459,-0.0004907609272093438,0.0002120798488114417,-0.0013095790427373188,-0.0031750753002706134,-0.0025387426380500955,-0.0011611542239036154
2026-03-26 17:30:00,-0.006039070316150585,-0.008362040151524752,-0.004579309081653271,-0.00557950291481113,-0.005078573355084437,-0.012955828636385114,0.001253153216522307,0.0005756167398427436,-0.0031191939820791603,-0.002064207451454081,-0.0029699922703461112,-0.0005799744418766295
2026-03-26 18:30:00,-0.004292082374824702,0.00017430003640939162,-0.0006108386707559532,-0.0022953444858346828,0.00039086639396224143,0.010357252520815763,0.0014154515083371066,0.0020271807888336824,-0.0006032651756155971,0.001517471134653725,-0.0013181010978335905,0.002264345645064836
2026-03-26 19:30:00,-0.0024282733062435113,-0.005213299999530463,-0.0031191152772773734,0.0005470045545115099,-0.0035661007569496306,-0.004822417904813747,-0.0004894837957793996,-0.0003023159109876161,-0.0017114983897190683,-0.004085055507546009,-0.0018311981409535605,-0.0011605464946260469
2026-03-27 13:30:00,-0.024805436600257913,-0.019936897260328657,0.00630714343572869,-0.0204398604280307,-0.030826859611856605,-0.029961011242932045,-0.02111541288682872,0.023633862055657318,-0.009352165512856558,0.021348438804611902,0.039777925438539086,-0.005064157779690603
2026-03-27 14:30:00,0.011255039970899716,0.010194474426450384,-0.0073358666347598245,0.005829220052656403,-0.0006964912129756584,-0.003140477983390788,0.0012772008180386152,0.004772139469611858,0.0029061883027639013,0.019489484691472825,-0.005916214781069407,0.0036697572660111533
2026-03-27 15:30:00,-0.007598983349667243,-0.004432132275056233,-0.003330678527323272,-0.0013187014893274451,-0.0017918506484608798,-0.004297658032373697,-0.004556200017952428,0.0026707094996902825,-0.003234768246258568,-0.003384269267976414,0.008616170073717733,-0.00046526217137632386
2026-03-27 16:30:00,-0.007336494829831786,-0.0058219791114177966,-0.005456096334611971,-0.0028743749185444756,0.000498087987803153,-0.005183505141006073,-0.002902133600094281,-0.0016132698721627037,-0.0035593949251646606,-0.007577949494245395,0.0048091054145968926,-0.0015718487885560961
2026-03-27 17:30:00,-0.0029506151903717637,0.0009528565743224249,-0.004101724091290393,-0.0003882014531084721,-0.001893964302040807,-0.0004292728269339463,-0.0034407863927228277,-0.0007048653790651116,-0.00133603015205086,0.0035064826602928534,0.008501694163334683,-0.0022747794249911024
2026-03-27 18:30:00,0.00171704190856925,-0.003398669679768318,-0.003917673404617794,-0.0036227595298168325,-0.0016976054604294077,0.004359826842633474,0.0018718286603958134,-0.0025295932201379046,-0.0014339525982576262,0.0030130306848876742,0.003300229663341092,-5.8363786846094e-05
2026-03-27 19:30:00,0.0011617023134418147,0.0001792471451578237,0.0008454150646084457,-0.002380470523475786,-0.003955608244319286,-0.0013211624041931103,-0.0023669124711025447,0.006692518598821806,-0.0012277844422623474,-0.0019274848555728141,-0.0021721119661828325,0.00040865313548454907
2026-03-30 13:30:00,0.0033667310708676013,-0.003289789937699794,-0.0031825720930358514,0.016241969156341796,0.010232377483116117,0.013161687478284279,0.007961467369005604,0.015501475177329027,0.0028032338912025168,0.000892043953715671,0.021431759510775805,0.011088848616324753
2026-03-30 14:30:00,-0.002979852890790724,0.000569014394892875,-0.005259349651026035,0.001378398005807746,0.008258983257006136,0.0030459969419922572,0.005179583770897445,0.0011803253155209248,0.0009432165840754791,0.0028870062790442574,0.004797713178052554,0.001812196971628488
2026-03-30 15:30:00,-0.004652954406815013,-0.003178596665899036,-0.002070834172892333,-0.002731046946964355,-0.001991697008808302,0.004481845810439644,-0.0019042603156540494,-0.0031282927444360453,-0.0018872275866526067,0.0010924376222121168,0.008281278253396529,-0.0001406091244096075
2026-03-30 16:30:00,-0.00717411570773141,-0.0036106920075704707,0.0009344292452437841,-0.006151481684146809,-0.004580218292555394,-0.0013611672336395486,-0.002819269979887906,-0.0036552945988912455,-0.0029322066339370068,-0.002077893120813634,0.0022538073503444167,-0.000922495614280372
2026-03-30 17:30:00,-0.005762472129117846,-0.001085699487202163,0.0009343616904518015,-0.005267012595573384,-0.0038246874138971876,0.002664606917602619,-0.0028800501809209678,0.00037589591139841616,-0.0017697923045210118,-0.003131067876136484,-0.0038889367789991525,0.0
2026-03-30 18:30:00,-0.008245557885024901,-0.007462538402000618,-0.0023973627674189757,-0.0025599491318128997,-0.004139149780542084,-0.004550722792175499,-0.006422066403018789,-0.006769690732711275,-0.004279422801773514,-0.0025602583588675287,0.009694130971868553,-0.00011540482303740163
2026-03-30 19:30:00,0.007373393972147646,0.003622774610345658,0.0026399459157770977,0.004987900056058869,0.003940023036471452,0.002650855388734996,0.004802833959277386,-0.00017492510118355398,0.0038364366041507836,0.002656764487430685,0.002043133073702741,0.0013260443463094518
2026-03-31 13:30:00,0.029153214052510812,0.03523753623649828,0.009688056259243183,0.018475835858843048,0.026063587031247337,0.03544108321257333,0.020339527657711187,0.013783764346948502,0.0164774226225175,0.023196610914082427,-0.014313120985678829,-0.00011526518588667045
2026-03-31 14:30:00,-0.0045209722971613076,-0.003955661425822932,-0.0020511949185557654,-0.003289645727702961,-0.0009461438351276996,0.003366833960022575,-0.0018744282346672136,-0.005247863423650578,-0.002836715901225695,-0.001980368740262861,0.01735156109242375,-0.0016147569203726064
2026-03-31 15:30:00,0.002824586045569788,0.004365025080743656,0.007658893039638848,0.0021944384613163948,0.0016485835177055819,0.0043931251072555355,0.004382679687216395,0.004298412000074414,0.0022450936388587195,0.001722282077386339,0.0027597108412305005,0.001384274629664617
2026-03-31 16:30:00,0.013031833240303214,0.012923963314669606,0.011458466404658196,0.010437104072555492,0.013502329899604426,0.01808360317078428,0.013000038799119373,-0.03589971161688954,0.007571099993892716,0.006508603958955028,-0.031030118532194173,0.0020152941748978748
2026-03-31 17:30:00,0.0038039884745426633,-5.76816934980684e-05,-0.0003752356341166774,0.002617469457669941,-0.002273654997109631,0.0016643768044790619,-0.000492929388847152,0.0023841811752545183,0.0010890776666840907,0.003553538583346061,-0.0038779508497022164,0.0005749904922600635
2026-03-31 18:30:00,0.002125022106725716,0.003859441281598208,0.002130992451576219,0.0033557403273993813,0.0016997765218702554,-0.002032723309124407,-0.0006289907418519647,0.004692155409683707,0.002616532675246752,0.001935084677037402,0.011040262841267356,0.000976804587224045
2026-03-31 19:30:00,-0.0011022938301827878,0.0025552018329539905,0.00047292445294022656,-0.0025092564283193397,-0.003570412378190113,0.0034148167939438423,0.0009860282680476118,0.0052599005471520854,0.0012896056486821905,0.002128979809844722,-0.0020804261360876097,-0.004258943038311536
2026-04-01 13:30:00,0.01802093306767194,0.010382842181569707,0.0012998705564992719,0.0036404534901821606,0.011741289681940437,0.012870859107668053,0.0012399767983799492,-0.04774608718423856,0.007339570347601132,0.012139993767840807,-0.03189957058999848,-0.0025988996188157643
2026-04-01 14:30:00,0.006320617955980268,0.001616194202306076,0.00011762237461265812,-0.0007405621806668705,0.006078775774349232,0.006622337387925725,0.009719870596111235,0.0006168021626313802,0.001982656437333752,0.006454457647355305,0.011936615128420591,0.0018487920858438756
2026-04-01 15:30:00,0.0016525805393285964,0.0034786888679221306,0.001101520184476179,0.0036970111253484816,0.004315396055038612,0.006732300331541374,-0.003914032111222099,-0.005141729491593416,0.0012865894176901094,0.0006613482041553098,0.00040074884857776993,0.00040400106005389347
2026-04-01 16:30:00,-0.0011803990485041993,-0.002459333384543072,0.002794883618663313,-0.0019341059168880292,-0.0021483330139489,0.00572259593013591,-0.0007851636125604244,-0.004918562334045085,0.0017104092364270684,0.001981632687082957,-0.007642504885947865,-0.0005771691800413592
2026-04-01 17:30:00,-0.009199867419424024,-0.009012223086829252,-0.0032670379923391835,-0.007638925176904898,-0.009290280713178056,-0.018921874307610054,-0.0066006696937988,0.010307471764936516,-0.006201794195583865,-0.006723671100901996,0.008123216054305438,-0.001849112561623123
2026-04-01 18:30:00,0.007692752818899251,0.005297757615408294,0.00527488886108074,0.0006094877329951842,0.005778178547938495,0.00220623409546139,0.004072295636621703,-0.0006179701264708015,0.0028542374049624897,0.0025394906252440563,-0.004174003903577805,-0.001968369455659591
2026-04-01 19:30:00,0.0021107335787000636,-0.001193777786155259,0.00013690820123635206,0.00044673270962203304,-0.005588159338903331,-0.0027758625486713484,0.000338636418658389,-0.006200416736922065,-0.0014031832764498375,0.00028557884885938023,-0.00177120424957522,-0.00011593319625635701
2026-04-02 13:30:00,-0.04067780165298274,-0.010033126663299363,-0.014040786476245515,-0.0074577727846110164,-0.007771033099174929,-0.017486517277418123,-0.013634870764852813,0.006571206924094852,-0.007414651513276915,-0.021262887328414415,0.09852819351034814,0.004971974410903357
2026-04-02 14:30:00,-0.00027318847844703953,0.015026269326575026,0.011809007288148266,0.011132121969222197,0.007105880350483318,0.005728895150556745,0.008747698399764303,-0.00719340632308807,0.007582507861426002,0.0014456484067988384,-0.008101334544288186,0.00023070318026618963
2026-04-02 15:30:00,-0.004476918919163353,-0.0031461750547672196,-0.003966757024049805,-0.002870534792473123,-0.005527716775969083,-0.0035525947463916907,-0.0021456844693776844,-0.0012454663178260716,-0.003929649975392024,-0.004708590748249364,0.01494172254622228,-0.0005767697481982026
2026-04-02 16:30:00,0.0017137494395482733,0.0036837327444301238,0.004809188222194116,0.004944887373278917,0.0016233594757126824,0.0034914958784346695,0.005321656995162627,-0.0005609520467482199,0.0029219957537840457,0.0002717296401115732,-0.0036326689339016838,-0.00017307820510570338
2026-04-02 17:30:00,-0.015351610551004313,-0.0013302614014776282,-0.0007444070133644232,-0.001428919209142343,-0.0028187025375148167,9.991017156263382e-05,-0.0020538279020954064,0.0015574871599994822,-0.0017123478806713166,7.02062496342748e-05,0.00529924467644971,-0.00034624630433910397
2026-04-02 18:30:00,0.0003081428686764198,0.0020654168604226086,-9.802418477988795e-05,0.00411626926325237,0.000430470610716327,0.002525996727841928,-6.803579017056194e-05,0.0013374787987725512,0.0013301932832039398,0.0028743630879590754,-0.0014127558851262378,0.001499564884504423
2026-04-02 19:30:00,0.002749299966530394,0.002794177047872104,0.0030136586897002715,0.0024665064775977186,0.003151280560542702,0.0011493386085108526,0.001663992610843934,-0.0011507508437631486,0.0022898094337726604,0.0016320777957670174,-0.0013421912874802544,0.00011528511335878733
2026-04-06 13:30:00,-0.004336103762016208,-0.0035010207425001383,0.022680428469709746,-0.0022783796238510234,0.012035746478494147,0.004722812582785174,0.005751357889355546,-0.0010898016454881088,0.0037892230758096446,0.0029069702266761865,-0.004439919920939062,-0.00023049556692633644
2026-04-06 14:30:00,-0.01575052673809818,-0.0016638992848996281,-0.009635243612297728,-0.003440767885299678,0.0003296867100726075,-0.0007622916990959183,-0.002398013350091155,0.0034521357129539965,-0.0021972377669658982,-0.0040957747475385275,0.011600937284505619,-0.0012688963203713044
2026-04-06 15:30:00,-0.003684727862115267,0.003782933248246856,-0.0008103241934307448,0.0017084511049763051,0.0018346441991878848,0.003962076212365773,0.0022631392671979,0.005511016607620434,0.0013207776745156607,-0.00025664167250560865,-0.004840551769124346,0.0017299222497042521
2026-04-06 16:30:00,-0.00914555928735794,-0.0012426289999014628,-0.001004247745545861,0.0006986974334024509,-0.004097353695312833,-0.003667435045350942,-0.0022631392671979,0.0022821605413927415,-0.0006130510068969031,-0.00198509183524731,0.009659098950567824,-0.0016733869843648108
2026-04-06 17:30:00,-0.00153468806587842,0.0002825669775612383,0.0019302789545818655,0.0017847092299723144,0.0005897269904915348,0.0018527147679447964,0.0027484979410807853,0.0010468191014725292,0.0012920268258245216,0.0007478030159342453,-0.0023699983860190343,0.0019613433941838565
2026-04-06 18:30:00,0.009599570397975654,0.0013274354434660296,-0.003980800637597426,-0.0013953071097478897,0.0009193147365182952,-0.002147355934959627,-0.0036968169039681698,0.00015390959752448197,-0.0005468547825060455,-0.002268452535292731,0.0025851745209921617,-0.001325585803628293
2026-04-06 19:30:00,0.003094429092119988,0.002366604875946088,0.002463894109864029,0.0012102680151082623,0.0026822541329858396,-0.006626971136753923,0.0005424638680207039,0.0052475575782411354,0.0015035021967175766,0.001310242505158321,-0.0037363629047311164,-0.0005191747052313289
2026-04-07 13:30:00,-0.03147174960181154,-0.014516004206927668,-0.04429444008135075,-0.00841918253949192,-0.010392127327378375,-0.005398339249606643,0.0009806034184389745,0.008988656145239915,-0.006807416446750203,-0.0024815594468163837,0.026988378385348177,-0.0054968859548738536
2026-04-07 14:30:00,-0.00831265823929872,-0.0003993287042129978,0.0006054982267800213,-0.004391130375699603,-0.002044442200491936,-0.00572755736836239,-0.0013189762942200645,-0.002885866569117823,-0.0017512567125663736,0.0017564613201530577,-0.003791134389551587,-0.0002901671305988174
2026-04-07 15:30:00,0.00800552492281259,0.0022824176562448173,0.009437973704824465,0.007024699911815091,0.007253789099795682,0.004094472428898932,0.0015554443393162032,-0.006102789576122092,0.004071238349630413,0.0021854043744662377,-0.007802717399931325,0.0008122027911694474
2026-04-07 16:30:00,0.0003059728158048003,-0.00011404944303627929,0.005640251845579591,-0.0010598806312103193,0.0015576780937482937,-0.0012398031920923813,-3.0934163852691654e-07,-0.0016847797047683244,-0.00015243201682579866,-0.0005955588422219549,0.008927523579044916,-0.001567013883712498
2026-04-07 17:30:00,0.0019007896900760102,0.0017636575431083656,-0.0010538746155956957,-0.00018304774378830047,0.0018377564833835791,0.0008618320087805387,0.0023627423961016802,-0.004825085124086748,0.0005030863340182989,0.004254486081705089,-0.017006072721786225,0.0026102683518036685
2026-04-07 18:30:00,-0.0006630332735042543,0.0033546083802438176,0.0025234507267173356,0.001620550281687727,0.0008000102393692643,0.0008436137521847797,0.0015830556664617745,0.004487732140228573,0.0007768812807107395,0.0015689640375633473,-0.0032927121025565498,0.0023146009406493917
2026-04-07 19:30:00,0.012418107173157722,0.010186794426658707,0.006073888787077486,0.0038216833021715857,0.005629046416788519,0.009858587510804817,0.0009755565015243661,0.00489509054476045,0.003951668852675283,0.0028875368862228967,-0.00994457613897648,0.001501556762315559
2026-04-08 13:30:00,0.0037444520198013365,0.02059007588963535,0.01813895671229826,0.01711178315524009,0.03452658503238748,0.03683221921804947,0.03326475380323224,-0.06213644398531404,0.02230496921135039,0.014153806805997426,-0.12980304515517194,0.00650009406971197
2026-04-08 14:30:00,-0.005679561002156497,-0.002754063936278861,-0.0024047606793651255,-0.0033460494725101597,-0.0018091908825086378,-0.005547797406642019,-0.006378491864226454,0.001492751993602326,-0.0016330291910078287,-0.0035913418983506418,0.01619405103629301,-0.001549300382184704
2026-04-08 15:30:00,0.0030312774709724266,0.0008269822469069155,-0.0003184877795829877,0.0015884526949472288,0.004674663420097147,0.04638059744910894,0.005109562091247355,-0.003117870101381648,0.002952400293463775,-0.00024067010899386787,-0.007736366419271334,-0.0010916858414500297
2026-04-08 16:30:00,0.0015118047117814726,-2.7498995383901104e-05,0.0003184877795829877,-0.0033651484459626957,-0.0005634120303668055,0.0017205170701481975,-0.0012058671609755933,0.004155036575882676,-1.4828952553891384e-05,0.00026360803170355496,0.008304107978768904,-0.0010710131470492712
2026-04-08 17:30:00,-0.011142113818089605,0.001406020318698964,-0.0010491289209015875,-0.006283677573319935,-0.0001551453475929776,-0.009355654917119871,0.0015962417352506364,-0.0036997888254637346,-0.00019261551949245614,-0.006021958125971061,-0.007242570407862914,-0.000770244429036282
2026-04-08 18:30:00,-0.006033578495859615,2.5864823547827598e-05,-0.00015542347886832175,-0.00785661781932312,-0.006445481734041358,-0.010472953428626752,-0.0008304117186410664,0.013563510128633105,-0.0019875518215162202,-0.003209571861410687,0.021332413211884393,-0.00023045069384419747
2026-04-08 19:30:00,0.0049416448332282314,0.002171517263730216,0.006703686788489094,0.007589471815433235,0.004117822294354312,0.004088714302052487,0.0034311683907217727,0.0022427412818766257,0.003468200012850531,0.00491413935616869,-0.004808459830973888,0.0013241473619718391
2026-04-09 13:30:00,-0.009954974650079329,-0.002611898360498799,-0.004218503309041388,-0.018171018306935238,0.014938715409594572,0.020684226081674417,0.0007140114976023071,0.014677631984351791,-0.0023478774456782148,0.007063408682927097,0.03791280393998253,-0.004728728648334624
2026-04-09 14:30:00,0.0011469839486961675,0.0066400216063691175,-0.0011253946893026168,0.003557701216322151,0.02106082493858885,0.006541329862508327,0.001329303436529372,-0.0041716033389009866,0.002421834278490742,0.002829673183959436,-0.0041853517938719165,0.0014440435722331557
2026-04-09 15:30:00,0.022461579891207784,0.0038212614580848125,0.00607742740439754,0.006593021438116686,0.010452694812300933,0.008532458830322831,0.0065234817292605385,-0.02047686233369639,0.005856254891088319,0.002855806914511483,-0.037268437930693565,0.004319661144516651
2026-04-09 16:30:00,-0.0006571235142578402,-0.0004087082775825479,0.0036018629225988974,0.0015204896549692037,-0.001489658908436553,-0.006152827251156623,-0.0009983658217018743,0.00012931846376407208,0.0005735605446002268,7.95352506788305e-05,0.0016513432113622883,0.0005745826171414947
2026-04-09 17:30:00,-0.005869443560841958,-0.0019642116625249173,-0.0016548367455690993,-0.006217588839684041,0.0009717253745646914,-0.0047171307169247,0.0005959157047072949,0.0034846040336047324,-0.0021191709028922645,-0.0022518979874490697,0.009811251076137673,-0.0036252010213830843
2026-04-09 18:30:00,-0.00027485001180682644,0.0029720844439768968,0.001674082039039071,0.007279180482706593,0.0030172962849635,0.001543028579729544,0.00027365619137054153,0.004851582267065169,0.0015749649728551418,-0.0017322164231652337,0.008807837912099714,-0.0010959046022929186
2026-04-09 19:30:00,-2.896386113881988e-05,0.0011156714868540973,0.0012681991597069953,0.0019858871735989325,0.005579361224348212,-0.0013520113443616921,-0.000934080278797822,-0.00626975573867572,-7.352281425632157e-05,-0.0011868915888477716,0.0030763138830547376,0.0008652413229430778
2026-04-10 13:30:00,0.002774334654547239,0.021390421061720843,0.0045022645219781054,-0.00016085998433101878,0.022780714046497508,0.011143376543094163,-0.0029205071681071004,-0.015078976174803138,0.002424030151916945,0.004875577278229848,-0.014917398744953125,-0.002424652986065645
2026-04-10 14:30:00,-0.0028611429583325076,0.008772793499857379,-0.0010518936074532803,-0.002066806598342019,0.0011548153188307708,-0.00775873306890329,-0.0006950668932681481,0.0015705113399722137,-0.000410973757388966,-0.002947549693751661,0.012630775128614324,0.0013862735251404246
2026-04-10 15:30:00,-0.004466519142511061,-0.005425813550767877,-0.0028933596765936542,2.689459728699717e-05,-0.005804261604330563,-0.0038781955073767804,-0.0010515591252406864,0.0,-0.0025279573278860212,-0.0037799631647503773,0.0033099421105990956,-0.00260076403942211
2026-04-10 16:30:00,-8.720448894816712e-05,-0.0016335662981648014,-0.0049833387436484244,-0.003417794171891586,0.003000626863907563,-0.0014821193465497373,1.6202930241071556e-05,-0.0028811075317758394,-0.001251540040501098,0.0009150947890050887,-0.004969814880800172,5.783690761873572e-05
2026-04-10 17:30:00,0.008452832073660765,0.002324793575386508,0.003388808340260674,-0.001511222931281253,-0.0031897722841067733,-0.002994863010579607,0.003812828174420524,-0.0001311841613871323,0.0010749363940485424,0.0005028024769817563,-0.012090718452137494,0.001128959679939534
2026-04-10 18:30:00,-0.002430123081186508,0.004259508591263561,-0.001538911889206851,0.003019590454330867,0.0019318449328347143,0.00399913499639748,0.00012892395069563634,-0.0009185709804908626,0.00035326591468543,-0.0002514045104469176,-0.004371270246050329,2.769392672341553e-05
2026-04-10 19:30:00,0.008135718060693797,-0.003967944271395574,0.002537988881531561,-0.001643472759290887,8.392814181146235e-05,0.003578447191831202,-0.0007095829430801004,-0.0002625609666671025,-0.0004415794351073643,-0.0008687909013271877,0.0034104637202672095,5.785490080700839e-05
2026-04-13 13:30:00,0.008149710147177913,-0.001167415548183115,-0.01182164621562709,0.017546778241590566,-0.005257967386393503,-0.004598683588693753,-0.003070351880528399,0.0039317930777453824,0.00033668155731625404,-0.009353503868710256,0.05357375924584851,-0.0011565866518061796
2026-04-13 14:30:00,-0.004094821382157221,0.0010125831511116345,0.0015144135538429637,0.007824952661653839,0.0031160774864726903,-0.001684021116550305,0.00016179112090419778,0.0018949239450503086,-8.649514018177484e-05,-0.002462050355981127,0.006961273545456059,-0.0004630271415484444
2026-04-13 15:30:00,0.007854658916265578,-0.0008788893328341985,0.00027161468108172215,0.002651606990312416,0.004341993048714521,0.00528997539584708,0.00429516442432476,0.0009461171450713124,0.0027628863913742308,0.005781408014164491,-0.0046480214761821514,0.0020818917898939304
2026-04-13 16:30:00,0.0038582942360401162,-0.0012749078148024395,0.00032965104930138267,0.0007338456024710283,-0.0005652622273615293,0.0011355469347300584,0.0026710446653757103,-0.0051326829391422635,0.0015983430330743786,0.0024592940376377825,-0.017461546797059135,0.0005197743954266087
2026-04-13 17:30:00,-0.006424776077548877,-0.0009840092210886553,5.8225086365659706e-05,0.00031432905874417827,-0.00010469195743301185,0.0020377240414326536,-0.0008037939662921545,-0.005851233748018991,-0.00015383388046252833,-0.003311120608534779,-0.0005783120216218407,0.0004618243429330704
2026-04-13 18:30:00,-0.0021177692050766694,0.0036371640243206826,-0.00011633520908826966,0.0014133391756283586,-0.0006704672850412763,0.0015591196616941971,0.003916416171594328,-0.00013191079649654824,0.002093418445125117,0.003242252094719511,-0.0118716378847461,0.0008076577480933267
2026-04-13 19:30:00,0.002784796437675041,0.0026725860153007375,0.00526046684781889,0.005269182189279853,0.005413602229825898,0.003583952771321286,0.003773445390852892,0.006048658666108153,0.003219440567463039,-0.0005511189205869016,0.002767082602330717,0.0004612385722779777
2026-04-14 13:30:00,0.02959417985303947,0.019106995419628348,0.0005014169842709748,0.021067986593913623,0.024462787199357017,0.02969651594976952,-0.007368246816156443,-0.027916188553859023,0.007218632408214631,0.014684691270909767,-0.031791419253730524,0.0017852378893632448
2026-04-14 14:30:00,-0.000454600771904623,0.003028731955582842,-0.004965678506773763,-0.002330282580365939,0.006286152801792788,0.010075937500876542,0.00401123682645288,0.002087315573644055,0.0018363105283460968,-0.001472390189752204,0.007046268941656386,0.0005751558720774597
2026-04-14 15:30:00,0.012135784959784957,0.006979586358064616,-0.0013780844656103852,0.006844766480924136,0.009344476852326089,0.007040469170339847,-0.005910132923065525,-0.0022895386290366915,0.0019410123842504845,0.002863495665572202,-0.015195848885136698,0.00080473301351347
2026-04-14 16:30:00,-0.0055839357556752844,-0.0003845204103294364,0.003718307117629216,-0.00044385828289073004,0.0015060295774471655,-0.004635291739147007,0.003954706384391216,-0.0020245860009087124,0.00020906203024040337,0.0018166625067230768,0.0058971553342361815,0.0004021676081551462
2026-04-14 17:30:00,-0.004376918484179981,-0.000744939192721894,0.0004638030255579295,-0.007384696048965189,-0.0019755663484151142,-0.002723315417836325,0.0003528620931332327,-0.001047625380527606,-0.0016446397471145957,0.002682802397015571,-0.00772081246884504,0.0010918212121930893
2026-04-14 18:30:00,0.0054087075996651635,0.008341605118573625,-0.0017597458156943802,0.0026290919706823956,-0.0002805068404549971,0.002088559723723904,0.001666578453196621,0.006302985737210776,0.002365111264952091,0.0005398983935842594,0.0028770274328877576,-0.00011591385127385223
2026-04-14 19:30:00,-0.003910954766195296,0.0014265633094128205,0.0020495724547018312,0.0021008078849682477,-0.0018254293570221236,0.0016842947772053307,-0.0034323314834274754,0.0027514271881665664,0.0002232830029900157,0.0008992062625940989,0.002586275554646633,0.0006882822326783611
2026-04-15 13:30:00,0.03377616665094685,0.013898588390110156,0.007025471557922991,0.03248536723341644,-0.004426947516539492,0.01825366097266201,-0.007483260168125838,-0.006724070464963816,0.0036296110463558406,-0.0041882189706372586,-0.0107933841288963,-0.0020088446864088283
2026-04-15 14:30:00,0.03098775824520228,0.0028567470177316423,0.009544607524709647,0.004471769919082824,-0.0006455049822902126,-0.0015351184140444118,-0.008028485000548535,0.0039054781491518753,0.000645507361809905,-0.005657147428022036,0.018832658915690637,-0.002070516669212985
2026-04-15 15:30:00,0.011350537323325582,-0.003434134563189417,0.005301740392419596,0.0031085683144898013,0.004771250861361764,0.0044283925449910555,-0.004546774151589439,-0.0003368165432968695,-1.4441219968297503e-05,0.0027420365715498107,-0.008806388066147086,5.639856179850966e-05
2026-04-15 16:30:00,-0.014379110938686601,-0.010881329155203012,0.0013823636350949187,0.001355434387309451,-0.002050642043284867,-0.003582690540003597,0.0005900271974761395,0.005364479117408116,8.611909803946105e-05,-0.0019027693982502925,-0.0037632524970465653,0.000173831629441068
2026-04-15 17:30:00,0.007010366786288635,-5.422731979010109e-07,0.0008865281469567776,0.0065317066152745795,0.00026399756015393905,-0.0025094898418052125,0.0019802805594659745,0.0001002917900176925,0.0015473914243901987,-0.0014748624331009097,-0.0025167879321719155,-0.0009213268829917354
2026-04-15 18:30:00,0.006197477601155299,0.006427009989506516,0.0006031956204264333,0.0019378616082690314,0.000882433506510516,-1.479156171413365e-05,0.000572156278018987,-0.0007022538492726937,0.0021451563463878998,0.001814895975514652,-0.004317539932960912,0.0005759177854418596
2026-04-15 19:30:00,-0.0011981728618737364,0.0031623647624137163,0.0038742926942072486,-0.004723408658486861,-0.001287331978976347,-0.0015326109136415411,-0.00039234321725878374,-0.0030154625000031743,-0.00022855918127540065,-0.0016786679276119543,0.0012238530272297155,-0.0002303097377378549
2026-04-16 13:30:00,-0.016174822295538682,-0.007560156527101292,-0.016312825521176855,0.008804904987643525,-0.011559696737779568,-0.0022957686967677304,0.00953363353321457,0.011941702001434074,-0.001000746607793701,0.0005447266866092093,0.027663411045743658,-0.0017997529747528773
2026-04-16 14:30:00,0.005571114054768955,0.008274932089138431,0.0007247714161779939,0.003992894226334975,0.008414791452975301,0.004809139855703748,-0.004446132084990673,0.0027806552780864635,0.0023430129539150357,0.000748515023921037,0.004438878975348004,-0.00027577732265537946
2026-04-16 15:30:00,0.004807808920583412,-0.0019616202242467295,0.006954251668696898,0.0065559650482098775,0.003285806197116159,0.003987586627504314,0.004252209626086412,0.004091572540914967,0.0017536206412946953,-0.0007371581645303493,-0.00404242028457702,-0.0012127551092673272
2026-04-16 16:30:00,-0.0031077539611263916,-0.0010326638974405,-0.0021232742064540844,-0.000536754422118868,0.0027533456244013266,-0.0021474830567234093,-0.0038295081384962515,0.005418623634734665,-0.0018678100518618734,-0.002942896756771063,0.012134919303324665,-0.003067213752847131
2026-04-16 17:30:00,-0.006889594079638073,-0.004647520152795792,0.00022765153341541833,-0.0038251625059411154,-0.0022503427011439925,-0.002776308302461672,0.004153284248367584,-0.001212522492060053,-0.0012995941622095941,0.0004323199273637002,-0.0025088291829318266,0.0005794767948366086
2026-04-16 18:30:00,0.0038351790304567146,0.0031596402330178464,0.00020525880538890817,0.00206983691667606,0.00036199077644116784,0.001307468890391128,-0.0006153235928758605,-0.0028239776919543047,0.0015993679841495023,0.0006822629700202754,-0.01053824680225457,0.00028952415899574646
2026-04-16 19:30:00,0.003659078039055963,0.0006055625161938138,-0.001040273210095144,0.004043463031438321,0.004213755175983991,0.0049025841389260805,0.003912732487748372,-0.0013162025079944684,0.0009125288202946891,0.0006135765388890491,-0.0013102331846965853,-0.0004633142607692875
2026-04-17 13:30:00,0.019713862338496924,0.010712165339219482,0.019645543724931436,0.01371355279872688,0.0187254488267925,0.008232786173972606,0.010370376941081005,-0.05655819648645455,0.010880634702282066,0.016460008685327487,-0.10619961265857292,0.009055009219135712
2026-04-17 14:30:00,0.02883252666041347,0.0013216434728153814,0.012414057112988708,0.010453701824118866,-0.001376534989566025,0.001895876610799263,-0.0011504806592874672,0.004588784063440876,0.0019650314068409003,-0.0012858020844239704,0.006517598262799851,0.0
2026-04-17 15:30:00,-0.002477792781029997,0.00024918671312068597,-0.0014352231775873747,-0.003981754616823707,-0.003429974789453283,0.0010961927541606187,0.002204023814049272,0.001663364927494193,0.001251664421083376,0.00046978479416015517,0.002542575438019057,0.0008034859899943569
2026-04-17 16:30:00,-0.013800794181223708,-0.004044230210929811,-0.0035784859782239664,-0.011167746913971044,0.0018824202746543506,-0.0017253107011239166,-0.0048937351047895206,0.008344634723889577,-0.002293537425396508,-0.0019029637974297131,0.012098145125301052,-0.0016650495312271474
2026-04-17 17:30:00,-0.002193979612108876,0.003844855389484536,-0.0014423292948571032,-0.0069131017806665085,-0.0066745414159106176,0.00017560346318035158,-0.0016366141338588491,0.003770118210733031,-9.862339546717891e-05,0.0005376486833377214,0.0015128533065418281,-0.00034483336567703304
2026-04-17 18:30:00,0.0028412255062706393,0.0030355109171100736,-0.0018337062409017335,0.004066025517326821,-0.0054493218659930065,0.0014343985670723924,-0.000578234006368028,0.003346816678616804,-0.00077513839016774,-0.0008738259610225896,0.004525663132683988,0.00011717950694745127
2026-04-17 19:30:00,-0.0028412255062706393,0.0019359138401906506,0.0018151825016001766,-0.00010643756652495284,-0.0006386097210064889,0.0063491667172259625,-0.003057505940539329,-0.0015695620908493524,0.0011131861401381116,-0.0004932873437839547,-0.0014637692541219494,0.0006872760009706269
2026-04-20 13:30:00,-0.019329055090346436,-0.012575588760197931,0.011755886070097255,-0.007362593717467725,-0.013262806160138751,-0.018534335224503096,0.014750194303528197,0.013701660926487058,-0.0015503534971985644,-0.006434977518183338,0.03669357720592359,-0.0021850671382068754
2026-04-20 14:30:00,0.0006614005350344954,0.0007028081937443531,-0.0018306305813897694,-0.0032233206761995703,-0.0006070292816495737,-0.0037230223571764753,0.0009523422718782371,0.001009957983034937,-0.0008749084780985683,-0.0030971915828574836,0.0033201029006688643,0.0010931303837846684
2026-04-20 15:30:00,-0.002036370260885434,-0.0004266816316329525,-0.0011366672840145142,0.001672669940837146,-0.0010125762653538928,-0.0011066517365438955,-0.0012700236676446153,0.0024534485775493664,-0.000960455243892433,-0.0016655668861567108,0.008686245192265574,-0.00024613978573739814
2026-04-20 16:30:00,-0.001249399710378185,0.0017301071510660293,-0.0013951279008610484,0.0007400605911387359,0.0033981841414556513,-0.00026011302951367554,0.002823697137062098,0.0019115259604696178,0.00046616143981825786,0.002016459197011322,0.005113426660511955,0.0010508264997364236
2026-04-20 17:30:00,0.0024208153627771622,0.0052988695754283555,0.004618473614456775,-0.001289360247905158,0.0007871868156650308,-7.44057273571741e-06,0.0011398435253937578,-0.00265028092505748,0.00048016220423985345,0.0007353758422858903,-0.0042525765563947715,0.0
2026-04-20 18:30:00,-0.001630237133277923,0.0026884838621104024,-0.0027832066350805817,-0.0030863319508824816,0.001350983557371066,-0.0028845761438187623,0.0011701856895962592,-0.005220319850288924,-0.0004236098560612689,0.000746078045056997,-0.002133026554391293,0.0006891914394149268
2026-04-20 19:30:00,0.0004842492318335445,0.004860617218549024,0.0008796974157814219,0.0018672772003887061,0.0006042902453993193,0.00036148223027954174,0.0022732344282880845,-0.0026374632258523434,0.0009458293506954263,-0.0006558677559773685,-0.0034554193243856446,-0.0005168490446179064
2026-04-21 13:30:00,-0.0005734868103735025,-0.0010891150616325618,-0.0123497298974371,0.01663872256272203,0.0175660598566294,0.005537162335640389,0.0029443431455415947,-0.0069307135236273965,0.002649276340445539,-0.008471199897643444,0.011634754819627169,-0.0015522396570641916
2026-04-21 14:30:00,-0.004369140530011251,-0.0041693430765619155,-0.006139870289270988,-0.0010119618478512393,-0.001743214858596076,-0.0034602410111626014,-0.007432570188780296,0.00950057288993289,-0.005475374383710374,-0.006705197351045911,0.021436843362273805,-0.0022463471384632783
2026-04-21 15:30:00,-0.005536084283255249,-0.005761398461572753,-0.007755925686451448,0.0006002621909324546,-0.0010110091303348057,-0.0026306164573490776,-0.002156545374555563,0.001215038507337951,-0.0004670989684658622,-0.004510678897694298,0.0019913185412221424,0.00011534493713849514
2026-04-21 16:30:00,-0.006533121535364117,-0.002880639901575499,0.0011278461281349905,-0.00044721714387208067,-0.0016481889791695181,-0.0020729121742100176,-0.002988691256319953,0.0029636771344359047,-0.002367008545846261,-0.004368851852568412,0.012572845534279509,-0.000749847953303906
2026-04-21 17:30:00,0.008297936703771214,0.0030606956414871433,0.0008074449495074631,0.0024219605211017736,-0.0018699451167707437,0.002507340804119629,-0.0016886618270941511,-0.0007400192200623934,0.000580223839284244,-0.0007879588197958753,-0.016879079663857155,0.0006921331565861166
2026-04-21 18:30:00,0.002592695188762484,0.005118652668405055,0.005932593332489411,0.0015819293989025596,0.001233747631656179,0.004654740674649105,0.00470913062204481,-0.0051624890593959805,0.0037173485638026804,0.0036911326255806287,-0.01319301109621751,0.0023038031361055644
2026-04-21 19:30:00,-0.009233249489193796,-0.005223674882683937,-0.00651464454707984,-0.005205312332237533,-0.005863954553726458,-0.0075955022891225354,-0.0063374687149631015,0.0038153331650354616,-0.005078344837286863,-0.007430880945286766,0.03774338730540716,-0.004208323224824895
2026-04-22 13:30:00,0.016114263265058604,0.0022484679492489335,0.021258423501087975,0.016075167142669322,0.012899086116734182,0.010173763599946817,0.00242444474358372,0.006985108320463951,0.00901990299339861,0.01363677133392116,-0.005708741487439717,0.00622093422188108
2026-04-22 14:30:00,-0.008035364948729473,0.006174280544622768,0.0016904252602598646,0.0023399907677017495,-0.0007704830393198137,-0.0009921530003556,-0.0029357529004823135,-0.004931493254438202,-0.0004504861232081936,-0.0016312084397300808,0.010764513032357925,-0.0013225476100275912
2026-04-22 15:30:00,0.000731233345376836,-0.002512592792634827,0.00106373983297825,-0.0009840152903386468,-7.840487574739541e-07,-0.0015786826958832378,-0.002079814772404376,-0.002592965407301584,-0.0014724759745217142,-0.0019563988550395095,0.010266014501633336,-0.0018989092139705122
2026-04-22 16:30:00,0.0014480468683331083,0.003227060204920029,0.0019050711732981895,-0.0009269632922022097,0.00106742554748962,0.001771424833989066,0.0019679221088617638,0.003500537324037545,0.001247113808317657,0.0018299418448508575,-0.0018447775868155603,0.00011521207625175833
2026-04-22 17:30:00,-0.005238257651763334,-0.00039662791900685335,-0.0019234250868906955,-0.0012295673266615736,0.0023858896742963154,0.0008364427844034239,-0.0004956194282978998,0.0023834388172740972,-0.0008312363712903448,-0.001069910274054564,-0.0003462529716040663,-0.00015432216786859243
2026-04-22 18:30:00,0.0020929675925742686,4.9634381504404246e-05,9.165429461344132e-05,0.0026081377116957682,0.0025374152503889746,0.00014793336306340166,0.0009271225151099571,0.0026973463588104707,0.0014085501065430606,0.0030571265356540422,-0.004280458268531184,0.00021187929322152854
2026-04-22 19:30:00,-0.00525165021479701,0.0036872317598399817,0.0017586045627604463,0.0017927540073232606,0.0032165408991762234,-0.0017696804005158384,6.38708245457309e-05,-0.0005885171767214814,0.001069186471806205,-0.0009000820281377386,7.724625478910951e-05,-0.0008065410871891388
2026-04-23 13:30:00,-0.04790088011065308,-0.0032653633257755388,0.002613793740982473,-0.03256910703131144,0.0013698067005076808,-0.01613731728702117,0.004463277421317358,0.0026056430414600484,-0.0009565640737552172,-0.0022261080345717943,0.0083122300231393,0.0024176743553923075
2026-04-23 14:30:00,0.022463850681665676,0.0037024823655995576,-0.000821812575911629,0.008760145994016533,0.006471267064930508,0.006538566814188407,-0.0014817876585864198,-0.0068290906103278814,0.002052640989319343,0.00043734521339100496,0.002908350987432584,0.0004609999078244442
2026-04-23 15:30:00,0.004691260728784563,-0.00694826894603473,-0.0002923058508024212,-0.010875509935974748,-0.0015166523110545782,-0.004582285243952988,-0.0005560545516276605,0.0031525746306124702,-0.0017712692884055414,-0.002142541163783207,0.007537362762953137,-0.0013248942994552593
2026-04-23 16:30:00,-0.01688534741156733,-0.008345231345849413,-0.004983213735298975,-0.006553575609211215,-0.008676958779077815,-0.010374282750652775,-0.010542124562410216,0.004043486312933275,-0.006606544139087234,-0.003349580289333076,0.024796979495230076,-0.006522594434236417
2026-04-23 17:30:00,0.0031593715712734394,-0.0014802645678750892,0.005202479012364591,-0.00026478532511831077,0.002313394602885488,0.00015945815411466668,0.002894896995011109,0.0011665898926080942,0.003478234060212415,0.0020226660831550447,-0.010114661576073658,0.004103972264779543
2026-04-23 18:30:00,-0.00032082541506195383,-0.00015065300365879608,0.0018619275945299663,0.002997780119033955,0.0012524643232039168,0.0019118872776235918,0.0019409715325497956,0.0009322727201350745,-0.00014826788717492434,-0.0035973796322350537,0.005218531376465663,-0.001847617903528942
2026-04-23 19:30:00,-0.0008828009880090804,0.0030089090074616465,-0.0026661726323915502,-0.0014092379729211402,-0.0020752940889847693,-0.0005154902620780888,-0.0007852964417933705,0.0019947329852794127,4.9367635493346995e-05,-0.0009506780691799221,0.0015601730804961633,0.0005777694171440473
2026-04-24 13:30:00,0.00013378060833257877,0.014391901694395415,-0.005022815247837542,0.004559409305673334,0.021808895952698748,0.008683166058045977,-0.006727832313045745,-0.01155847697206358,0.0020023738233510002,0.0066818373636632344,-0.01110519629978679,0.0010391268676297472
2026-04-24 14:30:00,0.006136183112717575,0.030673498194359716,-0.005122128742496734,0.005325440417952798,0.002547170499291873,0.011020417554527207,-0.0004525286222705205,-0.005931168643000362,0.0027994339051602424,-0.0009221549471947199,0.001557169096808586,-0.0008081654029323815
2026-04-24 15:30:00,-0.00519997486866508,0.003149908174711946,0.0011445994875787235,-0.002647150838641643,0.0035894433829879446,0.004184862394844835,-0.0028149052935901864,-0.003589201045365975,0.002036602752014005,0.0005303764111399545,-0.015560383206858042,0.0010296450959286219
2026-04-24 16:30:00,0.004082234051975497,-0.0011696931086264684,-0.0034192039872324997,0.00011943387773261094,0.0011428107642581509,0.0028688094646902584,-0.0002593242511190752,0.0008138504227979126,-0.00039428561106902293,-0.00021325673901895215,-0.0012187971008827958,-0.0007409521957297827
2026-04-24 17:30:00,-0.0009885962658016112,-0.005447854130973262,-0.00038891158312548413,0.00756406320025782,0.0019589201933678524,-0.0033798937805409324,0.00016211026253287741,0.002234498810102181,0.0,-0.0011477656830241045,0.005397046373370351,-0.00040412290485036806
2026-04-24 18:30:00,0.0040195044793387424,0.0015612854835538315,0.0004814550069900392,0.0038078720091663243,0.0030162997880580633,0.0036310472109679637,-0.0010376036741011063,0.0024319446882179463,0.001009238777802679,0.00035407364488904136,0.00453817319882166,0.0020768474184329477
2026-04-24 19:30:00,-0.0014345525759056343,-0.0015742581917246312,0.0035849663513376484,0.002287227332754327,-0.00030307128460460575,-0.0036828663780035242,0.00012978409972941307,0.0043760387634232956,0.0003361867054598733,-0.0005156917880677625,-0.0007548758128184119,-0.0006918619935261106
2026-04-27 13:30:00,-0.023971779473282773,0.002422755042773339,-0.013744179523091482,9.020169212270446e-05,-0.006405943189226271,0.001879958375480939,0.00801212724197864,0.008561917047703815,-0.0007495639689008016,-0.005765416894191411,0.015843863884891896,-0.0021938097017102365
2026-04-27 14:30:00,-0.0035460696496496524,0.005662071026019788,-0.000935506321912527,-0.004078482484375812,-0.00336194416635216,0.0005175491928257614,-0.0017230257938498639,-0.0069844932244018665,-0.0006239390041260506,-0.0019059748309473434,0.006560179145428613,-0.0021408309616370857
2026-04-27 15:30:00,0.015832456323749966,0.007476256467016107,-0.0030557364848284863,0.001724682853774695,0.006693598797699707,-0.001842015789206286,0.0009988340557267605,-0.005076783234095217,0.001205423747984824,-0.001140710722387972,-0.005479912173987245,0.0005790741637374808
2026-04-27 16:30:00,0.015636764257171976,0.010139706776591595,0.0020444468661731108,0.0034405394763163955,-0.001217174543643118,0.007053719207028131,0.00037021669988135386,0.0004381030414366549,0.0010360672623725975,0.000838201426796914,0.005405987535164414,-0.0011583954175442557
2026-04-27 17:30:00,0.002963165719422456,0.009736613920050985,-0.0018383015699070526,0.003663245710996854,-0.0038895297369183623,-0.0016704159685136943,0.00041839208996830024,0.0017840576464438485,0.0006994474889294722,0.0010699467364156945,-0.005034755845454875,0.0005793212538067749
2026-04-27 18:30:00,0.0007653657527875168,-0.0009740090006289392,0.002999363009588585,-0.004651743249493023,-0.0027164893707478655,-0.0003977142677316081,0.004910856237847483,0.00020176063416776913,5.598929240324679e-05,-0.00046501962943334973,-0.0027501790635922063,-0.0004633947825389839
2026-04-27 19:30:00,-0.0009501303156795871,0.005276321424748431,0.001981934319661427,0.0009414723095959587,0.00022983168612711324,-0.0002652607353619274,-0.001890862899982082,-0.0034355822662668345,2.7908125940001582e-05,-0.00018612521084193645,0.0028243635650113674,0.00011582462325954168
2026-04-28 13:30:00,-0.0023794443852098723,-0.0198372716789752,0.013358945956590595,0.003124339802631937,-0.004222075097290556,-0.008436887974111684,0.002691003748699572,0.01506909915364929,-0.005482270891385532,-0.02384737733442499,0.03583077449369565,-0.0029593227245703346
2026-04-28 14:30:00,-0.007465589850758292,-0.01554094436805098,-0.003526171844787207,-0.001384444000606777,-0.00169388100581358,-0.007976659955121868,0.0013108583129053386,0.009592220800974438,-0.0018998360043536167,0.0011429378624328024,-0.002904416155883993,0.001045435872038425
2026-04-28 15:30:00,0.0002666545059151204,0.004818570381826426,-0.0029972588100157793,0.00630883247416314,0.0023859742034018083,0.0028774483398503747,-0.00044745980996196977,-0.0010539732527128365,0.00059143359903846,0.0014268196499847008,0.0008614150895818184,1.151539242627564e-06
2026-04-28 16:30:00,0.0032472778883949616,0.003231139354955559,0.0013126182958069776,0.0005483178240384134,-0.008337255514201836,0.0013166983588401848,-0.0012470775679771506,-0.0020451767962299527,-0.000281620072667188,0.0023734939050417125,0.0067224913762062855,0.00034717290019514735
2026-04-28 17:30:00,0.0031838189728379263,0.00970186165143172,0.0023317548122738785,-0.004957163198741732,0.00652903643851932,0.002277093994935697,-0.0029491506014638347,-0.0031418400067666497,0.0017305758138714822,0.0011846377373343486,-0.004393138782005757,0.0007540657747027169
2026-04-28 18:30:00,-0.0004504561945672947,0.005715511613181512,-0.0010171303974795265,0.00557503987810648,-0.0005777551277192927,-0.0018595463917669974,0.00022469572629990608,-0.0009611047648627746,0.00033740181792119017,-0.0007106576129869424,0.00010737433976615307,0.0011011762880528408
2026-04-28 19:30:00,-0.0036904397845400894,-0.004283604049058809,0.0019778878188070337,0.0008504412851984,0.0008857156028803104,0.0010881184014683853,-0.0002568272272132077,-0.0012939888337530903,0.00012642129630791032,-4.736620917888956e-05,-0.00035799573245487437,0.000463295299653943
2026-04-29 13:30:00,-0.0068062187188120404,-0.009616787038660313,-0.005035614387560727,-0.009736018574951544,0.021752393881919296,0.001101831947796228,-0.004004525012766713,0.00935163226526825,-0.0002810818349621158,-0.013767295548902325,0.0468618061574384,-0.005806542809034809
2026-04-29 14:30:00,0.0019801284979976685,-0.0014694963934847038,-0.0020808478404301667,-0.001981513402331103,-0.005827161878680265,-0.0002753441921976574,-0.004635649761286942,0.003545826046747358,-0.0008619220467176447,0.0026392250771394288,0.00782712093705662,-0.000700272733189955
2026-04-29 15:30:00,-0.006933216133443665,-0.00537497372012119,0.0036572524720854815,-0.005549128195920794,-0.010014381199680678,-0.003974899935895948,-0.003064551505098656,0.012539062907515053,-0.0015725626558982242,0.0034923778049487098,0.010923142413223452,-0.0004068064266773419
2026-04-29 16:30:00,0.004417619742671519,-0.0011118961791405368,0.0013888247519009411,0.0027213331943123364,0.0029805096133550535,0.002313778293443036,0.0018658177636829976,-0.0003561363892803371,0.00022536825470087507,-0.00294138067593952,0.0010201770408571065,0.0002332179795487832
2026-04-29 17:30:00,-0.004794442850699632,-0.0066685675905082675,-0.0017039748189935366,0.0011690751159054713,0.005137705083306798,-2.2296778403152473e-05,-0.0008107801738486131,-0.0017511106896304085,-0.000972430324328144,-0.003262297404000414,0.0017917632117354643,-0.0004664013846902293
2026-04-29 18:30:00,0.006748535702716829,0.006133659856987883,0.0019999582826688567,0.0031226929563112904,-0.00319366222418882,0.004084652523948407,0.0042735344221158655,0.0003417207011340295,0.0023238318646203737,0.0022763267119580988,0.005402691584228236,0.00011655401571086799
2026-04-29 19:30:00,-0.003026544467038761,-0.00011940947871824648,-0.00033302991292494255,-0.0009181460561773491,0.0026620350292505535,-0.005196208066126751,-0.0009697092170029009,0.002962321392610434,0.0009983085880440612,0.0007225358806932647,0.0019932750318494286,-0.0007582001836272667
2026-04-30 13:30:00,-0.006175096966716254,-0.04238096824586002,0.006378826918189695,-0.055542941365092524,-0.016272974002081497,-0.10640441584602112,0.012149408291671548,-0.003043361873265482,0.0006040962366213876,0.016417311190267903,-0.025333084161273334,0.001049703685935377
2026-04-30 14:30:00,0.02126985962329009,0.0035129690808917147,-0.0014684901492003632,0.003479546019250712,-0.003247871901922217,0.0068668801694364845,-0.0008468991227896794,0.005690683271568631,0.003393041737096425,-2.351627328067707e-05,-0.006704727205311123,0.0005827522055250611
2026-04-30 15:30:00,-0.0020895558784532753,-0.005883526255081151,0.005655781292091433,-0.005261280127547785,0.0035760248736211864,0.003900629425249491,0.0033038475492892516,0.001739550517968702,0.0010492373115615905,-0.0032807204648186428,0.002737185104630946,-0.0006410105298000346
2026-04-30 16:30:00,0.002235089791639666,0.0016973512239131239,-0.0010075897704835413,0.00021196066317763496,0.0030627844885291466,-0.0020802102483479246,-0.002201351764826498,-0.006846770187522999,0.0008805161850409249,0.002266909525589611,-0.001298831938479239,-0.0007581123047284422
2026-04-30 17:30:00,0.006910635783847319,0.0014703778381468524,0.0029832555113591397,0.012723583159718999,0.00945770130555168,0.013934386913565966,0.001946317214141402,-0.00019445004426010826,0.0028876657563490227,0.0004596161185208558,0.005595843073504803,0.0011660271386224608
2026-04-30 18:30:00,0.0073193851489747885,0.00022417324810319883,0.0032475867795955793,0.005365294601452852,0.012121755678104584,0.0016380975087875171,0.00047801489836629685,0.0029775846986641596,0.0017258045123735855,-0.000624772523595496,-0.003134972270473213,-0.0009326595200169763
2026-04-30 19:30:00,-0.006322886177171583,-0.006444426076303245,-0.011468496214190438,-0.0013723414444735127,-0.0021484180623865257,-0.009247253450294757,-0.0018815765027113684,-0.0021351748942155524,-0.0010156180152316452,-0.00037757194326371035,0.004223981769817975,-0.0014299871046654644
2026-05-01 13:30:00,0.017060676767072458,-0.001153352315415468,0.0502351402305008,0.011011334820370422,0.023750702391768463,-0.0001390707907011901,0.006458834032313732,-0.008553887272863214,0.008136154514585492,0.006469621296032457,-0.04441467700366353,0.003527404534196421
2026-05-01 14:30:00,0.011681202458238005,-0.0018582753003162367,-0.004883229538958922,0.005550926128662148,-0.007170855680603161,0.0050754660148149,-0.003414928233361536,0.0009794917778132017,-0.0013385541155308545,-0.0017838097251745566,0.014113919091347071,-0.002855927805007319
2026-05-01 15:30:00,0.007156228900047523,-0.0013833215350000927,1.751830057905579e-05,-0.0006393517722660391,-0.001711489629322216,-0.0036901143507419576,-0.005392834612568009,-0.005661323589088774,-0.0015911716615253368,0.00028514757655440093,0.004440733177390577,-0.00011676554120576554
2026-05-01 16:30:00,-0.0006450145486978087,0.005997470002000682,-0.004040442170596847,0.0003740295407634875,0.0014302397885241902,0.005624022014886876,0.0037843976131624046,0.0007217177736151825,0.0011624860464776177,-0.0012722511162932548,-0.00907657844805243,-0.00040865313548454907
2026-05-01 17:30:00,0.00293078444539141,-0.0036087536429780798,-0.005602406499214396,0.002666729130206491,0.0008344570413010288,-0.0061346377467623725,-0.001291790197519127,0.003927517562432925,-0.0011071270856497506,-0.0017180977854813761,0.002531939864900856,0.0005837518070617165
2026-05-01 18:30:00,-0.005007752161680479,0.002932969878443714,-0.003134361169434108,0.0015465403440781955,-0.002822450473669136,-0.0009401348418558442,0.0030752223854895178,0.002414246093839445,0.0003322583976723692,0.000164891886931251,0.0018242464039746054,-0.0002918778485661022
2026-05-01 19:30:00,-0.00952798140204969,-0.006505344939700564,-0.0007133655501521119,-0.004140895190978711,-0.0018988064429432683,-0.00414752689818787,-0.005807870786989078,-0.004245241423448398,-0.002425352402537939,-0.003066444954797909,0.0016108966893177978,-0.0005255414320304297
2026-05-04 13:30:00,-0.004335402890828455,-0.005280514417774995,-0.014005863914912098,0.012871844500532248,0.013436951068829472,-0.005196219006268876,-0.008840085456474078,0.002777754216060302,0.0007906282146974419,-0.008588620022449867,0.002725650023352344,-0.003745319218535492
2026-05-04 14:30:00,-0.0005400112049551709,-0.008236503670408624,0.0021023416604508682,-0.009524135723237848,0.005957144605441833,0.004418570585614567,-0.006966165954035652,9.789286853312262e-05,-0.003889741244652356,-0.0071979248441085275,0.02848489410772359,-0.00264183645394489
2026-05-04 15:30:00,-0.0034141252689963153,0.002367516050941987,-0.0026947437155460108,-0.0004518855214632467,-0.012930301521080878,0.004736942373775754,-0.0014479437452452615,0.0011088164374992715,-0.0020063575238458142,-0.005149228453966259,0.0022360129457315026,-0.002472032837289362
2026-05-04 16:30:00,0.014948284455781113,0.005488943539831759,0.0034350446831181713,-0.002739018007113181,0.0059431057727641345,0.0010630260608950337,0.003786218469319813,0.0002607779013557021,0.002187295558074176,0.002192860044163858,-0.003933287551951992,0.0015722108160467485
2026-05-04 17:30:00,-0.0021606089989294475,0.00470252265289961,-0.0009751342656754147,0.000253192247723355,-0.0017867764779300188,0.0005653887592176332,-0.0012334218426612864,0.0019857270271899097,-0.0011278712201541197,-0.002747885793615623,0.011081939301505805,-0.0009831284024937048
2026-05-04 18:30:00,0.001690089789152971,0.002066186978188611,0.0011140311481812049,-0.0036479577494228366,0.0018971858525285157,0.00039854208690304205,0.00021109315411127483,-0.0029638456939169444,-2.7892067225643302e-05,0.0023867723244244132,-0.008740446648766387,0.0007065668651602408
2026-05-04 19:30:00,-0.0012982188664185657,-0.0004028289665214402,-0.0008611190749014952,0.0013060615830902123,0.0012136992457856266,-0.0030419281686864252,-0.0008608062616657364,0.0031589470236754735,0.0004596946618518061,-0.0012770287082277676,0.000711509878007277,0.00017654129078170655
2026-05-05 13:30:00,0.0047900864472376625,-0.00017630312378091872,0.015590897363501277,-0.007545705176536188,0.014125189232511381,-0.009942105426197223,0.005994268530621127,0.002257269508882054,0.007243150326817549,0.014718979571926916,-0.030050015670153307,0.0035243860039395614
2026-05-05 14:30:00,-0.001166810015095443,-0.007558004053248801,-0.003455592809594954,0.0017033261075320993,-0.0009427817427312135,0.00014891671196615164,0.002000987027765966,0.0019931468953693354,0.0002626574340762744,-0.0011886085069017227,-6.977211524539229e-05,0.0004689989168751296
2026-05-05 15:30:00,-0.011197736890489196,0.004783788942496869,0.004202109691150646,-0.0037024182171059294,-0.0061861564118661505,-0.005032629636273711,-0.002598799556694509,0.004006793421395649,0.00013826188467902512,-0.004219037245858814,0.0005583600611025474,0.0005274168592466211
2026-05-05 16:30:00,0.006325458818480456,-0.0009601902734779344,0.005015859276233492,0.0008903015859198504,-0.0010225652319357792,0.0008723980992595415,0.0016149092402963916,-0.0034888816187015337,0.00037993192464913506,-0.00028645312070540996,-0.002585046120813672,0.00035139719620946863
2026-05-05 17:30:00,-0.0007271568717674981,-0.001442016311550276,0.00506147244915045,-0.00035356922769569366,0.0014969923394865248,0.0012033939629949586,-0.0010170967113678486,0.00268236493629459,0.0008561518077661034,0.0008595504445825242,0.0029337697808617946,0.0001756523039544433
2026-05-05 18:30:00,0.0008164285870249088,-0.006043554357718861,-0.00014108324901407343,0.006321455731613135,-0.0009125253980970527,0.004947867606650114,0.00250058420781496,0.0011289609881615092,0.0003381120257817116,-0.0012182975902224058,0.0034814129091271795,0.0006438243656310405
2026-05-05 19:30:00,-0.007089205242020391,0.0009674013258580416,-0.00014067358832559052,-0.003228709027225385,-0.001242358986722536,-0.0011809078615048207,-0.002759013900329954,-0.0014194544799339681,-0.0013531345631978553,-0.000717296649981769,0.002152388067418798,-0.0002926122918305296
2026-05-06 13:30:00,0.010653166869828645,0.03721241949098708,0.006803603181796625,0.011498807867096339,0.0021002142375845523,0.01545636467747702,0.015534514697545632,-0.038133996932791625,0.008639759409078351,0.03291556170005183,-0.07018248263011895,0.00618819183365904
2026-05-06 14:30:00,-0.0015487141106946822,0.011698934976749342,-0.004799852171347929,-0.006308868809604462,-0.0013327155856401873,-0.0028029771206821152,0.0034777158718961587,-0.00818318175748356,0.0027905166985000562,-0.0022557263977853736,-0.005393717469045711,0.00179806491157386
2026-05-06 15:30:00,0.010781283967910227,-0.005248099580716925,0.0053240739816384774,0.0019044912250638646,0.006845120208727629,-0.00033442282563633796,0.00012683810661329176,0.0020046332012197965,-0.00039619085242303953,-0.0015472280741697375,-0.00190852670986974,-0.0004064697959718089
2026-05-06 16:30:00,0.0035939886648703734,-0.0009747870670429037,0.0016578703087306579,-0.0018077189923157988,0.0030072560304610363,0.0013075674480491628,-0.0023645800901164193,-0.0006867265389267629,-0.0001230337282880356,-0.001115837619785509,0.002843123703311079,0.0005806332272646486
2026-05-06 17:30:00,0.0056912349222422165,0.00946452846422563,0.001550778182970447,0.0009790797838657994,-0.00043430900415053486,0.00131708939045172,0.0011908827943178935,-0.0032809689892863148,0.0018638183307730927,0.001255220955804326,-0.0009720355736293484,-0.001161692468301112
2026-05-06 18:30:00,-0.00028688925449316116,0.0028940346535550887,0.0020176619617693348,-0.0014024813064263952,-0.00023528806271322367,-0.002575836288187361,0.001427518692408647,0.0019293184413280429,0.0011111865361410622,0.0021000947715092977,-0.0004489155431439684,0.0007552934727250715
2026-05-06 19:30:00,-0.005605111149991515,0.00021670982760291224,-0.0007996349499137523,0.001172903015220328,-0.004808114991291745,-0.00011428368181487514,-0.002062421539838155,0.004689168131895016,-0.000122600137808071,-0.001287435900277245,0.0023920427547112766,-0.00017423423168860808
2026-05-07 13:30:00,0.03112747319828557,0.025976159008490818,0.010173106563831524,0.025024987845998048,-0.005709046623088909,0.01349137955190205,-0.019918840813050842,-0.027778561587518347,0.0010623955693436216,0.013532938870906897,-0.042864755513547514,0.0005226116488019628
2026-05-07 14:30:00,-0.00568353315338932,-0.0055236550698509745,-0.0009296069422513042,0.0007186486608619091,-0.00010975296939985668,0.0006602113997242753,0.006876790659592125,0.005073966883465175,0.0004883780211004662,-0.0036246445514693804,0.0140835881809096,-0.0018024706319597072
2026-05-07 15:30:00,-0.004069040899089771,0.00760936873543816,-0.0027263174914562427,0.0007888113651794981,-0.002674524380444687,-0.0023609008666616305,-0.0035616133748375134,0.0008603630901449222,-0.0021029099711711297,-0.004179992767626928,0.017518941736223148,-0.0013956891321571518
2026-05-07 16:30:00,-0.0034569515092162106,-0.007401770076741698,-0.002231121237698197,-0.008688949434096926,-0.00413569332990793,-0.007847639851465082,-0.005877853316909487,0.00876777129247941,-0.003743186021651468,-0.00456141941795174,0.027480616280027625,-0.0019821398684038982
2026-05-07 17:30:00,0.0003696251775853199,0.0037124302294220257,-0.0017157564205394493,0.004691638920776953,0.004264098839834141,0.0027931760917487836,-0.0014627172938901367,-0.004168812401853295,0.000909735631962505,0.0030486412380996697,-0.02160844124503214,0.0005834321464082137
2026-05-07 18:30:00,-0.001257358707548839,-0.0035709365641940494,-0.005321655085341881,-0.004007416110362705,-0.0023502916573114874,-0.0014119664301928125,-0.0008785988468682504,0.003077009777005202,-0.0010808366675414405,-0.0017118312602208974,0.017965507647792478,-0.0012255652653205829
2026-05-07 19:30:00,0.015749893235120993,-0.0024555156159360436,0.002542663452372196,-0.0012047831996540026,-0.0026876697200250987,0.0018657571638671655,-0.0025426188631616498,0.00017062718657445686,0.0014500058083601886,-0.0004863108471599986,-0.004174196997861479,0.00023351017164952026
2026-05-08 13:30:00,0.03166901539373779,0.01771367256670775,0.021729708549066196,-0.012332566632377251,0.004304137455084955,-0.006684059646276275,-0.003727857093497988,-0.004824080785843066,0.007137231374350073,0.0035839977576301862,-0.004749653815380839,0.006575362848059818
2026-05-08 14:30:00,0.008557811527055925,0.0044954368286385105,-0.0031876663845658015,0.0026178984761351387,0.0017603630391453962,-0.006466077240359525,-0.011499460450523635,-0.006744662583964001,0.00014926322639130518,-0.0012702531535726536,0.00022324399032136455,-0.0010444652134378174
2026-05-08 15:30:00,-0.00040384746421473494,-0.0017123462354238228,-0.00017081298109733467,-0.002641897148943251,0.0002202748591884074,-0.0013147887319249207,0.0010929785285727078,0.0015869986756973375,0.0008681343754171067,0.001201009488434046,0.00021411758927314395,-0.00034848625694916535
2026-05-08 16:30:00,-0.003600173527368966,-0.0009963567687858443,-0.0022223922877477875,0.003313260456881295,-0.0022740717878182437,0.002980265192021214,-0.0009932640900114365,-0.005738903026671238,0.00018981948670759863,0.0006230204452855048,-0.001777191173266246,3.837222199010171e-05
2026-05-08 17:30:00,0.003880150006047245,-0.0014476519818122924,0.0019593937284501095,-0.0027843223624053337,0.0006053720567971155,0.002358206060381285,0.00038066399279745866,0.004290036325389934,5.419206438350699e-05,0.0011758287245431376,0.0,-9.642076042126746e-05
2026-05-08 18:30:00,-0.007751880400697964,-0.0023848685013607707,0.0024123431726312816,-0.0029126646411921087,0.0021260902679038907,-0.0018254668212325242,0.0003477789658701269,-0.0019006461515411743,-0.0014785515474242672,-0.0005301197198033236,0.0002978572088210285,-0.0006972001721150534
2026-05-08 19:30:00,0.006981756386776894,0.0016741881770432343,-0.0005113050806588859,0.0007711206236447055,-0.001484151110511256,-0.0009836633634678904,0.0005627999683639473,-0.0010728231133985133,0.0012074790967702143,9.223021639392925e-05,-0.005301027592754082,0.0004067296206349269
2026-05-11 13:30:00,-0.024664298447563127,0.01274311743443679,-0.00421983396718506,-0.010849881033417219,-0.002643954395975534,-0.011581835490744652,0.0019340963581564452,0.01912082570324891,0.0012701621730712986,-9.223021639392925e-05,0.02772268241185394,-0.003375443178255999
2026-05-11 14:30:00,0.04154101558467094,0.018252370530690065,0.004526336313817936,0.002942051670819623,0.0021854364888405087,-0.0003697512710161277,-0.01000851406486003,0.006517222927498345,0.002168726160012291,0.0018196049315637453,0.0034526617544177185,-5.826511831408254e-05
2026-05-11 15:30:00,0.009845608713660248,1.7115597682249017e-05,-0.0032602269044357257,-0.0023578353164568355,-0.0010462210716628562,0.0005108285272514834,-0.0006340918578278121,0.00016879544817527403,0.00035712273251320426,-0.0019348518936883607,0.012260336734005506,-0.0005329942702498869
2026-05-11 16:30:00,0.0002841022018511552,-0.005528145788395555,-0.0016257453062165084,-0.004414581472306445,-0.0051921525096512156,-0.0023172803304341016,0.0037652441717161977,0.004578620789209786,-0.0007094229675521646,-0.0011996241128997553,-0.001865365097924787,-0.001160222079147566
2026-05-11 17:30:00,0.015469016406097325,0.0030027332444388932,-0.0006853488807907482,0.005557733564638845,-0.0027912151821469777,-0.001264722806637586,0.0009640441131049116,0.0016780780362131154,0.0007161832392492684,0.0019947547902541274,-0.004282054173027738,0.0004682405430767034
2026-05-11 18:30:00,-0.003474299722348917,-0.010390725633128817,0.0014043869243876017,0.0004836331511794967,-0.0007222292988355861,-0.0017499072065110255,-0.002128770673955671,0.001038987805630498,-0.002502028718431859,-0.0006221948642526343,0.0001802433686481919,-0.001401901437231956
2026-05-11 19:30:00,-0.000730048727015209,0.0015503005324513097,0.0020174615876928925,0.00267144991369328,-0.003414415780164326,-0.0010848658422970558,-0.0012993625963853006,0.0028099181327316813,0.0009609891467432519,0.0020380081133923866,0.0020890232794092967,0.0001169225087371828
2026-05-12 13:30:00,-0.022358969934733075,-0.002554734812804327,0.004090552020446836,-0.008932603146516449,-0.01564268968139526,0.00527959116591159,-0.0059689813767001,0.0044663169966003835,-0.005806910343800986,-0.010778417659500938,0.03534686173471169,-0.005744174887094111
2026-05-12 14:30:00,-0.019724962974557947,-0.01593104928501532,0.0014621011842308462,-0.0016642152101464802,-0.001114656930079505,-0.00021597109356452648,0.0060023533795057205,0.002325135351981089,-0.0035440395907908595,-0.0060411785414933306,0.0011800922447244844,0.0004584120300448191
2026-05-12 15:30:00,-0.0020410210067636214,0.009446552592784485,-0.001393788308742927,0.0028612651655492982,-0.00457713591517539,-0.0030784456555821293,0.008696845070280013,0.005162489446908225,0.0005733320442304901,0.002733582136086987,-0.0025007001962098485,-0.0001057963299704312
2026-05-12 16:30:00,0.0023224191504844782,0.0009879779533052968,-0.00020412193480456864,-0.0015029364976122395,0.0032909759131536376,-0.002085367397907767,0.007605592714859277,-0.0023793839463843725,0.0021948020031041793,0.0024002872438142475,-0.0032393231684446633,-0.0006112377251588086
2026-05-12 17:30:00,0.006829547436995931,0.005679256222195228,0.002548637911911733,-0.001309302044452565,0.0009458770192276589,0.0027268018250463655,0.003029347385465897,-6.613841763414285e-05,0.0024957215688719003,0.0014420505677703588,0.006918724632991591,-0.0005057755528730112
2026-05-12 18:30:00,0.008123118873927027,0.008051120402118528,0.0005113092859465596,0.0014682642796142176,0.0028700211257755015,0.0033493487939617594,-0.0010306070819954272,-0.0005295679690604516,0.001215015129603536,0.0038508065935962676,-0.001109364787205358,-0.0007062342184971371
2026-05-12 19:30:00,0.0004846530505151492,0.0006340552411288058,0.00023506483203483697,-0.0029141390494444863,0.002636185094140764,0.0011457040469782243,-0.0016380557194271006,-0.002452817791069428,0.0015183494795758534,0.002474321247793121,0.0014211322017265715,0.0005297448624297374
2026-05-13 13:30:00,0.020743088163414747,0.016034150722340712,0.0009491163198864783,-0.011642956175753838,-0.0015244577758259936,0.005324566528707386,-0.01051445127884243,0.004107455627981871,0.0001422013045395687,-0.006697082335275439,0.0033196958615508976,-0.0026512650249825853
2026-05-13 14:30:00,0.01812704887304406,0.00785537928900304,0.006046425406403877,0.0006200935168285682,0.006064856232280036,0.00023028344088071862,-0.0007955126387493294,-0.00583475139878864,0.0013332280049578316,0.0016146536377874554,-0.006268190419057795,-0.0008935482309935239
2026-05-13 15:30:00,0.0013084136343470831,0.004938913316323124,0.00490504827380267,0.00584711433030094,0.008945247382087018,0.009942931532256338,0.0008286789741935863,0.00019944008732686314,0.0032882851678870395,0.0032445974314203596,-0.01300782577308901,0.0017191137598695505
2026-05-13 16:30:00,-0.006358579666201791,-0.0016729989102195475,0.005763899853881149,-0.003854776778778657,9.273743067694795e-05,0.004820656500172049,-0.00038107467158088326,0.005073943811983561,0.0012059455953759013,-0.0017484760771822039,0.00372435716772479,-0.0001886277614833176
2026-05-13 17:30:00,-0.0025904993442722457,4.410462666992743e-05,-0.0013670436398509622,0.003102641617285684,0.0027602909022732547,0.0038430634364443605,-0.0035363085699104957,-0.0014906051677856524,0.0012246869811010086,-0.0014381036163078065,-0.006647635142699393,-0.0007548670517287803
2026-05-13 18:30:00,-0.005943167436664787,-0.0007929699296811421,-0.0018869114683859323,-0.0018519666721585892,-0.0004995484910708115,-0.002049445475631906,0.0025911873119781603,0.002844151024127939,-5.385141018088291e-05,-0.0009869723439015488,0.0009864239929164853,0.0007666517068578571
2026-05-13 19:30:00,0.0014271389265729795,-0.004021259240294839,-0.0009029280556696051,0.0012843676440468244,-0.0002037085009591877,-4.0485367094333924e-05,-0.003622879066011997,0.0012541831244332613,-0.0015951027207368185,0.00019745823459071943,0.0018671467518602824,-0.00011785280126819231
2026-05-14 13:30:00,-0.00652440177394098,0.031207604491512164,-0.0031668376637039586,0.009188261615113547,-0.00870183780650624,0.008655382377153131,0.008025721850706269,0.007492144794468025,0.004911808863734102,0.0003251361877536496,0.0010553992116157929,0.004553219692140509
2026-05-14 14:30:00,0.009899533288609597,0.00858848845692961,0.0037856155186251073,0.006157970349099706,-0.00018672018302190452,0.0001206008238332501,-0.0029358033011464,-0.005120129329565515,0.0034132202892669383,-0.0009525288430465295,-0.006702760501668514,0.0010325477206274414
2026-05-14 15:30:00,0.004979879857153868,-0.0012767517702201303,-0.0025280500637823167,-0.008936596914544737,0.0010827881568378217,-0.0018424896966111604,-0.0005882772803227354,0.0017753515797380715,-0.0006822512335764586,-0.002024422494004696,0.00028318619432976533,0.0
2026-05-14 16:30:00,-0.009220216506694356,-0.00262377132630931,0.0002349591504611226,0.0033175367993436566,0.002831941251419501,-0.0028063923952172942,-0.005101157222292763,0.0011824532074475869,-0.001458317983330737,0.00016304851575288382,0.005716098610492715,-0.0007343555420664671
2026-05-14 17:30:00,-0.00256620392010376,0.005858733173115915,-3.354760159446357e-05,0.00022027111188638315,-0.003541209939270651,-0.0051493799825834685,0.003110362418169643,0.002555780630629556,0.0008699063451214073,-0.001069468700481302,-0.002042710378374224,-0.000272309513634994
2026-05-14 18:30:00,-0.0008568897671059617,0.0005489049212856756,0.002360108155404106,-0.000488943719741286,0.001156944838299978,0.0019786416573150944,-0.0013460812244261433,-0.001474333948586981,0.0007020709175939999,-0.002056035561147418,0.004081256595788396,-0.0016941745069996017
2026-05-14 19:30:00,-0.00022563027074795627,0.00048789280999628204,-0.003047365664437862,0.0012218368132348445,-0.0031755181025765467,0.0020232928533232553,-0.00218084023500964,0.001375460081898261,-6.690281729504477e-06,-0.001964261082149754,0.003994870463141176,-0.0013531152504535626
2026-05-15 13:30:00,-0.038210511783123735,-0.03954229685907418,0.003765978349625776,0.02174156217192369,-0.016239637217891456,-0.00976570280503175,-0.005029465340464334,0.01187496480275474,-0.00933389187877065,-0.02119583381226775,0.02138265289762309,-0.012380552696637181
2026-05-15 14:30:00,-0.0017840019597050727,0.005105998172413528,0.008913030189300564,0.011641283984444861,0.00256374107489421,0.004106412303649165,-0.0024443102759201807,0.008278030234811773,0.00012138269896411202,-0.0018427035576120687,0.003076168542907709,-0.0008348204767898437
2026-05-15 15:30:00,-0.0027161919387515,0.0023461739210741683,-0.0005283895256367188,0.006286768957822986,-0.003267548572316592,0.0007396637541203788,-0.0010958387171529083,0.00201801200054863,0.0001214503011830459,-0.0016541073653124627,0.005512768242542876,-0.0003102667736465392
2026-05-15 16:30:00,0.008932078992768488,0.003760298132268858,0.004331078380059417,-0.0001878335447864643,0.0021289452247321705,0.004402041651674793,0.002669153079636999,0.00041606223484702554,0.0016347257450286534,0.0038673222389737916,-0.0005424704439507266,-0.0005252512107061236
2026-05-15 17:30:00,-0.00642726515291514,0.003005154368851848,-0.006138425882356913,-0.00012911124764602988,0.00159368193750975,0.0015357831290474522,-0.0019465255145849625,0.001981828817836373,-0.0010952530224814794,0.00027478564085381407,0.0050131548071519205,-0.0010154904396300068
2026-05-15 18:30:00,-0.006279753177131475,-0.012277791748573463,-0.0033302445490157595,-0.0046836182047291786,-0.0015557848591321033,-0.004346650032232446,0.0006379928153457115,0.004301786659783424,-0.0020920180563113178,-0.0018055735516115945,6.083532888823129e-05,-5.982587025599173e-05
2026-05-15 19:30:00,-0.0021770114803345564,-0.008026144311648942,-0.0001445368724004581,-0.004432579113820445,0.0033362616511247722,-0.0031279659470859755,1.6802662361925513e-05,0.004314954925050962,-0.001460150149662276,-0.0011136504444619888,0.0014247563154166087,0.0004183412992864177
2026-05-18 13:30:00,-0.019737246500953987,-0.01073538702294119,-0.006868490089575907,-0.0003436746505283139,0.01411215215695183,-0.004861732274936692,0.010137632410652131,-0.0023455278979849226,0.000568089540771588,0.0034924719226134826,0.000953682759606167,-0.001072372956875789
2026-05-18 14:30:00,-0.013475936794633547,-0.00515182880589915,-0.009045863366655027,-0.01016055710976893,-0.007736086006230103,-0.006168015671960347,-0.00466354579629602,0.012425662053417774,-0.005260607738471812,-0.005951686317032134,0.016438100781541287,-0.0006617653308058635
2026-05-18 15:30:00,0.0026169561232096683,-0.005745402599838911,-0.0007787347643564146,0.0006941740176218403,-0.005373523344103681,0.0005757266423449536,0.0002670313632027188,0.009824315143754703,-0.0010744712119254984,0.0005403637278389439,0.003244004568298209,0.00017952054184178223
2026-05-18 16:30:00,0.001533461034910033,0.004842807748978828,0.003112131413999464,0.012105783736892306,0.0025863339598348745,0.008172921473776462,0.004230373035224666,-0.00345086026112007,0.0034370166188919526,0.0037144626849618945,-0.006897906963957645,0.0005982299909881306
2026-05-18 17:30:00,-0.007289980170812171,-0.007068437133274763,-0.00030494376528178435,0.0019365572397305186,-0.005710643084118061,-0.004331958799355995,-0.006502773083964186,0.0036060833453674945,-0.0036003263814903264,-0.0025627397772076677,0.017745130163925538,-0.0025328314348920244
2026-05-18 18:30:00,0.003506821562540452,0.0012042554583420184,0.0033627350241811627,-0.003261274259894087,0.0015918044245060159,0.00220100106713339,0.00377341671796394,-0.006100684945113066,0.0011018651744008068,0.0020124018224523255,-0.019943897302675317,0.0019346014439038939
2026-05-18 19:30:00,0.003860484403953812,0.009784653417412414,0.002765461480394471,0.002860129905637443,0.0032136970518585883,-0.0006785815082901436,0.0024799910390278512,0.0020584596466903804,0.0041245825217357535,0.0014588972110685106,-0.003943171945588908,-0.00017952054184178223
2026-05-19 13:30:00,-0.03535566946660751,-0.017123553301849448,-0.0033287643199830796,0.003252046846201395,-0.029981917053080842,-0.0041222901337425455,-0.0024549694400981537,0.007820844039990504,-0.008348244557625506,-0.015024818239404603,0.011088057015353314,-0.008836589365532888
2026-05-19 14:30:00,0.004247890350682404,0.008836525911301685,0.0005387510118861627,-0.009455730831898101,-0.004854668142757035,-0.007476934234365906,-0.007082448026548782,-0.005953178323171215,-0.00025945099132584915,0.001938894890334275,0.003932792467607804,0.0019303138251913765
2026-05-19 15:30:00,-0.0016851792919290176,0.00628363983985647,0.0011942253975361083,-0.007928198382386675,0.0015231080827220467,-0.0032820753754929655,0.002715153014538174,0.006787469146369851,0.003081721936536219,0.002127020865711593,0.0023720154649025105,0.001565572110663993
2026-05-19 16:30:00,0.015600083813657406,0.006468309767972968,0.002768372502248262,0.002570248336988712,0.008355660970725154,0.0024790682643756057,-0.0013399808245520006,-0.0007107111403712452,0.0033843607557404454,-0.00020389927004238473,0.001282542298733702,0.0001804817858754859
2026-05-19 17:30:00,0.004221050898395973,-0.003116662269362358,-0.0012060838041767497,0.0008830959743244549,0.003284107728921626,-0.0021802706716824716,-0.00161018678369107,0.004625783222478752,-0.0014936596844004058,-0.0026255681201101666,0.00455755704071148,-0.001746053896539479
2026-05-19 18:30:00,-0.0017184546320594407,-0.003392218320453111,0.0016435183008356447,-0.0022211706417882837,-0.0002121528756617863,-1.6614408948179005e-05,-0.004407879161316686,-0.0004924098961458512,-0.0015095169400023423,-0.001964559812511979,0.0005886538491211013,0.00048199681278227047
2026-05-19 19:30:00,0.00017323185745432568,-0.005721673582701037,0.002008859948286812,-0.0016033060084756912,0.0009063386594805323,0.00046469409522131855,-0.002261993245475047,0.0011690661140226766,-0.0013346974601295969,-0.0009229917118291908,0.00039234321725878374,-0.00012050040496180969
2026-05-20 13:30:00,0.009480859619326765,0.016675221343426472,0.0018044383420470211,-0.009077143954905331,0.01043034639848095,-0.0015773731495354326,0.011175407050675545,-0.010136053628520436,0.005571927659682174,0.005307629713988682,-0.03973595639750993,0.003848004933477256
2026-05-20 14:30:00,0.010677831224534806,0.004026343211092076,-0.0012025970446716272,0.0063072446837590945,0.007524758767666562,0.006253296143302833,0.0038362587665679015,-0.013728998148677007,0.0019022244169715208,0.005015121035468084,-0.006961564395519204,0.006340857341420758
2026-05-20 15:30:00,-0.0012374824235363846,-0.004382132183686771,0.0028205978949777943,0.0048392918038278054,-0.002729760702132822,-0.0024552021420296555,0.005031467226966235,-0.0005039644169189117,-0.000493822317739756,-0.0006977313662046569,-0.0026058828682575808,-0.0005367948507757347
2026-05-20 16:30:00,0.004892327364843574,0.002938230460747704,0.0034771659025194523,0.0021903723118041896,-7.554370908113839e-05,0.0019431649472041457,0.00029819597721125746,-0.0003466650020431672,0.001656479354482876,0.001370918644183483,-0.020534933730852245,0.00029828527152009343
2026-05-20 17:30:00,-0.00256428418112975,-0.0028940730943647353,0.0013941894158762125,0.0026375897744150834,0.0018015290428907704,-0.00017356136105739495,-0.0015080650947698615,-0.004872833057940618,-0.00010135175123515694,0.0006727344017205539,0.007750086773121723,0.0001192164007504104
2026-05-20 18:30:00,0.0017667045969229633,-0.006217170249416704,0.002385453923596792,2.373440202685373e-05,0.001420226090229626,-0.0027799738916618466,0.0033278613844300864,0.0025695822428426496,0.0009993791393947404,0.0022790910036878387,0.0002782235349849671,0.000536661795552007
2026-05-20 19:30:00,0.00890666353395897,0.0024870011485429444,0.0002481978155373099,0.0014260058299848666,0.0029476204121454685,0.002614755024703541,-0.0017535987362276018,-0.012651993305433429,0.0005802596175907837,0.00019173118031101666,0.0028466493722296704,0.000178792971493813
2026-05-21 13:30:00,-0.007070963574217437,-0.020185793381446437,-0.0010397523592846625,-0.008922004393796534,-0.005107189753985608,-0.013577986556175148,0.0021501981536271586,0.004436908605664591,-0.0037100712709641215,-0.009025223307726371,0.021062126213696075,-0.0037017797593499324
2026-05-21 14:30:00,0.007538195285331284,-0.0005253491537056121,0.0035508780566253506,0.00349238829889309,0.003936747130192764,0.00857421571112571,-0.003940084446475645,-0.0018490141559475148,0.0003993527613310732,-0.0008223198169803325,0.01207878169066845,-0.00029905054414314236
2026-05-21 15:30:00,-0.0015462081646964165,0.0031022992353753054,0.002017597054475573,-0.0038039600771648807,0.0014722218048968116,-0.0014793237539763027,-0.001194972263567351,-0.0015966792782036165,0.0,0.0029475768954316806,-0.013369515466161275,0.0024501067359539164
2026-05-21 16:30:00,0.010571990162068445,0.007193414668007492,0.0031370170301316946,0.0005674122486940547,0.008339647305948716,0.009700753443273591,0.003911669316648769,-0.012671840145399571,0.004524180164869662,0.0055093378555231,-0.02067242970804095,0.003039483678492161
2026-05-21 17:30:00,-0.0018771519523852476,-0.0038964626587345563,9.517785893731201e-05,0.003665092493871036,0.005428421880214529,0.0016049050393256437,0.005444190343884436,-0.0055826216776795334,0.0016021685166389688,0.0014624998120842392,-0.0213937216190212,0.0016647769778233013
2026-05-21 18:30:00,-0.0053895135301953445,0.0003177889892640451,0.0019900464246118688,-2.2653918169801557e-05,-0.0018494666249697644,-0.0018685831942129028,-0.0036261985893348836,0.009330134260369327,-0.0008883248064179838,-0.0018944373280325166,0.011770218300826585,-0.0006536955178795267
2026-05-21 19:30:00,-0.0010764295517562417,-0.0037741982713814792,-0.00044832553964813115,0.00021479095456555797,0.0004532214425951864,0.0013010221249931675,0.0005282741393015655,0.0014178079535520638,9.425866532364324e-05,0.0008397560566271167,-0.0009814188530530288,0.001425718950708088
2026-05-22 13:30:00,0.016323039848513687,-0.014547204454274265,0.011568793575529313,-0.005599833428124867,0.00037243177687340534,0.0015622248552071838,0.0059894454677671405,-0.0012565340011549964,0.003950453172550716,-0.009760377575971368,0.002031833168675945,0.00023737705082904625
2026-05-22 14:30:00,0.009410728704574822,0.008400785659598675,0.00763340830186543,0.006422808011755876,0.002046466257709767,0.002918872408345763,0.003766791089994115,-0.004426798938163223,0.0029325763106777814,0.004687176492286227,-0.0011905886034933033,0.0003560052196167618
2026-05-22 15:30:00,-0.0025459431344785344,-0.004847708722460098,-0.00349476193538667,0.0005362978149792141,-0.002978033441123351,-0.0028202927426841384,0.00037520189233930523,-0.0029187435126694083,-0.0006687800320621662,0.0010121304310866108,-0.005569057602968108,0.0011265747406064008
2026-05-22 16:30:00,0.005202234963272545,0.005237294827296068,-0.00019331373831033005,-0.0019081043197575198,0.004129606035031763,0.0021991176134470436,0.004254989372682871,-0.003579005402546187,0.0018113324818749277,0.0004812957623716585,-0.01991045403496816,0.001657876987633422
2026-05-22 17:30:00,-0.004313833325638505,-0.010108688981603109,-0.0017769269013552247,2.368160583809953e-05,-0.004987342101605563,0.0010896519752439104,-0.001253460568289455,0.007501123510462726,-0.0019050071892134923,-0.002458057309764783,0.018164854717851675,0.00023666692923018928
2026-05-22 18:30:00,-0.004813737707348054,-0.0032917246424561952,-0.0019740312940124127,-0.0012424015700815971,-0.004506302641131832,-0.0030341921950611805,-0.0012550337037549042,0.003649006801368593,-0.0023176271877263233,-0.0017508106400505596,0.001128853343442593,-0.0006508334151771322
2026-05-22 19:30:00,0.00017189404819983878,-0.00039484289348656887,0.0005828967126424445,0.0006691492169039748,-0.0018945800634817545,0.0025673153020155937,-0.0006851830314600349,-0.0016451743215588621,1.3425384537413265e-05,0.000277967227249043,-0.006082489702859739,0.00230557505029072
2026-05-26 13:30:00,0.0024194294251582704,0.010720948982585021,0.009152485127282617,0.0009670863143460551,-0.0032195504132843666,-0.002345577965020773,0.005436166502667206,-0.020253515704821368,0.00794851813590558,0.002220519160992751,-0.025289510968569573,0.006298352350828651
2026-05-26 14:30:00,0.014815642854609123,-0.014537781665975302,-0.0011556009403719258,-0.009038635249974725,-0.006055383969522765,-0.002960313601379383,-0.0051580934752335494,0.0011854327129325881,-0.0022512514501675795,-0.002583020266202496,0.008477539779744525,-0.001468041032249623
2026-05-26 15:30:00,-0.007936488151867316,-0.006221742878323333,-0.0028608969559078545,0.0018647484882237109,0.0008278282077238686,0.004601164579916883,0.0030782323137410472,-0.005345296252581733,-0.0001466872335322833,0.00032622003576054937,-0.00578899579783787,-0.0011759685520615903
2026-05-26 16:30:00,0.005666749345069277,0.002544855081532127,-0.004149059644641184,-0.005628907909452252,-0.006763710064185524,-0.0013945115431992505,-0.004107249736827079,-0.003944786272412237,-0.0014548495410515727,-0.0014388086606942352,-0.00036224202626122803,-0.0004707928699385633
2026-05-26 17:30:00,0.0010621887142168163,0.0011320388917406277,0.0020839212737158164,0.0035232766261552584,0.0037485543479585104,0.0016813638493973215,-0.00042644380962997275,-0.0018950662029908472,0.001341522583865995,-0.0013075480123987404,-0.001598265726771686,0.0011765219943837835
2026-05-26 18:30:00,-0.004121227879875455,-0.0012958941506289179,-0.004691208930114321,0.001504474625728669,0.0037723188515004225,-0.0016650302225427183,-0.0013390404381476984,-0.0019319367765531226,-0.00019346706723233353,0.0015374151707954198,0.0007268414171104354,-0.00011752712535173515
2026-05-26 19:30:00,0.005817668604604975,0.005704458641459631,2.96882893380257e-07,0.0009857161478770138,0.003965440468090442,0.005305309900897726,0.003984203023411403,-0.0006671076297868339,0.0012799651742811946,0.0014988583198798366,-0.004514644738827123,0.0005290323433184696
2026-05-27 13:30:00,0.008806361347339475,-0.02312052917713725,0.00929580257439877,-0.0026226753140221604,0.017115578444835577,0.004334540145372934,-0.020730355407206247,-0.01804525127420753,-0.0005664559400875291,-0.014343023395029242,-0.043289760422086765,0.0035784545044039717
2026-05-27 14:30:00,0.007856601089331505,-0.0006194986520071666,0.0016531470787848335,-0.005338736564163504,0.004288737816654731,-0.0025479627187392495,-0.010553786606334548,0.004813194552865774,-0.0006934768158766147,-0.002220271106729399,0.012007088688476664,-0.00017568316310612175
2026-05-27 15:30:00,0.0023563200980376564,0.004280365084925464,-0.001733547449140893,-0.00019383515556192776,-0.00011068231265731754,-0.0017539841451821303,0.001965285050543386,-0.00027118470733977773,0.00019354460805587337,0.002563334954365004,-0.008697420441802883,-0.0011251573896764455
2026-05-27 16:30:00,-0.0031505700997200847,0.006057397517482244,-0.0024609245010189795,-0.0032273030912630674,-0.0019943793400782894,-0.0041894064969882905,-0.0004870396731373461,0.004117319332513247,-0.0006807067233047803,0.0007835655366195127,-0.002662848521743477,-0.0010442924677658283
2026-05-27 17:30:00,-0.0008289251533879494,0.0057859169941343325,0.0011588134521778315,0.0031061924936279794,-0.0019613971336278624,0.03033241986411017,-6.681485493498229e-05,-0.003103333148693821,0.0020801639858074594,0.0011987836810103403,-0.0111810960573413,0.0014663189650923059
2026-05-27 18:30:00,-0.0012504396431838316,-0.0035710709312146705,-0.003254588413705406,0.0016704455661358253,0.005025267668163913,0.0063394315868299245,0.004305850075977169,0.0028338064408917063,-0.00021295303368340512,-0.0010519288027968088,0.008016138087764801,-0.00023442723724365067
2026-05-27 19:30:00,0.0016252044576949842,0.0006587896725074316,0.003576275584690869,-0.0017431337554647541,0.002052045252883161,0.004223734876093843,0.0006517203725069365,-0.0028338064408917063,-0.00012011608091100356,-0.0001468548782135315,0.0010309828236430008,0.0
2026-05-28 13:30:00,0.001606513270946408,-0.0006056395891569366,0.0024734430329012014,0.029995302815471803,-0.008003839397742851,0.0057058177394067044,-0.0026767098861810723,0.002159877434623425,0.002993635891739288,0.0021518125018493706,-0.0038235114536906423,0.0038617077302385283
2026-05-28 14:30:00,0.00031079637808417715,0.0010289027954319963,0.00040094622278274983,-0.0011912539681988576,0.0001853287310433771,-0.008456518140681268,-0.0017772972135112752,-0.0009781229292045168,0.0016195187058665184,0.00365720271659864,0.007632459333859032,-0.0006425832333611936
2026-05-28 15:30:00,0.0008540540719534917,0.0015270084057616984,-0.004451518308550284,0.0025746726092270578,-0.001187014971400835,0.0017427000467655773,-0.004440290293427296,-0.0028723719833259054,0.0005834338227312941,0.005315616995462236,-0.006713519802927337,0.0009344571918568079
2026-05-28 16:30:00,0.0005166696915486213,0.0011027069703191117,0.0011589253670498678,-8.220150689908223e-05,0.00595785382326941,-0.005371924364603764,0.0015872751591992085,-0.0012874205472321876,-0.00015244173826101104,0.00024206347521804616,-0.0014554558015413832,-0.00029187395849561426
2026-05-28 17:30:00,4.531765361726059e-05,0.00537878873853348,0.0001287193423795685,0.0016191352773642365,0.005940812265961881,0.002602629446423421,-0.002936691391746571,-0.000948592398499315,0.0006825703056376753,0.0009433921525090483,-0.0015334875054326957,0.0008755444878065788
2026-05-28 18:30:00,0.004223819651780758,-0.0013069399363940803,0.0015269705997473793,-0.0011026034720007516,0.004993801075726445,0.0015237048580116763,0.0,-0.0006106621929591327,-2.6524014909767857e-05,-0.0014880989191849991,0.004671553422525676,-0.0003501258111162642
2026-05-28 19:30:00,-0.00347734111735587,0.0009336926167025084,0.0037992000170001816,0.002321061351600484,-0.00021897719249608372,0.0021984391045464236,0.0014169061389228688,-0.002242394368781042,-0.00015899710547095935,-0.0003928487679978332,0.001908616060823931,0.0006418333737299164
2026-05-29 13:30:00,-0.02614753519599855,0.007531043509384716,0.003752909953131045,0.029693904145991823,-0.00692266609137171,-0.016299683393467213,-0.002311961389795947,-0.0021110536357609178,0.0025938461780468103,0.007186285311679974,-0.011506724022150472,-0.00017499652232455531
2026-05-29 14:30:00,0.006826151131336999,-0.002457624673944281,-0.005995461656108425,0.008488726797962975,0.0008633216667091048,0.00534607391119124,0.00522367761079412,-0.00848916918325493,0.00023794910889041176,0.01055072446359162,-0.013828675640354504,0.0022726584300034602
2026-05-29 15:30:00,0.010574793228072643,0.002781305672296952,-0.0019579573142456397,-0.0022340794868123126,-0.001874579642223928,-0.0039869282517353,0.001024335672196841,0.0007559920117312657,-3.968113786712024e-05,-0.00327769494341279,0.0025782413904913426,-0.0012813864970429023
2026-05-29 16:30:00,-0.00011406878276343235,0.0013422176418611542,-0.0024776976795299888,0.0022115164216689465,-0.0020809451494550046,-0.002768258427327197,0.002599237146037936,0.0020903936560072722,-0.00018503812733516867,-0.00022685910605524384,-0.0039090033802215984,-5.825153182037468e-05
2026-05-29 17:30:00,-0.001096015679562079,0.003185241891700663,-0.0005155753679018105,-0.0020533738942489776,-0.002159251487723779,0.005369546023955785,-0.0021288926348628223,0.0003112687468842523,-0.0004230383194361309,-0.0005733163818666398,0.003401677150006499,-0.00017495286123470066
2026-05-29 18:30:00,-0.007590642296351646,9.219408316774036e-05,0.003812094035136937,0.0018279216567123058,0.0009750000786468149,0.003095164147699059,0.0010398939135685126,-0.005704691338641155,0.0007534049697337508,-0.0008127856044328752,0.0023392972992466454,-0.0013416699325166093
2026-05-29 19:30:00,0.002643756829981747,-0.02728254237069816,0.0020047639419855656,0.011455376604322609,-0.0009565078222228962,0.004984608060758511,0.003814829523081542,0.001996855813671594,-0.0006079073638325383,-0.0022505873248173103,0.005243466629599958,0.0008752759166821278
2026-06-01 13:30:00,-0.032409504427866054,0.04726673520725111,-0.013647389507728036,0.0289002816841899,-0.0238929467509843,-0.035915576931760285,-0.008166177190918944,0.026976891019615756,-0.0007208360589361362,-0.019801724643415675,0.06711609439854271,-0.010082155503900125
2026-06-01 14:30:00,0.0005689803835737806,-0.008938967659132047,-0.004117393484935228,-0.002634563075218921,-0.0007954177428057818,0.005172040194251437,-0.001803196241892735,-0.00030134888340427324,0.0004034254809308635,0.0028077129020847025,-0.004574708624997648,0.00117756103792388
2026-06-01 15:30:00,-0.007398579979613906,0.011555597508284166,-0.002793107728698452,0.0025587610683066586,-0.005163795692414652,-0.002644632473295161,-0.001992322906759547,-0.0016758843867794582,0.00081967055674248,6.0933598726720106e-05,0.003994943174356003,0.0004117785971287091
2026-06-01 16:30:00,0.005049373924786771,4.509817550424344e-05,0.0024502209191030744,-0.003210299431039232,-0.0031261117360310564,-0.0022911792070763326,0.002413918747933508,-0.0070695668346907325,0.0022833664523558284,0.0031034421730300465,-0.028380089560373634,0.005162844548404877
2026-06-01 17:30:00,-0.001819135863754262,0.011895049861101015,0.004557724804890917,0.001280999668848537,0.0018313346280756093,-0.0044186593756547765,-0.0011809371632560683,0.003237966499119338,0.0017262198982725963,0.0008259555867349277,0.007874038580688136,-0.0015824008339020423
2026-06-01 18:30:00,-0.004496557161719039,-0.002746213711856349,-0.0014302048598642259,0.006272719015160355,0.00494292942890695,-0.0035758322883792104,8.447986422321918e-05,0.002824658436026084,-0.00018493305026456852,-0.000412855449756222,-0.00014791337722730447,-5.741668902636832e-05
2026-06-01 19:30:00,-0.0061392495243293155,0.0018732362226279164,-0.0036170641523023406,-0.006923847255246862,-0.00918295517376766,-0.008491907762620876,0.001534744963498369,0.0038208132653405613,-0.0016335869550720972,-0.0009965211595179824,0.0028080836134769527,0.0017568700232510892
2026-06-02 13:30:00,0.00963564363926217,0.018147798709674312,0.0130381277756344,-0.036122397675534046,-0.013332984411453808,0.004711010426743378,-0.0007249246748264326,-0.001607000651264734,-0.0009299944219280931,0.003398624079545165,-0.0029590681498197213,0.0029795512015144965
2026-06-02 14:30:00,0.0052158812778495545,-0.011402055982784987,0.007607757305147622,-0.001486829849254967,0.011187070126402077,0.00688101839058497,0.01060235943982235,-0.0014081575173685579,0.002840004276874808,0.002287586535490327,-0.0037788670916265588,-5.8305905465516616e-05
2026-06-02 15:30:00,-0.0015654739355577263,-0.004831490443008235,-0.0007037787467272238,0.004969912832550882,-0.005616446663221808,6.581937207172928e-05,0.0018338738912184738,0.007210551413590061,-0.0007109332149193293,-0.0033787766350661386,0.014310100262491687,-0.0015764374600628628
2026-06-02 16:30:00,0.0006170141851917776,-0.0030730330100769976,0.0069837887724641945,-0.0029429901805224645,-0.00617208749374587,-0.001944552079208961,0.0009656491148062329,0.0010759851737294213,-0.00042802493038429645,7.277812658479377e-05,0.005040756329260709,-0.00017530331262971544
2026-06-02 17:30:00,-0.00025146697952216357,-0.005278445172782753,-0.0013992320967721739,-0.005358253194517992,0.0020357484717434815,-0.0025269323331533755,0.003156766096229724,0.0007983660364194733,-9.038781848502708e-05,-0.0005460021364784851,0.000510015852894341,0.0009346554791491712
2026-06-02 18:30:00,-0.002432854926507133,-0.0015708395961269161,0.0016693811079928622,-0.0009160265918053412,-0.0008719900237608158,-0.006728377131549834,-0.0007966171995192894,0.0009371269673295046,0.000492128744087772,0.00020635024049031614,-0.0010931621197300956,0.0
2026-06-02 19:30:00,0.007913412065435388,0.000853080919170246,0.0013492641408170414,-0.0009060090123647058,-0.005540133047781559,-0.0049821248837682575,-0.0006310591796463427,-0.005803389873598519,0.00018429498920458087,-0.00035925167892081333,0.0009474539664564574,-4.6774399550919554e-05
2026-06-03 13:30:00,0.01149740342063943,-0.030299176802209615,-0.0026686050925714966,-0.02402350577596213,-0.014826699419884015,0.030638861386842464,-0.010419875839431825,0.023183957006007283,-0.0035085550543279,-0.007901568123996228,0.016400355003309386,-0.0025244273343441037
2026-06-03 14:30:00,0.0028421002313834265,0.0005087321701946479,-0.008594172477572215,-0.007163257757678565,-0.009661750297087046,-7.92339503252748e-06,-6.710875457738297e-05,0.0025756108227081853,-0.0009121406708665347,-0.001714255278162824,0.003005140802837758,-0.0014656762308957738
2026-06-03 15:30:00,-0.014764365403662438,-0.0029635111166683714,-0.006114730592998718,-0.005309305300920997,-0.004926298516255478,-0.004953594661946781,0.007092449158678349,0.00781673299543062,-0.002396666424472116,-0.0016436202370888608,0.006977073255040267,-0.0016428000367145756
2026-06-03 16:30:00,-0.009679299641684125,0.0005795018780583305,-0.0017775010926817103,-3.5504951241271954e-05,-0.0039626342045000484,0.007562542088453306,0.0004332990593081121,-0.003852080472341868,0.0004274646243880298,0.0002945605211319702,-0.00035482032220457427,0.0008217373673149453
2026-06-03 17:30:00,0.010564260677758952,0.001065387030850573,0.0020353933050181183,0.006302885941966707,0.0034606312069414003,0.0064691889586212525,0.005748127699734873,-0.008141246312407091,0.0017840094833081466,0.00029447378078018005,-0.001420433156044787,0.001115317739328603
2026-06-03 18:30:00,-0.0026099605777405444,-0.0032693113739457047,0.0018541160240008736,-0.000747698185539214,-0.0016081420154163695,-0.0013516227076832976,-0.0017076632165924366,0.0045347591816042865,-0.0015223139942746045,0.001789840197236714,0.0004980911308321012,-0.00023566547006659277
2026-06-03 19:30:00,0.002126310611787474,-0.002115602403799599,-0.00011277043593871383,-0.000584515062874047,0.00573714418044613,0.0033436075810975296,-0.0014447068772165395,-0.005876184804532336,-0.000848252082185752,-0.000931403425224353,0.0008514061717175281,0.0002930753611449788
2026-06-04 13:30:00,-0.005573312314135492,-0.0062808043013813375,-0.00041894489048655004,0.005957974484775086,0.01530412561913952,0.02362308325680562,0.023323351081959487,-0.006438144551070835,-0.00022541013307098012,0.009260770366656068,-0.034413256708071494,0.0028089656534575624
2026-06-04 14:30:00,-0.003530366455389178,0.01158101212125473,0.0004833445609593312,0.00036007137974092274,0.006851332217016726,0.0007677089830639972,0.008309998225051629,0.008400645454199385,0.0024438571274494336,-0.0034673489615411057,-7.34247765450391e-05,0.0002921677705707282
2026-06-04 15:30:00,-0.0016327787136463101,0.007670876675905269,0.0007407403742085705,-0.005873777553405013,-0.006989246434832452,-0.007696034973071697,0.0017373679124235153,0.001240994553366015,0.00083975734302566,0.0028477546351064476,0.001585672380630676,0.0
2026-06-04 16:30:00,0.003595607732123085,0.005545602481396905,0.0033264114098194852,-0.0019655940712155484,0.002381067032975359,-0.005666206053490441,-0.0006109501770108494,-0.0016985338071586753,0.0008060007405985559,-0.001432556959394482,-0.006845115228575338,-0.0004674915783073885
2026-06-04 17:30:00,-0.0014152629851613696,0.008598069489137217,-0.0007863938986609753,0.0018363156564857874,0.001198176024269415,-0.005953993691911741,-0.002286276605736326,-0.001472288331997973,0.0009241574007194941,0.0002409318578528996,0.008604041919599403,-0.0007600621495189586
2026-06-04 18:30:00,9.522669826811381e-05,-0.002358027121972306,0.001668342919161958,-6.942626685280118e-05,-0.003579243057244774,-0.0029022760577630535,0.004775918237933219,-0.002918126336148852,0.0006331778807666666,0.00035275200945683594,0.000219634498245469,0.0006432219959027208
2026-06-04 19:30:00,-0.004054314339239085,-0.006857556535945442,-0.0025036083424154754,0.0009231250379384548,0.0004727609963879331,0.004912052815523538,-0.0025217400831545334,-0.0011828621053862065,-0.0016365839205860766,0.0004255720943566743,0.0009511552552057267,-0.0004093157757019128
2026-06-05 13:30:00,-0.02848090574163642,-0.03470353798301051,0.007252796947082807,-0.011805505222133306,-0.0002757550946812515,-0.014405095755871677,0.0025137110415229813,-0.011007785411723425,-0.010396659077968273,-0.027185563622214914,-0.018006556475765656,-0.00433690831013589
2026-06-05 14:30:00,-0.009933338519145352,-0.012120196937535965,1.5968231787510945e-05,-0.0019067849045217855,-0.000886742109773131,-0.008279026638897236,0.003579156145553597,0.004080016552282295,-0.0014317931810765572,-0.0020007704761004774,-0.002161790646884043,0.00011399080289375974
2026-06-05 15:30:00,-0.00919384569553916,9.576951691414592e-05,-0.004572838477177044,-0.005819394200719863,-0.0022895571852030727,-0.005992242049445373,-0.008629544269603606,-0.0073761882903795595,-0.0045655180950623375,-0.005146137155458419,-0.00994483884290176,0.00047320964231101215
2026-06-05 16:30:00,-0.008847717789341125,-0.004730187735605185,-0.0015717160192103563,-0.00026202897823957016,0.0014809113057134837,-0.0017562269736650649,0.0071258047762770005,0.003329341365291505,-0.0009539189990670494,0.0029154950963574677,0.0006479843671138852,0.0004107636244770063
2026-06-05 17:30:00,-0.009705794950001234,-0.008362363843386511,5.13331835252373e-05,-0.003341357026822145,-0.0182388051260558,-0.037014608743944244,0.0016635393516608588,0.002854447450118869,-0.004215699602224454,-0.003682588201184167,0.00465928833731688,-0.0008804784710534364
2026-06-05 18:30:00,-0.00015350739491637455,0.0017701746369143123,-0.008432820782088513,-0.004552636041051272,-0.006491306335383307,0.009678413269817554,-0.0033619543529406215,-0.0026549457169515733,-0.0033122849715780944,-0.0006423984901138269,-0.003868617340243574,-0.0005874764078122041
2026-06-05 19:30:00,-0.0016353415793197712,-0.006197131044290316,-0.004932636866472606,0.0006961672764731475,-0.005069051158388405,0.0005485646467482397,0.0022425257389890874,-0.002928665733581859,-0.0014228924945856036,-0.001462618362537249,0.001541744123798594,-0.00023503342295150276
2026-06-08 13:30:00,0.030057770461426436,0.013174342430277264,0.014805728632799386,-0.00951281850111041,0.0034096504862217714,-0.007460653717535237,-0.00277189556972246,0.015477498595620531,0.006865389073367645,0.0006811282663363727,0.016619197136237496,-0.001064394623139009
2026-06-08 14:30:00,-0.004976599858779629,-0.000746092195133663,0.006246931830601099,-0.0031910818757134862,-0.0015006666721646411,-0.0009949288933785994,0.003731524325339741,-0.004670951729179862,0.0010096184092827087,0.0023427172746703917,0.004792590898598625,-0.0004648951494647946
2026-06-08 15:30:00,0.009829287728014613,0.0043484016189223595,-0.0008444431395728813,-0.0022630788921986777,8.116969811489128e-05,0.0004933319041509066,-0.000991563882193347,-0.0011216190583978047,-0.001467602037918958,0.0025630454187357543,-0.0007284670010996308,-0.0005299944020480396
2026-06-08 16:30:00,0.014540863661502534,0.00016780882532341224,0.0028810855251402145,-0.0011692264941025599,-0.0026815262036326004,0.0005441376105990159,-0.00022406286825127353,-0.0023793839463843725,-0.00014821125411135228,-0.0003514423996575644,-0.005987700499704651,-5.886566582624653e-05
2026-06-08 17:30:00,0.002625597908950894,0.003063226387587825,-0.031354043390229513,0.005496130090049789,-0.006244021169906411,0.0005013241940705626,0.0012795302462365044,0.006135243311701011,-9.435012614833482e-05,0.0007277961337255334,0.001775714436767828,0.0010007840654164823
2026-06-08 18:30:00,-0.005708103189663305,-0.006881436768605198,-0.007093917247241066,4.855809477355422e-05,0.001840516453168739,-0.0013771957749284525,-0.005128071657893862,-0.004118961173521285,-0.0037268261315031026,-0.0035182834415392605,0.0001478621654378287,-0.0020025707030209006
2026-06-08 19:30:00,-0.0012600210348230334,0.003818210381017373,-0.003756503559412039,-0.001334947497162453,0.002000308813968843,-0.004108801616091284,-0.0002570510434063422,0.00214395691900382,0.0001487786366531907,-0.00017625873290860739,-0.00022174504644123516,-0.0020657256943472646
2026-06-09 13:30:00,-0.00382137377209979,-0.007868440467983184,-0.030434964635100314,-0.005491821650454476,0.008568060659928989,0.015620425910133129,0.013218532734697419,-0.019866554364568856,0.0025667001217168917,-0.0019911754775607804,-0.037509309203104024,0.004383657827472298
2026-06-09 14:30:00,-0.0331867237051533,-0.017423588907005794,-0.0032528567171770106,-0.014191062410989552,-0.01885697414635068,-0.010482621458858254,-0.018697508068149737,0.0015113508935558073,-0.013870555849907262,-0.009353253565577369,0.0018395725661140006,-0.0021999963227239405
2026-06-09 15:30:00,-0.01333217201273218,-0.00948435393494318,-0.007159067611993919,-0.006423597934449354,0.0025513793953253483,-0.003737865190581502,0.0066513994288035505,-0.0030249894264970933,-0.004991939224784581,-0.003622856813351838,-0.011868151485789014,0.003342830420603349
2026-06-09 16:30:00,0.009621142737595179,0.011939547974476383,0.0033105467480236683,0.0013950764662284953,0.0007805073292415088,0.0009761400180305912,0.00041727078481734736,0.0014799950884194502,0.004663581307030817,5.10888257343467e-05,0.01179076154225811,-4.697936154496318e-05
2026-06-09 17:30:00,0.009050083365082173,0.012464435774968585,0.0016856292973743692,0.0048427749536177345,0.0072016750963399545,0.0048669759087687225,0.0036675191736836865,0.0004704951535448032,0.005921409336123951,0.0016726331281526896,0.005273458181220825,-0.0003525949572411591
2026-06-09 18:30:00,-0.0011110051438540935,-0.002557813770799555,0.0006184465236174219,-0.002207405830089826,-0.004024070527620438,-0.0021393816204851035,-0.0005916561625580741,-0.0016811812367061307,-0.0006804110170799405,-0.0030997337442020267,-0.0009913064868918298,0.0008401225651137878
2026-06-09 19:30:00,0.0018930077615886276,0.010914866363790132,-0.0026484376146536093,0.0008686632074788037,-0.0010034726793319848,-0.006428620702437549,1.6011142193406158e-05,0.0015803941282657163,0.0033431965383918794,0.00040428132673753225,0.0016769667517841924,-1.756443481593095e-05
2026-06-10 13:30:00,-0.014081107777046853,-0.00962877750741864,-0.0021548204118317926,-0.000272961754452794,-0.01295023448779098,-0.0018063942682156053,0.0006396501720207226,0.009596633239695507,0.00025775100592539957,-0.02324236400955204,0.016541805266634846,0.0006458277482384034
2026-06-10 14:30:00,-0.015133398465683179,-0.016971947569095924,0.000879744396043769,-0.0033306760863940355,-0.0060372702407676115,-0.009911779883771565,-0.0032983738144327646,0.007426565101691374,-0.007925535607613554,-0.008058258135602792,-0.001649432167698528,0.00011731330340047919
2026-06-10 15:30:00,-0.0015382652484712267,0.0006903493242225167,0.0059823486821581895,0.0025363538611120617,-0.001128238125296832,-0.0011170573088934432,-0.0002887135209013181,-0.0005286581377337285,-0.0010259147031286275,-1.321168273715756e-05,0.01474774007627122,-0.0008806335468394266
2026-06-10 16:30:00,-0.001418164766845642,-0.0017515193442481092,0.004855960262733383,-0.0023123123867474504,-0.002595535135958116,-0.0017689344512170635,0.00014431822879767964,0.007408539176767981,-0.0014928280498160973,-0.004179613774244473,0.004953333712832908,-0.0035304897764874
2026-06-10 17:30:00,-0.00035139750815282866,-0.001235269602860356,0.003948910403345884,-0.0014696819134618622,0.0023028588646090142,-0.0010073326884807443,-0.0002726947531082047,-0.00985713659255083,-5.488035707124084e-05,0.0004902773222177359,-0.016404925600697062,0.0011782752881979164
2026-06-10 18:30:00,-0.007373418326078962,-0.010203660654364732,-0.008119602886809574,-0.0069793246930389685,-0.006208836954846753,-0.007911307145394453,-0.0016540149495831713,0.004264708985615151,-0.00489166180396694,-0.0067391524304651895,0.005211881885998082,-0.0007657030147552035
2026-06-10 19:30:00,0.0014684996711791243,0.0006655942434115047,-0.0014740166225051254,-0.002761853102738243,0.0013247226174089022,-0.0003152898776530577,-0.006141957277711718,-0.005988925244446719,-0.0007716547835565635,-0.00061373087300165,-0.0002880551759689709,0.00017673891222802496
2026-06-11 13:30:00,0.018305352775550787,0.009958262483743319,-0.0031611263574671256,-0.01919137833507989,-0.002840834103486678,-0.01751434007851138,0.006688272938476736,0.0017904379394195757,0.004655358471809201,-0.002057282122536641,-0.0024589397681822334,0.004082359634475452
2026-06-11 14:30:00,-0.007800482529345842,-0.008162926791166925,0.0020971040246946515,-0.004552156070358748,-0.0021940191399956177,-0.00041011915145539035,-0.0026213258563432262,-0.002454445022514129,-0.0022459011993403166,0.0019504901488422988,0.003351674899287893,0.001205513513155232
2026-06-11 15:30:00,-0.0011156037285182663,0.003134121336327844,0.006145379712330978,0.00010312543629442672,0.00012670276187076723,0.005141408432930206,-0.0022575260053621093,0.0001992281587526179,0.0009621764906064811,-0.0006943036739306407,0.0075555101177950945,-0.0020530339979005774
2026-06-11 16:30:00,0.0121270214891247,0.007324206195090888,0.010086007198782276,-0.0011089789901292946,0.006566775469537767,0.003944969746545013,0.010085569801018046,-0.012630054837126536,0.006354464782534208,0.005647092000981679,-0.028594703536487742,0.00328290570716927
2026-06-11 17:30:00,0.006238124047889926,-0.0002465816159444856,-0.001403149980488294,0.0032459449113915184,0.0020956460482972616,0.002352365336903084,0.0014370216513084344,-0.0021542492743282793,0.00272658030563111,0.01211815034446051,-0.006628305741108953,0.005078939821122397
2026-06-11 18:30:00,0.00948697167496082,0.008398284912850329,-0.0004738709529874541,-0.004059080090005551,0.008214374327392804,0.004600670956076414,0.00087727791718617,-0.003476851190113983,0.004618143239685679,0.010234230053344007,-0.012770414276708664,0.0008731361982317054
2026-06-11 19:30:00,0.0072946968529654654,0.0009776456199350747,-0.0001354477161230605,0.007191950061465668,0.0019912710859131266,-0.002328454329544094,-0.0006538942417471105,-0.00889899783131387,-0.00037947391572235034,0.003138067043908954,-0.002635836268384928,0.00011628956754528019
2026-06-12 13:30:00,-0.007521928768924546,0.004971275814437348,-0.011458239607530452,-0.015398809401123259,-0.019913877388931134,-0.004293228657209269,0.01601502039613667,0.013116918254029386,0.002640094345351507,-0.004840855730485316,-0.0005435984311210618,-0.005424767227719229
2026-06-12 14:30:00,0.009693735795028857,0.006131194316284727,0.0030092347162016253,0.012497378756099131,0.005554624169218592,0.010834151113518153,0.008254994091934087,-0.0014826880561198408,0.00614664531236464,0.009015456035824876,-0.023735762239212477,0.002628565134164873
2026-06-12 15:30:00,-0.012348442530242032,-0.009496320635109967,-0.004431532202915811,-0.0025746667562396297,-0.0057766288465517235,-0.0014692425283859833,-0.005245235513728019,0.00020230487681338616,-0.004768509048193259,-0.0018213858835105512,0.0037311486205631184,-0.00017501694575461357
2026-06-12 16:30:00,0.017673304450814165,0.00015123740058253787,-0.0004112000136657912,0.0007731434689652872,0.00228092409310765,-0.006321641744578166,-0.00028185800600777355,-0.007852759366140383,0.0019964146264257465,0.00033601460903831537,-0.002379972755125692,0.00040838456436009807
2026-06-12 17:30:00,-0.0018734113923146722,-0.000536653805636611,-0.004246659356989646,-0.0017013746178484723,-0.0026192840726935174,-0.004067775340117485,0.001814538589280268,0.001494066292886842,-0.0011191116809641244,0.001767359868706464,0.0032512302871277043,5.82889021520927e-05
2026-06-12 18:30:00,0.004600010820337452,-0.0008299274023615411,0.0014289330591807925,0.004839159606569332,0.006199025711836725,0.0021987849873719156,0.002840257375205546,-0.0026705372609665545,0.0002157891735805606,-0.004145929977814156,-0.004681961818134184,-0.0007584661472570531
2026-06-12 19:30:00,0.00826395123643131,0.001854225564368761,0.0015126590345797553,0.003204761057853389,0.0027707980387079445,0.0001412082897314093,-0.00043648186044364934,0.00029253492201508635,0.0003236376238380245,0.000595133662817382,-0.0017514630672250675,0.0008167516520112272
2026-06-15 13:30:00,0.012068514368068328,0.020578492511704738,0.015679666334408537,0.01941752552487941,0.03132411856924211,0.04086860288113048,0.002802324442503945,-0.04326664434000893,0.01603722073312852,0.035327751065928226,-0.05167080069237695,0.0033185331665492868
2026-06-15 14:30:00,-0.0038235191720117356,0.008417345798444664,0.0028706259586499527,0.00040160555437118717,-0.00012189423154662649,0.010799577621683376,-0.0020231076509817925,0.0029788181944736536,0.0019750802698359493,-0.002124883204513317,0.00785630810098592,-0.0023276656353221625
2026-06-15 15:30:00,0.0038237417223143666,0.005572529590556208,0.002391470793717154,0.007711966535769221,0.002516277188626681,0.003588057989598603,0.0024272574590664675,-0.00042498713086480677,0.0017993513076062229,-0.0025809021479359373,-0.005174894608882319,5.831327778960116e-05
2026-06-15 16:30:00,-0.0047269950450932186,0.0008708329286717387,-0.001953146194992428,-0.005224658309115782,0.00026338058061536884,-0.00701239448958102,-0.0014929410821196143,0.0030065851085208095,-0.0004892077023095354,-0.003090831777171843,0.004716911762749909,-0.0012241365143443872
2026-06-15 17:30:00,0.0014399464018346464,-0.002779921860907919,-0.005374073090925968,-0.001270913949359631,-0.0025155517146195905,0.0013861873939493563,-0.0036173284841609643,-0.0005299998808769857,-0.0018665448083545755,-0.001107983712302918,0.005108311824479905,-0.00011668381409801754
2026-06-15 18:30:00,-0.0008783344378304747,-0.0013219962985902,0.0048345772887739,-0.0013164933310196858,-0.0012601528439688536,-0.007221176306764221,0.0021532640304506856,-0.0002473071921134107,-0.0004638233639324696,-0.000781352198969465,0.002111596029259033,0.0002927962965895148
2026-06-15 19:30:00,0.0037763637206706946,0.003772535985057779,-0.00026980560932177156,0.0038072670951079246,0.0010367211857245096,0.0037814084473941634,-0.003560101955430106,-0.003469928626937957,0.00038432375368557814,-0.0001260519529644455,0.0023538956052302495,-0.0002927962965895148
2026-06-16 13:30:00,-0.020191792112264295,-0.016084607801572837,0.0037544646043397023,-0.017338231304861118,0.0028808177591361783,8.44289689352351e-05,0.023894962512659212,0.007983967613165,-0.0021223784490702613,-0.0003279018399044986,-0.04263850399037583,0.003547379534842854
2026-06-16 14:30:00,0.005419536977867345,0.00038250955481533566,0.002232565833557132,0.000826461591902472,0.007741914713542464,0.0056197041598613495,0.006227082744720391,-0.004726234809785623,-0.0005447201018080605,0.0015628030889978106,-0.004907022328445088,0.00035338185245148424
2026-06-16 15:30:00,0.00012336116255262652,0.0006453082132127363,0.002478449258189741,-0.004011421086322464,-0.006405739464260485,-0.000930247613904811,0.004633700524731665,-0.002974072352234458,0.0009429992010465682,0.0043353639423262536,-0.015179781167252493,0.002495388636033269
2026-06-16 16:30:00,-0.0014569792288359196,-0.0008843412948946749,0.004455808589589161,-0.000880841117189668,-0.005314727626023696,-0.0002684011415476917,-0.0002568396718070076,-0.00014176605464832903,-0.0015542269006836307,-0.002272370404491575,-0.0011424815901248664,0.00017386061427870914
2026-06-16 17:30:00,0.002344986466821908,0.0016729071604517642,-0.005175262946429449,0.001582387510325134,0.0015446099982323602,0.003432697670898044,-0.0019815878505626827,0.0005672681668054125,-7.311275869170686e-05,0.0015573811051874387,0.0035103837915180236,0.0005214005512996778
2026-06-16 18:30:00,0.0035685307058761495,-0.0024857989751545517,-0.0012896747168733569,0.0025469934110198267,-0.0004468753806268211,0.0009693057200914623,-0.0007422014415352507,-0.0013477741581242597,-0.0012173294895578834,-0.00045181152828188686,0.013750926514553896,0.0003475377454300599
2026-06-16 19:30:00,-0.005864044699330329,-0.007880997186688887,0.003045580987251384,0.002032980731351053,-0.00012190413278201362,0.002501673905042523,0.0036602671622434357,0.007002612059057611,-0.0011587808036361835,-0.0014069938876808408,-0.002163098456242629,-0.0019125556843544445
2026-06-17 13:30:00,-0.007416219839148752,0.0029114826103002756,0.004002046971013584,-0.01674174106475057,-0.01651310404973305,-0.025732217122882872,0.014449147864389111,-0.004592144174198509,0.0017842763582667232,0.005766130508823686,0.005528211437594521,0.0019125556843544445
2026-06-17 14:30:00,-0.007509215477453424,-0.006971991682922507,-0.010102512852079748,-0.005072452409803141,-0.007056718777532112,-0.007721383753681366,0.001947503512223392,0.0026165647005154113,-0.0022508016330089475,-0.0012006579755707847,-0.005528211437594521,0.00041330043594456356
2026-06-17 15:30:00,0.014826563343169674,0.004735660498671024,0.003976207010631505,-0.00011679740268544236,0.0012557829871866488,-0.00043071888551082793,-0.0002524904890917057,-0.002156378569792672,0.001012833265344959,0.0023748832398915454,-0.0012133767564366238,0.00016548427279250433
2026-06-17 16:30:00,-0.0009643445325364652,-0.00031820260018200486,-0.006062890345122973,-0.0012592689695845039,-0.0027047595287248427,-0.0014744286498142856,-0.000713392077008379,0.0002477214552296658,-0.0014663052088312867,-0.0009742938170278492,-0.0071366683334224135,-0.0008683469208863315
2026-06-17 17:30:00,-0.007473652298694233,-0.006769461786946707,-0.0032903576381979605,-0.004870438781749087,-0.0028584203315773493,-0.006232073142172112,-0.0011007010862442712,-0.0036509718778230393,-0.004592603995502209,-0.01587091940741292,0.008176823993580662,0.00023160346444850433
2026-06-17 18:30:00,-0.008646816502523968,-0.006063035847246212,-0.0021995674279313704,-0.010471824052973311,-0.007802809810063316,-0.010500587647232607,-0.011826961464632468,-0.0015991676675515265,-0.00559703144953172,-0.015172527259166735,-0.009444083486676469,-0.0012747045319008166
2026-06-17 19:30:00,-0.0036662838028300726,-0.0002052156920653303,0.00235171306594939,-0.00042222896365018414,-2.107829352304691e-05,-0.0041238092463533604,0.004687641981883317,0.0010309399492642868,-0.0015239551297732135,0.002086091001966217,-0.0005686381030747256,0.0009272350245534966
2026-06-18 13:30:00,-0.026034909678546825,0.021518547171322844,0.012527596809122521,-0.004364550579281534,0.008199954944256405,0.0042467653028923635,-0.0029121752305876214,-0.03334428789379018,0.005974588824981808,0.0022743156391307195,-0.029571944807987194,0.008134133816823486
2026-06-18 14:30:00,0.008802300632134497,-0.0011726942979368715,-0.00837918873165222,-0.005462622883842805,0.012247410591787578,0.005407190734040057,-0.005456826331346143,0.006297766013472206,1.3429167365686112e-05,-0.0020942209107017717,0.0046758854795898586,-0.00017237210181786367
2026-06-18 15:30:00,0.006782569711546671,0.005252267505893471,0.0012781868488120907,0.009101083386631181,0.004548858232102937,0.0052915460207172416,-0.0036039422251361586,-0.0013142988219190244,0.0017024051970020437,-0.0026272250301548894,0.0053681659883659805,-0.0018981445673951214
2026-06-18 16:30:00,0.007594723200897491,0.000357090070663979,0.0011087236062010675,0.0029012827881764736,0.007509620682663254,0.003241092036987858,-0.0003945100916560307,0.0020449436576495117,0.0012046091291404437,0.00030942527571475864,0.007112186231463369,0.00011516564165692245
2026-06-18 17:30:00,-0.002520938786072513,0.0006425135629610779,-0.002386910455013158,-0.00548518513650631,-0.00960630539048335,-0.007590588912049334,-0.0035117856438855455,0.004513001510024317,-0.0014055593513075948,7.742003709942935e-05,0.01921785064427972,-0.0011520778091744788
2026-06-18 18:30:00,0.004240132893634119,-0.0016189104557557954,0.0009084073886995725,0.0010896140274647692,0.0005349885117631459,0.0020117636927530214,-0.004793485593094893,0.0011613825588439042,-0.0006565989491162938,-0.005117640891413089,-0.002436468171536532,-0.0008071921208347987
2026-06-18 19:30:00,0.011453089223152801,0.0017853534748297761,0.0017135413297602042,0.0026953432570362423,0.0052623295800620085,0.004401365228331677,-0.004616693910895364,-0.0005805226782502615,0.0007771902784519114,0.003040093934226995,0.000870839346582386,0.0006342835055095364
2026-06-22 13:30:00,0.023142467513249443,0.004177178383480751,0.011050196435454573,-0.014402074312758195,-0.03600956307393943,-0.016727167844197588,0.00942542353678899,-0.002834814739937741,-0.00010718249006469449,-0.006219473851005297,-0.02471981857974459,-0.00665104042042497
2026-06-22 14:30:00,-0.00020741638391985617,-0.006081639744745182,-0.004192073660547635,-0.006551948514041506,-0.011413591747690965,-0.01258676347372667,0.0076008067073480845,0.0026896037049066734,-0.002843915100037009,-0.0006370749240343088,-0.003440176388191496,0.00023204692002565253
2026-06-22 15:30:00,-0.006243180917565816,-0.00030983420554253627,0.0019980160662864677,-0.007517609109925161,0.000965015121630941,0.0005617996327931252,0.0025207872698409517,0.004671498201810564,0.0005304393487559622,-0.00158802505905431,0.00035719018058966157,-0.0013932671883738479
2026-06-22 16:30:00,-0.0003014212058802812,-0.0037014233729344426,-0.0024315463200537124,0.001573058575169206,0.0014351641277654537,0.0030087034238137633,0.0010848161488627994,-0.0017719390457617834,-0.00011408095875786728,0.00039078526314728634,-0.0016885910219510691,-0.00023245915379721538
2026-06-22 17:30:00,0.00011717601323635307,-0.001149066483534078,-0.0029729085564973445,0.0036925178385418533,0.002116789311620515,0.0052745490968932884,-0.00046694468758357033,0.00274689266888295,0.000577073421382579,0.0008590157073173899,0.005440588989567452,-5.807889642905906e-05
2026-06-22 18:30:00,-0.002311719299167514,-0.0035512346704020814,0.0004681900091796365,-0.0016349331841123416,-0.0007478683509560824,-0.0015838883961221129,0.0013099083365863962,0.0018750511355047905,-0.0023175194261071397,-7.8061852105904e-05,0.003826821728442731,0.0007552057031272597
2026-06-22 19:30:00,-0.0027490083801735565,0.002640628858669558,-0.007619367197718496,-0.006974930506065569,-0.004821042034460099,-0.0013824426389570377,-0.0013550606412486843,-0.0023804272540024485,0.0013106405873228866,0.0007803444421785599,0.0009766113287010825,-0.00017430261166229144
2026-06-23 13:30:00,-0.042761482980893994,-0.026725268069234254,0.012444843036380604,0.02448137277477258,0.01670408881382457,0.00858246137810692,0.00249833393041321,0.0023084129359860484,-0.007389036855382614,-0.014101190852014334,-0.022479958484675322,0.0026102054216430304
2026-06-23 14:30:00,-0.011689165121612888,-0.011366423053894792,-0.006532307725486852,-0.00886451894436835,-0.012631409574981767,-0.009469615484658078,0.004737750561694121,0.009109586821161031,-0.005850069834867355,-0.0013062368133152091,0.006828787489252086,-0.00034761041179720564
2026-06-23 15:30:00,-0.00033898693840317407,0.007270575610611729,0.000234157055857942,0.0005653362954580743,0.0037364862016557865,0.0008517566600678705,0.0023009139343121987,-0.001536319364572769,0.003790812731571336,0.002307870786196098,-0.00027044199823667014,0.0008109325279690438
2026-06-23 16:30:00,0.004527518300287525,0.0013835985112446991,0.00259219592305282,-0.00041568862788832206,-0.0027529889799735585,0.0032934113616462923,-0.0032904445662520487,0.0026781424853741242,0.00020343534331335178,-0.0013313340084026848,0.0019365991986708408,-0.0012166897580572211
2026-06-23 17:30:00,-0.009481860275145415,-0.004230930521768705,-0.002926839623651034,0.0004958290994574455,0.0038818589868263587,-0.005352949026502074,-5.8125289443822226e-05,-0.0010347286105565345,-0.0028922030101945495,-0.0024035077505804026,0.00022496030424257185,-0.0011600752256457625
2026-06-23 18:30:00,0.00018346456486195706,-0.0021345950845983452,-0.009017830733386134,0.001997428458096806,-0.0014912599460972231,0.00017777335289270724,0.0017833458349505449,0.0006066160540667553,-0.0005304842166715673,0.00015864395761955308,0.0012587610735241839,0.000282021994183701
2026-06-23 19:30:00,-0.00013099698077922994,-0.0060013738048700915,-0.005287373811183826,-0.00011017895194864735,-0.001835105699472095,-0.0009778733619514313,-0.001094741721148651,-0.003001275545107873,-0.0018248049050830772,-0.0024354455100050743,-0.00017976521148721503,0.0005301807969857464
2026-06-24 13:30:00,0.001126269280118386,-0.0007552107302144506,0.004018683204420448,0.002390766606390038,0.018264423945390185,0.0010311232913755575,-0.006997602086778798,-0.023350678754818333,0.0038363318745426866,-0.02172917133233465,-0.04362692056920192,0.01199000869968092
2026-06-24 14:30:00,0.004631365749437677,0.005189934041171185,0.011173889331634435,0.00029348913895788087,0.01420148693440293,0.006565705728598381,0.007356653894360576,-0.006062161698964452,0.00426795632530208,-0.002060708873418804,-0.0022556200252612513,0.0015458421993264082
2026-06-24 15:30:00,-0.006255708146520433,-0.0008714315426354702,-0.002395880630138514,-0.0047859362981386155,-0.0037908764880816292,-0.00526938654139375,-0.0031012066698528074,0.0040454843538277885,-0.0021113581796354808,0.00016283330651223338,0.008525874073979978,0.00017170011216638414
2026-06-24 16:30:00,-0.015472292042895575,-0.013920609276087959,-0.005550969993420196,-0.005940615185097364,-0.006559162764491866,-0.011897799561860545,-0.0033366907298946202,-0.00121187173789572,-0.008053210332428229,-0.006315804608776787,-0.005894799598880951,0.00011546854823762942
2026-06-24 17:30:00,0.0038681906193129834,0.003076695684804065,-0.00141795850439852,-0.0008091982181541724,-0.007044235150525324,0.0058225482422678,0.0033366907298946202,0.0030680173874033656,0.0029731405616510997,-5.4674270960397564e-05,0.0028113883603344547,-0.00028716866040401356
2026-06-24 18:30:00,-0.0020180828763827208,-0.004188655435042321,-0.003587189812292557,-0.005845206888605681,-0.007369645163743499,-0.004324166134348495,0.0037591640877217003,-0.0004623992609751326,-0.0032190086922812,-0.0015305919463015627,-0.00478404494278184,-0.0006867459785819818
2026-06-24 19:30:00,-0.0022885554694536125,0.006803901148746405,-0.005712643662606709,-0.008175546014634882,-0.006634641468913571,0.00018822052541267453,-0.002964269278793452,0.0033663164517641064,0.001501695261149294,0.0011208565100293555,-0.000846586171933339,0.00062956425780758
2026-06-25 13:30:00,0.0028067544000167644,-0.02337618929851004,-0.04759230264629544,-0.015372755396800386,-0.022897267607886462,-0.007729589333179021,0.027680200917155062,0.003900830020801216,0.003261656024116988,0.009111387098399426,0.013089206021713373,0.003312974025042159
2026-06-25 14:30:00,-0.0037662548696797415,0.0034901881623108366,-0.007141954970939501,-0.010657499812350757,0.0035084660013060542,-0.001143374064053404,-0.005381220528580144,0.003088070374894336,-0.0016124997571145272,0.00012178196944567787,0.005927035037370132,-0.0025122911634483103
2026-06-25 15:30:00,-0.0016279519992412617,0.004243694969251699,-0.011137327250528628,-0.010303968224468996,-0.009002826387260576,-0.009865306794438311,-0.007978791300873311,-0.005893694602027821,-0.0001361620007376274,0.003607562021397115,0.0035946338515140397,0.00022869866547292617
2026-06-25 16:30:00,-9.349955174720037e-05,-0.0030914866197990776,0.01257698298359422,-0.002244247767494656,0.0019736085534161063,-0.005715331507468946,-0.00697066400119617,-0.002337927995633038,-0.0012674950322688616,-0.0021602857389906305,-0.0012888915990556526,-0.00017156270949136854
2026-06-25 17:30:00,0.0041185599136372986,0.0018662184629905099,0.004682562456463479,0.017199527762409517,0.009310685017252851,0.007430915258606063,0.001992307490590761,0.00532553294519289,0.0035123812918982367,0.0029691398302729155,0.006336352611971741,-0.0007433713527431607
2026-06-25 18:30:00,-0.006298017572078152,-0.00707435987845173,-0.00942332609351837,-0.014359584885057508,-0.013569659205013629,-0.004807402804594574,-0.0024835980868607166,-0.001966456857861232,-0.0046963111849684935,-0.0018343976421935082,0.0045028809870268915,-0.0005722810085551089
2026-06-25 19:30:00,0.004300812961222533,0.006972244865990795,-0.0060714003876061184,0.00019851504924339736,-0.0006161945037739258,-0.005309464969178279,-0.0017139094985001435,0.0028391486746111028,0.0011975808452167058,-0.0023925175479400096,-0.0034049600403269764,-0.00022895171878634102
2026-06-26 13:30:00,0.005979929627744518,-0.010373452224840207,0.011603108568723819,0.03996309446022561,0.015508874715452592,0.014665307194909438,-0.00790651404144338,-0.009055051006993331,0.0002999409628152705,0.014323242262163305,-0.04096964645883716,-0.0017191170819454982
2026-06-26 14:30:00,0.01967768508234613,-0.0004646771038689934,0.002763335038621584,0.009098376625827242,0.006632213893546179,0.008648390213205737,-0.0008460441653870276,0.0005133076546028903,0.001607444626532839,-6.677049752923381e-05,-0.005637491636010239,0.0017763380866471223
2026-06-26 15:30:00,-0.004896365977313799,0.002784907843661699,-0.011280839446637714,-0.00662234341895207,-0.003126951111589449,-0.002224969254371878,-0.004792960499964138,-0.0011738220478836325,-0.0017028933255716083,0.00066685342986883,0.0033952963833403516,-0.001090645329908213
2026-06-26 16:30:00,0.00693378934362876,0.004444993837815048,0.011872029550712426,0.005231123984870578,-0.002595295791170571,0.0005950488961410372,-0.0010589399486500284,0.001577054286870272,0.0017709321642271902,-0.001254055783561192,0.004239814777350581,0.0004606844712471414
2026-06-26 17:30:00,-0.00816107761189322,-0.005217779860153371,0.003557464533972876,0.00144550988081793,-0.0016905415507357802,-0.002346151439970079,-0.0025157001643743016,0.0005494986312761796,-0.002575659669291852,-0.001991021327413023,-0.0007609076981083263,0.00017183892249850174
2026-06-26 18:30:00,-0.007320390228399809,-0.0003608904026508597,-0.0001428009610284775,-0.0011211724538826573,-0.009853131463968268,-0.006143743942288005,-0.0038310097339726568,-0.0011360008092697882,-0.0008737282502906396,-0.0016733941326867452,-0.00028067915536755805,0.00011457200834819048
2026-06-26 19:30:00,-0.0015020947947181895,-0.011564397492666245,0.003741051122308825,0.003587822947215713,0.010070040916838607,-0.001328036557246115,-0.0010362899091704847,0.00025654613744841015,-0.004256557659606308,0.001205158642678228,0.003889809101210062,0.00028632892311275526
2026-06-29 13:30:00,0.04251786069204577,0.00509857892494292,-0.001174291897688029,0.013068610879749976,0.05727405685207376,0.033279851996985244,0.0083662658523318,-0.0004399615876646834,0.009541744055402646,-0.011561947856926658,0.013559480834858917,0.0011444092905987802
2026-06-29 14:30:00,0.005168116070847439,0.008062880113315352,0.0051850728964790704,-0.007898301195909063,-0.004927319420102272,-0.002176652398578227,0.0024619990492835697,-0.004336780260469908,0.0023069165309541617,-0.00017601408951417596,0.0003273282283755563,-0.00040044230731517416
2026-06-29 15:30:00,0.015666719080125624,-0.0073625039095395195,-0.006289387215776543,-0.013797388271418853,-0.011155293666539556,-0.003863069159786292,0.0014466250191143004,0.004484276236771834,0.0007587528914934083,-0.00014893376838731598,0.005175683993570601,-0.0006295282479360509
2026-06-29 16:30:00,0.01181149664711345,0.009470872107981698,0.0032738389989104277,0.003957694021521796,0.0023490150182805536,0.00017708270878991073,-0.003923667246240825,0.003147618968971422,0.0024484750099595942,1.3555378141738572e-05,0.0010226432151849707,0.0004006944259096201
2026-06-29 17:30:00,0.0005135583890716333,-0.004479092691634712,0.00024857221516683126,-0.004351664455124471,-0.002369784132893571,0.0009647551797575815,0.0030195993576871416,0.0007300448559712791,0.00010134353583080014,-0.0006231587121110493,-0.0010226432151849707,-0.0005151331612571752
2026-06-29 18:30:00,0.0071625575601359515,0.0046845914052875415,0.004005481568628788,-0.0016180496736852845,2.0769114613017337e-05,-0.0020989297870395163,-0.003170874320248096,-0.004832296459905017,0.0008844438971387092,-0.0011260930696632698,-0.005690054062309713,0.0009728357302387636
2026-06-29 19:30:00,-0.00036418218625478005,0.000975268588477185,-0.0037213198745957854,0.002907907243513641,-0.000520437606247981,-0.002929858676148811,-0.003575414165955415,-0.001358902515538496,-2.7022017178524038e-05,-1.2751110982200942e-05,0.0016824034471376592,0.00022872912013838231
2026-06-30 13:30:00,0.007523981211327246,0.014264139542889964,0.01548502820978026,0.009349935400648768,-0.0023557730425087797,-0.010682351963172465,0.0002579543861109812,-0.0031288786482512876,0.004887819160964035,0.009290089127409473,0.003729502024046205,-0.004240638070557523
2026-06-30 14:30:00,0.001348806911152245,0.0027277308502329234,0.00781830459813282,-0.0036940796491862216,-0.003764015705002066,-0.0006292488081092174,-0.0023850700042142847,0.0031288786482512876,0.001047202026222216,-0.006364166391741755,-0.010711258410823099,-0.0004595429412344032
2026-06-30 15:30:00,0.0023560799299531254,-0.001463987455169402,-0.00043371531526492646,0.0008763815020413901,0.005703281702485796,-9.001547278231214e-06,0.0011248618071961758,0.001212161849493576,0.0013810712800212954,0.0003245655270731618,-0.0012703992933618125,-0.0006897544813382339
2026-06-30 16:30:00,0.004360872605462696,0.001312650447069963,0.000988609268083529,0.0012259081808263517,-0.003965844289672837,0.005381178904516837,-0.0009574997863719403,-0.00044068745938830034,0.00026797279234802573,-0.0011906440479521052,-0.004529978789232558,-0.0010699068655100064
2026-06-30 17:30:00,0.0016841033981300768,0.003625858648416802,-0.001179478192554484,-0.0015899655515321243,-0.002470995259628239,0.002982993514111243,-0.002970169859564109,0.0021278011536498553,0.0004151873616091706,0.001569225735969404,-0.0013232457409202425,-0.0007128530852904547
2026-06-30 18:30:00,0.010671662976264429,0.0017578975975425237,-0.0019457202321504496,0.001145542963358892,0.0030145778638601683,0.0014603934974939392,-0.0007320681698823606,0.0016111407057906035,0.0008298579391574634,-0.0025985761163482834,0.0069816231281976115,-0.0019613411511141265
2026-06-30 19:30:00,-0.007442695086403717,0.00245586134918252,0.005410847274950115,0.004394928895207428,-0.003979466783979646,0.0028643287373366633,-0.0010689379226551665,-0.0012447240358488543,-0.001258454499640571,-0.0015733120048979643,0.0011289903764790665,-0.0024267543526015345
2026-07-01 13:30:00,0.01595497450673733,-0.018032194600598572,0.013639312230035117,0.025043233636117712,0.008609648305006878,0.08401830933191334,0.010608778483629955,-0.004332115868730391,0.0004554032868480107,0.02140512580029874,-0.018873010261241774,-0.008598680123275138
2026-07-01 14:30:00,0.0110375338397386,0.0037137668751716646,0.009142923438991701,0.011508323104854945,0.01232392898856105,0.024268172769984275,0.00852064293371324,0.0015073390392803532,0.003301860119020894,-0.004260554275013817,-0.009716700719420324,-0.00029180969993891637
2026-07-01 15:30:00,-0.008885656127248787,0.0006700836197639504,-0.0027313582060122243,-0.002835525452075771,-0.00446963726624805,-0.01512574443807857,0.005218038831214855,0.004435327769622965,-0.00042700898862779724,-0.0005204343076092854,0.0010628592471872977,0.0008750847823826291
2026-07-01 16:30:00,-0.0035460336037180795,0.005783475787390913,-0.002903092622718262,0.005701669997717929,0.008714811172700898,-0.0003479553804801583,-0.003974595288342542,-0.000219569393712149,-0.0013896722635697856,-0.0033563714565314484,0.0027966003759942737,-0.0008750847823826291
2026-07-01 17:30:00,-0.004441385692253164,-0.0005551380889707858,0.002428265488955361,0.0007732829754134585,-0.0008598454957269297,0.0056085081680752324,0.0002096027678897272,-0.0022706295963521583,-0.0010567774043925837,-0.001555005916137553,0.004228359670355175,-0.0003970228416889654
2026-07-01 18:30:00,0.0032800726050776774,0.0060645227608340235,-0.00268294832302729,-0.007616615615264166,-0.008557089309886301,-0.010223659995411083,-0.0025028419405455082,-0.0026433720074026112,-0.0002677396202859228,-0.0007246568548566756,-0.005949760528106474,-7.003204815525521e-05
2026-07-01 19:30:00,-0.0014564819523039674,-0.00866766764739424,0.0007985984850567007,-0.0025084236401289317,-0.0015092073105034132,-0.0033714329038252444,0.0026374981326133806,0.001836412974961732,-0.0016614729706487807,-0.00503357704722962,-0.0036860821121500464,-0.0011685478774010605
2026-07-02 13:30:00,-0.05772690293945182,0.0013656237969028595,0.036045911440981016,0.011476749120914675,0.00988194778586493,-0.03660277092355191,-0.003838772793776535,0.015005109294617291,0.002999373197956068,0.019110803098369544,-0.005971499319044504,-0.0004678196100487142
2026-07-02 14:30:00,-0.011472539728885067,-0.015641073591247334,0.0011958778886418386,-0.0023054407764702134,0.0028230167471958723,-0.005183302443034776,0.0036292896185150525,-0.0026786157852045633,-0.004059394456690235,0.0014814752936924691,0.0012158455316191308,0.002686867640250945
2026-07-02 15:30:00,-0.01012846395408129,-0.005093061196300042,0.00872040072489888,0.00808309641103655,0.005622361113220897,-0.0013193452190130017,-0.00016017962813474895,-0.005670259399575883,-0.0018408351627554609,-0.0013226465479085903,0.006110268331434909,-0.002978216665051825
2026-07-02 16:30:00,-0.0048471800531828535,-0.0038258253747258664,-0.0009254944025736123,0.002132199879747887,-0.005111787103396992,-0.003583231495622563,-0.0022678353292171494,-0.00036382093824727235,-0.0027068756999018007,-0.001085886792587587,0.0032822113333370595,-0.00041074634437254787
2026-07-02 17:30:00,0.006906487926725546,0.003684479262628493,-0.001544396641238066,-0.0020222072180757777,-0.0041123691001123674,0.0025437972378341556,-0.00015012624051191636,-0.00029248783929869404,0.0016034248424352526,0.0026199590495288305,0.005047010268578234,-0.00035132196526976855
2026-07-02 18:30:00,-0.006446289825873919,-0.0033996574872956487,0.00030907020006587516,0.000639263570185733,0.0004099161480821678,-0.00038367677524320243,0.00013510547155082264,-0.002702767309785692,-0.0005521412546665161,-0.002447722664773444,-0.0029289656249700258,0.0013458413895968135
2026-07-02 19:30:00,0.004107031962433894,0.007814854011187755,0.002582702316561658,-0.004047076743914246,-0.0069921601347227025,-0.006168151916552844,0.0030117265279443473,0.0018999896047375842,0.0034025238828911952,0.0017867578709713783,0.0,0.00017539555489509695
2026-07-06 13:30:00,0.031090973133996336,0.009990062524418697,0.011323646108029273,-0.014268941378522193,0.0033376530015658545,0.008102314462424154,0.007764453430088913,0.00021899316920226397,0.006823740316741045,0.003880223097971758,0.006661735819821324,-0.002751523639683562
2026-07-06 14:30:00,0.015074889959085347,-0.0003078250908590263,0.005917004335788789,0.0069272214613747,0.006805551334705839,0.007175509254561341,-0.0022887740146071422,-0.0019727787545642528,0.0010928332100466065,0.0033927537994609125,-0.0005255768644074621,-5.8593032804310496e-05
2026-07-06 15:30:00,0.012873142295566353,0.0024725769995415092,-0.004250319105855382,-0.007109501346206137,0.0002859951534963656,0.0013850775416859307,0.0009369705150374941,-0.0017934241248651617,-0.00014650941349181323,-0.0012347821067502096,-0.007194620513184091,0.0004384251930567018
2026-07-06 16:30:00,-0.00016794097628203275,-0.005242136217995075,0.0004162620548919804,0.004624342616132537,0.0024273511818337923,0.003706598871459299,0.000638999999929446,0.0005126872889231748,6.659045761203686e-05,0.0023762459773628564,0.0007698412638665886,-0.00020398422121825632
2026-07-06 17:30:00,0.0023493417112678827,0.0015296915462768013,0.0022064200427429626,0.0013727873255726664,-0.0009987877404391554,0.008840079455096905,0.002185565149980029,0.0013904316172981268,0.0008388712708393697,0.0014283167148549936,0.002114177472712697,0.0002368002432007188
2026-07-06 18:30:00,-0.001006164063877435,0.0029507643293973373,0.0010534793434366918,-7.76516651761483e-05,0.0013654935092981546,0.0008314708939982651,0.0006923517211534502,-0.0015002790362146357,0.0012768665900200205,0.0003796294148195045,0.0019190920219722685,0.0009347595493736094
2026-07-06 19:30:00,0.006141163673423655,-0.006498126428551743,-0.00188434078190447,0.0015260962970415903,-0.00520694675440847,-0.000248168866308518,0.0009919721741864507,-0.0006593380297479356,-0.0013035124014670885,0.00017015121211461093,-9.678832371928792e-05,0.0007022597620878201
2026-07-07 13:30:00,-0.02495320953859359,-0.01917742268028011,-0.004357118770507817,0.01798163115252116,0.003617123822015067,0.01786021067383725,0.0071663539722903735,0.031311145998377476,-0.006154831909585212,-0.001335786203019218,0.021418087783596107,-0.006456125620576181
2026-07-07 14:30:00,-0.007538834301315411,0.006182739231531009,0.008408836881210746,-0.0013717988493491262,-0.00825460415332202,-0.007059480064874002,-0.004668510624534328,-0.0038071415822882315,-0.00044337354930856776,-0.003597066229501067,-0.0003686598519108131,-0.00047118105956478473
2026-07-07 15:30:00,0.002654248587901087,0.022232225544419393,-0.0029014708104186937,0.001727097538098299,0.005824216204279864,-0.001151782939980528,-0.002793877053856697,-0.005935385041258456,0.0032117455023552566,0.0007756826498210856,0.003886236019568834,-0.0012390888742652706
2026-07-07 16:30:00,-0.0010928270734531509,0.00025328901954413396,-0.0010543509377418658,-0.0011807108255048604,0.003714621717948674,0.002430635191236874,0.0010652934056478713,0.003901278489945703,9.34920601514122e-05,-0.0001445473408692166,0.001269298048161005,-0.00011673840121151358
2026-07-07 17:30:00,-0.0012784783236927666,-0.0008360896143555507,-0.0007060242702081609,-0.004507122252372042,0.0026043337138634826,0.024147868134412498,0.0024368642286090036,-0.0022888739683510906,0.0002002408520276333,-0.0011310299368236798,-0.00154978420460683,0.0002358929226273787
2026-07-07 18:30:00,-0.008437221967342978,-0.005744460051047007,-0.002319284275466238,-0.005951477383622894,-0.0019526141449954793,-0.009873199367349983,-0.0005459369799041269,0.013372451435318844,-0.0030621048652257343,-0.009107313214506974,0.023285915234599663,-0.0017117336444414377
2026-07-07 19:30:00,-0.0001736332566339982,0.003994095035185552,-0.003967479133802243,-0.0017216697410988857,0.0014647869131172442,-0.0011851584291973083,0.00144542524121416,0.0009181460561782373,0.0013383299423495032,0.002400544255928949,-0.00489852576645422,-0.0010640025489294658
2026-07-08 13:30:00,-0.019141046875508216,0.00040616253621106324,-0.00584333644394075,-0.017041164666177444,-0.011614232511412581,-0.01841996343079355,-0.015431211723552885,0.0040155893661610875,-0.006157781832428988,-0.01320110410680897,0.04679951627026746,-0.003970247162694562
2026-07-08 14:30:00,-0.008560603946946799,-0.0021341378969665925,0.003926218889183097,-0.0005233729581330948,-0.007555495874662199,-0.0038213896835666006,-0.0037788812639831804,0.0058536539619380434,-0.004274957370197896,-0.0072444658246491045,-0.0027189207667888127,-0.0012476100125971001
2026-07-08 15:30:00,0.004797539787742444,0.013454085406603866,0.004938372791093215,0.0011248256568787696,0.0013663360115172551,0.003713823623129997,0.00225103647633329,-0.011635591288188252,0.004261487179729073,0.0031825097481528175,-0.002550244667041568,0.0013069510077619029
2026-07-08 16:30:00,0.002573735289957746,0.01902559059765263,0.00805443792012106,0.0026110357806317097,0.003965500252627763,0.001826950482586298,-0.00016488198577224722,-0.009771080700890167,0.003519563031483486,0.007299111339632347,-0.014635070219600976,0.0011868049128134217
2026-07-08 17:30:00,-0.008749903197838194,-0.0043921376415925195,1.6224359379535258e-05,0.0008861918636773325,-0.002952003350000787,-0.0005122064121243497,-0.00331887765747485,0.006512778392873564,-0.0014090110633606656,-0.0006633121722376956,-0.004387720199153122,0.0008298719258101883
2026-07-08 18:30:00,0.0034684584184594414,0.011140049870551394,-0.0009873477802715414,-0.0009385559218593187,0.002085871233779457,-0.008791648642299421,-0.0029374939807924605,-0.0018520383940856533,0.0006980784200942836,0.00451504881169118,0.0017036761691429092,0.0005331062922167007
2026-07-08 19:30:00,0.002745753554913577,-0.0014929234561993354,-0.001770100258783991,-0.0010956582298762285,0.004939082121378391,0.005489042701110058,-0.002719355123953271,0.0018520383940856533,0.00013415220250845294,-0.0018142335229143214,0.005271837550894887,-0.000948001393823894
2026-07-09 13:30:00,0.0016616009465417747,-0.019363308044392014,-0.003741951807931798,-0.017127899424351334,-0.012289823352658935,-0.015027693803663311,0.012477873222179525,-0.018076511153449992,0.003469005704337391,0.010440366795582356,-0.01916471669883446,-0.00029644614484070075
2026-07-09 14:30:00,0.0032265081633973125,0.007388923436015382,0.007565258852041623,0.009462548327034526,0.00512019267011965,0.0170982765174994,0.0012840011416406227,-0.0016991172729028392,0.0025641074172852996,0.0006734340605394351,-0.006013718917394328,0.001658859260873946
2026-07-09 15:30:00,0.007099567558248587,0.0022594860156850416,0.001398253855775522,-0.001197656258885793,0.002148005657929275,0.016379517214517136,0.003619215086551719,-0.0007239475048876898,0.0011197074749631497,0.0013063919936415758,-0.0027454526360521925,0.0006497755360772572
2026-07-09 16:30:00,0.014545535775585705,0.0032281095225474843,-0.0005672897149988643,0.0030597717411655623,0.006888012620290596,-0.0027712337529459674,-0.0006990411366860627,-0.001993396196237285,0.0014842839926689777,-0.0004748395513178849,-0.0019722879071304433,0.00124275167820187
2026-07-09 17:30:00,0.00721958464218897,0.003346917934118565,-0.0005129898121225551,-0.0005081764414569534,0.00423258749695421,0.00550230922087902,-0.0013395368489215187,-0.0002176979590053918,-0.0004051400791285076,-0.0016902543539645265,0.004260723101578989,-0.0007092329362601291
2026-07-09 18:30:00,-0.004036258270114779,0.0013749021939437611,0.002698562209938693,0.004573894966838132,0.0017735642487126668,0.013280439563737367,-0.003216134980220886,-0.0027253418276380614,-0.00046657322237653176,-0.0007063006252634452,-0.005409171686835634,0.0
2026-07-09 19:30:00,0.0019449141165051032,-0.005214995520825383,0.002438257095926488,0.005125631670049202,0.006233474247999027,0.011571336404098354,0.0025005623963645363,-0.0002912042025062789,0.000732056366913092,0.0003890797997190276,0.0021121579638601062,-0.0010056386017982533
2026-07-10 13:30:00,0.0025426486266448833,0.022292010757722913,-0.009693193134252986,-7.80537260158809e-05,-0.0034063763752092413,0.05494870504879046,0.008210289164798823,0.0008732473501877891,0.00124469460801091,-0.004133216251263505,-0.0015616717344641984,0.00023667466874766063
2026-07-10 14:30:00,0.004870632040418599,0.006107717261711443,0.0006703959089300326,-0.0036755737636147146,-0.000893997548821801,0.011275474509099936,-0.0034214362868025816,0.0013808715635459379,0.0008816608479316201,-0.0009695133421825375,-0.005619345678731236,0.001005400740371698
2026-07-10 15:30:00,0.0026700036284426076,0.0058322469561851165,0.003234104210802613,0.004403864838845806,-0.0011512753800539954,-0.009179249490382624,-0.001856321305291786,-0.0016354945708094704,-5.307545739086095e-05,0.003117735447260017,-0.0005083090014661451,-0.0006504486037277601
2026-07-10 16:30:00,-0.0011329562015358619,0.0019048968060371152,0.000333899380001057,-0.0011707635991760057,-0.003371869925898885,-0.008381473698734432,0.000579563939266059,0.004536636460874988,0.0010615409180436686,-0.002174717207718224,0.0004158891721655067,-0.0013613647250618754
2026-07-10 17:30:00,-0.0031131035175535615,0.0005707258998564058,0.001207997565052743,0.0023660745355842394,0.0031805554532704505,0.00871802109172215,0.0010987072175412393,-0.001522063828468312,0.0005568440512426776,-0.0005710711840691829,0.0025839694860962936,-0.0004739725820162022
2026-07-10 18:30:00,-4.895828195650154e-05,-0.0016365559248336936,0.004183573708728794,0.00015580139522164416,-0.0006720025686330899,-0.0040679642875307565,-0.0015444609266381804,0.003475573581943614,0.0007023092951685683,-0.00014610266308245912,0.0027611894905721357,0.0007108294767812495
2026-07-10 19:30:00,-0.0028286454088446433,0.004675058941466581,-0.0026290495618281895,-0.00010389131630539339,-0.0006316490708693223,0.004867574423285781,0.0001485764150821467,0.0034634258864789658,-7.947433110633284e-05,0.0016194756687397671,-0.000965570369578117,0.0007104148511638542
2026-07-13 13:30:00,-0.024742651309576758,-0.011058752557657314,0.015295200638086648,0.0013495085252310801,0.004960978090181811,-0.018563308845841675,-0.00381145318131626,0.02664398562767545,-0.002400544255928949,-0.02253441681301016,0.04378551800443997,-0.003259956292638755
2026-07-13 14:30:00,-0.0013713074948213944,-0.003962266818247073,-0.009319033895308415,0.014009299829950805,0.009024988294803471,0.003813131367471634,-0.00611974484724076,0.0030903486298479166,-0.0009432562725679716,-0.00021703634350878076,-0.0037053255855958867,-0.0010811282200746675
2026-07-13 15:30:00,-0.007796476210026881,-0.009112369771959727,0.00047272695801492404,0.0031915055819125016,-0.002413623083400651,0.0015378604691527187,0.0007051974975649244,0.007384203082877683,-0.002781752782691882,-0.003139247330378403,0.008010990968113418,-0.0011774455947906048
2026-07-13 16:30:00,-0.0018805163835846628,-0.008191935126887095,-0.002839816062482292,0.0006243305739115357,0.0010660360404459723,0.0004540625720803604,0.0034286017844031846,0.0007284667400098144,-0.0006399313284992658,-0.0012666318804006593,0.011604477083436038,-0.00035706456982165236
2026-07-13 17:30:00,-0.0020110592090318846,-0.0029911542875913355,0.0011700862332730821,-0.00042045482602226514,0.00030189947566405806,0.003308563564682565,1.4961050638362394e-05,0.006704948275054967,-0.0007604914530299212,-0.0009681172466695642,0.0272620483242747,-0.0004167971110558
2026-07-13 18:30:00,-0.0014506048875233546,0.000981676537612941,-0.0016126104223479487,-0.005110264908957163,-0.0023971938615643396,-0.006529422279346164,0.0012009885597370484,-0.003969128354564866,-0.0011484695034686965,0.0009427466097369219,-0.004819716957380926,0.0004167971110558
2026-07-13 19:30:00,0.006863301595235072,-0.0017186231212766856,0.0034399303521475133,0.0015614410656308308,-0.0021806200946370424,-0.0029952688050558507,-0.0010216558266176179,-0.00010374994857453856,0.000961576472461978,0.0008972302082046468,-0.001525750435440898,-0.00023808361425459168
2026-07-14 13:30:00,0.006971991970678992,0.0100349944583904,-0.007837409680059082,-0.016309610404372066,-0.00795487558593333,0.0016507951164301815,0.025931829139427265,0.0039006758384525497,0.002147001297249318,0.018616465679414773,0.017253948690537868,0.0035658592230287667
2026-07-14 14:30:00,0.005514617684152512,0.017209942208048723,-0.002040545737354904,0.003101883244911896,0.0013030586435851532,0.004277767982789449,-0.0016613691639326689,-0.00642872243919701,0.0025941082657068293,0.0017626894720326192,-0.01099367779505922,0.0016597442124437478
2026-07-14 15:30:00,-0.008074074179399204,0.002173564164859698,-0.0032825015287549775,0.001993577142082259,-0.0017921981549600119,-0.0033357050569913227,-0.008892734826977389,0.004083166736161381,-0.002500857798665379,-0.006236766109907421,0.01098954073318037,-0.0038571919693719536
2026-07-14 16:30:00,-0.002931703493289639,0.0070140978908161955,0.005094436286136705,0.00032223681717269415,0.004778824059516573,0.007044964664124187,0.00030901262361737736,-0.0021086702634418586,0.0020224592129602925,0.0008588726134242108,-0.004934184909460626,0.0012490268536167193
2026-07-14 17:30:00,0.002728178742584575,0.003546255553741773,0.0011109718978232763,0.0004017232498014778,0.003766286124653462,-0.002801491627899999,0.0005882160648633672,0.003626967518327362,0.0002658322831354809,-0.0010199831389527958,0.003849047434077768,-0.0004776301948004047
2026-07-14 18:30:00,0.00046656761481767006,-0.0023859796918799248,0.001537379106769876,-0.0019911055086128115,0.0018374822544071634,-0.001399858432336032,0.004665714832766454,0.0006205342758169863,-0.00046519202016437333,-0.0017736847340197315,0.0027521958443470496,0.0010700458784951294
2026-07-14 19:30:00,-0.0013625227107949556,0.0024818740343999224,-0.0024895097718857784,-0.0030616529876681398,-0.0014131670836823318,0.001165469104313921,0.004000523952531587,-6.898766701013415e-05,-0.0003723744318220312,0.0011826966333572386,0.0010820932111288428,-0.00201982088624586
2026-07-15 13:30:00,0.004006497289679167,-0.005302087725455706,0.03061376902356905,0.025873559792641387,0.02887209009408931,0.015490233784825058,0.013566275909799863,-0.008374561523209145,0.003650874645517277,0.0005641065036057213,-0.0009155655342221181,0.002079133707834302
2026-07-15 14:30:00,-0.000540813486461289,-0.005616620488335222,0.0027985923295457127,0.004319312179125845,0.004191428698772981,0.010504605470772255,-7.328513982951534e-05,-0.011534217221085719,-0.0013459726739775135,-0.0022852809265971885,-0.012232048657381256,0.0008898132454602248
2026-07-15 15:30:00,-0.012036380395274549,-0.01268150046198091,0.0078007654088789735,0.002278432719315937,-0.000566982173448416,0.007415328945521438,-0.00043156969835589365,0.006272938765466307,-0.0036890480884403942,-0.0033163350799334523,0.009229853245779296,-0.0013052580715191553
2026-07-15 16:30:00,0.008318162298896148,0.010435537593633804,-0.0036022481921378358,-0.0030474559431032944,-0.002447143334014079,-0.012587193844977307,-0.0011659759713289475,-0.0010485418177346162,0.0026335846264418095,0.0029929612629020497,-0.0022576561260052586,0.001068015749090101
2026-07-15 17:30:00,0.0015394142569951086,0.006865354457127104,0.0024436259816571493,0.00017657214099298102,-0.0012260007283719787,0.0034902285030806723,-0.0049090662943998,0.004222551410420827,0.0024213329041025133,0.006628922437363016,0.008668173290431902,-0.00023720810606331355
2026-07-15 18:30:00,-0.004574578686397324,0.0023657300545369964,-0.0022295526667948096,-0.002415212466504002,-0.0014047433474804194,-0.0014478336157353056,0.005269081574327039,0.0049674185539965166,-0.0013326637186326096,-0.004624638694912697,0.0022207568538599176,0.0007708789822231665
2026-07-15 19:30:00,-0.0014449772851987674,0.007186093279531569,0.0015581622137919027,0.00015544638853182136,0.001963634100745182,0.007225822020160422,-0.0008353706711039521,0.0014197050972999392,0.0014585056506568606,0.0004164255035075115,0.005220381409847263,-0.001423604769263953
2026-07-16 13:30:00,0.0010522596521287397,-0.01670475858492715,0.008511428659701892,0.0009095904274545319,0.0018423116771630887,-0.006575498398328605,-0.00462189876686292,0.008647655907161322,-0.0005036245949989748,-0.01474736770327656,-0.0037136793699454884,-0.003925327179494786
2026-07-16 14:30:00,-0.0022198693066579622,-0.00918160115296196,0.000786716426733669,0.007422211869355877,0.0014479236759186165,-0.0025223745894553673,0.0005933341902002454,0.005098264997474011,-0.000729192342759255,0.0029669070695579336,-0.006802744954602424,0.00101370767824438
2026-07-16 15:30:00,-0.011341147568156629,0.0007724421673103166,0.0015413507760841938,0.004483689334536578,0.0001563826016592884,-0.0075606135638848215,-0.0010567099896734433,-0.00034137602160377867,-0.002484001808743308,-0.006079324242208806,-0.0004995633688906764,-0.00012018435367711078
2026-07-16 16:30:00,-0.0007063345925306663,0.0004950038868027917,0.005300835330745102,0.007526240659767147,0.0027331904384588768,-7.47914028496055e-05,0.0002027699047610909,-0.005511869155145455,0.0010301827055396728,0.0001366813649932297,-0.006601243278424818,0.0013088950658675103
2026-07-16 17:30:00,0.003950844737543591,-0.0020887924957389004,-0.004938531242347111,0.000767274624287495,-0.014334464916944789,-0.0027575186538451035,-0.006013023868542966,0.0026056148482549446,-0.0023876388699752837,-0.000328133439424505,-0.0010485038918917056,0.0005944606134482555
2026-07-16 18:30:00,-0.0006403196814579459,-0.002032118796483573,0.005208835168170722,-0.0057331445435320205,-0.004826710051807126,-0.008077436610174793,-5.824134869758524e-05,-0.0014734105441842615,-0.0024133152431309313,-0.001971148589830385,0.00033564855178536135,0.0001782511643408924
2026-07-16 19:30:00,0.0020348313698823617,0.004831627479763512,0.0008405091240719642,-0.0015693823805857932,-0.006750685326410988,0.002697193743836479,-0.0003497861986438977,0.0010967419207412732,0.0022135864330570243,0.00027401935089255147,0.0006289975624644839,0.0007519136337839072
2026-07-17 13:30:00,-0.02629513240481529,-0.017847621025903315,-0.004300025291098741,-0.020629161920854955,-0.005577749345762939,-0.04614742321260845,0.0024309416802248407,0.018496147904442317,-0.0059114492870131485,0.0051100551967406815,0.031607218350054644,0.005171923453954896
2026-07-17 14:30:00,-0.0007876227280974035,0.0006131583888402403,0.008447232765112389,-0.0045658707010538535,0.0006436448368409842,-0.00724368495787342,0.003903226009585481,-0.003806977852645055,-0.0011932251894481993,0.003564283489747133,-0.005866085203634519,-0.0001771982616132206
2026-07-17 15:30:00,0.004978789533645944,0.004452515626588216,-0.00873355998039127,0.003776620928276131,-0.0016098280714080815,0.021264760778897163,-0.0031620243082146615,0.0019557806480241524,0.000663805968441622,0.0014384358145447251,0.012061310014966686,-0.0004135547005308382
2026-07-17 16:30:00,0.0051624743662959105,0.006326457527333851,-0.0036388802260347575,0.005182433477026294,0.0019716733167598477,0.012922521859731972,-0.00241456118837835,-0.004118431498217667,0.001245962711415416,-0.0013705549703475484,0.002861951351803782,-0.0008277130887526241
2026-07-17 17:30:00,-0.007517863882483766,-0.013377444034952113,0.005536142999103433,0.0003420328302912168,-0.004512477967145934,-0.007684073624338872,-0.0039689112305607566,0.0016224264538324817,-0.00423993055348415,0.0004534153513864325,0.000496567343447829,0.0006503199139027416
2026-07-17 18:30:00,0.0021070219254530898,-0.0021202909300539474,0.0013679592077684433,0.0020874653950313515,-0.0015761056835366105,-0.004686985860050896,-0.0019025760268824854,-0.004230482573644778,-0.0007398748445028858,-0.0025331239081314294,-0.003237431367859145,-0.0005486118638389215
2026-07-17 19:30:00,-0.004625562123077742,-0.0016025296592383498,0.002730408686627328,-0.0046871876454384065,4.0421859814010475e-05,0.0033103393921489754,-0.0004101978991846167,-0.00023746187937501162,-6.652489745739842e-06,0.002636339975071067,0.0008875670290056092,-0.00016091465984935382
2026-07-20 13:30:00,-0.01545943982278608,0.016129570481030697,-0.020340919946418623,0.0014085187300008073,0.008798087008569766,-0.006257876327531164,-0.0031704623921138264,0.00467054992294802,0.00339186781933698,-0.0022826826636554998,0.0010479617459235868,-0.00426794503053074
2026-07-20 14:30:00,-0.0024840555303642375,0.0026914385184984013,-0.006503873621935163,0.008639677317885841,0.007249758342596557,0.009318079390927991,0.0003234191415071308,0.0033708654168060903,0.0002547718064951354,0.0025269292963221446,-0.0017740607581160361,-0.0013255303086241454
2026-07-20 15:30:00,0.003723773171545375,-0.005901497819458257,0.000307758440511563,0.009367451504735058,0.0048279487597948645,0.00626890835399152,0.000337930767408956,0.000941805573895671,0.0008443012420489282,-0.0009991461401037682,0.0024980747308980256,-0.0012975712211664714
2026-07-20 16:30:00,-0.00838809133896401,-0.007260494935199091,-0.0008619060398462608,0.0009958536301386545,-0.008096805848019528,-0.0035334180147073013,-0.003001514863815835,0.0007393756628104597,-0.003193311391319398,-0.00016845929671038817,0.0018508159671783986,-0.001007102264985349
2026-07-20 17:30:00,0.0011010210120607766,0.0025484173759098283,0.0037500465483066847,0.00016165286559211012,-0.000758962430247756,-0.00233432118008281,0.00033883192156825004,0.00023516459066819095,0.0004702108712555386,-0.0012912473504513855,0.010153179019340541,9.424289621584592e-05
2026-07-20 18:30:00,-0.004141818028377209,-0.006630014200379897,0.009405182962010983,-0.0018052523018443623,-0.002640861277709128,0.0008018558308950929,-0.0038668709749165586,-0.0017144629971825864,-0.002339955736188948,0.0015765005929750942,-0.0009542667971293994,0.0012165367570418084
2026-07-20 19:30:00,-0.003942518301654374,0.0020677522694914074,-0.007076149828534994,0.0031851091854875335,0.002021293643869271,-0.004510981993335328,0.0022747665534801342,-0.001414139273079762,-0.0007946363699140591,-0.0016173459422770264,-0.0004778397650682109,-0.0006551750587320271
2026-07-21 13:30:00,0.03462188212081507,0.009834433474572357,0.0001223617386276743,-0.0035590903555275943,-0.01059187064453937,0.001454369480955009,0.011558777089745398,0.013520079620842118,0.006353209646018598,0.015548157162701415,0.025560748525333743,-0.0029404357579254636
2026-07-21 14:30:00,-0.0018311669939530262,0.005873978382322065,0.005022012558259625,-0.005851324253311141,0.002159585065310665,0.0016992923077578936,0.0007438137073219053,0.005734130081012978,0.0015118439753809554,0.0018731118539720981,-0.0004660004635299586,0.0007932285696563568
2026-07-21 15:30:00,-0.001506756859195768,-0.0073600261434441094,0.0007153228965863789,-0.0018073232477560097,-0.002402129694511146,-0.0005404093192549198,0.005769111256059389,-0.0006612629798405933,0.0008819280252696515,-0.0002272453286282783,-0.0027228311077145406,-0.0010155511632072844
2026-07-21 16:30:00,-0.005007802472389855,0.00505822079499918,-0.004727815505308541,0.0035988567700249163,0.004899101955862406,-0.001336682090896879,-0.0004637921749317542,-0.003345902110412524,-0.00040077995658194254,-0.0009630813859846654,-0.0016371691652521392,-8.363454009252536e-05
2026-07-21 17:30:00,0.0016061038116701454,0.0006062443350272062,0.0005195791432646146,-0.0016661004710005756,-0.001469234318330237,0.0014138743765892414,0.0004927112450934246,0.001989015197217725,-0.00020040944115429227,0.0029262936272438367,0.0021823763348987057,-0.00021527482605510073
2026-07-21 18:30:00,-0.008296405833864817,0.0025180598607548177,0.0021215937661320794,0.0018038366514305793,-0.0023794503514871224,0.002606240249309444,-0.0020014566346100437,0.002117291551265943,6.680760981137013e-05,8.038336762528075e-05,0.0030318317869273415,0.0007769603569318662
2026-07-21 19:30:00,0.005344687301938933,0.0019808602024520283,-0.0010525952656861293,-0.004691710443784913,-0.0006058895345733006,-0.009050637963379238,0.0022333095881750253,0.0027720839019078625,9.355578082637095e-05,0.00013338792648909248,0.0004647739615579738,-0.0002987664850353511
2026-07-22 13:30:00,-0.003794020295961431,-0.0018382228027498115,-0.009554304919292989,-0.020234083133455982,-0.0152463190969927,-0.021269899627356814,0.003528364147594054,0.014006377131255299,-0.001377385391251984,0.014989300141107442,0.028152369080747697,-0.001794384482106004
2026-07-22 14:30:00,0.001356539182748584,0.02577948932311891,0.004075148315820343,-0.00011544365974547333,-0.00010253800989090678,-0.00041063601135693517,0.005943967142699513,0.003147262424738173,0.002819499842217077,0.002520193131886117,-0.0034759495484033565,0.0007779832601872982
2026-07-22 15:30:00,-0.0016614502052272329,0.006107620870313468,-0.0028123550837948486,-0.0015668554516743427,0.0011890576204365289,-0.0006116630404529033,0.0008318599131129645,-0.0012966188382170785,0.0005869595254797133,-0.0018632751089819877,-0.004399960310397688,-0.0005384971731663413
2026-07-22 16:30:00,-0.0004502998509261502,0.0012170319817901287,-0.0037622469363993716,-0.003114969192676398,-0.0041058365658734886,-0.0016779811746445716,-0.00518927007474268,0.0015233815659998484,-0.0010747668372568242,-0.0006306073461104234,0.0037185054229587067,-0.0004190926158269548
2026-07-22 17:30:00,-0.0038249154137917074,-9.35158535035896e-05,0.0008183637772019026,0.001957593861712681,4.068423602543447e-05,-0.0025502669809700507,0.0006339362388398939,0.00025902387280574146,-0.0007405564619418215,-0.0029877938259490477,0.0015137525149464537,0.00023952909899804808
2026-07-22 18:30:00,-0.0025447965256235605,-0.001826310554962518,0.001573206270045091,0.0021851345622971863,0.006357313147561605,0.0009491691880496589,0.001324173919142524,-0.0004857866005885114,-0.0006548526954173184,3.950235242644595e-05,0.00022685960061252786,-0.0013777563529098202
2026-07-22 19:30:00,-0.0020137331344534104,-0.006065227987591015,0.004397887118416044,0.0022059399431446636,0.0007356871933330567,-0.00019931991876376287,0.0021839997961077273,0.0006800351832634277,-0.0008961004558623031,-0.0006223232525828237,-0.004167485161214124,0.00011981666053095807
2026-07-23 13:30:00,-0.14389590172322198,-0.016565307725874945,-0.013532105226823354,-0.018255187125049588,-0.042437049327755716,-0.031162923102294293,-0.0030761947310997684,0.02018981654595109,-0.010127014620709751,-0.01880968708060049,0.058541092288747265,-0.004890838899013872
2026-07-23 14:30:00,-0.013629124361361988,-0.010584349181639752,-0.0006533953549121563,-0.012142204625073205,-0.00993842698752534,-0.014166282195911428,0.00028791163622443605,0.00348369500678114,-0.0052450332123248344,-0.0023142780443192734,0.008343768724976997,0.00020474565202999173
2026-07-23 15:30:00,0.0174810518271995,0.01562494192142072,-0.0028679813141012644,0.005358106305553889,0.010790565702666122,0.008507287266050767,0.0021867209693464673,-0.005579810489408921,0.004771853435454609,0.0009155931249651417,-0.006555051465661599,0.002044145481744586
2026-07-23 16:30:00,-0.010821946734970389,0.002382314774363792,0.0015910095108750966,0.0021939521290512687,-0.0013211344713859319,0.0025116651562324677,0.001103828003233609,0.00044494495692237734,-0.0009471144007271448,-0.0006731558971591056,0.007548800783514054,-0.0005987022548810117
2026-07-23 17:30:00,-0.001477778925984552,-0.007451658617781298,-0.001871685727076411,0.00038001249915353696,-0.002412402271962044,0.00036307070795427165,-0.0018667066812350086,0.0013972769816525954,-0.0018019841415801707,-0.0006062444347243456,-0.005334481224634757,0.000539829400421965
2026-07-23 18:30:00,-0.004227865072507164,-0.0034821359519368045,0.0004679404219665173,-0.0016653340989210008,-0.0033185671320214993,0.0019120771513252421,0.0026839804877045736,-0.0028397264159449875,8.135813969278871e-05,0.0008216674670906698,-0.004934470778818145,-0.0003005623344840558
2026-07-23 19:30:00,-0.0011885294430191706,0.004105183987489269,0.0037072896460665916,0.0011935562516187659,0.0017569958864847024,-0.002192652261642003,0.0026625738921799424,-0.0016129045160910849,0.0009351845069192066,0.0005384778444685878,-0.0004301517160643087,0.0
2026-07-23 20:00:00,0.000719740275221703,0.00028744100146127494,0.00015551265099222888,0.0003931636610161604,0.00042808999949350834,0.00021451713031783726,0.00040014902093776783,0.00019122727896903058,1.3560152797076341e-05,-5.388402368744494e-05,0.0002868612952324767,0.0
