,TSLA,NVDA,AAPL,MSFT,AMZN,META,JPM,XOM,SPY,GLD,USO,TLT,^VIX
2016-07-26,-0.002176151512766289,0.016917831097266633,-0.006906960406505291,0.0005285997120130226,-0.005450127867068222,-0.003376654910153043,0.004062459016092035,-0.007293278147781912,0.00046176151012478073,0.0042152110508260066,-0.004948074483441367,0.0015849294015088944,0.013889135668433639
2016-07-27,-0.0044541452760644695,-0.010116574944045498,0.06294048681088249,-0.010093024480769763,0.001467155663808395,0.0173377738068341,0.0031139250014908804,-0.00679671637656476,-0.00106197330191371,0.015982694972101363,-0.01801853646613072,0.01237579291879598,-0.01700197570338302
2016-07-28,0.00923548015993969,0.002138126544073804,0.013411119813723005,0.0003558428063006325,0.021407158192586984,0.013369000606181736,-0.0035816770652168373,-0.00784073318258205,0.0011542008577709595,-0.002894093409240739,-0.023506401253288622,-0.0018501158786703442,-0.008610593776210873
2016-07-29,0.017963576089865096,0.016243646604072737,-0.0012465416195226453,0.008326707297067859,0.00820418681480728,-0.008516230033161598,-0.0020300005654116937,-0.013954987272017938,0.001613431895131967,0.010286811942904706,0.009264106521049698,0.008299946999080099,-0.06916137992441973
2016-08-01,-0.02056875946097403,-0.006501144992866803,0.017502719838105474,-0.0017655520727459795,0.011699787950620877,0.0029808391964749603,-0.002660915103244399,-0.035356312043584026,-0.0008295106165192578,0.001859067119480251,-0.03651948649422465,-0.010901139831870132,0.04690285459939947
2016-08-02,-0.012292084744155218,-0.012237369613903704,-0.014915114147583619,0.0,-0.009369878729160064,-0.009862537257430581,-0.0023540862282915853,0.013649613477302758,-0.006427919318833908,0.008092864929715837,-0.00853793069980302,-0.010356033985536861,0.07209632897453488
2016-08-03,-0.006225314026186091,0.0026734159634001498,0.0124600371736876,0.006869178710184887,-0.00784050937071834,-0.004723136714392062,0.015743492787101854,0.00515697801627546,0.002918460134127443,-0.004770787598633142,0.03785937591659572,0.000577752718384339,-0.038891690441796634
2016-08-04,0.02112258214145024,0.018338945777591598,0.006158818645321418,0.007345411009161307,0.008090350914207178,0.014987779335529083,-0.0015476888657164345,-0.00011414354262750948,0.0010630630199228719,0.0016954476164983134,0.015361343972484676,0.007485773106791882,-0.034813609464362294
2016-08-05,-0.0025182407097394943,0.016807262760971997,0.015093021605889323,0.00988249886855197,0.006824930154292641,0.006332526001393113,0.026594507573190818,0.0009141286242533297,0.008145799900562523,-0.01802544401051165,0.0020304072237298243,-0.010452044124497739,-0.08657227504660048
2016-08-08,-0.016966983873728303,0.0092355068547752,0.008246090862249478,0.0017242209429362276,0.0007568958830050931,0.0008785340088124372,-0.0030208099279653844,0.011694273434806668,-0.0005956728768392594,-0.0008627837547008355,0.024049327821701993,0.0018825648409848128,0.009611227767642117
2016-08-09,0.012828586863653069,0.002550440727256964,0.004052309543546961,0.002408273281038209,0.0022803641761202087,-0.001598004197293612,-0.0034856757218322265,0.0012408760813276132,0.0005956728768392594,0.0040720231674322704,-0.002974785191462992,0.009788182068161788,0.01381713246670202
2016-08-10,-0.015086200330822752,-0.006473356314751211,-0.007472365601453035,-0.003097322360765542,0.00032535641185260644,-0.0014403102626818765,-0.00899762255034764,-0.017664825532755835,-0.00247807296417335,0.00467799451232942,-0.030244163516330858,0.0038601279320467086,0.03290050792937693
2016-08-11,-0.003284756490719687,0.020133944238619472,-0.000648201064124887,0.004814142744201888,0.003480945661343604,0.0001601643428852384,0.002753847569614276,0.003581027678107418,0.004630065210985634,-0.006946906948685161,0.0440511230041114,-0.008958579040638348,-0.031186672237139224
2016-08-12,0.0031074879474335404,0.05443786210275553,0.0023137813206051128,-0.006194188179151183,0.0017100167029187041,-0.0001601643428852384,-0.0021411919734277696,0.01294646447567338,-0.0008692937982450744,-0.0021170403750341293,0.02800762125066658,0.00838782624425427,-0.01119255004650066
2016-08-15,-8.864605708724937e-05,-0.0009527033512148897,0.011945551198381033,0.003101815841026312,-0.005282095171927459,-0.007878401986040728,0.006105094129872146,-0.00045565480859277585,0.0028793953958805574,0.003447698256792364,0.024460318841707185,-0.009468646862267782,0.022261212258253504
2016-08-16,-0.008815727347136537,-0.006051850169068562,-0.0009142028029218707,-0.005555396970099213,-0.0058074027950856255,-0.004854403100313931,-0.00015219662565080228,0.0012520036565035753,-0.005170584861698302,0.004915970173445139,0.014760401298199,-0.0026697567827502766,0.06791975014042428
2016-08-17,-0.0016560451065990023,-0.023435401046880355,-0.0014640073178746604,0.00208683635496687,0.0007718881392055899,0.008640510716287686,0.002735549715735086,0.0021584689882798713,0.001878818055389253,0.00023348078990270693,0.006389770285773366,0.005979487086746005,-0.03625050681016839
2016-08-18,0.0012087703175120978,0.015416179051668033,-0.0012824804703770454,0.0006946454865648377,-0.00022233212519351397,-0.0037053577703796137,0.0009100390374903178,0.009038660930133169,0.0022415507970707793,0.004735854578728826,0.02781699500832957,0.001579610175094004,-0.06437440456389032
2016-08-19,0.006644211263916677,0.002573126344764032,0.002563775494611953,0.00034684420872643784,-0.009396973130926245,-0.0028287611837978233,-0.0013655952933673277,-0.01256276388285471,-0.001463042952378757,-0.008868887925520319,0.003533569157841754,-0.005249195269101392,-0.007905192750934376
2016-08-22,-0.009242550052637188,0.00416746444003846,-0.007802591576671958,0.0008676998603598385,0.002861244945909558,0.004763688025171575,-0.0009110570077681679,0.002161481844589197,-4.582120264196021e-05,-0.0014858453674486682,-0.03317201312645679,0.008399219646279654,0.07882098427504403
2016-08-23,0.008531173936035863,0.00805961826294238,0.0031279020326446805,0.003807478769613848,0.003903005725525599,0.0017704309290058617,-0.00045633025527269666,-0.0030733188140921186,0.0020116951367139535,-0.00015650499362607206,0.010879516492455998,0.0010725310337234006,0.008924980470093935
2016-08-24,-0.009922740252936713,-0.015539046155559788,-0.007561557393362062,0.0010360738565431404,-0.006843538827050466,-0.00718169513811695,0.002732982556408192,0.0034140984544626107,-0.005128279246923384,-0.0111768641429979,-0.024647569907777722,-0.002359919212938877,0.08289681536635118
2016-08-25,-0.007484565788911546,-0.006641397796491033,-0.004267380828587797,0.0037891901594204747,0.002598122123023572,0.003314831155485365,0.0018181980337117487,-0.006382739829934536,-0.0006884827962485573,-0.000870990125855009,0.011943193630250981,-0.0038009843523543196,0.013294162237876161
2016-08-26,-0.00439960430209041,0.008093252658550099,-0.0058737654411067375,-0.0024097955055815135,0.012799437467918562,0.008599538684335606,0.0022677339442762623,-0.0021745283201415333,-0.0018853467829682558,-0.001426988513934191,0.0,-0.005837398580126774,0.001466239579774875
2016-08-29,-0.02201424402684493,-0.00064489551096647,-0.0011228276317081232,0.0012054760372013362,0.0029734198958752955,0.012564779428265282,0.010963654650841814,0.006510248001073471,0.004912198300496939,0.001981375674593444,-0.009174323698832865,0.013281938536279903,-0.0534162370395892
2016-08-30,-0.01809971413229583,-0.005823875278572199,-0.007705889771947305,-0.003620944547583438,-0.004821658543237017,-0.0055471624069767245,0.008181505761281294,-0.003649814661324413,-0.0016499487518446543,-0.010106354775587967,-0.011121601164400197,-0.0038586064106516105,0.013814518148433041
2016-08-31,0.003165273370958843,-0.00471709972707135,0.0009429472102948644,-0.007455396058169583,0.0020562643429058447,0.0022225344357007515,0.0,-0.004351339724646408,-0.002848241089070669,-0.0020015218438294013,-0.035091310288493105,0.0014309248375905526,0.022608362435316387
2016-09-01,-0.054473402159251005,0.029080976451423712,0.0059200522598059635,0.0022595337122055525,0.00189632467638301,0.0003963967302844651,-0.004305946714353137,-0.003448770820194902,4.589880385807987e-05,0.004078880664930118,-0.02938499730908095,0.001102854029104705,0.004460934296802499
2016-09-02,-0.015004733126627645,-0.009866518015371029,0.009326007454319551,0.0013883835763501828,0.002359038801240221,0.002691241352099638,0.004157396349901976,0.006656985653068936,0.004497819783936485,0.01016445482850692,0.017734390876626094,-0.008189458551931317,-0.11796851704878542
2016-09-06,0.02521291723393171,0.009391407420216547,-0.00027827934729840464,-0.001040883636874046,0.02104717637633291,0.02513390138568994,-0.0007409496716048736,0.013069114525808168,0.003018234423378452,0.016766351430797855,0.014542240895091929,0.007258893033699643,0.003333412713915518
2016-09-07,-0.005537190401391889,-0.014843549558476499,0.006108942412613505,0.00086740388659301,-0.005580501891665701,0.010123508532575265,-0.004160410462119124,-0.0037328743797866437,-9.176663538479346e-05,-0.003424413203932275,0.012434412668508088,-0.000716886536794803,-0.006677894369882864
2016-09-08,-0.021801547188678327,0.00720944711692445,-0.026558313924606836,-0.003996795250972074,-0.000535527546574599,-0.0059696999705289855,0.0013391791876755654,0.009137582804721767,-0.0022853478711191144,-0.005315481388614707,0.04097403417721246,-0.012620005539800694,0.04663426995405162
2016-09-09,-0.014751515384118452,-0.05109156898652489,-0.022910318171966093,-0.02147225507081263,-0.03098289942021193,-0.02463496662941278,-0.008962073133492954,-0.025130808603812227,-0.024226027448642107,-0.0066053267601926535,-0.03434211097844031,-0.016611989317393494,0.33567253815473874
2016-09-12,0.019503095795038394,0.020454867799350795,0.02215204199955778,0.014833676443235966,0.014821110815878669,0.012432216041334598,0.00613271202875465,0.005168706203411588,0.014245326889555265,-0.0012631537514558033,0.004710342158682046,0.0005165798519755072,-0.14354051078040708
2016-09-13,-0.011411350335593706,-0.014591497101383133,0.023525900589477455,-0.009156754546173484,-0.013677265744095557,-0.011567033866045406,-0.007934551837699644,-0.024117087737034026,-0.01447968539260902,-0.006657679739988431,-0.02570350497500673,-0.011422880838125593,0.1633431594474395
2016-09-14,0.0018345952441611857,0.008813386814225221,0.0347750275275267,-0.004787770954702175,0.00010516043517272422,0.004392486354940495,-0.001955931567644953,-0.0071842508376152026,-0.0003751719249374119,0.003413652381389909,-0.027372161717464927,0.00149071489769792,0.016115881443765634
2016-09-15,0.020210831069030988,0.037213298751747004,0.033433215712554976,0.016395440054990384,0.011236227831537882,0.004529135605611856,0.003607921912490486,0.005657684981802191,0.009943026762977425,-0.006440074325495537,0.004943182533094337,-0.004329571532322163,-0.10695435003365228
2016-09-16,0.02454411750494989,0.002389635224467168,-0.005640002562440571,0.0010486735623871368,0.011406788285257985,0.005593966063798028,-0.012381212381026074,-0.012418452620304166,-0.0038725630749603113,-0.002475784418471072,-0.013902939027251371,0.00804793525276093,-0.058747510901842936
2016-09-19,0.004566012851566548,0.013121590955203988,-0.011729038386858015,-0.005605626389257434,-0.0044025668146487895,-0.0032592331127476726,0.005605420405762729,-0.0023827497076434057,0.00018709464621480265,0.002076861031547139,-0.002002048538777501,-0.003271537276964942,0.010356069861438666
2016-09-20,-0.008272913229984802,-0.00915125518236981,-8.797378225544605e-05,-0.0021098792066318595,0.00658389102716006,-7.7954052557061e-05,0.004070847683481205,-0.0155078188142177,4.685170529938887e-05,0.000957112416020145,0.008977631969762534,0.0034934368042938146,0.02480256524236024
2016-09-21,0.002830171141520843,0.02766880417046036,-0.00017597078607511918,0.016584142167698435,0.012127793126189612,0.010055041985775226,0.005701535082484721,0.009165708357138591,0.011182721710822463,0.014483211562644094,0.03224509304251466,0.008054742789769698,-0.17981213563989495
2016-09-22,0.005878858010439636,0.0024641670818372763,0.00937885200346189,0.001038404472013088,0.018765787320231375,0.0010770569058129453,0.008194622288640652,0.0028767802610549786,0.006281880271427731,0.002354443530493633,0.012422531319477237,0.007916961248878529,-0.10119208237811428
2016-09-23,0.004928963281630949,-0.0010772559601366916,-0.016804011779004924,-0.006768050532747427,0.0013039304990440925,-0.016432124549383254,-0.0020792904817508173,-0.0010776306149065107,-0.005494421877430433,0.0006269244831305087,-0.03282149473165319,-0.0009492220625597625,0.022213953283479082
2016-09-26,0.007396070699163371,-0.009436499401775267,0.001507078562559272,-0.009271386916607671,-0.008212302206602295,-0.005092648865969274,-0.022101361251805507,-0.004684791955854806,-0.008135374976976806,-0.0007836871273143586,0.023279492216734532,0.0063391191885173725,0.1653627289524886
2016-09-27,-0.015332982936980155,0.03362162404559765,0.0018587196636863368,0.01828521454401777,0.020987969934126216,0.010781307530764117,0.008778754397889443,0.002165047074458304,0.006189170439123259,-0.00731797170627857,-0.027212630367531965,0.007307905335109055,-0.10153639009959692
2016-09-28,0.002232554158387856,0.0036001895919022253,0.0075759787218205865,0.0013793946538389612,0.015333211087000365,0.004187307057713419,0.005260423521407098,0.0430297229880674,0.004951069627432858,-0.003164070980187006,0.048086188432108656,-0.002164914839985599,-0.05572253597621568
2016-09-29,-0.027374718827468225,0.009241562909258316,-0.015655179464456825,-0.010915703589372328,0.0003980905879390484,-0.008860600863826562,-0.016017357446242553,-0.005076085679108999,-0.009088559912985517,-0.0011891200048346207,0.02044683426829419,0.0025258107363939075,0.12359519090648874
2016-09-30,0.016455794888206032,0.01648094872228456,0.007725439199871786,0.0034782122402901017,0.00991395359780256,0.0014044807404518522,0.01421684181553795,0.00943968391899297,0.007517918233076237,-0.00341663600998654,0.005504639504404274,-0.008977229484907312,-0.053473044402402525
2016-10-03,0.04630612003964707,-0.0010224145378646687,-0.004699267635867255,-0.003129786361756093,-0.0006809737649837722,0.0038902999399024196,-0.0012019981271769176,-0.0026389840541174436,-0.002407182611780634,-0.0025502061636872853,0.015433812575551542,-0.0033061565460883457,0.020849581502971226
2016-10-04,-0.010773813020036549,-0.0021937141446082276,0.004256815900475885,-0.0031397625091336145,-0.0032440605848815807,-0.004514330127272537,0.008595406746256806,-0.009232278510536318,-0.0051107356212956034,-0.03532787258610437,-0.0009013275636027274,-0.011764315332470687,0.0044118027469197685
2016-10-05,-0.014052203493637005,-0.0010254251858626828,0.0004424517353913693,0.006963860942706734,0.012309537046675256,0.0021818948756697765,0.016233954490719515,0.008658028315553956,0.004415338229783572,-0.0015718922897907106,0.023173962415751426,-0.004669839891094263,-0.04809344104203417
2016-10-06,-0.036442283178419466,-0.013129595423268525,0.00740291102407209,0.0017333770007952332,-0.00320277194891716,0.0020994304074193337,0.0026555835492749758,0.00045949360776287307,0.0006953973915120315,-0.009316280206748573,0.013998465082188716,-0.005588271327766847,-0.011614502917052238
2016-10-07,-0.022082819919176266,-0.007303392987753399,0.0014915485716504584,0.0010382445723764455,-0.002653037041634665,0.0019400899288504192,0.0035296507367266194,-0.0034528065929615437,-0.003435085448320052,0.0006682890904556871,-0.015762174313151966,0.0006722977924420448,0.04864176137982401
2016-10-10,0.0218340507823771,0.0037329088527923715,0.017296356256103707,0.004144079197762718,0.0027124090570467274,0.009644093394397757,0.007751304479048038,0.019409174279262587,0.005194718533442888,0.0035015108361351466,0.02956738452996177,-0.005916062565869851,-0.007446008272215643
2016-10-11,-0.004238857426325904,-0.014561474789951512,0.002151845580460776,-0.014753407848380196,-0.012805732090881428,-0.010497271669339447,-0.004819367897702875,-0.007946325202739857,-0.012710004477511028,-0.005089499061391223,-0.0077419872796520295,-0.0022566803297081606,0.13800564211456878
2016-10-12,0.007021756054656159,0.004526112357001344,0.00890281828870565,-0.0013999693091348853,0.0037114927336450165,0.0013180518590862889,-0.0026382401208140394,-0.0069766349052118315,0.0013110627601990998,0.0015879882252560762,-0.01303796105016275,0.0009786108107316949,0.03518112739122037
2016-10-13,-0.00632240120348726,-0.016391036310585028,-0.003072567021450201,-0.003332417139213728,-0.005783397857695327,-0.009576834791627853,-0.005740952803062527,-0.006563473284873389,-0.003280467088715433,0.002418993710638695,0.005235567434310973,0.0037529088667271893,0.047861936913397685
2016-10-14,-0.01880326184953285,0.009745250990911614,0.005541098977162484,0.008745995092221293,-0.0076503034711685736,0.0004693084071991649,-0.003252833054367521,-0.00023109563920975518,0.0005160479176620214,-0.005597559798284024,-0.004361122668703921,-0.014110682553180709,-0.03474898053229625
2016-10-17,-0.013061373928427766,-0.005774786572468438,-0.0006803268042001598,-0.0034890594607945857,-0.012237983380288142,-0.0026623111081089945,-0.00519701779453019,0.0,-0.003478117222126542,0.0026773752071127532,-0.006137651574589675,0.0063633741867770155,0.005567490128307373
2016-10-18,0.026155183405736082,0.015126176373264466,-0.0006808609036470514,0.007659910141355919,0.0057647801957143585,0.008043406895577476,0.007859133759233305,0.0026543136837453574,0.006242536393179954,0.00616410005463397,0.0070114156449019305,0.0032417767751615756,-0.059083513005746546
2016-10-19,0.0221536904398274,-0.002103580062763788,-0.002983988994849973,-0.0022570107655695004,4.8892619500584544e-05,0.011906819135215407,0.009555641901755951,0.0045993314334431545,0.002663976476718233,0.005713611741873237,0.018174454493724568,0.0008275818332981189,-0.05862236684026367
2016-10-20,-0.0221536904398274,0.0187783758031545,-0.0005127087688863163,-0.004878774996477375,-0.009054054577123605,-0.0008457718070848941,-0.0013176219083064211,0.000458999424817641,-0.0018686630813364857,-0.0030597728971404337,-0.019922663329643875,0.0010520081901601586,-0.04688357530982268
2016-10-21,0.004960053389269969,-0.0028091212374253827,-0.003937047219567891,0.04123394802604885,0.01064269634871362,0.015797682968464066,0.003364051094421505,-0.006788919238561064,0.0004673058263371388,0.0007451585177253861,0.004364846510272358,0.0015014791901579727,-0.03027177218673005
2016-10-24,0.013255782319386178,0.0458669445986688,0.008964729603614163,0.022212149701311024,0.02305357160228949,0.009119832489022706,0.005532809089238366,0.003342788607192837,0.004244061702733504,-0.002237080125500057,-0.004364846510272358,-0.004360568582121083,-0.02428037998692778
2016-10-25,-0.002073553823481067,0.016271792637549964,0.005087171443994176,-0.0001639383679767903,-0.003478227265262479,-0.0074553665006265035,-0.001016973919695019,-0.0021885732307422856,-0.003356374026561859,0.007519794693909176,-0.016762680403870966,0.0026341297063563474,0.03323565511175808
2016-10-26,-0.0004943039876343924,0.0040270293478980035,-0.022751976065323642,-0.005920035138140989,-0.015189311648636128,-0.009493993403641099,0.0047849101559287455,0.004257207132834395,-0.002009705488893232,-0.005613820564916772,-0.0134350089810642,-0.006786569168761858,0.056332562859986446
2016-10-27,0.008713903341231788,-0.020723056470511758,-0.009649270116745878,-0.008780180590482356,-0.00515561210529869,-0.010355701150057683,0.0014456258105335351,-0.0019535041768268258,-0.00267046534106985,0.0018196962666161554,0.010762425365681949,-0.010953339676381901,0.07571181545711703
2016-10-28,-0.020001694420782368,-0.0016992902935036858,-0.006660892555744979,-0.003834217833316611,-0.05273746462714746,0.012261771294803658,-0.0017348593866892692,-0.024928851059209833,-0.0029597596492898504,0.004699292917769604,-0.018002268963880574,-0.0022204967148731214,0.05262709530864118
2016-10-31,-0.011264866438009502,0.00846724450059988,-0.0015837886050600325,0.0008346744221832125,0.017240244930349036,-0.00228743850749602,0.002167891029589253,-0.017371164130520533,4.7043474846297784e-05,0.002956643119974345,-0.04457567073610669,0.00611379382616839,0.05234271008244029
2016-11-01,-0.0357291793332597,-0.030099963363780957,-0.01822028668684572,-0.0020044189585646244,-0.005599220899880297,-0.011440386222261623,-0.004195657360530181,0.0039530739159587824,-0.007271907318868287,0.006457707460557849,0.0037914702232431097,7.585914987995324e-05,0.08427218782453227
2016-11-02,-0.014624928607686272,-0.004208647377308639,0.0008963112318705058,-0.0062065833305600115,-0.025598290110373068,-0.01815609373167071,-0.00421347852466214,-0.0023933767216157698,-0.006036590203672532,0.007387264365792845,-0.027819536958811675,0.004342381277272267,0.040132114405126096
2016-11-03,-0.0031962493126829195,-0.011702787320194252,-0.010776513766147744,-0.0037088496587105446,0.0019183632456769573,-0.058032950773469594,-0.00437816241494593,0.0025130628036600378,-0.004587331813903361,0.005323910740822946,-0.019646978977075236,-0.007706145954921695,0.1335314049650287
2016-11-04,0.016615024207768503,-0.00575502571428943,-0.009054841001919112,-0.008480249478755475,-0.015742016380866364,0.0062305971559499795,-0.009107939985452784,-0.001076503179582744,-0.0011025460207081395,0.0007237632468992672,-0.009970210619110631,0.008920632608909074,0.01928744713309527
2016-11-07,0.01381054256555192,0.05331111509339925,0.01432163500648631,0.02870988608678493,0.038810557775781795,0.011527541697275545,0.030807224265486433,0.022246830916519578,0.02181710880093668,-0.018171976119520927,0.017875382676574958,-0.008537612143884488,-0.1849015737331654
2016-11-08,0.0089141558105581,-0.0015446913178259747,0.0058701992390228774,0.0008276469878296666,0.0035863063860559485,0.01680425251167872,0.0021444512203148136,0.007176060970832232,0.004493828631566998,-0.004183952404119395,-0.005922965515349432,-0.004066205515792731,0.001602173243248295
2016-11-09,-0.02535202722625396,-0.017007142800455566,-0.0016221351439504872,-0.004974050304379585,-0.020351656616763414,-0.008407409301835145,0.044954371145419,0.01095817132582777,0.010546255259409776,-0.0006579098268444383,0.01766477243496034,-0.0433584120392112,-0.2648219043454909
2016-11-10,-0.025093892626658842,-0.03180385597374347,-0.02826384008046956,-0.02473403528959439,-0.03896791591340998,-0.01951042702677519,0.04537141255456856,0.009232526714604283,0.0024923802262550865,-0.015001711673606088,-0.0236231235873694,-0.014881397898228954,0.02472651098201073
2016-11-11,0.01717038500796031,0.2608760736641741,0.005919940766710319,0.005436911010170409,-0.004549761606454705,-0.014844920495058034,0.0005218243696676339,-0.015979533058650297,-0.002307311423495939,-0.022377978717916136,-0.02726059755538479,-0.005637871800647787,-0.03943781214647357
2016-11-14,-0.03843612120585638,-0.05047376543530291,-0.025405287790666975,-0.015366518362383008,-0.027352787702499715,-0.03366393487828123,0.03611184329263306,-0.00456307815112833,0.0007850290368303092,-0.008490234677527297,0.010183328941866243,-0.005999619671422707,0.021641296257279397
2016-11-15,0.012704782652867674,0.030032164855391175,0.01315682509917826,0.019554691563867355,0.033060295526848194,0.01825442309641012,-0.0018886495145737925,0.017897369497061888,0.007772570472599938,0.008661050768427714,0.04652004198676707,0.004934277026613643,-0.07975497278973487
2016-11-16,0.0008702894675929329,0.0612048166057233,0.02653319058768,0.013162422627295278,0.004363275146409329,-0.007365026918727757,-0.025007635777677173,-0.012401142783142305,-0.001880035709095118,-0.0029929143246398837,-0.010695348620981093,0.008982510674834465,0.02584125920615854
2016-11-17,0.025391205236001024,0.008259790836483982,-0.000363836167066367,0.01646072536237142,0.013188079873533987,0.012386508534780738,0.007978329898905123,-0.006082345039510884,0.005127495587209374,-0.005151539575841468,-0.009823205658531897,-0.014823794212702524,-0.027338228339710557
2016-11-18,-0.019482491470073082,0.010444452856647635,0.0009998921202898359,-0.004793947659197606,0.004958593467895511,-0.0065585259414184804,-0.003981303322975194,0.0005861183255913005,-0.0022402030064565537,-0.008818980245606234,0.018582400924299414,-0.0028919959601942935,-0.03817257239318117
2016-11-21,-0.0027061047139538275,-0.004079084990562198,0.015059740580376957,0.008415239703403632,0.02576499750060357,0.03978907917848851,0.004365241968200095,0.014089211801057822,0.007522907597050654,0.003727307214024478,0.04268080318976786,0.002479282612386058,-0.03403575837942574
2016-11-22,0.03540524853286975,0.007179812771778482,0.0006264502165280739,0.004262851126727085,0.006810055400562565,-0.002466681934409465,0.006131271181829767,0.0021943080062003517,0.0019514899968573474,-0.00034614845492697555,-0.013084330552186607,-0.0003297468665950376,-0.0008054957272061181
2016-11-23,0.01025223107104134,0.004907502678702214,-0.005111393975333112,-0.011849824124935626,-0.006656207779334622,-0.005199928625887473,0.0041934188488665924,0.00276495939528143,0.0005438909321382468,-0.020019033913875717,0.0037558693442845126,-0.0038884904029474754,0.0016103431532141776
2016-11-25,0.018010126747193045,0.0020200002592287714,0.005021660241217862,0.0021499646432272534,0.00032043172998097447,-0.0038138698515579605,-0.00038036912254924005,0.0022981190125213047,0.0037087052129143316,-0.005667237234161959,-0.032383796718105096,0.001490563482521523,-0.007266899231622048
2016-11-28,-0.0026987321769169625,-0.0005313190563021042,-0.0019700886757414438,0.0013207072786607377,-0.01758128678726889,0.00024918423934394696,-0.006490899653823767,-0.0074891150116700445,-0.004706078142472592,0.010512021380101544,0.01059226651544165,0.007339423158253311,0.06357569877211988
2016-11-29,-0.03396842788447341,-0.009180137907817798,-0.0009859810394861057,0.007888310379966956,-0.005558189009722714,0.0038129850979480295,0.007631885298854613,-0.00661336541564328,0.0019488137253107496,-0.004668228933025098,-0.037077335878327844,0.004181477821728841,-0.01919444781833901
2016-11-30,-0.0008971036792573273,-0.011323617870767189,-0.008469232497512635,-0.013679732836898939,-0.015795815932649226,-0.02047809264513134,0.01571456296632423,0.01616659982440627,-0.0024022588364269737,-0.01351008608237958,0.08294412372638504,-0.016332823208408342,0.032789846670810974
2016-12-01,-0.040514121310704976,-0.050722807189726216,-0.009363342270990671,-0.01774696879361759,-0.009262441992887727,-0.028436251770306953,0.02000576525784936,-0.000687500176276501,-0.003682223882890412,-0.001880954324207984,0.03594273819673699,-0.010614835143226031,0.054027720969335835
2016-12-02,-0.0022567721671120644,0.009199714926597213,0.003737653332791524,0.0008444214787468596,-0.00446097134137613,0.0026030850487686052,-0.002325708770091417,-0.002295020408822346,0.0005005529477788428,0.005364806083291818,0.01315228271041935,0.007300733901392853,0.0035473745237388776
2016-12-05,0.028948175607045545,0.038046089809624206,-0.0072144534126383775,0.016238788398726722,0.025366439891676418,0.017438061199058552,0.020138994977178193,0.005042388168051026,0.0059907218906083415,-0.005364806083291818,-0.011388573479456099,-0.0010871525150006889,-0.15108641004857049
2016-12-06,-0.005098566625619583,0.01630109855465456,0.007669095380498092,-0.004493993902495941,0.00703382148916365,-0.0010224917917893706,0.005151361279957634,0.0009140483792657861,0.003162536640807012,-0.0009866853717861446,-0.0053004027543366306,-0.0007538722412920862,-0.02925410259790162
2016-12-07,0.038527192309253167,0.017828927726822652,0.009774571290363632,0.023410420950134903,0.007426062958447943,0.005440943496044959,0.004530023061703581,0.0058076313173502925,0.012995797610613202,0.003583283615967936,-0.017873559661414795,0.008507905432977303,0.03582226428149049
2016-12-08,-0.004462487636317292,-0.016866010942226284,0.0097698005148521,-0.005883468037318984,-0.00401883948276982,0.008106113313153251,0.01241243740234843,0.0028348038228145356,0.0024460002681774284,-0.0023276835438492682,0.01964351210808868,-0.011863977352251531,0.033792440285087544
2016-12-09,-0.0005721748391662729,-0.017917143006499492,0.016189918675335147,0.015612652342526623,0.0017317253309037106,0.0064545530832402775,0.004337718262580559,0.0076694183689483,0.006022268206981707,-0.010542046205441302,0.01142862204245354,-0.012517164566246741,-0.07301317529015305
2016-12-12,0.0012999985316772822,-0.024586570380334405,-0.005720673098146278,0.00322239082693887,-0.0111723749547612,-0.016087995040519054,-0.00893007958750136,0.02200405958845142,-0.0011486950191672562,0.0037971130210445736,0.015611792303279692,0.0018706234395873267,0.07301317529015305
2016-12-13,0.02929186970580533,0.01748210736527822,0.016543808492487155,0.012944369149881396,0.018534699983371095,0.021338191645164706,0.0003540619226889419,0.017432887130178543,0.006651885116480294,-0.0033443584495005396,0.00942188206519834,0.00356137150386715,0.006309163024485809
2016-12-14,0.0027215205279542687,0.056298969484073424,0.0,-0.004774751338198158,-0.007154108080486665,-0.0008315893306223288,-0.0003540619226889419,-0.021839905959089023,-0.008288474561436665,-0.014775853703027586,-0.03557857782430229,-0.011236105811772923,0.03628335601117083
2016-12-15,-0.005602282648722312,0.023161447525503753,0.005454215811161234,-0.0015964820405134361,-0.010223583295771999,0.0029904013639985294,0.014877802075711877,0.0034167591012215226,0.004108780146432345,-0.013785715901108553,0.003527337254886298,0.005037594277873758,-0.03079532230778881
2016-12-16,0.02454694578716632,0.01707575090044,0.0012943826224445232,-0.004484522589599749,-0.004253422653516914,-0.005822629470124241,-0.012402229084404581,0.003185618767205689,-0.001957673577587471,0.006592778565066126,0.01658707041071139,-0.0023018852777321186,-0.04722767650298332
2016-12-19,0.0011845266232093365,0.01207691907102404,0.005760577628057373,0.02096663164441992,0.01080223466330299,-0.00526964760222004,0.005751961538859263,-0.008370471526752077,0.00217516598683698,0.004985177307786692,-0.0043384181124386245,0.010698720163401454,-0.040992755237938994
2016-12-20,0.02945393828004228,0.03423985016637754,0.002654355302329936,-0.0012583834286017392,0.006791548117605295,-0.0012588462304732317,0.01279394655750199,0.00011090545225567183,0.0038499785730081726,-0.00739439021746513,0.01038070620594489,-0.004995281191864542,-0.022453467525084925
2016-12-21,-0.005234195214129933,0.006255336023480607,0.00093985941622865,0.0,-0.000804297427936973,-0.00041977384928948425,0.0025395135410679615,-0.0016599390380962475,-0.0027865343279662724,0.0005564603998493567,-0.015611792303279692,0.004404267724412492,-0.015845344672603012
2016-12-22,0.003604418381943031,0.01202262717832292,-0.0065990677301845935,0.00015744319786570316,-0.005543429974597114,-0.013872738147327368,0.0016126099512971948,0.0065133769805987285,-0.0017288780198985165,-0.002413686118826419,0.0017467653434302122,-0.0017892885109729306,0.014097135836683705
2016-12-23,0.023187948121137225,0.02462188460775383,0.001975516622904294,-0.004889945541926011,-0.007531547519568971,-0.0011079369085287283,0.0018395292976221,-0.0017620636652555532,0.001463181839992167,0.003155199096608996,0.008688184927953202,0.002034867851542721,0.0008744447656074961
2016-12-27,0.028601736460030835,0.06642657568972521,0.006330878631614745,0.0006323407056560981,0.014112614845866567,0.006290401818501934,0.0009181015545758342,0.0004409824425364306,0.00247792524994761,0.005820121372820175,0.014598724097094617,-0.0032243899741164483,0.04695700067815878
2016-12-28,0.0009561276882603664,-0.07126612015091771,-0.004273193291578714,-0.004593487570338617,0.0009458585685835352,-0.009279571450870883,-0.00725668644414057,-0.0049711787069695035,-0.008298849147148069,0.0027596655752013532,0.0017036169498201303,0.007282166652034405,0.07702282346695721
2016-12-29,-0.023296440031678856,0.0197572906574508,-0.00025714791995179453,-0.0014298193577033658,-0.009081011370295489,-0.004886940516707128,-0.007076771147202621,0.0005536676554411812,-0.0002227736337312436,0.013050610006335894,-0.002556433657273871,0.0035364998360378763,0.031917609137335656
2016-12-30,-0.004622179490254563,-0.04300045620282211,-0.007826161281864419,-0.012156216786169516,-0.0201720333986386,-0.011235986189925384,0.0046458978748145086,-0.0009962712266924356,-0.003661585131700562,-0.0061846518231218894,0.0,0.0015124449609622559,0.04889701332632246
2017-01-03,0.015324855095268486,-0.04532487735637347,0.0028453049625758453,0.007055959726397276,0.005054711838838433,0.015609680178059193,0.01083499069615268,0.0069553728657281155,0.007620671494787068,0.007815385138246533,-0.02418085766102429,0.004272226429091752,-0.08856655485305565
2017-01-04,0.045054716333477796,0.023062864316282683,-0.0011202146326896312,-0.004484522589599749,0.004646473016316044,0.015538368275837655,0.0018425111600288702,-0.011063195404919846,0.005931447349010632,0.003524147562994351,0.012163516284555698,0.0038376635632060285,-0.08101594125491074
2017-01-05,-0.0010578610309557313,-0.02571324410039655,0.005072883980384191,0.0,0.030269616426223944,0.01654459982045786,-0.009247716991019672,-0.015019322303284177,-0.0007946056732928142,0.015395946803090865,0.010309359945159358,0.015532430222135574,-0.015306446936599993
2017-01-06,0.009917553493924647,0.013278953701407747,0.011086470474334753,0.008630384526070678,0.019715957739975032,0.02245272652457242,0.00011660363542365104,-0.0005649253797681553,0.0035715046322053468,-0.007399862806678037,-0.0017108219734405239,-0.009224783708376982,-0.030450407020032433
2017-01-09,0.00986345802305566,0.039742527625770685,0.00911769577134347,-0.003187707690549324,0.0011677035072885644,0.012001135013979258,0.0006966082647261729,-0.016634646829220223,-0.003306461589330567,0.008198942430912126,-0.03219067629872807,0.007993775379009804,0.02097985372720812
2017-01-10,-0.006115156941657318,-0.007578735579738538,0.0010079801480360473,-0.0003192147371837706,-0.0012808103905381785,-0.004413243760214236,0.002896415651415296,-0.01283497509067999,0.0,0.004251209640408149,-0.021448608076692466,-0.0006565730916419099,-0.0060738276026794935
2017-01-11,-0.0006092435195030887,-0.012380113598836173,0.005358893887765781,0.009061295180424978,0.003912478289612054,0.013895770969938326,0.007492530078379467,0.010188963678624319,0.002822061221480432,0.0030884513564588545,0.02673957854455633,0.0033617480026881807,-0.020220428902046006
2017-01-12,-0.0006096149234560144,-0.016491427040330908,-0.004184292451946181,-0.009221212875189622,0.018132006141166723,0.004194450456942889,-0.009693390363995746,-0.005428930909300966,-0.0025130504251569263,0.0036058581395099765,0.014840960077043164,-0.002212966420469087,0.024562614735795574
2017-01-13,0.034924631953699325,-9.680316686044854e-05,-0.001762176179379793,0.0014365053549045825,0.004292412484765418,0.013492558978986935,0.005319667380923931,0.00011581087159306946,0.0022929256429344846,0.002630155985372973,-0.011329107273510886,-0.004769757806506014,-0.02723052978654339
2017-01-17,-0.009169203719983976,-0.022686044558953955,0.008031963871879544,-0.0027151336721988883,-0.009121890314228498,-0.0036688954996764167,-0.03700789480400424,0.011628679879355452,-0.0035298554288640815,0.014257386660884386,0.0017513540054503451,0.010415131392542243,0.055425470992607195
2017-01-18,0.01173163267033317,0.01803436941787484,-8.332530140320316e-05,-0.0004796348435736064,-0.002770209807014812,0.00039091263432045054,0.00465670893775183,-0.012439838989282137,0.0022080100679851,-0.008495159639561045,-0.023905561225848082,-0.012890640387913876,0.05011312728111239
2017-01-19,0.02240203594596979,0.02123990534827047,-0.0017518524028510285,-0.003205281242705027,0.0019300507014308188,-0.00289647516286351,-0.007653936599078648,-0.01812786840131686,-0.00371177593729044,-0.000870981624312428,0.0008956766309493602,-0.006882524079848906,0.023754101793616034
2017-01-20,0.003971315219317262,-0.01099625511713942,0.0018351777042542317,0.007037834808106602,-0.0008779580464919334,-0.004006518951969795,0.004431597641652019,0.013597864251080338,0.0036673899690935485,0.002436746563514447,0.019504187690198016,-0.001999599017285192,-0.10206217028079223
2017-01-23,0.01697610037386843,0.010330171955489909,0.0006666977942546559,0.0035004976113484076,0.011745257952588073,0.014767588917393049,0.00047817360836877043,-0.01076908869581672,-0.002605498354078861,0.00641137052410734,-0.006164761785516504,0.009955777421531309,0.019734702390271863
2017-01-24,0.02260141150319095,0.021090950026165678,-0.0009169018507519944,0.008855156172066891,0.005559920523586115,0.0034068566011251633,0.011993607166339793,0.0014108146128259946,0.0063910641727806805,-0.00450104004040508,0.004407251881234586,-0.006875445015837478,-0.06131524101187136
2017-01-25,-0.0005500843249133247,0.004276682019339395,0.015795598919902787,0.0025157085923712685,0.01697486266869319,0.016178327342852405,0.01534408992620584,0.002933938686378923,0.008618205706789617,-0.008275642538443151,-0.005290970467863865,-0.012630370214289144,-0.023767048684151693
2017-01-26,-0.007732103023422088,0.017108790703582955,0.0004919623691574948,0.009222384368876568,0.0031390512706335194,0.009838972964154813,0.008334425306882665,0.0030422490740145136,-0.001045832344156672,-0.009315451405169206,0.019264983892070653,0.0033615980761307895,-0.016791467348872047
2017-01-27,0.0017409759146729265,0.01914968872301759,8.199286449084298e-05,0.023223051937656614,-0.004035988422900871,-0.004529190740299782,0.0020733331295792468,-0.0010522604089926446,-0.001570918267725041,0.0020286289430195836,-0.011338989183294679,0.003600850112181142,-0.004714783900694908
2017-01-30,-0.009213992922048941,-0.015780996798458458,-0.002627452757566484,-0.009930903963280002,-0.006470045642417155,-0.009119920583182228,-0.010407758436461911,-0.007630591947199505,-0.006221174123272277,0.004220558088409376,-0.010582099541045942,-0.003014006689186388,0.11589090434856741
2017-01-31,0.005173489511416385,-0.007664379966239032,-0.002304603930507021,-0.007396989880096072,-0.00834419404623743,-0.005051530327393472,-0.01640778319602365,-0.011495996744343095,-8.776095603302281e-05,0.013768096552716713,0.003539823418899246,0.006935355825135936,0.009216626382456017
2017-02-01,-0.010735061799641343,0.04276157524299584,0.05919371665796902,-0.016689001292750305,0.01071377522008321,0.022084036631759396,0.0037744951563265516,-0.011389231270685585,0.0003954474928375973,-0.00303364136026385,0.014035305200489567,-0.006202912726663179,-0.015126284210131846
2017-02-02,0.009225563392159408,0.012558169014182496,-0.001710414307308561,-0.006469619205060617,0.00908936618268319,-0.018101805802322346,-0.004246890544297166,0.0061302829200720055,0.0006589652228106146,0.005540175253054613,0.002609891602732617,-0.00041990746759967834,0.01010959595046268
2017-02-03,-0.000875010652104713,-0.008791266338342929,0.004269888493540819,0.008041078034653815,-0.036061309620379234,0.0010692994979564219,0.03015928618688246,0.0010778061470029243,0.006869093549279448,0.002500332582847875,0.002603015155055566,-0.0004199164647200604,-0.08389196306148827
2017-02-06,0.025300974445146007,0.025293513833833492,0.009330487276207666,-0.0006284344612312864,-0.0031646754087439888,0.008211755464473391,-0.004714224997588445,-0.0027569528683750733,-0.0017893990871913346,0.013428758731216739,-0.0139618190198183,0.006031997165295344,0.035813999068408986
2017-02-07,-0.0011257522514145357,0.015395332936205541,0.009472249776593333,-0.0033049533379676532,0.005999500277441339,-0.0016672507227033506,-0.0005765252739582394,-0.006502780434975541,4.357439948154962e-05,-0.0020411460379587965,-0.016836953929930232,0.007323671728763692,-0.007060922914538192
2017-02-08,0.017707791875793966,-0.0043745228423506255,0.0038697880579743327,-0.0014200953300615993,0.008834713156431917,0.017741976164347584,-0.008802076292118599,-0.006605515116571148,0.0013096734970714508,0.006195677380773645,0.0035682431632055867,0.013507414100590864,0.014072338559439679
2017-02-09,0.02680479295334237,-0.01898012812098826,0.007200150602060695,0.011303097948076157,0.002010894950951414,-0.00044708720338970664,0.014322371955252322,0.0044086847660587125,0.0059152348764790474,-0.007644011341684909,0.010629049549298664,-0.011602163550236355,-0.05106346139591844
2017-02-10,0.00011148015529283128,-0.024001111636106964,-0.002268096589555846,-0.0009371713140708948,0.00739927195736767,0.0003727586124844251,-0.002296252032754076,0.008274067112293615,0.003938324789238834,0.0026395141502790764,0.013129257832125596,-0.000579417311400654,-0.0027611368012951942
2017-02-13,0.041364101862661595,-0.04721588283313616,0.008816646986149035,0.011187185606559069,0.010901587773773258,-0.0010439366722172494,0.013131349615573384,0.005799986506134225,0.005427942366045713,-0.006825925967175905,-0.015775989553159064,-0.003151811661053827,0.02007360400775582
2017-02-14,0.001353328536312759,0.0036842775353842505,0.012895923719266289,0.0037238887670456577,-0.0001673712910701397,-0.00149296826250378,0.015869075322713755,-0.0021707257925509538,0.00398713248974758,0.0011123712399383479,0.00528639293845945,-0.007252926658316561,-0.03026365138316356
2017-02-15,-0.00435139031446985,0.0020201325732894793,0.0036223146483234103,-0.0006195109681907951,0.007515972191507458,-0.003068078497912019,0.011434764118518181,0.004096741031278661,0.005206994548164978,0.0044372173593298925,-0.001759055683573152,-0.004612790498025987,0.10842847410849243
2017-02-16,-0.039406615104817355,-0.01618520896193365,-0.0011811578376628162,-0.00015523299578656946,0.0017073920274128795,0.002993210530298107,-0.0006626858881109143,-0.010395317066523191,-0.0008518351812307756,0.005349691237603871,0.0043917674298805665,0.005449281687647023,-0.01769957994483118
2017-02-17,0.012121775789011302,-0.00018673694152038234,0.0027297010406845956,0.0015486916240714521,0.0011011339720115032,-0.0023189652382669124,-0.003319055634685597,-0.006583038360081339,0.0015750498990181327,-0.003393297472611856,-0.0017543428992503607,0.005918050285925958,-0.02322688999264777
2017-02-21,0.018777153847110206,0.035184792376851126,0.007194634033640845,-0.0020136818556775182,0.013364721046281947,0.0014221841663593082,0.00860753357194799,0.0015889586821691282,0.005937582199306846,0.000594654010076745,0.013083450172761246,-0.001746472649189812,0.006938442888539065
2017-02-22,-0.014086292115606192,-0.001534055742123508,0.0029950066755741744,-0.0020177449534557468,-0.0009696000983505648,0.01778853657972501,0.0005491414167426711,-0.011792573873137258,-0.0008884716837407325,0.001357919750568648,-0.015720874703391452,0.0016634394900609806,0.014586280074939673
2017-02-23,-0.06619976293766872,-0.09730738145414353,-0.004239396087201364,0.004031426809133265,-0.004005102457664389,-0.005598865621256444,0.0007687002183267566,0.01044801362053116,0.0006770880406374857,0.008697532157720289,0.014853928050555076,0.002988077820178958,-0.0025586140367859223
2017-02-24,0.003937697151131125,0.009606332139935225,0.0009518306747806626,0.0,-0.008188892182268148,0.0005909283465017623,-0.00881779886328804,-0.00859605105456085,0.001268006357670437,0.006369402264058799,-0.006089596506186901,0.011043480491426116,-0.0207082264453593
2017-02-27,-0.042810051837845364,0.028660787088817696,0.0019735947896939443,-0.006053449023781354,0.0040144141676141665,0.0071361449180384895,0.0011066759697575534,0.005657421465734558,0.0015617705046420127,-0.004857175635851085,0.0008722398066076664,-0.005918936899477423,0.052643722825794104
2017-02-28,0.015154913399975989,-0.028463871018980957,0.0004385436275327059,-0.0038997840790910843,-0.0042511119048977974,-0.006398031987108865,0.002098559439551728,-0.0027020032722582243,-0.002703136134095452,0.0009230175401251373,-0.0017452410797256235,0.0037033674685629236,0.06639782701185837
2017-03-01,0.00011993168485879835,0.012826898243205376,0.02023330898904696,0.014893302968376432,0.009469376476098912,0.013774888432141807,0.032355658351145955,0.020689667632661113,0.013900720651496279,-0.0014268817535851852,-0.004376391403989821,-0.01689867019750313,-0.029852972096808372
2017-03-02,0.0018382577734032957,-0.03756825444412937,-0.005955418842619853,-0.01442454095917789,-0.004900154024699788,-0.004814226937275734,-0.015721100230021712,0.003366941422151548,-0.006317347853898703,-0.012508578672613346,-0.020381702026828208,-0.003605411692131355,-0.0599768664228546
2017-03-03,0.004342173871295429,-0.00577414123642872,0.005883608525761197,0.0037423382438985797,0.001141990874290233,0.0029935961334848216,0.007137626315251389,-0.010134955648117838,0.0006293719290209054,-0.0005955140219633392,0.01068575487137835,0.002600477808019974,-0.074694380739464
2017-03-06,-0.0014320481056087075,-0.007751351487351288,-0.003152802811254851,0.0003112192864067609,-0.0038549741001916438,0.0018206308037909125,-0.00952813037522926,0.004476803456505252,-0.0029826524664589016,-0.006745539852068383,-0.000886152385596084,-0.004787171371861021,0.02522653910195949
2017-03-07,-0.010484331330480767,0.010896013416358818,0.0012911406279521032,0.002020633621975243,-0.0006972077716298486,-0.0008734084021648769,-0.005564192691959846,-0.0037498687499359917,-0.0029912762503876422,-0.008086086565358919,-0.0008868537275672495,-0.0030356452347417573,0.018510889239789385
2017-03-08,-0.006943029517876287,-0.0018249662080515039,-0.0037341104252366364,0.009119694002084344,0.005281478750980284,0.003054156635047711,-0.0021897364759313476,-0.018221134873113165,-0.0018579413944976864,-0.006238117890961625,-0.05470829620559403,-0.005418633056097022,0.03518165127944162
2017-03-09,-0.008011860916409042,-0.00020284877349741048,-0.0023047723678257803,-0.004008298440758118,0.0029351355505986554,0.0037687715302832103,0.0039388287138351075,0.007867651666317865,0.0012672885885818275,-0.00514091962225649,-0.013207771676962743,-0.008012839958657203,0.03642791326364758
2017-03-10,-0.004953088918532522,0.005868609616063392,0.0033114868102339656,0.0030848317923695134,-0.0006332702571132387,0.0039705805087528745,-0.0031718217414979932,-0.0007352758159808737,0.0034979192558060035,0.0021815968976861555,-0.023055754648252602,0.00350268380248675,-0.05343511004936463
2017-03-13,0.010125395410377713,0.027169718274370758,0.000430867894646525,-0.003394231542320547,0.0024955044641488122,0.00581918537544901,0.0008763345043139026,-0.0023304909437587007,0.0005046235465338,0.00017429306368743624,-0.000972312087315963,-0.006331011909667339,-0.026946390298827616
2017-03-14,0.04693729029177307,-0.0006872510079133365,-0.001509919599774534,-0.004646670770079631,-0.002413437651246131,-0.002007596957706248,0.001640110071148726,-0.0052955505788090385,-0.0038338667900736922,-0.00541813014292547,-0.008793427996084624,0.00479453518362849,0.08038150034819225
2017-03-15,-0.008837356078796432,0.007536740130924535,0.010521283465127151,0.005264982280117181,0.0005159627137936162,0.0028670624050617377,0.002401308625064935,0.012393600927777637,0.008616207849567736,0.018492494054676456,0.018474082707510497,0.012140986151074173,-0.05601130151455003
2017-03-16,0.02441301274414487,0.012211801017385171,0.001636013800650371,-0.001700196800499043,0.0005274972239583953,0.0019304959433021907,-0.000981724700176656,0.0008531555615172159,-0.001968694155737971,0.004120559955210545,-0.001928685070804903,-0.005076030930677433,-0.03678173588371081
2017-03-17,-0.002101053496066818,0.021536857704048118,-0.004987913508505137,0.0035517966054303685,-0.0013014964034145926,-0.0010722088395160867,-0.010531024448275694,-0.0008531555615172159,-0.0017577502294532366,0.0022248383768923574,-0.002899927946194758,0.006256857181680786,0.006224981910135874
2017-03-20,0.001604823208825934,0.031368528023957176,0.010446163185758639,0.0009243202273516715,0.00545255241111775,0.0007148969494528146,-0.007193896154384483,0.0,-0.001097622237975493,0.004435011725417937,-0.005825207232515339,0.004289244113189206,0.00530508935818208
2017-03-21,-0.04386183669150112,-0.03287804581986087,-0.011518069251418073,-0.01115074362627766,-0.016198721601844657,-0.010271160307976146,-0.029762151497446432,-0.002075214865834063,-0.012922509957888018,0.0087270095580676,-0.015702069439714528,0.008274238568248826,0.09498946935031416
2017-03-22,0.017125594364693963,0.020189559472732155,0.01123488934227268,0.012689728476468431,0.005747210959233584,0.007766947225230858,0.001600961926992106,-0.0008559391983422593,0.002350343898406493,0.0024434516279079332,0.0009886534772780564,0.003987845386753008,0.02690036755996328
2017-03-23,-0.0009024353569704324,-0.009109578025826237,-0.0035413766640988165,-0.0024633050775424437,-0.0008021610628206055,-0.0004299303497443674,-0.001600961926992106,0.001222446053394055,-0.0010676191113550004,-0.0013473994637172027,-0.010929036358480637,-0.0014101552633087877,0.023911626127706587
2017-03-24,0.032361869904410145,0.0035419419582516376,-0.0019890900414067936,0.0016941087117139375,-0.002090999023365736,0.005788412024408274,-0.0011442978387812275,-0.007725983107823797,-0.0007268136555804716,0.0015998188263157687,0.007960233295754904,0.0035630339697725333,-0.012270080925744331
2017-03-27,0.02647424102296947,0.00723160494610553,0.0017049420578039154,0.0018450522393420599,0.001429922898893654,-0.00014237750047119135,-0.0005735386666865239,0.0002464163324025215,-0.0010265680168002334,0.005621040603803529,-0.0049677390241180674,0.004539990166479768,-0.03613904955931213
2017-03-28,0.026404312492567694,-0.005186390503950755,0.020515003233276374,0.0029143127567472504,0.01078221037627225,0.01020970516047992,0.015468988215878277,0.0072354072914762035,0.007250613152860019,-0.004107796901660521,0.010896557440487342,-0.006692868872943514,-0.08077633318676858
2017-03-29,-0.00025236280871299144,-0.00325543235380088,0.00222268760667399,0.002753251506378618,0.021176073977231535,0.006258667743593627,-0.00373146892872267,0.0021965506908583343,0.0009342218124128721,0.0024332009503229557,0.021443343301095652,0.005951288468537541,-0.009586100212892301
2017-03-30,0.001944857320245852,0.019009396481750485,-0.001318841667159898,0.0036587129298650822,0.0023077418398891325,-0.0016836706217047137,0.008572933765059965,0.020275951703655704,0.003178965496241304,-0.007233005455458574,0.01910275980459808,-0.008109307632031992,0.010453046865728677
2017-03-31,0.0013663698860457707,-0.004305242440152401,-0.0018779208091652677,0.0022802941557573675,0.011572064053437359,-0.0025310497676906962,-0.013456519099146469,-0.020397611070444466,-0.002330252750639694,0.0021080154307044907,0.006600745170408651,0.002903695013610985,0.06945491937858428
2017-04-03,0.0701372424488147,-0.0050617446801570765,0.0002783054593868961,-0.004718012735495769,0.005590427057616143,0.0016177232592058388,-0.0036495249113981387,0.0007311317321749833,-0.0017407270071370107,0.0052925502986571615,-0.008494638179464609,0.01003667136725106,0.000808099347558322
2017-04-04,0.017203522847955455,-0.07270409734356387,0.007418634002278601,0.002742474896700209,0.017038321404662327,-0.003873213515592333,0.0033271638604404075,0.0036490541452902647,0.0006372449292166849,0.0022597345773736066,0.015052010020256468,-0.005439885027397118,-0.04883056518672291
2017-04-05,-0.029065010091483767,-0.007469461132902255,-0.005194057190559764,-0.0025900038039967654,0.0026981063386042337,0.0008464458115424733,-0.012911124348663705,0.0019403143653660138,-0.0029773151288416955,0.0,-0.0028050259149061674,0.003053017601492236,0.0892001322721665
2017-04-06,0.012464332322557059,0.007271177210427138,-0.002502882271105733,0.0025900038039967654,-0.012171236662741336,-0.0048052640474267605,0.003359263438046156,0.005799284904978386,0.0028074578179397847,-0.0036851166978415506,0.016713420785715805,-0.0014840499687771569,-0.039562120235193454
2017-04-07,0.012773705710770855,-0.0042766942950861475,-0.0022296971408750643,-0.0007613882168246988,-0.0037922368462997014,-0.0027667177317614033,-0.003474993727380138,-0.003016203262663275,-0.0010199002110677924,0.0023466217608154594,0.009166002108156768,-0.004050883955615703,0.03800928936525105
2017-04-10,0.03203895843839977,-0.025847138758506305,-0.0011871716569031854,-0.0022862924362998527,0.01349695734082701,0.0018453651306611363,-0.0034875651069352642,0.00446102616495736,0.0005950182192258069,0.0,0.016289980317623964,0.0046284080250780235,0.0877233966392228
2017-04-11,-0.011850052290565127,0.0035735152223106414,-0.010814191352610525,-0.0007634545001709014,-0.005173022622662948,-0.007972887029080944,-0.0017479566882512287,-0.003494831574426982,-0.0011906158565428981,0.014378002485396557,0.002689354593307769,0.00943852133887546,0.07008358303266427
2017-04-12,-0.03920909156089225,-0.008289043510021132,0.0011994897316385256,-0.003825261184110751,-0.006816465475626643,-0.002432887549586482,-0.0038566813050886495,0.001567982849819849,-0.004391328801286676,0.006825356086692658,-0.005386047161963781,0.005457910654163456,0.04540343761459198
2017-04-13,0.023834415241901663,-0.018880429985121516,-0.005303251890433014,-0.004301713003902918,-0.012982362180291585,-0.0013622152093146767,-0.011778500809604076,-0.01554739908489644,-0.006516181801542231,0.004742072843749945,0.0017986028202559012,0.003082413441845233,0.011976164409377876
2017-04-17,-0.008456664060904728,0.03841878617170835,0.005514551311053939,0.00812697418801367,0.01938867924240739,0.014458540744819892,0.017150261930291677,-0.001347432759005951,0.008820948190916056,-0.0029407031136141626,-0.006309141535441043,-0.003082413441845233,-0.08496290836176978
2017-04-18,-0.003955576541947892,0.0006046810886592979,-0.0044516018177045424,-0.001375144803402506,0.001982543925707958,-0.0032579005961581586,-0.008186075355699707,-0.00651772058010458,-0.002988656366077258,0.004733558474010913,-0.0018099966406071033,0.012995007230753863,-0.01650654890240899
2017-04-19,0.017399796160547876,0.003919985799228143,-0.0036899516103008345,-0.005366789055394783,-0.005080490932540815,0.009250410252747976,-0.008253525334417589,-0.006933514784973394,-0.0018402799265242464,-0.008914361418129069,-0.03878603235579625,-0.00546811833494143,0.03475649484389409
2017-04-20,-0.00990089627307178,0.015726459591799524,0.012432956087121472,0.007047308046036704,0.003175592130089555,0.010696868290014372,0.012822658520127206,0.006439758785444116,0.008106114561057254,0.0018876096148856547,-0.007561465543853174,-0.0038776466043515256,-0.05365803486128451
2017-04-21,0.010162691674159063,0.0041391535885620945,-0.0011938656170316087,0.013647226105483412,-0.003920991580963928,-0.0008351770305159434,-0.012112617204952159,-0.003957996441813716,-0.0031919686148649262,0.002865670925195296,-0.021093809011839326,0.0,0.03335962572412354
2017-04-24,0.007920155624320024,0.012412788753237591,0.009583552175737697,0.016874885669282413,0.009834298746127068,0.012381569438751683,0.034650612179649265,0.005191540779637904,0.010937633931386692,-0.006809117727286207,-0.006806024897701768,-0.004950203292416688,-0.2998312127665046
2017-04-25,0.0185267372873672,0.01723765207371175,0.006176915217586565,0.005758857733852096,0.00023144216270765128,0.006987201316837499,0.008647968138120632,0.007614801457572096,0.005802189667361901,-0.010176758825308774,0.010674498107657193,-0.012112113854158224,-0.007407434082689512
2017-04-26,-0.011603422813120545,-0.006897769730327186,-0.005898456118561324,-0.0013265835395035452,0.00183828436393485,0.00047777777519364406,0.0019243848824128662,-0.004045843064722554,-0.0006292632774789197,0.004894417227160552,-0.009699341641280057,0.005501220235803572,0.008329539139783737
2017-04-27,-0.004977395109534211,0.015453676073913347,0.0007653342456426238,0.006466264319255899,0.009947135813499042,0.007748218527017237,-0.009316235457400346,-0.0017214549770043774,0.0008386093335959188,-0.003730858335882381,-0.0019512647911748005,-0.00032766423589425386,-0.046212911452893746
2017-04-28,0.017472763075992326,-0.012765630831015673,-0.0009743724300030898,0.0027794886008551956,0.00717171217012913,0.017117381935843667,-0.006987087204469056,0.004788185462863304,-0.00218161165466757,0.003151414614046999,0.0,0.0022096731727021535,0.043444041521475185
2017-05-01,0.027509961221330315,0.02218751199502189,0.02019174051275563,0.013780897561996852,0.024814135682882377,0.014601819400359872,0.0006896544278829353,0.005008652734345809,0.0025167994405874694,-0.00914994320663709,-0.00882792935504817,-0.008348178889994173,-0.06787124613989937
2017-05-02,-0.012279655191125727,-0.030080686584214367,0.006324177726114044,-0.0015857155397007716,-0.001361332480141364,0.0020965138965358676,-0.006453319667707014,-0.00012153015778126885,0.00037697048537044253,-0.00016711217732279238,-0.02292073891686819,0.00510736519298316,0.046385174948341934
2017-05-03,-0.024988957514322063,0.0074135701172082236,-0.0030545851347509867,-0.0031797912434159414,-0.006260749456835857,-0.006434993192574012,0.005763665239824078,0.007890394778064191,-0.001215150702211787,-0.014055680078894461,0.001007579802084102,0.0006572788170871036,0.008462688084567738
2017-05-04,-0.051323810791411795,-0.0038442068998071344,-0.003610818912945124,-0.003916640268017524,-0.0037262465726879412,-0.006277876333523835,0.0011489362918393198,-0.01290021970154065,0.001173329580011817,-0.010137688898776531,-0.0484881216935511,-0.004938397538460038,-0.02081439982284472
2017-05-05,0.042702117996785915,9.610373916657533e-05,0.0164474504516261,0.002757829912311216,-0.0036117050485220403,-0.004051954620927667,-0.0011489362918393198,0.004643677595207674,0.003929301321208278,0.0018819613581211314,0.02092124533234241,0.0009069406645796363,0.010461308726549934
2017-05-08,-0.003769058367983913,-0.010550115143453387,0.02682604522162979,-0.0008701433787283719,0.015813905571977926,0.005443020921699571,0.0011489362918393198,0.01055148906911052,-0.00016649861043038783,-0.00222452293867903,0.0010346849263802582,-0.0054564031566162186,-0.07870325810156542
2017-05-09,0.0447843014812892,0.0016528479005130103,0.006384019557563292,0.0014492258580389716,0.003975043964574709,-0.003846822793085458,-0.004026279592535431,-0.007021917922925169,-0.0009186696713534559,-0.0060137375316386965,-0.010395143778892724,-8.280642042546305e-05,0.019260562517824376
2017-05-10,0.012251109299595608,0.16403803538195183,-0.004751737185118454,0.0039035569173373474,-0.004069909435358898,-0.0012633783972102464,0.007807606317455473,0.004527390397661257,0.0017939860139799535,-8.619187440839227e-05,0.029852960218724967,-0.0011611607688282177,0.024790560486286584
2017-05-11,-0.006539970681798124,0.042057362800879794,0.008611166139588455,-0.012339219819821778,-0.0014024858443928423,-0.0016650022715225532,-0.003092463938324741,0.008509820980739491,-0.0020445314305526097,0.00395630586279605,0.008080844658731046,0.0,0.03748640119292013
2017-05-12,0.00527844965166846,0.010928449992125833,0.013868890479704188,-0.0011694965893047637,0.014384979876204351,0.0019310554540306057,-0.002757630549348633,-0.0007269165709908876,-0.001672671730648112,0.0028286293961139464,0.0010055535476460875,0.007524126450030089,-0.01904826763818601
2017-05-15,-0.02787799112776046,0.0489803591382294,-0.002565862399948493,0.0007312116310123074,-0.0035221371812999003,-0.0009318034511700546,0.004820372576515908,0.0030240242110206594,0.005508563887279827,0.0026498930493215056,0.021869685561163088,-0.002721865623565023,0.0019212741795517907
2017-05-16,0.0035709820851974605,0.0184425076301451,-0.0014784447808136036,0.01993469476762133,0.008419887073225052,-0.0027334178840741075,0.00308654609886716,-0.0030240242110206594,-0.000916222018386037,0.004344332691826658,-0.0059172184886815415,0.0037102601792264878,0.02183281268958348
2017-05-17,-0.034988839469109134,-0.06875281989340509,-0.03415185109429686,-0.02819931628399619,-0.022305413712364164,-0.03346872443964877,-0.038869087191070406,-0.006806670323871167,-0.01790332098102443,0.01802608924299154,0.00788180698171903,0.014461211777535787,0.38106983652055426
2017-05-18,0.02245034118751299,0.041035075666173926,0.0151260275130074,0.003402418126907669,0.014428214255485461,0.019213598980388547,-0.003685427480352388,-0.0029314965273119498,0.004020365543842885,-0.008214659464641727,0.006846055995425537,0.0011352848780941116,-0.06150700680717991
2017-05-19,-0.007148712838925597,0.022832054851777306,0.003403435221712936,-0.00029515187307538326,0.0014074967121273652,0.002705241952009274,0.009719277652482816,0.002199358321566258,0.0064831955504347505,0.004953655816689384,0.021215773162360563,0.0023471350356603082,-0.19688824933773263
2017-05-22,-0.0015454261506100408,0.02109956997373419,0.0060574045431280865,0.011164940043643767,0.01121995255530317,0.0012149026696874898,-0.0009441587292533526,0.004384603258082542,0.005064794519466176,0.004178861021673974,0.005708904280803395,-0.0027527554836579426,-0.09672310660294325
2017-05-23,-0.02113362881654357,-0.013554700182625057,-0.0012343128970271344,0.003354590219205811,0.0008958659605053931,-0.0011476407820723011,0.012437481158934283,0.003517832794774911,0.002210181414952217,-0.006358807682167011,0.009442976686715454,-0.006749803079536321,-0.019400149557319057
2017-05-24,0.02071464342446605,0.011175866301869508,-0.0029955809269539557,0.0013096298483894486,0.009027253614072084,0.013216787500849314,-0.0005832789964639318,-0.003517832794774911,0.002329963014164882,0.003937188086656995,-0.0037664790749429855,0.005614941014474795,-0.06752803921034456
2017-05-25,0.021083606865548,-0.002239430255561947,0.0034502519743040416,0.012283706295415087,0.013203555671442047,0.012715630810148149,-0.0042094766531510786,-0.0065839615796488005,0.004768203437920171,-0.0010874337201158824,-0.05427692664164674,0.00032425154862814054,-0.00299857159234751
2017-05-26,0.025890546114585078,0.025563514749724403,-0.0016909375051445963,0.004871915602962851,0.0024131352851384236,0.0011179751309216002,0.00011742624284583059,-0.002449309776960895,-0.00020690140696366655,0.008832634206009438,0.0236231235873694,0.0017025820502913902,-0.0181822533977134
2017-05-30,0.03017311531344813,0.02113719958382787,0.0003902891362153049,0.006411597441679184,0.0009234245291063203,0.001642045624175914,-0.01725216570563859,-0.005533540635554335,-0.0008691614694846805,-0.00332393130843478,-0.003898636791833887,0.004927213339552594,0.056478572411225336
2017-05-31,0.01748276790499448,-0.0035958542588212516,-0.005939166931075324,-0.008128458981198072,-0.002089069187958703,-0.00605581025446611,-0.021078856750742503,-0.007425751201639574,-0.00024855417509339617,0.003987406451696707,-0.027724521833095928,0.00249499839245626,0.002885979206179723
2017-06-01,-0.0018784889960818951,6.926925693129249e-05,0.002745174454875876,0.0037162283686713593,0.0013363333636733365,0.0004621035547760499,0.011016524250884174,0.002481570027538016,0.00792093034197805,0.0008286937780717096,-0.005032742481992258,0.0001053550022920291,-0.051242687620308036
2017-06-02,-0.0015288906687214165,-0.0049999607204402885,0.014710869462560172,0.023404411459444496,0.01076563129367214,0.01363317090113636,-0.005069627411788069,-0.014981713263337859,0.0033230242779804797,0.007345383440386044,-0.005058199149740261,0.011770728277713083,-0.01425689533899499
2017-06-05,0.021742165483309872,0.029969422688786107,-0.009826278304979397,0.007220217589114064,0.004568790659169153,0.00013006012042371395,0.0018136086582378752,0.007768630123504039,-0.0007374720353459097,0.0009862969865501725,-0.006103728655523888,-0.006228374921431801,0.03229339141527454
2017-06-06,0.015796450797622708,-0.004536709302177977,0.003372434164962801,0.0033149241457186562,-0.008280671342560275,-0.005351723417318155,0.002051165118120757,0.013512587091953243,-0.003201939251076702,0.01119151579658162,0.017198205617710016,0.0054317695539767286,0.037041283733649344
2017-06-07,0.01908836097813227,0.012008332603685945,0.0059392444251265,-0.0017942391185732376,0.007024133440677982,0.0020266779653717037,0.011386641662014974,-0.003700708454777324,0.0018483844187393572,-0.0052942623192704374,-0.05250822366074104,-0.004791660229422234,-0.005758122003968413
2017-06-08,0.02837169011545626,0.07004762930130193,-0.0024490323659778213,-0.0060970154570823,0.0001979532426705788,0.010330553432856604,0.012317784174612711,-0.0035907128334464744,0.0004923019202234258,-0.0065546767029749375,-0.0031762580886454117,-0.002645117802845931,-0.02238541102286895
2017-06-09,-0.0348713352224479,-0.06683386004312286,-0.039548529334206606,-0.022915114996566288,-0.032146298745537205,-0.033587459356192895,0.023385832874700085,0.018556547925329347,-0.0015187281180013557,-0.009166426122606097,0.006342459496032404,-0.0015260326691102222,0.051785296510329815
2017-06-12,0.004718521925286545,0.002470116104115183,-0.02418601888630567,-0.007708647766378363,-0.013791801417242233,-0.0077841275640953,0.00022959533195798798,0.00969325886804473,-0.00020557121251929544,-0.0014943988172202438,0.0031563083840691064,-0.00032150009934639456,0.0686189909731274
2017-06-13,0.046105919035739795,0.009490169606065635,0.0080138973991013,0.01239080813204474,0.01632358873253814,0.014977369105016791,0.0033285795670723317,0.0003618931489031141,0.004878005714651579,0.000996535081683625,0.008368241322527226,0.0001606835479988078,-0.09513567096820319
2017-06-14,0.01245039987879748,0.002111050417207938,-0.009803518844663461,-0.005393309788147782,-0.004414333259664893,-0.0028577926625059646,-0.0020648452996434585,-0.010785972509957276,-0.0012685382281825142,-0.005493177805750982,-0.03930413929065768,0.01531852350865659,0.020893472533577206
2017-06-15,-0.014074270372637532,0.004275230928896923,-0.00601082432469191,-0.0052795235664513385,-0.012676434670090053,-0.0029994536387052406,-0.005988433128796267,0.0023123429383389293,-0.0019261297814958667,-0.00418165701990425,-0.005431761043614536,-0.001584553106335207,0.02414223805720095
2017-06-16,-0.010552634270348804,-0.00493426025028687,-0.014099189957287095,0.00142991567270645,0.024121544377695425,0.0055918111648267654,-0.004515287733216411,0.01484185485159717,0.00021861144767942875,0.00016757431865954686,0.0065146230068835465,0.0019807098438189286,-0.0488818654749954
2017-06-19,-0.004317325799358063,0.036904404414242364,0.028206298272360986,0.012351747709233862,0.007524389573950074,0.014694895307818534,0.02169356048230231,-0.008781699255665742,0.008290389746851368,-0.007654460097333171,-0.013072069344937098,-0.0014259911120433344,-0.0009638775572118341
2017-06-20,0.00657647455825261,-0.0014628420494169347,-0.009129710772380673,-0.013638350968159685,-0.0025958440563700336,-0.004063919154581264,-0.006264548431371253,-0.005452415699558344,-0.0067667924791976475,-0.0021131828104241634,-0.018816280562288235,0.008916707184155825,0.046169271686608226
2017-06-21,0.011113559237479365,0.015036886880574807,0.0059129907922912395,0.005136211152670711,0.009665076352671331,0.010844136813903837,-0.0045806491117330594,-0.010625908818169272,-0.0002469668716393869,0.00287280588176575,-0.027181715731519063,0.002040043722376872,-0.010180528318604054
2017-06-22,0.01636384401377855,-0.006921918044237696,-0.0016469090792514685,-0.00014263807679082419,-0.00092838467593781,-0.003319287142478977,-0.0011488960284635752,-0.0044301870671890065,-0.00045290697150068837,0.0033692883509406357,0.008004581989633941,0.0021927656830396103,-0.02543711936051629
2017-06-23,0.0021930310019437904,-0.02908592158293888,0.0044535620375865115,0.013430790367912948,0.002433900760344887,0.010828000353957812,-0.0018401986131166836,0.006515194670815294,0.001193335842929244,0.0042794455030730205,0.009070348633521519,-0.0004696173292559891,-0.044885493871440474
2017-06-26,-0.015665148350918034,-0.010981218295130768,-0.00314959649269575,-0.00959462329440619,-0.00977119591006792,-0.009590018806482803,0.004365583186923594,-0.004543721518129651,0.0006580518611372099,-0.008999595546856476,0.007869703195384936,0.003749314596279696,-0.012048422733466957
2017-06-27,-0.04087826437777364,-0.03729535215837565,-0.014436171073322068,-0.018893295138400212,-0.017455650195669747,-0.019792194451431655,0.009241513043924066,-0.0016015345119768654,-0.008088800670527085,0.003794725232619811,0.018858026379926507,-0.01073834387744288,0.11080031542596736
2017-06-28,0.024182888700187366,0.03466313685158373,0.014504836838340918,0.008489002986115324,0.013776730013921767,0.017510993187218382,0.019902884519277464,0.0051644043558329855,0.008910684909024802,0.0007572586086643796,0.010929007880390529,-0.0033155548609027363,-0.0977544586833834
2017-06-29,-0.028663551215287963,-0.033981257480214744,-0.014852887301620044,-0.018946507056235795,-0.014647305657211618,-0.014460808463674368,0.014699147578045135,-0.010232140042111038,-0.008827900200143013,-0.0048900007067285145,0.0010863910861793613,-0.008416935357011823,0.1315353739210381
2017-06-30,0.002381071288422021,-0.014558701406894414,0.0023634901211639914,0.006403797029976843,-0.008158767491913022,-0.00039712792230339744,0.0027389576350014266,0.00037153956702651314,0.001862806804854955,-0.0025387426380500955,0.031001944197371678,-0.002315118787672432,-0.02298945424833576
2017-07-03,-0.02517527203212344,-0.036849469898341036,-0.003617338281954652,-0.011086884881625458,-0.014924933168596777,-0.017034216423948756,0.02014754547686337,0.01682747076446578,0.0016942371709740556,-0.016488352380743088,0.012552454174974415,-0.0032247872069914862,0.00357142887037476
2017-07-05,-0.07515561399685389,0.02634897031693706,0.004102991463343475,0.013260765960204424,0.018431137994025626,0.01278602228346859,0.009976979170654765,-0.015342269797052221,0.0023092244714977284,0.0036971824767881856,-0.03922070125713528,0.00024123618216265186,-0.013459204741185005
2017-07-06,-0.05744437539441005,0.003001445126120217,-0.00948303447519061,-0.007410447682443255,-0.00646515572438755,-0.010161712708278259,-0.003207858704302957,-0.009069823674273891,-0.009186444339851718,-0.0004291636859008463,0.006465584836251814,-0.008308232847323183,0.12468481301002754
2017-07-07,0.014114798423713992,0.022603241076089686,0.010107588075145113,0.012896288565530156,0.014013290850071858,0.01745192062147627,0.005021005347428442,0.0012474040608423387,0.0064644805060209976,-0.010269798493158788,-0.022814680918032515,-0.006011965598084146,-0.11390304733817658
2017-07-10,0.008994640214733174,0.04620356187468566,0.006084996083031147,0.007458167325823162,0.01793260692748344,0.013511166496850358,-0.007057194503049757,-0.00074794387999777,0.0010730000081133895,0.0016468254331298837,0.0032912516989256346,0.0014654355437304645,-0.007174912075174955
2017-07-11,0.03473231685105027,0.014084185495129464,0.003234879101001731,0.00014290800982852403,-0.0023510626078167007,0.011464875273575537,-0.0038708064024852717,0.005473501997105057,-0.000742823887258659,0.0012982088742115039,0.015217721817477603,0.0017070717773428612,-0.02000060427810757
2017-07-12,0.007004337596341781,0.04165284134528169,0.0014420560639964997,0.016437893504484435,0.012376187078943612,0.0231094605976212,-0.0034531776097477263,0.0044565127071609645,0.0074867020563651465,0.0035397924292919214,0.006451577723024293,0.006881369485450151,-0.05570105471775433
2017-07-13,-0.0187161835363141,-0.011636115390017299,0.013832439645690364,0.008676053840512843,-0.00585907415917486,0.0022630538694867752,0.006357712187551101,0.0001236980006460442,0.0016786178345151725,-0.0018115086761429922,0.014893928713345161,-0.006312352279982392,-0.039609195145290155
2017-07-14,0.013421733471090214,0.02653932617271404,0.008557920712208844,0.01397521234795196,0.0011785244754940472,0.004448162029999203,-0.009172212782597278,0.003821127529252344,0.004653308047837257,0.008168900176640292,0.012591969411166914,0.0012169202098872844,-0.04019081798345869
2017-07-17,-0.025366283587879845,-0.004252821727670497,0.0034830008238109222,0.007801033559103665,0.0081815507881986,-0.001501338472080782,-0.009365869710916463,-0.005180821213400577,-0.00012219352187159416,0.0044433489997173226,-0.014706183484425317,0.002752536725370902,0.03207719066462156
2017-07-18,0.02676875288378211,0.010356714784998333,0.00347069251362786,-0.0006819923072916012,0.014165967957043613,0.01940585451981569,-0.00350768276351765,-0.0032205170236587755,0.0005294927469652322,0.006966890452322794,0.009478760139493225,0.008695152080367308,0.007103089059340206
2017-07-19,-0.009120224908487184,-0.005195349202305577,0.0062439439495212135,0.007610735283793524,0.002359425949506555,0.007828895925802826,0.0014260488433954777,0.0030968614963242658,0.005399486442027701,-0.00025402243234751154,0.015600901137015732,0.0004011989883050404,-0.010162727702856422
2017-07-20,0.014225355199591672,0.014432362413700384,-0.004512940357506601,0.004862253395251592,0.0017805896727360881,0.0023732448028086495,0.0,0.00012365552733450969,0.00044494344476841974,0.0013540627739274669,-0.008290195341949413,0.0028802205138394044,-0.021683868627002667
2017-07-21,-0.004617836178905321,0.0035753465878378687,-0.0004655679958847081,-0.00581000581010116,-0.0029498251774531248,-0.0006079251690618293,-0.0034047939573529362,-0.009193479201608401,-0.0008906538591864077,0.008589562474350387,-0.028497918678842993,0.004225661777105039,-0.023232330209173035
2017-07-24,0.04209769154407628,-0.011667534382933553,0.012038983693973382,-0.002578445868351764,0.012864484775985119,0.009502762463557524,0.004281565007581811,-0.003125121381133855,-0.0002429528051948182,0.0004191258176557966,0.016985530028710727,-0.0039061662512818174,0.007450875197871909
2017-07-25,-0.00856164629055245,-0.004827181939485836,0.004264259857349906,0.007984335863481462,0.0008851451916087605,-0.0043468612157342434,0.01651538371756267,0.004995502909208138,0.0024279403320308646,-0.0032741446924644535,0.03211051774515905,-0.01310476607657396,0.0
2017-07-26,0.01243703947371877,0.011485829151723914,0.004702896625150554,-0.0018886424724797735,0.012357569349559672,0.0019948430621354873,-0.009419683263153011,0.0012449332047932415,4.0303425193677356e-05,0.008040236804836454,0.015174759074869648,0.0016173816615818737,0.017867009202628736
2017-07-27,-0.027688201547355185,-0.03355994430528453,-0.01907865878990611,-0.012091941757227609,-0.006479918939112483,0.028747574684935273,-0.0041414935658643515,0.00570729256629976,-0.0009299467569370279,-0.0007510021513583709,0.009990130956469834,-0.004940454241737946,0.05176186086343071
2017-07-28,0.001822170443555482,0.01625169879512689,-0.007064846022720506,-0.0016415894416121901,-0.025131530382414446,0.011724041356160342,-0.0029542068885453077,-0.015334039747783468,-0.001173818818947403,0.00748507747253413,0.010875011179337868,0.005909629082880841,0.017647547065119173
2017-07-31,-0.035233058136856066,-0.011502330958404139,-0.005164114597464575,-0.004665935236530139,-0.032137100002520125,-0.01873037213624773,0.0056810890834047,0.00551247282425571,-0.0005670076664516799,0.0004969976741389104,0.010758016489122113,0.001209712037763211,-0.0029196840879750496
2017-08-01,-0.012130042482568104,0.012110181660387465,0.008836085786840364,-0.0016518691238491812,0.008478035876706702,0.0035975696495436083,0.013309596068053153,0.0016228561568807365,0.0022263523845156286,-0.0008284878144895202,-0.01865538456325133,0.006996488098184095,-0.0167080125625918
2017-08-02,0.01958355815945989,-0.0006078507019833257,0.04616841120918069,-0.004418487710850627,-0.0003012570668925463,-0.003302399176450699,0.0008595311473769129,0.005349065645429363,0.0004850064684536193,-0.0020742591700591007,0.004943182533094337,0.0005617621743008172,0.01865538456325133
2017-08-03,0.0630242358487858,0.012633775080279186,-0.01004111763046156,-0.0015235394527284285,-0.009047782405920302,-0.004202511643660145,-0.006572845121301185,-0.001365587029457327,-0.0019417232219991476,0.0015767861990996224,-0.011904890679582003,0.010291034829773338,0.015444308209867419
2017-08-04,0.027899546212380333,0.004375046428513052,0.005256755737540253,0.00731860043965149,0.0006685428515367242,0.006090958013977854,0.012462646072629369,-0.003484754814313984,0.0018205291365473997,-0.00782550463999776,0.010918188216105129,-0.008528504343400911,-0.04006396691048941
2017-08-07,-0.004887148623823112,0.030277020377944552,0.015355955009476396,-0.003859562657221538,0.004737682313489255,0.013817408770882444,0.0038362595323873094,-0.0006231601533337461,0.0018574527065942092,-0.00117075935353661,-0.002965867941326472,0.0011198949251536305,-0.01002006656104415
2017-08-08,0.02790336736090726,-0.011965618081534846,0.007965155695468518,0.0053722323476455,-0.002451895599669296,-0.004370318616716773,-0.0036230117345370516,-0.0024987335739798944,-0.002463856564082434,0.002924332368544391,-0.00396825523349964,-0.0036044107557344773,0.09869177621064518
2017-08-09,-0.004638104507594054,0.010571659558336055,0.0061030304165323734,-0.004405828096171405,-0.007941870689870179,-0.00029211272917883946,-0.0016023323397460487,0.0031218937273136405,-4.0473138090746374e-05,0.012024832535233898,0.008906461521577924,0.005441637550376299,0.013593287748967064
2017-08-10,-0.022617901865444434,-0.043765198601744215,-0.0323700402567213,-0.014734863686359567,-0.025881647506937444,-0.0223295146873026,-0.014430422596822368,-0.005934262939776946,-0.01421596881774434,0.007391636301004034,-0.023929334960040016,0.008503428536107194,0.36724008676673137
2017-08-11,0.006925895834226203,-0.054768868078469035,0.013810997717374374,0.015148336494450909,0.011501986421643462,0.004054032448741474,-0.008387849149944948,-0.0096703545557566,0.0014757541284966535,0.0047347176699812366,0.008040236804835565,0.00047432773106059756,-0.033600667570634624
2017-08-14,0.016434433153642125,0.07674283871349274,0.014937515231074006,0.014922513250396285,0.015692486561369456,0.015760541340915424,0.011636417632828966,0.00025584942814571576,0.00986434958111726,-0.0071105097086192615,-0.027398923804920372,-0.0051540014182034355,-0.22944968095691154
2017-08-15,-0.0040488498177531085,-0.008468093139197608,0.010888105959391492,0.00027360760836447895,-0.000569670568871139,0.0014629340322596107,0.002591612104757779,-0.0024317386009133912,-0.00012177898169696277,-0.007739806493236578,0.0030816390653090053,-0.00422232884507423,-0.02380087427626343
2017-08-16,0.0015995127473416026,-0.01102035685531666,-0.004030071770104726,0.005855432835888408,-0.00465089954758291,-0.005865255006342274,-0.0069258069127178246,-0.007330753270113899,0.001743087882126737,0.007329654945785968,-0.018634111433689426,0.0036655034207981885,-0.02523264180826912
2017-08-17,-0.030751045832253965,-0.022534598685262086,-0.019385169195404117,-0.017117607084704112,-0.018166860289362763,-0.018343565086418323,-0.015760489221908536,-0.015742015576956092,-0.015713833081726136,0.005074451187161877,0.005211079205403202,0.007449866662638804,0.2810588559870979
2017-08-18,-0.012754302535945783,0.00018594360428991763,-0.0022834059951990504,0.0012418083492855558,-0.0021885856368846213,0.002991171315225749,0.0009926948986800355,0.004970310559030189,-0.0015642534134077124,-0.001552308913379541,0.03573635797550789,-0.00023738400454043074,-0.08660221985438099
2017-08-21,-0.028017915416138628,-0.014658081152663094,-0.0018427582779203533,-0.0047011688722733425,-0.005419079827628348,0.0022077740437191906,-0.0012133920256873765,-0.003398324200069691,0.0007824325677656674,0.0037541795070419326,-0.02642432452511656,0.0024458633771882177,-0.07799949612079171
2017-08-22,0.01027670668468561,0.022018637552959408,0.016215303587219676,0.013901746350285293,0.014175918202026683,0.011024779719464028,0.010209067427770613,0.004702359443488291,0.010402751822532252,-0.004490378194735634,0.006160226676838576,-0.0038680066868952423,-0.1502411573788991
2017-08-23,0.03290794894955873,0.01979640350450529,0.0012511708949602962,-0.0060324818199761765,-0.009247292912964333,-0.0054971967156935975,0.0012010748413686656,-0.0016953206061258719,-0.0035919855294075376,0.0037569391595084767,0.011196010434165515,0.006778832786268119,0.07630815945365743
2017-08-24,0.0004534986958248943,-0.003685708898306661,-0.004448174145660122,-0.00041257095751756623,-0.005810168804642135,-0.005766145471520545,-0.001637706116373927,-0.0036617328675632166,-0.00233338889478496,-0.0031025274301850203,-0.01735623711100409,-0.0036992083831783873,-0.001634024721228311
2017-08-25,-0.013923641294217859,-0.008389063681559117,0.0036978029061081052,0.0017870394362722308,-0.00757760876364344,-0.008501517057511343,0.004034482488587621,0.005096235760656764,0.00233338889478496,0.0036729988686285964,0.004110998777894892,0.003856135904890756,-0.08086068987236184
2017-08-28,-0.006890468861477039,0.007056111529407438,0.010020687341799839,0.0001370670460083545,0.0008036504766950614,0.00551633102790916,-0.0031607759719287642,-0.0032636565046182398,4.0990098240989425e-05,0.015762397031869213,-0.022822595363457765,-0.0006287082933855714,0.003539823418899246
2017-08-29,0.004906047766236821,-0.0016377466068400182,0.008878690495985886,0.0030162340497827955,0.008462861265084332,0.004831642298912087,-0.0054736039321854335,-0.0002618122944437751,0.0011441730111538817,-0.002167752218151797,-0.007372302550061605,0.0032170448232315962,0.033017779685540205
2017-08-30,0.01661615656396176,0.0059321320586045445,0.002697256330751685,0.013056374965110251,0.01408192758850113,0.011066139216248772,0.002302593587460322,-0.004588410026038048,0.00472644196980454,-0.00048233427165644827,-0.008492611877579215,-0.00031283691736927466,-0.0418909016076765
2017-08-31,0.007671959148600305,0.022441410503954318,0.003970977744119697,0.010216043174601452,0.013356132731702886,0.011992369577058959,-0.004610394769733794,0.0030176430644432983,0.005997820059826964,0.011671721617894093,0.026303462475168793,0.00297296393964519,-0.057787749871916816
2017-09-01,-0.0014059357862916677,0.006001804998683857,0.0003052377350853952,-0.011162747679779983,-0.002399374425638978,0.00029059201189252093,0.00887241305411024,0.0031392174401663198,0.001413222898234423,0.001905653001557539,0.004145079661133089,-0.007678616451562981,-0.04440884446417215
2017-09-05,-0.016482859035526598,-0.027055636412812722,-0.012081465651096579,-0.004473034589110192,-0.01335737051783692,-0.007585948256532582,-0.024171873159679613,0.007935256026290194,-0.007208030560228451,0.011044617985342065,0.025524611632744332,0.015733835352278902,0.18839058271168785
2017-09-06,-0.014579885074467835,-0.0006030485591395074,-0.001049317137885808,-0.002856908649264689,0.002617582369451199,0.007992742595310354,0.006680724107308578,0.020518393250769762,0.0034082290619119604,-0.005112698708954255,0.012024181476380846,-0.0061547719722270244,-0.0503039358987869
2017-09-07,0.01749337441097465,0.0046334009358035555,-0.00402274517016421,0.01272522099204032,0.011986152965818508,0.006487459401645523,-0.017689613858174802,0.0031686099512806543,-0.0001216725086017334,0.01035552763541947,-0.0009965351132521505,0.010184945443902471,-0.006902522889077556
2017-09-08,-0.020778565207527855,-0.017501741854452524,-0.01644349859073202,-0.0048544042280589395,-0.013951323440571262,-0.013133879298449891,-0.0012437013840589373,-0.002660891509977059,-0.0011752463865768448,-0.0012495406412700305,-0.030366726199545724,-0.002168625168335936,0.04817151771720507
2017-09-11,0.05740591547709428,0.03192430910709865,0.017930664425098275,0.010488363702750192,0.012408473791438723,0.014864147215699397,0.015375932492408317,0.005440530041640912,0.010609264597011503,-0.01400714397659808,0.009207242138124627,-0.012009274642545975,-0.12181345721828052
2017-09-12,-0.0025880134257936227,0.0036032237518721644,-0.003970667008211581,-0.001070744188747419,0.004713053224380204,-0.0031747894747660155,0.012176118748086218,0.0031497770103778855,0.0033650809932668224,0.0029277577169537494,0.005078750561154699,-0.0052707902489004255,-0.014078094761562632
2017-09-13,0.009547674291396024,0.004471188441037333,-0.007550403505481196,0.0070718262548910005,0.01717339151475139,0.0005202254783576166,0.0028568731024289917,0.0033905143949248817,0.0004797125691400339,-0.007534611170576966,0.020060834574464614,-0.003951291690585279,-0.0075901620555276494
2017-09-14,0.030679855252103483,-0.005710061670747502,-0.008618369380853697,-0.0058675716147202905,-0.007420404605938735,-0.012150787117626294,-0.0019767935923793445,0.004003625626298746,-0.00031978280871403086,0.004369098124020532,0.005940653132789464,0.00410930085289074,-0.005730714902156375
2017-09-15,0.005729766880258502,0.06130470034279889,0.010057728967344914,0.007196342977297654,-0.005477525698462493,0.0039692408494182985,0.0071198973399786425,-0.00025011766550564474,0.0013453315883662498,-0.0050062075765593406,0.006886372032909094,0.00039433335362559774,-0.026202324698989976
2017-09-18,0.013572232447427446,0.040477905651870705,-0.007596758650388669,-0.0019940425770128556,-0.01285091616734757,-0.009541933231176358,0.0140891843088502,0.00025011766550564474,0.0021245540184535727,-0.009364174007228776,-0.0029454840283973382,-0.005771205770657595,-0.0019685496577599437
2017-09-19,-0.026050746064111063,-0.00106676969233499,0.00037760556931365485,0.0037187433261900438,-0.004454611516832685,0.014656145326995329,0.01091705987197944,0.001621927274510604,0.0010006600463983162,0.002088539057238492,-0.0059172184886815415,-0.0024610916736858,0.0029513731957795386
2017-09-20,-0.0031774910244819488,-0.00809267524086299,-0.016899608271565558,-0.0066499545113032354,0.0034481456433446134,-0.0020309067492894073,0.007001562856502552,0.004105128601612051,0.0003599954284805307,-0.00805676270666389,0.012776598185969767,0.0007153484501092322,-0.040085584357184345
2017-09-21,-0.02007122963836583,-0.02771591415856145,-0.017321015060436373,-0.009788351123530603,-0.008834574170731191,-0.006175787041720504,0.004534679764010008,-0.008227601322249978,-0.00268309544614187,-0.00763302471544236,0.0009761083247976643,-0.0005564332422718365,-0.01131113938820727
2017-09-22,-0.04290131038030198,-0.009784606797871742,-0.009827019375238777,0.0026908422064684245,-0.00994923387863711,-0.0033368111635736497,-0.002106522101814612,0.0003755053003713371,0.00020067314876737186,0.004554314660935255,-0.0009761083247976643,0.002856941601238283,-0.008307412548466342
2017-09-25,-0.017527214982414385,-0.04572131119457312,-0.008861255764265774,-0.015575650098439198,-0.016159662973744382,-0.04601740740528815,-0.007515158771091102,0.013176295978416075,-0.0020468631807055715,0.010412984536013248,0.029824280741589604,0.006240361799506822,0.06264673110631769
2017-09-26,0.000753389500684154,0.0055974492899575345,0.01705729063134953,0.0,-0.001266996570406409,0.008193780695316732,-0.004472440235377739,-0.0011124577037167072,0.000602589765009931,-0.01122472640407679,-0.0057034774120543474,-0.001812665989681328,-0.003925418350479326
2017-09-27,-0.012474308755910268,0.021687281050191576,0.007092147816637251,0.008021541146123745,0.012987923943538426,0.02091109245408429,0.015671792716728028,0.006653909007155789,0.003886663806307311,-0.009464790137827528,0.0028558502340647607,-0.015182631527527413,-0.029942375711765834
2017-09-28,-0.004026045006203738,-0.0002845194129454942,-0.006178391857152743,0.00027119963259458757,0.005798895395766834,0.00624251542514731,0.0020992914876574176,0.00928993281695778,0.0011990045761605117,0.0018837445698105526,-0.008591952551116222,-0.002967918390917923,-0.032958667385689644
2017-09-29,0.00440725188123503,0.01743559795106253,0.0054650709282664245,0.008357649285226643,0.00516233963708812,0.012603393893686032,0.0013614497328306996,-0.002558181170327245,0.00350900406065513,-0.005168371577412678,0.0,0.0022472024008175495,-0.004197273840086613
2017-10-02,0.0012598678729922597,0.0012855023163069745,-0.002013319731788421,0.0016095544648244697,-0.0022494038977147746,-0.008227230032994193,0.013829166418544148,-0.004278714576818388,0.004329303955779018,-0.006684614889873153,-0.021318662359292695,-0.0018333498539062631,-0.006329179302721588
2017-10-03,0.019169154217639317,0.0020657620431479007,0.004346532308064255,-0.004702028889274956,-0.002181295305561548,0.0028871864502235667,0.005252898397403172,0.001591215478325303,0.0021376771872088085,0.0004967317019950457,-0.002942594812459731,0.0009652529034669399,0.006329179302721588
2017-10-04,0.019541268032736703,0.008327162069732497,-0.00649451697273129,0.005773777230416499,0.008686425286510424,-0.009102267012704779,-0.010221841010666033,0.00036684957267318907,0.0011860332305069221,0.0028098889387884185,-0.009871786025972717,8.016602719251864e-05,0.012539337069036982
2017-10-05,0.0009009922922391667,-0.0005531559364262417,0.01236792565245226,0.016992362873568645,0.01582523841864303,0.016605247005531787,0.01337566243402577,0.00280814276125696,0.005907510937378291,-0.005378816723625945,0.016724450510039013,-0.0037846481863317294,-0.04676734698637297
2017-10-06,0.004352621348872265,0.002927947521585761,-0.0005793263119073799,0.0003946515455002242,0.00886107919707646,0.005764546273907989,-0.0017523302279300879,-0.003786523893945848,-0.0011395522961974436,0.004718354115049728,-0.027697094827439983,-0.0028280787483252467,0.04884198511289917
2017-10-09,-0.03984406013065023,0.02230842687336132,0.0034709342551999534,0.003808346961058362,0.001423821068854636,0.0015666503483808825,-0.005275690118015319,0.003908548695037872,-0.00165253517350461,0.008142542011554177,0.0030044822370678403,0.003150684252882563,0.06809439992552724
2017-10-10,0.03622283237587309,0.01891498955102855,0.0003847766761433391,0.0,-0.003831768090875265,-0.005289450723283906,0.007440289918560161,0.0027998695718141065,0.0026347744606383117,0.002617800009599769,0.027615141057408366,0.0016120993821369112,-0.024499020671501004
2017-10-11,-0.0027879875476251037,0.010582453858944074,0.004160974284313834,0.0017026746627877287,0.007870071642162468,0.006679723790157688,-0.002990400660282333,0.004124846981193642,0.0015698939595436556,0.0031812040839058753,0.00775196964062097,0.0019304965961000065,-0.02308176116249072
2017-10-12,0.0030410778898386503,0.00047140390853206426,-0.003519833672717354,0.009118185293382375,0.0059421328132858164,-0.0011004845587070378,-0.008815719313271408,-0.0020601943146125734,-0.0014910628472026843,0.0008140547013937294,-0.012627668475722942,0.004250422004126619,0.00607283903264344
2017-10-13,-0.00030933239999875184,0.01846442215070887,0.006326619707191394,0.004786361625614077,0.002006082882541893,0.006872883564842169,-0.0013553988960168795,-0.00024253861938827725,0.0012164630021249678,0.007539254296556663,0.013592475989315567,0.007177257369375134,-0.03074014568790373
2017-10-16,-0.014076156056895162,0.01701864927868524,0.01824116783926044,0.0020629164771444053,0.0033843395588113445,0.00447941107771932,0.020444689350402,0.0048417369481086325,0.0013327618416250075,-0.006888462515219906,0.008641451078047702,-0.0007152562828238729,0.03074014568790373
2017-10-17,0.014582301161447653,-0.0009098471132278352,0.003683516574209733,-0.0007732164770377636,0.0027685800366086255,0.009069263320650833,-0.0022512754042489647,0.0018099552452399692,0.0007049337546476409,-0.006854404417199866,0.0028639383054400724,0.0012710662898047786,0.03957000578430714
2017-10-18,0.010903108656870053,-0.0008600119301063192,-0.004434460079585367,0.0002576973611283506,-0.012093133097409225,-0.00045425636628593224,0.0037832235039267914,-0.002413662466193678,0.0009780118993303333,-0.0037735819439879137,-0.0009537653759998932,-0.006612580974817206,-0.023553662303807954
2017-10-19,-0.022040089763599724,0.0011130745262453168,-0.02394451428915767,0.003858265011012385,-0.0104758832337839,-0.008385887815908433,0.0012240673050332163,-0.00024177537214153944,0.0002737047955490013,0.005900215657302255,-0.012482078644799444,0.0017566792349335003,-0.001988022941352696
2017-10-20,-0.01925706820760853,-0.004560733873221423,0.0017293021818356458,0.011485211300363396,-0.00375729289706328,0.0024032026303499876,0.014168548427352157,0.0044619876706741834,0.005146935420291321,-0.006393454395473341,0.0076997417037478755,-0.010670183618835871,-0.007992042726700621
2017-10-23,-0.023691914992545637,-0.0014229882684653195,-0.000511953732158954,0.00025370868472052166,-0.01704324664002055,-0.021430421040969705,-0.001710065945350614,0.0015624957202495793,-0.003896851773558474,0.001561172319444637,-0.0009592546250072331,0.0017729456151025502,0.10465810839574674
2017-10-24,0.0009489792864179059,0.010422504964778367,0.005937226356685699,0.00038076094551708906,0.00988576804039365,0.0030895970208471013,0.015779920783114854,0.0027596310842232796,0.0017556670179841305,-0.0038662591759726084,0.011450495846862196,-0.006218991649611816,0.008097224127690872
2017-10-25,-0.03468476275790788,-0.02559154466427227,-0.0044016272295492875,-0.002920962019500095,-0.003068500380651873,-0.0070092306960232165,0.0009901754447643185,-0.003600947346758865,-0.004962401114243953,0.0001647984431061289,-0.005708904280803395,-0.004791953801785986,0.006252784707365233
2017-10-26,0.0010122249793842464,0.010427822315676183,0.0063728255935808775,0.0016521515722249802,-0.0004935296884704954,0.00017574741641013247,0.0071026249574552835,0.003600947346758865,0.0012917599877990682,-0.008440935931398386,0.008551135797110199,-0.003342956881733805,0.006214014609706275
2017-10-27,-0.016382711989242793,0.031042791596727293,0.035203366246828516,0.062146873887092724,0.12413067896568464,0.041611707894513295,0.00029425927255566364,0.0028710744230329155,0.008142804272969428,0.004725786574732993,0.025223239077608817,0.006594172998831027,-0.14242033745821914
2017-10-30,-0.0024650473991032484,0.009761017212675416,0.022258829742132225,0.0009540566027883557,0.008952025262933816,0.011125258284534034,-0.003543391916362104,-0.0020327809808211583,-0.003731864959608089,0.0019005561123002224,0.0027636805171002976,0.009529379697434948,0.06899285202421046
2017-10-31,0.03514729459234811,0.014465126048843757,0.013819606978861643,-0.00849904210410557,-0.0050267843676232715,0.0010558083392169237,-0.007920213451821034,-0.002276860231289035,0.0015567441436852292,-0.003804794442604731,0.005504639504404274,0.0003213611759589341,-0.030950216063126756
2017-11-01,-0.032027993437652835,0.0018838228643078825,-0.01280054811550757,0.0,-0.0014486789522827337,0.014336261730004018,0.0030765456934078728,0.0062195687663963994,0.0013213670639027342,0.00363969666116315,-0.002748575871503789,0.004442639073522159,0.0019626604903777434
2017-11-02,-0.07037752861026636,-0.006099599430066993,0.007283560485162877,0.010404428972054625,-0.008608262578960968,-0.0206876396533211,0.006617264973554526,-0.0040623928582510516,0.00038807393210582575,0.0006603535530684823,0.00822299335128207,0.0043988811372432934,-0.026827192800940924
2017-11-03,0.022566434312163874,0.013265011887441558,0.025778571142960782,0.0010705724910327064,0.01575869793025042,0.0,-0.0017735972151413648,-0.004198812957596942,0.0033331532716891488,-0.004714451332297642,0.01714074743437699,0.002710202115105531,-0.08290008576106533
2017-11-06,-0.010872717933080533,0.004494185707816456,0.010093943256355598,0.003914036557587153,0.008117362513653248,0.006962081300618372,-0.0062319066291092184,0.0068286991683539355,0.0015463774207979952,0.00850295097934417,0.029089747595733684,0.003733955176458359,0.028049225665349287
2017-11-07,0.010742038348579008,0.011383871313932925,0.003208635027458495,-0.0023704917325062524,0.002237242141855944,0.00044390600940413805,-0.02034825878439417,-0.002031607787000844,-0.0006953206699726877,-0.003623510843532962,-0.001739170678694002,0.004193692703188923,0.05081453165467931
2017-11-08,-0.005438693972280362,-0.013628624235149545,0.008147324044281756,0.003435644918995173,0.00860802422557061,-0.003835345329850526,-0.011304208888178735,-0.0013168875428242188,0.001699471730734814,0.003459056119704762,-0.006986921439761318,-0.00221332090132087,-0.011184723605584423
2017-11-09,-0.0046100149144607805,-0.018529828864839226,-0.0020452126787664504,-0.005573832866473616,-0.0033156381878711727,-0.0014490306252312735,-0.00010258715947220054,0.005972153406739622,-0.0036345187536106494,0.004102401645100784,0.004372564114487609,-0.002853004215725541,0.0710358004203111
2017-11-10,0.0,0.05135678846585279,-0.003315203641036657,-0.00261942056783937,-0.003353311599481934,-0.004695892070539998,-0.0012297933688039109,-0.0031297113236945506,-0.0003097630648660754,-0.008221702339946013,-0.0034965037067049565,-0.015194505646766387,0.07254211761926443
2017-11-13,0.04014187870553876,-0.0163729334264342,-0.004015263017839832,0.0007147416282844432,0.003388717016853171,0.001735550563194188,0.0035829981859745175,-0.0006034189462535977,0.000929271986890079,0.0014849063034301224,-0.0035087721540900674,0.002093308988943221,0.018429660586462226
2017-11-14,-0.021471745518534036,0.00726343010836672,-0.015233124687815014,0.0014287495709197628,0.006769619085418732,-0.003923344788883121,-0.006047230431259543,-0.007872271155176414,-0.0023251739333494115,0.0020587153071538467,-0.02221326318484884,0.006731355725558608,0.007795635147934021
2017-11-15,0.00838709205242738,-0.01980431087218859,-0.013277660887738296,-0.0078024687305262574,-0.008968347731299176,-0.0006741315429170669,0.009413736966218167,-0.012603889617806452,-0.0050178170072232575,-0.0012346702455863223,-0.0036003604483285656,0.01080458630875114,0.12475702651355425
2017-11-16,0.00384738828794573,0.00773234330512973,0.01187612243556746,0.0026474857770324434,0.009364087382451203,0.009173826858720702,0.0028474385012913217,-0.00803578275708805,0.008464949570671898,-8.23865246282196e-05,-0.001805095968603787,-0.008729649733768774,-0.11019573509747094
2017-11-17,0.008126891338092967,-0.001182098740500459,-0.005567852850436594,-0.009661447123696654,-0.006536783466177809,-0.0032907857516679684,-0.0033568200307225737,-0.003980194169940887,-0.0029429525003132895,0.011954609509227332,0.024979058384355213,0.007385008308284924,-0.028462457426959187
2017-11-20,-0.020231813822732203,0.012787049527754224,-0.0009998786009419725,0.0015760175433774393,-0.003164649813234277,-0.0014534813732813845,0.008825961697588092,0.003856182362916627,0.0017049412655207874,-0.012696268046166637,-0.0061865551399327146,-0.0003953264267941847,-0.07068164816958245
2017-11-21,0.028954178587658586,0.009160071713322004,0.018419743951259004,0.014316259867276138,0.011633998526740186,0.017304979209068705,-0.0008085565157935903,0.003964836765576685,0.006521634526500897,0.0016473488437398487,0.010582099541045942,0.0031610980970633307,-0.09034600718539343
2017-11-22,-0.016529238935065305,-0.0045030140058324175,0.010457029209153479,-0.007313104844311802,0.014523373823799979,-0.005458717344867026,-0.0029356190306435437,0.0028396761630871126,-0.0008850677702287868,0.009175087875408217,0.017391809059447816,0.0032297172585353806,0.015298674191578598
2017-11-24,0.009392732392230485,0.009400427824052926,5.764101624361473e-05,0.001803374252073553,0.025482141960797122,0.010504863137696496,-0.0032493432309141923,0.003938139370362137,0.0023069565659836755,-0.002531110250715507,0.016246580316103376,-0.0027564556253629746,-0.021484205987905902
2017-11-27,0.0039850596909531966,-0.013082728360960472,-0.005042518655637096,0.007299678399392384,0.008254218778723121,0.0013667983457184008,-0.003974545599551682,-0.0038147622984974205,-0.0004992705512112394,0.004160741332319695,-0.017109040796604802,-0.0014206117746473623,0.020471524495606186
2017-11-28,0.002333072460419139,-0.01614743380622885,-0.00587639191311462,0.011970522333511369,-0.0018665509076045694,-0.0033384411075676468,0.03442572080311024,0.006880633922992985,0.010093678712508769,-0.0001628747154764909,-0.0008632049607131265,0.0013418146413721743,0.016080733500266398
2017-11-29,-0.0320301391922766,-0.07022754699621658,-0.020961258524601956,-0.018309742583984878,-0.02745973122367218,-0.04078303585804388,0.023112749049186476,0.007319913274771217,-0.0006090056235557029,-0.0062895583924209575,-0.009544511134517819,-0.00990766166602608,0.06466314829134046
2017-11-30,0.00425057889210656,0.021605511392355448,0.01388715583486011,0.009909730690900176,0.013242202875674458,0.011637497930040652,0.007587166790130162,0.012321961010642646,0.00871699858160735,-0.007732229391441692,0.0,-0.0033512094922354407,0.05278749875497368
2017-12-01,-0.0075401036663929055,-0.015211250379469021,-0.004666138589338065,0.0010686521135916394,-0.012312604085950696,-0.01180881698477343,0.0025798263240943697,0.0020387009753592977,-0.002077618964333894,0.004038061230928314,0.01728649841416985,0.013403893173760117,0.013210282109116456
2017-12-04,-0.004348342724700416,-0.057360479062601666,-0.007334573268758859,-0.038470930478847976,-0.024736740128106227,-0.02094893442892687,0.02040317899400179,0.0013173169720754885,-0.0012105897631551343,-0.00337765315460814,-0.015544380895503807,0.00047447051299798204,0.021636499021881583
2017-12-05,-0.004926852074404131,0.005769190729598028,-0.0009427771545875707,0.006270687556563459,0.006697404592483913,0.007900209654663648,-0.011567123835652282,-0.008170460819274972,-0.0036030836499589824,-0.007122188370048299,0.004342185833749568,0.0049634885696834274,-0.03042393522202813
2017-12-06,0.030993122826220354,0.008063822888679573,-0.0037204449289269803,0.014479803924849932,0.00939885325962031,0.018516166692946534,-0.007500813088591407,-0.0073863698726226446,0.0001898866357272766,-0.0020799541641842723,-0.02990549650317309,0.0034519100361949384,-0.02774222304199503
2017-12-07,-0.006469278797638367,0.01432131346606802,0.0018324126959794462,-0.0035095563596412305,0.006435581273965596,0.022909547105665062,-0.0029587055057893608,0.0032760024388114317,0.0031482119099894845,-0.013246352701112407,0.011540307034965558,-0.007862981203400565,-0.08125341813227838
2017-12-08,0.012420992480592474,-0.0026074596738823175,0.00029526420144776466,0.020042643599428978,0.00190371002183376,-0.006348634978339263,0.012443481188014971,0.0013318966261541831,0.005438540864509456,-8.435250698735075e-05,0.014023003634457964,7.901287813893987e-05,-0.05878084311295062
2017-12-11,0.042798912246750476,0.01641888774692979,0.01929678879505481,0.01263384712987392,0.0059375988017844605,0.00022355739581048084,-0.0029306433600204684,0.004466187174723579,0.0030077905747774025,-0.003974813553107026,0.00952805905706633,-0.0020542830655019273,-0.025371315441107267
2017-12-12,0.03618623297339063,-0.0198191862622088,-0.005633603602566595,0.004097881181746921,-0.00329044901545128,-0.011685331505542962,0.011578376754001418,-0.003256762547956704,0.0017635271118683349,0.0011856318079059847,-0.01388918172577025,-0.00039601672987821246,0.06024666040991855
2017-12-13,-0.005881845506406247,-0.02472164129210075,0.0033141939916068175,-0.002691198833620234,-0.0008157377293604995,0.007543738674503864,-0.012620332747561136,0.004340422081097195,-0.00011218006713420436,0.008596013189973384,-0.009661880965754044,0.00748958521687193,0.025872112112647727
2017-12-14,-0.0033682099029070933,0.0015564642619438906,-0.00029029298003724335,-0.007762585249825982,0.008664139049874287,0.0005044763209189895,-0.008088647841006491,-0.002650528487336601,-0.004094824362208094,-0.0020159424324850406,0.008787436200146992,0.004231594252437354,0.029997359488804776
2017-12-15,0.01632121879508297,0.026930768154369344,0.010110164513328357,0.025184858678593436,0.0041471883539312415,0.00998416599694174,0.014041825897241011,0.00156686895419611,0.008293020819237107,0.002099870574296503,0.002621210109037264,0.003746857081668331,-0.10758730390173898
2017-12-18,-0.013425020718791814,0.032560839809025355,0.013984510513067594,-0.005426285748565185,0.009655200437244105,0.0035458022626881913,0.0076958701198286406,-0.0010842974208129519,0.006321138659075132,0.004604277886820718,-0.0017467653434302122,-0.00915718554392253,0.011609592958881532
2017-12-19,-0.02319609249622534,-0.009085956913763127,-0.010713396608367898,-0.006387312394786626,-0.002691381614393862,-0.007271161167120788,-0.004215894022671307,-0.006046783113925258,-0.003847527627579339,0.0007513783425441289,0.006100293347397923,-0.01305908118290855,0.051135885704533646
2017-12-20,-0.006423540521295568,0.003512210201827237,-0.001089276423727803,-0.003618533851895478,-0.008253729095494045,-0.009065438823546934,-0.0034799760971573335,0.005202298219161072,-0.0005246164098808848,0.0026671102328528207,0.008650523519235342,-0.01113503904039348,-0.031394929406384886
2017-12-21,0.008113407607173162,-0.004634989626155717,0.0037780088105958676,-0.0002343472948949099,-0.0024316076057075975,-0.0024766914888196823,0.015796976827984643,0.011756452487397873,0.0020578434817322133,0.00141400041112405,0.0025807056598701195,0.0058118987471376116,-0.01034139316297722
2017-12-22,-0.01966993832310404,-0.0031701058379691727,0.0,0.00011742411650494944,-0.005462810192431888,-0.001409721599083369,-0.00353042521219038,0.0014299698664475002,-0.00026154706732750554,0.005222850279183788,0.0017166960375334384,0.0013631338411919103,0.028690465826778144
2017-12-26,-0.024624236744461125,0.011051631461060474,-0.025696880679688228,-0.0012872531942438314,0.007163876953518944,-0.006851840386651098,-0.0040100587976317215,0.00011916041378956521,-0.0011971289841063992,0.006839416919106611,0.02456709458053652,0.0029612826887692734,0.03474298697616929
2017-12-27,-0.017967524343938113,-0.001368255439452959,0.00017592810851807528,0.0036233176365119135,0.004662922890910082,0.009219194766588501,0.001867373880200418,-0.000952950241202899,0.00048659184223254215,0.0037705513021490944,-0.002513594378740436,0.012941269238977426,0.021236344802212148
2017-12-28,0.011866220726355348,0.001165582067438331,0.002809408521987855,0.00011635876404358925,0.0032427757977950833,0.0016876910434548975,0.005302115143714481,0.0014290518606596692,0.002055353122581316,0.005059543293278068,0.004185873840349963,-0.0008680239310745463,-0.028089009286278444
2017-12-29,-0.01279719334855045,-0.019954561446078767,-0.010872396802032114,-0.0021014024537571174,-0.014119976477713791,-0.008239733425117635,-0.007916875703638304,-0.004533076631822119,-0.0037779585664630133,0.006490919761210634,0.003336113271444674,0.0015776025384983683,0.08109999629325682
2018-01-02,0.02905826148136237,0.02978477311619243,0.017746246959466028,0.004780806931022674,0.016570393594201427,0.02772031457625168,0.009400119753731673,0.01648232642960057,0.0071318487433655875,0.012058023762451242,0.004983354676116214,-0.010858110251821707,-0.12220852448490804
2018-01-03,-0.010285830962693865,0.06373871690290445,-0.00017423262486992996,0.004643624445712646,0.012694394527191122,0.017755675198236176,0.0010182383592090005,0.01944985216720241,0.0063052980283391236,-0.0026403330092135135,0.022123021016935418,0.004770240202736531,-0.06556267531195115
2018-01-04,-0.008324530558681875,0.005257402896273522,0.004634054003956667,0.008762788782537001,0.004466025342987123,-0.0018427965389609113,0.014224330045455424,0.001383189138902452,0.004205891354723157,0.0051142783102626765,0.002428146310358592,-0.0001589894421307747,0.00762122893366346
2018-01-05,0.0062104160171769784,0.008438706819309472,0.011320990640721895,0.012321793452057861,0.016033293579239327,0.013578604553660334,-0.006440565316064628,-0.0008067295514724293,0.00664236231847859,-0.0010367021379344976,-0.0048622028690807895,-0.00285940327119949,0.0
2018-01-08,0.06075470238170322,0.030180486793456085,-0.0037211269386561163,0.0010198696980703303,0.014321632906716175,0.0076240877859428124,0.0014757602908739287,0.004485438525279939,0.0018268806696202233,-0.00015962553903658971,0.005670302216639556,-0.000636793137583247,0.03201983035728029
2018-01-09,-0.008118245093933663,-0.00027038633046894134,-0.00011457206970089118,-0.0006797975484875707,0.004664812398839757,-0.0021799940162878784,0.005056269745769448,-0.004254832060421876,0.002260542115868347,-0.004639219643041592,0.015230721823584759,-0.013462478876407502,0.05715835818668635
2018-01-10,0.003320893638202538,0.007809169415458728,-0.00022965168456545726,-0.0045443064010672884,0.001300359709972554,-0.0001597824471151199,0.010944064592441016,-0.007983933753177297,-0.001531040354255886,0.0024022706924071713,0.008712974752518754,-0.0012109346793094389,-0.026132163784967855
2018-01-11,0.009364661080734749,0.001786766683405716,0.005664362685835034,0.0029562180601354626,0.017661397816816304,-0.0003725971176589127,0.005336901557605245,0.009826168105795396,0.007269799445572822,0.003273877321212204,0.0015760053694826581,0.004110880191142918,0.006091432053454415
2018-01-12,-0.005132257768969417,-0.004921029608129235,0.010273248050266748,0.01710955297727601,0.022093365873963045,-0.04576724842373103,0.01637590398747779,0.006763934331623034,0.006497762029682441,0.012044492942166585,0.013297034269914576,0.0016875443526460643,0.027945903788977322
2018-01-16,0.011356387675395485,-0.012954725648058218,-0.0050950889645382524,-0.014048964962508848,-0.000260621146197515,-0.005478530749670973,-0.003556720267675395,-0.006303857467078622,-0.0034241926410985,0.0016526906271696618,-0.008583716861875423,0.004167670559274583,0.13770574070406383
2018-01-17,0.020663613947740078,0.020728129906221637,0.01638131328792225,0.020057894099202223,-0.007585002173476241,-0.0044382698443277135,0.0063929654021537274,0.011773139868190619,0.009486726684150959,-0.008132363237353779,0.001566132201023862,-0.0013601102931195541,0.021214202719556763
2018-01-18,-0.007488501129632397,-0.0012469666889278752,0.0008926379280373986,-0.00044370189748743627,-0.0012981338528064157,0.012311368316884952,0.0023864096901400345,-0.006497924083633144,-0.001682256341768884,-0.0022222134485856415,-0.001566132201023862,-0.009333108444299576,0.02569560503977053
2018-01-19,0.01569309006501829,0.024949161986141943,-0.00447255072054098,-0.0011107185937833108,0.0009736994050157932,0.008252530989480533,-0.0022097132084502036,-0.0032074213429309495,0.004539208362625224,0.004439499612016284,-0.003139716949284832,-0.005268392239748287,-0.08092960692565487
2018-01-22,0.00439002453600601,0.015437708526442995,-0.008214561618556271,0.017730824947931545,0.024968098162378993,0.02225593647111168,0.011612663349868768,0.012542804613064895,0.008098364433707594,0.0018177059354300695,0.004705849150308694,0.0009746568656776589,-0.021525559613488898
2018-01-23,0.0034926166800781644,0.022091670409328357,0.00022595154527937922,0.0031607231731944907,0.02619622993015902,0.021243517421379643,-0.0010500731714797595,0.0005662744418737375,0.0021198731740499355,0.004961985943157998,0.014757590861425918,0.0042937353740706286,0.006326333628840164
2018-01-24,-0.01975213430064171,-0.013102791491119703,-0.016056884662468907,-0.0008710483130798252,-0.0036983973600372977,-0.014897903486800423,0.012702393262415512,0.0026014832146836753,-0.00038832249467990465,0.012104345577546027,0.019091835705849824,-0.0054309010726667495,0.03278981173697737
2018-01-25,-0.024140616665780268,0.002329473037564922,-0.01801243065409075,0.005539064357352075,0.014944682738459392,0.004972962479987686,0.00025922447966308937,-0.0018090354643023332,0.00042366168278729077,-0.006697849027903047,-0.012176698644190687,0.008175513773450938,0.009544511134518263
2018-01-26,0.01531282021728142,0.029104980411935655,0.002334925161010748,0.018563648891444018,0.01733859019973316,0.013351812076154879,0.005344484989971754,0.007103536160730783,0.011511347752218626,0.000781175638679521,0.013688377243513905,-0.0037153279099886305,-0.044137791123023185
2018-01-29,0.01929636758464115,0.014362210412455001,-0.02091558398670834,-0.0014894135926741825,0.011086306197050533,-0.021384739921431084,-0.0010322641534790122,-0.01118544371216057,-0.006652095629345212,-0.0056378571834709845,-0.009867261633959679,-0.006982931652339985,0.2224212867812576
2018-01-30,-0.01067099478570599,-0.016872264874959075,-0.0059116648580097575,-0.012643603389475011,0.014106290909007058,0.006110842684273088,-0.009424370124571091,-0.014074602216619603,-0.010310022908161187,-0.004328123373075421,-0.016147989791424955,-0.0058833208617379285,0.06638831292880765
2018-01-31,0.024253827172148412,0.012609832830829504,0.0027511056000943945,0.02418246876386121,0.009049130891396473,-0.001229990738146114,0.00485292480841526,0.005974129140890128,0.0004967653769556435,0.006681089570490961,0.00618239421276634,0.0058833208617379285,-0.08830300947669256
2018-02-01,-0.01438425295889445,-0.021798244686912494,0.002088307264840328,-0.007925154789819366,-0.04287344522925807,0.032636185780579474,0.010320855360929748,0.020072384820460698,-0.0011356766356902526,0.0032848909860554443,0.019832857212618293,-0.01459863260637384,-0.005183254420537686
2018-02-02,-0.01587327182470455,-0.029452556486702086,-0.044359869557137444,-0.026663136831776235,0.028335697336223653,-0.014659806801583741,-0.02241037632387677,-0.05231627293506591,-0.022010762176627452,-0.013204686797240406,-0.01522097964858915,-0.009322569035902895,0.25081932808933116
2018-02-05,-0.03138185126834481,-0.08869457821334059,-0.025301487778302434,-0.04205699340972924,-0.028335697336223653,-0.048564143545688054,-0.04914039381743951,-0.05858618790674486,-0.04272225314879119,0.002528643755518978,-0.020922847681875467,0.009405390886672471,0.7682450294663026
2018-02-06,0.0025183533063417585,0.054101882246788024,0.040941710990986646,0.03714236726212139,0.037309622701426015,0.022097611890055546,0.029969014608856703,-0.017334435381948676,0.019510719608391014,-0.01055189964568104,-0.005496727445197358,-0.00623277715817494,-0.2189988903963882
2018-02-07,0.032493210526077565,0.014173148227399235,-0.021639593014249225,-0.019012669421583084,-0.018226722717437305,-0.02807374777498861,0.0067564328525104855,-0.01815966276418779,-0.005439648967907829,-0.0047167720834533355,-0.026327801293144937,-0.009548770583689858,-0.07801563428568237
2018-02-08,-0.09024189341458255,-0.05055719375159695,-0.027901866327231684,-0.05269799202182757,-0.04791173027881168,-0.04890651812362279,-0.0452174738047999,-0.011371880624702957,-0.03823025895069687,0.001521419504395105,-0.02289549990520623,-0.0010942820361758976,0.18783582507703178
2018-02-09,-0.015376248848248064,0.064791075484679,0.012156925449776868,0.03661158034612555,-0.00810380479141859,0.02605892887477612,0.01982476194088978,0.006354011015289096,0.014909713431052296,-0.0016817358427463347,-0.019207312626077666,-0.0063386956609416956,-0.1409880284324525
2018-02-12,0.01696120216583097,-0.017605004814227332,0.03948908808634011,0.010715613576927296,0.034216728035250554,0.001702062219942846,0.01533077244307357,0.008410152469831012,0.014577687006135598,0.004797371517787141,0.0025263749559822912,0.004398918736974622,-0.12637971572039808
2018-02-13,0.024806110575996687,0.019972188686643744,0.009967717135041632,0.007823200871846403,0.020195369757355586,-0.01865233695114732,0.006155899738971016,-0.0015716383420527613,0.0024844398440357907,0.0056472535967850845,-0.0016835405972184248,0.004464161980823,-0.02530784725111923
2018-02-14,-0.0041797738337763235,0.03708902564998695,0.018269596968603974,0.015536664751376605,0.02550419300925899,0.03612824030824058,0.022862178415210543,0.002094873140440434,0.013405833539439804,0.016908852519764928,0.02578108835684567,-0.011155886840062301,-0.259644658539091
2018-02-15,0.03583675439422285,0.02082379231320619,0.03302683245580873,0.020167728977829924,0.007353751233283745,0.0024479969426032255,0.004164274918288413,-0.0032747181346541865,0.012679771248298444,0.0011691607653974145,0.012240023651352239,0.00339428953126486,-0.006772678671626675
2018-02-16,0.004241546843597899,-0.010849605524863026,-0.0032424633390939483,-0.00714834844942569,-0.008981431539362816,-0.014553098639362716,-0.007211780429338788,0.004320295027091969,0.00029298126144805536,-0.0032769459911659027,0.0040469655118808845,0.0054058994067087696,0.017103290129087068
2018-02-20,-0.0021483504963466515,0.021261612013010023,-0.003369710286528882,0.007795598415810012,0.013479644565155269,-0.007640716587465235,0.00026196318163762555,-0.010374886457557242,-0.00628117087998703,-0.013532867750938316,0.0008074468502501375,-0.004390619585667999,0.05693006460225103
2018-02-21,-0.004400810006499167,-0.030863284140776992,-0.004548716932256891,-0.013354357216517343,0.009873800090444362,0.010736953584555842,0.004175533932766484,-0.011417756152289016,-0.004986727220635423,-0.00460496405778521,-0.008103802876676447,-0.01234379664045715,-0.028559297561090435
2018-02-22,0.03788699111449656,0.0032678236309595654,0.008324122125292988,0.002619523290336545,0.0016305120580417665,0.006052242324038559,-0.0018247813363858612,0.01286863278352346,0.0012955377611207908,0.005080177401413977,0.02411693970198492,0.0029932341204528257,-0.06713936238272877
2018-02-23,0.016843236182783716,0.015489415445411048,0.017241721879025285,0.025083284824238383,0.009821428842378133,0.023739434746788746,0.02006189789390067,0.021775658614424653,0.015813335467361078,-0.0012676571223932953,0.01419584571522492,0.008842763610940274,-0.12683831167819504
2018-02-26,0.015138342018226503,0.0026400112103095452,0.019579510617946383,0.014355399765877408,0.014527347404448498,0.00890790973891864,0.012368871092652611,0.016755570646211027,0.011545248380079975,0.0024545525850454553,0.007022986221275396,0.00033886270813709984,-0.042744170586721086
2018-02-27,-0.01815384568960532,-0.0021112471807420707,-0.003246281362169423,-0.012867842058406964,-0.006572418273647074,-0.018942022216767995,-0.011942878586764571,-0.01714269687455472,-0.012565112909624254,-0.01049377405473173,-0.016464507094705816,-0.0014396223038302125,0.16261385783666782
2018-02-28,-0.02285232617233568,-0.016637699328257094,-0.0015147251374707515,-0.004575453865767187,0.00031078300210563015,-0.0174554947823351,-0.015975589750685693,-0.022971417958271623,-0.010181401134638612,-0.0010394376248337167,-0.022383007864911875,0.006335976181354397,0.06558021640940215
2018-03-01,-0.03599846676634222,-0.041295685939972016,-0.017671388942336108,-0.009859674878383018,-0.012641932360173413,-0.013436843472409699,-0.018084398690014325,-0.00715514617573465,-0.014647741810096093,-0.0022425027652310803,-0.0016180831906851267,0.006802694352446181,0.12397702928809728
2018-03-02,0.012581794044277839,0.01847524614964402,0.006890597511534313,0.0021517932478376522,0.004542832323263468,0.0038575443296231526,-0.0009702218889611203,0.004643513514726028,0.005141694501546112,0.005357640797750918,0.0016180831906851267,-0.008162201000255997,-0.13716181589339493
2018-03-05,-0.005295688934635834,-0.0037695852805654795,0.003455977794085463,0.0063208442229729656,0.015450749125215602,0.021176024533417603,0.015237942752942324,0.009484782192763497,0.011491763922347076,-0.00167617140037013,0.017628683023117375,-0.0027079769908429085,-0.044892747729655014
2018-03-06,-0.015569849908619204,0.027250906985627932,-0.0008489380141449843,-0.0034234218754765067,0.009166353354918222,-0.0034426743138489257,0.0008688694079319603,-0.0011805991340243516,0.0025316789708051957,0.010726720619182117,-0.0015898618519738505,0.0009317611319508146,-0.019952073579971863
2018-03-07,0.012415049984328963,-0.0013223604822032442,-0.009326115634402221,0.005769868856138949,0.004775087665414013,0.02162451065240134,-0.0037411140391867548,-0.025526645976643447,-0.000366373655723784,-0.006422202914569297,-0.01765690436182865,-0.0011012431544665802,-0.033225667984378315
2018-03-08,-0.009676509993103988,-0.002732553475023991,0.0108535385729569,0.006054656290567451,0.004430331047974079,-0.007485289119979477,8.701227412988288e-05,-0.0018870852685100026,0.00482724714062055,-0.002389131123573307,-0.01632695557235042,0.005746090181371066,-0.07116700550365263
2018-03-09,-0.005881795723518213,0.017060830723860887,0.017034669997936458,0.02209836974431223,0.01726787503930982,0.015725111400680447,0.02835506647389252,0.0059187079704168255,0.01725280085024039,0.0009563496666089577,0.025996642715770513,-0.006593355815541102,-0.12202421296368904
2018-03-12,0.05454171900502214,0.017895972798624316,0.009621336167315864,0.0023798313243394986,0.01227478445652519,-0.002540545291488172,-0.003224356767252523,0.009079121244508048,-0.001255852496480081,0.0,-0.008051603952734965,0.005750210906366959,0.07498576651157718
2018-03-13,-0.010678811790389098,-0.008241770257274794,-0.009676874175985617,-0.024690056562565843,-0.006408237408857431,-0.015710502151180528,-0.012056145872625379,-0.009481301134487197,-0.006483719030475399,0.001909899228191847,-0.010564918768223741,0.005046693320474027,0.03548462217899351
2018-03-14,-0.045514756713415316,0.0041495872701793335,-0.008537686784928944,-0.005949189500253027,0.0017741242337514507,0.012620761742645925,-0.011245968918260019,-0.012556660344182902,-0.005144832069255756,-0.0006362480921948688,0.003262642589294984,0.00877102944895558,0.052424103297266544
2018-03-15,-0.0031583880528502917,0.002409084761757496,0.0011760945063961081,0.003509796010261468,-0.005470697171817918,-0.0017933508145491217,0.002519793186960051,0.011079354805391795,-0.0010901061840460358,-0.00638466196975962,0.004874129868570165,0.0,-0.03785191057207493
2018-03-16,-0.013138827430316802,0.004561703076858548,-0.0035326238604911353,0.004449684840396095,-0.006746984262292699,0.0066675477508963965,0.001733941851733256,0.009362300415794333,0.0010839189829532359,-0.0024048352412036067,0.01687464993324106,-0.0035824708109108983,-0.04879016129518776
2018-03-19,-0.024540122382657792,-0.038582173630134164,-0.01539728724049061,-0.01824121524264566,-0.017166528898553857,-0.07009721899573762,-0.0079140237925035,-0.012996746651112723,-0.013622811058100481,0.0021646240154513663,0.0,-0.0031768450036890883,0.18548112907998693
2018-03-20,-0.009645799079847972,0.03498254363022535,-0.000342080594240457,0.0025801831622862537,0.026558063974021273,-0.025888487217065048,0.0009599765948093975,-0.002159907219916324,0.0016991225290210465,-0.004494791958621569,0.020505467889815776,-0.004027482419630246,-0.044069445182235434
2018-03-21,0.01907309171350624,-0.004095218311885418,-0.02291538475684174,-0.0070038106722023485,-0.0029352421813308993,0.007347290302930354,0.000871717243246195,0.014091228375123332,-0.001920910102560569,0.01730579327847348,0.028474403563214956,0.0010929524642708799,-0.01885802637992695
2018-03-22,-0.023753145635010853,-0.027366591508142912,-0.014230637371646981,-0.029518707790971987,-0.023629241659590683,-0.02692500043129975,-0.04264278893115048,-0.020735940640428385,-0.025314910896834242,-0.003961028602094352,-0.017604778811834976,0.009860345997255493,0.26760502377345086
2018-03-23,-0.024762157489245595,-0.0374079737839661,-0.023428744287869563,-0.02949889180145604,-0.03247144050713491,-0.03392462271949537,-0.027103262720754806,-0.008334036841282533,-0.02154502453503504,0.012855551688486955,0.025163350523710548,-0.0007486222579444757,0.06349365816409858
2018-03-26,0.008716983357954788,0.04822397366464126,0.0463794510305755,0.0729769507144038,0.039527720988489,0.00419463031245737,0.030371907883829152,0.015113805499175736,0.02699119376059489,0.005236622780198097,-0.005285002518728099,-0.0038354465742935773,-0.16771226919475257
2018-03-27,-0.0857629612204005,-0.08072505478525893,-0.025975491354403246,-0.047048531960726336,-0.03853192075579592,-0.0502219502914798,-0.01959036103435796,-0.004062268005307512,-0.017158102568848754,-0.006177451915059251,-0.009889781225785654,0.010635740847706465,0.06756528684500518
2018-03-28,-0.07975020560866941,-0.018663374008743405,-0.011110264807101533,-0.0008943354132968651,-0.044829570623964976,0.005307132450880658,-0.0015727887705150323,-0.012149576594120859,-0.00295903651782492,-0.013901136089335075,-0.0030627866230572565,0.0026414138306236623,0.016310735520134845
2018-03-29,0.03187844064084988,0.045223280434096624,0.007778086309265575,0.020813006355797192,0.011060397628404495,0.04322668838267152,0.01807643468479725,0.02442108540105492,0.0126965761293798,0.00047707982436850926,0.0038270380055118736,0.004851813891043832,-0.13559493168663694
2018-04-02,-0.05265286271087222,-0.0465796866329482,-0.0065780078381738605,-0.030593479003746538,-0.053465066232716296,-0.027922540871805346,-0.019466460970046562,-0.018805582896270767,-0.02182101807537329,0.011618397461990781,-0.02710195940022686,0.001971241248545752,0.16786273325597012
2018-04-03,0.05789960245802517,0.019265757734394873,0.010207121668263763,0.01335367239583718,0.014515215944893356,0.004622884016314721,0.013629621860317798,0.024285833131033385,0.01273540687041308,-0.0075722010717775845,0.005479516487195468,-0.007742376614477742,-0.11282078773868776
2018-04-04,0.07004145954947383,0.0039417128207765995,0.018941924153155654,0.028786931219541678,0.013216432521271138,-0.006490800892761328,0.015069237834375748,-0.002001566489995721,0.01064240948512829,0.00118689546265216,0.0007802790222548595,-0.002069464306899249,-0.050545302650377266
2018-04-05,0.063396461277903,-0.021715411545705665,0.006910273159259184,0.0005414811500203953,0.028775819808964265,0.026970238309853123,0.01304482677613894,0.015243300259637493,0.007861179251539063,-0.005153580456720874,0.0007797449931574718,-0.007484910159145208,-0.057451639955505396
2018-04-06,-0.021223211265089414,-0.032737406135840086,-0.02591146149643153,-0.023548631834034772,-0.03256879145160241,-0.013521581530377524,-0.02525307695170209,-0.015243300259637493,-0.02253798883821556,0.0046789913047762255,-0.025257829906288443,0.010876197722245351,0.12631158404852671
2018-04-09,-0.032738552591197845,0.005399931706311589,0.009869015831743155,0.00596705672175446,0.0006047480886453016,0.004633035189609558,0.011936383148893448,0.0,0.00491602196055041,0.0033963960355940515,0.020570363116520163,0.0016503442773814214,0.012945196269927628
2018-04-10,0.050619854155045996,0.05640763193441978,0.018643078097638544,0.022979517763963564,0.02120891765877797,0.04403600113733219,0.018932024972835748,0.02896095883875205,0.01577538317596705,0.002362787969159008,0.03689884654098119,-0.001815496641598635,-0.06157253014452024
2018-04-11,-0.012450001501353558,-0.007354745959185616,-0.00468603779972554,-0.011042826924604121,-0.006405231332769823,0.007725789680769424,-0.016940966907629473,0.004660244747664244,-0.0052558426232218736,0.0077577307979446175,0.014981539434586466,0.0035449779558751615,-0.011299533018332308
2018-04-12,-0.023025854346083285,0.036285339652730286,0.009809982993976174,0.018551114670136926,0.014919191109759922,-0.014840356183969838,0.024555867607393367,-0.002715830140751052,0.008193352896991968,-0.011698777825105644,0.0051910126062599815,-0.007351110062144173,-0.09043080009052273
2018-04-13,0.021063340553558074,-0.01330185655788263,0.0033826771983163084,-0.005357278566338941,-0.01230187776896674,0.003958940242544173,-0.027452761412007476,0.007996731538494117,-0.002937510273770094,0.006533610069864082,0.002216456929006405,0.002318532154341746,-0.06018528800463541
2018-04-16,-0.03087054586228488,-4.326672439858292e-05,0.006219049153143086,0.011642171067216545,0.007457493159797934,0.0018823743471374499,-0.0008162657012755759,0.008953002125043241,0.008188266965670543,0.0014113245973428334,-0.012625498148868708,0.00033092905994358546,-0.050054628308458415
2018-04-17,-0.012161153367676647,0.025799480278160924,0.013669776971330982,0.01997559690601758,0.04233096224700539,0.022970227498065654,0.0,-0.0026774661137256572,0.010641616882417715,0.0009397976090923521,0.0022396226617074078,0.0027243985302431994,-0.0824106136538365
2018-04-18,0.01948298895055034,-0.0049375894577348145,-0.002246669567960158,0.00384392373488307,0.015839792846602307,-0.013730679419469816,-0.008108299229522942,0.011297782169717774,0.0007400131867134618,0.0007824607184669929,0.03444827740875844,-0.008030600528055487,0.022691435655258108
2018-04-19,0.02268261726894849,-0.031502033500180104,-0.02874941138203102,-0.0034275767233173937,0.018848100013873825,0.010405019453892272,0.021716264438435218,0.0025219509983562816,-0.00556304273031305,-0.0019573308498896935,-0.007956617339568872,-0.00817993815963547,0.022814655703145448
2018-04-20,-0.033340946599311305,-0.0014417858682360674,-0.041835327358952235,-0.011616799739287309,-0.019077231816103435,-0.010885997708315998,-0.002240350454474793,-0.005302757495191379,-0.008515221159079545,-0.007630932179695016,-0.0014535218715314713,-0.007233565359930694,0.056043845038367124
2018-04-23,-0.023954713067765088,-0.02134439262296106,-0.0029006125880144396,0.0036777161180143736,-0.00632440069631901,-0.0026497556189717386,-0.004855897594225667,0.007189483449286271,-0.00015058925134869838,-0.00800792788225202,0.012287836274579966,0.00025340064741818935,-0.0325133406800302
2018-04-24,0.00031758299621120756,-0.012042714561780521,-0.014016992659064087,-0.02366593636478065,-0.038803322300977605,-0.03778895461040488,-0.004698697370316474,-0.015451398094741275,-0.013558402055554808,0.004844167468111671,-0.017391725884585263,-0.004567538064703669,0.0978661788131201
2018-04-25,-0.009820109595590765,-0.020738057184302328,0.004347880537689086,-0.008736292404501356,5.475954499978286e-05,0.0,-0.0038114921203229457,0.014571021895454894,0.0024686148927415275,-0.0065172673215023735,0.0029197072579050243,-0.006720328849139534,-0.01003914187828503
2018-04-26,0.016921052271253068,0.03874813411355893,0.0034772939932072866,0.02090479256633415,0.03881450715060275,0.08673999763322371,0.0009996488201924336,0.01696277676230551,0.010114336720983275,-0.0035146807713912764,0.0036377042236317436,0.006974496901026583,-0.09396581506517343
2018-04-27,0.029679886452107507,0.004916511520014044,-0.011637479495667513,0.016414415475417776,0.035375613625996394,-0.0032781901893939036,-0.006378055288052131,-0.03870674046270439,0.0009383678495087366,0.004232040306177076,-0.0029091595446315566,0.007683862235904115,-0.052460681209673066
2018-04-30,-0.0006123186992792462,-0.006337889813466058,0.01795017299179058,-0.02429629790586052,-0.004135326109196313,-0.009201795882610497,-0.005683580645122532,-0.0005144995353258963,-0.007720513104042759,-0.007277441654352401,0.005085419545045156,0.0017641832538277669,0.03318750364910672
2018-05-01,0.020276271552000846,0.009910539643318117,0.022970418671106607,0.015701602515376223,0.01024654139029657,0.010755827352981306,0.0,-0.010342675002472212,0.0017753307512871075,-0.007088207443339378,-0.013863814546922981,-0.003607384185408513,-0.02800950342658215
2018-05-02,0.00409274346435895,-0.003661161938801172,0.0432273272284629,-0.01580820064717159,-0.007982399946119045,0.012631375352976093,-0.007937316638186864,-0.0019506692671988901,-0.006739937655173556,-0.0004851031664152572,0.004398864879378017,-0.0010981347823522114,0.030517339294898527
2018-05-03,-0.05705105475694028,0.02909011566828701,0.0018106761423068995,0.00597057875536855,0.0015277442259717944,-0.011711383348193216,-0.00632071538050738,-0.0033916901924206933,-0.0022060418833831363,0.0050820683949135415,0.010913139940359251,0.004470398443849,-0.004392893713193846
2018-05-04,0.03332840839172624,0.025718880347364248,0.038483502231310585,0.011520352757176333,0.005626403963582938,0.01477361945912481,0.01103552276879416,0.0046922241963232025,0.012863099758590124,0.0020898820929318163,0.01934854048276513,0.0015137474254052208,-0.07372095769828979
2018-05-07,0.029087598107581325,0.03945228722304228,0.00720870220051939,0.011077699197830526,0.012065232820824612,0.00767099161346696,0.008631837237238038,0.010864339213775498,0.00337767080022644,0.00024084765259058116,0.0007094876986073473,-0.0015984986110479937,-0.0013550447502601592
2018-05-08,-0.0026458587634805575,0.006892699622158771,0.004794971945481397,-0.004270120179744374,-0.004855150386434026,0.005323934984268419,0.014703138799354143,0.0044922779197085205,0.0,0.00016051246931869656,-0.002840908211478421,-0.00092639319343224,-0.0027155455792149397
2018-05-09,0.01603141430622701,0.021258202586242003,0.007016562249238412,0.011725434389322942,0.00975516740586091,0.0206876396533211,0.021569690252106533,0.023289187169748704,0.00961958966932741,-0.0020889812252642415,0.021808775899821775,-0.005999810703741559,-0.09178139997798551
2018-05-10,-0.005981667768512278,0.016863753564759776,0.014202505770458895,0.00995610508131417,0.000671426948779974,0.015590177286133766,0.00772961742897138,0.02214759175958747,0.009306933776979776,0.00681336824222889,0.0027797072953470447,0.008019860506104592,-0.014259193702193418
2018-05-11,-0.013067764405920723,-0.021762656841596728,-0.003810539349970554,-0.0021470709296957935,-0.0038418870768763824,0.007838657718254538,-0.003769511898434885,0.004685906327385858,0.003046616635235644,-0.0014389666321497074,-0.011165492707743141,0.0025201268293217893,-0.044829758508615924
2018-05-14,-0.03065856848862536,0.0032555263439280058,-0.0023355969910809904,0.003371889930213534,-0.0008550198219214877,-0.0018736001016330661,0.00035123672770431824,0.006743938204031075,0.00047593175733862125,-0.004088363068462719,0.009081453536579964,-0.005298026175188042,0.021893031368095173
2018-05-15,-0.027043193851452152,-0.03913299313493179,-0.00913025652486077,-0.007268912223516111,-0.015999582214343278,-0.012508168913782036,-0.007667461053724622,-0.0004885247205130838,-0.006910475839640995,-0.016277595476396733,0.001389819839761941,-0.011448570121858737,0.12352400646846418
2018-05-16,0.008060902728221464,0.0018308199065215636,0.00928943662207482,0.002576525878206226,0.007055711937682396,-0.006095062021640452,0.0027385484069917254,0.0028077616718382714,0.004196348968006802,-0.0015524980696373092,0.004158039277720071,-0.0038450071702005317,-0.08632808562575
2018-05-17,-0.006794892876663017,0.006886537004334947,-0.006343325157346147,-0.010034560814967008,-0.0034837207851969865,0.0030520490777146136,-0.0033581955603434466,-0.00170831601007837,-0.0008449520568438729,0.0005722435830604056,0.0020725211680217015,-0.005064657953369078,0.0007448960299560881
2018-05-18,-0.027506411041860357,-0.0071712611182834785,-0.0036435882022636257,0.001869451296048652,-0.004682948952668298,-0.005894592110546881,-0.01633303740067138,-0.007108429459569798,-0.0025034181279242063,0.0004085717333053296,-0.004149346602261517,0.008568823344844212,-0.0007448960299560881
2018-05-21,0.02733063584059403,-0.006936271947079131,0.007060148494225427,0.012786429814227063,0.007019449379952469,0.009859310727521553,0.009136309295737277,0.011981477737634805,0.00749039128276241,0.000571682753271574,0.016495203421086124,0.0005115072356982608,-0.0256617970324462
2018-05-22,-0.033890641978487235,-0.006325149926435181,-0.0025084474714267557,-0.0010250125003175015,-0.0025640923556506934,-0.003746951499618234,0.007639251888106102,-0.0078084637091615505,-0.0027841003550408416,-0.000571682753271574,-0.007526525767199921,-0.0015359668738543775,0.010646514426208675
2018-05-23,0.014655259325917491,0.020364510757543197,0.00639122240554757,0.011827509872277986,0.012854956228734338,0.01672549889403374,-0.0046121016576679,0.006227382765181311,0.002747560231083135,0.0010614187645909823,-0.0034399889181964127,0.007232932317988272,-0.04962260941479801
2018-05-24,-0.004381340082453722,0.0006055183672106779,-0.0011151901659505192,-0.003554199738580621,0.00075510041518978,-0.00520357650291281,-0.011263957561169491,-0.023150711177614802,-0.002050411510528427,0.008532091201768566,-0.015278093397882664,0.00793893012679181,-0.003982497610774072
2018-05-25,0.0035926511327835087,0.006398962511189987,0.002282712362063233,0.0005086248207293309,0.004406755128694151,-0.005446946957361476,-0.0051377143300115335,-0.01962600099849343,-0.0023856621075699636,-0.003079396764578135,-0.04362505476971368,0.006205055330792852,0.053605107025572085
2018-05-29,0.0174548136717374,-0.002771825001512518,-0.0036123823104374786,-0.0035648074133733942,0.001687878056955583,0.00442457135648322,-0.04368416857689095,-0.0036910180149032357,-0.01156787135513504,-0.00016231041385150746,-0.01250476558880731,0.02166627384141151,0.2526582954184695
2018-05-30,0.027665611046886696,0.017544967433979597,-0.002131138993699544,0.009545321894018244,0.007424894791795644,0.010337302911736401,0.022588463986779495,0.03852427426635163,0.013256384742150296,0.001460093554237929,0.023409971246344696,-0.0067303940581613375,-0.13034699842298325
2018-05-31,-0.02425305446305792,-0.0031670996567707554,-0.0033659087726802817,-0.0011124379554932062,0.00290678184639237,0.021663682624745384,-0.012444609769718618,-0.003195605263114132,-0.006144289577770579,-0.002190971551372378,-0.02045357875802889,-0.00164842687235911,0.03227153453527265
2018-06-01,0.02459576534673724,0.021302782911644558,0.017873517555921925,0.019536745060487526,0.007287974742940406,0.011457908293990293,0.012905869421336646,0.007236172912442385,0.009769393585922437,-0.004967644235411406,-0.022389008969852853,-0.005298008504222906,-0.13659135910246922
2018-06-04,0.01671921281610178,0.02767798426850998,0.008322899842062803,0.008693218987520623,0.014352361192745633,-0.003666815175694893,0.0004613106852726645,-0.010565143575056446,0.004740387504320154,-0.0009801121170811555,-0.009859777638919098,-0.0072578925806920935,-0.05497569487227061
2018-06-05,-0.019086459534572775,0.00083025752432353,0.007686012736462633,0.005101379195669331,0.018491622422478926,-0.0017607132211105991,-0.005640955413329429,-0.003587877937478723,0.0007272758038805449,0.003914822104047921,0.007593079829079308,0.0023415114313918295,-0.027050190331106894
2018-06-06,0.09298733807137705,0.0003016947124858671,0.003459382211550288,0.0029314357523135826,-0.0003537487735085776,-0.008327245514812454,0.023099221562797645,0.01695981320939488,0.008325718630477041,0.0005696358194500206,-0.004548940320044714,-0.00813571794735335,-0.06324897004892982
2018-06-07,-0.01073027849008934,-0.008521663390795187,-0.0026840443940558956,-0.015833748143415427,-0.0038109042575298346,-0.01665299999665759,0.003979082122876676,0.009943237346998757,-0.00010821892812007405,-0.00048822166232742603,0.014334499118422883,0.009638630393896008,0.041234260592120986
2018-06-08,0.004954692435398922,-0.0023612156579881916,-0.009138969811235853,0.007407433122605944,-0.003148208706704736,0.0048770842383953905,0.002793760595415584,0.008649457681513262,0.002952283893174368,0.0012201695433651238,-0.006010530580521589,-0.0030077647308734967,0.00411355494673904
2018-06-11,0.0444544488707348,-0.006349425801836617,-0.0024549557517832277,-0.005723301952185622,0.0030417085523417597,0.012820621546064892,-0.0025231329802846147,-0.005998338560091909,0.0013291448339183276,0.0017868849442264079,0.006759259570440435,-0.0018422369486206236,0.01386080662498923
2018-06-12,0.031623579957868575,0.007492463274094474,0.005475877938391882,0.0025695515711454675,0.005684988047566009,0.0044798476900878015,-0.005791092923217889,-0.008216961495032038,0.0012912584861339838,-0.003332688774722037,0.002989536078287003,0.00025142873602934657,-0.0008100631196739094
2018-06-13,0.005846814961109725,-0.0006857538889963877,-0.00825112393756422,-0.0045510228839305,0.003590265051133912,5.2081302044371114e-05,-0.0019984021690193643,-0.011102300165249268,-0.0031962530839368952,0.0030080323755869998,0.005210331757262487,-0.0005026784665833617,0.04747722580233038
2018-06-14,0.03684404382873785,0.01704168906892023,0.0005241171006891143,0.005636272243816798,0.011083020118790365,0.022610266712280946,-0.017799079485847358,0.004650987063407719,0.0025151513815435678,0.0015411027282308254,0.0037050942268397336,0.008265137873501693,-0.06546628544603061
2018-06-15,0.0012572053263428806,-0.006201057479589656,-0.010325590289964381,-0.01280115021922068,-0.004587452546296333,-0.004889823887358702,-0.0012039709534690246,-0.015133880152725432,-0.0012770269906141607,-0.016672509186741458,-0.03538195608867678,0.0009145104702845686,-0.011618416722202873
2018-06-18,0.034735996616622966,-0.0006410621689800777,-0.0005294726151210405,0.0072641922119114355,0.004546823223754437,0.012482470485752017,0.0025918235309303483,0.0019817552449863385,-0.0020584314998695064,-0.0018972637609842025,0.01822372147040152,-0.0009145104702845686,0.027173419807181354
2018-06-19,-0.050551336195929775,-0.01873434586770295,-0.016291963672625087,0.0,0.006355243580262737,-0.0041435351290628475,-0.0058408344132887535,-0.001485981969373995,-0.0038405046278997546,-0.002562917808995202,-0.01135083067027498,0.005803435754287101,0.08110443913694265
2018-06-20,0.02705938642541117,0.008192053945272892,0.004352722948060883,0.009964221235671644,0.008780890154949539,0.022579791888664325,-9.307027956317881e-05,-0.0031027929226681294,0.0017047639346667864,-0.004480227388754976,0.01059808475616908,-0.008800721178966242,-0.04285280081258058
2018-06-21,-0.041458338529964056,-0.020023241870843478,-0.005592113779472996,-0.007191909998915946,-0.01141288966768883,-0.0024783349231274343,-0.00027881948631414133,-0.009491251242513599,-0.00628854287087055,-0.0017477352868704443,0.0022565399927474417,0.005240167632635462,0.13509391937598414
2018-06-22,-0.04076083263689112,-0.024250311324904628,-0.002916081360865075,-0.007243761768942036,-0.008444903691629868,0.0011903795358234603,-0.016506105401608906,0.020985068425682485,0.0018209913229982888,0.0024126912728643646,0.05196925032376054,-8.35009512201168e-05,-0.06126518600006081
2018-06-25,-0.001860111776497142,-0.04828799626822389,-0.014982948520911865,-0.02032259696178862,-0.031090273447365036,-0.027081031312190085,-0.009119750339347199,-0.0203584323429844,-0.013706108855874533,-0.0037463887322166656,-0.017992568273092147,0.002238129335316863,0.22994675334098202
2018-06-26,0.026638194808657367,0.011930596541324778,0.01232954595822866,0.0069881393997190955,0.01665984392829678,0.013405999145535752,0.0006681240998682725,0.011223520479556548,0.0022117983234535288,-0.0052686490212927595,0.03566711758337604,0.001405925162234034,-0.08486291411652402
2018-06-27,0.007283408999648522,-0.026251651940789822,-0.001464813255795061,-0.01566502803972103,-0.01824849996422362,-0.016006748997775766,-0.015569942158185412,0.013181961062665337,-0.008318790082016747,-0.005718147886605074,0.02628084585669832,0.009380158625540425,0.11778302234434657
2018-06-28,0.015639022752901077,0.02157128887482851,0.007249900656928876,0.011112979377041476,0.02435610057852866,0.001989320048515708,0.01623743847163972,0.003176585576693647,0.005701110539939158,-0.0030405479988209194,0.014232706761607261,0.00024534863939784657,-0.06100852811539337
2018-06-29,-0.02014849699089938,-0.016577821688668726,-0.002104862854749534,-0.00020279500483777468,-0.0009702818544212732,-0.009781148451025956,-0.0069814928473670435,0.009229263066106164,0.0014387642347930552,0.0036306900201950043,0.013369234048948186,-0.003444564647255177,-0.04615270894983281
2018-07-02,-0.023245202513878294,0.022290971336644372,0.011120650160956647,0.014097667793067536,0.008190920166379456,0.015523257332761276,0.008410045454572135,-0.011794231446360826,0.002135349610720816,-0.010080153442110884,-0.006662275138479501,-0.0007820042384834025,-0.030927031779012015
2018-07-03,-0.07499674087992858,-0.02254419835398158,-0.01756995875013434,-0.009645400124862924,-0.011632531973367222,-0.02373928536235148,-0.014088250853411033,0.005853593096780685,-0.003537214528223309,0.010080153442110884,-0.0026773752071127532,0.005341590463533663,0.034029686317041286
2018-07-05,-0.005483771731441767,0.024564862623310812,0.00801507556578862,0.007142482841741682,0.0034004971509533632,0.02924696176639685,0.006480562216307106,0.0008507505134147664,0.008125189597049776,0.0033656028250153014,-0.00942770243599611,0.002864599241108934,-0.07525240875658756
2018-07-06,-0.0008413739443247081,0.01877365775324291,0.01376649219668069,0.013935871847444936,0.0063922871199135756,0.023801157423039676,0.003272707876361025,0.0002432135872885155,0.008422386294287598,-0.0015972634935632612,0.012105077643108864,0.003264057087558392,-0.11303483371481082
2018-07-09,0.0306362871896817,0.007733082595485552,0.013789912220665279,0.006797763019487313,0.016459950342404994,0.007402621529431386,0.030474366542488696,0.006899160213078126,0.008963953435904948,0.0024368812775596993,0.0046682109022331275,-0.006456618493455579,-0.05219913389474762
2018-07-10,0.012356234552786116,0.01592066087967492,-0.0012075705916814172,0.002647483616695645,0.002326270838246991,-0.005878441368420972,-0.006170927947143134,0.009126066385841014,0.003592196965122696,-0.0018481290459551047,0.0026578063893589743,-8.186945073607177e-05,-0.003947832779252813
2018-07-11,-0.01094437083214439,-0.022845262330303706,-0.01306118107882348,-0.0013717713530647657,0.006820891325990175,-0.0049251861838666144,-0.0021594510152720403,-0.012872392900133534,-0.007341564464306671,-0.010905978807670635,-0.05174736949617653,0.003846445805235632,0.07540683822437222
2018-07-12,-0.007079156356632144,0.014836969890858143,0.016627066319429673,0.021439535752271865,0.023438279239990756,0.021394932008050205,0.004314337581070582,0.0012099711708497551,0.009025069715650424,0.004156581212429344,0.005574921866024596,-8.17973243316672e-05,-0.08016500889710043
2018-07-13,0.006796925091447026,-0.0076316759139138934,0.0015694076845371718,0.011830936891798594,0.00909230829937524,0.0019312333742078636,-0.0045963414575513895,0.007469988484782419,0.0007873421352018184,-0.0044116186573557314,0.005544014339649905,0.0025295570982803994,-0.03231295787035959
2018-07-16,-0.027888696957791392,-0.0045020389531384986,-0.0021977932148073975,-0.004944297332847292,0.005204214611597813,-0.00043406502871601305,0.038909536977514314,-0.009891529079245842,-0.0008944409283264676,-0.0005102701051304948,-0.03731518386660326,-0.0041644726319276515,0.05199088534378449
2018-07-17,0.0397973397187652,0.02187779520255617,0.0028245459318134714,0.009864268814508748,0.011695533519138657,0.013230564409745682,-0.0007238186961133763,-0.0021844778624604544,0.0040370105207765405,-0.01086273575472596,0.000717119363875085,-0.0018839871396041374,-0.06189194658789132
2018-07-18,0.0035883409979153846,-0.007875034239084533,-0.005499513438030679,-0.00786458967249537,-0.0005478819253292855,-0.0030046326860500017,0.009278321812278278,-0.0010938316944582027,0.0021013873667845573,0.0002579541677247832,0.010695329844088164,-0.004025332321908159,0.003311258035992193
2018-07-19,-0.011240942684509037,0.0013102132253155485,0.007743261018954062,-0.006873072148916748,-0.01638494234580179,-0.00608471364314056,-0.014813926106624464,-0.0025577580674607248,-0.0037785917885129194,-0.004308123245285955,0.002125380356868156,0.006318515151634507,0.06169352858684851
2018-07-20,-0.02098503581790645,-0.0045333902052986375,-0.002296095877748705,0.017753582092194797,0.00040256240260827525,0.008851231575228269,0.012569884748370619,-0.007465763154640648,-0.0011435276743076983,0.006455244826308437,0.0014143923346745524,-0.01234508155738201,-0.0007773206034422664
2018-07-23,-0.03366183049098437,-0.005916505241127856,0.0008878586491549711,0.015870332197919446,-0.006471788468656037,0.004609687230516357,0.018430630194409936,0.0,0.0018574459823073042,-0.004815949835094813,-0.004249260390150056,-0.012415512349345015,-0.01883884406767633
2018-07-24,-0.01921373949497651,-0.0028107018700338493,0.007228158984093458,-0.002875399494707054,0.015003415773147566,0.017670442486307003,0.007032955500726246,0.019586009740955923,0.005019621847504041,0.0003447760365951069,0.009887043192739142,0.003432117804802459,-0.016780261123892082
2018-07-25,0.03732058144858286,0.01262538508959632,0.009385638465774893,0.02901924622433505,0.01861486826928349,0.013096930095303883,0.00898272451265747,0.006962570947878888,0.008486317709349933,0.005500180472054694,0.01326375721480133,-0.0015887585060463394,-0.009716666446916378
2018-07-26,-0.006792485928422742,0.011722856455866681,-0.0031358582852427652,-0.010977611915977903,-0.030294147444007713,-0.21023881588569537,-0.00286918270864156,0.007746198731918064,-0.0023616049858041777,-0.007829712393953692,0.0034614219497068888,-0.001927075320041105,-0.01228010656239542
2018-07-27,-0.03136897003681005,-0.011127285343761839,-0.016771360978630856,-0.017855884849790726,0.005114123653926939,-0.007802908824671384,0.010221827752163293,-0.02792691836919836,-0.006799535219512265,0.0005181795313156101,-0.010420418876011084,0.0016758862020695986,0.07074855673172387
2018-07-30,-0.023871031864305614,-0.03180761732495174,-0.005618536775043648,-0.021685980456488174,-0.02116035295109686,-0.022142845437733705,0.006014864618271609,-0.002199694331809887,-0.0052376616632523465,-0.0015552128809899202,0.015246329260444114,-0.003437965099237772,0.0902040603934009
2018-07-31,0.027096149377992873,0.002985924791008898,0.0019989666472288725,0.006715831496803659,-0.0010009041577792033,0.008846564512875688,-0.015366313418462951,-0.0028177282558523586,0.0049175081240209195,0.0029355602050307184,-0.018043531269843704,0.005444910763664268,-0.10567225835575167
2018-08-01,0.009015402580142329,0.006553438014679891,0.057240538660121576,0.0018834052247935773,0.011039033557115552,-0.00540329511862403,0.006157772999071831,-0.01383604496137636,-0.0016718893716962668,-0.007355188129705148,-0.013394601471836687,-0.008179940751036341,0.024635556933650715
2018-08-02,0.15003949536936823,0.016697697714660897,0.028811591427618577,0.012064694475315108,0.020466105945655677,0.027126437719064533,0.004227538507739048,-0.005988911171001199,0.00543289608186992,-0.005399323029875447,0.018981202971702693,0.0014334752722602317,-0.07580582054451579
2018-08-03,-0.003927222519669371,0.00588771823619183,0.002888599997825203,0.004359958725854263,-0.006036752198725459,0.007962739156836207,0.008060108316035652,0.003622797523076038,0.004275808956603733,0.0034867672609539824,-0.00628707614431967,0.004961676207411614,-0.04616843727177944
2018-08-06,-0.01790931528077433,0.007626799932484385,0.005179397606661418,0.0008325102872444035,0.013326116952434575,0.04353186216614002,0.0002565695148044611,-0.000249333205280422,0.003660422222735882,-0.005147198608389303,0.002799159324189837,0.0005863619521422336,-0.032303103128794586
2018-08-07,0.10425751987100229,0.011429139284221623,-0.009419080228578292,0.006911952453150683,0.007940289206944229,-0.010175989224229909,0.0036646081486040316,0.013502664751010585,0.0032965113551473024,0.0022714889105870384,0.0034879168201298327,-0.005210492205915962,-0.030633038560200276
2018-08-08,-0.02461753965428226,0.005704579072154603,0.0006754960706265578,0.005587216599708178,0.012824884974733664,0.0074257313662213775,0.0020397198358814705,-0.00666686086581425,-0.00041986954118744535,0.002788736658923874,-0.03255772701902693,0.001010259753345899,-0.007346214964410347
2018-08-09,-0.04951266848117086,-0.007613385093087288,0.007834260162569162,0.0016424557148830843,0.006340837796472876,-0.011350666093751904,-0.007755728276611862,-0.005091639520216518,-0.001367064370128901,-0.0014805645831970082,-0.0014398493690999103,0.008383457008251938,0.03797925352461062
2018-08-10,0.008588294353453207,-0.006533196084945958,-0.0029830078206813937,-0.006127864855535847,-0.006457397373654139,-0.015577552769373781,-0.009887786663012044,-0.0010064953512047836,-0.006722647312125574,-0.00043582289228183413,0.014306381987611694,0.00723640414370319,0.15503754563276795
2018-08-13,0.002584687857127399,0.0052064725440634785,0.0064361652960074345,-0.007274120187370947,0.005234593496003193,-0.0011656840814389113,-0.016026941960374685,-0.010887577984114216,-0.003750881794509553,-0.015199092023381766,-0.004983968625343671,-0.002074184615920238,0.11609298315080707
2018-08-14,-0.024914314053937847,0.020520468512944312,0.004204216762328183,0.012398565951579066,0.012291000927706186,0.005870040464606596,0.006650726741249002,-0.0031874460043743724,0.006360540563606243,0.0009733276081034248,-0.0014286043689475392,-0.0022448824375667087,-0.10475923351971028
2018-08-15,-0.02608229598713585,-0.009029807375105836,0.0023333048639009313,-0.013653658462446039,-0.019478470012662896,-0.008762215108756521,-0.008320488685572336,-0.017649162881689495,-0.007495184007439093,-0.016766621575930785,-0.03491260340323343,0.005809661822745227,0.09524186805072965
2018-08-16,-0.009612303405664324,-0.006350186907784217,0.014543718815503759,-0.0001856066659282618,0.002069435166134781,-0.02727216420211498,0.009366789207277293,0.013682836474251392,0.008058673046860143,-0.0008097887609235244,0.008843085190925137,-8.276137333851352e-05,-0.08477844011735591
2018-08-17,-0.09352310299855482,-0.0502632705735746,0.019773161641324588,-0.0005575620237259216,-0.002281891934393876,-0.005164920558762276,0.0,0.0033275747583640936,0.0035141320959395372,0.009228205066865947,0.004392354544334509,0.0012406227289707417,-0.06211267598649606
2018-08-20,0.00957760749592751,0.012260134630221131,-0.009791282383084354,-0.006621582312379637,-0.002931660125656599,-0.007507873674568621,-0.0013076538870002707,0.007003241682037142,0.002137811773797793,0.004981819650891062,0.0051002404900239995,0.0066728481568754106,-0.011938110068042018
2018-08-21,0.04271350329177892,0.02186994843654322,-0.00195096667831951,-0.008362536407068966,0.0035689760811239424,0.0006954227265660862,0.006088301377651817,0.0002538212981360033,0.002342185411170483,0.0029240568705191095,0.00507429102106105,-0.0033721312609236165,0.029193386300245816
2018-08-22,-0.0008079720701799076,0.03681607465886261,4.621540475824304e-05,0.0101387453015791,0.011340294746076118,0.005891471107156043,-0.0030396822008196267,0.014232788065935864,-0.0005936893723275105,0.002209555076481351,0.03131932340737542,0.003946831798111283,-0.04859575512178882
2018-08-23,-0.004799469446403304,0.015179845587024676,0.0020438695826761055,0.004659552274085321,-0.0010505395560027608,-0.004270933733556248,-0.0020894727757765352,-0.011066403038320516,-0.0013282717419391687,-0.009491353686730264,0.0,0.0015575540317538383,0.012976649930220407
2018-08-24,0.00846145499883999,0.019961224799615707,0.0031046801873024776,0.007779387276641181,0.0013077166792934136,0.01007070059673687,-0.0004360119122228667,0.00680524636067581,0.0060002135813341795,0.017318039357996362,0.011149930366993743,0.0019651184760860474,-0.034429636970927824
2018-08-27,-0.011057797782740408,0.013428040276799447,0.008200719964218006,0.01100914564901867,0.011630515449396306,0.01596116805109382,0.017546632436837406,0.009749038982517888,0.007864085162326617,0.003759503232664052,0.004839255492046668,-0.005740577250162637,0.014078914039645785
2018-08-28,-0.0234827463444085,-0.005524582369897724,0.008043179367097864,0.006003688418604547,0.0026628292149677435,-0.0067850890397149755,-0.0048956471621819375,-0.0014938455692448116,0.00048328315732071303,-0.007973022006626529,-0.004839255492046668,-0.006022161772083479,0.02757678031858113
2018-08-29,-0.022209820052435436,0.01541515584486941,0.014819139842284113,0.015836213300474355,0.03321665241812077,-0.002044387848300744,-0.0032772946867316577,0.007198889166899036,0.0053663890852782,0.004563784025624962,0.015813292115572253,0.0013227157554895896,-0.020202707317519497
2018-08-30,-0.006116857728367009,-0.0024449612046135716,0.00915165947065777,-0.000624953468359557,0.0021397891856631546,0.00984346746006537,-0.004936169195019602,-0.004338000962323285,-0.004056848285266312,-0.004915718883920839,0.006120396735775024,0.0021466767887545757,0.09938348545590658
2018-08-31,-0.0049271513512771925,0.010277943170204917,0.011487647762001618,0.0033886307574801933,0.005145547293926356,-0.010810381125155644,-0.00530978496541934,-0.0042317826365891875,3.455093315452018e-05,-0.001144594028062329,-0.0027155455792149397,-0.0023115640246018643,-0.050787730334117764
2018-09-04,-0.04304692326929471,0.01070220719591175,0.0032019157313976088,-0.005534940026885593,0.013227549392507143,-0.026349992860962956,0.004962466139343036,0.0014957586574837478,-0.0017238964938286472,-0.005122797149080149,-0.008876815858883447,-0.005798370800951247,0.023060222189821733
2018-09-05,-0.0288246596875692,-0.018786616803863065,-0.006546238754727263,-0.029248033040557786,-0.022155808895266915,-0.023527835850589263,-0.004875255179699778,0.013238554320164297,-0.0026946400075527066,0.0034475118313483932,-0.006191980810987374,-0.0026695905142455345,0.05542608066335042
2018-09-06,0.0007477402091873309,-0.020685356288365542,-0.016757240545294927,0.002301780751031046,-0.018471969798578236,-0.028208330389991154,-0.004285298087763678,-0.011123755007982794,-0.003014785974313483,0.00193953353678733,-0.013199189932779909,0.0036692704752905314,0.05183231445848957
2018-09-07,-0.0651105159083083,-0.0031579381976387655,-0.008100394505048847,-0.004885992707700737,-0.0031914722278747476,0.0031329310384045073,0.0019265185505847882,0.016883921748288344,-0.001945224304373383,-0.0027340278330774126,-0.0013996123920216874,-0.008526133113861079,0.015577727671681085
2018-09-10,0.08117582516337496,0.010501216154888748,-0.01351177852202845,0.010754214559509201,-0.006712813174497789,0.006967848463701465,-0.005350301594595486,-0.0014673240405906895,0.0017370716334479397,-0.0007067924079828813,-0.0049139934184161405,0.0036869420546832288,-0.04959695960627508
2018-09-11,-0.021454393137783523,-0.007049781059775606,0.02496851730542282,0.01686176145134244,0.024523894399740342,0.010662771372918378,0.006311880860246255,0.013975834220719463,0.003291925543449814,0.0006184538252069771,0.027075610048828302,-0.007639924092736727,-0.06869022286720172
2018-09-12,0.03895364779566268,-0.017005825129258856,-0.012496823796635859,0.004216268986375837,0.001433205755470901,-0.024029842749318853,-0.011867773771610857,0.003253175663725294,0.00024192335022910072,0.008355710260063098,0.012253342610799578,0.0023566284215599254,-0.006069815437863557
2018-09-13,-0.0037241683417792437,0.011639612325765158,0.023868186423626536,0.01068490017116197,-6.53312208775958e-05,-0.00395844921795252,0.0038835692465104543,-0.009791646684837119,0.005897061449963381,-0.003597564816940846,-0.019816156916410144,0.0015125929437349583,-0.06038686203161969
2018-09-14,0.019636019543975092,0.0185848568358451,-0.011416049475975854,0.004065883392741831,-0.009939336966292345,0.005931908126194152,-0.0001762408319656572,0.007261959067253798,0.0001718354782633824,-0.006526220333751276,0.0006899088897851513,-0.0047965641649065915,-0.02455116732729401
2018-09-17,-0.0012202649255037556,-0.009084928847491902,-0.02698699586512454,-0.010908796917413532,-0.032058707004649634,-0.010777436568091936,0.002990961914575152,0.005892378099788154,-0.005307917593198042,0.005206771454576931,-0.002071090329176073,0.0,0.1252119246769614
2018-09-18,-0.03408401359240765,-0.010679831468984435,0.0016508135772301813,0.009496630920800442,0.0171577782169976,-0.0017451683234703808,0.004032813841266858,0.0026336868175640404,0.005411241678406675,-0.0014974516487722411,0.015089402523647877,-0.01051486613034136,-0.06727132189438612
2018-09-19,0.048161677252015256,0.0035357547416672297,0.000595745349460497,-0.013428088868178811,-0.007565692494603482,0.017070906994382185,0.028632375591212345,0.011886590111382489,0.0010652032646873977,0.0038711539862426037,0.01687518999687665,-0.005985211844907745,-0.08481037201802089
2018-09-20,-0.0023102764367650686,-0.021180299304611738,0.007572743147945538,0.016602644503335817,0.009238628182457909,0.017990323474236014,0.008550249555232092,0.0022426068658472076,0.008071003945842925,0.003418801489790013,-0.009414957960316883,0.004620031272431824,0.004246307045422171
2018-09-21,0.002577761888577168,-0.010684725556058705,-0.0108295416894153,0.006057379276108499,-0.015179095926849406,-0.0187878454472985,-0.006596774765004199,0.004117898287567812,-0.0009141982259599502,-0.0068493312914386095,0.010752781438702286,-0.0004266899526816914,-0.010221544107446245
2018-09-24,0.0019372282011311803,0.008504181372322561,0.014277941872961275,0.003581743889647271,0.010053664875920632,0.015106726006395732,-0.009634513599109162,0.016650863492754908,-0.003327314942035642,-0.00017621292913982955,0.019199527957158402,-0.0025649530225857475,0.04355793257706164
2018-09-25,0.004361820224937141,0.010147838247867025,0.006320731179225714,-0.001920319697408246,0.02056398716526875,-0.0030273928665947025,-0.0028312726036130442,-0.0011558843835857147,-0.0009283531494315156,0.0015850681638402975,0.0013106461550940196,-0.0010282033191693074,0.01787214654295699
2018-09-26,0.0281394744097474,-0.005566584419034237,-0.007998062595459654,-0.0041148317324921635,0.00015191562854610652,0.012294438234485838,-0.011840744605878584,-0.008358362696297306,-0.0029965392581043915,-0.005293338005935233,-0.010533395645425436,0.007003054539291398,0.03714376093774696
2018-09-27,-0.006676394186811763,0.0017963790885695552,0.020343279652848878,0.0037653253761060768,0.019123782614347995,0.011257173446270308,-0.00435650014772726,-0.0001163049924173265,0.0027904624707559833,-0.008884998236125874,0.009878287292031551,0.0006805052051115368,-0.03794925666495308
2018-09-28,-0.14967862356105277,0.049680294258829916,0.003505691751086726,-0.0003499162458755478,-0.004970159887051295,-0.026284151715660897,-0.014778608271049265,-0.008782894551250031,0.00010280764621750649,0.00631645770822864,0.016894503395032956,-0.0026397145201384475,-0.023645615722108104
2018-10-01,0.15996630906971676,0.029245878831635652,0.0067108836194491595,0.010783755123705774,0.0006787590310111113,-0.012358647500414044,0.005832013090095067,0.009248915553444093,0.003468367600120814,-0.0016864375351177685,0.027329273022401068,-0.007368345663824272,-0.009950321410848062
2018-10-02,-0.0316510593141639,-0.010002743658164226,0.008849133028288048,-0.003986662430096821,-0.016626551298427827,-0.019331207882535395,0.004132388506951301,0.0075465939901633305,-0.0005829735994540286,0.011482223287118565,-0.005028289945385289,0.006094105025663765,0.004158025977282875
2018-10-03,-0.02087957012552044,0.0008721907578241872,0.012095200605590772,0.00017357398302397797,-0.009454518172878679,0.019269517336979902,0.009344701249155207,-0.003592025531878207,0.0005485105464604345,-0.003959744500981799,0.01314573167900246,-0.017523585820721443,-0.037197909626780046
2018-10-04,-0.04499307098653693,-0.02629030550324174,-0.017737213533994378,-0.020881519947630878,-0.022444223425413412,-0.022286637120833674,0.008975452320555632,-0.006638518274183269,-0.007846067110149235,0.0005289130805081754,-0.021371030558327675,-0.007078547854029615,0.20278267701498853
2018-10-05,-0.07315047194650459,-0.034347476247666986,-0.016362207482182978,-0.0058690624280473,-0.01040793069626389,-0.009614893207464448,-0.005654679350532099,-0.002808380566879265,-0.005612817865853437,0.0028159089867125786,-0.0031816884471167484,-0.008633144725157749,0.041328156122291126
2018-10-08,-0.044455193083721145,-0.015272008527944747,-0.0023209343871810617,-0.011480957211834841,-0.013441587384898313,-0.0005085911845430502,0.006088383377895745,0.009214709566655266,0.0,-0.011133826368821431,-0.0006375056157246206,-0.0033667110716963933,0.057045940724945066
2018-10-09,0.0476948716181651,-0.0008657273221177597,0.013758374885205704,0.012639957448836725,0.0031595068477887622,0.0041249695771510275,-0.006961280297951511,0.004401778577395099,-0.0014603432907120961,0.0005329800140057017,0.008888908663999828,0.010067912294482895,0.01643527727182681
2018-10-10,-0.02278423652405781,-0.07769472475154426,-0.047433536686182,-0.05587036925628919,-0.06349826467822695,-0.042168583485918454,-0.026994090138050097,-0.023271443708847706,-0.03217524563189489,0.0024835810584162843,-0.028206971530613245,-0.002727828044264413,0.3642947143039259
2018-10-11,-0.01826776129473906,-0.04393219840639562,-0.008867051658053349,-0.0023576318201854463,-0.02065910660492598,0.01292965436922966,-0.030421367635218743,-0.0351590773847974,-0.022273102409637424,0.025366544894875886,-0.028356684439879487,0.012086223341131408,0.08432195479574389
2018-10-12,0.025637011844725333,0.04738573473161356,0.035096292971749765,0.03397374162981048,0.039486584027737415,0.0025400187699053944,-0.010972436490688686,-0.002699560211690155,0.013793248734094377,-0.004761667949174431,0.01130707610403281,-0.0034885006871121504,-0.15889906532306064
2018-10-15,0.0031251224150277146,-0.04632324936251231,-0.021617877473260716,-0.018142637509169113,-0.015585296480611355,-0.001431870699190263,-0.005720090538084754,-0.006904819784550931,-0.005633195992149176,0.006660030947979401,0.0006611721815623639,-0.00043646067869929084,-0.00046938415253894306
2018-10-16,0.0634327959715364,0.04343915259710496,0.02179785966291803,0.031109262116952863,0.03296109181385187,0.03368858816845588,0.021214069228618015,0.004690304153294633,0.02163008921884746,-0.001725599613775941,0.003957753619039828,0.0022695490569555332,-0.1896723687590014
2018-10-17,-0.01754327800627342,-0.011331656039149207,-0.004330653750606928,-0.002615825460541288,0.00644636323773895,0.004022446963201531,0.011078233410245275,0.0036877193989317547,0.00017846356015116527,-8.637796161536926e-05,-0.024659689707362986,-0.0059469428295084725,-0.012564483840687757
2018-10-18,-0.02938483901749578,-0.0146298915412868,-0.023651049602948504,-0.020164017092445974,-0.0338746194432602,-0.02863320330666852,-0.015969641273472668,0.004285287501555324,-0.014546331492418574,0.001122068685606159,-0.01769952768741412,-0.0003510619366418055,0.14225757161384145
2018-10-19,-0.014926570471279987,-0.04421438876407158,0.015115234977142844,0.0014735747711940306,-0.0037853151421280984,-0.0056317306081536955,-0.0016663958580052096,0.0014652126568677204,-0.0005426515215862793,0.0007761304849287498,0.01092905985290571,-0.0021959264460038597,-0.008510693731250019
2018-10-22,0.003647307212655271,0.008905420079092119,0.006091577626966771,0.008887081650013506,0.014223477431538178,0.004727746226257601,-0.014468139431551563,-0.010054163779090963,-0.0044988768329909945,-0.0025893597255199907,0.0013577397919766199,-0.0013201431831371124,-0.012648790330171522
2018-10-23,0.11972696455952736,-0.04493531626924874,0.009382519973385683,-0.014053931176537304,-0.011579655130424804,-0.0025232291744394786,-0.010491092559148818,-0.01627432771909909,-0.005103504773025236,0.0058595627338764444,-0.04865447535260614,0.003165051984344913,0.05304835935111818
2018-10-24,-0.01936073025746987,-0.10307126481608053,-0.03490392379017582,-0.05495178170692583,-0.06090026937024273,-0.055601117776422626,-0.018797999523978426,-0.028199720035879672,-0.030767561337549765,0.0023171370069290376,0.0007120134745450812,0.007520441051350524,0.1974171133088669
2018-10-25,0.08743302864312996,0.04140553809400016,0.02166153267849813,0.056799934233030314,0.06848717973245133,0.03306803636910427,0.015085705513163461,0.008850218902360929,0.01778181333764195,-0.002231204310531254,0.011323535438336307,-0.0041899861125660465,-0.040855034734746276
2018-10-26,0.0496880629044405,-0.04703816905619451,-0.016051747730646326,-0.012450038571060418,-0.08142347029725894,-0.03766638871070693,-0.013828043205217355,-0.01001046717199916,-0.017743985847352484,0.003173610933107085,0.008409291722482948,0.0060184601515249625,-0.0024803430237043678
2018-10-29,0.011866497865424819,-0.06602872984504171,-0.018948523692980057,-0.029507688169025492,-0.06535334363664624,-0.022821573473509993,0.013732594145378307,-0.006210291277313207,-0.005555571285518646,-0.00394713997893259,-0.015471494983160916,-0.0022636724466398306,0.022104907771277826
2018-10-30,-0.014893088379068331,0.08950398198094445,0.004981933288793261,-0.0011560079216845764,-0.005512626087584849,0.02865172795053539,0.01749051701346449,0.022204601602385576,0.014709781936013577,-0.004394427867848272,-0.005685866451179855,-0.00498106621404748,-0.05620627407022871
2018-10-31,0.022242473178064603,0.037846276631352094,0.025732695209971013,0.029260028200320143,0.04321681687087775,0.037385562818402995,0.021509915028326887,0.011359560650303635,0.010624091077420239,-0.00562895197466684,-0.01725418604273532,-0.00509314781549719,-0.0951817462988882
2018-11-01,0.020423191772720006,0.0339475735534589,0.01523547722504004,-0.008367410285885946,0.04138428065577049,-0.0002634938159102873,-0.00036693203427695664,0.012348258377042676,0.010585673448255228,0.012770867635503613,-0.024221361988251644,0.0009264546972689303,-0.0932397562381464
2018-11-02,0.006167773529960563,-0.014733858689000012,-0.06863297245223876,0.002263347112140046,0.0,-0.009268448485100222,-0.0055207199611118085,0.015742431333800155,-0.005940572162050017,0.00017150439484403535,-0.01120666311723717,-0.0125109797655103,0.008751668451628891
2018-11-05,-0.01456821826868726,-0.014764847093852396,-0.02879893047594617,0.012636395686986823,-0.022913951307483416,-0.011169729969641828,0.006529890789821913,-0.0037901493080285675,0.005501886725594929,-0.0024032178261359505,-0.0007516143647690043,0.003920900482080825,0.02280305864867982
2018-11-06,-0.0009964070977672712,-0.0033584254257703616,0.010756098354703703,0.0019515299090606675,0.00917882350506627,0.0084389173656918,0.0046638022539857715,0.0042781518628727255,0.006307633080489872,-0.0028398265791738098,-0.00906349733985401,-0.0006225596091793406,-0.0025081146029903856
2018-11-07,0.02060373047036146,0.012851667055447491,0.029877200114919678,0.03860638581822151,0.0663397713635705,0.010548599583947826,0.01700816527659832,0.012604539525636227,0.021183182803350853,-8.619930408748644e-05,-0.009146396250620192,0.001333678756932244,-0.1963827419300701
2018-11-08,0.009263014594603103,-0.0371666692434951,-0.0034950495483196953,-0.0018773339349067442,-0.0003304390318117356,-0.024450243477471822,0.00804056793970176,-0.01602523821668722,-0.0018168200962760395,-0.0021569397313125904,-0.016988845832593746,-8.86929745167464e-05,0.021766198107086687
2018-11-09,-0.0025359590842053414,-0.001554704942924534,-0.019469621013779914,-0.01970086766973722,-0.024504165940443023,-0.01987560177174963,-0.00974651322728537,-0.0002474552051037193,-0.009816058245734283,-0.011291663536045604,-0.010963331699554324,0.007437875489338275,0.03756317780146423
2018-11-12,-0.05642528101968436,-0.08167281238909374,-0.05168746996877438,-0.024950312235395344,-0.04513974406511778,-0.02380478926741958,-0.021250394064136202,-0.012943468869286434,-0.018861811083272784,-0.007188596482678555,-0.017474652184552575,0.006507490735124577,0.1638141754056588
2018-11-13,0.02223944401445266,0.05026135519495778,-0.01004137989919407,0.0006547274745241083,-0.0034760725613267596,0.004299851639051333,0.00585702500616847,-0.023190673104530823,-0.0018729404034445452,0.0003518058272167224,-0.06539358667287853,-0.0006134697541346767,-0.021251123043970033
2018-11-14,0.01543825626665063,-0.010693674083927629,-0.028654149021584363,-0.014282423909253161,-0.019912881833394458,0.014386950864968107,-0.020837711514980484,-0.007851135389217667,-0.0068601752815551365,0.008233404279792467,0.021997522827821747,0.0006134697541346767,0.059625098618033334
2018-11-15,0.01282445381819386,0.02602906704548813,0.0243794241550499,0.02176766471971714,0.012695718130497191,-0.002568796182723432,0.0252079701724659,0.010283979460715464,0.010382450873827054,0.0011333182475068426,0.002507292060202282,-0.00043810656190146346,-0.06162514506111316
2018-11-16,0.016706156871619804,-0.20771176674078418,0.011014645903432374,0.009370550082858031,-0.01620401669561833,-0.030491570091776055,-0.0007269087331733814,0.009799531210516577,0.002597127187266679,0.007378878966228797,0.007484455348968133,0.0057707138060756336,-0.09661233926904611
2018-11-19,-0.0023736096914839244,-0.12782224265253417,-0.04043870093283397,-0.034478096489698906,-0.05225131114502091,-0.05889254511908515,0.007608056456702705,0.0032874947766172724,-0.01705891456659181,0.0004323180677419103,0.00578280408603149,0.0027861178795953734,0.10260042300335659
2018-11-20,-0.01706271613891497,0.02982053256574746,-0.048957027222972016,-0.028209211798849942,-0.011191197215611126,0.006667121693883615,-0.0217080939856098,-0.028813094878416656,-0.01867955646453101,0.0,-0.074361445242066,0.0003475643977903786,0.11190617061871411
2018-11-21,-0.0271280566762635,-0.0297513962817193,-0.0011309262228516026,0.013670774923973283,0.014122842106230493,0.017886289602190075,-0.007496954459052851,0.007636416402834634,0.003401676479033,0.0016412774591652024,0.02194032633459564,-0.0003475643977903786,-0.0776730546348472
2018-11-23,-0.03723206816450464,0.0020019452589019604,-0.025727056496847922,-0.0003878726062715998,-0.009719272006623036,-0.023186137928894013,-0.009240179664393722,-0.027052171850249884,-0.006701232166905768,-0.0007771357154267022,-0.061764641035961354,0.0010424964026718442,0.03402980653763921
2018-11-26,0.060063035065984316,0.05403084064907593,0.013433395932939796,0.032454845071280936,0.0514287802870923,0.03469089594107544,0.024178129880728427,0.01954572510500263,0.016015485975789723,-0.0011235233509472309,0.01010570466943328,-0.002260131206471172,-0.12982085468311633
2018-11-27,-0.006029763419470591,0.004433265146198462,-0.00217868333358906,0.006273244457290161,5.692948050306512e-05,-0.010170624967272168,0.004201183551084675,0.0009089675712701251,0.003359022640428755,-0.005984687209490858,0.0009136802061542326,0.0011301245640309432,0.006329179302721588
2018-11-28,0.011419815399028366,0.04041341487387973,0.03773179439687491,0.03647432740753853,0.059130406887339504,0.012952982125353785,0.011058078701306151,0.01800681057040432,0.022763907882823453,0.0037337803634578393,-0.026841034420163723,-0.00488055404062937,-0.028261048164383684
2018-11-29,-0.01944796184859765,-0.01607496997269342,-0.007711641006391989,-0.008404931611458721,-0.002494536473075293,0.013941360351701348,-0.007963814958336535,0.007745802692380899,-0.002187353788835722,0.003115272664462765,0.019508286181337375,0.003923982700809958,0.016094829129202015
2018-11-30,0.026922749307084715,0.037848637797153195,-0.005416844857460745,0.006332692347252866,0.009870068276671695,0.013821265115897319,0.010214416928314485,0.005549779955748235,0.006076960648914387,-0.0017294794115239043,-0.012963176624406714,0.003735521398268382,-0.03907177443394838
2018-12-03,0.022597058720559726,0.03964889293685281,0.034345582736959646,0.01076339769408552,0.0474828436367245,0.0034078356295728085,0.009399045995228228,0.02140475370678363,0.013154106071839422,0.007501675441847766,0.049100854689011264,0.007075007960519741,-0.09453566560231463
2018-12-04,0.003369619807877644,-0.07908765316957678,-0.04498561786226718,-0.032367606891206435,-0.060446887726534726,-0.02265178685595437,-0.04566323048003884,-0.022285898957506767,-0.03293886184730255,0.006080599945142318,-0.008017873646045004,0.016603133578724893,0.23234676965232293
2018-12-06,0.009297797793253793,0.0074827773679781995,-0.011212248654737245,0.006155179193808813,0.01828664289188353,0.012249939326228976,-0.019207918699811977,-0.01317954485061712,-0.0015181648677220494,0.00017072178718180453,-0.02170073638588743,0.0031350900430782147,0.02146520571788013
2018-12-07,-0.01411889403454758,-0.06985539505872995,-0.036308174034369145,-0.040844957526389614,-0.0421056087541567,-0.015954386630170347,-0.018227649665014667,-0.009613461959019354,-0.0235102517908663,0.008077219150825599,0.015419814111753638,0.001860124408887387,0.09191512959311332
2018-12-10,0.01985894986280634,0.028385535983201482,0.006566330885067195,0.026082984836383716,0.0072779786074823605,0.03172843430924388,-0.01886178764539359,-0.01426967616832675,0.0018954660401249157,-0.003477935715566538,-0.032939818175728774,0.004129706442043357,-0.025726300700615656
2018-12-11,0.004399488170995891,-0.024463957479314402,-0.00573545491176608,0.009251587490036961,0.0013458597059745614,0.0016200024631931598,-0.009815401167171167,0.0018277559878607796,0.00022723806201430108,-0.0011903699128756884,0.01843368427012937,-0.0001684445642773369,-0.039644793869781925
2018-12-12,-0.0004363161473031063,0.004779735902129767,0.0027830881983592626,0.004502554785588586,0.012277951513649299,0.016889174416601094,0.006455101819068609,-0.008644414010256618,0.0050225399567747075,0.002124676769657441,-0.011943193630250981,-0.004468130617963695,-0.013882737965695391
2018-12-13,0.027416643182222256,-6.686492053420423e-05,0.010880810153002685,0.0033858498351184707,-0.0031066785633511174,0.0035232614474480783,0.0009895836494022703,0.01254912546127862,-0.00033910374546586297,-0.0022097759847801157,0.03540999527345967,-0.0023687367545282,-0.03847539360658203
2018-12-14,-0.029847328127938333,-0.016523849339666885,-0.03252089800372371,-0.03174542015900261,-0.040906689671847296,-0.0065728021658770786,-0.00824215395662975,-0.01835384002859941,-0.018637299149292907,-0.004007006751401754,-0.03540999527345967,0.0034667347396055703,0.046365900231525536
2018-12-17,-0.04843199610928872,-0.019791706965452516,-0.009349824909761661,-0.030061754263414286,-0.045625654718462805,-0.027231180621565265,-0.012844850232264449,-0.020586424311749063,-0.019813404615301344,0.006895742533218119,-0.034794285054870144,0.005806856491709311,0.12540792857154504
2018-12-18,-0.033236755299702825,0.023131929941396567,0.012909170854531027,0.010441793724070614,0.019900419411563952,0.024450504962618247,-0.004758439808861148,-0.02793938832973275,-0.0010969377193967844,0.0023726710074090107,-0.06524050751278487,0.00597075017263915,0.04232166343113253
2018-12-19,-0.012119527132867791,-0.05908173068765743,-0.03168895116815884,-0.0026965482415706177,-0.03702959409021034,-0.07529710784541077,-0.012766478637077583,-0.017089465095915468,-0.015088986674826721,-0.0061126025718980515,0.023221688695819864,0.013124267643230603,0.0
2018-12-20,-0.05427412940561638,-0.02492724185655204,-0.025558146859902653,-0.02124823549997945,-0.02317497135643798,0.001199833885222823,-0.008671485829843562,-0.03084689529886564,-0.016412242703532698,0.01529583691870684,-0.030397495397267882,-0.003637587262640629,0.10387384899246532
2018-12-21,0.013823760225007309,-0.04179407235983135,-0.03967230575657821,-0.032845952372696274,-0.05877078806961045,-0.06543830775870951,-0.02392291099811228,-0.007458670712497284,-0.020702318877215298,-0.00437046119321316,-0.015552472368380421,-0.00016579886594492166,0.059172720603768436
2018-12-24,-0.0793054901635517,-0.019404338405442312,-0.026214846644449175,-0.04263470669631175,-0.024613477609225498,-0.00714836337028224,-0.021792316221248775,-0.03906814910662737,-0.026778379458131774,0.010890577890308784,-0.029694624856559493,0.004957515959847392,0.18060412369042567
2018-12-26,0.09887683028497696,0.04628396637832344,0.06805261895394521,0.06607772264086176,0.09025398275801866,0.07841682531538652,0.040622096139845354,0.04667266038787732,0.049290225435710155,-0.0030039490254063494,0.06359616988874084,-0.010772887786234975,-0.1706899897832086
2018-12-27,-0.031019876139175118,-0.014606610067020354,-0.006510930222742406,0.006146715077671949,-0.006315330448246392,0.0025309029259350524,0.01119185950425372,0.004361085547675003,0.0076481003458432895,0.0075760760319356635,-0.028690465826778144,0.0001664499583649004,-0.014908368580889508
2018-12-28,0.05459818103140046,0.018730241514329782,0.0005120063751338222,-0.007838525754875647,0.011144264450805963,-0.009861305664484732,-0.002166744958211453,-0.011231936179877167,-0.0012907429459314557,0.004055775698518893,-0.00939956313517154,0.00837890189304158,-0.05558888844397325
2018-12-31,-0.0032099686795037385,-0.0011229807720616325,0.009619119144455901,0.011685437279402855,0.0160742537744456,-0.015967390098195366,0.008125697009829125,0.00029339211225964945,0.008720419880951624,0.0015682595209627337,0.013548942782280804,0.0037928807619778127,-0.108737970884079
2019-01-02,-0.07058234811465303,0.020169382833832294,0.0011404002945449854,-0.004440122074900188,0.024439664018391483,0.03441464193600918,0.017163805782905328,0.021758883506367788,0.0010397194608398053,0.0006595913377136498,0.019477861483308878,0.005253159877036673,-0.09052232206419486
2019-01-03,-0.03197758919474003,-0.06231869261882328,-0.104924563314162,-0.03748185213997424,-0.02556552870036466,-0.029468653889416885,-0.014313618399722117,-0.015472971383169831,-0.024152062735099733,0.00902531942317264,0.010101038089280756,0.011315492594952126,0.09170182627605739
2019-01-04,0.05609427259272559,0.06209898461185892,0.041803458687709405,0.04546009240808413,0.04885111342984505,0.046060933048274855,0.03620214848880021,0.03620648892516121,0.032947045890375115,-0.008119106827352951,0.022852509099182683,-0.011643056367372395,-0.1742599066308066
2019-01-07,0.05293512263076483,0.05158675422343251,-0.002228150449295363,0.001274481039981623,0.033776510878524846,0.0007246879471569656,0.0006950358901054443,0.00518691895773804,0.007853829963328174,0.003452516077851797,0.010747505038418481,-0.002952289638587402,0.0009350378584183083
2019-01-08,0.001163599158188866,-0.025210742761394345,0.01888335666227503,0.0072244701095325325,0.016475884077589598,0.03193684292637755,-0.0018876244978516254,0.007244379094878184,0.009351465535274883,-0.002711713990728448,0.02020271102470783,-0.0026319935911560677,-0.04443053807291175
2019-01-09,0.009437947481978792,0.019476261661536043,0.016838953174417526,0.014198394876642872,0.0017128868892681837,0.011856490018745447,-0.001691737343865185,0.005260638265540685,0.004662383253432267,0.006397649700216057,0.05105518806135745,-0.0015656734901670077,-0.024228615819893218
2019-01-10,0.018844716086450664,0.018415372727252466,0.0031918710627438784,-0.006446393770318082,-0.001930290550594016,-0.0002081332282175552,-9.953747640700783e-05,-0.005121997769856446,0.0035213526960360397,-0.005904086348646587,0.004514697460095363,-0.006454266350631954,-0.02431728473961181
2019-01-11,0.006616379981298159,0.024485912363326534,-0.009866965757429735,-0.007752001106324791,-0.009500215788537325,-0.0027775443958946155,-0.004792759667123114,-0.004590689433207729,0.0003862892401853557,0.0017256811414601003,-0.01818238844705533,0.003893717290461396,-0.06954244367971363
2019-01-14,-0.03773593288316501,0.010759605087858448,-0.015151230415475503,-0.007322140776561348,-0.014335246209543406,0.010996325017198494,0.0102562693355841,-0.0012555501409354797,-0.006119414661448275,0.002378067354322333,-0.01945406845412112,-0.0037277179773651525,0.04724438171941525
2019-01-15,0.029553003459965588,-0.0037961234759527063,0.020259804948082216,0.028592657072469052,0.03484800702761248,0.024190664513925597,0.007304535256263733,0.0005579181639649988,0.011395505670598105,-0.0017215161032266835,0.028586587014617137,-0.003659155002189607,-0.024954802381122132
2019-01-16,0.004692387937454079,-0.006896330968922726,0.012142875961295818,0.003517082229682167,0.0054908951842662646,-0.009511317875956493,0.008032181249668646,-0.0004186335932567786,0.0024168228942080816,0.0031947551186357614,0.005439761235844109,0.0009993014875906425,0.023380476219357238
2019-01-17,0.0036344638295506826,0.01916497098296266,0.0059202982972452745,0.006997811248093733,0.005590776836741362,0.0051380507826825905,0.0040893530231063124,0.006816649131715646,0.00755797085044474,-0.0013094038577046163,-0.0027162249781254033,0.00024968913202005893,-0.05284255903009516
2019-01-18,-0.13893012374879632,0.03376294912721112,0.006140359209794166,0.014871863308756339,0.001758347842389263,0.011664576135029137,0.016095685070334653,0.011852612907328197,0.013222331652083419,-0.00896648938779876,0.02506851817332656,-0.00525541992768197,-0.014501103981270802
2019-01-22,-0.011111646346251725,-0.05339852237619036,-0.022701930117063895,-0.019026802621754157,-0.03848003754325369,-0.016599204920895616,-0.015901513043290016,-0.015185470860331396,-0.013602513663932392,0.0035468368649853588,-0.016942048698429524,0.006751931944647183,0.15575453559121843
2019-01-23,-0.03864010516794858,0.0034894005294756614,0.004036323128216779,0.009699276795431366,0.004798041569364031,-0.022408046899075273,-0.002529091999586619,-0.00824089444866516,0.002090185981726833,-0.0014007184915953985,-0.00631483330615179,-0.0004154294247324941,-0.06351334559153621
2019-01-24,0.01353846267844272,0.05569112261087672,-0.007957910586437578,-0.0047909485565957866,0.009050258811114098,0.01054685863501259,0.0005842185774636022,0.0014014854616410943,0.0005312975447155921,-0.001567871305494073,0.01080117468652908,0.006544161308587704,-0.03280695523336519
2019-01-25,0.01879254659466678,0.014528884784407836,0.03259963209854,0.009092282789834094,0.009406237482288304,0.021571933353638606,0.006306696530436362,0.004471883378538877,0.008425692887445102,0.014511460180241187,0.007136508739065128,-0.004800437652521694,-0.08101367339855647
2019-01-28,-0.0022244266624129594,-0.14878437514154808,-0.009297834247600001,-0.019694303976715233,-0.019756089426000933,-0.010388666261007984,0.004728376397170386,-0.006715309077613085,-0.007629049125875476,0.003493810602621217,-0.027028689806628314,-0.0009960749055828444,0.07995442805090347
2019-01-29,0.003637372734590194,-0.04755933299742421,-0.01041846700381921,-0.020575603278732757,-0.027237538763214886,-0.022492695194590517,0.002787565423381544,0.00378278700080914,-0.0013279413062852186,0.005580978043919771,0.018996504436613826,0.0050531866333285436,0.013684335727209174
2019-01-30,0.03731688539222899,0.043056523619719345,0.06610109813354592,0.032871273833258385,0.04690977564140564,0.042299493552769185,0.0023012923285872233,0.010848532403747946,0.01570700339695641,0.005710387238117676,0.021277378657777568,-0.0007440356161003692,-0.07995555304664181
2019-01-31,-0.0056837771902729095,0.04525207659881536,0.007175331232454951,-0.01850090362950052,0.028504578463133257,0.10270424807497402,-0.008753791949836831,0.013602180872673397,0.008743959517507172,0.000481058043325433,-0.004395544401113227,0.00856330342360323,-0.06370837351439951
2019-02-01,0.016763086556941698,0.006794102680155678,0.00048084239026202624,-0.015925967089855497,-0.055321193100995814,-0.005896509770705549,0.003664934197868064,0.035392126126243095,0.0004815198684289257,-0.00200601872686601,0.02437019883364222,-0.006057633321727707,-0.026293187995383605
2019-02-04,0.0021756781989070717,0.030283997998323375,0.028008848791476915,0.028392204612468497,0.004344132475857521,0.021137741930538745,0.0035554306265677127,-0.014594620911032141,0.007010611364999697,-0.0043467903708815925,-0.011240941001516624,-0.0044748591875611865,-0.025730937056847925
2019-02-05,0.026679142656293564,0.005148142371555808,0.016964538635198867,0.013899764507448786,0.015491866188781955,0.011221779239466656,-0.00442212880381998,0.010238662544927113,0.0041833457815707575,0.002578149168765087,-0.018429660586462226,0.004557332837374695,-0.010223721723208179
2019-02-06,-0.012935246198519046,0.020136051198870186,0.00034442237745890836,-0.011160561703610128,-0.011245686147586476,-0.003922157947247484,-0.0004821538590809027,-0.004375086907281389,-0.0013194565669012448,-0.00678184686965988,0.002653671033303162,0.0004957148279087775,-0.012277994727273978
2019-02-07,-0.031087922181825878,-0.03715229928684316,-0.019121063179044384,-0.0071937516404601,-0.015910006048540204,-0.024402203851693116,-0.013196115687401644,-0.0077366680360699824,-0.009578451288331458,0.0024273450059935087,-0.022332326663321744,0.006588769841468611,0.062382471131200656
2019-02-08,-0.00557632901893923,0.00507468025755986,0.0011744257436698824,0.003792524939445485,-0.0163308342904136,0.005693652360410972,-0.010012958558100138,0.0016234491797870731,0.0012208453113080608,0.003791101346321213,0.000902955280678519,0.0042582586085577745,-0.040516638661964866
2019-02-11,0.022760598713060798,-0.011676213361964116,-0.005767476059711285,-0.0039825409450919835,0.0017488562477838698,-0.00924627224948349,-0.004746691642012024,0.0016209607528669956,0.0005544946534987716,-0.004923141507008566,-0.006337702910273357,-0.0039300616821806855,0.015778174959947044
2019-02-12,-0.0032979313639254215,0.031721074391442894,0.00858023957603482,0.015461861668232935,0.02911927140004522,-0.004533954088288716,0.016906079744509306,0.01739152221921536,0.012777282114726063,0.0021013677593764157,0.01353197175728571,-0.002547689932581143,-0.03439829279442286
2019-02-13,-0.011742429097439278,0.011248137873094866,-0.004163368666581846,-0.0007488304426122028,0.0012141827176499476,-0.005894464972747926,0.004764515469589448,0.011210011051931978,0.0032419667830243526,-0.0039639080913298486,0.016000368474913707,-0.003791110118435803,0.014157206457949822
2019-02-14,-0.014380729101391765,0.010734731655038576,0.0036364664947252656,0.0008423852554759748,-0.01063563035172077,-0.0007317696015425312,-0.0065204997632717365,0.0002624112008273727,-0.0022208766793161416,0.005577307519395447,0.012270039261206733,0.0056819102271212785,0.0357741137429044
2019-02-15,0.013439268798795645,0.018020978912621555,-0.002227335943134179,0.012272353751209941,-0.009100547125930447,-0.008883692270501342,0.030102906054638723,0.01870448310267747,0.010838024519585154,0.0059471805227806485,0.019836829850731874,0.0015587407034773904,-0.08421288781128666
2019-02-19,-0.007302188315000624,-0.0044588315566485015,0.002988504683033355,-0.0004621536205924315,0.01213415767958459,-0.001292977076736257,-0.0035117408588209997,0.006668941311074761,0.0017291039426767796,0.015109582852092629,0.005959974688193093,0.0025382318971409745,-0.0020140814468496693
2019-02-20,-0.010128258243082833,0.012119715683245547,0.006414357121832026,-0.005212838397386399,-0.0033725745741390867,0.0016621463515740231,0.004837300705290204,0.0038275469696076314,0.002013741042547146,-0.0017378437981703243,0.012653106134899339,-0.002866210472768138,-0.059533122838662855
2019-02-21,-0.03816634835211241,-0.017689401893828727,-0.005654328841181222,0.02087268854727231,-0.001641235485155157,-0.015623183282385433,-0.0020839640687020378,-0.009082247595361359,-0.0035619422839427983,-0.011370537714507911,-0.004199938122786406,-0.008979112607049977,0.030901305111517008
2019-02-22,0.011878507177307984,0.02171801315886701,0.011103805652125764,0.014157667283178021,0.007456236282018303,0.011493195026556435,-0.00446612196421281,0.007680667188160406,0.006180674940392095,0.0035920768439101636,0.005874938848870137,0.005940317074792034,-0.06795605045495368
2019-02-25,0.013682197437311583,-0.0031456461447052497,0.007258212210429882,0.005571385979569854,0.0008821844156088332,0.016722431751366784,0.010421810480012006,0.0010194708049295897,0.0013599509458090964,-0.0010363715360961478,-0.03231574758733036,-0.0029655915908843866,0.09456972202313718
2019-02-26,-0.003050487964520343,-0.010070247800096688,0.0005736526771742412,0.0068767513155609805,0.0020798706668898603,-0.0029806074833080842,-0.007663937832507628,0.002036300055466178,-0.0007156198851907547,0.0016736332310030022,0.005172461541608442,0.004937984948928609,0.021319907452800102
2019-02-27,0.05512343917099871,-0.010815703976484015,0.0030929662779159983,-0.0016925834085910196,0.00286191244437628,-0.008074969925287334,-0.0012352125229151412,0.010244677461452412,-0.000429569000116814,-0.007112343678443267,0.022109763206884736,-0.011394326957841372,-0.03147231758017588
2019-02-28,0.016198931980321074,-0.006397236344225954,-0.009884791971555007,-0.0012486614598961054,-0.0007680274393191411,-0.008388561841025322,-0.007636592014836907,-0.005552044538570833,-0.0018643762424632726,-0.005629776625606375,0.005033522838837179,-0.0034098661071295666,0.005427416643624117
2019-03-01,-0.08168268383461452,0.014096821460836129,0.010456437229904747,0.004453130245085646,0.019266454847695513,0.005127612134697479,0.0006708702092765861,0.012199315897726493,0.006224535940083875,-0.017163968380321748,-0.02456709458053652,-0.009286025179337187,-0.08541344609538015
2019-03-04,-0.032511659318456676,0.0021072241228459188,0.005016819694037,-0.0024025336905211248,0.014513750908029088,0.03088384654700249,-0.0023012087063589703,0.0038670232152311357,-0.003643927206086417,-0.00262898361774333,0.01193537979968351,0.007806839010659594,0.07521277149660488
2019-03-05,-0.031396029219271426,-0.0016597486667528916,-0.0018213210155186843,-0.005000882938364981,-0.002207450450987025,0.02297595903322147,-0.0007680385521284805,-0.0014948662121190281,-0.0013612072749928927,0.001315387092919451,0.0016934385237679095,0.0020884380172185857,0.0074906483788721445
2019-03-06,-0.001085447687042329,-0.028974380668582933,-0.005770754844478532,0.00044761941243187664,-0.013970631881135454,0.007272258477949656,-0.0037530750249334943,-0.011413036610568028,-0.006075458702063052,-0.0009041270457164075,-0.00593974556919008,0.0036645258726411,0.0656403572145936
2019-03-07,0.0012661721837980977,-0.018519732977559267,-0.01164201455383207,-0.012244673916855575,-0.02610244391897698,-0.019787340807456033,-0.007257304171384149,0.01103890459280521,-0.008400546576726065,-0.0008226265106170416,0.005093425149729214,0.006463957967320688,0.05259488495209119
2019-03-08,0.026930847282975012,0.00920297563098571,0.0023737506043226553,0.001086554883160673,-0.003172402043436051,0.0027750926366794104,0.00038857122307867087,-0.014450251610521825,-0.0020018088955220392,0.010886084259377427,-0.006797042099549344,0.0042043218880092326,-0.033091311359080056
2019-03-11,0.0235812231146042,0.06738072147776464,0.034056071499957596,0.020776220059421924,0.030274928015204594,0.014458754533552387,0.01292415624202281,0.009698249988425722,0.014396993236565514,-0.004896357818092056,0.01102174098127584,-0.002965870281681049,-0.11335356552484654
2019-03-12,-0.02633012589771777,0.008527314928583163,0.011172553889270631,0.006977235746119526,0.0014833846646542526,-0.0008723129800118912,-0.0029750121020528653,0.0027539766367468133,0.003763945843548555,0.006035459879401905,0.0025263749559822912,0.006988166090907022,-0.03986289053189651
2019-03-13,0.01957007740939476,0.03684683892122065,0.004412612562976648,0.007715345150067776,0.010529488021602695,0.008398699917713692,0.0033582667168845504,0.008835582181113466,0.006597129098209642,0.006968612448215339,0.02491816949254666,-0.0018859638523691657,-0.02649166006918957
2019-03-14,0.0034547582607831195,-0.01831396284086928,0.011054922846841286,0.0007856225643774195,-0.0027183645581763116,-0.018630048568394564,0.009059636388513148,-0.00335080467085902,-0.0006397640714546071,-0.011614284265949237,0.0024580665250812928,-0.0072497858642677215,0.006688999529461004
2019-03-15,-0.051409539089275036,0.025346748681444042,0.012924076434636333,0.01145366077834531,0.01538318983635456,-0.02493078273015037,0.011421068120547773,-0.0036117805333564235,0.004928437813079611,0.004564337107022531,-0.0016380394900279427,0.006592748133872561,-0.047013955883011604
2019-03-18,-0.021802224404734893,-0.005077557148109202,0.010157289912255951,0.014219761694206134,0.017247469835384166,-0.03376001668385342,0.005988555981881305,0.0115364308135959,0.003619207743200903,0.0005690800870326029,0.008976038178620804,-0.0005751072534270207,0.016936529765559705
2019-03-19,-0.007523861011180966,0.03923225265621322,-0.007956454425159354,0.0006802014931768241,0.011244417875099444,0.006831279980356264,-0.003644950083571352,-0.0025933791840015985,0.0002480877782762292,0.0027594883221055966,-0.0024400733098479677,-0.002221274324628375,0.034512054130501735
2019-03-20,0.02265977238418948,-0.007483568574498722,0.00870051651742898,-0.0011057273176469096,0.019904495279826406,0.02367024885005442,-0.02157945595505062,0.005549177783494841,-0.003014839632809796,0.006463126873943459,0.017756743334277125,0.010405836840113203,0.025483681508263523
2019-03-21,0.0015339040136068682,0.05325793074985552,0.03616811345485882,0.022714870478895755,0.012160922039608835,0.0038609231453330395,-0.015912517130530546,0.005762994213899475,0.011231456845869126,-0.00403454108769985,-0.0048115907284689285,0.0021986122069392877,-0.02033474086100373
2019-03-22,-0.03524648030453026,-0.03563879030596406,-0.0209254777917689,-0.026722072481701886,-0.030409398179863878,-0.010532150519924066,-0.030698665322487884,-0.01614627956706105,-0.01943374166925871,0.002342023390243142,-0.017025141310279324,0.015415127945353824,0.1898742425997102
2019-03-25,-0.01565885501907882,-0.021180374314944128,-0.012164692575229008,0.005197982635311682,0.005363007055880331,0.01179582534896273,-0.008354994578863462,-0.006982419444390153,-0.0007522402009048079,0.007633907060241363,0.001634024721228755,0.0016004724031128958,-0.009143594394041
2019-03-26,0.02783267714915949,0.01762467237507548,-0.010385626943862913,0.0021225326628799834,0.005340129956769246,0.008324053099499906,0.009957663435607778,0.012928985712961527,0.007426080842393823,-0.00497549468884273,0.017799844114906094,-0.0007194199028006665,-0.10651785833545224
2019-03-27,0.026024333138829903,-0.0020940548568748607,0.008953852707698218,-0.009715510979758868,-0.010176281844700874,-0.010853001652346705,-0.0034087820483019726,-0.007687786959099441,-0.005242467391712857,-0.0052430167604846645,-0.010479750263093557,0.009160005622988798,0.03151446280094783
2019-03-28,0.013696110803547601,0.004240388653846461,0.0013254886841091995,0.0013693210684371238,0.0043626050195566535,-0.0019309958512048198,0.011283860027684334,0.004966772747978965,0.0037834355870627334,-0.014253957303042242,0.0008100631196734653,0.0034826704775641204,-0.04869111284137606
2019-03-29,0.004440617326900931,0.01294779585727679,0.006496715211099513,0.008600627308836373,0.004124747912130466,0.006862473789357892,0.005150183578768619,0.0007429484882006676,0.006285631752393606,0.0009019770912033209,0.012072550346033495,-0.0009486373347264987,-0.05118389757783959
2019-04-01,0.03275989192109385,0.015035069466037276,0.006767910488260309,0.009115388133312585,0.01860451536216523,0.01198631253403093,0.03313061763052616,0.011443955980074527,0.011789348328116844,-0.003941890257643799,0.025277783379604735,-0.014306065509536836,-0.022870817867667093
2019-04-02,-0.011477252828966833,0.003942017726218161,0.014432119434357737,0.0014274137719247904,-0.00011582341778204608,0.032081872737419026,0.0047672512603362804,-0.004291844837911896,0.0004896842098078835,0.003695988550421525,0.014711882429315537,0.001848109897425232,-0.002989536078287003
2019-04-03,0.020530810463766702,0.03024813379849256,0.00683179871575712,0.006522815166409401,0.0036977840720462396,-0.0037959240220022394,0.0019948481337870305,-0.005915459775270193,0.0015723289540217067,-0.0014767440573919544,-0.0015384970545166965,-0.0087059220892991,0.028046127725448233
2019-04-04,-0.08593722216784849,-0.0019099328152105688,0.001739029983797824,-0.005097572656528548,-0.0010111428220831442,0.014189554639046698,0.00961412979171783,0.01411516366970389,0.0026497595046119926,0.0025419025120267946,-0.0054033088030998044,0.0028296817850606004,-0.011713153623697625
2019-04-05,0.02645997007312806,0.014187353654708579,0.006671873238793147,0.004430529431517449,0.010076259837953572,-0.0017057489454295194,-0.002370919729293597,0.005348042840171985,0.004828452182961129,-0.0010651584546348403,0.017645225355108707,0.001290692039315644,-0.05759168882457821
2019-04-08,-0.006421561243439733,0.004389356022820534,0.015613503064288103,0.00033354322924683544,0.006823719866721589,-0.004506035503336392,0.003223202942684189,0.006163360326380207,0.0007622784221776868,0.0043355523546013686,0.018832948874306865,-0.003553705115463046,0.027694124540960097
2019-04-09,-0.003263030302426806,-0.013279248818580003,-0.003003091400473057,-0.005434594385260283,-0.007607779201279641,0.01503544242372623,-0.007410345741636348,-0.012975190516955948,-0.005137983998753981,0.005210460213683987,-0.005237550021834458,0.0031507468787541626,0.08015938598312067
2019-04-10,0.013677110691161953,0.014894128792441341,0.005598362508602239,0.0076001214119703064,0.0062392221828293515,0.001350701830874712,0.004471992380368661,-0.004526544741580096,0.0034052809576401444,0.0030808947099307815,0.005983557447781784,0.00241690837651376,-0.07109588864326621
2019-04-11,-0.028065278661060233,-0.0029192700087739,-0.008359087739365556,0.0011641395905783725,-0.0017662898283274941,-0.0017450040476481021,0.00841305307553597,0.004770636611527657,-0.0002777234308428689,-0.012872932029622142,-0.010494803074674763,-0.005891339528775852,-0.02127737762975279
2019-04-12,-0.0026859862524521994,-0.008020199866270339,-0.0004021766850890174,0.005139458987118317,-0.0005478403421248501,0.008917351174765997,0.04581383984057119,-0.012648138142005827,0.006743081730790301,-0.0009844542413608437,0.0022581667284269358,-0.00714815115063594,-0.08074701678942553
2019-04-15,-0.004943052898304767,-0.02834376544873196,0.0018086432284278864,0.000826346450761406,0.0009815792097551679,0.003066202363966042,-0.011485473019741121,-0.0033424870725937694,-0.0006547780352645916,-0.00188968841218351,-0.004521516346960297,0.002523693872431565,0.025484278185115006
2019-04-16,0.025865779778642572,0.01882542127389719,0.0001006789320383561,-0.0023158982047739585,0.009800755062900457,-0.004351306893099149,0.010495971683242011,0.006796418061436604,0.0006547780352645916,-0.009004202217837154,0.009770849332607412,-0.006280420895457439,-0.011428645997378695
2019-04-17,-0.007822448958816342,-0.0049001282913014865,0.01928570972225785,0.008246256797618479,0.0009549381687978808,-0.0005031222304481275,0.02839607983185566,0.0028288291269129573,-0.0024498869172653315,-0.0019104067944004655,-0.006754258613625552,0.0004086391376247889,0.03390155689557384
2019-04-18,0.007456485905066312,-0.00529994663442368,0.003587208324983493,0.013053771830684902,-0.0016797934476313614,-0.002800672946737137,-0.007376330993706048,-0.003691308308568786,0.001967275551942649,0.0007480072379886238,0.003007518260451647,0.005221402079996551,-0.04131816698510571
2019-04-22,-0.03922070058932148,0.011580912596130144,0.0032811436055859566,0.0031564490848987603,0.013667838256111509,0.01756967316530833,0.0012333091655447603,0.02158250484797275,0.0008617931213921182,0.0,0.025937014115832824,-0.0048120060781284835,0.02692940540046118
2019-04-23,0.004367189004715666,0.011605228918006638,0.014320101628319204,0.013483292087555832,0.019134247068458343,0.012814429941122363,0.0012313825498937447,0.005773347982629851,0.008951274112369845,-0.0020790892290234453,0.008740032721951785,0.0021227508735055522,-0.011336181674183265
2019-04-24,-0.02005575634208423,0.0026187597658646755,-0.0015432176306093837,-0.0034339941388568107,-0.011512265824974222,-0.006551074189513173,-0.0016721361109564015,-0.019620059859724037,-0.0022214848985537827,0.0029095034311525936,-0.008008754536357188,0.008125871196990708,0.067689138210548
2019-04-25,-0.043578711545985804,-0.02253590843419473,-0.009116698332114925,0.032580770663821035,0.00026289721788774756,0.056847956377680475,0.0005286199080023479,0.0056101222185303,-0.0006161792109153907,0.0008297251865103661,-0.011025512055932829,-0.001457412247932055,0.008336513247703792
2019-04-26,-0.05175465779031452,-0.048338176454458814,-0.004785432352961472,0.005713422402066293,0.025114987308540115,-0.009200850250256742,0.007541371673391417,-0.02126553091304295,0.004645570331272886,0.006613259149985673,-0.033060830868005375,0.003397710619936767,-0.040036175822356856
2019-04-29,0.02656415666839207,0.006938361211682675,0.0015163742478292441,-0.0009239227469395317,-0.006274036421565654,0.01703516931323712,0.014311163772199542,-0.006481346018255785,0.0015667012687128334,-0.004459139554906066,0.010638351947798164,-0.006401120713805497,0.029413894977880606
2019-04-30,-0.011579538159972369,0.009269751538431015,-0.01944414982534859,0.00637535725717342,-0.006163149880398677,-0.00711010252434896,-0.000603042303930934,0.00386873493362927,0.0005102526693301357,0.003057434262503378,0.004524926328366874,0.005107905332260465,0.0007625032055571523
2019-05-01,-0.019801806231266816,-0.0029325927505052807,0.047918896734397975,-0.021046874836499363,-0.00781652975766356,-0.0019149469940451525,-0.007698724399744172,-0.02025880631231569,-0.007544726401318869,-0.006622502907560168,-0.005281015232410979,0.004116354344003703,0.1204894188642478
2019-05-02,0.04221406123668059,0.014959503328854318,-0.006528896074791124,-0.013145219731317326,-0.005613323539631843,-0.002593571425204111,0.00216866870061061,-0.01769721459149398,-0.0021614004123318153,-0.003827907452540913,-0.03072442693453059,-0.00477273339557005,-0.026011056509914532
2019-05-03,0.043803300784426735,-0.0009830799580130556,0.012354887594662856,0.021089798716393382,0.03191342362804317,0.015154882792366209,0.006133098003064497,0.0023264921408046035,0.009740203710655315,0.005902166622600014,0.00389258502810641,0.002834339182232526,-0.11371712443167814
2019-05-06,0.0012147730661706824,-0.017417778437057052,-0.01556335966341127,-0.005835577579400564,-0.006087452958372097,-0.008167492013968491,-0.008909837691128075,-0.004398306710470479,-0.004123638902370885,0.0013252386046360698,0.01542049157083003,0.002745935891041995,0.18206250470341523
2019-05-07,-0.032964770542085464,-0.038195954790051,-0.027327215196009114,-0.020736220200761046,-0.015265430980201167,-0.021426499191558257,-0.01647001895825717,-0.005330184233192092,-0.0168404729514533,0.003305527606358716,-0.02635812767692247,0.007631662807808581,0.2241792955691415
2019-05-08,-0.009026329942036337,0.004668188113514882,0.00019750846646005016,-7.992204810580716e-05,-0.0016829004229155231,-0.0012128042531198702,-0.005313885850747546,0.0015627011372050248,-0.001390418496264978,-0.0024780734551379524,0.012490466976035286,-0.004331341887941598,0.004132233417370568
2019-05-09,-0.011749829223757668,-0.021679768450112658,-0.010802707013410462,-7.934357073136056e-05,-0.009377554927239906,-0.004706857911672024,-0.0007992562657559432,-0.0009112328893818855,-0.003030221102750197,0.0023955509816442344,-0.0062256949203041145,0.004091207504790084,-0.015584691381073323
2019-05-10,-0.010218129749464122,-0.008082583093066198,-0.013950156122354507,0.012904416269028829,-0.005219207390946501,-0.0016444181552408565,-8.896468832642057e-05,0.008658099600923563,0.005010502141121087,0.0018959191232168493,0.0023391614800010174,-0.001361801587739464,-0.1746026955086899
2019-05-13,-0.05364288869241074,-0.0633937525863808,-0.05987700960273523,-0.030184406939412156,-0.03625827789401104,-0.03677295841273853,-0.027574757631493974,-0.01116454680686818,-0.025451175289295414,0.010159840539079035,-0.012539337069036982,0.007824976220776492,0.247775244300104
2019-05-14,0.023078626554257742,0.022404170139515234,0.015706465449131457,0.011125660172150553,0.009522776139087696,-0.004471805897192205,0.007917713631271361,0.0013201184330791094,0.009003005281071452,-0.00171336954431478,0.014873039639397234,-0.002946645083097721,-0.12916138539869282
2019-05-15,-0.0015508662931842387,-0.01529819876621219,0.011907849576163532,0.013983734592454944,0.016722493404126126,0.03019312464160695,-0.0038142623760446526,0.007359341288904808,0.005840190888923402,-0.0005717761663674992,0.007740006200574356,0.006123042097037512,-0.09398209630425258
2019-05-16,-0.015729859074044228,0.0038152485001226033,-0.004409325974823464,0.022829008796274586,0.019276956121435873,0.003858056810235766,0.012748160579478807,-0.00013077408199713147,0.009218735270358103,-0.007216080906090383,0.013022020267985823,-0.003335362434138567,-0.07251840466721582
2019-05-17,-0.07879160253819206,-0.0231127516630929,-0.005698033100255628,-0.006692374898326747,-0.020426704771710824,-0.009079029915838532,-0.004862993847996933,-0.005910327090547618,-0.006486123824130274,-0.007102776783024289,-0.004576698988344674,0.00222478571010587,0.042886576965750045
2019-05-20,-0.0272357843861597,-0.031013171770880588,-0.03176934954662425,-0.014550760674624463,-0.0053809078431470425,-0.014021373981099039,0.005222390669617383,-0.0001319113434945507,-0.006633722785576168,-8.290551782685895e-05,0.005337389418485827,-0.0020658202899070943,0.02169278947691522
2019-05-21,-0.0013644301491684274,0.021577461490459804,0.018989624256796844,0.0053731059544395166,-0.0007803291762344955,0.011427572909050276,0.0034068061233023528,0.004600740310719331,0.008975113072369645,-0.0023236423674717344,-0.0015220325839759852,-0.0015918403982437823,-0.08706709681022895
2019-05-22,-0.06210985897149923,-0.01861635119670435,-0.020684156488796734,0.006049505582709003,0.0011621835874953135,0.002701536442684116,-0.00817805334829913,-0.009090222894736932,-0.0030763408176959217,-0.0009975291545627485,-0.030153064852282085,0.00571929658419279,-0.013468204292681474
2019-05-23,0.01421898215652373,-0.032588552501460644,-0.017217077007918302,-0.01173958504611683,-0.02405452396122776,-0.024305564998738483,-0.01986742952653575,-0.023703926749520043,-0.012293920389101487,0.00770477545364745,-0.052367954930709004,0.011184862583089483,0.1372532759013465
2019-05-24,-0.025174877946532614,-0.014839385776605374,-0.003847470571248124,0.00047539041141053673,0.004287174525438253,0.0010500591639024393,0.009800422359494299,0.004192198325037921,0.0022659489787590914,0.0010723379767867414,0.011513235021806345,0.0008612102577059133,-0.0653268342963953
2019-05-28,-0.010175940821913088,-0.012618208149818733,-0.00414351913883948,-0.0006338826476026682,0.007186405867973811,0.01779041355399258,-0.0109057494455298,-0.02031276689212369,-0.009344421399840819,-0.00388222691557516,0.0,0.007173874635149069,0.09903135653868844
2019-05-29,0.0061285153585948215,-0.021081345029159593,-0.004780740949774209,-0.009717269657887329,-0.009432116847075456,-0.011568700104025886,-0.0027682036659104625,-0.006216520427666072,-0.0067329705472856105,0.00033099640161360355,0.000817346115176143,0.0030258406823353567,0.022599810606082738
2019-05-30,-0.008675443485018253,-0.007662108814948221,0.005173022973818053,0.006303111868255051,-0.001578885026309429,0.004490553164584021,-0.010776891819514134,-0.0026367432864451423,0.00272762534681803,0.006761236816409166,-0.040005296451462335,0.008561653878069286,-0.034094234132365564
2019-05-31,-0.016391213145479977,-0.026588913457612717,-0.018281313786053577,-0.01643904804965679,-0.022972616855778227,-0.030739140558603495,-0.01032767912033794,-0.016814099978173846,-0.013567165104902301,0.013386857013474085,-0.05775881924829118,0.012441524246618485,0.07835163395029676
2019-06-03,-0.03400217346074408,-0.012479700218809286,-0.010161640643896241,-0.031540283216048515,-0.04752091720062168,-0.07802088843120014,0.004707855634870306,0.015562731540164076,-0.002546024384167289,0.014329650783140302,-0.00995939509577326,0.006666916069535844,0.00798521821405318
2019-06-04,0.07857605016172631,0.06664787363249669,0.035930521700705764,0.02732673909558514,0.021548041312531296,0.020202574160319564,0.030344433399975834,0.023510938380954194,0.021474367795527805,0.00031967486235551235,0.015350195691257618,-0.011466968952456469,-0.10559627078371792
2019-06-05,0.015326155905723837,-0.012100837041778556,0.016014326870654738,0.02144776885102395,0.0051557033738349745,0.003992031887145586,0.003547512627746663,-0.008323600657555108,0.008625020558186591,0.0025536658304687876,-0.03557140960852756,-0.005667822132696898,-0.05324906829612708
2019-06-06,0.04651304989708516,0.017540648663564085,0.01457528026554833,0.0156911262462911,0.009081436911120733,0.0009511963471862117,0.002176833039991166,0.01806020790461238,0.006481445236100392,0.0032623544765035817,0.026570500362327998,0.0032209354457037875,-0.009993827408434353
2019-06-07,-0.007065421385722637,0.011891875378862604,0.026268859259384048,0.027623027198632855,0.02791890605241676,0.029386166663581292,-0.011023557752081636,0.0036268194617492533,0.009957258927227208,0.005624438342681337,0.01525369395356524,0.008614304286523655,0.022960917927357993
2019-06-10,0.04016068793025784,0.019937393971713346,0.012698483594543841,0.00909131418989606,0.030892108542121655,0.008444087448582493,0.010751523626792547,0.004415176501222362,0.004578722284949599,-0.010003215486539041,-0.010743155238380098,-0.009456916312844399,-0.022333413969307436
2019-06-11,0.01962942455513561,0.015509215404884369,0.011512980780545856,-0.0037779056533135957,0.0016485738255394011,0.0185884185508014,0.0030769980193072755,-0.0009351030344957323,-0.00024262289573950824,-0.0011975692988466236,0.0,0.0006128530381790398,0.0031318654944949564
2019-06-12,-0.03678052946367272,-0.03064740882451744,-0.003187715337184205,-0.004628660866409895,-0.00450655748555473,-0.017330720507135133,-0.012821443714003067,-0.010882015911867438,-0.0017665494718448471,0.005179100221238464,-0.04322505656872622,0.0007656102562343392,-0.005015679772797377
2019-06-13,0.021977829297588514,0.013992107065960768,-0.00020598721457298907,0.006292489211220165,0.008041663860676174,0.013787133880718727,0.002467873317110403,0.008742049169718769,0.004118004014853405,0.006100693501630339,0.02230573576558914,0.0034376533599287384,-0.00567288971000135
2019-06-14,0.004710492177676606,-0.024719535112000646,-0.007288871592250334,0.00098168201904425,-0.00033692003755447786,0.02151700823033309,0.002552865575844443,-0.0044288749265177785,-0.0011060507731635028,-0.0003160129284811575,0.005499506691383438,0.0025130901633581004,-0.034730176786336386
2019-06-17,0.045967846334089124,0.002692598577218819,0.005949001703805745,0.0030159176022124257,0.008712154694986651,0.04148126029779231,-0.005478283290823782,0.009903651408230019,0.00038047866693968757,-0.000632265286402145,-0.011954088169074062,0.001748271255661571,0.004570732621987261
2019-06-18,-0.001289518308436044,0.05271280491948582,0.023246045672028703,0.01723842624251315,0.00810057036427736,-0.0028610505017310217,0.01354985171754386,0.008619174560972276,0.010416300487918306,0.00504732439223865,0.03989645818185661,0.00499908371617952,-0.013114992108795853
2019-06-19,0.0074916322064568774,0.0015685516308066028,-0.0029270788780642043,0.003913466283854028,0.003894877641195116,-0.005266600503757601,-0.007252163752194285,-0.005560798965188241,0.0022548486342230945,0.00603897083808036,0.007085939655686602,0.0014343434342531935,-0.05564527025984933
2019-06-20,-0.030537099002805324,0.006379843880984781,0.008003495777821446,0.009243348350039149,0.004912512407218017,0.010875045792531957,0.002544366159646927,0.016982102834865564,0.00950882050744184,0.0248661554938181,0.04487383146656221,0.002637257705365492,0.028887846269820106
2019-06-21,0.010147814582238901,-0.015301348946320292,-0.003414813721946519,0.00014570921971213124,-0.0035983699946724457,0.008458784005083153,-0.0068298469415752905,0.013998774941671677,-0.001454635444284591,0.006613693416667843,0.010075642105374705,-0.011047015369191726,0.04312440186299282
2019-06-24,0.007991062700448914,0.005912850233281475,-0.0010067172047376616,0.005896308575302989,0.0013593775173532663,0.007609385505777055,-0.007152798328630361,-0.00957068830972485,-0.0012254787189682759,0.014741593126273322,0.003336113271444674,0.007428948619882192,-0.00913244379370104
2019-06-25,-0.017501531619481536,-0.007759662697895076,-0.015273804135167879,-0.032080986962500724,-0.018791923549512646,-0.01971529982757314,-0.008317190214093273,-0.008876211585588933,-0.009855947948098631,0.0019392450876951628,-0.0008330053614971078,0.0030916231452229326,0.06470236189651501
2019-06-26,-0.002232228297383454,0.05008441149784093,0.02139857854156446,0.0037398943080537705,0.01036003497186222,-0.006268338551534747,0.006659430808955591,0.0043176923082368646,-0.00099801016865797,-0.009207653748306122,0.02387927068603979,-0.006420315427600798,-0.004309123483222432
2019-06-27,0.016150172309638222,0.02462220314936392,-0.0003001597015828139,0.0016414768754176023,0.0033927983928228045,0.009757248435177779,0.0033129455039198064,-0.010235221015264528,0.0035394167629405615,-0.0009781791081797664,0.0,0.00702225509732024,-0.02435333621941016
2019-06-28,0.0027783929288935916,0.0061078567579953,-0.009153942163282025,-0.0014171440281076642,-0.005608294946465087,0.018301143338773862,0.02683264762857096,0.010626672833057071,0.005133197230823505,0.0027063662544692946,-0.020551483761718004,-0.000677693001517099,-0.04790558552847335
2019-07-01,0.016466221724361407,0.011743394440561383,0.018174685393826273,0.012757794560904756,0.014969473796872634,0.0,0.016675929076895635,-0.0009140362454198581,0.00903736016108958,-0.019559428102496668,0.01973746426165679,-0.0023408012456069827,-0.07003544129329597
2019-07-02,-0.011600218839632248,-0.02399652480405612,0.005837601725119157,0.006611421970576181,0.00628554194084785,0.010309369249859479,0.0010551821078372825,-0.01103237356543918,0.002600711920276666,0.0211348135480538,-0.048383075472393955,0.007682816612430088,-0.0837836998413195
2019-07-03,0.045061464549725816,0.0032000943073775545,0.008252570633317635,0.006422179155539887,0.0024216723035968,0.01121887535879651,-0.0015943258430679563,0.009463938331770727,0.007963282931438442,0.001647702692010533,0.005965134663010296,0.007104128210114524,-0.028237218061863523
2019-07-05,-0.007692338334116755,-0.015604508784397897,-0.000880738722242036,-0.0029143298821274755,0.0020145063009620046,-0.004065171520467814,0.005921303631101438,-0.004063809697936627,-0.0011385092871618596,-0.011212861349997993,0.01517730225184799,-0.013351815466940309,0.05494612561664569
2019-07-08,-0.011911068824033588,-0.01902782793199176,-0.020829218434530894,-0.0007294665290178415,0.00483153038618056,-0.0032638261220911957,-0.005478125950215684,0.004586666699561981,-0.005509925477949373,-0.0064533961744341894,-0.0016750007260837307,0.001358623851699825,0.049936976126121024
2019-07-09,-0.0012163699243967763,0.0006356194525132253,0.006080733449851383,-0.0036575985967282065,0.018261630021034314,0.017470203779669013,0.0042436166958035315,-0.0006537851826378116,0.0012455673444762283,0.0034976216131425986,0.009178175021962609,-0.00037719862989948894,0.009269236673287828
2019-07-10,0.0377886912861487,0.017330449568883077,0.00983981658453148,0.010134874630071344,0.014534485698598942,0.017515454925872476,-0.002915668025415208,0.01403178403187777,0.004767051117871901,0.015664164068756037,0.03989131088449671,-0.005522413257353698,-0.07821096609673672
2019-07-11,-0.0013402808651119535,0.03812414765472938,-0.0073090334607348595,0.003981331299763191,-0.008132486532285377,-0.007426645194752446,0.009510380608134916,0.0007736317066822096,0.0023410970723256597,-0.008479433149487292,0.0015949331789713028,-0.013440531457209914,-0.007704154257454299
2019-07-12,0.026796187851704012,0.007967312124862902,0.00765353860518081,0.0036066562263137314,0.004950130483805104,0.017927068374262944,0.010462418051599087,0.0007732359322663029,0.0044670722615389735,0.006235244213343094,-0.0023932785412448254,0.0011529555485267906,-0.042660493035198144
2019-07-15,0.03377909734780271,-0.0020311160449986154,0.009350940077253345,0.0,0.004955344390456418,-0.004696921021451139,-0.01221660384484391,-0.007110294952520135,0.00033282817420676736,0.0,-0.017728124349273955,0.005742921333577122,0.023136249725854263
2019-07-16,-0.004427953346815894,-0.0011364188126481434,-0.0034658034886518863,-0.013189967557438287,-0.005502488611517364,-0.00034322798171970703,0.01065410639772324,-0.0150319625244828,-0.003230670332259322,-0.00849856515023717,-0.018876268059657697,-0.0029819992016939523,0.014095719035954524
2019-07-17,0.009778567486270706,0.015618048424699271,-0.00563924616342959,-0.005926092206092193,-0.00893076292309214,-0.010058369360725905,-0.009864265268666017,-0.005943897433512646,-0.00682788103195886,0.016331233962022296,-0.026869769235445595,0.010739667751964,0.08279050027079116
2019-07-18,-0.005192847091314956,0.002766078652761683,0.011295645486268935,0.0011003111665557341,-0.007118592136206914,-0.005067264906283064,0.005947628072149769,-0.008515404442810404,0.003653814557591062,0.014019221072833155,-0.016302341046914748,7.593291943486236e-05,-0.03200276993667339
2019-07-19,0.01813544236571607,-0.010277065327034762,-0.015039956940677612,0.001464764643441363,-0.006787722315432454,-0.012126180150499266,-0.009903005971926504,0.0020022340205438915,-0.005570529431583537,-0.014836917525038906,0.009470553292824313,-0.002351204926138273,0.06578497891215385
2019-07-22,-0.009730316261804539,0.016953740825479624,0.022596632158991437,0.013161533373917678,0.010688342420228203,0.019766935110542505,0.006408715224686112,0.0010663420424288361,0.0024534135748233155,-0.0001487748968767022,0.0008565506920668042,0.0018960173991393603,-0.06578497891215385
2019-07-23,0.017408614174214687,0.02501695597923348,0.007787241244662013,0.00619347899902678,0.004452142302822537,0.00019779204802006234,0.018125077883940577,0.0039881651516679995,0.007124838650768517,-0.005668654760058622,0.011068662211752844,-0.005471555300482933,-0.07041929969604421
2019-07-24,0.017941582285307067,0.016934427637661065,-0.0008142050110344634,0.010213648896949756,0.0031636625757265335,0.011301726988365068,0.004030658437049084,-0.0001324398127398041,0.004688282855329184,0.005073447292028632,-0.01880399522275855,0.004334205878791408,-0.04376711292498481
2019-07-25,-0.14634118145360775,-0.029999016111991184,-0.007938499498229667,-0.0037733164978162037,-0.013581296228977635,-0.019488853534520345,-0.009632721141604073,-0.005722326305474645,-0.004788325486191347,-0.007095118991376381,0.0008624604805014258,-0.004791243609622242,0.05402362235279634
2019-07-26,-0.003414618982496176,0.009699937745206944,0.0034718207814510293,0.008169748523939369,-0.015711904843453972,-0.004794658341719327,0.004397704203093156,-0.0016026515510771944,0.00667791524985617,0.0016475793640440273,0.004301016269886659,0.002360623093465186,-0.046594768188735536
2019-07-29,0.03333569012283766,-0.0014285233437936196,0.00929522060599064,-0.002196203248291617,-0.015873748717481817,-0.019258130625007475,-0.003188676362883669,0.007059211930583231,-0.0018231000329116398,0.006637600502191532,0.014486838891831333,0.0003040441092352353,0.053634308691343335
2019-07-30,0.027154782268650646,0.003597060074457481,-0.004301425466224362,-0.004832945078178774,-0.0073052312577504,0.005598338579152262,-0.0022466499890816394,0.00013303071816928025,-0.002457449279478219,0.003339374239096138,0.021758200031587016,0.00243016646101335,0.08297620254973115
2019-07-31,-0.002686774616229126,-0.039113740179931744,0.02019871544909746,-0.029501020779544085,-0.016864897630143538,-0.014363725745098144,0.0035407796084410137,-0.013225817091015113,-0.011000735117711713,-0.013199706898716634,-0.003316749478623038,0.00800863696591847,0.14529841390935694
2019-08-01,-0.03264489345034871,-0.022780258732291392,-0.02187653554706781,0.013050165227949329,-0.006157812746977243,-0.007752838073496804,-0.026733587471048814,-0.02588363067385835,-0.00874635187767403,0.023738202587374246,-0.06254710948290576,0.019665998701399623,0.10306258699448634
2019-08-02,0.0020931996278847897,-0.02287659164341238,-0.021385229024475816,-0.008437541911651358,-0.017442009143555204,-0.019437254145086236,-8.849970754454262e-05,-0.009846809564848957,-0.00755826218803346,-0.0038193529104750823,0.014919023787118846,0.009198757638126942,-0.014656418967105012
2019-08-05,-0.02602499131845537,-0.06669560229698779,-0.05376789607402177,-0.034859215924194054,-0.03239082144570293,-0.03933088406196017,-0.030204545200018806,-0.020700634043596455,-0.030534260592409268,0.013885007839557595,-0.009628053319254981,0.0171404474256569,0.3338729052658964
2019-08-06,0.010586762848221465,0.010292341236640912,0.018753525683795402,0.01858407248972327,0.012778275729818489,0.01518150292913667,0.007818105557488408,0.00962954776563718,0.013925688280784776,0.008095529492026188,-0.020436032379223867,0.007961239134707476,-0.1981435066847177
2019-08-07,0.011504500337383039,0.01005763785878555,0.01030191497143118,0.0043710125280300716,0.0031106185559606203,0.003462734998784356,-0.021972630309909036,-0.006503988699348984,0.0005907947264720548,0.015075486815260497,-0.027299255230182062,0.00035696523363526467,-0.034294853972749006
2019-08-08,0.020691055468529562,0.028001124821936507,0.021816173355477808,0.026335844716895984,0.021780725021870673,0.02669958480396506,0.016797683316243095,0.026317328565135245,0.01942936487409863,0.005022054446004454,0.011009274912558098,0.0021401845147854814,-0.14199634788895787
2019-08-09,-0.013902398156973028,-0.026118461720457065,-0.00827439072994185,-0.008532400177561072,-0.013905054350439983,-0.012222025522073743,-0.0010929892623172677,-0.021506173780340365,-0.006834505648700251,-0.0033216839398715337,0.028778937396714,-0.0019969272593902687,0.06079850869785064
2019-08-12,-0.025862371865183142,-0.017865218639285807,-0.002540484252814501,-0.014040755532943372,-0.012615288866911989,-0.01329015595227645,-0.018950212730101335,-0.00487106970784934,-0.012247613223584253,0.009651773675578568,0.007067160673785544,0.02063499971707916,0.16009533914095586
2019-08-13,0.02581988353425002,0.029921029235215668,0.04147591433213638,0.020482985300268375,0.02184468831819064,0.016479078925907054,0.015298655960393148,0.012275286193559776,0.015431286340286121,-0.005977346952418472,0.0439158159094557,-0.0034335053255620807,-0.18545589008945695
2019-08-14,-0.06768680255284298,-0.03907476457574832,-0.030216960513309132,-0.03057738966221102,-0.034224064905308715,-0.04748832248000845,-0.04240837090774452,-0.041123588299361025,-0.030013290155772587,0.006818296719088401,-0.03689824970851774,0.02227970876205365,0.23223451414847185
2019-08-15,-0.018288353171501903,-0.008700331853659149,-0.004993708749504666,-0.0022416781131271435,0.007436962772529476,0.01589870765789314,0.0038094429368724647,-0.0059303414188609516,0.002638478626080243,0.006632923311853389,-0.007898171734790793,0.011058356732152497,-0.04252027120284296
2019-08-16,0.019744444624819835,0.07001861589780378,0.023320446558922736,0.018161825302331458,0.00921915833759357,0.006060815119951712,0.023671990509522622,0.015492903755896847,0.014647305160242041,-0.006422796323197311,0.004395544401113227,-0.008042192824901484,-0.1369095975470489
2019-08-19,0.030845997748934373,0.06795592592689137,0.018472614233080886,0.01660968631799875,0.013051989159110988,0.013356260728316194,0.008964634618639167,0.016697138052003346,0.011975665870767038,-0.011765243129746139,0.02255084589771439,-0.014406619591171399,-0.09001831758469736
2019-08-20,-0.004285505421123492,-0.017185905943212676,4.758121642511881e-05,-0.008343576810003306,-0.008149314061904,-0.012757570950554076,-0.012778099324664893,-0.006065833296944767,-0.007692379997360277,0.007765153200510078,-0.0025761914651853957,0.010291957794506423,0.03607144147927732
2019-08-21,-0.02252213263296987,0.01981752780747592,0.01077997679546483,0.01108517435571077,0.012226647744316033,-0.0014155028941971182,0.002791633119642256,0.009946301529171642,0.008102755023464248,-0.00316943748851628,-0.0017212102322181622,-0.006687773950349474,-0.10219092882472092
2019-08-22,0.005959674684834937,0.0014591248110600308,-0.0008465709265039756,-0.007303831663875826,-0.010407460954412251,-0.008260759054071976,0.010262127281138511,-0.00215393988861301,-0.0003079388959825735,-0.0025427378094429187,-0.006914455017016152,-0.00666353162134925,0.054200463121762965
2019-08-23,-0.04960079059483924,-0.054157853042332116,-0.04732288502166959,-0.032381008019928714,-0.030973573737140825,-0.02384828956542062,-0.025147926039418067,-0.030353978179173513,-0.026023176862706165,0.01940043582556772,-0.029931826296912156,0.0163011626755738,0.17500068357341902
2019-08-26,0.01688593882877676,0.01835954392859218,0.01882104385930594,0.015325358956693513,0.010942233772082588,0.014576788240112215,0.007985489484805264,0.005319821826270665,0.010997801116735317,0.00013874512727696242,-0.0008939898010407177,-0.004050012753959109,-0.028070285811405693
2019-08-27,-0.004288207091923457,-0.022307484757972285,-0.011348002023790826,0.0021391546351381407,-0.003987853398843555,0.005198385432339414,-0.010629987406908015,-0.009775009993654216,-0.003931555586640378,0.009525229640209965,0.021239715885061017,0.015291471392459677,0.04997253630846554
2019-08-28,0.0070287018559715975,-0.00260159105548019,0.006687943320789813,-0.001327354533150249,0.0013726542299474787,0.002533836990276761,0.009974773153999195,0.007266453369363823,0.007017014853084369,-0.002820513317677076,0.01908126088977813,0.001286272380036202,-0.048420910107001
2019-08-29,0.027991764077430314,0.0352237848803707,0.01679008924911951,0.018708119304415405,0.012476729930589237,0.020744988273794007,0.022406270923776894,0.01102066492113174,0.012692142089753666,-0.007190355573253093,0.011955683757086888,-0.003795916728495108,-0.07900971638161236
2019-08-30,0.017437574343145634,0.0030491528852838456,-0.0012926550820973048,-0.0018835844605700203,-0.005675510968941033,0.0005387724072374311,0.0058425676823645745,0.0007303601809773852,-0.00044428671424423527,-0.0025705723222451127,-0.02754044094016006,0.00027119855083945765,0.05970304625519285
2019-09-03,-0.0026629966937314897,-0.02014037763315124,-0.014670910731779951,-0.013289783024388768,0.0075992870775145605,-0.017823666920653736,-0.011904095883721766,0.001167422653717054,-0.005864442319784224,0.013817145553141508,-0.021164790721391213,0.0012919396523409787,0.03520033789411414
2019-09-04,-0.019431161296016075,0.027575252558575514,0.016824408491405762,0.011619798617656052,0.006004836143354453,0.02570990366327308,0.011995068577903112,0.010591201544074114,0.011286589510121736,0.0062241824051145755,0.04274525697335818,0.0014934784220077546,-0.1261470076325888
2019-09-05,0.03953785869897741,0.06303365508689796,0.019363251081784938,0.01743069608991732,0.022025802871528555,0.019892464253934428,0.02249893986585416,0.014044614759337382,0.012773380661136535,-0.024293839589282662,-0.0008543553656821246,-0.01827686326650113,-0.06311614995870451
2019-09-06,-0.00932113182298977,-0.006082879156406484,-9.423421096954598e-05,-0.00680613638491856,-0.003924682004765145,-0.01802411169208007,0.00213378728246294,0.009348338132119771,0.0007720078627926341,-0.008559662387184197,0.005965134663010296,0.007089997577603313,-0.08127274826417974
2019-09-09,0.01890141818145974,0.010301958785423615,0.0042579587415065845,-0.011423850757942056,-0.0011787814401715835,0.006750841445819944,0.024473894177027944,0.007864169396030185,0.0005030442103022281,-0.0037414803722946033,0.025997226026349907,-0.017924637352734862,0.01783994810630496
2019-09-10,0.016048960489895236,0.01473892988447223,0.011743854805628562,-0.01052634942300923,-0.005914756798134135,-0.013816079629809686,0.012657818051891923,0.008080378299025082,-0.00023476782324038936,-0.0085947664634487,-0.008312631714299634,-0.017683327357689294,-0.004594733904630832
2019-09-11,0.047912327846942215,0.006258178590057728,0.031300046696126405,0.0002937146630790366,0.001339375113093233,0.012384723703092071,0.002734235105397609,-0.0019444069619383164,0.007085589359684619,0.006045366225015947,-0.025360550948501093,-0.0017784905682312058,-0.039589213040438054
2019-09-12,-0.004990216704222394,-0.0003257001788374847,-0.0022387520147004736,0.010232634759930193,0.011215049350112416,-0.005426138116594537,0.006125201722708695,0.0006949061904850673,0.0034579819718274507,0.002054249269613173,-0.018143049106236653,-0.0065723174069978185,-0.02705675910995442
2019-09-13,-0.0027287139968135143,-0.012725202736687535,-0.01964571580784602,-0.0014554099480159621,-0.0022861946565067015,-0.0014946608723889199,0.01948485801808353,0.009127263377953554,-0.0006636756245752551,-0.008313640257218147,-0.0026190051500378786,-0.021590397913916703,-0.03433817301735509
2019-09-16,-0.009795012235959799,-0.009553704000892393,0.005243645690924836,-0.007235923727640703,-0.017274099241808116,-0.00519532910665621,-0.008939181231783166,0.014894020323926505,-0.003094131796594013,0.008313640257218147,0.11467022340914834,0.0126626436684667,0.06549332721943157
2019-09-17,0.008121454351539992,0.004760697493759958,0.0036312035752756877,0.007745463878394254,0.00810390258526894,0.009938729043905248,-0.004963787624252092,-0.007623910264342726,0.00252908815181474,0.00197935004540728,-0.04300025220697812,0.005409318005210828,-0.015802492950216518
2019-09-18,-0.005324674641613569,-0.006038064211741245,0.009335578804456013,0.008191080954958352,-0.002796712137682178,0.0003188043619726244,0.009986363672473075,-0.0047951178866370014,0.0005980470562567675,-0.006305141849163753,-0.015580436344921011,0.0042349973043211975,-0.03452260981072719
2019-09-19,0.012691671904217827,-0.01703486694677192,-0.008158084074310068,0.018241606131933708,0.002220369938279454,0.010574276533378502,-0.0031781475431982287,-0.0067514579446767975,-6.645696055418426e-05,0.004042645700960357,0.007410424941033611,0.0030030033576098347,0.0071429147605655
2019-09-20,-0.024548765463603406,-0.024312842549774283,-0.0147260667957263,-0.011622053459849013,-0.01512335608127291,-0.0011050795778642097,-0.004029067098837658,-0.0034623605108143884,-0.00473619802994385,0.011751169204553769,0.0008200270350533501,0.013124624770172844,0.08653673503716508
2019-09-23,0.002532023019229168,0.012373049859154328,0.004536665691274422,-0.002154156390949069,-0.004950486377769181,-0.016509692070829196,-0.0001682886580196552,0.0006933171249148273,-0.00023430279936587084,0.005580782257567307,0.0008193551416475486,-0.00021160065856573596,-0.027127025849637665
2019-09-24,-0.07763784395676021,-0.013299886137729366,-0.004766247908111421,-0.01272933700688661,-0.024776514664445415,-0.0301029617426245,-0.013123869253110598,-0.013820421819748852,-0.007877910206639527,0.005272991620432599,-0.025716923185649776,0.011981769529858965,0.13411804043962539
2019-09-25,0.024298080060292104,0.032504076537775095,0.015272466012995256,0.014309970169530395,0.015225609437951704,0.008349897971800857,0.005694031419168688,0.0029473750765438567,0.005897399687244231,-0.018719501081169376,-0.008438820425613613,-0.014734683297209727,-0.06606456457051868
2019-09-26,0.05883804628486944,-0.005006453011234813,-0.005171104495746981,0.0012906614688512619,-0.01624243848309881,-0.014825206846526662,-0.008254257151032895,-0.0053398527401640195,-0.0020859355435280946,-0.00028212781803826914,0.0,0.0064118907629717725,0.006868566347193461
2019-09-27,-0.0017743788664326132,-0.0319703706884249,-0.004878111802405716,-0.013056397776774809,-0.008305242373712218,-0.016853046459490706,0.005878718557029039,0.007160329313212976,-0.005401536927634787,-0.005161727926225268,-0.01193537979968351,0.002455025108038633,0.06911729836568226
2019-09-30,-0.005217380269892491,0.013359109926225576,0.023262861578935645,0.009394722434000968,0.006043915850105108,0.005518412776714499,-0.00025497431688314975,-0.012245830195481755,0.004627526766345369,-0.015647105922202975,-0.02782785608057825,0.0024494688447180835,-0.058594138484877156
2019-10-01,0.015734771560612426,-0.00040226719521863075,0.002764256153314104,-0.014197882922075244,-0.00014979419150051854,-0.012829135357223187,-0.018350720026298895,-0.023790271097584803,-0.011966205069596114,0.005457893373497669,-0.013315826930753616,0.003005593038815313,0.13353137794357517
2019-10-02,-0.006395828716893703,-0.00553275321119151,-0.025387172477005837,-0.01781304495173508,-0.013001530778685932,-0.006906024584518278,-0.020105402654177595,-0.02645251266618409,-0.017822507444885893,0.011606023170116941,-0.018945090433871492,0.0024405015255553053,0.10233871602800093
2019-10-03,-0.04242918829553233,0.04668600617783647,0.008458662656431137,0.012032538523267355,0.006510303551594099,0.02700871975662178,-0.0014252614883378811,0.012284555963971489,0.008158873298717673,0.004520416059329513,-0.004564064281324498,0.009080574647497563,-0.07261246309518432
2019-10-04,-0.006889680536428244,0.0036334805748972077,0.02764608365994148,0.013411022543236228,0.008793152669587911,0.00594709223342349,0.021428232571454764,0.014458231269354194,0.013441667019000292,0.0,0.010013707284229234,0.007355570677778367,-0.11517137638691555
2019-10-07,0.026816005504508134,0.012885690298855446,0.00022035745370940774,-0.007265682998242262,-0.004026085267120116,-0.004276203372371334,-0.002183266212923307,-0.013870246307383205,-0.004323855159719336,-0.008563635410989257,0.0,-0.008322183111478587,0.04700003449327328
2019-10-08,0.009753676748550433,-0.039279766689903406,-0.011784325101125148,-0.010631115609485597,-0.015793681068499765,-0.01079930073806512,-0.022548368317567125,-0.019596467400761597,-0.015646596123628065,0.008704599917037648,-0.013680068922315769,0.0026897261267331274,0.1270716029586696
2019-10-09,0.018490843294478587,0.019445771802354184,0.011651934511747175,0.01876596855011048,0.009616472379736507,0.011745139593157816,0.007217790835657212,0.011033364380774735,0.009451750259527714,0.0009156241246355279,0.009140779117864817,-0.005664490291024116,-0.08432543606797971
2019-10-10,0.0008584180398210073,0.01275640913504672,0.013388534324526802,0.0062018208953134035,-0.0010051806922213302,0.0010001804101085199,0.013930506410869903,0.011939103759587955,0.0067406681509876165,-0.008767683192965947,0.018034737235417708,-0.015006323244700859,-0.059116891683395956
2019-10-11,0.01278862143635262,0.01604313151729375,0.026250818406951204,0.004160439493143819,0.00675517958118288,0.022844542321735162,0.016757678715367597,0.010639126422645084,0.010313848969133232,-0.005554769940673054,0.0203457260840203,-0.012453710567768894,-0.12020484928417963
2019-10-14,0.0359353915595535,0.0028987054046132332,-0.0014407134860521253,-0.0009308883416032643,0.0026006849008286537,-0.004952911899729351,0.0026657432108123658,0.0028950860407173096,-0.0011146093244303046,0.003991150393420462,-0.021239715885061017,0.007236212705668876,-0.06702343628406249
2019-10-15,0.0036127226196520645,0.051408729472146586,-0.002334244724642609,0.014371416786808311,0.017666948926294168,0.030149840911843917,0.029696217514191936,0.0034635226344699177,0.009851291127680462,-0.006995001671277201,-0.010791460989318935,-0.012161642979906517,-0.07331633459484888
2019-10-16,0.007186524142577255,-0.01106056434456959,-0.004045328723129238,-0.008227518784304166,0.005670218199067989,0.0034879880409679487,-0.0023370074415360875,-0.017290769287882313,-0.00160685659620885,0.005713914835704159,0.007207231283841153,0.0012157244581247895,0.010286669835799955
2019-10-17,0.008510294825121445,0.00041198960479493785,0.003875248380181162,-0.005141001700337711,0.005638333382187888,0.004421756220081896,0.0055828280220646676,-0.0013200210026615977,0.0029440653750887336,0.0014233647353725232,0.012488957079090035,-0.0024329953796762283,0.008008754536357632
2019-10-18,-0.01934851175936325,-0.019752308799996454,0.004791335025323917,-0.01645646439103121,-0.016908737986875977,-0.02413475450663327,0.00174324993538022,-0.007808652534609273,-0.004386270901583167,-0.0010673064134527621,-0.0053332985032374935,0.0,0.03281321767572676
2019-10-21,-0.013517663987147266,0.028565702328983367,0.01719414359008553,0.007395385808998789,0.015889987789337034,0.020820129730323877,0.024498506941383447,0.016575480444029456,0.006756383277628508,-0.004781550075213303,-0.0008916834068992685,-0.007551416983646142,-0.017699577099401065
2019-10-22,0.008171731125572013,-0.0020427536260083645,-0.0022895566854375105,-0.014992901945726445,-0.011223871111253558,-0.03988687419751269,0.009986205856733044,0.0050785571949121255,-0.003272225519872052,0.0029287043785162226,0.011530071268318842,0.005830237146086326,0.032328889753463486
2019-10-23,-0.003527697705131061,-0.002661922003605488,0.01332969124903105,0.0063593023323003095,-0.002018214434825083,0.02067959431736366,0.0026410845882249845,0.00950769011883601,0.0029053087956993906,0.0023510275929137237,0.026969835512198337,0.0010043315140597642,-0.03161484268277315
2019-10-24,0.16270738674075824,0.009032245404729355,0.0016436205709648988,0.019482892977341848,0.010505509905438082,0.0012349599311001214,-0.0007193122126478713,-0.00950769011883601,0.0016325366550713483,0.007090719694469172,0.006843476372821122,-0.002009405282798582,-0.021645880329306255
2019-10-25,0.09069467139827259,0.038270446612294506,0.012240793145351425,0.005629169109811372,-0.010982306485900928,0.008068928045100954,0.00796591172176786,0.0023134283987511495,0.004086619910318667,0.0023289599557347884,0.008489047900755331,-0.004896716576626936,-0.08046831133882337
2019-10-28,-0.0012807947563149291,0.010940170348321399,0.009967459596193606,0.024288734255091704,0.008902345419024016,0.008004503786573025,0.0038014284451124425,-0.008847708790428843,0.005620855504262501,-0.008637230479381586,-0.015332524273576453,-0.009138007829852413,0.0357180865699358
2019-10-29,-0.03569093158335379,-0.01889175560173606,-0.023399753580474858,-0.00947683217275408,-0.00811915057114554,-0.00047538760470189345,-0.0006324724370454504,-0.0029180458611621773,-0.0002967768118722347,-0.002776885194245793,-0.006026681711101212,0.000655597806379582,0.006841543554959362
2019-10-30,-0.0038337382146185206,0.0003941199847004029,-0.00012323167541161695,0.012385478986863596,0.009755331152434543,-0.0056148184724928996,-0.005552371485292085,-0.010575792351577906,0.003062380976563972,0.005475210184932244,-0.009544511134517819,0.014527995663894622,-0.06818150415412916
2019-10-31,-0.0002857707358785433,-0.009801728267815113,0.02235779688903161,-0.008612024574640387,-0.0018725073161203198,0.017899868017908993,-0.006463179056706458,-0.0022177766425119927,-0.0026666611576686705,0.00994884493546877,-0.01493221182442106,0.013400091054601937,0.06969554363380581
2019-11-01,-0.005125560958197717,0.007780207611443268,0.02798559796780964,0.002438516319540618,0.008284550823414172,0.010226680744152006,0.022793285408382324,0.02960057274571737,0.009221265788609934,0.0009123470738270356,0.033930996991134776,-0.0030830139202153717,-0.07213157673712
2019-11-04,0.013190251778298911,0.03830108602372362,0.006545500626366163,0.005758552918459614,0.007352477288485204,0.005665150044150025,0.007949651643366806,0.029307686427558544,0.004009750328227923,-0.0028801514371741277,0.01021292615127578,-0.013249027836868876,0.04218689479574689
2019-11-05,-0.0007877741614317202,-0.004236687681462126,-0.0014379166822049427,-0.0006229802801476225,-0.0016359842592486018,-0.0020564079422129566,0.002171089214037636,0.019619384409105045,-0.0011066982432161865,-0.01631233186859138,0.010109595950462236,-0.011309999564153017,0.02082608664591401
2019-11-06,0.02907933885164926,-0.009491529555762268,0.0004277197813760125,-0.002772806908619252,-0.00330236686478802,-0.01435729933163632,0.0015480182264555609,-0.022134067531104584,0.00022768233832426432,0.00428106853055521,-0.010109595950462236,0.006033379071181066,-0.037329411282083225
2019-11-07,0.027066259147669136,0.0034137605807531557,0.011475300604547378,0.001387364511270306,-0.00422430792879247,-0.00591695335798903,0.005399129534852776,0.021038827166206087,0.0035106728917595476,-0.015643205521890913,0.005909657827675829,-0.01828492405300519,0.008678528565025712
2019-11-08,0.004757095497985198,-0.002691031954953127,0.002733080506169827,0.01171574818683041,-0.001298291684538988,0.002203423075505029,0.0029187020859913204,-0.019173406769974477,0.0024631505043437585,-0.006384733806550358,0.009216626382455573,-0.004216319600635288,-0.05323836678426064
2019-11-11,0.02330700824227261,0.0019230360702080507,0.007887606885670806,0.0010267198138427247,-0.007999998745449766,-0.006466003744827198,-0.003534400633475876,-0.0060944094817321215,-0.0019117675965381054,-0.0024048241483871635,-0.008375210372422615,0.0006668850852822317,0.05009123883396027
2019-11-12,0.013927860226281119,0.006845764859754189,-0.0009159421739566298,0.006549047194369884,0.003577876408003,0.02530863039714859,-0.005866777938465795,-0.013886114898303159,0.0021055962032203723,0.0026958749275864946,-0.0016835405972184248,0.004582485944228942,-0.0007882755830035393
2019-11-13,-0.010976517536210206,-0.004974001873630618,0.009536186117188095,0.0016302797385865375,-0.014097774253444051,-0.006603761023449728,-0.005278841887834673,-0.008250816311856646,0.00032387126928234977,0.003994072881030597,0.007553552731644153,0.006467422087777841,0.02492338438496633
2019-11-14,0.009317706491661859,0.005832292841718711,-0.006943504062947525,0.005078777978864579,0.0008495689742593626,-0.00020718145169063007,0.0009336793940475374,-0.0043701828487177075,0.0014549828378402907,0.004194711040663712,-0.00418938115656875,0.01027689279143651,0.0038387909228640993
2019-11-15,0.008039716546772713,-0.027056065703990884,0.011809259350960666,0.012817570294222591,-0.00864895268768251,0.010045180472294746,0.007205639015908538,0.010022603739226366,0.007209877168740775,-0.0025291110010527973,0.014172815635482117,-0.0010883860146932989,-0.07972347261911761
2019-11-18,-0.006209469761818021,0.03885490906234401,0.005029370132596078,0.002464065183172437,0.007468496023879112,0.0117199067084508,0.00838001494958096,-0.009730921729599107,0.0007376000632994817,0.002962025072170249,-0.015012818129741312,0.0018129376690438903,0.03345884065557847
2019-11-19,0.026865254532771665,-0.02041591484177996,-0.0030370937398043196,0.0003325282274335706,0.00014835150942182906,0.009679464722839981,-0.0003066202952544117,-0.010268194589301505,-0.0002883737412666676,0.0005049030061829995,-0.02812285323209096,0.008298667619563993,0.03159817569166323
2019-11-20,-0.020513868869493912,0.015220605316394797,-0.011709902841194442,-0.0017364619731239372,-0.0041506450203385725,-0.009122391740995717,-0.007301584987359888,0.003091521743315173,-0.003726023821126745,0.0005045382424526679,0.02812285323209096,0.010294168114396207,-0.006240264057409295
2019-11-21,0.007382812315650522,-0.0047463049409393054,-0.004493502560959151,-0.0009360441444501433,-0.006217986458149305,0.002124254952895477,0.0023115099368808956,0.023821261510037495,-0.0016102822285475327,-0.00549209735682421,0.024897568044002227,-0.006278101536760339,0.02701826897557691
2019-11-22,-0.06337614052816809,0.0033720476130483235,-0.0008781838658737939,0.0007355678345106753,0.0063269013235451865,0.004486514329297364,0.006597003666700019,-0.004315271513104069,0.0022216660318301606,-0.001885795159979331,-0.0074044068905569915,0.0012872544038815548,-0.0620536661881439
2019-11-25,0.009859919333317091,0.04777605911060623,0.017382288884581598,0.010903223455416722,0.01597958963514401,0.004866880423989528,0.0053381333351474325,-0.006653268186426864,0.007720173475997072,-0.004803179633254828,0.0,0.0029267140970903327,-0.03883183186216144
2019-11-26,-0.022308010738022688,-0.019215019956369206,-0.007839696664838414,0.005276816093976677,0.012938516318667936,-0.004112700153715565,0.0013680575185670563,-0.00247025136016088,0.0022631297105899506,0.004803179633254828,0.0065843798555036415,0.005827790068251737,-0.028194941206063806
2019-11-27,0.007179607623328366,0.006435453472944497,0.013342512031339737,0.0019053504492392292,0.011932253434933315,0.015113600676126993,0.002957235681216197,-0.0005821016366911458,0.004447606475610932,-0.005314014225370478,-0.004110095158507576,-0.0029099467510018684,0.018033982815844674
2019-11-29,-0.004083311834466752,-0.0068968880577831015,-0.002205222428204756,-0.00619040694227202,-0.009786452277548818,-0.001783876450621058,-0.002274393179219736,-0.00833147167368642,-0.0037157035451969023,0.006184806112979224,-0.043778072336495555,-0.002134618258675225,0.07142960745468052
2019-12-02,0.014831577778426475,-0.03516884793381991,-0.01162951972390669,-0.012162311357664102,-0.010719163262200126,-0.009667606629014891,-0.0022030451543981755,0.004247618222303018,-0.008530960237044027,-0.0005079436043828878,0.004293711260928035,-0.01342224871733233,0.1667492704978688
2019-12-03,0.003963835230194501,-0.007627492783782941,-0.01799068660560188,-0.0016057966377251987,-0.006554897641658286,-0.004416297866765007,-0.012938184477699899,-0.007923876996648982,-0.006728709352886497,0.009534253178573593,0.007682509097143964,0.020750319606985812,0.0680534758691067
2019-12-04,-0.009473685044135927,0.00843973027043976,0.008787531278201755,0.003609934764375211,-0.005251180813048428,-0.0005535563580858494,0.01953377881783247,0.011279905614229868,0.006151067010598865,-0.001366776763793709,0.03591194713693113,-0.010034860491360043,-0.07545840075426424
2019-12-05,-0.008019273672589033,-0.0032519968981203906,0.014563910442942252,0.0005335151331342658,-0.011544817962785281,0.0032657159125797364,0.005425850654604325,-0.003502221433621777,0.0017964102214413913,0.0005757184354600042,0.0,-0.004876494601524506,-0.01910015273448673
2019-12-06,0.01657048747917278,0.016297925656445056,0.01913253282298122,0.012066148870645499,0.00636871575362985,0.008441574920497352,0.014770933189174329,0.01595149424042175,0.009092435429161938,-0.009977704836757084,0.010608024264459281,-0.005549785005130481,-0.0639877486041236
2019-12-09,0.01077847948468369,0.0,-0.014098869072423525,-0.0025732988578255345,-0.001193905098806347,0.0014413117534681774,-0.004676230960610539,0.002155948393642859,-0.00314907497981487,-0.0002906488870486612,0.000811377653973544,0.002165816966264167,0.15226090224066802
2019-12-10,0.02705113248298341,0.008494889440050057,0.0058269071033993924,-0.0015206745468550054,-0.005904754434732595,-0.002337105089252667,0.0006693345002943829,-0.008650935739310306,-0.0011159247354983748,0.00283069966065419,0.004854412362131022,7.177427241877865e-05,-0.011414160174614718
2019-12-11,0.011004409475391164,0.015580152224301091,0.008493813217970825,0.0037640538649243993,0.00545304021611237,0.006896062394990743,-0.002382362923094128,-0.0014487316178648513,0.002834724214074491,0.006861935627691551,-0.007290445465445217,0.007830635729878743,-0.04500273753946482
2019-12-12,0.019596936062676207,0.03049566367012435,0.002544373796331101,0.010100755371052372,0.0066172609838295315,-0.02762004043755173,0.028216828073184708,0.01981400707211689,0.008582530967362167,-0.0035334849047758965,0.005674899267636313,-0.016594977648692222,-0.07262092161478906
2019-12-13,-0.003592907084336794,-0.0003570466577180742,0.013502447775702642,0.00838286541797384,0.0003464055904993657,-0.013508963326708923,-0.008805852805464198,-0.015906529952604664,0.0005987019112723146,0.004468872836715931,0.00965412865937143,0.011501495398090533,-0.0986874298073106
2019-12-16,0.06248899060660218,0.005165166614015559,0.016972685613144023,0.006450352537086701,0.004685424827783002,0.019437857110229828,0.003866916863842995,0.011060937177041374,0.006846531943737411,-7.198939739794241e-05,0.007974554363745945,-0.009030954874090114,-0.03956913151179364
2019-12-17,-0.006600966624869642,0.013850102432279687,0.0019633987819114296,-0.005415374999283351,0.012051086000576916,0.0023720537090881066,0.006097354368064245,-0.004581994794755406,0.00021932338035668408,-0.00021577975709607955,0.010272718728781882,-0.001379482906016527,0.01228010656239542
2019-12-18,0.03668133440464594,0.0053298415033964375,-0.0023922812360863688,-0.002070922795589958,-0.00370938546190569,0.02050507831781978,-0.001013559250145235,0.0027232324047576917,6.221885383794756e-05,7.200493236858563e-05,0.0015710532736035177,-0.008246621088376038,0.02332232473355278
2019-12-19,0.027322730044005983,0.025594466101633406,0.0010000249283255158,0.00864297412954329,0.004613685162964565,0.017427486882672483,-0.005011070770087223,-0.006893808996465189,0.004090359940862598,0.002586212637701202,0.0031347958767051765,0.0015989589056655262,-0.006379600899337312
2019-12-20,0.0038288839658320306,0.016469475854949955,-0.002072809758510097,0.010858577962841842,-0.003230170321979031,0.0011640523591038843,-0.0008014563365996707,0.00789512720586849,0.00437500200914176,0.0010039397404915107,-0.011806482631676829,0.0013179340317881483,0.000799698466474208
2019-12-23,0.03305304263759945,-0.0023004515334466014,0.016186363186275976,0.0,0.003631847326723836,-0.0005820807734044919,-0.00029162824545370114,0.004991824484043672,0.0015265314549113285,0.003077203372165549,0.005527033022613814,-0.0014644407211932275,0.007961779975868666
2019-12-24,0.014281404577190848,-0.0008376881888196852,0.0009501515694703144,-0.00019034890108393654,-0.0021160006552625177,-0.005154293315269065,0.0027661446664053457,-0.003848582973107195,3.137193266056215e-05,0.009387789011396919,0.005496727445197358,0.0028538618836639884,0.004746877604070665
2019-12-26,0.013291643487755245,0.002385784387809453,0.01964625458797098,0.00816314219342118,0.0435062435736846,0.012932789445653903,0.010556051737830252,0.0015695164711484466,0.005308917886908127,0.007826590803155398,0.009353137694660063,0.0024084558580801385,-0.0015798153368500323
2019-12-27,-0.0013003685301451462,-0.00974655541604097,-0.00037968641025809546,0.0018259933039130871,0.000550995863431325,0.00149075655453057,0.0007189074806870366,-0.003428039568297514,-0.00024770357194636716,-0.00035125602256869115,0.001550349453284916,0.001093831136860679,0.05983384824076543
2019-12-30,-0.0371131230011561,-0.019396073464390318,0.00591790288886429,-0.008656019403379567,-0.012328332134618591,-0.017890900986179403,-0.0036720279365676234,-0.005883438204660862,-0.005528559942650446,0.0021055808220618033,-0.001550349453284916,-0.0036480591460179568,0.0984865660171983
2019-12-31,0.008715179630272019,0.012745685495163972,0.007279829907228752,0.0006980338451478829,0.0005142525969059619,0.004100815985448314,0.005539021102784147,0.0043080886671269525,0.0024265050405389843,0.0018911434545749728,-0.0062256949203041145,-0.009842663142322294,-0.07275935306826842
2020-01-02,0.028119101336081087,0.019402574666216754,0.02255962937067757,0.01834652382397106,0.0267885709779625,0.021830784901215594,0.012050546149500185,0.015923223358758065,0.009308362240355805,0.007320953634035732,0.0,0.011230223451858201,-0.09989246510187222
2020-01-03,0.02920267893223416,-0.016135473495545893,-0.009769383158641176,-0.012529653160403775,-0.012213314472679038,-0.005305327389153014,-0.013284459736426335,-0.008071757313178107,-0.007601082890192679,0.01318126588252877,0.028474403563214956,0.01528307417659569,0.11715913315156268
2020-01-06,0.01907161217475517,0.0041850045767908295,0.007936663262755772,0.0025813343048497472,0.014775871094841797,0.018658451361240225,-0.0007953662400339567,0.007648605300026645,0.0038077117613637412,0.010434868967012179,-0.00151863792647422,-0.00569464514085638,-0.012199654080917277
2020-01-07,0.03806670586808636,0.012034018625222354,-0.004714069392576903,-0.009159441226586296,0.0020894360230743203,0.0021612685275229637,-0.017146831345998592,-0.00821761573781643,-0.002815676195067951,0.003927428056507587,-0.002282217271654119,-0.004928490041955058,-0.004341571137354894
2020-01-08,0.04803256849306692,0.0018737560421815402,0.01595817341221384,0.01580290705828169,-0.007839287338238243,0.01008691057081812,0.0077708723137144275,-0.015195317480490633,0.00531547279671063,-0.0075298025846350924,-0.03645229236741798,-0.006632222606641314,-0.02496459717211552
2020-01-09,-0.022189385476863333,0.010922609405101813,0.021018455597808128,0.012415312339840945,0.004787695460031216,0.014209733571271421,0.0036447491096112117,0.007626520671740522,0.00675781262211661,-0.00566768448635635,-0.013519098850995448,0.003503829613820564,-0.07005555970406574
2020-01-10,-0.006649355680979685,0.005335122363625322,0.0022582696575197403,-0.004637897732883367,-0.009455156242405671,-0.0011001700397414993,-0.010018164812040986,-0.00892746505867148,-0.0028822010391902353,0.006008107616787939,-0.006425718891322596,0.00885136061122882,0.001593662286273556
2020-01-13,0.09320702322102248,0.030870833449354373,0.021139461221386213,0.011952907479588326,0.004313262739376711,0.01750169713003924,0.00826998861484185,0.009500724138530536,0.0068537635834466926,-0.007447144703816022,-0.017066650815750428,-0.003038654923440909,-0.019293261114412985
2020-01-14,0.024578286172624697,-0.01882829167495692,-0.013595493071536069,-0.007068360581883759,-0.011625527046359885,-0.012926321668951246,0.011594491319885769,-0.008633067616536039,-0.0015254456094204727,-0.00089194118264313,0.006535964868772837,0.005130997491265887,0.005665790016104122
2020-01-15,-0.03676981311758132,-0.006939350168476244,-0.004294550127858621,0.006455523692174836,-0.003977024437110899,0.009495547012638994,-0.015099043570348414,-0.0015912175319408028,0.002257254076858395,0.005817289492434874,-0.0081766136367456,0.006609814010468895,0.002418359297446493
2020-01-16,-0.009709462276707548,0.013589637836587176,0.012448521575871396,0.018157524795975988,0.0085135675490422,0.002799701007046629,0.0038689471451123225,-0.00391533713886183,0.008283898575808024,-0.0015707412123404652,0.008990633136806814,-0.0031553572619698045,-0.008084149313550615
2020-01-17,-0.00583991330438316,0.0014052441574199381,0.011010247890895997,0.0055810868697570015,-0.007064556764163399,0.0016669192588478765,0.006897999128632648,-0.0037852800944593312,0.003107930182032703,0.0018437252860081799,0.003249390514545425,-0.008585454239764978,-0.018018449205493337
2020-01-21,0.06942373110021949,-0.005390138201115446,-0.0068003364674122935,-0.003597359070462325,0.014523546068979876,-0.0031560822615235296,-0.009889672685724271,-0.014396906200958348,-0.001960183553814332,0.0010909837309727166,-0.007326052603901623,0.010451075030830204,0.06013835689846969
2020-01-22,0.040049835144913004,0.008714149309113406,0.0035633606900509207,-0.004816048675156281,-0.0024024329949909884,-0.0005421336606596938,-0.001170001970923984,-0.005787775277352747,0.00012055270550082042,0.00034059751071335853,-0.02817089032348008,0.003507086839056761,0.004658352011606137
2020-01-23,0.004624413044606701,0.010934989326456312,0.004804158465113062,0.0061367060488306535,-0.0015270766138826275,-0.007073563862146415,-0.0010245270444446675,-0.006270521974521603,0.001146191769938909,0.0022455988755121226,-0.020374200225297123,0.00697755469554906,0.005407482969901789
2020-01-24,-0.012981499419033593,-0.009456876175328865,-0.00288589504041159,-0.01012780457204343,-0.012247117354347914,-0.008316160941518547,-0.025141289775267417,-0.006762497186957539,-0.008932662902166655,0.005828553518776758,-0.019922663329643875,0.008056250262456821,0.11486839557927153
2020-01-27,-0.012112331857897729,-0.0419070427253998,-0.029846216684719096,-0.016865012350756103,-0.018049378179086695,-0.014186666069084808,-0.008447091939006945,-0.024112430270888385,-0.016159316548426617,0.0068021258430706055,-0.02929636182133244,0.015434799422997969,0.22479049199174428
2020-01-28,0.015788092787861085,0.03183600498464445,0.027896442947816347,0.01940664465988373,0.013532388730052247,0.013498083282404316,0.018014147280019266,-0.0013909965687428638,0.010424733520684626,-0.008966868036617726,0.013422985965498846,-0.007862572507170817,-0.11313116082847641
2020-01-29,0.02455066473079137,-0.00984814371864906,0.020716181704524494,0.015472160935246393,0.0025598187289759267,0.024671312671197043,-0.0014887899990254638,-0.008387734758599663,-0.0008264567435682935,0.005403248480831735,-0.008032185370014489,0.009732009667200003,0.0067339527648364594
2020-01-30,0.09799952270077927,0.0010990398640717824,-0.0014497396878834223,0.027817274901827282,0.0068013077713171555,-0.0633356797114164,0.012290824313437199,0.010551048649635408,0.003240026355801895,6.7318940979888e-05,-0.007194268847012353,0.00013815999160282644,-0.05647671586379799
2020-01-31,0.015115867923964021,-0.03890663908496661,-0.045351847037394144,-0.014868666607221748,0.07119570893188065,-0.03704478961299884,-0.026319952861340035,-0.04208352656433556,-0.018324988394826214,0.005775708477189667,-0.021898664345528118,0.009088734673327714,0.19578763759468787
2020-02-03,0.1814450008676589,0.0163608735752665,-0.0027503231033128017,0.024086576540353732,-0.002252704013802287,0.011228852980018189,0.007601375438407665,-0.02263006503192022,0.007401226330375543,-0.00651687759559838,-0.03282060949871912,-0.0008106247069790129,-0.04727861466255234
2020-02-04,0.12861869702853346,0.02790114191259052,0.03248034353141982,0.03238636353309321,0.022433811849721152,0.027246787554936702,0.014293437517006957,-0.012593331675574415,0.0151263693275272,-0.01309430818678159,-0.004777858327833506,-0.013558459927187627,-0.11299486054395436
2020-02-05,-0.18845037343186988,0.01458207288367519,0.0081214910123526,-0.001222167737947366,-0.004792703414039146,0.0013334257541917083,0.016857873131778334,0.04499530630936688,0.011481782849600997,0.0012285555646718294,0.024599181380851043,-0.010995257884812482,-0.05770829526499721
2020-02-06,0.019223358515689792,0.01382188709231258,0.01162907876503283,0.020521723346651477,0.005065879625856695,0.0035158158361676684,0.0001453079575277627,-0.013642665890378325,0.00335883887388988,0.005373934234125244,0.00373134412738807,0.004496769326960859,-0.012620531679595537
2020-02-07,-0.0011890304222132997,-0.010517614229550665,-0.01368588932963899,0.0014149923534052533,0.014069692433392511,0.006994837174684854,-0.003202786984410899,-0.006647799576308344,-0.005343389315290992,0.0026423634506587135,-0.015009648550555532,0.012401570522806438,0.033522706749785414
2020-02-10,0.03055490434558017,0.04423934269421781,0.004738046849791289,0.025820588775503417,0.025934357987387635,0.0034319440237782217,0.0041471037044962245,-0.010617271009238038,0.00743752417186716,0.0025679490647929626,-0.015238375571908769,0.0027652070914685467,-0.02818936586072196
2020-02-11,0.00401120528575083,0.018536581583982636,-0.006051451656403195,-0.022834145883551038,0.007883866478429091,-0.02793753435865387,0.0018858309648326355,0.009461428996168308,0.001731416285031706,-0.00344789243087007,0.007648213516381119,-0.0050531506310482754,0.009265476085964064
2020-02-12,-0.00919782856707796,0.01720879573618106,0.023470102737404908,0.0014627922923189374,0.0042683472293223446,0.017083737615536165,0.0,0.012151303696381621,0.006421964758617449,-0.0008130784812250269,0.029096413305095048,-0.0050788147016502805,-0.09966752193515349
2020-02-13,0.0467343882730451,-0.006478608554514764,-0.00714639696388808,-0.005428659020284776,-0.0047008487720834324,0.011229334470201024,-0.0008699618740140025,-0.005564686488424897,-0.0010674178785610167,0.005677303718111482,0.0027713396193016493,0.003828822482941696,0.029403326994118295
2020-02-14,-0.004949986662921457,0.06784987168644085,0.00024629018243782497,0.008887511202542164,-0.007001620314182944,0.0048674033524003235,-0.0030507744905348133,-0.004605931625422333,0.0016007990241657666,0.004169722276595955,0.010096428755926645,0.004368153955134346,-0.03377966262767984
2020-02-18,0.0704209168261074,0.023126665107445987,-0.018480182179328786,0.010091986890911286,0.009695833726419245,0.016760562043549143,-0.013328619690340382,-0.012777308321505032,-0.0025803667640413863,0.01273735095184314,0.0,0.006825159765386779,0.08071721650269748
2020-02-19,0.06649517653196213,0.05933681559761417,0.014378733849444103,0.0029946217195426783,0.006726973190216867,-0.001424387116182757,0.013546845794103923,0.0076527769272458634,0.004769633105214055,0.005814285510176376,0.0207870561797332,-6.866692817020237e-05,-0.030813790754032677
2020-02-20,-0.019826354777620736,-0.019250217432033256,-0.010311939655866631,-0.015389230752500538,-0.007919906743473426,-0.013470271198070094,0.0,-0.007986622752203854,-0.004116017652327386,0.004076339518292116,0.008904727373612253,0.0078026067318859305,0.07886518546665933
2020-02-21,0.0017662480443414452,-0.048552097656082926,-0.02289503487024902,-0.03212308744466075,-0.026892198821300006,-0.020718381345097292,-0.012294197471876878,-0.012270160101440108,-0.010352029129994555,0.014913455926308217,-0.010695279116731626,0.009298144539205744,0.09320463817566615
2020-02-24,-0.07752369493467537,-0.07332075062103383,-0.04866566775292114,-0.0440724439278819,-0.04223502387058975,-0.04605343548059171,-0.027243936573260186,-0.04797886146144936,-0.03372749480863213,0.00894500265671816,-0.03836087551085399,0.014817517533405322,0.38216694898301773
2020-02-25,-0.041482357972054906,-0.04196172433501699,-0.03445905396222315,-0.01663948875802923,-0.018357980231590076,-0.01987515670078821,-0.045669694259726334,-0.03907847525049979,-0.030771230329411203,-0.018035934723933167,-0.03216929830201565,0.005310777926116117,0.10675784719400694
2020-02-26,-0.02674494953501716,0.021144865340056107,0.0157387610093771,0.01241719515754447,0.003466300847851045,0.0021828169917554874,0.003004871434665546,-0.02220061668833706,-0.0036848054502298666,0.004360980385151869,-0.020398963412175952,-0.005310777926116117,-0.010467553303130206
2020-02-27,-0.13713311629061176,-0.057274919759509935,-0.0676024102160655,-0.07306429630594824,-0.04933339043074092,-0.03851086445218055,-0.04250443828548267,-0.062064051970397216,-0.045951318425264454,0.00019481624361361582,-0.04106734931220224,0.01079061023620742,0.3512903869983255
2020-02-28,-0.016347950327421312,0.06687391001655918,-0.0005850684056589728,0.023924539169186687,-0.00029188931803236784,0.014232705682611702,-0.04430562547914274,0.03199991672677349,-0.004210522090178692,-0.03717601874476628,-0.03432473542109893,0.02233247370762914,0.023969881233118606
2020-03-02,0.10725702478591037,0.02327656282257995,0.08901857398539548,0.06441884649259855,0.036588515664059074,0.02041674065395771,0.04554070398264454,0.04634312087776182,0.04239483443360825,0.00551108364665609,0.04853820766563555,-0.007384563205760308,-0.18247122662084658
2020-03-03,0.0025383850988234258,-0.038875032452479585,-0.032274749036627526,-0.049105680684136566,-0.023278669366774807,-0.05520210299312822,-0.0382468318018061,-0.049068488629200324,-0.029049936169940338,0.03095039019408663,-0.0030287486389521945,0.015405859630392982,0.09688669913855863
2020-03-04,0.005337746224066908,0.06768573939721345,0.04534096119023978,0.03605715895456907,0.03441420829326969,0.0310896153677378,0.02440891790059041,0.021597183320968938,0.04117358311604313,0.0017529903517550238,-0.0030380465539598944,-0.010675046607589778,-0.1406178207099824
2020-03-05,-0.033869376791647365,-0.040234856727631385,-0.03297481963629245,-0.025415313021436958,-0.02656658154602809,-0.03497021525882982,-0.050305680186738755,-0.04506754479546338,-0.03380719333677895,0.021370951204574773,-0.025681946538163913,0.024586527577739936,0.21391066750477972
2020-03-06,-0.029497510135476634,-0.026886933737855,-0.013368998950723743,-0.02867447301613968,-0.011994572145720639,-0.02228024071343704,-0.0530635925954579,-0.04949906943364146,-0.01666924307360418,0.0003808885074381152,-0.096038869840819,0.050734841475705394,0.05690597841817757
2020-03-09,-0.14586457137702036,-0.08059432763413854,-0.08239531289226765,-0.0701786923006269,-0.054301849714565975,-0.06614120756067354,-0.14555237744256289,-0.13039070476081038,-0.08131223476753036,0.0016488747161256256,-0.2918909444026281,0.0267429107605599,0.2612264777050175
2020-03-10,0.05958692955168354,0.061774504646063155,0.06954618488447295,0.06614745935468669,0.04941384267449411,0.0499974541811099,0.07482637680657245,0.036358853453305695,0.05045018520483158,-0.021327151826289636,0.10474680177093054,-0.05261894975579562,-0.14095619106651913
2020-03-11,-0.0173500989279729,-0.05758659518232956,-0.03534797629776332,-0.04636032348386543,-0.03823045590681051,-0.045641126828030565,-0.04821427600234518,-0.03349644512964289,-0.049976417033623655,-0.0035667044227176703,-0.04231939202037527,-0.03749176437092405,0.13062022685630348
2020-03-12,-0.12349328402408677,-0.1305278647071495,-0.10397762996289472,-0.09964161895176105,-0.0825350381936838,-0.09720930731965982,-0.08602647632379057,-0.12142221581864243,-0.10056879292524723,-0.0407056042424383,-0.059364623127498906,0.006177493441854587,0.33660473624706455
2020-03-13,-0.02516454136147539,0.10742015999529198,0.11315756796988019,0.13292901711906868,0.06264454451479562,0.09744436686810598,0.1656202244986673,0.024967953621105377,0.08202807620412944,-0.030991552565301284,0.06224232019097853,-0.022861872151943352,-0.2662275386386179
2020-03-16,-0.20552230217550038,-0.2039790376167192,-0.1377082143677164,-0.15945351653065032,-0.05519301114961195,-0.1537691421344629,-0.16210605204923745,-0.10006952151272497,-0.11588651788675097,-0.011512126298224956,-0.1401211762580421,0.0627547230605563,0.3575910014260417
2020-03-17,-0.033981345006121266,0.10098742421314455,0.04303083025141774,0.0791220060461475,0.06790733949044014,0.023086085650038335,0.05931882459045745,0.06509978808326577,0.05258490127766979,0.013464426338705593,-0.05783927322052351,-0.06901119895371277,-0.08555022898742592
2020-03-18,-0.17476304366003292,-0.0688221282069601,-0.02478446539042789,-0.043007605145498395,0.012183223280898936,-0.01660078105855245,-0.11123162832104327,-0.10563202325845733,-0.05195974775979906,-0.020123106842711458,-0.19253111422117852,-0.05806567546910468,0.007088416185266233
2020-03-19,0.16879451260286116,0.048832436314519834,-0.007691634016382842,0.016319356340124713,0.02745038085614926,0.04112687936449699,0.01666806953627198,0.0387913835115401,0.0021228121987899584,-0.019086492837834257,0.13113997108214415,0.026861799313196322,-0.059970773440666036
2020-03-20,-0.0002572066899428904,-0.03448923028399342,-0.06559051172632824,-0.03828202479364329,-0.018696493799986058,-0.02245369307383882,-0.021327845057614425,-0.0503311066725467,-0.044050341514425995,0.01488438314668361,-0.0834625444266952,0.07250159374659315,-0.0864054861009036
2020-03-23,0.015688043665694096,0.03317368980736424,-0.021472828797354904,-0.010025020851688993,0.030272422800709187,-0.01094597565703026,-0.05501904228211618,-0.04019834567775726,-0.02590070086442431,0.04323149614629607,-0.012220099466856649,0.04038336834021106,-0.06976111073872193
2020-03-24,0.15084593365171228,0.1583398426010305,0.09560593157864306,0.08699934091067352,0.019397213114498157,0.08339235576922732,0.1123838120694236,0.11944195515538691,0.08673073485644345,0.047389520259250695,0.02028465155051551,-0.018790119795359495,0.0012980371357977916
2020-03-25,0.06562083944686448,-0.014389889243182852,-0.005524031069374935,-0.009618898926629704,-0.02836614678504379,-0.030078641354654323,0.03663826768937728,0.05088388312758729,0.014859540006561645,-0.013784208180364743,0.019881351705318462,-0.0022738692503700975,0.03630398064287377
2020-03-26,-0.020780038675525248,0.0462238828578474,0.051285168650376356,0.06067294816161084,0.03626743777900199,0.044632466843069984,0.06734181518071125,0.0402106271860716,0.056748565903038006,0.012740714714697177,-0.05046479470326393,0.0049099881196879025,-0.04722767578178999
2020-03-27,-0.02647580531234839,-0.01768791014905724,-0.042283904436438036,-0.04192771695324371,-0.028734293362178143,-0.040926489960235735,-0.0739044742186632,-0.049370079432104585,-0.030238180563022965,-0.0064814490892439736,-0.07745809018014782,0.02634253965736022,0.07178679306634272
2020-03-30,-0.02406438727563831,0.049632240780171255,0.028138416823037637,0.0679767710240089,0.03305128565768278,0.05677930102245199,0.025674237758521734,0.014775477113122992,0.0319592695362676,0.004390990264266925,-0.055186364121200704,-0.00826311797372803,-0.1382068325522754
2020-03-31,0.04263263821287655,-0.007521046334205694,-0.002042641900409592,-0.015851901921530853,-0.007271999966000031,0.005108704299281008,-0.03781803702798392,0.01245536904726885,-0.015017447066734135,-0.03236482169365207,-0.004739340811956261,-0.008149758375286531,-0.06402476949529667
2020-04-01,-0.08446087652228762,-0.08108346189783222,-0.05405194819592207,-0.0361542885727415,-0.021787422792954203,-0.04412455997766784,-0.06504981829899048,-0.01165592621852829,-0.0460489612018824,0.009411793149400438,0.03958609376108946,0.013913478402773904,0.06367431466076212
2020-04-02,-0.0578989210005183,0.04975565795160075,0.016548932532574057,0.020497148479454275,0.005817252037933152,-0.00887390453579151,0.03665975383979614,0.07368943193141986,0.022813064794300786,0.016260501110561876,0.15415067982725805,0.006325820965850326,-0.11404400493580802
2020-04-03,0.05467504939194523,-0.04630559442502258,-0.014475766328343909,-0.009252877624136957,-0.0063993141953213595,-0.02567612421836607,-0.03000334432833185,-0.029897840086644756,-0.014559640188921641,0.004925309776577791,0.14375293673196898,0.0023769889848210823,-0.08417617829556034
2020-04-06,0.07276481895829434,0.09567888877077002,0.08364011804108884,0.07173229673188342,0.04662517920980136,0.07115253616182837,0.06237956922102583,0.03162891518351563,0.06500673641783106,0.027333533815435018,-0.07384726263515784,-0.0026151086282881764,-0.033901498272168595
2020-04-07,0.05503939414254688,-0.03553448022519912,-0.011649888638515016,-0.01082857635366885,0.006988976113007972,0.01961913239880797,0.013103998097476754,0.018847795397268108,0.0010189548766827983,-0.005368871400719399,-0.07382724390008155,-0.01052770088919086,0.03176249266257747
2020-04-08,0.0061957610687275455,0.030117571774040952,0.025272534798409296,0.009981274136948493,0.015488887252484318,0.03177081898445433,0.03958559294122299,0.06136601425020327,0.03301728189394204,-0.008947881947437786,0.053550026669209494,-0.007302075103822858,-0.07443751298438661
2020-04-09,0.043078797207400044,-0.01509762245673163,0.007190212770970206,6.0148508342905416e-05,-0.00011749136016891981,0.005208020265095037,0.08591509217656945,-0.016555855915934004,0.01510284101082604,0.025788169295063668,-0.07539799234303635,0.0018149742548567716,-0.039525266534933934
2020-04-13,0.12754711640907024,0.02590232552435956,0.019437469440309663,0.0022383231986857766,0.05990442478869351,-0.002286004003527964,-0.04549166513396319,-0.008615726414321845,-0.009172233763901971,0.0169951055139288,-0.01009094163173252,-0.009172112030045199,-0.012071610186211945
2020-04-14,0.08667717987288537,0.0509320107425455,0.04926927628048006,0.04829807442929557,0.05142426317898341,0.019152776835467122,-0.02777843848626471,-0.007747669256113809,0.029066403487126635,0.007837301543346165,-0.05632353784147481,-0.00024402717181892797,-0.08645949447997481
2020-04-15,0.027701620757381917,-0.011013212785569326,-0.009169344649052391,-0.010532951500479726,0.010612186747303909,-0.006757872489907335,-0.05057689920901787,-0.04704752383142097,-0.02147713820016861,-0.005115017933585264,-0.05061587008607438,0.02614447213426363,0.0784117002063236
2020-04-16,0.020854428493631172,0.04817294725955512,0.007914073010559797,0.029579072569188014,0.04263271487419651,-0.004076771207219387,-0.038855146288544695,-0.0334076597872075,0.004812725106397409,-0.0008653689753943539,-0.015927457323785088,0.011292846435305037,-0.018036302033797025
2020-04-17,0.01158041104155938,-0.00810863233629,-0.013661515948058423,0.008772979155330596,-0.013877991515518495,0.016822347961064743,0.08607596016310115,0.0989032587287868,0.026656811052224505,-0.019608466717140338,-0.03500943122818345,-0.01349506000696099,-0.0500998972716129
2020-04-20,-0.010038465581097888,-0.01819298835717209,-0.0209753929366574,-0.020019928637656115,0.007805217491159588,-0.0055947759831491695,-0.037138374679014596,-0.04835109642000157,-0.017774994710773484,0.007100853720992006,-0.11570681677300909,0.008013185332938377,0.13879275847971373
2020-04-21,-0.08328137479063669,-0.06305070035145954,-0.03139756749608935,-0.042236964151566525,-0.027741595250859064,-0.04263773561389517,-0.02943367321629964,-0.005356459541102421,-0.030833411298038627,-0.006848673348053502,-0.28857137699981816,0.012512697611146706,0.03541378554262842
2020-04-22,0.06400415510269575,0.059910560526221346,0.028396173356037835,0.033400831532810926,0.015078276370104504,0.06505077682413507,0.0032512890115352633,0.028163918544960698,0.021951594956587606,0.019479888950845847,-0.11290171363830792,-0.01026975607163827,-0.07853903826147368
2020-04-23,-0.036839791089286145,-0.007506677591908817,-0.0038828078800090537,-0.012175907854676815,0.015100238852103764,0.015514257623971517,0.0005594205642118766,0.030851091495643246,-7.191358780467283e-05,0.009905643795524277,0.05049620755046025,0.00529484983593953,-0.014395605358408226
2020-04-24,0.027287530988993947,0.019456754645626573,0.028460768240254453,0.018094636051744217,0.004478467862371716,0.02633426020236751,0.01465899326631348,0.006423377590966783,0.01384272233557482,-0.004294729942651898,-0.02687308396309085,0.0023445012946066157,-0.1412250885107036
2020-04-27,0.09666945779957148,0.025535029854844904,0.0007065114228330671,-0.0028685013403393356,-0.014299615622889839,-0.013613632974659673,0.04220136311344547,0.004790600578261639,0.014315211093768099,-0.006662589983554845,-0.16000430297509016,-0.018789356511858202,-0.0763155305305423
2020-04-28,-0.037801017814306004,-0.01944153964844708,-0.01634223482326469,-0.024662858326689907,-0.026406206272374,-0.024784645152558404,0.007055698080851158,0.023170660233645002,-0.004609052895322208,-0.004466516323335057,-0.027779536507009706,0.011445184200118419,0.008375722812708819
2020-04-29,0.04000202028093547,0.024076173622430863,0.03231745673758102,0.04389588951524459,0.025020524430829916,0.05984284338945578,0.026613246307292115,0.05389172299255707,0.02584184155834457,0.005518192454017523,0.05480818276686561,-0.005202236050609876,-0.07225364526404565
2020-04-30,-0.02354775998073677,-0.02092362041577367,0.020876580573170322,0.009982409298993744,0.04180350395260746,0.05275735064774878,-0.02169286404723536,-0.021080428608932777,-0.009354355942969406,-0.018282683683788825,0.06036319362004994,-0.011745228988887746,0.08938347406129576
2020-05-01,-0.10873700220740767,-0.033042983411650795,-0.016230385604625752,-0.026232584008162974,-0.07901516917994211,-0.011990917229502962,-0.026561010467991863,-0.0743566744911015,-0.02683007670496096,0.006152293383342666,-0.013691641948678779,0.008526571320732756,0.08527724031216222
2020-05-04,0.08191872034051917,0.02965011102944004,0.014049591240991255,0.02416564025187995,0.01301615757580965,0.014673964826893204,-0.011974911503710217,0.039541682209376816,0.0027546031461707088,0.003498676361159525,0.04205132671212786,-0.004714543669496862,-0.03335457936639363
2020-05-05,0.009180180665024018,0.00837556088857494,0.014897304891142937,0.010678848822500697,0.0007812169559819893,0.008779464905861012,-0.001520513717826688,-0.0011147280015304517,0.009196677376342777,0.004232069630407231,0.08942331764069289,-0.006422184827476585,-0.06786163174739857
2020-05-06,0.01853302359778297,0.013693575291059412,0.010264851834388189,0.009799053633304133,0.014332930141281786,0.006738193499783662,-0.01898356796187972,-0.01891482628502228,-0.006801800244029543,-0.012938939248233972,-0.031163987379636104,-0.016266932157947167,0.01506003142197665
2020-05-07,-0.0032509738702097835,0.023496870011536775,0.010291666661613519,0.005790094042964711,0.006929629421756012,0.013294474770778386,0.010359669828001294,0.005666918528715481,0.011994624937172738,0.0152341241085594,-0.018393600411514388,0.016567740274452625,-0.08180270677123991
2020-05-08,0.049251546048291406,0.02471916650578798,0.02352282909543657,0.005865117914132689,0.005055588339379469,0.005146153067993708,0.016203645740579198,0.04291726307477495,0.01641078158733489,-0.006028427741239462,0.04769621377985711,-0.013085985079261953,-0.11659103167062446
2020-05-11,-0.009971196406894922,0.031870450965940655,0.01561259496732692,0.011092834174409205,0.012275095742504405,0.003901140818892479,-0.029892319778258347,-0.009573587533132866,0.00020496058165431208,-0.006253147010599314,-0.014071491158418326,-0.007836920813689474,-0.014761738910366251
2020-05-12,-0.002319959337076405,-0.03315119114157872,-0.011493729343571957,-0.022912269918270667,-0.021843256899330754,-0.014553216443070838,-0.0332231136466401,-0.01685607191009275,-0.020132446645288127,0.0038815245238019713,-0.00949227658099927,0.010212049558728786,0.18099076239586198
2020-05-13,-0.023058180930537464,-0.002887923252530289,-0.012147790033614214,-0.015237952467183291,0.004643522716730963,-0.02408597770790699,-0.03507928627942469,-0.05091191169696563,-0.017844264226306805,0.009576645345897639,-0.01780171785616247,0.00697260063202787,0.0655972201757189
2020-05-14,0.015518160889563148,0.03169047104567113,0.006124569230488319,0.0043300198380995525,0.008800091486279804,0.00830275689498361,0.04069389518783151,0.008786044825537687,0.011895901335592818,0.008811127536123564,0.04043358662881502,0.009739789922184272,-0.07869718802023451
2020-05-15,-0.005191880165632323,0.055730578925027974,-0.005929521835606799,0.014462961605975266,0.008723388257937614,0.01948878432070167,-0.018683519476554444,-0.007117612083916036,0.004586554888254213,0.005627947839550451,0.042889722408357756,-0.0025760072455689453,-0.02232654663523803
2020-05-18,0.017932041099594898,0.030105126529295312,0.023288068948720486,0.009508919390754045,0.006815562402389119,0.010894585458101957,0.051612985442712755,0.07651954277039463,0.0300050870379458,-0.007592898231851386,0.08227336300873667,-0.0221991926699161,-0.08470497189855664
2020-05-19,-0.006931309459109691,0.006294102432070847,-0.005795477535529336,-0.006946118606376395,0.009463506026665236,0.017160438664935107,-0.01987549078775075,-0.03136434245580633,-0.010324501552731569,0.009603940342588935,0.0053333897957865695,0.003734257012120601,0.04112233925349962
2020-05-20,0.009300572413695196,0.018508926129444436,0.019261296178124887,0.013775409124688665,0.019651905324010066,0.05860456157584881,0.029557671688943188,0.03202614236870982,0.016845510432195177,0.0023714668825753904,0.03616302475943556,0.0029894441483078182,-0.08686253388754128
2020-05-21,0.014654934735012226,-0.02195021892465654,-0.0074832718670378995,-0.012084344723952256,-0.020709907813958317,0.006155732329932384,-0.012782475508273272,-0.018014504507798623,-0.0069281742736837515,-0.014683616168536417,0.048527049214005746,0.002494855957379194,0.05355942365821287
2020-05-22,-0.013037700356063109,0.028201898086948063,0.006417951975737246,0.0004363603660308968,-0.004037962709445786,0.015097826801778957,-0.007793351878407684,0.0008971488645377335,0.0018977495735583716,0.00589940071477546,-0.03949145276044019,0.005997925573784535,-0.04750419313706589
2020-05-26,0.0024330819473812326,-0.034776338812868346,-0.006796629736237847,-0.01062767839462353,-0.006182687942355436,-0.011603426078639067,0.06856800825323628,0.028949009195508246,0.01224551873766444,-0.014316858429626933,0.0035135758727831146,-0.013500342563701473,-0.005340928427787439
2020-05-27,0.0016594670418679236,-0.022328667368263222,0.004347547778338345,0.001320845474698018,-0.004747292931811309,-0.013265870886282727,0.05630581728322159,0.007162424459926875,0.014769227313012223,0.001800809585778218,-0.02605752837276265,-0.001839003735438105,-0.014021419077315134
2020-05-28,-0.017736751939729345,-0.004496442273312251,0.00043972867498265344,-0.002257689098703608,-0.0038615979869804917,-0.016190408852813754,-0.015008033024992429,-0.026294129522288046,-0.0018466824599334686,0.003344744865694693,0.001199308008382527,-0.003687164325739012,0.03451683330519284
2020-05-29,0.03558372540964516,0.044759037274682,-0.0009742211683647639,0.010146683438317261,0.01704190913699577,-0.0016423530058338187,-0.025867633961436987,0.009501879359163024,0.004445899909319984,0.007331471236597054,0.03339530432824134,0.007116249856197854,-0.038507428414894296
2020-06-01,0.07284966703702267,-0.007833399084852033,0.01222299507710023,-0.00229462994117835,0.011670253098245098,0.029849061173124802,0.013169538961181892,0.017657351496453533,0.004033707373428896,0.004593203918142663,0.01305201494287589,-0.0067554078710374554,0.02583564279346051
2020-06-02,-0.01858832621802886,0.002155665810545049,0.004618502685910464,0.011312339310266317,0.0005542421239077555,0.003486644975204456,0.0033415195533192943,0.02201150465431878,0.008246156652888637,-0.006497892824854468,0.03190364020493064,-0.0036421542785847194,-0.050491908261319995
2020-06-03,0.0015867839932894867,-0.00633724513482381,0.00549015116028162,0.0024309033623248766,0.0024198033186548784,-0.011061382605466186,0.05257138849485088,0.03998451809020187,0.01322027831810857,-0.01862251139241966,0.001845401664747559,-0.013386231693696793,-0.04495996454761064
2020-06-04,-0.021267410820559718,0.00011377754862085254,-0.008649572018022411,-0.013251299677492057,-0.007207963182428223,-0.01695739229017512,0.02059750497642643,-0.002847103582167332,-0.002630110563822008,0.010471254055873125,0.01391451065514726,-0.014585143453778926,0.005828639797671453
2020-06-05,0.024320646383694466,0.01735839357673097,0.028082790618352504,0.02312894543780164,0.009062306094700823,0.01960428635165634,0.04401866167621371,0.07794117223730446,0.025306407103829365,-0.020483689915413272,0.04861701807171137,-0.00714859915011079,-0.05127286330163283
2020-06-08,0.07004464847857772,-0.012975966037440667,0.005895231546350743,0.006177445069342369,0.016401220584681298,0.002726186992370927,0.019761943261944914,0.030794496868835175,0.012015373822804598,0.01076400243904363,-0.017470744341757438,0.0038359272856434146,0.05127286330163283
2020-06-09,-0.009785354948220082,0.027002654310150476,0.031089654397166377,0.007615706725504268,0.029973414532654452,0.03093414839086961,-0.025984645987364274,-0.022539418777781428,-0.007484956564641543,0.00959564535506452,0.0017608469509911018,0.011294521628239629,0.06596622092794568
2020-06-10,0.0859043169063245,0.034843426247351594,0.0254021110561089,0.03642054238399606,0.017754740196394003,-0.00816178340113094,-0.04137251318702617,-0.05511606645203537,-0.005595360983122077,0.01422314285485271,0.00035181104372439265,0.014718596055936395,0.0
2020-06-11,-0.05227704642782438,-0.0628401393125535,-0.04920115070095754,-0.05519392629475206,-0.03438680779220338,-0.05335628994942887,-0.08713132557973857,-0.09239256590904787,-0.05937771246830259,-0.007240232329264629,-0.07559720360842892,0.018724293466396702,0.39170876180778347
2020-06-12,-0.039373703290896955,0.015370522107707618,0.00859637437467864,0.00786065789976309,-0.005071582137180286,0.018322415907149114,0.026995897944797953,0.02121123086788934,0.011904676475855247,0.0014153150353442001,0.0026520073739990657,-0.00968793691330383,-0.12242115289168387
2020-06-15,0.05776761532071362,0.02664988584478234,0.012291452124213897,0.006371320262014812,0.010809673800147301,0.017003982435932485,0.013723406380824699,-0.00063611854189638,0.00929247665681654,-0.0017848491512042486,0.020596093650066205,0.00055465351689854,-0.04795921414638338
2020-06-16,-0.00888988888289699,-0.011539407893579767,0.02615726845192512,0.02420988295262827,0.01641919546995574,0.013457406891906665,0.007968085898582444,0.02223718394755192,0.019064483451253444,-0.0004929560183830617,0.02416814300445358,-0.015452155770388387,-0.02144942994569332
2020-06-17,0.00978766625459837,0.018302167241226464,-0.0013926823996364135,0.003455110822831564,0.009782656419923264,-0.0005093686434971545,-0.02560449998030112,-0.033114950700932066,-0.004162260726570111,0.0019087937874244787,-0.013110118671734394,0.00411870609874132,-0.00595762709580816
2020-06-18,0.012196058432993873,-0.0019507620380792012,0.00039804320302572194,0.010651850497035653,0.004910408831544366,0.0017393162599272927,-0.005442896827767996,0.006199860287523951,0.0003851405829404797,-0.001970395110546974,0.022114321609602694,0.010532348386462331,-0.015961868635982146
2020-06-19,-0.0030525060499915213,0.00468074819412978,-0.0057307256947529694,-0.005977724343722457,0.007892706403668903,0.012006924945297648,-0.01148683954316354,-0.020237686951308564,-0.005731539795543306,0.01097257622136727,0.012117046294740419,0.0008011012851847354,0.06408305529479863
2020-06-22,-0.006595797039905982,0.02826478372827035,0.02582709274115036,0.027394887730036288,0.014404049034053124,0.0017991153800069881,-0.010896485530914823,0.009524056164541772,0.0063946973933006745,0.00644142707482942,0.02622069504679425,0.00012284975439502688,-0.10024827566350991
2020-06-23,0.007474555771254998,-0.00808877558663168,0.021119993761859135,0.00665884638261538,0.01847007093288333,0.012545415172367846,0.01212286101069715,0.006014055974578714,0.004593193252315331,0.008384398864595966,-0.009012200824934702,-0.0068574480985761355,-0.012670413734777064
2020-06-24,-0.04171541244464905,-0.022960041446214774,-0.017809515946439092,-0.020363543032918763,-0.010915222785479628,-0.03452242440888753,-0.03396159346394256,-0.04825508627796049,-0.025839822285588454,-0.0034899960158005783,-0.0525401991625003,0.010667347166264385,0.07579149029179622
2020-06-25,0.025817844628588382,0.027183544412641147,0.013188255045126773,0.012557391386133432,0.007352966946613471,0.007068322925916526,0.03426776916773644,0.014943813427240826,0.010663621963243664,-0.0006028992986149007,0.025005851834008386,0.0028790536079386086,-0.04905612361179035
2020-06-26,-0.026973700506142784,-0.03593831297071892,-0.031208043380958728,-0.020218997036595354,-0.022657517035347574,-0.08682625771423425,-0.05637821913295138,-0.0349174931195666,-0.024038081643349862,0.004453219386376439,-0.020977257880741007,0.010646198642679572,0.07501643794001067
2020-06-29,0.05039944763683746,0.0049033745781787985,0.02278528658084955,0.010689937637673452,-0.0046489376522007575,0.020883797002787752,0.0044183152226136,0.015920606500276602,0.014590540189295176,0.0005403343600223209,0.03271907283553821,-0.003151200422222722,-0.08876667086055656
2020-06-30,0.0674785528084545,0.03185125512393849,0.008312688239552557,0.02522826325669314,0.028844455918303424,0.028725980414197494,0.011333570579875385,0.008984525594261328,0.012727956792343953,0.00443108649793178,-0.007456132256446146,-0.004868932340092336,-0.04340820877712481
2020-07-01,0.036213124954005416,0.00338992592520837,-0.0018928445950869843,0.005830196602033766,0.042535775905419904,0.04511968860743831,-0.008541760551567634,-0.02284379472018916,0.006980565932749094,-0.004491160110102754,0.010281987987870611,-0.0019435308958746234,-0.061323170486036194
2020-07-02,0.07651403502187115,0.008593639829412414,0.0,0.0075917982465645295,0.004021512351305212,-0.017538884976440627,0.0032429408445171504,0.008429191665267233,0.005492013613091373,0.002158277937509112,0.01401072361387623,0.0010393775364745395,-0.03339566167701813
2020-07-06,0.12645108117682735,0.02334143490535512,0.026398377742009593,0.021297935950413738,0.056086861548230615,0.028965678827211683,0.024939868738603543,0.007008163370651133,0.015319098756030769,0.005970880083946639,0.007277768660642447,-0.004103581559705027,0.009349231168656047
2020-07-07,0.013239656197589156,0.0032972085381284266,-0.0031074873542529247,-0.011695865867343613,-0.018794894393649564,0.002410878480032963,-0.02861575337652411,-0.02624836696097166,-0.010367260758525454,0.006290434327038241,-0.00588739947973238,0.013958232375276047,0.051955199671667174
2020-07-08,-0.017404076436543292,0.034277998362423734,0.023023104130750482,0.021754348081374886,0.026637631211038126,0.011229632145060009,0.010559252733846058,-0.002315399267644569,0.00761981593165828,0.006192353605402268,0.01345541712875864,-0.0040028732406609535,-0.04695699617433924
2020-07-09,0.020579243780394663,0.028277091564573364,0.004291057114836683,0.0069764709445818696,0.03241800343159795,0.0037699247222606758,-0.02188851978044859,-0.0421365892025265,-0.005709464469046743,-0.0027080639028707054,-0.026742363057853602,0.01579682647704761,0.04116382697373444
2020-07-10,0.10241918272489325,-0.0028348945324205843,0.0017476895831114447,-0.003037193637192459,0.005442909266690776,0.0023285538826618435,0.05322511099013827,0.03071353081320538,0.010158628881555387,-0.0025972650920351725,0.021588611194326646,-0.005037276328296869,-0.06970103514598858
2020-07-13,-0.03129417979716198,-0.04160058212190121,-0.004624008693498105,-0.03137608192821695,-0.030459227148096346,-0.025080421763776783,0.014232890917040386,0.00023417750066601073,-0.008696521665028989,0.0012403879870825918,-0.018425714414896266,0.003300655923027307,0.16513543438034217
2020-07-14,0.013099686323903903,0.03179533716869498,0.016413055168029267,0.006162521465718385,-0.00646414674740825,0.003049814308505816,0.00571815115750951,0.03251762674625702,0.012875903324544247,0.004652728164010966,0.013245197690691768,0.0014374105949332971,-0.08658778740950623
2020-07-15,0.019074500672006778,-0.014536164694932019,0.006853760815388021,-0.0014891140990007656,-0.02466286482562463,0.002291618225255476,0.015358861010949632,0.012627056676799864,0.009145083748519411,0.0008809438623460508,0.014096907131679881,-0.004678441065162353,-0.06147187135554466
2020-07-16,-0.02978572748503705,-0.009085610121119192,-0.012381079089714753,-0.020002441518608194,-0.0029856488585116026,0.002701551925290424,0.0028037087841497055,-0.007873164351344553,-0.0032990908469230362,-0.0094966393251541,-0.0044482901893001525,0.004737894577505841,0.00860836629157724
2020-07-17,0.00013329605943823708,0.006564588913923863,-0.0020222995846976843,-0.005113151525590887,-0.012724365220700307,0.004555183453439859,-0.01867144231386586,-0.017312542822747634,0.002894985901425784,0.008204262794308192,-0.002059714621304387,-0.0020959733877754516,-0.08649201946965146
2020-07-20,0.09049888548491758,0.029863694466862878,0.020854844914111936,0.04208301018725624,0.0763082351169384,0.013909402999851217,-0.008799890103267316,-0.02371636497500651,0.008049190239487025,0.004808590336846663,0.0006870648619412556,0.002454927164986742,-0.048673397876099145
2020-07-21,-0.04649333201590711,-0.01749131453878272,-0.01389781990564476,-0.013560190842166087,-0.01848469463458091,-0.015066996103175967,0.021453691583212198,0.049350264844487235,0.002125289324573565,0.0119789624776665,0.020394944597425635,0.0005984092639996774,0.015416170378654392
2020-07-22,0.015167860710440628,0.010617829865493533,0.0028054764417966283,0.014268844776752942,-0.01230502733941119,-0.0078068873976446795,-0.007269225205863705,-0.023567944505491045,0.005676039002611155,0.015087942737563864,0.0010089352458999556,0.0029837312544245265,-0.021156218658487713
2020-07-23,-0.05105769412846328,-0.03004811126873186,-0.04658502390607211,-0.04446892762143673,-0.03725419917985118,-0.030776920732043855,0.0029343730848525595,0.0020616959905872534,-0.012003425828787329,0.008786586410813868,-0.011494384614034736,0.01161376822222504,0.06986968958345097
2020-07-24,-0.06559870288489478,0.006371509870551684,-0.002480342576225425,-0.00614102437966757,0.007458986752839181,-0.008158742804990737,-0.007097330079137265,-0.006197883727766751,-0.006461342265343006,0.008542281441677346,0.0010195646236152989,-5.853584962700609e-05,-0.009245049313565623
2020-07-27,0.08298067038819568,0.02202269490691311,0.023423764874928032,0.01258814074866077,0.015270459525146052,0.012020648868915629,-0.014141097943237924,0.01462888287048214,0.007266082460064993,0.01956119696469827,0.009465884744519482,-0.003718359147703687,-0.04350232710665214
2020-07-28,-0.04185494718429528,-0.019964838090456904,-0.016563976449020856,-0.009017764029807473,-0.018126069617507845,-0.014581271112705352,0.0043250043931761795,-0.01186963779387984,-0.006362745486949706,0.008306536040413093,-0.012527637474368358,0.006895111202861237,0.027901401751898813
2020-07-29,0.01520390470417965,0.024177752800858432,0.018987213471469033,0.010047306638648834,0.01100469982641794,0.013681360822058508,0.023960557985883035,0.010961582602881936,0.012223845444996329,0.007482169283186124,0.0074677642725626825,-0.0017051990343874834,-0.05411090313952327
2020-07-30,-0.007781454581928138,0.014090066918563071,0.012027404313170287,-0.000784418485081595,0.0060308083157405434,0.005173387755639247,-0.02704788454677587,-0.05030165431404976,-0.0035740113490030367,-0.007427778888432712,-0.021881194007124183,0.006566985292456806,0.02701760073518278
2020-07-31,-0.03888433963987126,7.058616032207254e-05,0.09956342112026739,0.005429268057302927,0.036294147981263514,0.07857851641234426,-0.003924549140778666,0.005002820307376865,0.007870755018672071,0.009046884353027806,0.00482757453601268,-0.0006428284931780937,-0.012190364230958206
2020-08-03,0.0372089724756508,0.03658197686611331,0.02488540161416708,0.054716337409251636,-0.0168216600108968,-0.006763803718891737,-0.005603386040032632,0.004031856534588041,0.006928179115082145,0.0011318982444246117,0.009245073842691909,-0.005048308406958135,-0.007386098357863524
2020-08-04,0.00134587470043801,0.019561936686208536,0.0066559947025321975,-0.01512243263496238,0.00861986127631642,-0.00848974936877589,-0.005739462219748859,0.028466630704235385,0.0038548880978481748,0.021054515412853192,0.014885272397619165,0.009487701629906198,-0.021649490344071598
2020-08-05,-0.0013323884879126169,0.005240762732118487,0.0036181390044998096,-0.0016423784389170137,0.020871316739286883,-0.00284600920896505,0.017223956995189305,0.008703919764182277,0.006191898975588472,0.00924041727083491,0.014997743335538605,-0.00878164180433405,-0.03294417530814053
2020-08-06,0.003065969398597268,0.004310145765516804,0.03429428852246197,0.015887018988959056,0.006211528490695173,0.06285102507902085,0.00030848456722054607,-0.004800508545823146,0.006662403406402007,0.013186741026147253,-0.0016553301971136136,0.005571068421858172,-0.014899493732265068
2020-08-07,-0.0250634246300816,-0.01207027897034374,-0.02299810299124605,-0.018049731426690308,-0.01800293843304246,0.011841843820993958,0.021768629493818636,-0.004593692456920984,0.0007176591363853291,-0.016012829047696187,-0.010994610833391594,-0.006688605854618501,-0.01961723840217955
2020-08-10,-0.023781465364230314,-0.003085072083294893,0.014430251441952535,-0.020108416731169143,-0.006111826385309271,-0.020473490039238484,0.012598922567458537,0.024333133997655576,0.0029843035043857213,-0.0034649534714485952,0.010331685462309004,-0.004483873922025872,-0.0036084805448584056
2020-08-11,-0.03163934754750297,-0.028618940944121984,-0.030191146048472284,-0.02366306608527502,-0.021671124805168418,-0.026468785582627774,0.031108887827763,0.010281840244060092,-0.008288875774870696,-0.055189726718978704,-0.011337238977812358,-0.011956101802386598,0.08236896218281409
2020-08-12,0.12331118921207374,0.05297291519544034,0.032694052288617215,0.02816663426962318,0.02613357352277923,0.014573259380628478,-0.008512478015989977,-0.00022676187979486784,0.013846202918977646,-0.004679132411383513,0.02451264771994932,-0.009137830730796104,-0.07561363244488728
2020-08-13,0.04172205380429972,0.00023990770576798326,0.017542648312516285,-0.002345203969428944,-0.00038590626045653664,0.0054107458868575264,-0.0055523153376055845,-0.024800144698165827,-0.001809396614576464,0.023343474417206522,-0.005249350958782539,-0.010745881429262027,-0.006755329737926807
2020-08-14,0.018162259872136488,0.010518748615052864,-0.000891591447744311,0.0009580614571005341,-0.004121037907114378,-0.00022976944916841546,0.00039079587639800906,0.00440754842862523,2.9514469273905775e-05,-0.004318527254207893,-0.0023052766788014267,-0.003915254597374407,-0.003621548847648981
2020-08-17,0.10618769683979767,0.06470623431888045,-0.002614146907843562,0.0065844345964629625,0.010865072977042978,-0.00030596989216835624,-0.026718760296606803,-0.013047851939897992,0.0031713645927986533,0.02146194877539198,0.014402885025869505,0.0025097128206406083,-0.03226080975035783
2020-08-18,0.027642768009741303,-0.006199910416902821,0.008298380822191476,0.0057378326630947996,0.04006138810950688,0.004507931962273837,-0.014038521587235842,-0.00493700151313492,0.002158316716661446,0.008967673573403445,-0.0055401827862318065,0.007126518911134916,0.007466196378288714
2020-08-19,-0.004546378250307903,-0.010020858209731198,0.0012535529257888811,-0.006085638422698381,-0.015825714532804902,0.0009526618597561765,0.002336549913707131,-0.011138868638540966,-0.004172417274675766,-0.03207438281593067,0.00195884704222804,-0.006270877773519423,0.04677359530916769
2020-08-20,0.06357221379528255,0.00020590725004776544,0.02194705997117463,0.02300479909025377,0.011250743012291231,0.02415452490360348,-0.012045616386123115,-0.01537021673125416,0.0031087314386919473,0.006890137653281947,-0.004576647051828253,0.008998772875801642,0.007954014401352794
2020-08-21,0.02376821154048514,0.04371405154586272,0.05024875132843043,-0.007296667352983732,-0.0038438132447460305,-0.0074622694413379875,-0.0005138116565408524,-0.00753035377402389,0.0035411957395563576,-0.008043165542872543,-0.011202757963507892,0.005974265761227393,-0.007954014401352794
2020-08-24,-0.017607920006301292,0.002893088280954803,0.011889297008083055,0.003140291984781385,0.006899163550113663,0.01627073579904792,0.027765378222168735,0.02907794266506114,0.010082030951618748,-0.005674470685926636,0.0056170666229684585,-0.0016257383670108538,-0.007570736211464979
2020-08-25,0.004527486632740718,0.0023362631621419716,-0.008237726985964144,0.012925447802135004,0.011731466111355005,0.03415695186910028,0.004387794759985297,-0.032252875288134586,0.003493267645492182,0.0012147382641174431,0.018606696112157817,-0.007682902900014277,-0.01531562103515105
2020-08-26,0.062191573885381324,0.0018022179172043629,0.013507589146448673,0.021389300900135133,0.0280971144699107,0.07901742746688623,-0.01412919195481166,-0.021511906384888313,0.009975843043887878,0.01173966732513776,0.0003233703769538465,-0.00383361386698855,0.05475980500313016
2020-08-27,0.03897652873348445,-0.011397160573008769,-0.012026562849164257,0.024257042331009337,-0.012233678809977278,-0.03580826244203461,0.03236984100792206,-0.006771161004921478,0.0021841128512019026,-0.01162928674736019,-0.008441615949902115,-0.01715521124441466,0.050282852407834255
2020-08-28,-0.011387896089413374,0.04031401703120485,-0.0016210504935934011,0.01023074898725973,0.0005292501453162402,0.001499412035626868,0.004095087961045074,0.02362420685904798,0.006438509633631462,0.0172309262992405,0.0016289053139937337,-0.0007449675060096084,-0.06369431781739188
2020-08-31,0.11839534141276609,0.01709939352847467,0.03335001941037152,-0.01487577013861241,0.014347795491567616,-0.0015676587574224854,-0.025425157037682666,-0.01860403776701558,-0.003629224277786669,0.002383417194323556,-0.004567687921710029,0.006618756158218275,0.13998918895490453
2020-09-01,-0.04782238606695355,0.033138526355854125,0.039059681866579155,0.007685530023220366,0.013858994770032496,0.007610867460203785,-0.0004989909983770247,-0.012851399924256768,0.00937479807755448,0.001189581722410793,0.0009805748909146317,0.011373354730694452,-0.011041383993239506
2020-09-02,-0.06003408428643908,0.03731669785691505,-0.02093642393809425,0.019088910255071312,0.009197048337934888,0.023615484219067895,0.014966221377594735,-0.006105628776031935,0.01436026024802839,-0.01321861087305809,-0.02480696034544927,0.009475210612900575,0.01708141174784883
2020-09-03,-0.09457279297730459,-0.09736499031827028,-0.08344769368114768,-0.06394869394663427,-0.04738946023104251,-0.03834575592307399,-0.0031529556152767313,-0.002043232915605042,-0.03502044060939813,-0.008137254873337163,-0.007395032715757033,0.002837361799287841,0.23474327327010025
2020-09-04,0.027433484455048784,-0.030660174332034273,0.0006617954411654026,-0.014135444108518413,-0.022028208040286934,-0.029243145566467454,0.021382289845488955,-0.0007669180519598306,-0.00819821861608716,0.002756493292222828,-0.03886986888302246,-0.01917124882644039,-0.08863602730356801
2020-09-08,-0.23651789445767601,-0.05785071773999473,-0.06966619819398367,-0.05561369308678987,-0.04493916629572858,-0.04178327823814243,-0.035394933162843145,-0.023299209108798014,-0.02770307589655907,-0.0019287808618004831,-0.0637204376106899,0.0061258923862697046,0.022826874276290265
2020-09-09,0.10366923114657123,0.06515241308587472,0.03911142713372229,0.04170185873988608,0.03701310913137501,0.00939642603329105,0.009462456918264195,-0.006042449416546081,0.019554518751993655,0.009661434230238797,0.024373431405809498,-0.0026905056834731766,-0.08799433796961065
2020-09-10,0.013720031040027614,-0.0322283441778608,-0.033190355168214225,-0.02841841671307499,-0.02902256057701802,-0.020782842854406347,-0.010363533574794026,-0.02535141782809358,-0.01751574702106584,-0.0032283485242556864,-0.022879187017088576,0.005069590675561564,0.030761128099848545
2020-09-11,0.003709375196707221,-0.01203214952614573,-0.013215909705557749,-0.00654615399127767,-0.018721475729305936,-0.005535890097263518,0.012344641839442616,-0.002706436112256405,0.000508820929630005,-5.486155779266255e-05,0.009288567302286221,0.0021304764332406023,-0.10047320479855548
2020-09-14,0.11852211424147718,0.05655182235525347,0.029558510419094297,0.006740930017786972,-0.004261050710177017,-0.0017266181362591837,0.013756597381375357,-0.006525356981377239,0.013085528713147276,0.007861603277736329,-0.0037050942268397336,-6.0944695158937634e-05,-0.03869983814901179
2020-09-15,0.069364530389044,0.009182806831636192,0.0015593520867387411,0.016273088279358028,0.016986906487693076,0.023284948303947672,-0.031626018927020993,-0.010695151996504393,0.005039590342323486,-0.0023956152677246934,0.021300838892814422,-0.002434807170257791,-0.010108959576996313
2020-09-16,-0.01794739373846088,-0.03736889089650086,-0.029958012904266695,-0.018027127376135432,-0.025034098816089312,-0.033216016819769045,0.004221541695017095,0.041582694847151824,-0.003976470127528664,0.002830573307104345,0.04198411964983384,-0.002991541601966574,0.01743219636437665
2020-09-17,-0.042378543365590104,-0.004083468134407298,-0.016092041103190624,-0.010491545772967292,-0.02279449983567261,-0.03357174622944736,-0.011500231223051216,-0.00026506722639974,-0.008834330837435012,-0.005505121062684637,0.018298414113575134,0.0030522998085595887,0.016000271587512493
2020-09-18,0.04326101937694382,-0.022250146496991086,-0.032234307222267944,-0.012497053390588597,-0.018049831297686225,-0.009027360707900556,-0.002132867493008561,-0.016268774725793467,-0.011579560127057853,0.0013108491716185,-0.005832923698026349,-0.0031133557891269703,-0.02409751993232634
2020-09-21,0.016241895082045765,0.02655355397830883,0.029874992631143016,0.010672045367407179,0.0018798451658925686,-0.017496597067986563,-0.031397738154082866,-0.020647207451824023,-0.011192081941367782,-0.020291789448273256,-0.026854222088679602,0.005061579593107268,0.07277975788940427
2020-09-22,-0.05761528541471783,0.009580565863255508,0.015593419909347261,0.023808360313249288,0.05536219701977707,0.026249312084318355,-0.010971803459590923,-0.025015556552492768,0.01013340571698329,-0.004858095828926601,-0.0042508330790789195,-0.0007911720558375634,-0.03367814822492843
2020-09-23,-0.10915761260898549,-0.041521843628995025,-0.042851260164912475,-0.03348264383209454,-0.04214463095522003,-0.0227494987042256,-0.016363079374346334,-0.03261145225219764,-0.02346454234556372,-0.021843335368817662,-0.004982194923117689,0.0013386600796314596,0.06206895601370421
2020-09-24,0.019345803747202517,0.018327537740101985,0.010216781014010579,0.012878436529971005,0.006621709797192565,0.0020459705997888378,-0.0008630046245512446,-0.0020373593301878934,0.0026619953783448835,0.0037119030895915728,0.016628697601101194,0.003822714491525936,-0.0024522588795288236
2020-09-25,0.049184230528195094,0.04169640175126332,0.03682950227594706,0.022530893269591346,0.024642604582375327,0.020978173796005528,0.00870383676818598,0.009280783646655077,0.016037738152629544,-0.0028540460781512067,-0.005277043645121715,0.0,-0.07764879547678216
2020-09-28,0.03345952823617626,0.012447649392098636,0.023588315656060566,0.007764886382120473,0.02517846106427868,0.007818216992137472,0.028372645652939177,0.01915699732463727,0.016472717862446196,0.010010290107421937,0.011921604978555322,-0.002850723163033031,-0.0072284365646413384
2020-09-29,-0.0050697489026010345,0.014527700664666021,-0.00759651749489354,-0.010463349148224665,-0.009232616545324923,0.019167171183363862,-0.008458950503249518,-0.029604135301755985,-0.00546097682514457,0.008397048385655914,-0.03511620787180547,0.001153493371508496,0.003049942211506007
2020-09-30,0.023442192423043018,0.022780762967927526,0.014963266190894942,0.014703964107005696,0.0012233973846260682,0.00041984867840927365,0.009602427387739532,0.0014577304772167565,0.007553785923287926,-0.006022969047958959,0.021075976939467278,-0.00963172073662033,0.0037994110677161963
2020-10-01,0.04367017342293966,0.006189041255152183,0.008426623378023024,0.010075802554118773,0.022773457377156525,0.017899364459497136,0.007244794645223429,-0.03558043611638295,0.006398985331270701,0.008880963695329314,-0.027958834419266942,0.0016482006765619062,0.01243656179021091
2020-10-02,-0.07665503512528193,-0.04140897456591075,-0.03281284935514961,-0.02995573162018239,-0.030338326155416873,-0.025411140969749724,0.009442854101280318,-0.004538134549452177,-0.009539645980193967,-0.0008957769408937111,-0.04308129379203285,-0.0037411861663771973,0.034238514580617885
2020-10-05,0.02519251863092009,0.043463388421885796,0.03032650703612383,0.020117462121960195,0.023466537334268622,0.017957392014912976,0.02091602206302401,0.022782882802976356,0.017578129816600452,0.0048610816963101655,0.05823310141913618,-0.019732426079233534,0.011872776060093404
2020-10-06,-0.027870184077313453,0.006866672638936144,-0.02908835270000054,-0.0214763719328106,-0.031511605252542374,-0.022893659703881575,-0.010352228253275975,-0.010427513894294194,-0.014318417711979947,-0.011830479550693163,0.016335558102520853,0.005375406040990072,0.05293716717176933
2020-10-07,0.02697712039822875,0.016425987435434664,0.0168246632354645,0.018858491870622274,0.030413812448158772,-0.0020897233660175374,0.01729480421978913,0.003288894509085427,0.017257124006252234,-0.00045132478533460585,0.0,-0.007319541876038116,-0.04936699615158302
2020-10-08,0.00145672152478582,-0.009009983662570331,-0.0009562453549776251,0.0035679808255393297,-0.0016097349459194277,0.021614742469650672,0.020347005767030524,0.05120360550233238,0.008823415202437346,0.0035486272055740287,0.02607483083551143,0.00538549562213575,-0.06249732285284626
2020-10-09,0.01879307417669729,-0.005507027293509825,0.017246214163659346,0.024532816550927095,0.02967554216621071,0.002612471027236829,-0.005714856592118345,-0.014857343504898424,0.008890420698353552,0.017998399966815626,-0.015563131213530479,-0.0001880874128357135,-0.05297190792056572
2020-10-12,0.01894382251512372,0.03310556610759896,0.06158447723903482,0.02557281356080221,0.046454015977251295,0.041842681438029494,0.01217862450838858,-0.003171315458545987,0.01595961205613783,-0.0028758136916344768,-0.021847269106202383,0.003180830173110216,0.002796075129054554
2020-10-13,0.009786884708723242,0.0015630052501793834,-0.026885465891438365,0.006572570790826404,0.00020331580314181252,0.001413294866229542,-0.01633734997491665,-0.011909960461011337,-0.006547430216872208,-0.01585383405158325,0.013798180990953757,0.007135113686891792,0.039113316242141316
2020-10-14,0.0322732876187839,-0.010796355925083656,0.0007429586058433912,-0.009014592485755202,-0.0234816286885442,-0.01576795911923856,-0.005572330461873776,-0.0020476323486513515,-0.006303290555637275,0.0030899939936110954,0.018106360603898253,0.0022847889422434875,0.012578779463263245
2020-10-15,-0.027292995774075735,-0.008925779491457675,-0.003968622528112142,-0.005448152563019448,-0.007478033616218127,-0.018940545443736134,0.014856519422909109,0.008746298613991677,-0.001236280075000984,0.003639489400711682,-0.0013811814393900335,-0.0017289095588441938,0.02136111598937518
2020-10-16,-0.02073109226537362,-0.011410496428338135,-0.014099331866393783,0.0,-0.0199481284839651,-0.0029663750751476314,-0.0020668742690048703,-0.010211789156806095,-0.0006047427692728036,-0.0034712263457636894,-0.007631019385544668,-0.002783853239401779,0.016182793055790068
2020-10-19,-0.02031089107138584,-0.022978524142805323,-0.025873539857235173,-0.025077657574713363,-0.020216949722746236,-0.017181331260408328,-0.016989210738705296,-0.02014291744769059,-0.015320303725294693,0.0005046193567768142,-0.004536708600425765,-0.00378659707754192,0.06257564880520317
2020-10-20,-0.020850455371877352,0.010886520391776955,0.01310555947038683,0.0020054861263494317,0.003050895621115046,0.02329172338772434,0.00569534718586695,0.008343401080061597,0.003997795117317793,0.004809318137998453,0.0159614453636161,-0.00956165828733102,0.005809005718342419
2020-10-21,0.0016576578966107647,-0.008888216041285535,-0.0054612779147173995,0.0006984696490137665,-0.010018908847249541,0.040900260193116544,-0.010013159076755151,-0.016153592493910907,-0.0018946198268761094,0.007503195298922627,-0.03324886711980879,-0.0034597319293947493,-0.024139129425446715
2020-10-22,0.00742542785939726,-0.01218120155539637,-0.009629665345497251,0.0004189222622805744,-0.0026848868259321534,-0.002191064111670471,0.03471311277854028,0.049996160179372584,0.005470190554072829,-0.009849030639626832,0.014485321037570387,-0.010451249619197966,-0.019028023214514356
2020-10-23,-0.01219258008931412,0.017012450836904502,-0.006152674298755656,0.006216354121013623,0.008776346822348735,0.023699396068987078,0.008999216844312485,-0.020285159846088696,0.0033895968201784754,-0.001063040023779216,-0.02234535516201097,0.006093377568928027,-0.020122898725388527
2020-10-26,-0.0008324460631961017,-0.03359656710445913,8.696599840085639e-05,-0.028854091387776393,0.0008235515832764051,-0.027337578734901946,-0.025068474867271817,-0.02399750904395148,-0.018652666096463655,-0.0005039129828938727,-0.028006869766230125,0.009260827787843873,0.16400602597563818
2020-10-27,0.010414737676610386,0.01925603299503109,0.013382429848010524,0.01497673511492792,0.024423002689452744,0.022056525387712966,-0.019046541544706308,-0.016019580629647034,-0.0034537206798708198,0.0026288641762706177,0.021168670445427473,0.0066865462474057225,0.027049192726482207
2020-10-28,-0.04493353448533011,-0.05917484444515786,-0.04741913948530918,-0.050836864748618815,-0.038319991707740364,-0.05671628219224978,-0.028490222894128614,-0.038830686751491594,-0.03477680812844941,-0.01627516884164315,-0.0511222817163457,0.0009342014400228749,0.18879731093677954
2020-10-29,0.011777078527550167,0.03095657309354083,0.03638070958243311,0.01001481703334317,0.01513413491187432,0.04799463037909124,0.006504650166864856,0.04339067355186099,0.010112266347454657,-0.004153341326592397,-0.027356708366867988,-0.009754960964440507,-0.06911697590956623
2020-10-30,-0.057071061150065994,-0.038348775490580245,-0.05764821602989656,-0.011051561549493272,-0.05599533719159133,-0.06517715778624389,0.008913659215201264,-0.010672495994355824,-0.010479518792966935,0.004550651041840048,-0.013766210665309142,-0.009915070666422388,0.011374287465003796
2020-11-02,0.031630273380806706,0.0037230309774565207,-0.000827144345383779,-0.0006915495534656202,-0.010485731675678345,-0.006673567761208865,0.022291436174284307,0.04114077531935134,0.011146362769443918,0.009658128848512249,0.03922072186926906,0.007463147476841847,-0.02368705214446365
2020-11-03,0.056758916784419355,0.034280112886279746,0.015236843491171825,0.020061366633408184,0.014515652838803739,0.014962722815272222,0.031034529414121437,-0.01721115172721399,0.01750167697569527,0.005660943299978349,0.017365445379995847,-0.005818833260297751,-0.0434851621676704
2020-11-04,-0.006912319735337569,0.057803592668603354,0.04002485855865867,0.0471209209995207,0.061311127708150615,0.07994420222252785,-0.031034529414121437,-0.005401886464126537,0.022102936784428984,-0.0005590140649358588,0.026589499349791712,0.021460287919920162,-0.18417981124429117
2020-11-05,0.03983908014025417,0.026169355440752717,0.03487815008928141,0.03138899332088663,0.024635765802841547,0.025084417118925728,0.04008357744273727,-0.001807497995243601,0.0193150843457639,0.022723771699055817,-0.010256525248041104,0.0017370108845540244,-0.06966945394505553
2020-11-06,-0.018755444602258642,0.02799414945839418,-0.0011364383669594247,0.0019236721683713043,-0.0032050668056013976,-0.004318958790836547,-0.013410119903754847,-0.011827275967499773,-0.0002282726743016994,0.001420352959710769,-0.02573330677389274,-0.012158332363572555,-0.10383075896476157
2020-11-09,-0.020418708541598996,-0.06608695507495899,-0.020170030980596998,-0.024112490107174978,-0.0519488297063857,-0.051184041992031304,0.12697820492318534,0.11920558005377302,0.012487374881020585,-0.04528085614346544,0.05868938920334443,-0.021239138920305045,0.03517451647562897
2020-11-10,-0.02621538251050115,-0.06522938642621368,-0.003013577702414949,-0.03437708944472995,-0.03519509049367464,-0.02300541051487137,-0.003256010341696758,0.021942791408815054,-0.0014677200924868572,0.003307306555601741,0.029486171248386928,-0.005783423778239261,-0.037591004702496544
2020-11-11,0.016363110813065518,0.04949830073718964,0.029901269189902102,0.02591591788233316,0.033173226728091976,0.014756882247959346,-0.015045507202000152,-0.01036294344228672,0.007400905017973969,-0.004335982209302536,0.004486670732795517,0.0036023814578483027,-0.05597309498022929
2020-11-12,-0.012957330573613035,0.00288374493238841,-0.002346265508954559,-0.005138963581623024,-0.008678484699991884,-0.005076649707603131,-0.012360484104997127,-0.03486600092817271,-0.009747953436848533,0.0060423875087805,-0.013171804407064336,0.016874551657396708,0.07790821765828815
2020-11-13,-0.007948653293047059,-0.011942355301644447,0.00041941990476779267,0.00495443024796316,0.005939975842649048,0.006775382786325501,0.006243167421303042,0.023840762943351912,0.013749324519015005,0.006796565090032125,-0.018665824408294895,-0.0013271400547187895,-0.09294611104371864
2020-11-16,-0.0010042223136039752,0.01628004359356039,0.008682772694172947,0.003319718692639917,0.0007187867984450591,0.0072311591169684775,0.02783486198718066,0.05604916320463316,0.012405467184789742,-5.65028686549951e-05,0.023885937891547027,-0.0024052603633712977,-0.028541985869385833
2020-11-17,0.0789394462290991,-0.006904903568560439,-0.007593458648273099,-0.012833261360034598,0.0014681430076217694,-0.014297339309209178,-0.010196863163725034,0.013276230573114223,-0.0053930831549973135,-0.003675920484188744,0.0020804921850308133,0.006506466437553371,0.011514667631421727
2020-11-18,0.09709745318946528,0.00048412863785207705,-0.011456565148646014,-0.013271650149597747,-0.009677888280345215,-0.011079362162456974,-0.007434062293044441,-0.03848685234470084,-0.012107527869528845,-0.005738783845972151,0.004492807242236996,0.002893040816399406,0.04855953279402314
2020-11-19,0.02562244194505503,0.000856175331464204,0.005155067870317609,0.006328502694159077,0.0037155835474722565,0.003560420335551484,0.0026859909557837014,0.005093555712571529,0.0042014287399814165,-0.001882229686957615,0.0030986477660088774,0.00513498279378144,-0.03109939790064642
2020-11-20,-0.01953788246535826,-0.026577345363260285,-0.011018164162211797,-0.009602619254441613,-0.0056688516272878076,-0.011941974756639162,-0.00860386437198013,-0.012375951658413431,-0.00687148340774435,0.003021229432643935,0.00616863859065786,0.008830955857145995,0.025209629635621678
2020-11-23,0.06377098448425045,0.003984496475454513,-0.030193672544196914,-0.00133162903304207,-0.0003259651773968031,-0.0047200475778597095,0.028396437061645408,0.06345525881661507,0.005976322518744581,-0.019890324232127554,0.008504898896030344,-0.004592422756767078,-0.04487383146656221
2020-11-24,0.06227237273665409,-0.013967041699822325,0.011527328699606265,0.01769031702656143,0.006328425701275009,0.031138647010611642,0.04520020008282977,0.06444322694944438,0.0159852905525506,-0.015447030279528207,0.042446649969595907,-0.010001751197320274,-0.04605782309256634
2020-11-25,0.03297682427747439,0.0211517532378811,0.00743941810654114,4.690366011494973e-05,0.02126321800634745,-0.004814394908896347,-0.010515767512933039,-0.028266120134000428,-0.001542819261341144,-0.0004718480371508349,0.018337383746557467,-0.003083494804884346,-0.018186530403068613
2020-11-27,0.02028074420821646,0.0020002730139929703,0.004814782310358368,0.0063388978497771475,0.003219256968037598,0.00802320464416617,-0.0066596714039386384,-0.01530897850768742,0.00278108096573515,-0.010198732236164965,-0.004793155861809062,0.009658650889070586,-0.01948267116338398
2020-11-30,-0.03149318478843721,0.010520431076883607,0.020880060449409932,-0.005404345586525139,-0.008580433078829941,-0.0030282837728341505,-0.027940004267974494,-0.05261665797925774,-0.004437040296041417,-0.00669735892011758,-0.008039921279715756,-0.0012492943010187219,-0.013040535378140206
2020-12-01,0.029784568093448094,-0.0008584375220603846,0.03036186009391173,0.009947242786887855,0.016293135653356217,0.03400365372821845,0.01565549958046919,0.00965645944642457,0.010878272996324156,0.02084085881536435,-0.011365554176248072,-0.014854358580055127,0.009675971098775715
2020-12-02,-0.02763741793314356,0.011472385115266714,0.0029292724721683427,-0.0038929966100491598,-0.005152873417812565,0.003379567908110559,0.019026260332373646,0.03672030258800252,0.0021015065943510436,0.007493385024314847,0.011365554176248072,-0.007968076859517836,0.01907542882296731
2020-12-03,0.04227093212295063,-0.01072902096082462,-0.0011383230871588879,-0.0052602758342432665,-0.005257991204430823,-0.019917276703862008,-0.006576787747465396,0.006737291980400517,-0.0002727869232916902,0.00784266853055371,0.009000404368610937,0.008031519779208018,0.005182607989974386
2020-12-04,0.009493325730046465,0.012039156300477138,-0.0056281460459794985,0.0005599125573620967,-0.007607189417695004,-0.007657532411112555,0.009031794279468208,0.035905654322832437,0.008580668686565929,-0.002839455026540705,0.009871102873284965,-0.014774827784092892,-0.023295550833789314
2020-12-07,0.06888605629282196,0.003570595844952784,0.012195234556288348,-0.0003268011757713296,-0.0014492591018377965,0.020804428678337317,-0.0037669227586967224,-0.018891499835067105,-0.0020570052832216135,0.0148039454595148,-0.005082598290205631,0.008981126775585935,0.024234890989795144
2020-12-08,0.012573321033348073,-0.019049548263135208,0.005077987156462349,0.007994493487149867,0.00608976731944022,-0.007662830454732372,0.0009840443293196444,0.032237888382861346,0.0029219235891639883,0.0034818415347377396,0.00031842792712533097,0.004714275276031188,-0.029539972499347478
2020-12-09,-0.07241913725041016,-0.031908217176783715,-0.021125457095469535,-0.019682228736207286,-0.023272568006967198,-0.0195258626796031,-0.007817210745906245,0.013170384902679633,-0.00900930758138685,-0.017241806434506124,-0.0022310668959502067,-0.003310518078025737,0.07407343742717032
2020-12-10,0.036689587246000244,0.0032044857061861443,0.011917832946348739,-0.006061532807865255,-0.0008734778193986159,-0.0028826545423514816,-0.006464601714522011,0.027878848125109545,-0.0003274617170587746,-0.0019148863181888132,0.02427228531290293,0.008824786180578137,0.011163321774025459
2020-12-11,-0.02761559189545615,0.0031555471293174264,-0.0067575262883714515,0.012931090706681303,0.004802302959356908,-0.012966381046495279,-0.005920967071507022,-0.004783075293311789,-0.0011731369670826552,0.0018569454695862575,-0.0053083676020500015,0.003532455589867034,0.034478606538097534
2020-12-14,0.0477599701834297,0.022453435293583013,-0.005160306657977287,0.004398284190179957,0.012927776593181228,0.0023368807833028526,-0.010594438850562327,-0.03673986792063877,-0.004487114073761234,-0.005522859199322383,0.0071751248253337785,-0.002774705131667332,0.05873017467599695
2020-12-15,-0.010337277993335725,0.003881042954410052,0.04887644311293293,-0.00032682154261198804,0.002578270518214687,0.004947743388483694,0.016930811589761063,0.01923614234270765,0.013428804657506177,0.013893989774039994,0.011435845593483318,-0.003352644586468223,-0.07691249751264317
2020-12-16,-0.016688013184044337,-0.008871333199059084,-0.0005477283873434047,0.023766082060605598,0.023678659082595033,0.0004355173814749591,0.0029049162245993188,0.01521789636618287,0.001568215681783336,0.005503920929852413,0.0061274932832007245,-0.0026653685405921834,-0.017184798089550313
2020-12-17,0.05183107739238668,0.007429549035938621,0.006939231646820865,0.0006382651173755249,-0.0015068817750014674,-0.0043261586460241475,-0.00832164132007307,-0.0050470529934907304,0.00557640930384018,0.01046541004295598,0.012746702455993297,-0.002648982000709843,-0.025659732864673046
2020-12-18,0.057903538525752474,-0.005204398802490573,-0.015977496207706388,-0.0037901172193741672,-0.010696397444651673,0.006970595499875998,-0.004942259703820007,-0.017399858426693005,-0.00400085630942737,-0.0016988680965654979,0.009603906282995123,-0.0030025390263013207,-0.01655213009279466
2020-12-21,-0.06715493498509595,0.004529446468124476,0.012318919129202577,0.018133804052278713,0.001413904523066556,-0.013146630152846228,0.036850259975818034,-0.018422753381508894,-0.0035819949868090006,-0.0031789169989817623,-0.025409720552114656,0.003958288017205547,0.1539519795146318
2020-12-22,-0.014757629134202865,-0.004058587731541774,0.028066991653158624,0.006046534009715998,0.00010602891458422192,-0.021116508838488812,-0.015333323810318156,-0.01706947430440664,-0.0016867202064787534,-0.007934507183398942,-0.016994051519645836,0.005147355004477383,-0.03766390983153789
2020-12-23,0.008769209915362453,-0.02046669458257755,-0.007000469555724642,-0.013124796580774145,-0.006649178948489265,0.003811616732687817,0.02756082348129052,0.012769748468751896,0.0008981260096536658,0.006625879072275964,0.020358502204496975,-0.006933261993124162,-0.038709085799429666
2020-12-24,0.024149533626973252,-0.0011921993230203931,0.007682555517616763,0.007796893962891183,-0.003957235360227074,-0.0026518227437151154,-0.0044069573271503515,-0.00407844791986145,0.0038827039586815104,0.003977347328631531,0.005177358106261298,0.003949947423300237,-0.07943508686780021
2020-12-28,0.002897106734780941,-0.007241168432865486,0.03514137120176564,0.009872515855740005,0.03447015161825551,0.035271798460309256,0.006563531524952815,0.0033598561022634144,0.008554284545873259,-0.0036357443125671907,-0.010074822656005455,0.0004443771488356063,0.007864952436142936
2020-12-29,0.003459532894502182,0.003347205946929055,-0.013404383808642173,-0.0036071000244000118,0.011517048584034129,-0.0007944054265678346,-0.0026361162703913976,-0.011324084988121541,-0.0019096598373442575,0.0036357443125671907,0.005813038544900895,-0.0012715998432675235,0.06165414262935531
2020-12-30,0.04232058232357705,0.0155240046192886,-0.008563460533151712,-0.011080726451166534,-0.010941703573680961,-0.017898920760551995,0.0027956620305973345,0.007964228885858127,0.0014257835603119773,0.00762602669465462,0.003958022242310566,0.002161036695293994,-0.013522538154814523
2020-12-31,0.015552413007484667,-0.006927323620586456,-0.007732576582130335,0.003332647886577611,-0.00884033145992369,0.0047336085741225276,0.013548579236659641,-0.009176614867122623,0.005067830219772418,0.0037072651943423907,0.003033936699150086,0.001459196684320041,-0.0008787547824948838
2021-01-04,0.03358173995604563,0.004471093471586585,-0.025029636531915145,-0.02149534721752744,-0.021821098471907163,-0.015569259743099195,-0.009488599209717563,0.006769868808500501,-0.01370727847953912,0.022014258912347984,-0.019269513781507985,-0.0012053660385085152,0.17015996629507546
2021-01-05,0.007290726849837448,0.021966934855625286,0.012287866667232805,0.0009641233363666402,0.009954646073317086,0.007519580970490658,0.005426731265420592,0.0470675174088524,0.006863671928033277,0.0029572490918932104,0.047053238107392925,-0.007454359728351179,-0.06234093077742031
2021-01-06,0.02799476644243626,-0.06076218620173224,-0.0342410391982666,-0.02627114524820584,-0.02521177683421083,-0.028675852858111917,0.0458866512319398,0.02519674912484593,0.005960556839355924,-0.01637438415631909,0.004996394980416596,-0.020741422460941905,-0.010712280917359429
2021-01-07,0.0764484686901481,0.05621990830718815,0.0335540134855421,0.028059417155763988,0.007548565530855811,0.02041205438236915,0.03231170913016346,0.007815599585620614,0.014748434965665247,-0.002337349726099447,0.012237861725762134,-0.008853450570893706,-0.11395108697919598
2021-01-08,0.07548123816080565,-0.005052581112174881,0.008593951814303225,0.006074293788041807,0.006474509430722364,-0.004363061661265988,0.001103232016442135,0.011059743510552611,0.0056815213157328515,-0.03480879472366194,0.025730451440924007,-0.003232890824526713,-0.03688109174802445
2021-01-11,-0.08144231364811638,0.0256351354848241,-0.02352316089729456,-0.009745546405754979,-0.021754382256951033,-0.040927904514487246,0.014814180745259087,0.02990468676020841,-0.006763715332700038,-0.001963368081677963,-0.004809798123718068,-0.0016534410667929933,0.11054189600223241
2021-01-12,0.04607500335507542,-0.010089976600466066,-0.0013964770395533677,-0.011840896126056322,0.002123540741920671,-0.02264184541131886,0.015596775982453792,0.021960096023408315,0.00021139570447381573,0.00645309414351658,0.017988208630675295,-0.0007948632016709922,-0.03164153450913609
2021-01-13,0.005833900551637683,0.0034792170640502995,0.016096252677885836,0.006538711274591158,0.014335165650269488,0.0021881137958708052,0.0009265626258168069,0.01121509946748045,0.002689221897581362,-0.004316677807614688,-0.0027894659023264268,0.011199161469590102,-0.04919748607819807
2021-01-14,-0.011074621019439235,-0.024802944220623235,-0.015242709702354418,-0.015464845894388013,-0.012209782116707757,-0.02413250703803449,0.00582524483184077,0.038290820366779776,-0.003508064826239554,-0.0005192346256865932,0.012215655394589575,-0.009412014210123942,0.045762535348432554
2021-01-15,-0.022548164384925684,-0.026152839000236128,-0.013825606270206237,-0.001738806335719545,-0.007452299659631123,0.023019268941959936,-0.018083967604173523,-0.04929708563313717,-0.007319344359785873,-0.012485246085867097,-0.025148056280825504,0.003959739871977064,0.04581596179503311
2021-01-19,0.022015499815695172,0.012806946372436734,0.00541238697366353,0.01766610858872575,0.005304424924283957,0.038017180673126205,-0.004337295009220199,0.01964298484225191,0.007821163769508033,0.008437377567923399,0.011534797930755847,0.0032222615691948064,-0.04624617169330403
2021-01-20,0.006961708841249248,0.02580559896937995,0.032328149159416064,0.03584922352204245,0.04468698106534852,0.024141212786362942,-0.015109153246100071,0.014029027944212125,0.013743874479763107,0.016151154600027695,0.001118281218452477,0.0009848682106863293,-0.07410796584050638
2021-01-21,-0.006440854103183291,0.03685254492310053,0.03600229505904107,0.0028044065372636595,0.013274918628908061,0.0199509194178491,-0.00841961515493228,-0.029088561361455767,0.0009111962579284594,-0.000627373967170719,-0.0008386469901475735,-0.007043626779086765,-0.012121371311005547
2021-01-22,0.0019507385857471249,-0.011240352299420664,0.015945685009437938,0.00434664132611573,-0.004473303364495251,0.0059556700068998936,-0.007743209814272234,-0.014235151063546336,-0.0035458205727545433,-0.00790430206051873,-0.014931924008751096,0.0032315799373598963,0.027297561659489045
2021-01-25,0.03955508620073278,-0.004329997322499057,0.02730787565610182,0.015719931477001126,0.0005374909810065276,0.012705994503267704,-0.012560737544752065,-0.011237191752694997,0.00393629909348725,0.0008622455288582742,0.010166724449911957,0.01171689317803093,0.05677802765401996
2021-01-26,0.002596544878530338,-0.016095819733583205,0.001677777033213701,0.012125126774499506,0.009706872588035154,0.014427130280836309,-0.004095748192074922,-0.02220652432439696,-0.0015624015794237778,-0.002473656951146097,-0.003941429309781697,-0.0018891401724410173,-0.007357751117878841
2021-01-27,-0.021669174678462078,-0.0392794294899943,-0.007713641224357026,0.0024501831937850937,-0.028528919404601893,-0.035767713043439286,-0.028679001800067105,-0.011401057301618778,-0.02474388615631895,-0.0063557782954406505,0.0014094219816693787,0.0025398189533012427,0.4802140945749822
2021-01-28,-0.033811459334112115,0.010262409692983532,-0.035611408184109905,0.02556159993443785,0.0015579052061100995,-0.02658683167996667,0.017444314803342742,0.015534653720067126,0.008563321992538064,0.0009269317276352496,-0.007067167223092419,-0.005543595963555248,-0.20840455266105495
2021-01-29,-0.051455133708131484,-0.004704089029951675,-0.03813897177430903,-0.029605472232332453,-0.00975205157164627,-0.025491994712518284,-0.011129137415989199,-0.026844260550345833,-0.02022261312228224,-0.00040541033768271006,-0.0019877812741704304,-0.006034218053128093,0.09105816145167989
2021-02-01,0.05668432585298433,0.01885532046627203,0.016385095203030886,0.03261430725372083,0.04174627405005449,0.014144889672151884,0.007356062098864413,0.0017826414821882075,0.016508482205611408,0.009341522978241201,0.026368950993380214,0.0011585556626370064,-0.09006558280233135
2021-02-02,0.03851924269165963,0.023868520736181065,0.006316881928570162,-0.0005843037671020568,0.011043015400718836,0.019165388718329623,0.030318022141959666,0.0156823027561086,0.0140411792019286,-0.012242430084677736,0.01919446853912854,-0.0064677547166187566,-0.16813693512742756
2021-02-03,-0.020956118951171554,-0.001938005380745178,-0.007809024149644017,0.014466304884860115,-0.020163489626646047,-0.0016112348533336984,0.011386049288853783,0.03847827692770034,0.0007860490609497006,-0.0015117720158048797,0.0166984474129932,-0.00891306733917041,-0.10945511880997527
2021-02-04,-0.005514295631595445,0.00983643879933771,0.025431586658489103,-0.004082360033879517,0.005560357666634097,-0.0006001898914389514,0.022752310932480313,0.019008457811444224,0.01130154358382196,-0.021765636924135023,0.009834039294073005,-0.002676005070771481,-0.05104059353135959
2021-02-05,0.0026318832156615457,-0.005375159528629769,-0.003102754193681889,0.000784713344793353,0.006329342562379381,0.0060232997016207435,-0.001954947420809816,0.03297029752485692,0.003928227527924655,0.00982374869269087,0.01000001105430215,-0.00840846347284252,-0.04222013497218846
2021-02-08,0.013044842106936905,0.060507779546933094,0.0010963308168738806,0.00111412663375976,-0.00875196775883591,-0.005685684652448231,0.01553310373552641,0.04214227289156813,0.0071958479773215345,0.010019752210912891,0.01944829939922199,0.004381409980731554,0.017573424296219553
2021-02-09,-0.01630045514251055,-0.01222936710405298,-0.006595625662714433,0.005347279756020562,-0.005413479034809043,0.010708631049460848,-0.004003963025571267,-0.011780765087098466,-0.0006661963772796042,0.0032595928083516412,0.005889136254178418,0.0007391733550319302,0.018195015567699535
2021-02-10,-0.05398211054651636,0.03452260199858914,-0.004568763336321169,-0.0039047086568571032,-0.005588994815407311,0.008941136584744491,0.0005732456100862038,0.009631353879532512,-0.0004355869826593306,0.0036544306292798368,0.002804351477916356,0.006631738639702789,0.016506592992762137
2021-02-11,0.00846287842304605,0.03241977411657837,-0.001922110173116387,0.006853891744899698,-0.007467083315264134,-0.005458481794758718,-0.002796346723116905,-0.02535797721455335,0.0016139467464553192,-0.008723013798523027,-0.007923301734507948,-0.005489279817232351,-0.03423089878779306
2021-02-12,0.005479859012750943,-0.019164920841630018,0.001774431191279291,0.0020429982944438763,0.004764600739062708,0.00040649766174727375,0.014116991091547071,0.013551344676852928,0.004927474986261338,-0.00304185235154808,0.02458614292902439,-0.012497964393491934,-0.06212578232655375
2021-02-16,-0.024685864957399772,0.024364254996179557,-0.016235067833523686,-0.00527941839802093,-0.0026761970923745437,0.012746609231789385,0.023785145452912104,0.029643624871323215,-0.0008663924051548477,-0.014457496034196105,0.012688368761979874,-0.015343792520255306,0.07195958149664117
2021-02-17,0.002420934399334662,-0.02806396417791923,-0.017801584777624058,0.004350167058765564,0.012068471325383356,-0.0014612943796334932,0.0031065362841671273,0.015445013161178522,0.00022944178857198239,-0.01141778623419576,0.010818857084082811,0.006330335120820152,0.0018622405931036923
2021-02-18,-0.013585558248810692,-0.005179231402173912,-0.008674012250438068,-0.0016802702417262338,0.005903355134449839,-0.015397286173752356,0.003371222040104982,-0.015829514928826338,-0.004264700175157898,-6.0090224343056775e-05,-0.015278733219155516,-0.004054608645518876,0.04501782066055826
2021-02-19,-0.007751801260508451,0.006553352403519952,0.0012327990832936564,-0.011634792431490126,-0.023816428691007197,-0.029496331391247743,0.016552926228398768,0.00670544164391762,-0.0017678465246202535,0.004139970385630853,-0.014759496123130766,-0.013380662236913032,-0.019758188501749707
2021-02-22,-0.08937612559287711,-0.03898757089659233,-0.030252157141252844,-0.027174235736390884,-0.021510306346618435,-0.004713670915394097,0.009346531972068917,0.03619060500832516,-0.007721502613286191,0.014858231751961881,0.039530801494416234,-0.0076377658282442695,0.06155796013459369
2021-02-23,-0.022161184525391953,-0.01500137718314587,-0.0011116389418672767,-0.005301599142750746,0.004316729031036637,0.021019725397596112,0.007999782364658259,0.013717624324961264,0.0012136024754028085,-0.00230339647421296,0.008202703699969227,-0.002887947748106079,-0.014605076730017874
2021-02-24,0.05995434797561927,0.024930512529804716,-0.0040602610500890535,0.005472085634759871,-0.0110073276407876,-0.005847050644606,0.017441919045644738,0.029532289671042822,0.01095917047944095,-0.0007097783269722768,0.020923280628391883,-0.006581794616833392,-0.07968219767307128
2021-02-25,-0.08402401628243972,-0.08575182769619483,-0.03540207186767841,-0.02399046236327429,-0.03293690001850802,-0.037075706084876536,-0.01366456825568374,-0.01671751637110308,-0.024390842063582774,-0.01899580806530743,-0.0009416412173752775,-0.016464893897270905,0.3029122403274722
2021-02-26,-0.009898985904473356,0.030125934803294285,0.002229204749004232,0.014695711805083889,0.011632467716053085,0.01143863634271991,-0.026882899852291864,-0.02524428730605921,-0.005166272284562012,-0.024480114534154218,-0.02745780006077414,0.03252401270594785,-0.033078266453713034
2021-03-01,0.061615106636751626,0.009235578877830442,0.05245125101102488,0.019432776088015302,0.017057488725899184,0.027904482821988097,0.02237489030868467,0.03665649181509112,0.0239512439222489,-0.0017319159550748253,-0.017336605627759738,-0.013295121802830323,-0.17982022644575002
2021-03-02,-0.04554943930628852,-0.03196840667337941,-0.021114957339452012,-0.013041482800998594,-0.01654030181848487,-0.022562194733618313,-0.0032613495063671394,-0.005868205345594735,-0.007833759406301155,0.00543314836651998,-0.013140111992475223,7.059597590330924e-05,0.03161485587328938
2021-03-03,-0.04963546753524195,-0.04590463215820684,-0.024760620721190563,-0.02735152594561452,-0.02935847824991189,-0.013957896011797644,0.01914801324523463,0.00799395573067363,-0.013334099234503682,-0.011082728374519846,0.026352952356860193,-0.010904697023775611,0.10132748472935971
2021-03-04,-0.04984401019282281,-0.03452186057869078,-0.015938312631054607,-0.003653965030794737,-0.009170074897274283,0.008693160359039886,-0.015487919099306247,0.03801550738170123,-0.012452024294165476,-0.00988559566723346,0.04584582259159564,-0.006470514238610114,0.06881786450640703
2021-03-05,-0.038532236280416576,0.007349417342199516,0.010681225064119282,0.021251900737606633,0.007658083796421522,0.025445598050712448,0.002321668242226238,0.03711546096982854,0.018229228049166935,0.0006286134207726946,0.03131324188884799,0.001945154412897665,-0.14717471401246485
2021-03-08,-0.06022747806878126,-0.07222077462644538,-0.04256671172547577,-0.018345168105975418,-0.016299583149453234,-0.03453032924974497,0.013166250857080009,-0.0009851934986491173,-0.004991145286767029,-0.010422315048140618,-0.02137899577465241,-0.007805272218566195,0.03231877048384346
2021-03-09,0.17932714140524908,0.07726935957776782,0.03984512051985689,0.027713956027617392,0.03687987327469333,0.04003970792047351,-0.007088233357261053,-0.015563295397866383,0.014176586418283676,0.021048060194488905,-0.009005935177591073,0.013763022515490775,-0.058198183709485374
2021-03-10,-0.008228833280182535,-0.004162031507215058,-0.009208871614767133,-0.00583437336332171,-0.001702465685027299,-0.0031659319769108407,0.021501934601852568,0.030240696335327222,0.006205213754286731,0.0050853276984303974,0.014508050705300146,0.0020014378894037677,-0.06312467536579724
2021-03-11,0.046130766690605896,0.04126394687219426,0.016367791328201875,0.020062465932530138,0.01813302818958551,0.03333764910631665,-0.005235137806770318,-0.007474758838618811,0.010088193875762208,-0.000866386502682559,0.019470771191139047,-0.007239389876948721,-0.029235256314019686
2021-03-12,-0.008425900400430564,-0.01063858138773588,-0.007654621932329242,-0.005836543925766158,-0.007770384177341327,-0.020211711254677134,0.011788677561422212,0.010707353468530023,0.0013459596437215282,-0.00018574519969138947,-0.005621150463285485,-0.021449978734855435,-0.05729262907326582
2021-03-15,0.020276496577123382,0.02574309328736968,0.024162707205618972,-0.003995461489633811,-0.002531144890792092,0.019737023289570388,-0.0050078408515954465,-0.02582698977482245,0.005945749211914375,0.004386867610048029,-0.002031377650181021,0.005862498067775057,-0.03241933361122529
2021-03-16,-0.044865336947577106,0.0075521769838626795,0.012662407211620597,0.012274808645478252,0.0032979661178309527,0.019999514282655007,-0.012043753405107438,-0.021423370926339835,-0.0012620144823847212,0.0009244132771240032,-0.009762740493015176,-0.004026735184794461,-0.012054378081987949
2021-03-17,0.03616869761350472,0.0037548073547370997,-0.006471587265211909,-0.0028225160060273424,0.014089129048404203,0.01679454261177682,0.010240111575709143,0.004388990757627997,0.003403923023655331,0.0071195808075623646,-0.00022822900398766777,-0.007510903122876833,-0.02870527008056767
2021-03-18,-0.07184055905976194,-0.04748889608984985,-0.03449329059821693,-0.02702393403307024,-0.03496292546552038,-0.019160491286927872,0.01637166565884307,-0.04407658865292641,-0.014656472623359562,-0.005826967579591447,-0.0795293381520823,-0.010178031971782353,0.11529542049856323
2021-03-19,0.0026145840568734258,0.00964108835466071,-0.004490222970245483,-0.0016049333376662034,0.015392830040767969,0.04041122964571553,-0.016049444733970297,-0.005648846516309813,-0.0018521341195461005,0.0041743948168262435,0.03161740041729866,0.006178448145157667,-0.02962827350928432
2021-03-22,0.022840977712959898,0.02616153899704088,0.02794169682901959,0.024189414160158407,0.011610547696605522,0.011753773091655262,-0.027246684400682675,-0.010320466856485133,0.007953194098265115,-0.0014713433816879729,-0.001437503209208213,0.011143724126216448,-0.10403556651887191
2021-03-23,-0.011770465503007976,-0.008797608499966802,-0.0069125554253206545,0.0067151006024239734,0.008523856571831523,-0.009962851138707762,-0.010052262498374986,-0.012418070156202443,-0.007901888816181923,-0.007327408483150499,-0.05773680843356077,0.008986023208787053,0.07251773219808477
2021-03-24,-0.04935894253519102,-0.033273290390684274,-0.020196059780894338,-0.00896339020064385,-0.016203881085462335,-0.029647627051262226,0.0077316342622753,0.0200797032432245,-0.005096346320960343,0.0034548592032761505,0.05148382216209857,0.0053682810392601255,0.0433803692011594
2021-03-25,0.015929083234571983,-0.008558889166866646,0.004154899398015388,-0.013339343780883084,-0.01330779145401717,-0.012123804966746476,0.01273201419237946,-0.002844245321566685,0.005609758791293551,-0.0036402714825332083,-0.03836224937111421,-0.007916828867504222,-0.06781438391420824
2021-03-26,-0.03444071328935916,0.023962317886285334,0.0051282461313801875,0.017661678344558673,0.0018923206745418142,0.015237989452997702,0.016513077519530128,0.026869820311074655,0.015986660545921794,0.0028393742167223124,0.040290377632927754,-0.0035059999475484105,-0.0491435241839322
2021-03-29,-0.012065159218404453,0.008453482616403107,0.0014837767509527922,-0.005257318894896557,0.007735312514846271,0.027187116363562858,-0.015661602334415825,-0.005386105481404169,-0.0005051851507538174,-0.011967328788776932,0.009346968083669527,-0.008524494573570074,0.09502088219807714
2021-03-30,0.039029424523405076,-0.005925564528324934,-0.012350207740871255,-0.014515331226671258,-0.0066677778077828265,-0.009744319979839489,0.011720697172114214,-0.012446348527201945,-0.002656645463890328,-0.017239575016029463,-0.01805320502669394,0.005226121752967217,-0.05602452043285222
2021-03-31,0.049582426993429074,0.03635051113426213,0.01859163264631114,0.016765856744070717,0.012616087083554994,0.02242066391536035,-0.014671859438483814,-0.015286386626372828,0.004045228997870964,0.015053975494509153,-0.01566738078464347,-0.005595144538869334,-0.010766624926866086
2021-04-01,-0.009295525767170076,0.034134333229132174,0.006934485733502527,0.027526235665095378,0.021397878158709638,0.013924753618081986,0.009675075833710522,0.027558495433966268,0.010741044023450108,0.012549018493591468,0.03181041288189679,0.016460239076288907,-0.11283394708080019
2021-04-05,0.04332438849776654,0.012644193195381348,0.023303618637581458,0.02735123849890453,0.02058080084715641,0.0337440517562575,0.005286539545452662,-0.01562946288723266,0.014251151753542857,-0.0003704696536619423,-0.03799778585868463,-0.004372543241025539,0.03292010822782254
2021-04-06,0.000824436171884102,-0.009048792865872901,0.002459166396967305,-0.004870087018334246,-0.0009022971624075282,-0.008615329131024474,-0.0070551762735560075,-0.0028357669012626374,-0.0005905203157015038,0.007996616729269768,0.010373073649069475,0.006769719650867145,0.011657139377224457
2021-04-07,-0.030312237057485092,0.02014003330545222,0.013301658932158844,0.00819666695551824,0.01709045911872309,0.02205605799629229,0.015546508123118308,0.004427415480796171,0.0011563603640896147,-0.0028223021365771928,0.003923493133115574,-0.006988590488064439,-0.05443526176239333
2021-04-08,0.018941076007002344,0.01219253400994802,0.01905119058388216,0.01331631937662614,0.006052887214350378,-0.00022362331620939813,0.0012257627071354804,-0.010480534252663265,0.004735454391309624,0.010694635856861368,-0.000979454421540904,0.008221420213479824,-0.012313206330112347
2021-04-09,-0.009964638245883783,0.005780434589321537,0.020049064971096264,0.01021428926161061,0.02185505142152877,-0.0017905920272598408,0.0074502880068116895,-0.0023241576517301077,0.007244121537002712,-0.007566026934119563,-0.0044193616538317215,-0.0036300061352569912,-0.015458109165233491
2021-04-12,0.036204064082915544,0.05465907442593698,-0.013320823535254434,0.00023448569718187429,0.002129852126865117,-0.0029486087315051535,-0.002114010244194553,-0.0066445332832372195,0.00036423032589816273,-0.006082067490100762,0.006377312104574706,-0.00043620978236003083,0.013095384214556915
2021-04-13,0.08246153715881288,0.03046666284573618,0.024015499324274714,0.010031283218189024,0.006080225513606763,-0.005729708684247825,-0.011998667736744295,0.0037767439682672155,0.002959383259662829,0.007061488473290467,0.01215081733193868,0.007465831596568329,-0.015494960371601252
2021-04-14,-0.040271799078941406,-0.026005472364491133,-0.018014418687860356,-0.011282447097943127,-0.01990266892127046,-0.02265940348452311,-0.018867092261319662,0.02848960438750403,-0.003420742850597236,-0.004353779487220599,0.03884901943682806,-0.0031824049913051766,0.02021472869692076
2021-04-15,0.009000306677510395,0.054781759485209136,0.018534987280853343,0.015181877468623206,0.013733669660684455,0.016376550897771125,0.006328703279950609,-0.0059490770448951125,0.010685170801241206,0.016033536538392568,0.005329627690957572,0.016595991663075793,-0.025031109191175016
2021-04-16,0.0012579114127895252,-0.014025342648193995,-0.002530868066827452,0.004767178514901715,0.006004280530908623,-0.005341860368259788,0.0073986057090902335,-0.005631700362191072,0.0033366365732678815,0.006029562814785727,-0.00208213266184476,-0.0077967265135976405,-0.01950090424535711
2021-04-19,-0.034587909254449656,-0.03522445478649949,0.005055463297647833,-0.00770001013708832,-0.008101740463144935,-0.01295185673999466,-0.004249210655451918,-0.0031819742696947984,-0.00492530746007791,-0.0027691247303618383,0.003236982933916721,-0.0028764629466246916,0.06203544387071469
2021-04-20,0.0060824814151700934,-0.012478115413310675,-0.012913117407148178,-0.0018567498399706395,-0.011129268476365084,0.0013555241508482752,-0.022390692713772253,-0.021294574407182854,-0.0073482637835766695,0.0035502419969404286,-0.013479125925536017,0.004598625161748693,0.0773250964912684
2021-04-21,0.03435484924604282,0.012397046659142763,0.0029258031579679766,0.008942870296086092,0.008162267510845922,-0.00390644785695482,0.008471673850040773,0.012759668663159918,0.009417642271138504,0.009862362310854245,-0.022956899694334787,0.002004938477076834,-0.06525256820826097
2021-04-22,-0.033381717950915935,-0.03378260982790726,-0.011754452528355053,-0.013172399484717268,-0.015883879438344017,-0.016555878562397375,-0.02128218736658294,-0.01312156501237327,-0.00917494301556765,-0.006504254231621154,0.007631796939522317,0.004354574485289753,0.06685721042401394
2021-04-23,0.013401702875531107,0.027562258292832542,0.017878002008388627,0.015357415555589782,0.009576191314046412,0.015427448873510663,0.018954669153679937,0.005413318461875871,0.010783914834034292,-0.003838772793776535,0.00875224830524024,-0.0023537126489854288,-0.07661899202838818
2021-04-26,0.011992516455123337,0.013840741554925984,0.00297386271307154,0.0015305202072353197,0.02018469191216532,0.006322739149588585,0.0024607155149825033,0.0019773746920623836,0.002085557094519963,0.002640755671589723,-0.0030663369234984472,-0.0014291126655612274,0.017729916653121514
2021-04-27,-0.04638585985423038,-0.006238011415802269,-0.0024529845986167587,0.0016047115885688967,0.0024698649221992497,0.0017474307852012316,0.004572344975477094,0.013025571567669925,-0.00021566473717626877,-0.002520544909244471,0.018258905127549685,-0.008760698091156094,-0.0045454581845496556
2021-04-28,-0.014780794025162969,-0.0068497505047306895,-0.006045102756352172,-0.02869355483707725,0.011946146532530122,0.01156128982759963,0.0064583130507269715,0.029691388049538414,-0.0002872852594828501,0.0029400644612769256,0.009695324604357403,0.000648530982775064,-0.016073754681327657
2021-04-29,-0.025376837131345198,0.0031372498699604456,-0.0007490947125994296,-0.008085708587298512,0.0036970920850531996,0.07043322505214178,0.019257612390908285,0.014182030721607841,0.006352448956556955,-0.0041425474621679115,0.016630969178615285,-0.002959167508451266,0.01891715405514871
2021-04-30,0.04680461290993776,-0.02078591849107525,-0.015249090116067343,-0.0013076432736571775,-0.0011212645540181754,-0.01353571891950267,-0.008932289809362892,-0.029266771640879874,-0.006592164990751215,-0.003374702192485479,-0.02262173188398764,0.002310636525676202,0.05523214628363915
2021-05-03,-0.035203052789871236,-0.011576074510050827,0.008181525476235407,-0.0012698713914645055,-0.02361686640013616,-0.007719770322976771,-0.00292973570973043,0.0272289437890052,0.0021543600897668824,0.01289485518814093,0.016275409902132054,0.0005987294843299296,-0.016251773932245417
2021-05-04,-0.016636360929421556,-0.03327025635572989,-0.036026557392903946,-0.016291788287139397,-0.022280927908248316,-0.01316832782390609,0.01372879843662922,0.006270587654031878,-0.006188376669501672,-0.007356686965197312,0.020034421465064067,0.0067636807317548175,0.061940945196345965
2021-05-05,-0.003956776807325646,0.007445533433089402,0.0019536598298675045,-0.0053412201445075524,-0.01255795508146118,-0.010546942863721043,0.013035549367112154,0.0296293087258368,0.0003126269185731445,0.004133613366980704,-0.004691153187873276,0.0016477161831760512,-0.017085579008662144
2021-05-06,-0.011090612633393171,0.004450952524984952,0.012721208114821358,0.013140095488537895,0.010895826077639725,0.015747486597580185,0.019924628009794,0.009467920098021665,0.007953798917351484,0.016542002735280725,-0.005613577127234759,0.0016452651769549576,-0.04049569027965383
2021-05-07,0.013219694470214094,0.01972114528443214,0.005313267282546441,0.010872363810590535,-0.0044740515091259425,-0.002941659443719935,0.0034171186146059185,0.014196095096848715,0.007251614595339184,0.008956587353821988,0.00045025794838426947,-0.004943677776275024,-0.0969972357545088
2021-05-10,-0.06661398691844678,-0.037593068542750796,-0.026143391197784638,-0.021136012503739643,-0.031202294199866643,-0.041954710799576134,-0.00012437419865118926,0.0023998519917802774,-0.00995166411702808,0.0030259218728545534,0.0011247158343725694,-0.010179003605339965,0.16377633728528096
2021-05-11,-0.019001672485714494,0.002834861763572949,-0.007437614678111437,-0.003850803226071342,0.010420336143649678,0.001828437177954001,-0.016762770970463414,-0.03231579023518938,-0.008964680292197436,0.0001742848474819425,0.008729756532351196,-0.005675594915872217,0.10515705090564609
2021-05-12,-0.04525703659502067,-0.039039793480588614,-0.025255004071790488,-0.029802511276363575,-0.022576744303825613,-0.013069042167595413,-0.006898882389275052,0.005343967299224595,-0.02147420795646493,-0.009983483413452454,0.007770097661356612,-0.010563131025953965,0.23371023589641604
2021-05-13,-0.031339186285390674,-0.006800468103696833,0.017761030191864258,0.016721430861807995,0.0030189822880313244,0.00891739481555387,0.02539707077148723,-0.012401864116024619,0.011940779893457432,0.004098917859921336,-0.0316773606722589,0.0015472814463715068,-0.17632295379972707
2021-05-14,0.031084853734470563,0.04140956148662056,0.019650396274403015,0.020848386538743213,0.01924448252755173,0.03438846955973496,0.015421928075408431,0.024487128213904086,0.015238865401986601,0.009074563611958908,0.020335036596547784,0.00930751747629266,-0.2067418250392974
2021-05-17,-0.022134145780060344,-0.005456331105120782,-0.009301600614635142,-0.012040647268191762,0.014627646460072086,-0.0015206534425180607,0.00401610089362503,0.02309785885666349,-0.0025479550315283817,0.011572105937362132,0.015094633252671574,-0.0021178493282043576,0.0472446994340161
2021-05-18,0.0018013224952051488,-0.010627724402338945,-0.011309329416635094,-0.008601991039306256,-0.01172148758111291,-0.017588425383336492,-0.014188710295051088,-0.02870856350457629,-0.008652844354103628,0.0019442812059784487,-0.012191201414645025,-0.002561737462667857,0.0789499386691932
2021-05-19,-0.025252562795766487,0.003561059896248331,-0.001282546111982974,0.002470979766258097,-0.00014852585753466485,0.011643006663750732,-0.007667073738539365,-0.024287259435721076,-0.002625087968229245,0.0006853819629943914,-0.031950148033327075,-0.002421187485468934,0.038607742657343014
2021-05-20,0.04055360140847508,0.03813457467954784,0.02079451142812694,0.013725631876134514,0.004901676923524612,0.01588144246735812,-0.0017395138200297922,-0.002376507442523046,0.010700275769333523,0.00455687179574138,-0.02211708741587115,0.008194896339054125,-0.07050761829654917
2021-05-21,-0.010105809239520092,0.025622795493531303,-0.014877108125408434,-0.00532893987135985,-0.01382802147126938,-0.007497895353849593,0.011314286263619522,0.0013586401612690757,-0.000818911833766478,0.0004544691684227331,0.02831475340241063,0.0032014239151560986,-0.02547910792353214
2021-05-24,0.043061622029703095,0.04053968040487144,0.013226116130931942,0.022624138181049247,0.012999356323421196,0.026216073730415346,0.00539512607060022,0.011642769732104874,0.010142597767563544,0.0017594874877140398,0.029758726086480003,0.0036974200127257717,-0.09085362557830257
2021-05-25,-0.0028898399510817185,0.0022873599067469996,-0.0015746472161906055,0.0037413610752672355,0.004323491452926653,0.009687323957368932,-0.010387447529923932,-0.022907519483637007,-0.00222119108308938,0.009031903514378214,-0.0022237565389220393,0.009220661050051149,0.023631633364472826
2021-05-26,0.023599290742317258,0.0033336529630743073,-0.00039420379057197863,-0.0009142718539143502,0.0018730010825374066,-0.0003967907347321997,-0.0001233680997234643,0.011604257687679365,0.001982409208727276,-0.0017435678186670245,0.006214014609705831,-0.001722479481101935,-0.08181353285665827
2021-05-27,0.018752900206065348,-0.013595422069172525,-0.01245421650676537,-0.008705845111241395,-0.010792589148289622,0.01541504593526799,0.015451781073775983,-0.00646809546286109,0.0005247761059488099,0.0003940189892901458,0.007713503239096475,-0.004030585442260204,-0.036367693002124835
2021-05-28,-0.008964584890581051,0.047689084703076645,-0.0053620596963810385,0.001482866236321989,-0.0021818073536046256,-0.012154649734321232,-0.0006694441862764577,-0.0032499613686116646,0.0017874069801004921,0.003763087633854134,-0.0028581105929030848,-0.0015877077021686503,0.001194057321792119
2021-06-01,-0.0021135004691110737,0.0012304025057439105,-0.002651795065016671,-0.009173774105107668,-0.0013723560569101068,0.0012158677507825288,0.01096022910770067,0.03518017328882417,-0.0008813611044686809,-0.0026945732480543327,0.019837242586995263,-0.00022459475250258265,0.06580558282518023
2021-06-02,-0.030563287475861678,0.0310983566555163,0.0062563562718676025,-0.00040406248541025036,0.004754641593086362,6.0796687291642115e-05,6.0013576911543964e-05,0.0079076102009763,0.0015714886518640725,0.004878526963101315,0.012227969036399333,0.002312778316404973,-0.023743347496015144
2021-06-03,-0.054820311546240674,0.011348928222277177,-0.01222848918086683,-0.0064502890882431885,-0.014633490299348573,-0.009493467548610468,0.0006620050156511681,0.003930629059011537,-0.003718372737090192,-0.019772420864664575,0.0014914180409344446,-0.003761100680403473,0.03153422134479289
2021-06-04,0.04473860632554949,0.035230360192669785,0.018843313855988697,0.02046383009983277,0.006009564164363823,0.01313275059012664,0.001623578751665633,0.0044035126179933215,0.009104339465825895,0.010725633264657475,0.0061551102152717085,0.013601953694082347,-0.0940914567136435
2021-06-07,0.010098272085864224,0.002315281942646852,7.957882414189044e-05,0.011970024812679725,-0.0025639767739553676,0.01868283805387705,-0.004697129395085042,-0.0065306665568658495,-0.0009707559112879238,0.003999619209611005,0.00021161824599502665,-0.003078122077982748,0.0
2021-06-08,-0.0025481655598920128,-0.009236878137142135,0.006649824555475803,-0.004897429481204085,0.02045844509486905,-0.008653324027860343,-0.003992156490825849,0.01753567685588031,0.0002132018834393179,-0.003096867753862753,0.012822048508777328,0.00700214355644313,0.038822410257761675
2021-06-09,-0.008000903407653581,-0.005443869357414588,0.003072475236001182,0.004030378155452041,0.005206770515708392,-0.010332429858834757,-0.012563334427759365,0.00833485277474777,-0.001493135546665414,-0.0019193434836646261,-0.006285359639427224,0.008789784177514193,0.0469193444752678
2021-06-10,0.018761400839628628,0.0038381037542740692,-0.00805564687056215,0.014290489282450913,0.02066191089395719,0.0066696201644829145,-0.01571165839983557,0.001594739818163049,0.004637621485604981,0.004285131517665519,0.005240552616245786,0.005980834975034988,-0.10542256771952596
2021-06-11,-0.0003770891203824789,0.022710041073770615,0.00978473767365795,0.0025239730368733504,-0.0008421810689318576,-0.003615865789918793,-0.0006858272282554978,-0.009285904140081236,0.0016513099504242845,-0.011316177890912549,0.005005179582536989,-0.0016147785915761048,-0.02834840307308939
2021-06-14,0.01270813041693053,0.010796568463446121,0.024280563117665466,0.007725120183450507,0.0110063346852316,0.016496550292757206,-0.01711501540753968,-0.0016097770918461762,0.0022365953244722903,-0.00587816641004224,0.005187271753536837,-0.00768843896148752,0.0462004629053725
2021-06-15,-0.03012429716067011,-0.012860145377877163,-0.006458360176041289,-0.005904512136492457,-0.00021872359760788385,-5.9512434116726354e-05,-0.015283923338204275,0.03576341198385036,-0.0018362133391223168,-0.0037848631237418218,0.013566494867255585,-0.001204443213674189,0.03771779452438828
2021-06-16,0.00915115578861947,0.0012217425208920218,0.0039260742364986,-0.0038002588672396698,0.009449397061352727,-0.01698066805179632,0.006999672532576717,-0.0035818687553268447,-0.005598878972515209,-0.017036003680355627,-0.004706844734235105,-0.0008514478115762003,0.0642813896523835
2021-06-17,0.019206974034688074,0.046460547658139006,0.012522187368517734,0.013583582352133305,0.021433300729007065,0.016267797694274222,-0.029285043446337866,-0.03347118892991352,-0.00033174887458020663,-0.031222825916410457,-0.014671181174468195,0.014860926463515334,-0.02228502377181929
2021-06-18,0.010823457790849922,-0.0009915610364017446,-0.010143058181610876,-0.0056503253823896316,-0.0006708833058208796,-0.020566061582173667,-0.025628796127455722,-0.02598381439802777,-0.013582047615257054,-0.005562705142465596,0.006639022098203995,0.018631380066031156,0.1537482212068766
2021-06-21,-0.003986737073227609,-0.01141274651859403,0.01400544367973744,0.012259463785817992,-0.009491708765253293,0.007946388279465921,0.016826030295191252,0.03561618896298446,0.014214324627813468,0.012173251058175794,0.020467353594847637,-0.016885217080447212,-0.14589187372458623
2021-06-22,0.0046282567023236965,0.024630284052336027,0.012618620485697285,0.010906324381702248,0.014794678093753788,0.020080358028759626,-0.001463479037838944,0.018991007261246473,0.005332152501026144,-0.004201668574228101,0.0012147715471400033,0.002439769432240446,-0.07123123582395552
2021-06-23,0.05134382098403201,0.008986889849262436,-0.002092310953172749,-0.0009044058767315732,-0.00046229652298901414,0.0045908913629810755,0.006039998775447586,0.007340908723277195,-0.0012060678893037746,-0.000661876798756289,0.006052127684481601,-0.002579198480636258,-0.020619296743295212
2021-06-24,0.034798741964763735,0.007749012329180793,-0.002171087217046619,0.005338732675180147,-0.01574627076531332,0.007575653961402473,0.009155684765758565,0.004037858102758474,0.005898256371573041,-0.0006021199876098393,0.0024105863466914457,0.0016039038246535853,-0.021679351888891585
2021-06-25,-0.011763228305736284,-0.00912727768601762,-0.002251661621548884,-0.006281572733422003,-0.013902758645549795,-0.005287997590184723,0.01004751341454746,0.002167660473049171,0.0035454875733673674,0.003306999189259585,0.00819266939843244,-0.01043757107775889,-0.022159841862595897
2021-06-28,0.024769941961746866,0.048912885439496456,0.012467985998950937,0.013864451865985394,0.012396928694551335,0.040952057942425846,0.0018157779331708923,-0.02584936689503925,0.002014143415900449,-5.9996439618181796e-05,-0.014230104397403576,0.01022822089389841,0.008922961867715351
2021-06-29,-0.011624991064810075,0.0020866413542481865,0.011434934639325434,0.00992381742718873,0.0012332733462514511,-0.01060041498874309,-0.001231590018432982,-0.006208993044908961,0.0005378302782990119,-0.010561034647227352,0.007040127097218463,0.0016717464821480732,0.01636287126203184
2021-06-30,-0.0015582931945798961,-0.001211598945109138,0.00461023767868074,-0.0018439196792074952,-0.0023169853895694814,-0.011950012947008481,0.009041285680402744,0.007319274540539489,0.0008414068488420412,0.004841763592293269,-0.00020042741346681936,0.004443726635806833,-0.01193110114138296
2021-07-01,-0.0026222581937176415,0.010418963601710463,0.0022607383523443048,0.0025807473375714096,-0.0020921891922665026,0.019029397993976183,0.009852298635487422,0.002849537928721002,0.005521292910870557,0.0034354496150825753,0.01472659179078839,5.5444573979102074e-05,-0.022358030483057068
2021-07-02,0.0014445931240389953,0.013514314655647564,0.019406791623579167,0.02203099620467519,0.02246941064938568,0.0008743034252436388,-0.0009609575620208588,-0.0014238628448173252,0.007614495496225615,0.00653692915069648,0.0061054128722553,0.006015991357225303,-0.026842846202429715
2021-07-06,-0.028870583198134625,0.010270816580189024,0.014611497963795017,3.573264287304312e-05,0.045859309046500485,-0.005427738796507597,-0.016934112825803815,-0.028908490212439908,-0.0018231483794650671,0.004949187883217299,-0.020431113552368707,0.011653146742084175,0.08701142972543563
2021-07-07,-0.022895747206025163,-0.015912132402707613,0.017795881232490984,0.00814240343633621,0.005653552588564814,-0.006512501664228232,0.001172718712358467,-0.015766417781459374,0.0035279977959161712,0.0037995736126816837,-0.025163699116628635,0.008820245654083791,-0.014706132779924719
2021-07-08,0.012578594031283252,-0.023291270919502782,-0.009242036033346501,-0.009007102301595182,0.009378115281815091,-0.013905516706524956,-0.017404208350392025,-0.00447941618250125,-0.008181575414584863,-0.0006520293887515294,0.017519303400777453,0.003910218492600315,0.1594276898330751
2021-07-09,0.006321812249024283,0.00738362155271588,0.01297019271131461,0.0018725891684994167,-0.003239947167558377,0.01370593384458374,0.03149804805993739,0.01796198321142617,0.010618298564947892,0.0033150614410244472,0.01781292744724583,-0.014162443353464838,-0.16066304867479797
2021-07-12,0.04283227917054422,0.02279304529149373,-0.004212501634182075,-0.002232919601018679,-0.0002123706920338364,0.007788624542074629,0.014214305869203692,-0.000980445701862731,0.0035757097992163978,-0.0012418718351820957,-0.001985673267794308,-0.0012981825292124327,-0.0006182521843864919
2021-07-13,-0.025343989677892864,-0.012879924639726426,0.00785834556771281,0.01311115958542075,-0.011138754050319832,-0.003034339861097024,-0.014984910886663094,-0.0047517669599352885,-0.003414981712634102,0.0013009357869862015,0.016558630429281518,-0.00768230216895649,0.05708974142698153
2021-07-14,-0.022937323111711372,-0.02037885988594912,0.023814845633561177,0.0054307453856052845,0.0011740849089996175,-0.012748122593122524,-0.003410933351356782,-0.022424553658286328,0.001491050231288149,0.010697757313475442,-0.0287575737756125,0.011298059203133981,-0.04724351742387478
2021-07-15,-0.0042638736295259605,-0.04511468320897949,-0.004502399758123943,-0.005252740970783876,-0.013806009042966139,-0.009160872225984384,0.0021897876272181094,-0.009790647294413368,-0.003421344175812635,0.0001754642548270624,-0.01336863815653011,0.010969645031831732,0.0407975175531301
2021-07-16,-0.009854715165982242,-0.04338478453980521,-0.014175762469722741,-0.0009969159378178105,-0.0159812543511908,-0.0096262116336856,-0.02310063555596109,-0.02804026131184667,-0.007874541795116485,-0.009751038308664306,0.0020370443754189616,-0.0018877830953050179,0.08126299197477449
2021-07-19,0.0030996731036587732,0.033502931069848696,-0.027283394475330347,-0.01341086736014141,-0.006749758546577667,-0.012417079794892594,-0.033059740201322185,-0.03497292402282026,-0.014878103253511021,0.0011798535126086307,-0.06951627893717571,0.021691810141393653,0.19845089737210708
2021-07-20,0.02185716570596341,-0.008972610719247598,0.025642541895714466,0.00830431672449361,0.006626609097477143,0.013881651045677401,0.018471547205979988,0.0109607297315506,0.014228773356165014,-0.0012979424872483492,0.014510231412515395,-0.009686321778182183,-0.13137501237725324
2021-07-21,-0.007919294852611003,0.04198159338251406,-0.005144817617425801,0.007419353766677794,0.0033554749445130483,0.013287097826905736,0.02082243274053308,0.03165905146353465,0.008063821215520406,-0.003726190289075504,0.03714295200809481,-0.012747432116877455,-0.09678108928020412
2021-07-22,-0.009244607860686038,0.009435150695451089,0.009582455446840221,0.016704121617507006,0.01462812132351754,0.014224054293244137,-0.012706465235345021,-0.01131702655367306,0.002091732432686122,0.0019535411866025143,0.018473385028781042,0.00940806400442451,-0.012359669191420508
2021-07-23,-0.00909768358493146,-0.001838858916384023,0.01191788791771664,0.012261017710136102,0.00510234580116542,0.05160796003430157,-0.0019229798158439948,-0.0012265768168711055,0.010235604991023273,-0.0031393408805522327,0.006082805730659224,-0.006710975665662922,-0.02809011018514518
2021-07-26,0.02189168871378655,-0.013590446337909068,0.002890064272568438,-0.0021428416748143775,0.01173945831877532,0.007194211479650825,0.00668204398436778,0.024932047142102842,0.002451867344089642,-0.0023758261058626218,0.004034642339618699,-0.002967656238344496,0.021852459740864916
2021-07-27,-0.019718078031379704,-0.004467273320460485,-0.015012499082840414,-0.008721339313032317,-0.020046471345742667,-0.012563167912293949,-0.0013198252197819116,-0.011177226574839327,-0.004567942868188624,0.0016636888817753714,-0.004034642339618699,0.01061539904517872,0.09644722545763784
2021-07-28,0.0034062276545414605,0.015241261104902204,-0.012270869475250912,-0.00111726880179841,0.0010831503488786254,0.014762503780295866,0.001649879993058434,0.006721395098790772,-0.0004102703329849078,0.0050335632022413535,0.005040841278820096,6.672282557307341e-05,-0.05576178385597297
2021-07-29,0.04587275846182948,0.008119691828396114,0.004541947712293215,0.0009774287164763251,-0.008409199103878606,-0.04090236781031198,0.008532898101239361,0.012121263759951262,0.004138794129395329,0.01104402302009877,0.018334474589103866,-0.005562324372545113,-0.0338826468351745
2021-07-30,0.014437208664382695,-0.008324620782659498,0.0015094455971285115,-0.00556471914809098,-0.078663308875492,-0.005653355397877036,-0.008006062313383744,-0.023348606918720094,-0.004868323000823516,-0.007918108309763028,0.0003948757783649448,0.004692885000837421,0.030052289414132627
2021-08-02,0.03217472594711168,0.012790340225619978,-0.002333652884648707,-0.00031624485786618806,0.0011683541547142795,-0.01228404205444722,-0.0040268533775496,0.00017382864481030325,-0.002100150443451909,-0.0012374082182162738,-0.029649598568201263,0.008879554677110768,0.06474405761339286
2021-08-03,9.862134908633635e-05,0.003285517709275876,0.012565073278794081,0.008042857561264327,0.010379692962522391,-0.0020193035827293926,0.011313616055580233,0.010709964759542778,0.008102592329858993,-0.0007077270423847537,-0.006732695740543804,0.0005314053925618012,-0.0757694643269029
2021-08-04,0.0016611683273515254,0.02290017873865935,-0.0027862487293903726,-0.002126487748428829,-0.003428109147844083,0.021629811439843216,-0.01085056056155942,-0.023645195916828676,-0.004931220130616865,0.00023593466942628538,-0.03436043849730375,0.0020538543457293557,-0.0038879027995193383
2021-08-05,0.005205072568156943,0.017746256288138973,0.0007483859418044858,0.010450771496393507,0.0063203474572173235,0.011220566002579702,0.012549726033478592,0.006313777850073254,0.006313025799643768,-0.003959922253452319,0.018888236633179734,-0.0051099601102313486,-0.039153859472471186
2021-08-06,-0.021971130346089218,-0.013218617159273638,-0.004778712631829052,-0.00020738838778466828,-0.009239891315900195,0.0014867320277636153,0.02800775499530328,0.011472307602677034,0.0016511195628030606,-0.02530870447734479,-0.011079841359769915,-0.016842013307783787,-0.06762977706408968
2021-08-09,0.02075293960905622,-0.003492186242298523,-0.0003419980539334233,-0.003911516074692756,-0.0009181548153360808,-0.005240589199451584,-0.0010798385004671118,-0.011472307602677034,-0.0008140304236325946,-0.017894816057729912,-0.020601795641473686,-0.0035930607946657034,0.03468554054099071
2021-08-10,-0.0052958920093253425,-0.01784734741514571,-0.0033598678144315386,-0.00657651456564512,-0.006361004973165052,-0.0013282172251276592,0.01219249668021316,0.016987750245343047,0.001243404928231051,0.00030914743149335067,0.022911520770175997,-0.004628681407843338,0.004177959028341061
2021-08-11,-0.003061037245156939,-0.01195956390050057,0.0017842255107147764,0.0017788783407732822,-0.008640868502137522,-0.003245105340878851,0.011859482809469135,0.0029177329721403744,0.002481519085667294,0.013690828071884376,0.012919515705085871,-0.0006139032395884314,-0.03762584731032481
2021-08-12,0.02018150491696602,0.010403176550657811,0.02056068116240173,0.009917617100908771,0.0034538388189027103,0.007445216090499862,0.0039016965430045403,-0.002264298069387216,0.0029926049198074622,0.00024383177142706103,-0.004149399474018267,-0.0016398681946121485,-0.03652798545002156
2021-08-13,-0.0070584091033225604,0.014117406167331481,0.001409109782299467,0.010434895896346497,-0.002888997082590272,0.0014603245465174552,-0.011250368222287754,-0.010164724658762836,0.0018181178899947525,0.014224167163591872,-0.014027199064935214,0.015671917731427065,-0.009020701858778235
2021-08-16,-0.04418754471286679,-0.011859184292348335,0.013457040173049606,0.005958095853433321,0.0015227871766327894,0.009263665302318813,-0.006584968150701975,-0.014728569903470046,0.0023519672044267637,0.004975891262676946,-0.008256623270613161,0.0024206682563443493,0.0424517981416499
2021-08-17,-0.030271235169466948,-0.024970792231887806,-0.006172788017767772,-0.005173224008236943,-0.017438191452479046,-0.022372943413784263,-0.01215485817554729,-0.006816032657758431,-0.006576746995169636,-0.0014961551501162518,-0.009827019287028005,-0.00040311899746470203,0.10529841841281096
2021-08-18,0.034372592585718564,-0.02171646952629569,-0.025832123546654984,-0.006137985176663641,-0.012646113476256993,-0.008404738575960913,-0.009149095856272105,-0.021283139171476506,-0.01100534995778979,0.0007783092556952198,-0.025659165109114923,0.003354026931319254,0.18594423869998966
2021-08-19,-0.02278326704839362,0.03903904883796283,0.0023205373610624136,0.020562582804696028,-0.004216696494284022,-0.0009288052315836737,-0.0083910247855572,-0.0309957574674371,0.0015470930501590985,-0.002936716523141314,-0.01397385617930924,0.007338224473311783,0.0046253728160783325
2021-08-20,0.010031571629141922,0.050140956917414936,0.010105463377531265,0.025253860120335148,0.0038198497898500605,0.011896850505928924,0.002848129950145939,0.00018952213288558895,0.007925517903450086,0.0005400158455302062,-0.030387828904086867,0.0006641921907819537,-0.154920120485587
2021-08-23,0.03756503320848825,0.05340969838250542,0.01020473878498418,0.0009522415552254415,0.020391037483534546,0.011013943630750589,0.012715543583942335,0.04032149263661822,0.00875783068377789,0.012104007439095454,0.054224711849098384,-0.0006641921907819537,-0.0790105472145819
2021-08-24,0.0030958501857263343,-0.007542778773480752,-0.0006010365267012929,-0.006685755779795244,0.01214625346424203,0.005927103539285383,0.00617158750467528,0.008161640934115422,0.0015862984980445916,-0.0004742535717268126,0.03261392896464077,-0.0078075633931531385,0.0040733077558838815
2021-08-25,0.0038177489873270076,0.019088891399809516,-0.008457088855843509,-0.002017595480034551,-0.0019985098458956685,0.007848577802679557,0.020402835130699515,0.0018047053722396456,0.0020962713573702274,-0.006961609676564784,0.009245756974627373,-0.008341049682448975,-0.02528793350711922
2021-08-26,-0.014217568331421404,-0.006549045572890488,-0.005542407485085832,-0.009715594291382246,0.005085305152845443,-0.01094480988445401,0.005144866276564741,-0.013615518820140782,-0.005920691467014905,0.0011338353884635666,-0.006926291261661888,0.0027656746436104385,0.11519875162978144
2021-08-27,0.015229452832627999,0.02541286979950197,0.007158840435042002,0.002104200090388808,0.010090674197310356,0.0223886313787931,0.008004946758189746,0.019189642464831014,0.008901194265055423,0.014917723322636078,0.014012609833968348,0.006780885740886866,-0.13931092173088988
2021-08-30,0.026324794631827686,0.002294591009810887,0.029963457771366997,0.012829379759663695,0.021249618004885562,0.02132057750174976,-0.016136677323943083,-0.010998203884333702,0.004387739868468188,-0.00494785904714945,0.005178675314762682,0.002605496865935919,-0.01227755484004689
2021-08-31,0.006559274920001634,-0.013268712681847372,-0.008460208945810344,-0.005648634685572418,0.014282714711431943,-0.0033683344948318705,-0.0030589468130237663,-0.011670228162934837,-0.001482544180473333,0.0020056420675675923,-0.007465828979621225,-0.006829821201794317,0.017753696027978272
2021-09-01,-0.002217981262751856,0.0024987146326140852,0.004468653164492409,-0.00016549763409834384,0.002362616032989706,0.007013153822484242,-0.0014390102060062304,-0.013851900739692002,0.0005314772430624615,5.889688474436383e-05,-0.002292396730733781,0.0016740050542072282,-0.022707261629018483
2021-09-02,-0.0023184737320933735,-0.002007460661102023,0.007447035682066172,-0.0022554515538448783,-0.004574927931495942,-0.01787897712416342,0.004622219774888414,0.024070899794168543,0.003071923476219318,-0.002655242464544294,0.021057765023962283,0.004356106388306635,0.01845066072814472
2021-09-03,0.001609836102514528,0.01976251294751208,0.004221665349458448,-3.330403421752948e-05,0.004301820154126723,0.002608053685897005,-0.006063195293624091,-0.0038198563065132696,-0.0002427634928059419,0.010637446088029634,-0.005942050343036964,-0.009136246777101675,0.0
2021-09-07,0.026035942688487523,-0.007955320417383227,0.015370355492928311,-0.0031927410243861587,0.008941925919555338,0.015611154709382014,-0.0017573310460266,-0.005849176987915428,-0.0035820730382951638,-0.019778020504278793,-0.012823317950191537,-0.008471356551066123,0.10022851523673681
2021-09-08,0.0012609548743904853,-0.0143553922660149,-0.010134714989875171,9.959392751746066e-05,0.004608538783880789,-0.012135681305693424,-0.004469507286732899,-0.009208131508521511,-0.001218919048811884,-0.0025075441660513675,0.011383735288738706,0.006782792209265587,-0.009972399142124555
2021-09-09,0.0013123695533119317,-0.007278415552535833,-0.0067274848047915725,-0.009908446217270495,-0.011795296134862632,0.0011382476519647966,0.004343725727425252,0.0007397888577331813,-0.004289482057362015,0.004413734414974613,-0.017438684631387424,0.012027603980710566,0.04570981735587498
2021-09-10,-0.02493535637554789,0.013481213551918891,-0.03366189639951678,-0.005194653380182324,-0.0043173076063389715,0.0018237248128407657,-0.01156198066322478,-0.0020355913185836627,-0.007915861464104168,-0.005071495164425954,0.021751230298356905,-0.00885543844252279,0.10828185353128683
2021-09-13,0.009099139444442628,-0.014609201917648473,0.0038858734319200394,0.004319475168204079,-0.0034592661286030335,-0.005773288633815099,0.015762098238731426,0.02542433522740062,0.00255602616909556,0.0033441618437191067,0.013838241047702038,0.006046405927229159,-0.07841316203994708
2021-09-14,0.00200334182872286,0.004054645256045042,-0.00960842979183063,0.009383853658960994,-0.0020761346389193136,5.3146232443346264e-05,-0.017606648836688166,-0.014370572303219475,-0.005411139046392677,0.006417907636002695,-0.003441610186611488,0.012050500264750852,0.004635508965875168
2021-09-15,0.015117058319369825,0.0044411003642665925,0.006124965744290556,0.016639003843145872,0.00744758906412013,-0.006955938082326085,0.006915499295183203,0.03315634188114425,0.008318085365407235,-0.005881528710091288,0.02760169730611972,-0.003513468809700271,-0.06803892417555257
2021-09-16,0.0015335851645730258,-0.0044411003642665925,-0.0016117656160643534,0.0013113878515795818,0.0035755056094997073,-0.002302592535264658,-0.00044290026686688577,-0.010691740378517167,-0.0015865442225848625,-0.02290224274781849,0.00019730025294650844,-0.004592916314638984,0.027666544506303126
2021-09-17,0.0032970919669148557,-0.015495674404105486,-0.018518064014773294,-0.017683637745714798,-0.007400637151307343,-0.022609401187028588,-0.0025968234354927233,-0.011894168054549237,-0.00978873991056961,-0.001586299932490931,-0.007523319317769062,-0.004815726858197422,0.10744496470005149
2021-09-20,-0.03936976129858483,-0.03659749776470278,-0.021592814298056595,-0.018749496281800226,-0.03132736193754315,-0.0250420500413,-0.030390800398448548,-0.02701115345497973,-0.016814845788339916,0.007118755657040232,-0.014411803360289799,0.012326338869524278,0.21144637092598728
2021-09-21,0.012534643183808036,0.0062794781794233145,0.003422394419531294,0.0016975296588732647,-0.003612263745817579,0.004991539130797307,0.00013056508984998771,-0.0009316938519403628,-0.0009451439155787611,0.006646896542603642,-0.00040323942883313535,-0.0008613811102948787,-0.05393751777084255
2021-09-22,0.01684451236014617,0.03218828532329443,0.01673163966433222,0.01274068838726894,0.01083345384867851,-0.040736927605215634,0.018971489646147255,0.02884887897705335,0.009707594692743626,-0.003740999554961988,0.01798964562637817,0.005947161728110828,-0.15462970659564101
2021-09-23,0.0022582628204919075,0.024357876460786354,0.006696489953909257,0.0032766803239487885,0.010579777062858398,0.007980696098612405,0.03324285547314165,0.03330995386899005,0.012076770077049659,-0.011613566243419804,0.017671803305539413,-0.022856324177227272,-0.11353962173545984
2021-09-24,0.0271608419720204,-0.01799733007227111,0.0006127729614702204,-0.0007007881079053035,0.0027829969154176126,0.020031640377984772,0.011473960673605177,0.008895095054146651,0.0016459346021653332,-0.0012850982867504968,0.008527156774535083,-0.00982180624532436,-0.04838762364465321
2021-09-27,0.02167740137755647,-0.01925016211314068,-0.010605958758181266,-0.017456043962821077,-0.005773469524888775,0.0017548312349031647,0.02387860178000789,0.0292601234705403,-0.0028649962183715516,0.0020798706668898603,0.020816184787312952,-0.0036826967661722776,0.0553414398571781
2021-09-28,-0.01759219534754841,-0.045381884465416356,-0.024089316931984683,-0.03687513057737135,-0.026732621677354906,-0.03725403971992858,-0.005404709933253926,0.010401095993479714,-0.020357787117163184,-0.009763940911599711,-0.00968573358530378,-0.01569931210258879,0.21457817625476272
2021-09-29,0.004811186434424464,-0.008831739437540786,0.006462180765602454,0.0016919485168456205,-0.004485396155335941,-0.003057741960466487,-0.0007827680608061272,-0.0006678615237096786,0.0016818044240274332,-0.004514933012786493,-0.0015279191307500106,0.0017333378956472245,-0.030126729076274117
2021-09-30,-0.0074897880450972565,0.009652444917862546,-0.009355452671935716,-0.007351153236410113,-0.004882981617736704,-0.0006480839607521105,-0.013712308723843769,-0.017860302684602924,-0.01229766062186588,0.017816984307014394,0.004576698988345562,-0.0001380784999422957,0.025384292431966937
2021-10-01,-0.00033534501293708274,0.0012544759099251124,0.0080944040957176,0.02514950707964214,-0.000542024698019894,0.01060993355268991,0.02079765234454012,0.035243704772276896,0.011814178510203277,0.002250511092103835,0.013230148566782507,0.008379839320930671,-0.09228963682790381
2021-10-04,0.00810667334888926,-0.04991878452693488,-0.024913519959476993,-0.0209373326805391,-0.028884858084547993,-0.05015679712734844,-0.0010776598249053748,0.012882209562603553,-0.012979975046921943,0.004667408258472783,0.022831680527013898,-0.0025485614256215428,0.08448047301532613
2021-10-05,-0.001203574108239458,0.035789909829892164,0.014059353695518695,0.01976030954942498,0.009739950346903115,0.020419342574461652,0.01619841761114582,-0.0016213666528885895,0.010351206858167927,-0.004667408258472783,0.020705413889332558,-0.009703164161307676,-0.07504649467985569
2021-10-06,0.002763320999873642,0.012102135573607953,0.006287485419334438,0.01495209245418927,0.012651646071788925,0.0020401800860527786,0.0021321937138303326,-0.018508438998031007,0.0041474434758406176,0.0026697573525336082,-0.02678001750088166,0.005625198821244126,-0.014184599173201917
2021-10-07,0.013778893929123015,0.017953722686238738,0.009043008885099901,0.005918989066983293,0.012315060502089636,-0.013336185081664453,0.006310625556482208,0.002806373493182246,0.00860846156436601,-0.005285683868044622,0.02191469654788536,-0.010512759431594354,-0.07205874425477798
2021-10-08,-0.010284539562275263,-0.01164544305687576,-0.0027254588232352717,0.0,-0.004190573462060421,0.002517967440221369,0.000764097941513775,0.024748771259364588,-0.001825380507497698,0.0004262740437868118,0.0019850337391380535,-0.007023585397496035,-0.040203818482179354
2021-10-11,0.008177997401230819,-0.006550052097316517,-0.0006297978388669634,-0.0021050124669192982,-0.01295212110527455,-0.014035350746319786,-0.021256253859452734,-0.010020935813348508,-0.007265913057783457,-0.0018893655741347715,0.012718471034515844,-0.002540809461227589,0.06347239856752518
2021-10-12,0.017250616138320574,-0.0011603964746731421,-0.009144670783168607,-0.004599001694399085,0.0003172241904456641,-0.005175546027802014,-0.007710918107858511,-0.005211787633138787,-0.0024646498901308433,0.004504271350483258,-0.0012467664675561707,0.016955289822706554,-0.007528247203173244
2021-10-13,0.006630349593761409,0.012881738596141279,-0.004249193288744735,0.011643141564946724,0.011314351840535863,0.0023755298189875873,-0.026720612447336478,-0.0027798315485907388,0.0035910450474601063,0.01763773443447203,0.0008906963598862561,0.009679890007817882,-0.06289424983755554
2021-10-14,0.008886865672995015,0.037816351149022154,0.02002400925473502,0.021501435295313343,0.00473254305896198,0.012219252609990683,0.015225303506833932,0.015113471048413096,0.01668077260574652,0.002443480858075553,0.011507633741903334,0.0037081939029670608,-0.10036578773839322
2021-10-15,0.029749074917108764,0.0053201845434855954,0.007484419091305483,0.004810763614853997,0.03254486320029404,-0.011541524385488167,0.019026216650598116,0.009471245254443428,0.007586950673194259,-0.01602049176485476,0.005967026197924774,-0.005843452270254623,-0.03377892776825453
2021-10-18,0.03161711443997284,0.016332538151796694,0.01173690158176477,0.010073960209417088,0.011004005769470915,0.032058445752644715,-0.0003601180359300571,-0.0004794473405813626,0.0029559991694743104,-0.002482990902389126,-0.0033301659098050607,0.00467745316311774,0.0006133228821250114
2021-10-19,-0.006734486474692325,0.0030555341326192753,0.01496788871848409,0.0030541141917890258,-0.0007517249304829221,0.013771100275739911,0.01205560357567581,0.014913702864939982,0.007685515169149504,0.0032085191864092977,0.008043391773562725,-0.013889943169142605,-0.03811768368319424
2021-10-20,0.0017687488821671593,-0.008424703406631373,0.003355217507998276,-0.0026639798961740624,-0.008482066989621728,0.0023211399847813396,0.013376277316909047,0.005496888943317124,0.003920006596906944,0.008725778175469046,0.012117177520204692,-0.00677344104201083,-0.013466060552870918
2021-10-21,0.03205181901693166,0.026298969595432986,0.0014729626787746142,0.010838725157559459,0.005824760045405775,0.003222597788733239,-0.007874485923865748,-0.018334740859379473,0.00260482675828122,-0.0008991093021597507,-0.012291318802642337,-0.0011914310311018639,-0.031477978758680525
2021-10-22,0.017387072543932014,0.0014972479663355465,-0.005299226556344294,-0.005162165076939118,-0.02938229613638743,-0.05183523087336983,0.013361709830749469,0.006835742984641513,-0.0010367637046968525,0.006098334452754983,0.010741595645108681,0.010952290244667928,0.027597025259156194
2021-10-25,0.11921843486746742,0.01917620150560806,-0.0003359215798228732,-0.0033371941546569417,-0.0045613770860821745,0.012490535713771678,-0.004901930034487911,0.01929938812938925,0.005348521156849806,0.006890365329616621,-0.0034523933339523083,-0.0015277177040387002,-0.012390150913142772
2021-10-26,-0.006293814959296817,0.06480544670712218,0.00456433664181688,0.006405308188527137,0.016636110939322712,-0.03997430449722472,0.0026872061852092344,0.022890544821049907,0.0008995434331309227,-0.007427027125168628,0.010663997138093961,0.008234964402630496,0.04741437645208402
2021-10-27,0.018898727534898185,-0.010820119958209418,-0.003152858566431327,0.04125147593628231,0.004851848967382111,-0.01143269144433745,-0.02104855290532104,-0.026315343780193956,-0.004440150989899472,0.0026206236403645278,-0.026876333021795595,0.018030820599042485,0.060698242232118726
2021-10-28,0.037055629444172844,0.01984186390841769,0.024684665161759156,0.0036447865503115295,0.015815426966205415,0.014941411831354223,0.01496269116508131,0.0028029289554218906,0.00960277551177846,-0.0002379136626089462,0.008748961959638812,-0.0033896832731636906,-0.02685920055192481
2021-10-29,0.03374062327713556,0.0247893736274305,-0.01832249286752674,0.022166567892837108,-0.021745984346715375,0.02076587637003957,-0.0027630203498070216,0.0024849528868946535,0.002026923199373698,-0.00854429930170042,-0.00436491296841357,0.0030512071013655273,-0.016468835176246976
2021-11-01,0.08149724419582505,0.01011800257435258,-0.005623076326806142,-0.00680819056295956,-0.016238229093382905,0.019616720200681392,-0.0005297930262591066,0.017832525494780427,0.0017190695966409208,0.005207004497418843,0.006627112716289574,-0.007225925524322996,0.009182777607491754
2021-11-02,-0.030742747979580543,0.021981516089460307,0.00709083713148928,0.011351126564784764,-0.001616715961798576,-0.0057748252491380825,0.003938340270454255,-0.0124183980635868,0.0040349167130155905,-0.0021513131388868345,0.0,0.004429239511305028,-0.023428886347040656
2021-11-03,0.03509368755165987,0.007434218227132305,0.009750761091236626,0.0026082303207273227,0.02127978196929181,0.010732447314118154,0.00035183838943986245,-0.013825507029795236,0.006086518744710112,-0.008350148277322944,-0.038810552540592624,-0.010387622852972456,-0.05976724037271497
2021-11-04,0.01313564628546171,0.11370578115181429,-0.003504835328375755,0.007278795479286337,0.027111464426082144,0.012674893140236954,-0.01322281544455528,0.007480377217375267,0.004701601324559768,0.011277125295739765,-0.007618429556688788,0.010455896485021654,0.022266748335608266
2021-11-05,-0.006378469186124391,-0.001645460097118523,0.003576129554362595,-0.0011301242427963487,0.012004091021207586,0.01559919171798807,-0.0014267506521319362,0.009425806769383982,0.0034636111392085667,0.012978359326946354,0.02924764151134429,0.014844424365778153,0.06518597928502112
2021-11-08,-0.049611246175579105,0.03474814757319189,-0.0055682813181991975,0.0027636336162011332,-0.00856451987877449,-0.007385308814054525,0.005991857452691818,0.010708376940478992,0.0008531865317449316,0.0035851848469015124,0.009503783578212577,-0.001876985344431148,0.04392396242029628
2021-11-09,-0.12772318728902388,-0.004783641303725883,0.002456427033060038,-0.0030908368354598537,0.024699674045048248,-0.009644140315178795,-0.0076001188418795,0.009691128162758744,-0.0033108480754808767,0.004916006634196002,0.015296683760210428,0.012934495047034034,0.032002809580040203
2021-11-10,0.042512838090691396,-0.03986146950709557,-0.019349019645925836,-0.015448867833905311,-0.026687971077504535,-0.02331898719782277,-0.0009543454933051976,-0.01989709315077892,-0.008077337918115823,0.010800248284572156,-0.028875949977955173,-0.018452055970725745,0.05205222331112491
2021-11-11,-0.004166195376867243,0.031114178609584542,-0.00033844485284006964,0.004915608232408886,-0.0027463665972797813,0.000305046712231416,-5.958070261691262e-05,0.001867577244483165,0.00032344536982265026,0.005586453042739414,-0.001777119239828373,-0.001485907374187967,-0.05882430548036188
2021-11-12,-0.028701065279561178,0.0,0.014235400772296458,0.012822662367975468,0.01504823445807979,0.03933931449498829,-0.004484571937469539,-0.007648565583756373,0.007518485978471823,0.00189346149789138,-0.004278111281319497,-0.004402176150542836,-0.08075070771974957
2021-11-15,-0.019572543156920474,-0.012083358314178394,6.65956105621035e-05,-0.0019324505227382716,0.005806911669058223,0.019377650740858066,-0.0017993925978156966,0.008581117120886717,0.0003422962876928892,-0.0015489449243064612,0.0016064287827814994,-0.012636183557173553,0.012202643875715236
2021-11-16,0.039983660905794416,0.005910890858514595,0.006644499306170282,0.010183934893439606,-0.0014054733770292316,-0.013323609187967378,-0.0072309559508614285,0.01004715194663941,0.00395009931239354,-0.0072601560044773805,0.0023158657822639483,-0.002546511102138993,-0.007303680041878202
2021-11-17,0.03198421610385882,-0.03168557711456854,0.016355852110343072,0.000678550182746207,0.0023413880700422496,-0.0064061295839543675,-0.005396598324156621,-0.010979703483769754,-0.002432315121887463,0.009095692432078195,-0.021583585242609615,0.007893867140261968,0.04421268092672381
2021-11-18,0.006744812791821708,0.07927202834996061,0.028136342589037966,0.006319725557077938,0.0406014972597033,-0.006122335875196505,-0.00867111651396879,-0.0109445157987631,0.0033908515815506135,-0.0032143154449517652,0.009950317118883945,0.003752687509705588,0.027667443847847917
2021-11-19,0.03643213445734972,0.04052550706300817,0.0168336335709931,0.005377240798178917,-0.005287066211290714,0.019328369226824904,-0.013149891203375397,-0.04732142373621473,-0.001790053557142457,-0.007675708262916636,-0.03238187420872407,0.01050295194441464,0.018028640128754603
2021-11-22,0.01727209690953213,-0.0316933353060711,0.002922956446195002,-0.009605527345325271,-0.028695094881880934,-0.01250171037901815,0.02109126550559104,0.013750505525528034,-0.0028190733320485606,-0.02267561664312101,0.012381235248082323,-0.011797618268341026,0.06798735348449769
2021-11-23,-0.042232293448715374,-0.006593024638211986,0.0024191827688149203,-0.006346870349435818,0.002088774763957524,-0.011087565913176611,0.023630957922228468,0.025996344147180217,0.0013252000695569421,-0.008690053468478176,0.03163390708436742,-0.014564348425836648,0.010895002121107833
2021-11-24,0.006265105659809755,0.028812763243355466,0.0032783459803775727,0.0006807932859631549,0.00010331000315133565,0.0112340757234346,-0.007875121466748958,0.005529047352810679,0.002666151442111797,-0.0009569597921075257,-0.005710216971873905,0.015927664022587606,-0.0421558338790704
2021-11-26,-0.031013582803841366,-0.036496824648996284,-0.032191281233838076,-0.024656960854779086,-0.02141231785640585,-0.023555715874816308,-0.030589947662302386,-0.035761040101537134,-0.02255541611584988,-0.001616846252669113,-0.11861104238229325,0.02495537370597134,0.4320200741721716
2021-11-29,0.04964715675134457,0.05775423993484674,0.021637953307817703,0.02086210056575233,0.016136535670028707,0.014631653387881194,-0.00433249189970919,0.005535485340232071,0.012191924193174053,-0.0013795005365553337,0.010821690878243473,-0.008071214105032531,-0.22035227187514295
2021-11-30,0.006810578672785006,-0.02119627350882647,0.031089280082586157,-0.01810548976212978,-0.01542056208667919,-0.04097221257266792,-0.014997269608898911,-0.02882521271853511,-0.019649542733432668,-0.006744546424564568,-0.0460929542890125,0.015088003473026745,0.16909574670959104
2021-12-01,-0.044440653310942935,-0.03859641427344318,-0.0032114120250454903,-0.0015441516860228433,-0.01822862373982126,-0.04365626085132224,-0.005935947848271006,-0.000835915817868571,-0.011169143919238955,0.003980006790396118,-0.0183259246570322,0.0061497705799213875,0.13500144799177294
2021-12-02,-0.009543130353379503,0.021743863832357935,-0.006148798973398151,-0.001789000752800085,-0.0018485965146339822,-0.0006761035535740589,0.02080922276159569,0.024615103889590095,0.015200041642597029,-0.005552205835400947,0.026226195791280826,0.0012461657941251758,-0.10743349938015534
2021-12-03,-0.06635217630568757,-0.04563119769746793,-0.011793536815833505,-0.01986258440496158,-0.013935728778151635,-0.011503453322210255,-0.018278924058165558,-0.0063846064714874196,-0.008739368892994648,0.008376819081740372,-0.006023507936502082,0.011861778882666485,0.0928677537160465
2021-12-06,-0.0058893948058393875,-0.021604419897865323,0.02127488288687651,0.009796818780976935,0.011025217696555956,0.035316274715254004,0.011744564305771199,0.011268397674294661,0.011773783321735287,-0.002463595385072459,0.05097029234168371,-0.013830057303387377,-0.12080356066278464
2021-12-07,0.04148581070093549,0.07656113630856654,0.03483248634622438,0.026411746261505442,0.02760203879831824,0.015421151740904193,0.014935293237222425,0.011142405080289297,0.02047377051060284,0.0035432060613329597,0.021156554964686602,-0.00811295548642832,-0.21645153629884595
2021-12-08,0.016230761245708436,-0.018707619318746982,0.02252740911592621,0.00014915909812796002,-3.6899397348300056e-05,0.023724243156810765,-0.011507198612895841,0.0028864852203742686,0.002644427642718661,0.0005393685677796967,0.01596030475053878,-0.017435627196135783,-0.0953101710909916
2021-12-09,-0.06289341727027509,-0.04288487122923046,-0.002974434715237173,-0.005598239220999446,-0.01134374123885884,-0.002241019730624849,-0.0015567584042113225,0.002558788686019664,-0.006774374723033105,-0.006130129283900665,-0.027070441278895352,0.005577096982434249,0.0810472437334746
2021-12-10,0.01309382748280008,-0.009623002262773905,0.027628235070878304,0.027945657048693562,-0.011311296797986259,-0.0002121855073120571,-0.003996633919192583,0.0063684018787464325,0.009369375728743634,0.004211020685246147,0.01960273015478231,-0.002414986857033341,-0.14377830625260568
2021-12-13,-0.05105377592462901,-0.06983769402701778,-0.020891225281804537,-0.009209021537905926,-0.015475202151187695,0.014272168957937481,-0.011959723046268245,-0.022144525940257065,-0.008897689554294708,0.0025181269175167387,-0.011404398608271915,0.01467116781544675,0.08312469925500698
2021-12-14,-0.008208173270999986,0.0062303227075406475,-0.008055638402586496,-0.0331297906693262,-0.0028110767563394035,-0.0022447310741648963,0.007632989171765914,-0.0014614761655522557,-0.006903888154702997,-0.009385206339642238,-0.010160315502650175,-0.002385832341090577,0.0749165343551157
2021-12-15,0.018072325435531056,0.0722131134764128,0.028110501840769686,0.01903561519990493,0.024670732493370373,0.02345389749540505,-0.007506193744263534,-0.004396851443153604,0.01550415519683046,0.004282351988517341,0.013653435868814956,-0.009668528923967301,-0.12644300927322716
2021-12-16,-0.051585055672322966,-0.07045011296887038,-0.04005570507765288,-0.029567902666536305,-0.025975639316216714,-0.019984163819056988,0.015517790240569873,0.001630581301071743,-0.0088575735757912,0.012024970840539773,0.004831394172570391,0.00038881605941032404,0.06424681445002367
2021-12-17,0.0060769473419002296,-0.020859285367492042,-0.006522767511620842,-0.003391332470995323,0.006766260845510352,-0.0033200326008913095,-0.023017044877427395,-0.022076813673163276,-0.010700073767954343,-0.0021431166861889395,-0.02123801553367155,0.011267537004474804,0.04746975742400483
2021-12-20,-0.0356160597954851,-0.002954014792231785,-0.008155086302624959,-0.012086475349461168,-0.017434660660618384,-0.02530320022122723,-0.018152994786108323,-0.014598664050593513,-0.010690119337698256,-0.004240244730916665,-0.01748151890127092,-0.007519776639257181,0.05852259847760255
2021-12-21,0.0419866565428304,0.04776069024990104,0.018906914391018326,0.022806819422558355,0.019781695333892735,0.026530862471817684,0.013869583329451096,0.022397787007696124,0.01760311097248035,-0.0004189761834467731,0.03291906880895956,-0.0038148221541858263,-0.0848275189796528
2021-12-22,0.07227140942458732,0.01111584544263744,0.015202511577827593,0.01789664184330597,0.003631503982249207,-0.011284130975885986,0.0039002223756874344,0.008066453071970514,0.009949024320437871,0.009356118800107005,0.017492033768034876,0.004616325168169233,-0.1202253861847784
2021-12-23,0.056020025674185625,0.008130135832190355,0.0036371883722274845,0.00446180708436561,0.0001841194647935751,0.014391110432496745,0.0035677100802784523,0.0004917659617511561,0.00620277706231942,0.002251481491211571,0.012309624653455753,-0.008714654071076744,-0.036626127667935826
2021-12-27,0.02493491640225276,0.04308668899112478,0.022715022719354216,0.022920849284601807,-0.008211646321395705,0.0321120638125203,0.005706684420696995,0.014157093675975396,0.014052778280861489,0.002364450476828317,0.025825854657925973,0.002420320893101291,-0.015712937427571294
2021-12-28,-0.005012818550008014,-0.02033798980269097,-0.005784052021528652,-0.0035105725903026297,0.005826710732445228,0.00011569043794956713,0.0030303734174133012,-0.003236936147523295,-0.0008172611493293402,-0.004319380340024992,0.0027474641894627005,-0.003970692513187046,-0.007950035329993277
2021-12-29,-0.0020969072503067565,-0.010642843352465015,0.0005019987365724177,0.002049586218965338,-0.008591725101779524,-0.009518868443783468,-0.000504497215834121,-0.008791888921572788,0.0012782522571042065,-0.0002965516280148961,0.007471627689955795,-0.010984940758776318,-0.034216160302941834
2021-12-30,-0.014699782732613187,-0.01392928981648689,-0.006599849082972398,-0.007721149793463056,-0.0032944277273427858,0.004132071627689804,-0.0005048603213193559,-0.005904595761485609,-0.00276839046810462,0.0071515817441829554,0.0003629813619632216,0.008351101213329493,0.022171220487458676
2021-12-31,-0.012749774874751374,-0.0059325574748196885,-0.003541760742330702,-0.008880380419376444,-0.011495217795267187,-0.02353544418807907,-0.0008205078364076357,0.00655858783730201,-0.002523380309741974,0.006808358432550676,-0.013521087955069344,0.0019592939410051358,-0.0063676402003944865
2022-01-03,0.1269116289226746,0.02385389956003392,0.02469676087957673,-0.0046790700222922865,0.021877258953900913,0.0064902224347545,0.020935014106512995,0.03768578900337749,0.005773257454992908,-0.015503300973700007,0.00860892230018484,-0.026600305985384765,-0.036668740782098475
2022-01-04,-0.04273287830059669,-0.027976423147549223,-0.012772777679279201,-0.017295915999325118,-0.01706028968966322,-0.005955107617532818,0.03720866819377466,0.03692375483627419,-0.0003350467331211249,0.007339514803168967,0.013765808899177223,-0.004166821939731946,0.01850243554435771
2022-01-05,-0.054953895352911175,-0.05928554854665702,-0.02696018786445986,-0.03914408827518745,-0.019073846316683962,-0.037419248055090115,-0.018451052736714324,0.012360866478544175,-0.019388744777740996,-0.0030121970522101194,-0.002882362772938407,-0.005443257613618968,0.15423514294616192
2022-01-06,-0.02175837984148732,0.02058080243066529,-0.016834011201038557,-0.007933378816462167,-0.006733601858714522,0.025251482950681137,0.01056825275606954,0.023248259822065798,-0.0009399122985609409,-0.012319703780208968,0.025998599096609176,0.0025855907282208435,-0.00610062550036039
2022-01-07,-0.03609004895021872,-0.03359783198793398,0.0009878863203249821,0.0005094748145451078,-0.004296997177475781,-0.002017365183406561,0.009859237975223145,0.008163230032600666,-0.003961315473099525,0.004540812572282782,-0.0038746301632315294,-0.007214019154355711,-0.04431271555415783
2022-01-10,0.029890740749494604,0.00559920848119333,0.00011593917566443679,0.0007321235134947202,-0.006591854785116702,-0.01127506734643724,0.0009565808773812634,-0.005970008148652894,-0.001245268607346084,0.003035593623995858,-0.009040180870163006,0.0024576977331873806,0.03354609062729175
2022-01-11,0.005917481776156919,0.01510443052552457,0.016644536798922083,0.002256728143487763,0.023718602439307013,0.0190209478202803,0.001015448446388234,0.04120139019533564,0.009067071763571022,0.011992457136645207,0.034993073601141234,0.006639264053500682,-0.0523790594492235
2022-01-12,0.038537546128438294,0.006521525040945164,0.0025668057645678033,0.010391087788389264,-0.0009377696670975766,-0.003325119748231131,0.00565572689926519,-0.002947282444995203,0.002699939476822344,0.002639137142411485,0.012813022341733316,-0.0038389291786229407,-0.04385931881904748
2022-01-13,-0.06987655465675058,-0.05219772934256639,-0.019211342563489886,-0.043244140121475816,-0.024466534551061514,-0.020554271278006908,-0.0012472506128879957,-0.007195141089493262,-0.013874350998787754,-0.00340277134129785,-0.010923463932519972,0.008841661373951482,0.14207868115936595
2022-01-14,0.017346435457551657,0.013715143921753992,0.00509762120512125,0.017561422305989893,0.005715124523055337,0.016465166636706385,-0.06343351734437697,0.017404055830012588,0.0004089956623820612,-0.002883829150556849,0.0287570685247589,-0.015225296544650213,-0.0567240114473857
2022-01-18,-0.018364847454341415,-0.03932741955619834,-0.019074837215940832,-0.024640625093840463,-0.02006265472349522,-0.042310858843582544,-0.04283238463095351,0.016696084604377326,-0.017868373618290967,-0.001651618267930921,0.016537502405449267,-0.014173818954266615,0.171932545580316
2022-01-19,-0.034413300098542265,-0.03280644055056525,-0.021248769585822558,0.002244370139745655,-0.01661435907124531,0.0045159391617319855,-0.015590130848489814,0.000410427197550689,-0.01043787532586471,0.01575575060513401,0.0013112281186549168,0.00689948425848641,0.045462349898968135
2022-01-20,0.0006225100832644159,-0.03726808940673321,-0.010401378756697888,-0.005719500048282811,-0.030080217077817828,-0.009526250545720316,-0.00856374681638794,0.0021859221818063546,-0.011129617377374501,-0.0025020112544043016,-0.006408688314778921,0.006147780261485103,0.07041742280560337
2022-01-21,-0.05399807229314213,-0.03265982480803231,-0.01284698558027042,-0.018640824604898576,-0.061345553646915185,-0.04321879162943443,-0.017626950927178697,-0.015126892862769026,-0.01982598135153779,-0.0032677719138094474,0.001976267659713038,0.011836662233591255,0.11990835004213807
2022-01-24,-0.014835635717322937,-8.55463891369368e-05,-0.00487632910021496,0.0011479625088810508,0.013238960430830282,0.018108374719366438,-0.0008967589148527466,0.008554249336941488,0.004237659887779799,0.005479160681096218,-0.011084540199705728,-0.008249834762503738,0.03574846146182642
2022-01-25,-0.012551567227814253,-0.04587659938695765,-0.011449976110283977,-0.026948171991485026,-0.03204163984338493,-0.02811994246277738,0.010841682770593941,0.028975456810606204,-0.012283975835142513,0.003192034576976255,0.014205732736116694,-0.0016159839490255123,0.041276748467176105
2022-01-26,0.02048773822340877,0.019869602665873565,-0.0005633024307583057,0.02809449787587237,-0.007986135126472504,-0.018561937151376107,0.00944140629276724,-0.010194232644262335,-0.0025119619481017708,-0.01629856790431372,0.011577774261703588,-0.012167930428817364,0.025349876146404604
2022-01-27,-0.12277997465910762,-0.037038005882447766,-0.0029476302009863176,0.010494082193519993,0.005493528624727517,3.395832144104105e-05,-0.017802149124104716,0.012726857759498778,-0.00495019447526257,-0.012982115320597565,0.002914042920782123,0.018196443532650264,-0.047086338758656865
2022-01-28,0.020592210362891272,0.0400195692771943,0.06745098326959198,0.027694589838120898,0.03061073104055989,0.023712013328973214,0.008906658864407113,0.002127791884125152,0.024531964639574966,-0.0029877523376660164,0.0017766395487237574,0.0003497518524309129,-0.09741143277332176
2022-01-31,0.10145138741776716,0.06958810771875745,0.02579000196655379,0.00878478131586391,0.038127433338897454,0.037567246994623105,0.013482026229898914,0.008992210051999017,0.017850952065217918,0.0059070563312300095,0.008196081532560129,-0.00518374948154765,-0.10793472427263451
2022-02-01,-0.00585664334123237,0.0061883776593014694,-0.0009730379226384755,-0.007164251863247095,0.010772530182599382,0.018157586282203653,0.01701449853127368,0.062141562213829715,0.006734080563563616,0.0008325368758193008,0.0007999238524600827,-0.003324526604973954,-0.12283002149677502
2022-02-02,-0.02786380690498813,0.024219330869548195,0.007019786698106323,0.015107343456975286,-0.0038501180924557232,0.01246121954146684,-0.008037488317806485,-0.0026015521186693036,0.009667290962713793,0.0036194338899537826,-0.0001599091821757881,0.0033805643890953974,0.005902449388932585
2022-02-03,-0.016162405874435848,-0.05262436748732835,-0.016861362094470422,-0.039731074229740315,-0.08134849507057229,-0.3063905865633698,-0.008304249827505217,-0.01172799243130207,-0.023785517980527082,-0.0014224174555623748,0.015710834511345695,-0.007836062652073927,0.09740684085512541
2022-02-04,0.035474386816493286,0.015373100108399651,-0.0016806295410249916,0.015448545473452313,0.12694891576845713,-0.002822082826528849,0.025627036244426193,0.02147940933183623,0.004690863253548727,0.0015408910869814108,0.021804404077140127,-0.014852294535477206,-0.04751791849625775
2022-02-07,-0.017458706575610883,0.016678072568277802,-0.004243575511462261,-0.016444833596422015,0.0018759745778114123,-0.05273930765974466,0.0033373094145181526,0.011966026363579907,-0.003214350034864033,0.0073753173535777705,-0.003549712036490682,0.0006475044139593322,-0.01562526163224076
2022-02-08,0.016028052271245485,0.015250467839765136,0.01829820608630417,0.011923833785068005,0.021782653816836195,-0.021255079243184483,0.01864004882373571,-0.02619253024350332,0.008194291275578358,0.003052207946077523,-0.016524169895133944,-0.0067086067885480105,-0.06413032395420304
2022-02-09,0.01078752528548943,0.06166428081479047,0.00825943648276617,0.02159965991108237,-0.0013886979453969772,0.05229209960117043,0.004159310348746281,-0.0047988838655967925,0.014529915972212315,0.0033934142753979657,0.008607913695976244,0.0018799301863907658,-0.07152813609679143
2022-02-10,-0.029895212969281104,-0.03354658629719598,-0.023881505992795482,-0.028783255668273,-0.013654506185153181,-0.01708474313600039,-0.004159310348746281,-0.009666737121079017,-0.018129103612187336,-0.0038037857675305986,-0.0032779095762967003,-0.016020016183983188,0.1805665500732596
2022-02-11,-0.05050521521012996,-0.07537778944213791,-0.02042581294143453,-0.024573511471938758,-0.03657177570139858,-0.038072664568252534,-0.013102461083522421,0.02486727633449881,-0.01991556006395534,0.01887560786556186,0.027449662089241045,0.014719092290189195,0.1347853399740475
2022-02-14,0.018159773032297544,0.013190950116323652,0.0014223697740689545,-0.00013551877240303156,0.012147601490993587,-0.008461874697797356,-0.009334077987121603,-0.015453527887583363,-0.0032746553844393844,0.005336451777181672,0.009386938778892961,-0.012519505172963186,0.03483919608686037
2022-02-15,0.05191932445845815,0.08783862998217762,0.022888350102023836,0.018372389613767304,0.008621083638872484,0.015044580730588564,0.014518204164803983,-0.012614071481267253,0.015998402933960598,-0.009545260370239284,-0.03184595264091783,-0.011417391274737732,-0.09743028956184707
2022-02-16,0.0010402120327626108,0.0006037636758042808,-0.0013898000857546222,-0.0011679680200389342,0.010107783346744448,-0.020387403676642712,0.0018079261046830553,0.00460518197341564,0.001120195660146095,0.010231731307338343,-0.011578878628861311,0.005909060846310155,-0.056426240881920275
2022-02-17,-0.05228610180162985,-0.07860099435980183,-0.021498550016269213,-0.029719298439789377,-0.02205023039300702,-0.04163238284183901,-0.023301546800798434,-0.0015326303334530778,-0.021593098634465235,0.01357550816897568,0.009866139977941835,0.0074109522018979135,0.14606062592579594
2022-02-18,-0.02235096756147481,-0.03593392395983486,-0.00939995806063365,-0.009677795029214842,-0.013350682834785133,-0.007490344655049164,0.004677579697055734,-0.011183177272625855,-0.006496237581027131,-0.0007337240197315964,0.008843432273036633,0.010472130794747514,-0.012889566438965883
2022-02-22,-0.04224617718140955,-0.010716332305281462,-0.017972756549800017,-0.0007295666476023754,-0.015878899876572206,-0.019988888676825134,-0.0017761256286057403,-0.01170248385491135,-0.01078946735886177,0.002086858856896079,0.012281441738628551,0.002601116229096867,0.037486690366762776
2022-02-23,-0.0725483016825832,-0.04382816386296984,-0.026204697810890742,-0.026234036267230643,-0.03641116014436818,-0.01812657410703089,-0.021161114150560323,0.004046167456469796,-0.017897951062721518,0.004497100140273602,0.010623820587493782,-0.013877361682216538,0.07390964194623573
2022-02-24,0.046953674093978215,0.0590180601055299,0.016542715060798407,0.049830680145727335,0.04410800497645084,0.04507609788169553,-0.028238240590633623,-0.012715315036753161,0.014937103820633624,-0.006471023453826774,0.0015085004896260301,0.0006578825411631684,-0.02282462179643563
2022-02-25,0.011299945777284215,0.017075755989607533,0.01288215028012818,0.009191144362605819,0.015930365373768574,0.013777364286668536,0.02338432177332539,0.02655690899867036,0.021823807821482077,-0.003336237275936682,-0.008173093606205661,0.0007312090863234033,-0.09435415694926119
2022-02-28,0.07211363413565586,0.009393978960861027,0.0016366020425078176,0.004965611483745747,-0.0014673390183546076,0.0026097379337368665,-0.042592042221432536,0.007423443373173022,-0.002561380351949971,0.010311993951243714,0.025211422714287224,0.02168147261098774,0.08873151676105362
2022-03-01,-0.006986492144572587,-0.03794694521764086,-0.01169604420572501,-0.012935138846455807,-0.01589114836983363,-0.036383448225879356,-0.038459520112835044,0.009518625518932566,-0.015347829154644721,0.01800043176575361,0.06233167712390575,0.011495627698647759,0.09997289761890604
2022-03-02,0.017796004702968382,0.031327968231336545,0.020378889280790347,0.017609482481298677,0.0060061111126445965,0.022449950605329505,0.02052808080629287,0.0170323796825933,0.018229161967603602,-0.010460864384516988,0.04890948300334408,-0.03478089811615348,-0.08059307747498812
2022-03-03,-0.047240575115613304,-0.02111319856972127,-0.0019829357168443806,-0.014326030024913727,-0.027699674301737254,-0.02500870057087745,-0.007133264562468433,0.006313181420462222,-0.004990790525281952,0.005935763844875375,-0.011870755037183933,0.010134452327318577,-0.008494014864764754
2022-03-04,-0.0011922300504743077,-0.0333578777970609,-0.018579931388546633,-0.020691469069222812,-0.015381483821486519,-0.014440894294298623,-0.028532508319031535,0.036944617013593195,-0.008157824137374092,0.015803608419049375,0.06405202634966667,0.01711613133846157,0.04803997729179521
2022-03-07,-0.04104369101185856,-0.0715622316332154,-0.024003342764265412,-0.038508733580797205,-0.057862672145861715,-0.06499844079372519,-0.03938143852486409,0.035398747566700806,-0.029922447010301667,0.014753495270293016,0.035967587433014536,-0.007658859270206264,0.1308307862940432
2022-03-08,0.024335419149005943,0.007558508106722872,-0.011744702614927327,-0.01103177176741088,-0.010520594620232693,0.014930415510050032,-0.007067889364759772,0.007547157706999208,-0.00761077090864859,0.0269914293684268,0.036476004438156906,-0.01011064866594591,-0.036885982703408704
2022-03-09,0.04107819387010192,0.06739858617003369,0.034398891703105505,0.04483758904307322,0.023717698424230882,0.042239894795252475,0.0392805859805101,-0.05852616052851811,0.02645796658566102,-0.030161495266206373,-0.12396208826430222,-0.009847364492017618,-0.07935503002105193
2022-03-10,-0.024358017786858532,-0.015589531412584012,-0.02756277523897399,-0.01013780131706099,0.05271118653269635,-0.016713000888689322,-0.011910991537944504,0.030570331468345202,-0.0045258852270269045,0.0031163668784781606,-0.01885969995123915,-0.014471440436725658,-0.07086567301265845
2022-03-11,-0.052593703659666424,-0.024935371956272157,-0.024198980254130475,-0.019517630546703302,-0.008845856240148109,-0.03971065180723876,-0.022781430410480752,-0.005168178300372972,-0.012796477496689995,-0.00705269602424341,0.03110717362449389,0.003341342580104545,0.017055200603855347
2022-03-14,-0.03711720154932241,-0.03546307299673268,-0.02692166419622133,-0.013045823282938684,-0.025553208143986872,-0.005237441479208904,0.009882087943623219,-0.0364546429279633,-0.0073352696218522695,-0.01518847505814147,-0.04771751156138215,-0.023625944645247365,0.032632468437574946
2022-03-15,0.04530634609366668,0.07420501001479662,0.029245722037583022,0.038010908949918765,0.038131399237698815,0.02852358728907234,0.01759028134551066,-0.05859624873781666,0.021752199520224558,-0.01888261003368097,-0.059535487682924604,-0.0017473030954384683,-0.0630078667210694
2022-03-16,0.04670421907434541,0.06419032934734759,0.028602211075929418,0.024900746309981514,0.03819476755459039,0.05865302669896799,0.04371611719076984,-0.003762513683963853,0.02193191886674839,0.0062412859954879,-0.005112836852067204,0.00975985344370578,-0.11197525491444393
2022-03-17,0.03665493442277867,0.010961826318070411,0.006433532563173472,0.0028153923823657223,0.026649476185547805,0.020463949144919447,0.012565355548485257,0.026298679978290274,0.012433318575908459,0.004876733952654533,0.07611451604062136,-0.007481639789532757,-0.03821634319943401
2022-03-18,0.03803519751155893,0.06589777409429853,0.02070295949591472,0.017493975168831888,0.025192147663773312,0.040775832874838436,-0.00035684510895972466,-0.00393306059566445,0.010893319411271918,-0.008828710707897258,0.01294515227285764,0.012138825727078029,-0.07270052234591606
2022-03-21,0.017268009913467885,0.010566590364666784,0.008501493762594237,-0.004236268288393852,0.0014934365899943458,-0.0233666758246871,-0.0032172268429162543,0.043893596872592866,-0.00029259367916889545,0.007611755019546251,0.06358350292800363,-0.02342876218690737,-0.014346243588263086
2022-03-22,0.07608328359539929,-0.007886075240738588,0.020587287930043274,0.016246790956131463,0.02082005115512331,0.024105361811092685,0.02104470570243855,-0.004389230106884412,0.011633381347516014,-0.007277189924242755,-0.012397418320573728,-0.012894588869680312,-0.025394096939122424
2022-03-23,0.005147863044765444,-0.03413052556714735,0.008199876809820594,-0.015144104440492079,-0.009022396175223157,-0.014833547054990959,-0.020114173429328197,0.015639348494884686,-0.012961823100953396,0.01356720957605173,0.04224663498132575,0.021678245474368474,0.02709256901855106
2022-03-24,0.014714339594958936,0.09362772597986346,0.022424552948239196,0.015275314158933462,0.0014768099843154303,0.028221539570743026,0.006488985969737904,0.003003059153449783,0.014961715280797705,0.0072341375131088625,-0.0272125262856191,-0.007863387110798925,-0.08404588493141896
2022-03-25,-0.0032401817039868774,-0.016403758811283975,0.003727189783882423,-0.0013821010621848373,0.006844814730450288,0.010195197148727964,0.008704848770022089,0.021592903633338878,0.004871813769598887,-0.004103860537691517,0.01233734730169811,-0.013970241110205173,-0.04049520432695086
2022-03-28,0.07728050710253687,0.018851908104486448,0.00502409399755166,0.02285322152534519,0.025270668800861706,0.007947779425989232,-0.007426110284242782,-0.02845259125969779,0.007087815350281801,-0.01837151770682066,-0.08003237645173034,0.008513299273690933,-0.05837464920625823
2022-03-29,0.00705491356722554,0.015367453471392345,0.018953379393884084,0.01504582177290903,0.0019184362663260401,0.027656362901658404,0.0021982846512953458,-0.005327535165076114,0.012294974985725737,0.00044668806848946474,0.02150338686405462,0.007524114226960421,-0.037897063653762775
2022-03-30,-0.005087674440050982,-0.03429141781182965,-0.00667183016147721,-0.004926331923082117,-0.017961531171231115,-0.008782865880682778,-0.004543463538131398,0.01697303791956184,-0.006194109285318383,0.008006283379257795,0.02284926196814574,0.00777158401675937,0.022496387391307326
2022-03-31,-0.015095174165618452,-0.014697634755123978,-0.01793553392842906,-0.017841148645905136,-0.020064520292899957,-0.024389785059918623,-0.030487244239987277,-0.014305669146406075,-0.01551089954414131,0.0003875207880481568,-0.04986892287408029,0.0024255556341472584,0.061689125338078465
2022-04-01,0.006465651918934334,-0.021261009952499688,-0.0017195372254237284,0.003593519489032637,0.003445032282122895,0.01113581553936882,-0.007436513895138219,0.006396645911796561,0.002830134927735095,-0.0063862158789014245,0.0006742925881564332,0.003799846601449275,-0.04628844907562302
2022-04-04,0.0545955781797387,0.02396930187408497,0.023417000192581305,0.017778017814606528,0.028844454497230387,0.03941719730654114,0.0044244028350295395,0.0004810392236205274,0.008530223347694488,0.00483506168268466,0.03562586201658213,-0.006974378229011258,-0.05551160660496768
2022-04-05,-0.04846463728047112,-0.05364297024717013,-0.019123465856795363,-0.013070453117340008,-0.02582264225660147,-0.008803423576642544,-0.011705399098137725,-0.005183897797522263,-0.01271197823811665,-0.006284549046099208,-0.027167667298447995,-0.022851573195391772,0.12440266343456097
2022-04-06,-0.04258906976846255,-0.060569315476111996,-0.018623232480647012,-0.037292713747768325,-0.03283328123701157,-0.03753122914735396,-0.013971548069714679,0.011059058097218966,-0.010049702973486063,0.0023404756196958587,-0.0236737458063363,-0.008126610932537304,0.049627603419411415
2022-04-07,0.01093679078037102,-0.008186625445584905,0.001802470788641486,0.006224438421056355,-0.006138232814440592,-0.001568632966965744,-0.0030468656674864647,0.016597949953145452,0.005026344518446635,0.003777741580450744,0.0008209846806295218,-0.007561011364352943,-0.025201844638247373
2022-04-08,-0.030510186068030798,-0.046028398742859356,-0.011980599835914596,-0.014707620717523184,-0.021291810941382217,-0.0027847242527148097,0.01814265374070434,0.020827895979711464,-0.0026776016436294015,0.006246419748616283,0.01358531954539366,-0.010890014764854072,-0.018263181367582426
2022-04-11,-0.04953493181751334,-0.05339231832364799,-0.025846998143994604,-0.04023011632458928,-0.021850949776512252,-0.026756956552486777,-0.003677809974534263,-0.03503795683285649,-0.017240146126247247,0.004947206140849758,-0.0247263128246491,-0.01595159444612726,0.1412403022953157
2022-04-12,0.01122853693277559,-0.019023733353485728,0.011457544794871488,-0.01128117920839955,-0.0022158166719545846,-0.01077584022375877,-0.011037989384154123,0.020655845354684566,-0.003711928049558999,0.007647435301758598,0.04964602056691447,-0.001381270425397041,-0.004523989123826677
2022-04-13,0.035259373586186804,0.031988590158811725,0.016210346820463073,0.019520202153689326,0.031037763445815436,0.00396153200549243,-0.03276426973902069,0.014036415719380635,0.01138853309357124,0.004777109287769754,0.031608781573567946,0.002030816942455438,-0.10600194653157269
2022-04-14,-0.03723709338922099,-0.04349420874258714,-0.030447019202777703,-0.027457749363760442,-0.02496165015949181,-0.02262727793484931,-0.009312766817909157,0.011681706681479831,-0.012529988153287874,-0.003309019437270244,0.014558160039278789,-0.020249095436112086,0.03953799167815708
2022-04-18,0.01939443951963149,0.024396721433262325,-0.001331838024070997,0.0024628586560018206,0.007084013688020363,0.002803284230733283,0.018383756718557187,0.008163928327406644,0.00041092332981662594,0.0030924062818558085,0.010501458548885623,-0.004981355143308441,-0.023624931027489193
2022-04-19,0.023480261839117667,0.018872235241917057,0.014016598926870572,0.016895945887283048,0.0342940109084795,0.03055745736585891,0.020495338671014274,-0.00896143886781342,0.016013848978206013,-0.015228268112133847,-0.04515299902523662,-0.00751909517314342,-0.03675191846691206
2022-04-20,-0.050825021637719736,-0.03278675190725444,-0.0010159684927755208,0.003708471474533681,-0.026386116801539572,-0.08090978791396353,0.003502189128697708,0.0022763865354384905,-0.0007415502373042671,0.004883006193092676,0.004931836825484481,0.019926263744391548,-0.05038250091083496
2022-04-21,0.031805636085348254,-0.062374802370744664,-0.004855474792191394,-0.01957125084800282,-0.03772931062801099,-0.06360093434338232,-0.007782319692267947,-0.010629466707838375,-0.015066642044243572,-0.003563943502360445,0.011328711263713487,-0.007425813427939687,0.10987788462348558
2022-04-22,-0.003704429607069848,-0.033657372480286885,-0.028215610371966626,-0.02444063606950131,-0.026969363430673354,-0.021280796383845058,-0.02914292041906652,-0.02207318214271048,-0.027822694174271412,-0.00976966135240076,-0.02344218185870428,-0.006313873260182845,0.21819300024463084
2022-04-25,-0.00701922259288601,0.019636933845474935,0.006714560863120056,0.024120054150334802,0.0118724293253063,0.0155218453495376,-0.00031549350598947257,-0.03429486973930995,0.005780933532634869,-0.01813443252023017,-0.02199341488263329,0.009951057367642235,-0.043099143086191116
2022-04-26,-0.1299278575282088,-0.05760209925963844,-0.0380425789619494,-0.03812131233258942,-0.046830397470919216,-0.03283475614904319,-0.03002747475606249,0.0003645993275425141,-0.0293886710686051,0.0015238553873304639,0.02395717186868751,0.010016466723203443,0.2155649397966033
2022-04-27,0.0057908789187459675,-0.020052536027798773,-0.0014679163485293856,0.046987657462682186,-0.008819827903123745,-0.033720361719426606,-0.013091313446542685,0.028157337966930207,0.002807991116529074,-0.007585723242633513,-0.0011777314298875297,-0.012908316579466117,-0.05898515660562342
2022-04-28,-0.004548029513557594,0.07160694664352407,0.04416579232841045,0.022380238081790793,0.04548392874815921,0.16206433208009052,0.015689231424909522,0.029797524853619528,0.02494573709859438,0.005383804789462765,0.02214398069140433,0.0014881906996970784,-0.05229314753571401
2022-04-29,-0.007721957937068424,-0.06446432420514059,-0.037291523305925445,-0.04271160076486602,-0.15139791287665272,-0.025899828189091423,-0.032800713706323315,-0.02261599478571874,-0.03765599145958287,-0.00011298334784104469,-0.011852730057076322,-0.013057922836706481,0.1076919605386717
2022-05-02,0.03628977282780177,0.05179721077364885,0.001964634166129464,0.024735062209469305,0.001756547690294319,0.05180942640474395,0.009090474044932684,0.013515184137347092,0.006001452529718065,-0.018714522902945063,0.015687522230843243,-0.01748583188900188,-0.032251086800449524
2022-05-03,0.006963974902023828,0.0035260548914219925,0.009576378536456431,-0.009501071066822853,-0.0019818670830202834,0.004253647322301823,0.021193660559577943,0.020390386405876093,0.0045735936646220665,0.002645759356915356,-0.021797404118103714,0.00671942413125759,-0.10042528518933569
2022-05-04,0.046595992796664376,0.03666301232922997,0.04018970204552641,0.028685246352192273,0.013390415419769042,0.05228084729606142,0.032546035435161436,0.039028555269354115,0.02999855965336984,0.009774616775434453,0.045001521947341416,0.005494350868580966,-0.14034330491522207
2022-05-05,-0.08695990905101425,-0.07609972949065735,-0.05732845584824631,-0.044531859579742594,-0.07862161321968131,-0.0701251729556116,-0.025337966547946067,-0.015274282491859026,-0.03618981655074727,-0.0038184194446895248,0.003235872503980275,-0.02778056109281568,0.20488185050598062
2022-05-06,-0.008775573655860569,-0.009008860930054485,0.004716061533075688,-0.009491128763955636,-0.014140750847553285,-0.02189146371287176,-0.0016153740295390406,0.015165266776760333,-0.005986908759838094,0.001654504919470945,0.02029457624738562,-0.0148450383565768,-0.032907357859992103
2022-05-09,-0.09511263619709442,-0.09691774534702713,-0.03375240319867334,-0.037645409489238446,-0.05354166033985841,-0.03780629690942572,-0.015148053419378193,-0.08213527047296143,-0.03254096177375576,-0.014585347642546154,-0.07009797317076227,0.0087592609577678,0.14066881060216918
2022-05-10,0.016293707630266496,0.03734635857813462,0.01598349216969197,0.018424805523097554,0.0006432376717793176,0.00731217142725793,-0.024674160908248588,0.006608559723660257,0.002307938287879452,-0.008481065653521469,-0.02700363862453159,0.009028413998778184,-0.051975035892264376
2022-05-11,-0.0861526495504652,-0.05640620467285018,-0.053233404230975445,-0.03377378071562287,-0.03255651570099172,-0.046127330407674805,-0.006328433539979805,0.020604945221216475,-0.01601372764743214,0.008133958004822084,0.04781215175338893,0.01908904937101319,-0.01311995280695566
2022-05-12,-0.008207980246495161,-0.027741181709916685,-0.02726230932988738,-0.020159399825682378,0.014682093519508221,0.013158715166505353,-0.0008465186458819218,0.004529358485386936,-0.0010445976222346331,-0.0154527061706764,0.013341193078315605,-0.001867329800844253,-0.024562120621479444
2022-05-13,0.055556831589002265,0.09043633628004111,0.03141756720788358,0.022344949703549943,0.055695373338186194,0.037864157661421594,0.008855754451769116,0.029232271692438694,0.023626523349022932,-0.008142627698811467,0.025544911465052778,-0.014890896102742524,-0.09571943994586452
2022-05-16,-0.06055559591829773,-0.02527984327690236,-0.010729461574372934,0.0014539609257626651,-0.020052883582188485,0.007123894641584805,-0.00699404290990735,0.02324782479569798,-0.004065778994170266,0.00949327965207658,0.022265070097156503,-0.0010351994920094754,-0.049708547633251055
2022-05-17,0.050132289582274225,0.05153366529482728,0.025104642183242376,0.020140345638646195,0.04030980601090839,0.012814958441992097,0.03260994740847334,0.012673704078889791,0.020361900574914493,-0.006299094085683521,-0.024358773301596415,-0.012157102708889589,-0.0511591461666403
2022-05-18,-0.07043726926027905,-0.07059760413266458,-0.05807316834351095,-0.04659890385352394,-0.07425163860523742,-0.05258764343660083,-0.01725408085779101,-0.01597761855473845,-0.0411467935026959,0.0005313437048437564,-0.022694236776363397,0.021093352426946765,0.17076069020588358
2022-05-19,-0.0005496144580128259,0.010921478690909314,-0.02494998596245246,-0.0037064354637754704,0.0019259973748422254,-0.004953891578620251,-0.014933089872380734,0.005390796884323201,-0.006143488407275299,0.014590277160261067,0.01613847365576415,0.0023922757995338273,-0.05340345987885886
2022-05-20,-0.0663161611759957,-0.025431708891082483,0.0017457095688850899,-0.0022939891994857575,0.0025313230136676523,0.011693338456999491,-0.008232509094682428,0.00786882383751486,0.00043642906765750666,0.0006977677571926577,0.013191335617880107,0.011286199568774968,0.0027220133435581495
2022-05-23,0.016432950581560135,0.012145774484202398,0.03933535609123329,0.03152980475769329,-0.00031610064973097707,0.013803296373511742,0.06003268832822606,0.021858345057657047,0.01853735753886543,0.004639589893868923,0.003911503452491694,-0.016591113125494772,-0.03281250214431619
2022-05-24,-0.07176955888757153,-0.04502733096306866,-0.019402974290393615,-0.003959396389403125,-0.0326689712620567,-0.07924446132267615,0.014026463645008036,0.005417129231697793,-0.007662877131909163,0.007493711725538255,0.0003659057072420424,0.01953991786250242,0.033491865533246123
2022-05-25,0.047625084888030855,0.049574082815889486,0.0011392311948839051,0.011108128393104266,0.025371870055026946,0.013968533021628815,0.0069401370034603005,0.019927441171395444,0.008795922278863166,-0.006048248796559186,0.005836633144420844,0.003946632831357988,-0.037361657601378884
2022-05-26,0.07164265445291118,0.050317851832700544,0.02293452803786966,0.01279297522913403,0.03950431937060639,0.04155509988361139,0.017142400557915494,0.0035245265429590944,0.019784137361575027,-0.0018506096399271144,0.0252601326147861,-0.004535623356616725,-0.031146273729953933
2022-05-27,0.07076881859385153,0.05238196859744493,0.039947910410453424,0.027230199063470906,0.035977077098845456,0.018099552125948826,0.01403881186546041,0.00978212021597713,0.02425279756364951,0.0005208853826914606,0.01023240647948409,0.002438427050266867,-0.06691713200005589
2022-05-31,-0.0018051917677217588,-0.007416637274523907,-0.005360501445016652,-0.005026443505008693,0.043030852834664124,-0.007665349123452181,0.007286368664618514,-0.016426904911342355,-0.005626678551617914,-0.009942270255165475,0.00011703195722301274,-0.02138935438751055,0.018108806238811948
2022-06-01,-0.023876273341224774,-0.019031660372749393,-0.0008738007244231127,0.0020208351245178946,0.012191424649069305,-0.02616012517053612,-0.017700716600963062,0.01898525130665707,-0.008121670115801116,0.006348836617416254,0.0008186620415102652,-0.001143895806476003,-0.019275847000948865
2022-06-02,0.04571303469577792,0.06712791648524163,0.016671522900153057,0.007897905200540123,0.03096591180555297,0.05276027268352834,0.015959987320509406,-0.0017391418948022874,0.0188645350443446,0.012234040087981235,0.019793447580858547,0.0005160576258180782,-0.038489227097765255
2022-06-03,-0.0967241388472253,-0.04552884484486874,-0.03931838450687852,-0.016746646701235157,-0.02550763935961431,-0.041480035425828454,-0.014037375529972529,0.014434312661833815,-0.016547704063426316,-0.010203900438868097,0.025125826120683037,-0.0021520505016630054,0.002827778165847672
2022-06-06,0.015919806421978322,0.003519449335411373,0.005213827648797853,-0.004714304857850848,0.0197465544390516,0.018025115759838783,-0.003309294517252148,-0.0025262970863169087,0.003040240616039469,-0.0044134478528645715,-0.012144553035573047,-0.018615739928604214,0.011231517018839732
2022-06-07,0.002542820180630123,0.007424763381763011,0.017433033957927613,0.01385686076858672,-0.014447976483889846,0.00718130454871968,0.002617525259552167,0.044812448552287165,0.009546484313480263,0.006497267812168417,0.01849519203889205,0.010742061057118946,-0.0427850642878127
2022-06-08,0.01239735072635817,-0.01458654944013782,-0.005056162280079768,-0.007699448353652549,-0.01490730933720652,0.005047544557387873,-0.016042431565883142,0.011733216414328673,-0.010931654992286433,-0.0009256257836884885,0.021425826060107234,-0.008899973181391019,-0.002501100672851475
2022-06-09,-0.0089706717374467,-0.03270372608599237,-0.036617738910451614,-0.02100236520674592,-0.04239457368165134,-0.06643896737263777,-0.021239799315947216,-0.021845082413603834,-0.024070421501309447,-0.0031883338247284954,-0.009941590967300407,0.0033250678801977074,0.08516636996056626
2022-06-10,-0.03168770531986009,-0.061352175577771284,-0.03939479459262696,-0.04558689490689449,-0.057588983573757524,-0.0468979153450233,-0.04705577554840179,-0.018443359377076085,-0.029424229680053315,0.013323135228160865,-0.010485219204587892,-0.006221213352134214,0.06168373519528636
2022-06-13,-0.07366972655880133,-0.08140361062717671,-0.03903683195084273,-0.0433383312546507,-0.05608072910712014,-0.06658739041965145,-0.03023070476308387,-0.04697518137166057,-0.03870787086059302,-0.026767358824472787,0.002548656259710569,-0.03188200781834727,0.2037127602309945
2022-06-14,0.023606322357198728,0.01200655195258582,0.006650597132054514,0.009162787150351015,-0.013205363644664736,-0.003231741450290926,-0.016779415429293287,0.002605001412902652,-0.0030175857473100365,-0.00803540720328666,-0.02136431225130586,-0.012693658972253274,-0.039879421696833894
2022-06-15,0.053373616280111946,0.042709695265604086,0.01991149353766719,0.02930190674133648,0.05106358079343565,0.03374883747698565,0.011766519434752709,-0.012671147883322575,0.014155600693761095,0.012966509676610727,-0.017334185501597155,0.018484459267600784,-0.09861934155361629
2022-06-16,-0.08927688581957316,-0.05766037912645938,-0.040458711044131235,-0.027340558502573664,-0.037954628731807105,-0.05137104468995801,-0.017305304938169286,-0.037582252156767026,-0.03365621494538029,0.011180446816136502,0.00836253616538496,0.007907940030576377,0.10654144692998813
2022-06-17,0.01702915760963819,0.017725454517986794,0.011467202283895084,0.01088069726664731,0.02439607839682356,0.017683125923552367,-0.0035324621328260974,-0.0593943628722311,0.002153471420595743,-0.008256810144045446,-0.050537154714440646,0.003216954582772935,-0.056819326608450904
2022-06-21,0.08942411634475622,0.04229161668222581,0.032235569472766734,0.02429370740296921,0.022895360879699567,-0.041715366711684077,0.024470086133928426,0.06037852893016815,0.024861699031397677,-0.0037437854344899435,0.008483314110952378,-0.017097201389514538,-0.030661196085893128
2022-06-22,-0.004015858661335692,-0.012512686552772045,-0.0038345204593781546,-0.00240698999230915,0.0024812460138328163,-0.007670159586853131,-0.005627512315391492,-0.040375464673116035,-0.0018144029908944148,0.003977268335422224,-0.03844535540997551,0.027128863507289047,-0.04194053103593376
2022-06-23,-0.00431560975215195,-0.008286194176878592,0.02134425170289944,0.022384227650104727,0.03153073437129894,0.01843653615242058,-0.010999436215438863,-0.030626070731760713,0.009754928488342252,-0.006148118298448857,-0.023771842391393072,0.008181308064631132,0.003448226662245535
2022-06-24,0.04425503260828734,0.05404455034363309,0.02422141411877199,0.03357957680924084,0.03512809079637069,0.06940840485594357,0.02940881136922613,0.019639462695502985,0.03129890950335312,-0.0009989609969460744,0.028582205097081648,-0.013939336422842175,-0.06469916716028079
2022-06-27,-0.0032067867617016077,-0.015120274047105475,0.0,-0.010552352805094145,-0.02821501915746527,-0.003945162659511503,-0.00804457592313046,0.024215353979647247,-0.0038269174095519887,-0.0011176944418576085,0.020219978683858386,-0.008565210386573874,-0.010335964210215653
2022-06-28,-0.0513391457806156,-0.054014477900345526,-0.03024242777236541,-0.032263931806541635,-0.05277264310800245,-0.053379207051068356,-0.0048234623951728395,0.027365598101600774,-0.02064467900227296,-0.0016493806069401984,0.021354833558794972,0.004648563612946077,0.05099639752104368
2022-06-29,-0.01810000361139341,-0.02791698475088955,0.012940020255411078,0.014630369751847283,0.014053454712350089,0.02008583678489817,-0.004499700314654298,-0.037639297218654555,-0.0008148095074300699,-0.0007666517068587453,-0.021113735855704086,0.015487836595278637,-0.007077197314253603
2022-06-30,-0.017735577471773567,-0.02495169973521616,-0.01819240111668652,-0.013266602963931895,-0.025195393281078005,-0.016544626936910056,-0.02360712849426605,-0.028547270357892174,-0.008157425673867458,-0.006095587698334626,-0.031845906653005684,0.008743539001846656,0.01934293637293827
2022-07-01,0.012352524133575571,-0.04286088213928263,0.016035132601260216,0.010650388157412038,0.031054064397664227,-0.007594762770712471,0.012706504269248242,0.022057704403687595,0.010520911039410663,-0.0008313996785860311,0.016294641756902983,0.010214341288037332,-0.07258186826346069
2022-07-05,0.02521511490516115,0.029913733929697095,0.01875347058980381,0.012518768758114085,0.035330514810318014,0.04973304717528215,-0.0038110671834150622,-0.031796882332747245,0.001886943121520268,-0.021437799680384728,-0.08813626172497901,0.007826271687327413,0.0309759325633423
2022-07-06,-0.005737228466480282,0.011032167174212848,0.009561489263005818,0.012701780707983445,0.007286182647943562,0.009350333703149083,-0.006503101704015357,-0.01820473204705131,0.003371607193182413,-0.015969017587404544,-0.014954817385141261,-0.016933292682951517,-0.029853013518694294
2022-07-07,0.0538052294718776,0.0469945876522031,0.023715995691893532,0.008192695213639745,0.0173419759994502,0.014153982195876047,0.024978367930541978,0.031440565153380895,0.014865990511664151,0.0005548992912700612,0.03834852612999384,-0.008839342680667883,-0.024617778892292108
2022-07-08,0.025117078284842442,-0.0012619010903698324,0.004703544227986356,-0.002760645556734609,-0.00681419729183208,-0.00763706979092138,-0.003143156020665394,0.0016279490128559004,-0.0008227620635556931,0.0004314382372543335,0.02566389883679765,-0.011138110512685984,-0.056797620238513424
2022-07-11,-0.06772231414560181,-0.04427972856074103,-0.014867817786995197,-0.011838044123998692,-0.03335256478334081,-0.04794782524124841,-0.01320326765223978,-0.005124604190125837,-0.011489263012691708,-0.005374926525164803,-0.0039548121986268114,0.017097950090517067,0.0602426055628178
2022-07-12,-0.005448427397798383,-0.004630360429377589,0.006810485288956336,-0.04184523920994998,-0.022900025593117768,0.0023916760950228877,0.0009744053922631224,-0.013400938618622682,-0.008888432713097139,-0.00372364890598309,-0.07179997373264069,0.005924452921441059,0.04190664881096007
2022-07-13,0.016890005886122772,0.005422143141982971,-0.002539673389535757,-0.0037520009022662393,0.010745939763801005,0.001346515543849236,-0.009427339031267579,0.004015619773403145,-0.005265624524103174,0.004776265963685411,0.00520555809481138,0.011401006108590295,-0.017372501793467165
2022-07-14,0.0053574842368897535,0.013623539426627307,0.020275137096087192,0.005367007555409309,0.00208112755571932,-0.03384045263970936,-0.0355636810397959,-0.020241110169605392,-0.0024314408286336686,-0.014146649261641109,-0.0046563212745116545,-0.008192373163940836,-0.01578387077220844
2022-07-15,0.007330299130863693,0.025054279260721124,0.011385201959666524,0.010336647425738477,0.026052020207380622,0.04121423932366319,0.044813838108408,0.016698936197412806,0.018924998934878978,-0.002010475816356383,0.012142852140508253,0.005612176242332012,-0.08577247976665925
2022-07-18,0.001997430616818896,0.021279394255414363,-0.02085947489025486,-0.009667815557286907,0.0018476894058663262,0.015244407184742848,-0.01032327308528469,0.01828440152615496,-0.008291287111032553,0.0009429497894322125,0.04078944438935217,-0.010472742011045533,0.043212849641764084
2022-07-19,0.020505045463666605,0.05386134260003983,0.026371281148394488,0.02055423335019224,0.03837171118403493,0.04986336578921868,0.024476669414611685,0.024890962661189953,0.026660763055949666,0.002384623832616839,0.016014877835891284,-0.0054095041406769795,-0.032131248027083004
2022-07-20,0.007991447618969971,0.04684858985273488,0.013419543090170905,0.010502348709740872,0.03784996283211228,0.0407442937672533,-0.00017450247393036022,0.01092916508564823,0.0063528933692547085,-0.009446509339211318,-0.005266935621969893,0.0026209834204902194,-0.025631864170057916
2022-07-21,0.09331246499887591,0.013554446798470288,0.014981313528771523,0.009751051453399384,0.015036666950921429,0.00043682803030886674,0.006786850266099265,-0.016837432919082573,0.010131491466216502,0.014011796602265036,-0.0280825815861645,0.017128493408283596,-0.032775802683622235
2022-07-22,0.001973278025583447,-0.04134168694661078,-0.008143753341914639,-0.01706040505821438,-0.01789158533462576,-0.07891930772369449,-0.004867970352103512,-0.007664877552824301,-0.009321274586788775,0.0024926409954950657,-0.012798456338420472,0.016671757695393197,-0.003467707049145119
2022-07-25,-0.014093787954092996,-0.01718019262993442,-0.007425797652345523,-0.005893836157325971,-0.010510843951367477,-0.01559948660702748,0.0040003974499525086,0.03276028212630866,0.0012140551073382966,-0.0027423043036360895,0.02242219894631514,-0.00983336730795692,0.014227440440233163
2022-07-26,-0.036315218653082404,-0.029265423344398744,-0.008865646929041127,-0.02713921935433916,-0.05366832967343527,-0.04604853263008568,-0.015745747950606237,-0.003897355906303801,-0.011901455014454498,-0.0011865143173865889,-0.014004688191793235,0.0007664281521071459,0.05537314089952172
2022-07-27,0.05982904612856643,0.07327795774722912,0.03366182455312483,0.06471171748551807,0.052264024221746475,0.06347752838528997,0.01591922063638851,0.021413615584177315,0.025635030563219807,0.010133467249785255,0.035421581590826534,-0.0056339080189919954,-0.06052340285251656
2022-07-28,0.02188234782717391,0.010846050049309941,0.0035653000402016133,0.02814141048179053,0.010770895977067596,-0.05366085066784354,-0.00373836063088806,0.011617349052255754,0.012464231441174256,0.01211168004371821,-0.009548530524138954,0.007929447564379188,-0.039943859699684836
2022-07-29,0.056238328890716005,0.009903902156465083,0.032267017235587225,0.015543605230687874,0.09859082981024248,-0.010130869475283966,0.004779148206402795,0.045268029988551284,0.014473707793665191,0.002807145958569457,0.01185741172534538,-0.0027211930792381267,-0.04581653352898796
2022-08-01,0.0004262206792029488,0.015190043256166241,-0.006172448116061879,-0.009771973712309645,0.0032551811488952254,0.005203056057838218,-0.010018779147676682,-0.02560101539986359,-0.0029655568496576024,0.005651232868696177,-0.03812977623813474,0.023798132969893082,0.06839886256211836
2022-08-02,0.011072869479979097,0.004598590842187722,-0.009330798585844846,-0.011540499641096602,-0.009126353187385305,0.0016244846397430734,-0.015708147378283854,-0.004349160098700899,-0.006619346381047109,-0.005955990148902579,0.010591957420973408,-0.02138692599213954,0.04661952320459495
2022-08-03,0.02240285862664937,0.019616336723853767,0.03753444963983288,0.027455834326350903,0.039174845971704286,0.05235397773307682,0.010440844046518905,-0.03295947043521519,0.015538003192826721,0.0024352760679882124,-0.03211839763761404,0.01562202315955119,-0.08636574039389355
2022-08-04,0.004014952135593219,0.01689990825017329,-0.0019280765825673285,0.0041688595361053515,0.02162516775542045,0.010431283978457273,-0.011063537433084747,-0.042989722700025546,-0.0006757294653843005,0.016404693683583993,-0.0275765445520193,-0.0003349812207353864,-0.023508813167236742
2022-08-05,-0.06860331182901547,-0.011831556797319731,-0.0013900994818962786,-0.00261225178249358,-0.012492693140301547,-0.020493432164588654,0.029811060776612663,0.014347622614126365,-0.0016916354919480625,-0.011309781450743017,0.00013982157360903358,-0.024091390179767913,-0.013618473656111796
2022-08-08,0.007789020718917072,-0.0650546018837832,-0.0029072428773098125,-0.009196827632394822,-0.009921207364733675,0.018615604037712785,-0.012255228144593566,0.005637033820095283,-0.0011615434257787882,0.008434348290836446,0.027572741694214642,0.016012212480484678,0.006597634452187862
2022-08-09,-0.024715554364526326,-0.0405455532168868,0.0003031499908683344,0.0070381714887481905,-0.011398203042398691,-0.010154200019074189,0.008967122325524102,0.018269465767140503,-0.003978732671432894,0.0030548677970774207,-0.0012246272513989354,-0.0038940827842095516,0.022295374365645326
2022-08-10,0.038168061008176934,0.057486474922939124,0.025857359134232816,0.02400991079372261,0.03465340706112041,0.056578102195526725,0.025753136971768065,0.009448499087668871,0.020786413556701966,-0.002515111058863262,0.011775229328236492,-0.006552872148150257,-0.09788587386321534
2022-08-11,-0.02659995527031178,-0.00860177740483925,-0.00444136408180551,-0.007428287171084236,-0.014471032455293908,-0.00477759929029542,0.014673484436425355,0.028517291638365805,0.0,-0.002641706914864095,0.026030674329950543,-0.023585069317769047,0.023035619765927606
2022-08-12,0.04569026313078073,0.04186050843105216,0.021199452350066927,0.01689350920325694,0.02047999822921831,0.016816494668782767,0.016428519381023854,0.008654348681099933,0.01678714697035666,0.009155976822721179,-0.017189308650475077,0.010089198313202097,-0.03373086212935128
2022-08-15,0.03049389783135492,0.017117062589541376,0.006313396460102538,0.005330160142193563,-0.0025808990121563014,0.0021582875180161665,0.0026982514451230344,-0.018033659419816495,0.00411241526531736,-0.012950528089989533,-0.02840724081347723,-0.0008658385419115788,0.021277401531363704
2022-08-16,-0.008952025876518555,-0.008071682886998222,-0.0009242958918278532,-0.0025933699289844014,0.011112811619446994,-0.007881048013297587,0.009509008836340094,-0.009359357055867434,0.0019568708096011633,-0.0017516299628299592,-0.02275978683027091,0.0041492508496610014,-0.013118261804125009
2022-08-17,-0.008407578354357348,-0.02923859833908482,0.008746329695097366,-0.002639439539853683,-0.01868426237825016,-0.026079546476791116,-0.008448021743112655,0.008058426987116896,-0.007123486218509889,-0.00648934594710493,0.011305936366571068,-0.010492268295799967,0.010608792786787724
2022-08-18,-0.003713104770382003,0.023608241776413408,-0.0022942169503661347,-0.0039555633425143455,0.0014064484864393378,-0.0010872854048225022,-0.007779543382648413,0.02336907529942689,0.002902286785885444,-0.0026198444873024584,0.02953853484341984,0.0014807897391957425,-0.017233075258001662
2022-08-19,-0.020694514649366447,-0.05047218899125294,-0.01521725385583661,-0.013950468798550553,-0.02901859297383247,-0.03911556901611135,-0.025056505369147608,-0.003183645797436796,-0.01352920329083851,-0.007347552958115067,-0.002023357124842917,-0.016233176355950896,0.05180445701037106
2022-08-22,-0.023027123255798365,-0.04673627656700896,-0.023298572666131,-0.02979483460651089,-0.036917027419821835,-0.02966871422305406,-0.01665995299177414,-0.0007442960392269882,-0.021042174046037587,-0.006659303367833047,0.008336780239750041,-0.003367576369889491,0.14439445430766584
2022-08-23,0.022307815587712554,0.008592668782394508,-0.0020311487129101025,-0.004727792640863981,0.002998007806708003,-0.011969724872895604,-0.00990572726982375,0.041566081131856336,-0.002422389467244379,0.006966551217581163,0.028382889952123236,-0.0055185961100354675,0.012941168887217191
2022-08-24,0.00216777456504591,0.002383592828849146,0.001792360398265025,-0.002353930370556867,0.0013462565476780597,0.0132567734491289,0.0024209705520865654,0.005901199401493251,0.003195967759927143,0.002944580504679273,0.01562631477433296,-0.007345761552167929,-0.054989386447608535
2022-08-25,-0.00346166907546408,0.03933928636526396,0.014812371953880188,0.011034346276422191,0.02567645634510196,0.0332522026693276,0.023470266231811365,0.005160166019519075,0.014018987809942374,0.0030581063588206447,-0.01993078665393444,0.013840249708893637,-0.04664518202951973
2022-08-26,-0.02732301898385181,-0.09681862492591264,-0.03842823983986943,-0.03935131200346742,-0.048735523902551314,-0.0423588432686568,-0.033276451179721,-0.012388562073684994,-0.034435380510101865,-0.012227153201929575,-0.008533055155007574,0.0075091344407427485,0.1600364595838233
2022-08-29,-0.011415491099770136,-0.028635120927778868,-0.013784677388328781,-0.010725457337263933,-0.007369394974060306,-0.016264676126924726,-0.0024447835230816395,0.022729475331981774,-0.006634053081558733,0.0006180465249858713,0.03675842789503214,-0.008307635385000012,0.025112373789793807
2022-08-30,-0.025315989236162295,-0.021299667211776896,-0.015424041144836309,-0.008557367599524746,-0.008200553488747708,-0.012708062790586006,0.00017465781312786532,-0.03879745887249708,-0.011038645408235404,-0.00837555613648,-0.041780871101057215,0.0024818283918541795,0.0
2022-08-31,-0.007554668468040759,-0.02447607870783486,-0.01069180044930107,-0.005720386942293487,-0.015342760012094558,0.036055981734467224,-0.005961015604884601,-0.0075039008721340394,-0.007637895532797145,-0.007755309612976546,-0.03177007781783203,-0.009606896301862733,-0.013056953766507728
2022-09-01,0.005608200169826993,-0.0797500271297138,0.004696003127331316,-0.004100653176327462,0.008248627364462635,0.014804333656209145,0.006835021906202776,-0.018157256139227584,0.003132884639057032,-0.0088290234746502,-0.029989804060369885,-0.018477868924740903,-0.012055420023286079
2022-09-02,-0.025395567131662133,-0.021027653155464066,-0.013704872656233213,-0.016807182849240654,-0.0024282121857073236,-0.030952990176698947,-0.0070109458306477634,0.018157256139227584,-0.010600625097619165,0.008766173723187443,0.006742592846001649,0.005641065808202228,-0.003527346582687052
2022-09-06,0.015460425583856185,-0.013425886807951759,-0.00824891356670765,-0.011034624984810115,-0.011040262841267356,-0.011165123355374007,0.00026387428206753327,-0.006717776835857947,-0.0037801806276442917,-0.005856578259355594,-0.00014003691079711444,-0.025080489393014105,0.054996697036135966
2022-09-07,0.03325755641840722,0.01862060129476406,0.009211427404300032,0.018931196201787515,0.02637184925335312,0.011601598621562736,0.018812532802498616,-0.008567386667599486,0.01780543398278578,0.010117286090114419,-0.05467407863082574,0.015691805921879798,-0.08812684517395253
2022-09-08,0.019408586563541164,0.019925544824403563,-0.009664467329513649,0.0016647342847537772,0.0026225359626117495,0.010358250665238877,0.02302869867007029,0.008146182763775656,0.006515274368398494,-0.006020378897494183,0.006926467813873849,-0.010310509146249203,-0.04270073694573595
2022-09-09,0.03538924284934453,0.027982130710019426,0.018664412442924494,0.02271704043292111,0.026228245626737312,0.04281931297093511,0.004794387810633793,0.016613863786677285,0.015415642084394499,0.005269846503476394,0.04325700963666179,0.002218309059506929,-0.03534849351890168
2022-09-12,0.015693156705111733,0.008168458187124195,0.03778509926247686,0.008246758269728538,0.023581047138634403,-0.001123945201983112,0.0117627320625866,0.011436780795602175,0.010690208155120118,0.005055386193322242,0.017704571481807818,-0.008251048252029491,0.04630059207931847
2022-09-13,-0.0412094455730605,-0.09951774907913924,-0.06047167007624488,-0.05654746924333498,-0.07318946892343803,-0.09837467860994575,-0.03536697039308123,-0.02363533156074471,-0.044455900213483446,-0.013096728906648814,-0.0049868589034556265,0.002324751595829788,0.13316473813460528
2022-09-14,0.03524587394017065,-0.000228132577837048,0.009509992442056081,0.0009123898559888488,0.013549201586232407,-0.010899776263853411,-0.0023222463671457305,0.024249823001251336,0.003808468407505039,-0.003855034555311221,0.009948972396032651,0.0034307115937286525,-0.04155569288771588
2022-09-15,0.003760195326889537,-0.015274667199725478,-0.01911129388301802,-0.027493688226545743,-0.017816303428596747,-0.012756722610025584,0.014958121095895116,-0.02950853208118165,-0.011418360571036956,-0.018855801737618805,-0.0416931900992612,-0.0006482069361215537,0.004196100366660183
2022-09-16,-0.00131772014607634,0.02059240850544608,-0.011020732704357883,-0.0026117082357712817,-0.022017622356265143,-0.022039985671389317,-0.006725040255784798,-0.01723086561771492,-0.007658101597404432,0.005533767627080799,0.002004860845925549,-0.008370766453234424,0.0011412890518260888
2022-09-19,0.018680537647815854,0.013845289653436677,0.02477349532515749,-0.000899290037105871,0.009106029090596657,0.011756623228224683,0.00918217581612435,-0.00010727303291879764,0.007725108878942066,0.0007697907679808935,0.002143645279217843,0.002332341984591757,-0.020746000053296854
2022-09-20,-0.0011006680548337755,-0.015513625864540082,0.015544118799662776,-0.008501622038856738,-0.020012830448643548,-0.013124484950447268,-0.019916193228393553,-0.008187822098692621,-0.011544877263877318,-0.005722932055293839,-0.011919460506117474,-0.010020298840934139,0.052922386951067324
2022-09-21,-0.026021592607865962,0.006430432184956647,-0.020475888667551345,-0.014541182058598778,-0.030326766225785562,-0.02755120025683766,-0.029259094321173684,-0.016250079857073274,-0.01759789869872108,0.004632228320962994,-0.00783181536959976,0.01661388609962966,0.030101998277705988
2022-09-22,-0.04143856847866534,-0.05423057948222931,-0.006395652455696954,0.008459619531672402,-0.010430481377003531,0.0049133410604458305,-0.011444038791325717,-0.004186766955719179,-0.008435260786682441,-0.0005778441890038621,0.0042136046695251395,-0.025880650208101486,-0.023130752534395338
2022-09-23,-0.047036653542681606,-0.0035889296117823655,-0.015239257154251895,-0.012779321161986879,-0.030553234112176142,-0.017018287726510373,-0.018788823503650853,-0.05468672409022979,-0.01689678986617782,-0.017427816406674346,-0.0543733817119918,0.004076698702009551,0.08981061284051295
2022-09-26,0.0024668028538146203,-0.02327931968117758,0.0022577311563045654,-0.001977531007836042,0.01196889092404696,-0.029195312056202738,-0.021767080950318096,-0.020857393221797693,-0.009941904606265872,-0.01170141432179772,-0.03299395020561402,-0.019295538005747126,0.07530086501150457
2022-09-27,0.02479773733322954,0.015015598088762516,0.006544808157322279,-0.004389518702335948,-0.006447119796422207,-0.014551122410612294,-0.008841364992511203,0.020740686445022583,-0.0025561421770126103,0.0020477436877319732,0.019119802254714102,-0.026683996944548483,0.010484220898846708
2022-09-28,0.017065662059064124,0.025688643927884502,-0.012732447179905293,0.019519981385916374,0.030980865018271686,0.05225645429249415,0.02001565214394674,0.0357423017131655,0.0194853435723239,0.020573557832177514,0.04120688155693042,0.03293367317516527,-0.07713277811500152
2022-09-29,-0.07053030781739,-0.04135885890731794,-0.05036646190612881,-0.014919923622290554,-0.027577874271049296,-0.03741189945055012,-0.017091244620098145,-0.0020274823334656134,-0.02111026210885303,-0.00019394717180531984,-0.005377169442582819,-0.005189234096960149,0.053543902316957936
2022-09-30,-0.011097446407076994,-0.006650333206140058,-0.03049948931772395,-0.019558238890818203,-0.015803691756381077,-0.005366019417833989,-0.01576047307233086,-0.015569416060514207,-0.01558426552967962,6.462035224608087e-05,-0.0225681356373455,-0.012994877011577977,-0.0069335074459693224
2022-10-03,-0.09008354847845279,0.030264622792660845,0.03028880939413625,0.033108140891418,0.02516733048685804,0.021365298615330097,0.030441154317687236,0.051453791814520144,0.02605863375813211,0.024019005945364214,0.03920304736689939,0.015764490561299027,-0.049264673894303446
2022-10-04,0.028629186081376545,0.05102534707185935,0.025300502109043776,0.03325335600155466,0.04397889132420385,0.011976148741554837,0.045722170438693865,0.03579617273066127,0.030516201525191633,0.014226444596111776,0.034598506626502434,-0.002796943626677262,-0.03481848035542123
2022-10-05,-0.03521018442372981,0.0031849832996138083,0.002051424477870434,0.001285015785799537,-0.0011568286989316334,-0.009310481876866561,-0.012423639035752387,0.03961626692592635,-0.0023309987342789995,-0.005553659432976588,0.02334522625442137,-0.009607304570673492,-0.018049794693725918
2022-10-06,-0.01119146713261543,-0.005998965946076407,-0.006647891372489667,-0.009718061123827226,-0.005388563475943187,0.0006475986788743171,-0.020592667897446404,0.02922963652103583,-0.01036896652016317,-0.0011269264553863678,0.01448994399192216,-0.005573856992262094,0.06672531203596987
2022-10-07,-0.06533110715825696,-0.08367938665219254,-0.03740970526204457,-0.05219149348518126,-0.04888996644735055,-0.04125062603196383,-0.020176280535675772,-0.010143520666451522,-0.028290604499201955,-0.011023386142689162,0.028498122256026548,-0.00975507401648823,0.027150993529882594
2022-10-10,-0.000493243096292062,-0.03419861109340383,0.002352666507481338,-0.02153313215900976,-0.0077991843110716275,0.0025446146155045923,-0.009385289844758837,-0.021914951061829058,-0.007664518613020199,-0.0153182032171566,-0.017732862828774287,-0.015668430745724216,0.034167251716381575
2022-10-11,-0.02940186584357729,-0.0072242509139082145,-0.010307761457560183,-0.016892107386275335,-0.012927390072383638,-0.04003145758984239,-0.029284635468967757,-0.008535103290525647,-0.006353124104637509,-0.0020602123309396703,-0.027899820983622092,0.004415969980502865,0.03571809085163391
2022-10-12,0.003412211010253685,-0.007450305766506737,-0.0046157548005894,0.00150725612987479,0.0061303771532079665,-0.008123701343271783,0.016053299793881592,0.00437832919175829,-0.0033041134477249656,0.005335071671709102,-0.011494375123242584,0.004894660126270267,-0.00178575561174954
2022-10-13,0.02041257160441301,0.03922075472014486,0.033060570862668115,0.036917983415410305,-0.003282642756825993,0.02164628324650497,0.054102639516891315,0.03435199276778089,0.02604895917503036,-0.0069476110871145025,0.022168860080398645,-0.009612294802660237,-0.04977364239369608
2022-10-14,-0.07845410579918521,-0.06324632319112933,-0.032771405008646504,-0.024547653005925874,-0.051326009609214296,-0.027466995408927275,0.016503938759766967,-0.02666035791294341,-0.023052397579802708,-0.012537160793022473,-0.032941496427241646,-0.008284676097254362,0.0025015623572302026
2022-10-17,0.06770743117966127,0.05720804865788853,0.028706887665605585,0.03849542150260188,0.06246082010979048,0.05584256941588439,0.041142115481213715,0.014313776006903645,0.025372416325086355,0.002872080630747398,-0.0005702197849792867,-0.004881751430450443,-0.02050867290942371
2022-10-18,0.003822165646732323,0.006623236940915156,0.00936538822053734,0.004075143611792065,0.022334186457693583,-0.009293885081961939,0.02539532821959245,0.0017871932504576193,0.011680911154581253,0.002148660090393051,-0.02060146857787437,0.0023422252238303187,-0.02812536534195864
2022-10-19,0.008366694500343996,0.006994812822635588,0.0007647182829089161,-0.008505503939703729,-0.011148202689094333,0.00323281717740187,-0.019800742854311437,0.029231445006558054,-0.007111424682987533,-0.013488925988339062,0.019317365682351983,-0.01837376145812808,0.008488468464969312
2022-10-20,-0.06878698522005955,0.011796567647758938,-0.0032721205434276257,-0.0013965653533825062,0.0015630456934783155,-0.012842303474648098,-0.0032669431208995903,0.001348000147375572,-0.00842078287539838,-0.0015834633753089022,0.001996854014397975,-0.017240631437813292,-0.025684674672852292
2022-10-21,0.03395945997966532,0.022060789467380992,0.02669923764601645,0.02496642006694305,0.03470527521216482,-0.011623645663669357,0.05119416746471028,0.018399777964684283,0.02401093395790621,0.01767059741452659,0.0055417461847566685,-0.018187064755493587,-0.009720170642020243
2022-10-24,-0.014987724107085931,0.010612444851451297,0.01469420078400585,0.02096651069139366,0.00418165701990425,-0.00223261551986198,0.0012265622322855663,0.00696597656496678,0.012162181431624397,-0.003248865884512675,-0.002696027819895974,-0.008298949139948775,0.0053745458547034275
2022-10-25,0.05152521192099346,0.051210014162907935,0.01915320872675963,0.013697460948423057,0.006488657531862785,0.0583180932618248,0.0026113906530884634,-0.006776932947976988,0.01584242056639784,0.0022753535606359065,0.003262693303835107,0.02869695453484411,-0.04768529212537631
2022-10-26,0.009931639962148964,-0.027910208913050738,-0.01982259917366669,-0.08029542386108357,-0.04182438724790494,-0.05754768309330682,0.011425927337980646,0.011829964842633878,-0.007562628897520796,0.0063434463543528,0.032876628334126856,0.014304426591389863,-0.04234570234723911
2022-10-27,0.002001187835787732,0.02147977672809409,-0.03093888114286969,-0.01995395656022847,-0.041485116637176134,-0.28179393400319963,0.003940347243548636,0.003819410904296383,-0.00535437827555274,-0.0015497241473587664,0.008868350752063492,0.010416202724387702,0.00402410284569843
2022-10-28,0.015123446596271073,0.0487324607908346,0.07283447576640878,0.03943266459508177,-0.07046806314523213,0.012782963501317468,0.011808162862439353,0.02886790920347604,0.023512080894963816,-0.01026317410117894,-0.010926126701964023,-0.0068974420596301655,-0.0617433338815041
2022-10-31,-0.004297734947230403,-0.02466192572642445,-0.015530238888879389,-0.01598322978403921,-0.009424419446504295,-0.06281955045317478,-0.0015877751880335467,0.000993256704058254,-0.007249483197580453,-0.008194886192774753,-0.017873713501781907,-0.007153728949391258,0.005035810095079363
2022-11-01,0.0012298580156588912,0.0034023524835142815,-0.01769855257649855,-0.01720668593809105,-0.0567335925439707,0.021661396463230176,0.01787243629399793,0.009877985665705857,-0.004385507404681022,0.010151726172797026,0.021985039653876548,0.009302176267746987,-0.0027084441661897607
2022-11-02,-0.05801089494975553,-0.024214640844205437,-0.03801867283247873,-0.0360089962325052,-0.04945158785215398,-0.050187995669298324,-0.009250526064996656,-0.02076636111467689,-0.025416252251708293,-0.00699697020289225,0.013043650346626023,-0.004349677553848075,0.0019354039072250195
2022-11-03,0.0015338580999042506,0.015165477238864078,-0.04333018782515552,-0.026938312664563036,-0.031090582711074788,-0.018167072032320597,0.0018095833768532188,0.013501938084502285,-0.010350403105291228,-0.0038132974339371017,-0.010721428625579676,-0.00541145927799036,-0.021893031368095173
2022-11-04,-0.037092081982256,0.05331798516562891,-0.0019492014128932311,0.03278229973452795,0.01863821698267376,0.020924413534721076,0.026991108022767385,0.010832236669342521,0.014290687029244076,0.03023458325284345,0.04704083251554625,-0.01694342149813277,-0.030092542414198675
2022-11-07,-0.05137700982212223,0.010190859348208736,0.0038942757211195556,0.0288494628318805,-0.004958465035960202,0.06327099022580818,0.005266150747802456,0.011772813185673137,0.009520148737684586,-0.003970260739379228,-0.0033903036892484195,-0.010026833294612736,-0.008179957968859508
2022-11-08,-0.029766854567743195,0.02082916540792379,0.00416676187138787,0.004378738726964926,-0.006093813282808114,-0.0025881471351061336,0.000608828526689642,0.0031629110198627686,0.005380986280366429,0.02283632894068699,-0.02767833914147033,0.010875562588999799,0.04771402125648905
2022-11-09,-0.07436539035358258,-0.05823079043116186,-0.03375316293252695,-0.01923378193038605,-0.043613588180190455,0.05053126304721456,-0.013094145740743635,-0.045768536442359675,-0.020817398428607525,-0.00502989475916138,-0.03832415165701608,0.0032816310389947034,0.02130621854596182
2022-11-10,0.07132888823212635,0.13391250160508328,0.08523612868462926,0.07905872915482615,0.11491535104712991,0.09757418816778785,0.04033487534657709,0.014585417266400391,0.05349705663743176,0.029990153003992326,0.007921655080017409,0.03775233509671505,-0.10327587307618202
2022-11-11,0.027155202242509446,0.0359796039606346,0.019085491011935574,0.016854514674405685,0.04214992986278254,0.010227267058405154,0.0016272644431509775,0.030744269975863325,0.009632266006581958,0.006584597947117743,0.029193172033138204,-0.003671133103826385,-0.04387240832250194
2022-11-14,-0.025949994830441803,-0.0019615458783306394,-0.009530911507211748,-0.022757011880292666,-0.023084154958510794,0.01056167338433589,-0.010326459820343636,0.002915098618236911,-0.008543175211713994,0.002185266227277438,-0.03377166352988237,-0.0024543286103444473,0.05233622755869449
2022-11-15,0.018009160285334502,0.022512289553910048,0.011799713882957974,0.0017371306945239695,0.004558631983396566,0.024731136377173613,-0.0072703824011464135,0.006681327674642468,0.008492727954934054,0.0035106980811026034,0.018462859856487768,0.01605072796336504,0.03356442543314975
2022-11-16,-0.03934004993858764,-0.04642283385534185,-0.008366129911669518,0.0018220242617150717,-0.018566274883704992,-0.0334364222530068,0.0013533861138288472,-0.010747082807690767,-0.0076579987276597095,-0.0022987420952169657,-0.016656714880824097,0.021632625957661133,-0.01767775908195146
2022-11-17,-0.0202660346606498,-0.014753220624610819,0.012888041546768036,-0.0002070522900137206,-0.02365067529774212,-0.015845076204953124,-0.004366653595763381,0.0013274931460545147,-0.0030645200400769568,-0.007293959961672591,-0.026728297006225255,-0.010608599961956955,-0.007493802835230934
2022-11-18,-0.016402810087859265,-0.017242939136829172,0.0037746013143884483,-0.001905086654248045,-0.007513650804187755,0.005369167871419833,0.009760523822728295,-0.008705576355400702,0.004530159212436935,-0.006917507382314447,-0.01595206097840496,-0.006900804887268741,-0.03443483456993679
2022-11-21,-0.07082202204033461,-0.005988400694479701,-0.021918932613608,0.0034350534686176104,-0.018006920831346918,-0.019738449478873044,-0.005919913759853124,-0.009953098911614333,-0.0036427002363570438,-0.0056056352070879,0.0,0.004206269568222787,-0.03342440451971873
2022-11-22,0.012079065403442613,0.04599739103855116,0.01455487088214813,0.012236250002517934,0.007971580289158453,0.014279641720102099,0.014846078620998071,0.028516377483122746,0.013367211476499996,0.0011730356909014361,0.013668359877717862,0.014091703963688751,-0.04903615367539871
2022-11-23,0.0753095289310659,0.02955061353577193,0.00590897599923057,0.010353180092108616,0.009929087433161676,0.0071530507965116286,0.010606947658840404,-0.00500464525191191,0.006281938066729609,0.006212503317279072,-0.03741610571818743,0.017291364980373203,-0.04515659127403593
2022-11-25,-0.0018575995078746743,-0.015188432197108526,-0.019788259062336166,-0.00036371347095887074,-0.007678331291085527,-0.00742243317067004,0.0019030246530231665,-0.0035270965503215734,-0.00022367103383214015,0.0008581023409730548,-0.006698016682783248,-0.0033956523525677795,0.007343955510317635
2022-11-28,0.0003280527056261917,-0.027605593537509687,-0.026615177276034352,-0.02342477087497663,0.005764248287248641,-0.02388955976374252,-0.01763251222658546,-0.030492905693757955,-0.016085695352232143,-0.00793489366537159,-0.0011954847993393969,0.002814937677767304,0.08011771054057037
2022-11-29,-0.011491515256992102,-0.011949491442894367,-0.02137508009395539,-0.005932302085581931,-0.01641930774688838,0.006231686175083517,0.01631552737568054,0.006625792294882693,-0.001719157859572995,0.004928261563008185,0.021595265391397334,-0.011795442808519851,-0.014512713032827751
2022-11-30,0.07390252318127732,0.07916161477801609,0.04745011715306102,0.059799330973901554,0.043614054085947096,0.07597254925191788,0.011792995881723556,0.007211196628468919,0.031014582741108576,0.0127009210150133,0.027280424869539743,0.007327506823057384,-0.06171015695339044
2022-12-01,0.0,0.012449329711067048,0.0018897388769731904,-0.001765303224788184,-0.010831192229061593,0.019620073834181184,-0.014139096263866335,-0.004861874179861836,-0.0007360081009117891,0.018217842396307304,0.003127577056553754,0.03144610145160609,-0.03661961715106621
2022-12-02,0.00082145842545156,-0.015230489691466786,-0.003376998025587774,0.0012950244178195902,-0.014449471106160239,0.02500844109152922,-0.00795874198675861,-0.0085197704738178,-0.0011543928508057633,-0.0034616677176240174,-0.00869633593097685,0.012497243124192536,-0.04010823934140495
2022-12-05,-0.06580520897353814,-0.01588752281829997,-0.008015058518826557,-0.019081520219186743,-0.03370736231877913,-0.008620877134974059,-0.028441546648179994,-0.027780976383350975,-0.018152962142740314,-0.017307805302720247,-0.03082528380496985,-0.014106181572132392,0.08495437647046389
2022-12-06,-0.01451975486845214,-0.0382291179483234,-0.025697527999307468,-0.020512753363868264,-0.030795718248339377,-0.07028880924836667,0.0016732448777307951,-0.028189733613126933,-0.01451969902251804,0.0027336344458790407,-0.037462038019638655,0.012797792065691205,0.06619378039282742
2022-12-07,-0.03267127201155784,0.008284880069598266,-0.013880761845476819,-0.0030643883260914606,0.00237676627715544,-0.0016663765883881965,-0.0006842688176647016,-0.0022163361996909714,-0.0017028012817643656,0.008998493556537923,-0.024520188294660628,0.023289084488055778,0.02274346524573856
2022-12-08,-0.0034533869482489266,0.06304483132450711,0.012059668399501788,0.01232290032864558,0.021140538059143843,0.012213400248652029,0.010439739942370352,0.0074013300600386245,0.007803421854138293,0.0008413425277824516,-0.01487843902082897,-0.0027440619367924413,-0.017345303844040316
2022-12-09,0.031833381160952356,-0.009833365613897804,-0.003440706834354046,-0.008035278869188645,-0.014043946522882322,0.004930188097145738,-0.005433007287726888,-0.00846311347829154,-0.0074983047310723805,0.0035378943750199454,0.0022300008026050477,-0.026358826646044164,0.023937268728642547
2022-12-12,-0.06477309340338344,0.03092670775260009,0.01625706129254656,0.02847985913026907,0.016255164405059475,-0.010320620458369234,0.015392242523597943,0.024329759697496733,0.014314455119960101,-0.00829484183350182,0.024518046656869963,0.003192620720558814,0.09080036766832489
2022-12-13,-0.041798281301312024,0.030164846313902594,0.006759532467889073,0.017313797615797988,0.02119828943740565,0.04633397618744173,-0.0009690587942534634,0.010874660749314202,0.007541297104224576,0.016936889733695004,0.022262328800605857,0.009609333039584556,-0.10314079275274901
2022-12-14,-0.026122611404862717,-0.022269146907768267,-0.015657627832383447,0.001166962355050316,-0.009887580246292771,0.011913534938697623,-0.005009422472883607,-0.007393172303647333,-0.006413896197847713,-0.0024359858905977916,0.02252009277948286,0.004262264173996222,-0.0645680805452411
2022-12-15,0.005533102257132327,-0.04170895994763768,-0.047987498347925595,-0.032438698395693244,-0.034775541119833164,-0.04577216524571881,-0.025123732589600323,-0.009627233621217535,-0.024766120774216915,-0.016494600382901403,-0.018126465367193312,0.0038941048596257133,0.07690850562966522
2022-12-16,-0.04833680500131532,-0.022731430528482477,-0.01468639785995407,-0.017500845829530043,-0.006692740608663428,0.027847986448646722,-0.006245577228032317,-0.007042935638586378,-0.01187628035446675,0.008671019495159804,-0.01907726640664098,-0.011233408734240058,-0.009240949410513899
2022-12-19,-0.0023992055582811034,-0.01931552033670947,-0.016037227242252428,-0.017479938939719553,-0.03403503022155707,-0.04233032554125682,0.005937890376777055,0.004478755897782349,-0.008515755094521182,-0.002821808248999247,0.01786713420154218,-0.016948131994503512,-0.00888108674240673
2022-12-20,-0.08396483835074342,-0.010451728983271291,-0.0005290826110240232,0.005598796814404672,0.003174469440174299,0.022542608887209603,0.004832428075872031,0.014349312735840059,0.0013673497655615208,0.016458298941439686,0.002267769130336994,-0.017916365417728564,-0.042831172717449295
2022-12-21,-0.0016704490129972882,0.025534031040817418,0.02353047831610766,0.010817988948521595,0.018376816404560792,0.022546951919993674,0.011185230108522681,0.01275944486087166,0.014841716726156307,-0.0016573862871149814,0.02740708264822267,0.002510258627604678,-0.06789610072682883
2022-12-22,-0.09302311928148832,-0.07302238278147355,-0.024059958358088274,-0.025860243241425884,-0.03494722156603025,-0.022290569796316717,-0.01141494449765812,-0.020380119456169687,-0.014368883754877437,-0.01215898016893302,-0.005303498360812675,-0.0001928732575526837,0.09045170754006326
2022-12-23,-0.017706675474399525,-0.008708491754222614,-0.0028020020263417322,0.002264345095938758,0.017274436611979915,0.007824465301347061,0.0047337572021497465,0.026101182688970326,0.0057358956700932495,0.0029938350392546553,0.02364732560442029,-0.014769157077373585,-0.05136509384120247
2022-12-27,-0.12113825810398904,-0.0740269923059329,-0.013975579229753343,-0.0074417375592377155,-0.026265685720910703,-0.009875850623110694,0.0034980266162190077,0.013798448211471914,-0.00395114133620833,0.008394677302770326,0.0030248361094455944,-0.019970728495965595,0.03669267552711197
2022-12-28,0.03255326127816183,-0.006037636752473929,-0.03116573696953573,-0.010307888299151635,-0.014800721671305972,-0.01083874542879304,0.005450470550374398,-0.016562814277258475,-0.012505954677624942,-0.0045159890327513,-0.013757322820113771,-0.005909504823462974,0.022380462884019625
2022-12-29,0.07772640277207277,0.03960156356015698,0.027930575207907538,0.027254848724107106,0.028435658196291236,0.0393469941975777,0.005721153456883066,0.007537712053894197,0.017840352453850628,0.005582639597805361,-0.0007293859492669696,0.011287555544593708,-0.03212753860066453
2022-12-30,0.01110215983317353,0.0007528709078039597,0.002465959056050515,-0.004949583219851839,-0.002140568124387343,0.0006651653934834911,0.006583900960176692,0.010022760957555832,-0.0026376450876099966,0.004667758029330393,0.022793858139453782,-0.011187113418376526,0.010670457956980073
2023-01-03,-0.13058999220665157,-0.02067202760478848,-0.038122208044018,-0.0010012999927537791,0.021435277164067124,0.03591041163286146,0.007577245728052517,-0.034964925593410356,-0.0042188161782723554,0.008335816871946733,-0.03586593091765433,0.018904372942559533,0.05520807483314227
2023-01-04,0.04997884108534212,0.029867408641849558,0.010261390895614397,-0.04472888719549761,-0.007955122776173162,0.020864633401749266,0.009281982162375968,0.0029063304589360683,0.007690637337876005,0.009367889939565721,-0.050639836302035945,0.013606753542439343,-0.03963998796476398
2023-01-05,-0.029469076960099372,-0.03336632498810754,-0.010661170764511674,-0.030085798590448576,-0.024011573396659713,-0.003381682811593123,-0.00022153467410657157,0.0221274441012973,-0.011478999493407471,-0.012529630867487818,0.0074372161945426285,0.004172353953872943,0.020239002610362267
2023-01-06,0.024352154998278586,0.04079680655195794,0.03613312981767791,0.01171640929683715,0.03499173785047294,0.023973959461630834,0.018954880682496622,0.012014313583726732,0.022673124789145405,0.018534663811199614,0.0007715925314890626,0.01822962838644937,-0.061042116637385124
2023-01-09,0.05765457927800277,0.050458358699288386,0.004080729101136882,0.0096892701308251,0.014760401298199,-0.004239086883560894,-0.004140883967772346,-0.01881329387242925,-0.000567128899311875,0.002242601067979244,0.01606637618791318,0.005309741020941949,0.03898406323239989
2023-01-10,-0.007711027963740236,0.017820954322187443,0.0044464936023072,0.007588329653313686,0.02832669324878445,0.02682455739720968,0.008914053943769318,0.01482461726566875,0.0069884723972100105,0.0036693044744913195,0.0003036010441626047,-0.016688707245901213,-0.06535812844402544
2023-01-11,0.03610920452561306,0.005765987017091412,0.020892477453734237,0.029790008109181088,0.056459560807313736,-0.0007521553610931875,0.007404139157694445,0.011559749236201178,0.012568520868330602,-0.0006870298860048862,0.03210430928036967,0.01612114418146149,0.02447927502705083
2023-01-12,0.0027554627983876756,0.03137571713360687,-0.0005995473109141614,0.011554480683898305,0.0018911574433708722,0.028340037079420455,-0.0010033849971415876,0.016474682751720593,0.0036342921557181995,0.011501603213231348,0.00819553165546516,0.01949075014560453,-0.11334766310842781
2023-01-13,-0.009432465746951557,0.023227652775654306,0.010068317035627494,0.003014077206264787,0.029476316899670785,0.0019729589627637267,0.0249215100944582,-0.0006184171951497675,0.0038716859859864172,0.01193033370259311,0.020771010749681018,-0.009416833332248409,-0.02582174332821774
2023-01-17,0.07163646233055765,0.04642340791205957,0.008718206543655072,0.004670857303704423,-0.021322326395198488,-0.011896909285949775,-0.015573890504644972,-0.0019462096947098217,-0.0018335070275190546,-0.006566591290623869,0.011496791702374054,-0.006484448038097668,0.05357951808573391
2023-01-18,-0.02082533224405747,-0.01853025930516594,-0.005384502445125783,-0.019069764515122323,-0.0061616190001014814,-0.017438487635692113,-0.03050326664437719,-0.020757606667017647,-0.015913942382251633,-0.0028758838411491183,-0.01923545020571016,0.023942459045896314,0.04938028474742273
2023-01-19,-0.01258075299688155,-0.035854122146084855,0.0004435941849223468,-0.016590925945532575,-0.018822579439956577,0.02325783978000917,-0.01341596872893458,0.006398381668104136,-0.007306518169661658,0.015743931377470766,0.015417781683693121,-0.006279312686049643,0.008810644488463026
2023-01-20,0.0479772739232045,0.062093694132793864,0.019038666923260728,0.03511965640496051,0.03740025995145313,0.02337516794009087,0.0024460526010186,0.0180713597269202,0.01845764024312313,-0.0033409804213135885,0.013508109125766055,-0.016344321424107022,-0.03319601625992208
2023-01-23,0.0745736461200801,0.07315864009105688,0.02322840511126767,0.009776335846564344,0.002772468251432514,0.027598642623130942,0.016082498110757015,-0.005218584599902876,0.011927164945974233,0.0018946378029900401,-0.0006990989545982984,-0.004719070228613731,-0.0020171925993497375
2023-01-24,0.0009734348560739292,0.003744244463776525,0.010012554099581017,-0.002228497066240287,-0.012381472357830603,-0.0009078416705410319,0.008559547277156021,0.009268664940933924,-0.0010738173897291148,0.0036119840879402787,-0.018064261575695184,0.014277791045707922,-0.031276514981303016
2023-01-25,0.003745795868339563,0.003005990660032154,-0.004711703984651372,-0.005925548753226373,0.008888953725914028,-0.011523626692906852,0.004827503381163112,-0.005285877628699254,0.00037483523655623685,0.004593393795208733,0.004121385903526509,0.002422113333482301,-0.006269656748658647
2023-01-26,0.10406500926150564,0.024486830715507057,0.014694851630483896,0.03025125326831457,0.020774687057825147,0.04017193568814115,0.006162638907944107,0.039404316519402016,0.010930361653139542,-0.009096515003608197,0.005938905488695134,-0.0046626558764044645,-0.01851417000564126
2023-01-27,0.10436164069972165,0.02803473184230576,0.013591435038900812,0.0006450477125321541,0.029983350559054323,0.02969711760226801,0.0024260292275322115,-0.018426186985450066,0.0022950019646863495,-0.00139396157562377,-0.02036672694574193,-0.002527479037789604,-0.01181535306515169
2023-01-30,-0.06526572943550502,-0.060888285910928985,-0.02028222455072992,-0.02220641859726946,-0.016667823165641416,-0.03132790796498952,-0.00851685860665441,-0.01789119313597176,-0.012626046805094049,-0.0025700149312912757,-0.02034956182172465,-0.003661283074818833,0.07441665236620931
2023-01-31,0.038606639022428446,0.019381036127097406,0.008980474884353384,0.02079502193324334,0.02533515512643625,0.012904161680939552,0.005948195539267509,0.0213449731241111,0.014596276455224988,0.00362961650726934,0.017756269695963667,0.007962969476414727,-0.02745474491102806
2023-02-01,0.04619721319012804,0.0694941918800227,0.007869473709972041,0.019738516705579023,0.019397614964411503,0.027477103931330404,-0.0026475567766439667,-0.011007705888158803,0.01057157463469327,0.01251813452838757,-0.028682081449875163,0.011949369205307647,-0.08214967027130227
2023-02-02,0.03711744228973313,0.035922171807150516,0.03639253225552164,0.04581829064931586,0.07120315696615265,0.20930747835240737,-0.004667211901986157,-0.031788020106064074,0.014451969252266217,-0.020970284008537732,-0.011797357966782052,0.0012935616683709128,0.047003115881272706
2023-02-03,0.009041655543146732,-0.02845384039053478,0.024106963454644692,-0.0239038176314752,-0.08808283393109928,-0.011937362819535835,0.015355861555006456,0.006903634934293024,-0.010685786127306862,-0.025274496401227253,-0.033140364224248486,-0.015068921941968405,-0.021587434326495902
2023-02-06,0.02484922213668206,-0.0005211564861951068,-0.018091459454723235,-0.006134717556316893,-0.011772272805909978,-0.002522899443646587,0.005865572620492365,-0.0016990413969484308,-0.006130278830413616,0.0020732591842405057,0.016936485837127258,-0.00743165901736198,0.05827922140640185
2023-02-07,0.010470780820742931,0.050123645917699466,0.019061627274266968,0.04116330789996869,-0.000685297344461766,0.029444946925180737,0.012116340509048307,0.028150957761303275,0.012993979779856168,0.0009200023760849163,0.03392193922901576,-0.008057665587767993,-0.04043609185384511
2023-02-08,0.022507837028281408,0.0014419823109768082,-0.017810189680107946,-0.003106976695986141,-0.02038057801277038,-0.04368100361845517,-0.007055926369506693,-0.008739840744684813,-0.010995027058666729,0.002468544755507729,0.013485958602497128,0.004747872374182727,0.05067677829384998
2023-02-09,0.029516907690852356,0.005927129680834309,-0.006935487253355355,-0.011728287661713743,-0.01825664887825429,-0.030499033097187045,-0.015686101159827714,0.003767426548742847,-0.008706998256583276,-0.007943887464013422,-0.011127525428618945,-0.009518478369774819,0.053557665664698106
2023-02-10,-0.05161833459581189,-0.049182087573678146,0.002453067802179021,-0.0019744008921414036,-0.006433489213979904,-0.021417017673059036,0.004405652802781823,0.0412871760240936,0.0023311036002366947,0.0019053779351274613,0.02830589683014839,-0.011252881180118912,-0.008729366723674747
2023-02-13,-0.011493498714308714,0.02429694776246949,0.018632193854398515,0.030764620268893594,0.019579629188156034,0.029867916220980284,0.010789700327630491,-0.0038972449673639886,0.011670566798405169,-0.005089097798950171,-0.005309659303502912,0.008379639046267151,-0.009297866354522455
2023-02-14,0.07237801403011446,0.05287314068188875,-0.004233901159769182,0.0031281870846990856,0.0016060637303949576,0.0002786836013504157,0.004408894837051314,-0.011783922451181539,-0.0004604888477786062,0.0007534549847427741,-0.0014398630712602056,-0.002304872416647008,-0.0728985235210744
2023-02-15,0.023567198213513052,-0.009052294218779178,0.013807665396229574,-0.008025104714401543,0.014537811644538046,-0.013010419697613962,0.0041813685990055305,-0.0030111949750013522,0.0032423379704349387,-0.010014646847400499,-0.005490620466743756,-0.00936857657854695,-0.03662231102109015
2023-02-16,-0.058631243213632445,-0.03404675058454121,-0.010484186548469943,-0.026983608929827874,-0.03020652173405658,-0.027003825581583207,-0.013864946792461197,-0.0029331044677931573,-0.013864625193757085,-0.0008195726363133815,-0.008292761882037425,-0.014269381752086474,0.10112779216855383
2023-02-17,0.030561678706295226,-0.028303326785564575,-0.007575483740358102,-0.015724718154574546,-0.009726256199159344,0.002548378078343738,0.0029574589733556422,-0.03921048078562084,-0.0025014993855680956,0.002982339072148399,-0.021112474930076175,0.0077464592298390755,-0.007464558996273407
2023-02-21,-0.05394722804912977,-0.034872770049387825,-0.027042090506546934,-0.021107678346465875,-0.027324623494127565,-0.004638369798330544,-0.018519712881490236,-0.0009891188562765052,-0.020264661279079554,-0.0037440046605539123,-0.004935978968133803,-0.019629027862775317,0.13309424797811653
2023-02-22,0.01752803597725361,0.0047816305483414645,0.0028917769827323525,-0.004601628075949549,0.012712248376870683,-0.00559443110014346,-0.0076929246591239675,-0.013037607098713266,-0.0013790273226037542,-0.005642376897915469,-0.026899338810890683,0.009122638009934292,-0.025687856259275943
2023-02-23,0.006006057267468279,0.1312159441278884,0.003285080222810599,0.012878441502777171,0.0003131233176389969,0.005362009523934397,0.007978964478883022,0.00916220250316524,0.005305210699465768,-0.000530591852650808,0.022240050473573802,0.009724415221477933,-0.05297123690102268
2023-02-24,-0.026019777387594978,-0.016102544161171295,-0.018169068218241158,-0.02202504507712444,-0.024509991975448564,-0.009636983245217223,0.008980892111005723,9.026074645746007e-05,-0.01073976272894317,-0.0072206822499252254,0.010788256322086909,-0.01308587758812152,0.024761867498774404
2023-02-27,0.053163242155016555,0.00919048785463783,0.008213609983916292,0.0037646326769058547,0.0027769123180885202,-0.005001250478048114,0.00868991327693891,-0.0018074572564721336,0.003399994320776756,0.0039126704061276385,-0.012748556370933528,0.0027691242952272432,-0.033790136283680994
2023-02-28,-0.009290230436857172,-0.012201047798565234,-0.003453794135396926,-0.0029625954317928915,0.005000289230826738,0.03135437562420762,0.008336084681809908,-0.005805930648874025,-0.0037029516358284553,0.004545621851780979,0.014386567493651192,0.004532891272417849,-0.012004945657002608
2023-03-01,-0.014395089751066514,-0.022564956470216835,-0.014348278951258564,-0.012709677149591592,-0.022103959704043774,-0.008726786754474247,-0.0055964992368195965,0.00887695083837059,-0.003843160960228964,0.0057555556009338815,0.01271455061661353,-0.010801522483410153,-0.005814010429586514
2023-03-02,-0.06032265409146742,0.026777272789975548,0.004120452520982809,0.01946262143154165,-0.00043408483069917736,0.006380186515445807,-0.010436243729146533,0.004588498920259809,0.007747187408199352,-0.0005857351538960387,0.003373228281813745,-0.008906639438164277,-0.04930048695319478
2023-03-03,0.035456129089512345,0.02440589170398777,0.03448847624057727,0.016509077299064145,0.029623128385876996,0.059609607893870376,0.018192854691826632,0.012577694945611562,0.01591058748751273,0.010666001055863461,0.022583436857058103,0.023937297220766318,-0.05778920672516907
2023-03-06,-0.020327542733144632,-0.01416428594070851,0.018369717929680007,0.006169795068440287,-0.012192056844170907,-0.0018910489151879872,-0.005864272858013386,0.008825336137268991,0.0006925016433871889,-0.005056593695139888,0.0089775773648757,-0.007783746564194338,0.006469070430775492
2023-03-07,-0.03198003067013744,-0.011187761349050085,-0.014602755740071416,-0.01064543189357714,-0.0021355795087458773,-0.0021115972141760864,-0.02984869558604686,-0.019519940063846164,-0.015447412441769615,-0.017635068390636555,-0.038171461688468966,0.0061137661625627615,0.05132013629439358
2023-03-08,-0.03089156736881815,0.037628954895160494,0.008342449673302887,-0.0017721968193837867,0.003947251242114369,0.002490143121340438,-0.005933126790424126,-0.01471204080333699,0.0016306520979574302,-0.00047456302828230434,-0.011115342554609775,0.0009829516375363667,-0.024807449554481664
2023-03-09,-0.051177637866391734,-0.0312937567278988,-0.015027003283325513,-0.0054541266093526275,-0.01794105366325205,-0.017891639788700786,-0.05565688925318124,-0.007758566493032859,-0.018622035069533638,0.009801127700098,-0.012899543410116898,0.0024519621674228276,0.16818052309360132
2023-03-10,0.0030026831172511592,-0.020302147936449355,-0.0139760588793294,-0.014893226121913905,-0.016614182739941974,-0.012071123844880738,0.02507807335351675,-0.012447667449901445,-0.014534650798578852,0.02133366724772401,0.013495504634011724,0.03390495205034938,0.0924513091226089
2023-03-13,0.00597836507889582,4.3525732473792544e-05,0.013178863195366652,0.021214146981679782,0.01856350439768839,0.007713471826626517,-0.01812056232924686,-0.011571738784661001,-0.0014261590329862628,0.022688861946559058,-0.02855393625835667,0.0022704302943568067,0.06705556017148684
2023-03-14,0.04909578215581334,0.04666075200992248,0.01399083563296255,0.026696467443666272,0.026161301723076846,0.07001682528320341,0.025352027463918958,0.0037474952325862176,0.016394755823305296,-0.005807897981361165,-0.03620304381451245,-0.016578028946097945,-0.11115913142156764
2023-03-15,-0.015452165385496208,0.006833566839695049,0.0026181495061994298,0.017673215151104316,0.013816419647146638,0.01904241389866712,-0.04839644794885167,-0.05102766324372343,-0.006273950644779092,0.007773838437142189,-0.04734515474921697,0.01912640463405868,0.0967266336895749
2023-03-16,0.02018834222054977,0.05277596682611474,0.01852121449837263,0.03973645935477421,0.03914078921242492,0.035664752846392034,0.019227775571766692,-0.005822926734245115,0.017393221309324858,0.0020180543660703876,0.0004996881818488674,-0.007854115015176966,-0.12840735602736508
2023-03-17,-0.0219632168547923,0.007178168839458099,-0.005468633215694574,0.011626498234811322,-0.010955473953869976,-0.046545307376664624,-0.03851450157653158,-0.011848514870768767,-0.011761577638690568,0.028704276731303935,-0.023419474872842905,0.014897560651137454,0.10401121230658239
2023-03-20,0.017172501224135495,0.006779795919241938,0.015364960585499965,-0.026104231200493544,-0.012610742620752013,0.011183927348760392,0.010516090614998141,0.025805722274273357,0.009569508473184385,0.00038079522406508914,0.019080377257115977,-0.008836292767646192,-0.054786176823226285
2023-03-21,0.07529223411697661,0.011478336924173771,0.011873378034553461,0.005677315988896758,0.0292477637840598,0.021752570159051743,0.026467411538380503,0.04382822510862994,0.013045364356089273,-0.019055524569337123,0.023798819808534155,-0.008629264290350491,-0.12182849795903428
2023-03-22,-0.0330851466718185,0.010215091023322742,-0.00914506079339894,-0.005457219676897829,-0.01916674685056563,-0.011692552484498187,-0.026152820825811496,-0.023154782093881998,-0.01719362696677873,0.016877382247648676,0.006186946919446434,0.013245314320482038,0.04033548978590229
2023-03-23,0.005582127533771519,0.02694971741799712,0.006945179920911038,0.01952956841951714,0.00010133363497377701,0.022124625180707902,-0.002676887531694483,-0.011346397030052913,0.0026996009670918752,0.012460224063675973,-0.010114261104450684,0.0,0.015600957155037953
2023-03-24,-0.00946089452644383,-0.015268153405664453,0.00827137064519512,0.010426283184105323,-0.005893146925694204,0.008433010848619027,-0.015332793096767716,0.001159859586994827,0.0065405561821947344,-0.011316136891164952,-0.0004920474688274723,0.004220242737514646,-0.03923844211971961
2023-03-27,0.007325624786097329,-0.009304124260785862,-0.012369467988733618,-0.015046763782365247,-0.0009175342309672985,-0.015507172950897541,0.02825738934722999,0.021689195676538375,0.0018682544499988296,-0.009299831745516407,0.05100621848785636,-0.023771045277881875,-0.05386277685143703
2023-03-28,-0.013753472002495215,-0.004570993159687564,-0.003988366045346581,-0.004169632606773277,-0.008193440518931894,-0.010706007915876725,0.003030543237396266,0.012399083265213662,-0.0022470503384290907,0.008155744573005386,0.006216049722321593,0.0018191307442849691,-0.031059981269610848
2023-03-29,0.024487622159041322,0.021501219455286158,0.019597496221141597,0.01900223811598245,0.030484938707394882,0.023004402010649905,0.0020154212554910345,0.017031130464311595,0.014430029934591637,-0.0049731154716585735,-0.006216049722321593,-0.002010696252864541,-0.04349616152765767
2023-03-30,0.007194983671774402,0.0146783151604577,0.009841447653904822,0.012540871470481108,0.01730574709759214,0.012052704967581818,-0.0030246250361587457,0.0048522707863325465,0.005838260966150699,0.008998964139578014,0.018074148582498673,0.004590474664067479,-0.005243870331479883
2023-03-31,0.06050416253224267,0.014285991403648612,0.01552310803395418,0.014851409061193088,0.012567761597930271,0.019534767447337842,0.012043994360553256,0.0015514381861851945,0.013996309841415311,-0.005225877277023727,0.017001058060870378,0.014869931496474642,-0.01696751652529338
2023-04-03,-0.06311918518816917,0.006745502625720601,0.007671976842252626,-0.003718466900817674,-0.00855617503556072,0.005317460400701357,-0.0011519400507307154,0.05732559706311324,0.003803240900966287,0.00717858251921033,0.056045595941051296,0.004691932004758037,-0.008053816734809427
2023-04-04,-0.011307735857578827,-0.01847849586197814,-0.0032546990277557697,-0.00017397852521039425,0.01492558509944164,0.0077140259937973354,-0.013458393485007214,-0.009604141660065402,-0.005563634971109899,0.018469345695108608,0.0,0.004959521917793808,0.023969231241808497
2023-04-05,-0.037348945343230966,-0.021055616284355594,-0.011354815112187389,-0.009938407561699059,-0.027799874012425008,-0.015204406578873453,0.0014900131544930417,0.016982336230944917,-0.002621726623932119,-0.0007982432900845993,-0.00042699851861804916,0.010400186334672767,0.004201682855065947
2023-04-06,-0.0024826323485553914,0.005786477570108417,0.005481027165083141,0.02521240757185783,0.009450740780883926,0.021610931061807115,-0.001097634919509538,-0.01672143045305674,0.003893264762174553,-0.007159660374900234,0.0002847583287701738,0.0025835344865878795,-0.036290018138616986
2023-04-10,-0.0029764508462148953,0.01984836862354511,-0.016101433047117197,-0.007607946590038495,0.0010772229671438538,-0.00626681489156411,0.0032895536044215135,-0.004442825833923081,0.001025987805096662,-0.007427401530065936,-0.007141867019033299,-0.016256081652898047,0.030508103867643577
2023-04-11,0.012281322445656606,-0.01497800068521915,-0.007619952780517636,-0.022929315765210845,-0.022268227189569778,-0.00419965784876819,0.004913873894153653,0.007046818970093405,0.0002684577838323321,0.006300665292291008,0.018604492321493638,0.0020583995188117044,0.006829607274288385
2023-04-12,-0.034032632545504704,-0.025120613661664848,-0.004362594464579317,0.002330628774861232,-0.021138550306078585,0.000701192894867475,-0.00015561228308502706,-0.0010408722955883576,-0.0040841645597060605,0.004873245294512607,0.018955279875837228,-0.0010289146763202695,-0.000523709294085517
2023-04-13,0.02925653921283633,-0.0012085871491009925,0.033534848727976296,0.022152545224989773,0.0456554303205321,0.029241179432517583,0.0038060244208786287,0.004675270077501459,0.013195179231678011,0.013425150587981882,-0.008736063862856192,-0.007889344507828078,-0.069966231294464
2023-04-14,-0.0048530368168213656,0.011086016555323042,-0.0021161592257765705,-0.012847864052021762,0.0010736481279813859,0.005160134005480543,0.07279468532309696,0.0024157853353727887,-0.002445703374495345,-0.01786901721989853,0.004030769059586881,-0.009189122012587703,-0.041875895507824445
2023-04-17,0.010966636750078251,0.009077420386133461,0.00012097443515468598,0.009253158835218045,0.002241128611983889,-0.011945167607898988,0.007897907288862527,-0.011701134117623191,0.0035817515971174885,-0.004463702764477162,-0.017491526398226043,-0.011966707424249101,-0.007054640090811581
2023-04-18,-0.01470335251106647,0.024329526972823423,0.0074767232540189354,-0.0014900805019077978,-0.004291801457498856,-0.004441799367739918,0.011165342921789723,0.019341084180480195,0.00065197982915155,0.0038732698004286803,-0.001553902709989785,0.003557017900751802,-0.007104875168132185
2023-04-19,-0.020389861131667963,0.009496841691034597,0.006944132260609415,0.00027757166333231,0.01936168847711439,-0.010101904994704647,-0.0012738251592843142,-0.0031690518984452964,-0.0001689625606857703,-0.004789973842758144,-0.020424908276373444,-0.0009599847742034484,-0.022229864041926728
2023-04-20,-0.10254036525166654,-0.030055907967141415,-0.005863563361021562,-0.008145584311304077,-0.0047091095790214865,-0.012267712098920747,-0.0029073680326714424,-0.008010140500658736,-0.00547195134300793,0.003930524556986725,-0.024836989756020778,0.00851309210925244,0.042230539725252036
2023-04-21,0.012741333042302294,0.0005531849923041676,-0.00982909925359543,-0.0012241349671162638,0.029892642547030057,-0.0008451649575640374,-0.001919596426679604,0.003194497723188583,0.0007766559761774872,-0.009936876904451886,0.008983207767696122,-0.005635230415534487,-0.02357207622113
2023-04-24,-0.015444550452118122,-0.002843340200973099,0.0018767409996698348,-0.01406098188913596,-0.007036666520682466,-0.0004699413715671952,0.0013511247851116792,0.018701719004255324,0.0010426175051252429,0.0030347260178613666,0.01513197682300671,0.009627839223822932,0.007130091551149409
2023-04-25,-0.011633104865311772,-0.030068083762202935,-0.009480430848474164,-0.02279394709434701,-0.03487276836944808,-0.024933548591760335,-0.021983568889978322,-0.014315285250062537,-0.016001248591968498,0.0050734265105614185,-0.02381930716981362,0.01459711150356835,0.10500526109575459
2023-04-26,-0.04402465397224642,0.02688280926300113,-6.12138614304314e-05,0.06993147250082998,0.023224398457013073,0.008874085581537905,-0.017882440957678547,-0.009225305522586602,-0.004244605007847291,-0.005452222698837161,-0.03399337800758229,-0.010715312070793459,0.004255321468759288
2023-04-27,0.04103271926745489,0.0099665689199262,0.02799972002952167,0.031525582218402626,0.04507277127081366,0.13037468920764006,0.0133687806378191,0.011882417236180665,0.01971242272922069,5.4098929280321784e-05,0.006861305480175162,-0.009972257021471087,-0.1010057422530064
2023-04-28,0.025394246651119445,0.019027391747490796,0.007512768513999291,0.007940044850765382,-0.040605781087401205,0.007350627103638985,0.008645425922842342,0.012841927014366483,0.008498947667618495,0.00027061589311294654,0.025355832508257237,0.01600188977490813,-0.07623323649860536
2023-05-01,-0.015208459761727688,0.040987750684287505,-0.0005303078933271976,-0.005548207958075757,-0.03277395882406431,0.011830264922555678,0.021185967874504108,-0.03150341567347503,-0.0010102372553273398,-0.004501468248395035,-0.014174007180748127,-0.02925834812852912,0.018832960510421604
2023-05-02,-0.009436987371174155,-0.0245110211715569,-0.006210767189927857,-0.0004908057547501343,0.01536391753200217,-0.016334545852139115,-0.01627924560907612,-0.04066932668288814,-0.011302839516381447,0.0191128216996459,-0.05402554038735374,0.024614582527100914,0.10049800969856815
2023-05-03,0.001869644402714421,-0.014568529031075528,-0.006488187725519623,-0.0033126978217463687,0.00019301691085349404,-0.00928059715628926,-0.02139013727427752,-0.019906336700325156,-0.006887642629401114,0.008443330394000803,-0.04443010007695136,0.005566535025368857,0.031010206443529142
2023-05-04,0.003666741266012963,-0.00867005322303216,-0.009963009357466746,0.0033126978217463687,0.003371045538128392,-0.014918929656487556,-0.01377327900286307,-0.017666447411181174,-0.007108131369283122,0.007008337579460289,0.006445760401040168,-0.009928010872832793,0.09113771127378989
2023-05-05,0.05350549046047259,0.03976208535015813,0.04585910007354066,0.017011778102660635,0.015835527254170145,-0.0031738938606604705,0.019346564906544295,0.024591370007533087,0.018343333973369624,-0.01577167201286489,0.03766707352352938,-0.003331196133999015,-0.15589433595937763
2023-05-08,0.010121459955025891,0.016289134144903183,-0.00040339048549054013,-0.006459075896020572,0.0016076240119398122,0.002102773051469775,0.002410608125663849,0.003948873045667156,0.0002664161846412938,0.0012261535425386327,0.01932660277326015,-0.014113985587631994,-0.01229169653847162
2023-05-09,-0.015486902413259784,-0.02009697390206755,-0.010021374072413991,-0.005360378532923704,0.007437086747608568,0.00042855962599119835,-0.004826800703584766,0.0002748800360077297,-0.0043949880814624365,0.007061173494321338,0.009447922633490258,-0.003583879577461424,0.04209324617502874
2023-05-10,-0.0036127886345127536,0.010930255012378876,0.010367096294662481,0.017148593816234126,0.032935033500926636,-0.0012434349203749306,0.0005129390627027774,-0.012910461624271896,0.004661564345360247,-0.00142946404099753,-0.007426977493639519,0.009657342000553903,-0.044451679348906925
2023-05-11,0.020786425091438687,-0.010685314877679986,0.0010940586272516484,-0.0070693449188770074,0.017898556144585243,0.011559802943448716,-0.003155411472323344,-0.018265048146965945,-0.0017455507582839758,-0.008619799546280227,-0.017863204463481885,0.010516362416229441,-0.0005905065795475117
2023-05-12,-0.024114596337054373,-0.008362953895759695,-0.005432270425128394,-0.0036826389257873515,-0.017263494264582846,-0.008432713369586509,-0.014436708405081156,-9.457327155715234e-05,-0.0013112041653027262,-0.0017115440993107356,-0.01883235209870726,-0.008404323833397953,0.00588932082357152
2023-05-15,-0.009750860107846648,0.021399560411345053,-0.0029014932048374575,0.0015843573171796521,0.00848912183659678,0.021368800397556065,0.008391295937129506,0.001905340670865563,0.003444207442016456,0.002138972799392569,0.014713234771474681,-0.01041160220219961,0.005270884739881687
2023-05-16,0.001021408828827397,0.008940071392240956,0.0,0.007340872783892394,0.019591050376757124,-0.00016743616664172123,-0.006752075897336063,-0.024568799514534945,-0.006704997602144935,-0.012578168330723116,-0.007169643611633525,-0.003008557127563094,0.04956861550547842
2023-05-17,0.04313493317739159,0.0324993672816829,0.0035965684123047126,0.009407153958814973,0.018349125212473893,0.015250253133197056,0.03028426249354066,0.02218667658950313,0.012065849810155349,-0.003467895133702825,0.032408020499375745,-0.0029203664159247467,-0.06427908893475065
2023-05-18,0.0172776858434478,0.04850920684103288,0.013573421626780657,0.014292492478916508,0.022684486585829333,0.017820480944227945,0.007555174472837933,0.009022291176006725,0.009587015569255009,-0.013057794413406931,-0.008706484743445486,-0.007436305641674856,-0.04982814426410975
2023-05-19,0.01820625596243186,-0.01315517056687776,0.0006283453953779272,-0.0005654788100057928,-0.01621197208021119,-0.004913924185361296,-0.0022965173313904685,0.004621974093443448,-0.0014560620832231308,0.009850156652287723,-0.002188517162036163,-0.007096670567848129,0.04626511360943519
2023-05-22,0.047324598887595215,-0.002818654314941327,-0.005495711715083118,0.008881810602817453,-0.010723944788674444,0.010851278319742086,-0.00829680607954586,-0.012214278542904466,0.00040602831479485957,-0.0023442435084914948,0.0001564560119895475,-0.0035672248261162665,0.023516641375751046
2023-05-23,-0.016549549453013235,-0.01577688975991176,-0.015271180776705862,-0.018604049416930835,-0.00017395019575072723,-0.006383117754883649,-0.010487560507251636,0.013531132124634304,-0.011286295169559146,0.0012000108481293736,0.014909468290103867,0.0028747035761638173,0.07390052032710903
2023-05-24,-0.015569850375932504,-0.004899940749659049,0.0016307173893430615,-0.004482437945021012,0.015189747065965875,0.009960715061501979,-0.009193440719050372,0.011121986378579862,-0.00727121584348378,-0.008101176111367181,0.012104658282519054,-0.004961317926758468,0.07784010660542995
2023-05-25,0.008547333224801612,0.21808784693135763,0.006670298390709206,0.03773651608041284,-0.01510276818575651,0.013867530348145252,0.0024352716024882426,-0.018101150559189705,0.008622663987181589,-0.009664579046816613,-0.024201679471241633,-0.002489920101539589,-0.045450829822569094
2023-05-26,0.04608376548838056,0.025116506343389133,0.014006130368058756,0.021160175217841193,0.043475866284753195,0.03633375706885822,0.009317464857469204,-0.006551967944024462,0.012867595416700794,0.003987606249999942,0.011017362077227588,0.008044635952202839,-0.06419019669813375
2023-05-30,0.04053000876950019,0.029474306387690774,0.010603198820340332,-0.005059416258417215,0.012822304345734281,0.00183025580588847,0.0037900212923993593,-0.008899304294730292,0.00038083971074431844,0.006171471778321447,-0.03934423690606792,0.009941649976175526,-0.027677659462124193
2023-05-31,0.01367613228017639,-0.0584421818329548,-0.00028200426754398933,-0.008550703030155482,-0.00891685074708537,0.008345270465619947,-0.012812850886174232,-0.01803945435283527,-0.005560694915017095,0.0015370188425896103,-0.02717157584660601,0.008679486533869962,0.02712038842399389
2023-06-01,0.01745097936742468,0.04990453123801242,0.01589529866449979,0.012678567172121014,0.017999210602822835,0.0293695489235688,0.013685471753493772,0.011482148737875342,0.009456188430955415,0.007867103377943607,0.031176387015064755,0.003915609496544903,-0.13656199378864775
2023-06-02,0.030608082827556338,-0.011201650834913313,0.0047641318735704985,0.00844343022250893,0.011983006127262996,0.0,0.020788294299156185,0.022954419272047666,0.014357425125803402,-0.014857275420165017,0.02525789013210744,-0.01101874164430594,-0.06944933776874596
2023-06-05,0.016868648629118077,-0.003974558353066371,-0.007599871642367972,0.0016086565084920679,0.008415221280893448,-0.004485193039979407,-0.009872734619801093,-0.004453854782232369,-0.0019178993776014508,0.006002365721135661,-0.001872410381593248,-0.0018646247717626352,0.00886464455522118
2023-06-06,0.016859949919710182,-0.013286026160209907,-0.0020623954151695045,-0.006750223567629554,0.010400614095251726,-0.0009956750305342155,0.0017957869213480748,0.008134628348483552,0.0021750946431193796,0.001097437284125924,-0.0037552518600891815,0.0058764904123176365,-0.05369009933075741
2023-06-07,0.01462307267215568,-0.030873199901835235,-0.007786532242843869,-0.031354154896765074,-0.04342190490377362,-0.028128579002996368,0.009641891143742143,0.02217339680349184,-0.003463716457758892,-0.012083252758881002,0.014319282314944282,-0.014955039879046339,-0.0014337248360685173
2023-06-08,0.044802099330860656,0.027244155731301678,0.015346595724275325,0.005796673196111435,0.02460606952762845,0.0037109656651397316,0.0002843570517310212,-0.003137685099952492,0.006030259250305647,0.013124733073093253,-0.01950596319280784,0.011629484808461932,-0.021022881546280736
2023-06-09,0.03981660778824825,0.0067286140337552425,0.0021575258409249898,0.004692881560987239,-0.006621468748440051,0.0013975101853906935,0.001987540202651239,-0.007421769220434804,0.0017927278018516901,-0.002688130119842036,-0.008386769339917777,-0.0013729223896472575,0.01310064647564424
2023-06-12,0.021974491562612997,0.018198255041049993,0.015517643373602397,0.015365338345905144,0.025121316164936403,0.02276197153672932,-7.088234261498627e-05,-0.009073548686797217,0.009030896022152568,-0.0008792504640151577,-0.04368639103365801,0.0029393569885316495,0.08187652073388119
2023-06-13,0.034927016341885775,0.038263557666259995,-0.0026149773755035355,0.007325929462844272,0.0007108476079604742,0.0009955915532531279,0.007208171240201011,0.00018780932131434724,0.0065713214020926,-0.0073948331208413265,0.031053282788067627,-0.009929758979327019,-0.027010458630547518
2023-06-14,-0.007449046704933515,0.04702203942349925,0.0034853434289017216,0.009082416478108257,-0.0018966774409427956,0.007454204472436388,-0.0037388596572371924,-0.01209837337026709,0.0011902262274334774,0.000553774340214197,-0.0050011809578824895,0.007970949696070484,-0.05125723893976497
2023-06-15,-0.0034719442089690133,-0.008032715091124576,0.011136480575574481,0.03139838710751697,0.005443175548084156,0.03055083808077974,0.011244523826887232,0.006917774068304183,0.012321213732854552,0.007005982383035736,0.025232862120753374,0.009560088678154166,0.04369968610284758
2023-06-16,0.017969713751816663,0.000913692330200444,-0.00587708306835566,-0.016714877038641163,-0.012826801009232724,-0.0029494181923350737,0.0011875390053806,-0.007203091359388125,-0.003411924280424472,-0.0015404017609146337,0.01471533502438227,-0.0038907807138546247,-0.06850038475975362
2023-06-20,0.05201270640767319,0.025804911850237477,0.00048635313658884627,-0.01258106823056604,0.002308282311187959,0.011781132796584437,-0.005108738828221604,-0.023190950126390497,-0.005201654145490231,-0.010404681043488573,-0.00670463751797179,0.0068962759606563395,0.02480069865690604
2023-06-21,-0.05616662426467656,-0.017570283427102318,-0.005691414707579057,-0.013371191383513725,-0.007581513078945612,-0.00950602836314296,-0.0014743798537422137,0.011133433416731009,-0.00513686344257458,-0.001447469926816325,0.01737020650394694,0.002417110553507129,-0.050232148180966885
2023-06-22,0.019654473293680752,-0.0004647658835557067,0.016390189659990284,0.01826963746651966,0.04173475821321837,0.011438476379146856,-0.019440079785672637,-0.0055027648131096285,0.003603137771147402,-0.009966480697038982,-0.03951596644077693,-0.012144149955795491,-0.022214622103519766
2023-06-23,-0.03073851253541715,-0.01914791047100506,-0.0017126477448217159,-0.013902207194299798,-0.006320292959407503,0.013424106745476116,-0.005243665049230017,-0.0087508185191707,-0.007588573998653203,0.002753451933942941,-0.0016008053669418487,0.009920334820455068,0.04023311083432768
2023-06-26,-0.06251408245574464,-0.03807760222332801,-0.0075816826563528394,-0.019349032305871816,-0.01558513561942565,-0.03618176436908627,0.0024457101579979934,0.01828890393352811,-0.004094184057077399,0.0017380933759119088,0.004954087303078225,0.0010641334165679694,0.05852160284113728
2023-06-27,0.03729619858071853,0.03015711563956769,0.014946796447077304,0.018004997126538136,0.014424567940817923,0.03034597425738106,7.18040351461724e-05,0.002489973510543031,0.010903791647361771,-0.004604118590478379,-0.023059964315116588,-0.0026137283957332613,-0.036445636578522844
2023-06-28,0.023813875097039805,-0.0182912600374312,0.006307943858730347,0.0038185485943023068,-0.0010843421189461466,-0.006150141026325606,-0.004391877095788921,0.00809723235164661,0.0005040380509484521,-0.0023100760234937567,0.01970668237898021,0.004255830745690581,-0.02282023687755208
2023-06-29,0.004905252914132241,-0.007200591722119842,0.0017948571022250448,-0.00238500012941234,-0.008873661272556177,-0.013267177271015562,0.03432724242509,0.012258499552190827,0.003933604134878088,-0.0010723394318450374,0.007013076692583553,-0.018213330842698383,0.00815723140819058
2023-06-30,0.016446493545468677,0.03561332745592605,0.022839572001644548,0.016252902327819285,0.01905113813636028,0.019173620882941833,0.013916503191557794,0.005141293297826088,0.011731612583941065,0.006641221688667542,0.009327396062386306,0.011725857789851801,0.0036859747242310448
2023-07-03,0.06668035183063026,0.002620335622357306,-0.00781499129342933,-0.0075161925069791025,-0.0010745214685305982,-0.0033508482448088017,0.008012220103858603,0.001956107207224278,0.001149923831158084,0.001121247777740031,-0.0025208749625615923,-0.00568525038405987,-0.001472788033232586
2023-07-05,0.009461225032651122,-0.002265671166803873,-0.005888828984643268,0.00047311829634377744,0.001227963764141471,0.028775428641898415,-0.006684047704963447,-0.005131378162949396,-0.0014883464796735524,-0.003536277643963359,0.01937254611022965,-0.009547639887248494,0.04397109126777199
2023-07-06,-0.02125228365266274,-0.005070103588999064,0.0025057445142389057,0.009184459165079595,-0.015614479950363247,-0.008117721118484411,-0.009935584037982004,-0.03803546366908073,-0.007861393835023378,-0.002984649764026237,-0.002944060582513508,-0.014243922132081366,0.08512897479383685
2023-07-07,-0.007659314226954095,0.009455689739509054,-0.00590884420312765,-0.011938428980119653,0.011001878790425579,-0.005012839580930795,0.007859326983602699,0.0023294151012009934,-0.002528000744967507,0.0074730048154894035,0.02164480882197317,-0.006037638186481509,-0.04030936641410987
2023-07-10,-0.017719776626485384,-0.007628316128808432,-0.010915078932702826,-0.016112648333047375,-0.020630536429564472,0.012213067096823238,0.005596086835569558,0.014722429900623446,0.002528000744967507,0.0007833887164983011,-0.004718747777594956,0.0013110239128106826,0.0160538413825817
2023-07-11,0.0006674942605870982,0.005319858753869422,-0.002813997670167545,0.0019266740473247168,0.012895349273541079,0.014146558293269607,0.01551793152235792,0.012152439325033626,0.006348277362922872,0.0037406077556987327,0.02247960491891643,0.005127720520698986,-0.015379744366417203
2023-07-12,0.008121354742897324,0.03469355119609707,0.008945522680198437,0.014126776318112988,0.015563949723523152,0.036374584806265986,0.004939644939358168,0.004895024199450759,0.008013702844823278,0.013450555215707816,0.012453889025374032,0.011069701230915996,-0.09167798335466193
2023-07-13,0.02149604977554187,0.04618163345208659,0.0040490041021410406,0.01606231112296541,0.02640666389805002,0.013071263433563018,0.004848139933285367,-0.018481358259361258,0.007905603399045447,0.000714444638602707,0.017815798311845654,0.01045755088233502,0.005156526770827341
2023-07-14,0.012444771516691766,-0.011110559910388229,0.0007870491859049977,0.007501098178583021,0.00282541365786404,-0.014591693821137675,0.006027634070002286,-0.03504345637407269,-0.0006229391949057472,-0.003191736429074332,-0.023726876763924487,-0.005905698828157391,-0.02003773951175214
2023-07-17,0.03148434056863536,0.021582455551897528,0.017157715546915142,0.0014182795660682146,-0.008350743114512227,0.005649743211193048,0.023817523033041077,0.004349562384772909,0.003466131371196113,0.0007163001287571191,-0.013278813083414498,0.0004935185265599884,0.01044001959958063
2023-07-18,0.010141906463636552,0.021990116198656207,-0.0013411913630063665,0.039028359472331076,-0.0054806678666219355,0.004592901488892132,0.0018240686065649214,-0.004547773173737113,0.007403175758171621,0.01139115191595419,0.020515023683717715,0.004528741153606575,-0.013443021956755619
2023-07-19,-0.007115960751103323,-0.008818868182782769,0.0070468087126247525,-0.012343360525846947,0.018867771437651726,0.012610753613558678,0.0038323230544961007,0.0069121986746125685,0.0022212468759441606,0.00016334311378951583,-0.003980788744194719,0.011233432257379938,0.03400179957037652
2023-07-20,-0.10244266406360136,-0.03363280221288267,-0.010148791347027064,-0.02339305813614967,-0.040711137905085515,-0.04362664017143114,0.01224213823946041,0.017461341900501637,-0.006656530224380397,-0.005076251540708121,0.00530427935531641,-0.012216504773935988,0.016576923177949343
2023-07-21,-0.011015199637560258,-0.026964048318608214,-0.00618074418946879,-0.008977168264952873,0.0003076879936561028,-0.027683611209087466,-0.007714449434609527,0.004631092392755498,0.0,-0.0030692385170079106,0.013718761650376443,0.0002950827272911738,-0.02827295152575049
2023-07-24,0.03417588510139691,0.006815134295080849,0.0042113298516639475,0.003890361323152902,-0.009273613091557387,-0.009046407783815269,0.01949248564347439,0.015567726197865284,0.004457322189523438,-0.0042906650791518786,0.024342619125993004,-0.0036436338764351817,0.022538174174446368
2023-07-25,-0.014148526638195769,0.023635893908331873,0.004503218906283024,0.016866202582507483,0.002558849307687794,0.00975976845437021,-0.007496337977459078,0.0015152425633493394,0.00272634636535507,0.005552416740764343,0.006626759541005001,-0.001876365674438496,-0.003601025974701688
2023-07-26,-0.0035118615751388305,-0.004982018647153197,0.0045348199656816135,-0.03836406417231242,-0.007618281489535583,0.013827666956547802,0.005976204750531622,-0.005598689803833601,0.00015362970729349001,0.004867250719561511,-0.00705122050247553,0.000987963798998237,-0.04954803407501762
2023-07-27,-0.03322998965193502,0.009808446683913896,-0.0066027813399571755,-0.02109312865379387,0.0007800788687015725,0.04306861643472715,-0.01109051654202986,0.0031354534037761894,-0.006652125125162556,-0.015836715414990543,0.010838259681067441,-0.019644580470075113,0.08846346450642528
2023-07-28,0.04110507058974999,0.018349125042069314,0.013417647605554528,0.022867692321337785,0.03041013425296679,0.043227986986812184,0.005687998221468149,-0.01202414715825828,0.009742720793933124,0.007949707574280929,0.009197334178097982,0.005122910822189297,-0.07790527095526256
2023-07-31,0.0037087357528324816,-0.0004494361516518275,0.0031609655368232126,-0.00726666326819192,0.011057211194102301,-0.021364775519376877,0.00666966280713055,0.029141042308306275,0.0019023313409842757,0.002690787072192613,0.014870188253919281,0.002401532300082998,0.02225612563755286
2023-08-01,-0.024069223808832696,-0.004762051579399351,-0.004285132135572134,0.001249475172079073,-0.01499813523677851,0.012817488017804024,-0.0049502644696497455,-0.005798194036267468,-0.0028657506173006553,-0.010418766955582193,-0.0028741426535443537,-0.016522716576897523,0.021771555594829906
2023-08-02,-0.027021352113566266,-0.049317961369754304,-0.015611091879729422,-0.02663444140572313,-0.026781097330387027,-0.02637432047764321,-0.011389453278683348,-0.012552558330461316,-0.01400839456381231,-0.004776993918500061,-0.020493595963246847,-0.01075676134274417,0.14415316078816742
2023-08-03,0.02029560201226044,0.005541463053114981,-0.007348630089966335,-0.0025682861232247944,0.00544491793249513,-0.0035694618745614193,0.0060947672959219545,0.017231073336112956,-0.002870125733853257,-0.000334202918323534,0.022957667121775494,-0.023341326782844618,-0.010621785279120388
2023-08-04,-0.02127991218641956,0.0036996208542054987,-0.04921135533816212,0.0034228860186091836,0.07945180513430206,-0.007885907284348015,-0.0021127105761875598,0.0027966541426831526,-0.004532933330009037,0.0036138763540742858,0.008847829101217286,0.017556805767404704,0.07150230060821494
2023-08-07,-0.00953878588298096,0.016360554661292603,-0.017404186964075308,0.007083122259175845,0.01880884304099517,0.018588388770989006,0.0047316365877829725,-0.0020501408502813234,0.008690688997683438,-0.0022779889325192926,0.00040645999032395963,-0.009889975497061165,-0.080969055814339
2023-08-08,-0.006983965417304283,-0.016718622561550767,0.005297531592314719,-0.012375191049754264,-0.016161386274730738,-0.012460097029080686,-0.0056295639682613086,0.004931849627757501,-0.004358138937520906,-0.006361270240024197,0.003245849052418315,0.011546431392070566,0.013854082529355605
2023-08-09,-0.030537632908455237,-0.048393914203173516,-0.008994620968658218,-0.011784931792774067,-0.015047595017538384,-0.0240525183198681,-0.013498312445874738,0.016844382799567903,-0.0067078295431723944,-0.004769563349673156,0.013944995931908899,0.00515788992558619,-0.0018779181199777284
2023-08-10,0.012922436522360137,-0.003908437325947478,-0.00123543579460339,0.0021699651158808564,0.005137245447970784,0.001734916978525014,-0.001496921715753885,0.005098333698461133,0.0003589534626824431,-0.0010691758408611918,-0.012056429407604874,-0.016599609403171733,-0.006916070021043996
2023-08-11,-0.01102493798028803,-0.03683642120836872,0.00033744397550705685,-0.005963468324290844,-0.0010831058272495753,-0.013500481337987758,0.005779174504544571,0.01540909612941821,-0.0005831871237669262,0.0,0.000673668638286884,-0.0023042100654286912,-0.06584327636934306
2023-08-14,-0.01198165060033407,0.06853113438457292,0.009349457682017004,0.009394682575893931,0.015485316080358302,0.014971113784709722,0.0020698177663014405,0.000804460968057974,0.005504786007540119,-0.00304522053039058,-0.005943586977751991,-0.002204527797105449,-0.0013486487456542129
2023-08-15,-0.02877160626916453,0.004264918467246748,-0.011263757095826499,-0.006750386299240851,-0.020846133672850264,-0.01394409508722294,-0.025786829843016612,-0.02600870761461227,-0.011717211297507468,-0.0026580037072090335,-0.016253786897578948,-0.006113448621137607,0.10495554035179389
2023-08-16,-0.032103247149654734,-0.010386021407849277,-0.004971293480802608,-0.002431292486978265,-0.019066286976507918,-0.025695777455355895,-0.004252407521210699,-0.016970220327414687,-0.007365286699105411,-0.005792775189195076,-0.017362752340797982,-0.007855043474059187,0.019254602331953752
2023-08-17,-0.028687749322523715,-0.0032707554054756116,-0.014662077111752048,-0.01104727514098336,-0.008102713606701784,-0.03176072174576028,-0.01044077425286627,0.019186653543609822,-0.007648980635929448,-0.0015390561619561538,0.008510697821235702,-0.004271431447682161,0.06405412144418454
2023-08-18,-0.01716126710964705,-0.0010386972303262354,0.002812184050656974,-0.0012630712083563367,-0.0056885970432292154,-0.006475208535530186,0.0022849333391903315,0.015015897011855017,0.00048111267159534066,0.00017111358955279599,0.011190246419903183,0.003525274376829479,-0.03353540600052929
2023-08-21,0.07071456218373573,0.08131570897555518,0.007707123222748358,0.016918938863353716,0.01089963376239833,0.023206320213649434,0.003417695028747225,-0.01216014988941616,0.006485373438827935,0.0027339296425665793,-0.0028891686948062656,-0.013420221230829199,-0.009875194059183912
2023-08-22,0.008224489949780533,-0.028047476790328485,0.00787366392512201,0.0018002487859680727,-0.003197806521519908,-0.007965374633569944,-0.020956829181955072,-0.005626960351957422,-0.0027124501728925665,0.0016481975934530269,-0.00414197817751738,0.007644926023113285,-0.009384224560184062
2023-08-23,0.015615669490355089,0.03121493466482983,0.021711473845599905,0.013981096729101417,0.009415529041193693,0.02282497959594032,0.006740466708125226,-0.008827091089171013,0.011076171869738971,0.010113328144583988,-0.01280995201060886,0.024475103217223015,-0.060109127091726666
2023-08-24,-0.02921607421029293,0.0009969747800493423,-0.02651907163176581,-0.021733038926201154,-0.027530224045928087,-0.02578502757083978,-0.0009505464310111122,-0.007494111010625026,-0.01395600665366814,-0.0002248455933200333,0.0007004700189954249,-0.006615841009294243,0.07357151648426008
2023-08-25,0.03649340462828743,-0.024577202935507803,0.012563952693518843,0.009363270857042139,0.010713027528748142,-0.00436878783240946,-0.001223317762666376,0.01770784594571495,0.0070251370501503985,-0.0012941233726575518,0.014458659800547835,0.003261107988583589,-0.09252339379134833
2023-08-28,0.0009635784854138407,0.017598470905413777,0.00880726027687917,0.0022267186989077814,-0.0009008643247145898,0.016535269726440482,0.0034621323842092266,0.008371384601539411,0.006321354003628876,0.002867238875764677,-0.0005521646690658244,0.0010498574626014445,-0.03901667686447308
2023-08-29,0.07406603958973079,0.04077141564164899,0.021575728438787856,0.014445659858512983,0.013206715007284764,0.026282785216313442,0.0080995691355783,0.005936681759333595,0.014351426350502905,0.009720692377633178,0.012488956833895948,0.010332329107098026,-0.042674956161733224
2023-08-30,-0.001089320005828398,0.009791086353255096,0.018990908989453104,0.0011564424947447804,0.0011853002024686532,-0.009745735550066748,-0.00404158421268086,0.009696963712708673,0.004110199806538262,0.0024987503158229174,0.004626541924049654,-0.001039149833840014,-0.04024543803511538
2023-08-31,0.004582681990043191,0.0018455082928743316,0.0011715616388414674,-0.003137548245879529,0.021532889699268587,0.0026737552068603065,-0.012428297178308512,0.002791963032652056,-0.001464502769139564,-0.0016651113471644052,0.018827800447501986,0.00445973063350813,-0.02258751196590758
2023-09-01,-0.05197055872941725,-0.017289760079098215,0.00842781977154683,0.002742193474312593,0.0007967306725369383,0.0016544900245287764,0.003342926179704442,0.02073859403222489,0.0018634321605937032,0.0004997991755413267,0.024478135735104267,-0.01570120604963776,-0.036012859779136264
2023-09-05,0.045790635803832025,0.0008037509016114441,0.001265945728193607,0.014768978870148608,-0.0061730167817586334,0.012639834977878905,-0.011095290901607768,8.805695986779938e-05,-0.004331351551381424,-0.008195174622491308,0.010861290708366944,-0.014121324615647524,0.06792278510731142
2023-09-06,-0.017978069897591098,-0.031026159935534814,-0.03644965670739886,-0.0020108546487360712,-0.014011920021061997,-0.003270469270377774,-0.0016542504314536188,0.008594959430479499,-0.006744999307084498,-0.004544556063018845,0.009726139031383418,0.0024565945659675847,0.0309230246728478
2023-09-07,-0.001708320364021354,-0.01757763497045417,-0.02968572640097822,-0.008962200673983567,0.018228281379293776,-0.001672341081746076,-0.008590829601517136,-0.0049023035613045,-0.003074882886107133,0.0010678794784508838,-0.007285770302077665,0.002769525908324688,-0.0034662212677951665
2023-09-08,-0.011960403623667126,-0.01457329253049533,0.0034857238687893144,0.013129099993932414,0.002752751821612165,-0.002615143926806951,0.0007651365236078789,0.014462835689609044,0.0015048508102211144,0.00033697027875945196,0.004480085618363994,0.003821780029332089,-0.039665218876341335
2023-09-11,0.09615118904304953,-0.008683383914614318,0.0066006572164933885,0.010919539828065261,0.034624795646587714,0.03194577799733622,0.004370523643608237,-0.012621498672238829,0.006555185718368328,0.001851395103543041,0.0008935941391650104,-0.007231630953358881,-0.002894355230134149
2023-09-12,-0.02254919632050001,-0.006840822538824121,-0.017207899170911034,-0.018426642095209722,-0.013153992385327662,-0.019369817124579747,0.012930176223588496,0.028752054551889117,-0.005500884418595753,-0.005169992663579315,0.016828311394489148,0.00574694090026906,0.030683773948319004
2023-09-13,0.014180336411065753,0.013613404125643491,-0.011925535542923527,0.01284792976456739,0.025309029522982307,0.011208092433854233,0.00047816520883969815,-0.008976901115006264,0.001165500842404299,-0.0023126820451926378,-0.00025093039924684035,-0.00021209616912010176,-0.05414530840741394
2023-09-14,0.017320639037477825,0.002108196805197249,0.008744132233063695,0.00782524013582453,-0.0008979168301896934,0.021596860587754563,0.019211733730790215,0.01770546821590635,0.00858530505430899,0.0005080950731217726,0.01791095659477282,-0.007244232181505161,-0.05020064383757017
2023-09-15,-0.0059953082833397175,-0.03757677268362247,-0.004162729870047066,-0.025355986075963344,-0.030376589885653615,-0.03729005942562935,-0.0029525200892299708,-0.015475145660108325,-0.012121416287341091,0.006582106894978068,0.0020934453198329095,-0.006112804840991082,0.07293726135107192
2023-09-18,-0.03376463807907193,0.0015022630936125658,0.01677206315226787,-0.0035190040919319543,-0.002924734896861736,0.007431344217758706,0.002081287807575549,0.008022470354156042,0.0005861888915950075,0.005870383136318935,0.0019662785592204912,0.0056850240086268045,0.015113640576325693
2023-09-19,0.004588376260533877,-0.01019578602845872,0.006161886257428861,-0.0012467382805070315,-0.01693056427019357,0.008294752842505027,-0.0012751105390496065,-0.002638468629323043,-0.002075839665616641,-0.0009480950413545131,0.0006137226666309559,-0.007407846618674441,0.007826411917589038
2023-09-20,-0.014780377139554268,-0.029876711387491817,-0.020194761682344797,-0.024268858141289762,-0.01714838747973957,-0.017859403836788523,-0.004239067923847095,-0.007958008860756927,-0.00923585373782565,0.0007251297423289671,-0.016827922654885086,0.0031198509187264634,0.07045652915299083
2023-09-21,-0.02658899610411858,-0.02935730666586167,-0.00892924353871205,-0.0038731728780971864,-0.04505328140436493,-0.013235093359217132,-0.007852577071100875,-0.014189590801797713,-0.01666662312888878,-0.007274811145922655,0.0033634945110847525,-0.026009219572246778,0.1471437684547392
2023-09-22,-0.043236555785456154,0.014353914187693828,0.004932440103227798,-0.007917800571342504,-0.0016251248796006479,0.011264096201768936,-0.009629140631998823,0.0015673949579575464,-0.0022508866958945717,0.0031961900557462286,0.002732162529892612,0.00801651116972657,-0.019574610964226302
2023-09-25,0.008579557642105051,0.014600943880294537,0.007353253436313878,0.0016704232384574524,0.01651413665688306,0.005834245321056031,0.004928561158403788,0.011160631020580958,0.004196099860465985,-0.005163898932471156,-0.002980971885421013,-0.024916964040807343,-0.017595828819496617
2023-09-26,-0.011687984544270336,-0.007393273936171507,-0.023676550611675395,-0.017151874322204108,-0.04113311252209684,-0.006235357609972958,-0.010433143589304805,0.0015475150079931055,-0.014800166021250227,-0.008023084937964775,0.006076758005997718,-0.0034818918860697323,0.11396251659841727
2023-09-27,-0.014939798128788873,0.013202591473648884,-0.008937386416508986,0.002080140295998234,0.0,-0.004089167355887824,0.005847565919782305,0.0320385056477237,0.00039912350460191703,-0.012443751217318777,0.024668539794022948,-0.00518967583797636,-0.03875626180982206
2023-09-28,0.0241549898062301,0.014516956104903667,0.0015244381151768849,0.0027136326771906027,0.0,0.02067572376229876,0.012339617596099473,-0.0060915818802866895,0.005780804674299311,-0.005009715204337795,-0.016173536976294756,0.003049192442017734,-0.04950387399329115
2023-09-29,0.015465456415727274,0.009470037502662176,0.003041831908346282,0.006704896891074341,0.009008352994333002,-0.01241405415632535,-0.017566446739547104,-0.015946529390092223,-0.002429892897728436,-0.01032850551809883,-0.008742271810338487,0.00011252138681427937,0.010327131484149987
2023-10-02,0.00550001331731842,0.02906854285650784,0.014726547156596936,0.01897946794330352,0.018240461143240516,0.021779127866056847,-0.00865709515151547,-0.01672346432367977,-0.00039793579091185194,-0.01055420585609923,-0.018346863711869332,-0.01688143301902212,0.005123845531178617
2023-10-03,-0.020356864105244732,-0.028654720880573414,-0.007800195080448269,-0.026481616793596174,-0.037300770440845454,-0.019350694743181407,-0.00740015879591116,0.0017282351734291268,-0.013476424237225615,-0.002892421000057155,0.006778847406959443,-0.021746318458876424,0.1162044037412091
2023-10-04,0.057649575361059746,0.011969380522590889,0.007282124096873233,0.017617137243603587,0.018115851921520765,0.015300808341028649,0.004474794878547961,-0.03809903847424945,0.007255675686661078,-0.00011826350755939075,-0.05582730459888996,0.014009005055958035,-0.06258563162924435
2023-10-05,-0.00425938706291884,0.014583961437925286,0.007172145813357567,0.0012533541704558004,-0.0082226974941646,-0.0025883558074220048,0.004207485389647658,-0.022768529696494788,-0.00037685786856478387,-0.0018344684108635434,-0.021394030791497265,-0.004997323843578982,-0.004855696259101094
2023-10-06,0.0018441397469999288,0.023749010476358023,0.014642765717335138,0.024435964803236843,0.01575331896209775,0.03431352680363986,0.015278107026778898,-0.01683965731049586,0.01180277470020119,0.0051398519222738415,0.002295050573214219,-0.01219140502496785,-0.05789034065045717
2023-10-09,-0.0033063672235034147,-0.010743332955735152,0.008415771067055822,0.007792126824731405,0.0023417029658423516,0.009246277229519428,-0.002276771118139287,0.03439282566110169,0.0063819372859343915,0.018218478536943472,0.03926730369733811,0.023198926466140968,0.014224990313812746
2023-10-10,0.015097007960672926,0.011529735085654913,-0.0033577448982935465,-0.004345214257134522,0.009466985168604225,0.010871615130662704,0.006060019181778564,-0.004246538318071202,0.00519126804124781,-0.0016795054754084049,-0.00546020829984073,-0.0013838040253837391,-0.038588147689350816
2023-10-11,-0.002392682254033218,0.021770887547712725,0.007872847170824926,0.012197417331524463,0.017986831598421738,0.01841006897451436,0.003427171539078344,-0.03651171081808258,0.00408788991137321,0.007276507826109224,-0.0136503095277547,0.020671089282894073,-0.056778564506664964
2023-10-12,-0.01578998518182395,0.0029654535879664046,0.005048443072796616,-0.003797612246903448,0.0037855889625992845,-0.011227374162925408,-0.0023293047409991274,-0.00018768751866726774,-0.006115116985250246,-0.003054310387323511,-0.003309288956430123,-0.02750260255568726,0.03661179918471147
2023-10-13,-0.030395093236742277,-0.03212194559791248,-0.010345896125963705,-0.010411659852287869,-0.01938110865101983,-0.029649226591271116,0.014908014985633322,0.03143455323210631,-0.00499332133474617,0.03164231938177586,0.04624876757990659,0.017734084360691682,0.1463310433161218
2023-10-16,0.011088356477393368,0.01384968408604692,-0.0007273690546529821,0.014870750397883548,0.021042247787508295,0.02032012561959906,-0.0010138678929907385,0.0007278539465316314,0.01046653041166401,-0.004876800474352017,-0.007624874717470753,-0.016224798306149424,-0.11565025596248235
2023-10-17,0.0036559111685425805,-0.04792487438170223,-0.0088235021157681,-0.0017452004862468229,-0.008181257764936056,0.008835323526261263,-0.0021667035128194456,0.013011960733827266,-4.582496723770646e-05,0.0018525567250016195,0.005216675177182495,-0.01108209869966359,0.03819216578233453
2023-10-18,-0.04893148784195844,-0.04045434222774169,-0.00742211684549865,-0.005889573736065579,-0.02573328636379113,-0.021936409598227513,-0.011041555720055385,0.013907597512492487,-0.013414813319610808,0.014367113783494645,0.01311155054338009,-0.008836483674854456,0.07226864500819685
2023-10-19,-0.0976162487265837,-0.0022537273892750953,-0.0021635220155351575,0.00365885471859162,0.002104932090937872,-0.013211229847138739,-0.004258593496585306,0.000619492807962807,-0.00882535432390874,0.012199301049654387,0.02278459145754308,-0.020686373795472335,0.10743953638554471
2023-10-20,-0.037588294506416986,-0.01710464428871017,-0.014813525594690624,-0.014134341507257453,-0.025477545009302105,-0.013387906311743691,-0.016236586497271333,-0.01731410829459179,-0.012363951872292667,0.002727175302074336,-0.012070640132826327,0.005662610415940961,0.014382037517315371
2023-10-23,0.0004244409540277161,0.037651592362361264,0.0006938764920967344,0.00807937338945841,0.011043686017449872,0.017216928431645684,-0.013734918090668735,-0.014782841352760201,-0.001734733321079318,-0.0033827788768210354,-0.022684068089564136,0.011942041762544875,-0.06370967028124008
2023-10-24,0.02071937104662247,0.015882490811593986,0.002540251013738448,0.003667521870339918,0.015679217710014903,-0.004660492569303898,0.0012050024363681189,-0.00973197122905578,0.007510963941975035,-0.00010933686369085649,-0.02515854793248451,0.013090605724896953,-0.07120452368766017
2023-10-25,-0.019117503387763968,-0.04410727672420345,-0.013583511505983026,0.03021697179991545,-0.05738720455716351,-0.04254973468274148,-0.005469650348674193,0.0018434135819846986,-0.014456031917746692,0.004199991317573648,0.019693007674920437,-0.02251307978231143,0.06232871102580351
2023-10-26,-0.031855023921115055,-0.03539721641261595,-0.024913408154249694,-0.03823622482036271,-0.015106526502479234,-0.038039540385137016,0.002560809661368957,-0.009158561874387239,-0.01204681145157327,0.001577208003793018,-0.020213108006586822,0.015222183271680123,0.023979605620941147
2023-10-27,0.007456619810883858,0.004305351553613335,0.007937835931768333,0.005838502397308432,0.06609496003096194,0.02864756506171684,-0.03668326714547643,-0.019235896083023896,-0.004543195726292915,0.011562693424814086,0.01893777975930533,-0.004257458174785178,0.028130586336432284
2023-10-30,-0.04913755884950799,0.016189371103465966,0.01223016177730507,0.022485779813565365,0.03816941562949783,0.019787253953374773,0.012669023169130433,0.0031215909681625575,0.011884891369224881,-0.0056565149769634004,-0.02992254203180167,-0.004514545716778784,-0.07414415938657903
2023-10-31,0.017479077618858696,-0.009299358108755928,0.002814732183743729,0.002368741780037986,0.0028592165427561156,-0.004603086654340061,0.011863563628524254,-0.00028352237385309564,0.006260831760857677,-0.0054715039881712,-0.013636358927050729,-0.004893134176082725,-0.0850340803068641
2023-11-01,0.02371578467512414,0.03718613192884179,0.018565331000946372,0.02326980608163076,0.02895536224569817,0.034515283065014835,-0.0008633831522653068,-0.00198580195962883,0.010608075633197878,-0.0031556165767172573,-0.0036054876357622945,0.02145021650950696,-0.0725824647353015
2023-11-02,0.06060741733192199,0.027520879689978184,0.020481941866775877,0.006480682610564337,0.00777993014707512,-0.0031473766685827798,0.017691821491977677,0.032319514858937026,0.018983091529137575,0.0033185604405963076,0.01894975278564459,0.022540824118333802,-0.0744272654861069
2023-11-03,0.006613987223154538,0.03387472324735308,-0.005194538146635175,0.012779721248155518,0.003831274817510888,0.011927206358876674,0.011110692546273171,-0.012264434208445252,0.00908201371953865,0.003632316427605531,-0.017612874576626858,0.006755594353558436,-0.049077562276140796
2023-11-06,-0.0031418755173993063,0.016440031983646186,0.014499661407394449,0.01051712581587605,0.008191461641483322,0.0038070820078219825,0.007524036870161233,-0.017880333859465303,0.0022978479618442904,-0.00782308105070495,0.0008013513667659566,-0.00974723150197665,-0.0013422487895295987
2023-11-07,0.013183964542986537,0.0044491076732970924,0.0143469839420991,0.01115665744787897,0.021031053723631565,0.009517781094730893,-0.00048582288370191407,-0.01580374111228977,0.0028420035030114477,-0.004153745714032375,-0.04240292328881168,0.014642029380635968,-0.005387213140145342
2023-11-08,-0.0003150737899408895,0.013379707447338962,0.005867912002372577,0.007378456808837974,-0.004424354026475008,0.0030064400445528605,0.004917968193555389,-0.012358947584586666,0.0007319992151808563,-0.01001765347062733,-0.022678633032616524,0.016890484859504618,-0.024608255254245925
2023-11-09,-0.056160489658582335,0.008040873847749097,-0.0026279563224953506,-0.0069348970560954015,-0.010471269344292544,0.00240494211999831,-0.0029756426455591622,0.00029132061038517065,-0.007829181534997787,0.0039750574137906725,0.0008544226887039486,-0.023270204302290765,0.056504616087277526
2023-11-10,0.021996498496030803,0.029072619043227554,0.022954628899528373,0.024592136199341752,0.020834026486174828,0.02532012974484754,0.014722275524445827,0.00764371885175219,0.015484285140177079,-0.010969699953244927,0.02168489512738958,0.00558468300442172,-0.07607195835929703
2023-11-13,0.04134183399945268,0.005878803431394353,-0.00862066240716075,-0.008121411389159228,-0.0067796956619980975,0.001276883563622988,-0.004448753371940839,0.010451184043573924,-0.0009536355755797032,0.005555261386915866,0.015617721358757386,-0.00227559147769707,0.04079377559244879
2023-11-14,0.05943801947754146,0.021084536616429173,0.01418450679593164,0.009743079094282514,0.0222624868944461,0.021398059408784142,0.01808207619096347,0.003842897976976012,0.019214975225175124,0.008879636186604145,-0.003159067616909539,0.022414546285624226,-0.04149975718963317
2023-11-15,0.02261415546906509,-0.015587362363964186,0.003036242891958807,0.0004058058489793126,-0.0179936072902942,-0.010762123877504415,0.008719516091135304,-0.006059105920490637,0.0021147076488388095,-0.0026390807860945387,-0.01874672848553338,-0.014133557159848209,0.0014114651359529162
2023-11-16,-0.03883534904080843,0.012036791503114763,0.009001746926013077,0.017430325299614857,-0.0025871085210313893,0.004438687201966829,0.011355165346746965,-0.011643950122341984,0.00122241483898744,0.011222864579353953,-0.04721435465426893,0.01235014221330566,0.009824597595796014
2023-11-17,0.0030349323976643916,-0.0036851613011679163,-0.00010575098256637716,-0.016943424146535158,0.016319176713111005,0.0025402027438063968,0.009005307651554162,0.024106815250474867,0.0012431198931457388,-0.00010890827769749478,0.038909762580056295,0.004675136367475297,-0.036988534236815696
2023-11-20,0.005533119144943477,0.02228609169299034,0.009235650805461404,0.020313854468732906,0.006522368493262931,0.014607362116957567,0.0030707479089278067,-0.004392082486415205,0.007668080089087148,-0.0016347162383043568,0.02167163485102286,0.00609003160328303,-0.02866792006960317
2023-11-21,0.02349097451694071,-0.009267202561255239,-0.0042397637472939564,-0.011645384528694791,-0.015378098422388575,-0.008833666669516127,-0.002089730878658713,-0.0003829024352519639,-0.002181802604940941,0.010740019593542094,0.003176081170630951,-0.00044168868718053034,-0.004484272494153174
2023-11-22,-0.029408274734311846,-0.024894905508084708,0.0035083434406049108,0.01273123981265556,0.019339323436057043,0.01329461373958285,0.002350732788683807,-0.0043171876899394945,0.0038533997697092204,-0.004271361889172098,-0.012765515002879368,0.0035278711102346705,-0.03817257239318117
2023-11-24,0.005280386261856229,-0.019483976012725446,-0.007029119933345207,-0.0011121492315862014,0.0002044558061236046,-0.009592098175319919,0.001368484877541043,0.005369539342274798,0.0006150712763561828,0.00518811533968222,-0.011093295167539097,-0.011844934904154947,-0.03082032460672668
2023-11-27,0.002672174662581739,0.009706459119390498,-0.0009479309988051909,0.0031214240881176636,0.006723903692254396,-0.010491609904527799,-0.00228202569380187,-0.005850565447016898,-0.0018025232149181392,0.006715220224108087,-0.012217805310621443,0.016565711270846606,0.01829073223871225
2023-11-28,0.044083356931929885,-0.008765128008748402,0.0032088832240297904,0.010744840114274012,-0.004749615125619222,0.012735999760731254,0.00228202569380187,-0.0005769943874014416,0.0009895139686779686,0.013243765854618061,0.018411553091703503,0.0019696256572760973,0.0
2023-11-29,-0.010512266581043761,0.006648620704260644,-0.005424304430597715,-0.010111096625436744,-0.0048405851483783735,-0.020233329312987713,0.005067419317540178,-0.015128419916740299,-0.0007035414466187717,0.0014783465644931937,0.017527149441222356,0.012492679933607143,0.022595427349522357
2023-11-30,-0.016769619982683004,-0.028871333648154973,0.00305807090191923,0.00015831155829815202,-0.0015732090618447714,-0.015318518478013132,0.011340288002343435,0.003900987225879504,0.003929764998768626,-0.004176660491013173,-0.03336910358675915,-0.01161856554381302,-0.00463317174953648
2023-12-01,-0.005220199323598074,-0.00010705245220821169,0.006768450023789008,-0.011680017765767658,0.006413794210223145,-0.007147616586108185,0.004857550987698467,0.0024301099818533345,0.005898502022767538,0.01712403726695122,-0.012914536554668565,0.01865862871756896,-0.02270155883612146
2023-12-04,-0.013701443132188906,-0.027203219437937687,-0.009509824628412211,-0.014442659710447003,-0.015006979673542808,-0.014887669459821673,0.0073053044268140965,-0.005452140408674033,-0.005263310095084961,-0.021850417580745685,-0.011182988494195634,-0.0039868232568105455,0.035009394772743896
2023-12-05,0.01324075582575368,0.023026677564097486,0.02084451829420786,0.009114591104223635,0.013986300502114801,-0.005420561534428714,-0.00012648963971972904,-0.01961905558041188,-0.00019700668794264686,-0.003786606077863297,-0.013083602580495679,0.021258090650713157,-0.017740499168593882
2023-12-06,0.00271912946077002,-0.023092518066846868,-0.00570328083922611,-0.01003609391621385,-0.01619802427317829,-0.002642638666238817,-0.01056381642887061,-0.013330119329300949,-0.004038120907790876,0.003680115406357487,-0.042623946584451566,0.013230024654681927,0.009295177888952733
2023-12-07,0.01356840927516334,0.023736609506121997,0.010088226260231536,0.005812752692119005,0.01619802427317829,0.028385392872647408,0.0030662735796846974,-0.0069863298951524655,0.007601462708060502,0.0016489674559858614,0.005389994826614952,-0.005753573113021382,0.006915137061659138
2023-12-08,0.004933396614923424,0.019341255651540212,0.007385061938062876,0.008803334684435171,0.0036696832247473665,0.018685824310096244,0.010973100368673272,0.011415973658190026,0.004290032573335267,-0.01343017351466802,0.021574798782704185,-0.00821643025086427,-0.05589806201597769
2023-12-11,-0.016957231787828597,-0.01867618740875221,-0.013011553418824207,-0.007860274014892532,-0.010432734440314562,-0.022705186559923263,0.003652292394747292,0.0007029747357201188,0.003882054559489312,-0.011104320560253456,0.004050170821961352,-0.00211774978032242,0.022418851461215805
2023-12-12,-0.011452714531076325,0.02184989219666189,0.007888891725194469,0.008260973503080749,0.01083963549601652,0.027113220608375066,0.008885676819983424,-0.015885498888716043,0.0045568821011467975,-0.0005447904909061663,-0.03892140245226727,0.0029636135154893495,-0.04535193559782469
2023-12-13,0.009573866272891252,0.009002934350947456,0.0165536351712392,-2.6758165188489613e-05,0.009179334477907197,0.0015544654286898663,0.0033583554918124037,0.008833833226082,0.01369584476353225,0.022311764488914143,0.016669653105106264,0.023191224468363636,0.009892899244539066
2023-12-14,0.04797595720291614,0.0054334880940705155,0.0007576466625467404,-0.02280248308785282,-0.009586235533609155,-0.00470115640040536,0.01802858754376313,0.026535331847803434,0.0032041592763887294,0.005845435089188555,0.02762650985703541,0.025680159030399885,0.02351141719134686
2023-12-15,0.009711688394547835,0.011106687945654059,-0.0027296875275810706,0.01303200652042591,0.017149638892760777,0.005238752338987851,0.007532718520010029,-0.006716867904869694,-0.001647885845903474,-0.009208782757507805,-0.00014894104478635484,0.0011104764091287578,-0.01615542528752023
2023-12-18,-0.005617318318434705,0.02398903616989001,-0.008539662273787663,0.005165484657313257,0.02697180989869885,0.028550872705420893,0.006034313928529045,0.0074057175019328625,0.005609326399059533,0.0045351876568231475,0.013901360018823361,-0.008000146452380896,0.022545293475045636
2023-12-19,0.02018524987089254,-0.009490336909987462,0.005345789636106879,0.001635710343454555,-0.0018191003361760494,0.01651857181208438,0.013266328290874263,0.013096181037396626,0.006062465959881358,0.006790830606181686,0.018480035560541452,0.005374197330164421,-0.0023914468522061583
2023-12-20,-0.03997677937731048,-0.030560669163334442,-0.010771554710493625,-0.007097885319647723,-0.010918340834127349,-0.003087095951726404,-0.011343522030049513,-0.016841460620767634,-0.013954171717553976,-0.005460866362358985,-0.008251942425109071,0.006752401063218727,0.08707790872016208
2023-12-21,0.029345860784191657,0.018105453940741256,-0.0007704860195349994,0.007847820482198564,0.011243426514228716,0.013677047737868264,0.005687893665090371,0.004531932384647774,0.009437275041024762,0.0070457557204406385,0.0034827761847822103,-0.006348124718150494,-0.0014641626325127
2023-12-22,-0.007731210565404822,-0.003271268821633644,-0.005562797873252201,0.0027802039700883796,-0.002733830879626531,-0.0019786876384628727,-0.0005971637220589798,0.0017679128465912797,0.0020077131392621794,0.00442461403136285,-0.004937511263550576,-0.0045590887983468775,-0.04648512304109964
2023-12-26,0.015987740073909684,0.009153006904803807,-0.0028449230648517343,0.00021359312716651147,-6.51468681667211e-05,0.004066350851800848,0.005896653537769581,0.0022543842091939936,0.004213644873299671,0.00759184215150821,0.021887074221142555,0.0028393763677003747,-0.0030745575807094028
2023-12-27,0.018647455510860667,0.002796492177508547,0.0005177666846787332,-0.001576114918763416,-0.000456445479603218,0.008419277129762648,0.005979865066369605,-0.004710604794003537,0.0018064023516632943,0.004527577262521731,-0.01854435289741385,0.017564480941246963,-0.04406688298848849
2023-12-28,-0.032104151730160346,0.0021224218089730407,0.002223689778629634,0.0032295849994721237,0.0002608799229886216,0.0013685534598915083,0.005299115050776848,-0.014565491073153858,0.0003776409307638673,-0.005832413160525185,-0.025570796365095738,-0.00728943944884719,0.0032128510314715086
2023-12-29,-0.018738327073791083,0.0,-0.005438750320762686,0.002023103683156613,-0.009432812028151716,-0.012242546685119038,-0.0011753153221158996,-0.0020981407452564937,-0.0028992510311010022,-0.0015680697977629166,-0.00792051920818082,-0.009060850194410719,-0.0016051735149948954
2024-01-02,-0.000241487460745482,-0.02772202288145209,-0.036442582404942137,-0.013843946169204813,-0.013317252487413,-0.021907452782047976,0.011573075705650915,0.023525725100626893,-0.005611969627273616,-0.0023566846852940415,-0.013291313245864522,-0.005781404016842018,0.05849620755206697
2024-01-03,-0.0409612227993259,-0.012513559735415125,-0.007515829217946468,-0.0007283051677928754,-0.009785543802100172,-0.005269516526055007,-0.004367841547096241,0.008366673839254268,-0.008200210648449335,-0.008371755159892302,0.036134206062796714,0.00416198256346334,0.06169358073792974
2024-01-04,-0.002183149965664377,0.00897811509314117,-0.012781488425313015,-0.0072033797641308794,-0.026619055871345942,0.007663511985590787,0.006614009320665026,-0.008757583074315178,-0.0032262068565502844,0.001004108607433274,-0.009133869287912155,-0.015311451343722027,0.00638980891493679
2024-01-05,-0.0018509415250838046,0.022638580835603772,-0.004021063228399235,-0.0005166691893352393,0.0046237143849809925,0.013818606555306978,0.005004724913617586,0.003025193697212103,0.0013686642219008505,0.00015844285681954062,0.021377081984078394,-0.009611900445291255,-0.056783791374811265
2024-01-08,0.012386614576639587,0.06229925447866558,0.02388727974167093,0.018695687643782932,0.026229678338986595,0.018885722567794083,-0.0014522607642097896,-0.01680213375141637,0.014175042329764409,-0.007846978293016171,-0.03884409556923085,0.009818098508467266,-0.020432073224587288
2024-01-09,-0.023096839566935756,0.016832695433234957,-0.002266064163202408,0.0029315576682371614,0.015109875810598083,-0.003435258391136564,-0.007937433791680881,-0.012463543803271193,-0.001518346265096504,0.0003193058065589227,0.014799550438628906,-0.006396451096544631,-0.024769044342090485
2024-01-10,-0.004350632806279009,0.022514571141024398,0.005655312548344504,0.018403776582750275,0.01547065061552022,0.03583292402217175,0.0021072077834904945,-0.009880828467660585,0.005639599154959818,-0.0022906686849220037,-0.012392870067949424,-0.004668430380487365,-0.005501047194517827
2024-01-11,-0.029145966144497493,0.008646999998370486,-0.003227678010560453,0.004847477937323319,0.009387897135060719,-0.002161653980222056,-0.004218959698770952,-0.00020287193646328916,-0.00044077013548449173,0.001971362878363081,0.016243617339116057,0.0055993313730304806,-0.019897195079787267
2024-01-12,-0.0373493987774296,-0.002045062834619138,0.0017765493327086546,0.009934201115271435,-0.0036152239546973775,0.012954065712856178,-0.007366945373051159,0.012889262469408358,0.0006924102581944425,0.009746417465784418,0.005454353054605399,-0.001966653248420158,0.020684924866265497
2024-01-16,0.004649070658850896,0.03010344571919532,-0.012393638210713931,0.004622761499486927,-0.009487311793447084,-0.018950489211841948,-0.006290151143667266,-0.0228709014301538,-0.003677930541876151,-0.00953348146491706,-0.011384711744944376,-0.0177699082761702,0.08596098276860786
2024-01-17,-0.020025473044372077,-0.005852331357947271,-0.005186930227712772,-0.002051905107282259,-0.009512302504831815,0.002473373433478976,-0.005371889589735446,-0.007294563908161855,-0.005574135530266311,-0.011077075533253655,0.010207980185229282,-0.0015833313768567336,0.06638831292880765
2024-01-18,-0.017172815629643345,0.018628994849446023,0.03205154326316073,0.011234045049211439,0.01172971901263864,0.020846868232006877,0.0019730578947534383,-0.0018576975862352185,0.008853436184748098,0.008199176794244423,0.01635065794270929,-0.009339033167679034,-0.045651069347886875
2024-01-19,0.0014620115002585976,0.04089837967662646,0.0154136306604169,0.012113129695691782,0.011915672389450016,0.019274671176487956,0.017114755782018598,0.001548306627857876,0.012389152134211656,0.0029842685447007966,-0.003481260674957909,0.0031938010272121176,-0.060536155226905475
2024-01-22,-0.01610524059758145,0.0027362497514422657,0.012089931140092602,-0.005432675839233347,-0.003611493461086468,-0.004364852958199883,-0.00117512967772182,-0.001341687228318733,0.002112024628480036,-0.0037851116316351963,0.012562474547873848,0.00593433214119532,-0.008305114652697565
2024-01-23,0.0016270106278728491,0.003664468857179415,0.006631206466708228,0.00600950593133831,0.007979485588610835,0.008918153262810868,-0.006605721294254074,0.011195110311085443,0.002912298872921326,0.003891551309362029,-0.0004305529737553826,-0.007955351969752833,-0.049738254140188065
2024-01-24,-0.006283434610725003,0.024565107351624427,-0.003489992485506299,0.009133387546794935,0.0054331741974325,0.014177233829146374,0.008895654144160048,0.017113581949112167,0.0010926656439611548,-0.008281084265806093,0.01255362027769813,-0.005874618536017451,0.04594035840873767
2024-01-25,-0.12925817170128795,0.004146986179026868,-0.0016981930074200235,0.0057218420348013055,0.0055940956796645125,0.0063276602987629715,0.014209480247497908,0.025084148604287648,0.005424039722325524,0.0039621270789886864,0.023675580751622682,0.006513229172260715,0.023318052682289814
2024-01-26,0.003389065826718607,-0.009555823437107591,-0.00905363511753432,-0.002324443071836768,0.008647102438040122,0.0024387756340740196,-0.003823696342594829,0.008482502920472257,-0.0012712062638220445,-0.0006949345993065847,0.011972827343507575,-0.0019175995108087207,-0.01422708984802723
2024-01-29,0.04105548959785832,0.023224497419848333,-0.0035922135112214093,0.01423235236632081,0.013359331333491653,0.017305021341964988,0.0026086339431454775,0.0012612368137023822,0.007888243154561714,0.0070336909422517024,-0.014467981080234615,0.011450645155869132,0.025317818772460754
2024-01-30,0.003450822628979111,0.004934527781720099,-0.01943349660571414,-0.002761782397582735,-0.014113732972623083,-0.0023968084991770056,0.020287330330820197,0.016540534031664222,-0.0007737913609755509,0.00137957417666712,0.010492910073783612,0.009025096244239528,-0.02155415685780726
2024-01-31,-0.02269947109927717,-0.020064899284809812,-0.019547394926627604,-0.02731583571497964,-0.02418961413450127,-0.025108896192922003,-0.010894991868222625,-0.019648032714753683,-0.016451918279068778,-0.0007426235867571407,-0.026300819488011662,0.009772263845315265,0.07523430485544269
2024-02-01,0.008347821172369763,0.024087205677139067,0.013252520529890788,0.015473731289658232,0.025949064006328904,0.011823079827736116,-0.003619478894279382,-0.00409366616649276,0.01300320507659336,0.010346957700094528,-0.026431976704886395,0.0194261122379773,-0.03330100546520498
2024-02-02,-0.005042858776994841,0.048512845156730044,-0.00541973444343391,0.018258147605031638,0.07572554877189663,0.1849650016106663,0.00573944874647303,-0.0041103305877738805,0.010472397718609194,-0.009498266920116016,-0.02284471198557725,-0.02233642114544665,-0.0021637031473935586
2024-02-05,-0.03713468972636402,0.04683031812166494,0.009798278564350227,-0.013637625279831589,-0.00876890934828456,-0.03335061114034499,-0.0013170588257418459,-0.004127458420895458,-0.003647841222172765,-0.005529246178959113,0.009875504488838338,-0.020400050366064626,-0.013081603859306679
2024-02-06,0.02206779799027192,-0.01612459335075389,0.008594754411939576,-0.00039435657164066384,-0.006834432372404997,-0.01026120546276399,0.0034322683902319184,0.006869582180476286,0.002899047670401167,0.0052110917695982195,0.009197776548201197,0.009726066546297929,-0.04564950033878068
2024-02-07,0.013309178288649193,0.02712657944895369,0.0005808972499252718,0.020890445281002812,0.008125368023266688,0.03217802884124232,0.0018830682290165157,-0.0002936046625823252,0.008305780338857538,-0.00026523300170389064,0.008825936323178851,-0.004851253477899498,-0.017767983297182433
2024-02-08,0.010500153377802413,-0.006555113769389109,-0.005771276881799459,0.00014485386389129218,-0.004054431333646136,0.0008727914186570374,-0.003597637868474557,0.01697522922380923,0.00044158989990439323,-0.0009022539588237066,0.029802099871099053,-0.005831679502501963,-0.0031225600728288505
2024-02-09,0.020933657774969916,0.0351583924777481,0.004085597444395184,0.015431820020442188,0.026781354306300464,-0.004029423161219903,0.0012005900496223632,-0.02138706855571826,0.005762888193374671,-0.0038836838223863523,0.0020951405291489422,-0.002022362255750032,0.010886603777725323
2024-02-12,-0.0285060028175268,0.0015930567411315266,-0.009042714796934526,-0.012658552833645587,-0.012168901576895763,0.0016861906159837403,0.004446927020569369,0.013662815956802632,-0.00043905182828041234,-0.0026153866387215174,0.00612051493542598,0.0011714250218854971,0.07449459331360897
2024-02-13,-0.02208876860591058,-0.0016622486804989123,-0.01133835887021828,-0.021763834775242685,-0.02170298682855165,-0.018902165198126042,-0.008741686907529633,-0.008646266180594608,-0.013868779830063183,-0.013884637194948368,0.007460671626600579,-0.017283490581548655,0.12912471469125686
2024-02-14,0.02516701014711309,0.024270350920989614,-0.004821475698358668,0.009619043766190494,0.013780303876273159,0.02819985501486766,0.010106094569382051,-0.004946175704593436,0.009046685554899625,-0.0005962900909111113,-0.01525686236488255,0.005076334100414748,-0.09733116413954024
2024-02-15,0.06035334314528118,-0.016949370031007938,-0.0015759861088184834,-0.0071809235364286295,-0.0069252737601050995,0.022459736454942814,0.0215800078302939,0.028256324215774953,0.006875972949504927,0.006701308514328375,0.01786865592876996,0.005158115252113404,-0.026066983565291135
2024-02-16,-0.0024975038337595734,-0.0006196607532089615,-0.008465978909049099,-0.006168193546995937,-0.0017094021256491843,-0.0223751785826396,-0.004681005567976904,0.0,-0.004992414971991543,0.0036558786728404513,0.007795011425060672,-0.00580459487964724,0.016283513224718327
2024-02-20,-0.03144706857579216,-0.044507946949329025,-0.004122367745277522,-0.0031479940280485508,-0.014439139136134926,-0.003322578743057747,0.003902164183007706,-0.009492436048060604,-0.005520718367128197,0.006045896751115443,-0.013577736954721864,0.0008621229133787267,0.07961048317224284
2024-02-21,0.005199145723307375,-0.028923158458676212,0.0041772304049914055,-0.0015156793126287482,0.008996959517601155,-0.006856314185080592,0.006488716202867728,0.020231857428855804,0.0009054727377062477,5.331114505757739e-05,0.0107129002229156,-0.007134474555080317,-0.005201567196740253
2024-02-22,0.013463405650617766,0.15186985858142865,0.011181089705893932,0.02327368446297129,0.034913389689820384,0.03794377085272771,0.011924323178351237,-0.0008586696712580277,0.020484371483981967,0.0004266309391010026,0.005449625726195784,0.00487004299510474,-0.0535603364043844
2024-02-23,-0.027943686650054644,0.003546105762583629,-0.01008463699785267,-0.003187328407415535,0.002345761029412863,-0.004329243137106253,0.0050128650826755106,-0.008820785075925208,0.0006894202019038786,0.005635602023986053,-0.023090640299018972,0.013297706478656579,-0.05586464536920488
2024-02-26,0.03797371074003042,0.003483133785178616,-0.0074791512424088324,-0.006846986254613441,-0.0014869599257991695,-0.004742439427030121,-0.0034301482412821827,0.003940514910158122,-0.003669302385374884,-0.002229172292928183,0.012024231004057917,-0.0029873123792203415,-0.0007275539764437511
2024-02-27,0.0016536061675660463,-0.004956042311636821,0.008081443457252036,-0.00014722235563002783,-0.006833819221538029,0.010962212603450538,0.000490842311202222,-0.0021125496540363997,0.0018559006694065516,-0.0010632481058259202,0.014457392607702069,-0.007077007359085563,-0.02282023687755208
2024-02-28,0.011499231283568001,-0.013276876002283444,-0.006647374233096137,0.0005889117462380966,-0.0021920379551385594,-0.00624054940094787,0.005056671192149587,0.002783882756619782,-0.0013225150636069216,0.0018068578078276332,-0.0031192230570935564,0.006328782798061816,0.030071927956075495
2024-02-29,-0.0007921787106965894,0.01848568019290031,-0.0036999188699056162,0.014415348377079695,0.020576805463092818,0.012544548940914169,0.009070150836057778,0.001915278144989152,0.0035886455737070833,0.005137049487700551,-0.0035379289902675026,0.007032696167109442,-0.032308282725684645
2024-03-01,0.003757517022651591,0.03925120035521257,-0.006048699613352859,0.004486627775683871,0.008225899848415708,0.024526857076778263,-0.0041470551354469976,0.012549971083257283,0.009344411054376778,0.018734204946424526,0.021575789448461613,0.006211490615917192,-0.021879406901220477
2024-03-04,-0.07424463938174952,0.03531969922037881,-0.02570890491980471,-0.0013969070037829212,-0.0035975271186563518,-0.00821597391491835,0.007474017676722511,-0.014081900023602323,-0.0010730357416335323,0.016045575240363874,-0.012754377643168446,-0.004030788060212842,0.028573381665131237
2024-03-05,-0.040126798433230526,0.008540089412549356,-0.028853156313245698,-0.0300181308116656,-0.019676533274038732,-0.016127309733290573,0.009967270271543427,0.012190608714300666,-0.0100443454828536,0.006002093012313026,-0.007595387002346854,0.014141496133328602,0.06943756611583574
2024-03-06,-0.02351212330464314,0.031331067815886904,-0.0058956239655936216,-0.0013917055359460306,-0.0035094856867790014,0.011903088817450502,0.005184059340542113,0.010639814530188474,0.005054519591172202,0.008181839163568405,0.012044254536371035,0.005851031793680406,0.002762430057806853
2024-03-07,0.01188110874296644,0.04377419607330957,-0.0007097871611190243,0.01738148848389187,0.018897104445031232,0.03193833878800412,-0.008797029294519199,0.005603944028468533,0.00987744631728571,0.005667751261581699,-0.001480689254614198,-0.0009380134636085558,-0.004146545021177062
2024-03-08,-0.018701625030085545,-0.05707525641808342,0.010184615972637978,-0.007162549213687086,-0.008348296005745048,-0.012257712886285077,0.001861132774884311,0.009362557062202903,-0.006020355911052988,0.008417025116951748,-0.01178959008470315,-0.0017742172174370907,0.020562766827898926
2024-03-11,0.013763678693559989,-0.02024262223084783,0.011762009411753205,-0.004193863360709038,-0.01952208072253203,-0.04520047228555679,0.00037176001371896916,0.005887811318910252,-0.0008602941492394933,0.0018333385345243869,0.0035379289902675026,-0.0005226407367437957,0.0320454987448886
2024-03-12,-0.001294706144147284,0.06912637232970908,0.0027748286678033196,0.026251793467438667,0.019750131618807565,0.03287045754823126,0.008198333112701128,-0.006441477956917296,0.010700084608575189,-0.011000916093968804,-0.003674281472148877,-0.008396150196790408,-0.09504740876347917
2024-03-13,-0.04646099727496633,-0.011214438440121377,-0.01219670367073622,-0.000433347737669898,0.006648685830772827,-0.008399236698727996,0.008079570671450043,0.011108717358547793,-0.0015687592788715676,0.006982966028737714,0.023444861555911523,-0.004860242357042743,-0.0065241371020796635
2024-03-14,-0.042056898779332386,-0.03292787133161923,0.010868070154136156,0.024087194081868546,0.012327433453265257,-0.007575524585903715,-0.017978690806876862,0.017557091189565277,-0.0019789615233589686,-0.004183879789555256,0.01598563294504629,-0.015476101249476848,0.046189355978421
2024-03-15,0.006563076277915414,-0.0012172957653699967,-0.0021990939944380727,-0.02091242012899297,-0.024522008273240026,-0.015841689193228703,0.012319391413118552,-0.0017959034021597375,-0.006890146757555726,-0.003199519647615112,0.00039309151180599855,-0.00032242624438971745,0.0006942193314016798
2024-03-18,0.06066415234260525,0.007011161363183582,0.0063523677982395554,0.0021590503205928258,0.000343924105673743,0.026258365169482545,0.012325319086613717,0.009214202989375586,0.00592556471318062,0.0016010012977574206,0.021386356804056206,-0.0030174288499349444,-0.005567162906394252
2024-03-19,-0.014372034891457552,0.010604415080170071,0.013493542789915658,0.009752999118306072,0.00810551963818007,-0.0014903051201455852,0.005847946520651348,0.007010047198800606,0.005541644648568322,-0.0011504677080447223,0.005754084512536117,0.002802057328239904,-0.03623844025866907
2024-03-20,0.025017133837829775,0.010836038689957306,0.014602215525361117,0.00902388552730038,0.012710240746571344,0.01852799954228601,0.01302192088284393,-0.0008846129984734219,0.009207070896152025,0.011841472011166587,-0.015159595337779663,-0.0003227812391131124,-0.05809524268421429
2024-03-21,-0.016299696542812825,0.01169378198642157,-0.04171559175515238,0.00968874360906824,0.0,0.0044213797923822185,0.013809308917575258,0.004415405036709785,0.0032991026336919305,-0.0010391759354035912,-0.0055818968327043805,0.0021507850067568057,-0.009245049313565623
2024-03-22,-0.011581712116327303,0.030736258511100623,0.005296143098650674,-0.0014682108554877615,0.004033399915744695,0.0035779418307493316,-0.012333163535176439,0.0,-0.0018976727896671264,-0.008053310017860582,-0.0018240967878453418,0.009515082931626395,0.010777651718640424
2024-03-25,0.010481683435755507,0.0075333384261293546,-0.008335100354000424,-0.013809657962109867,0.004685220196336104,-0.012956930077680617,-0.009197082843174442,0.010169300795084268,-0.002766476526860906,0.003189315361775691,0.013986265466977343,-0.005013733264255471,0.009904778937777525
2024-03-26,0.028777282628583478,-0.02602997359378456,-0.006694872198337087,-0.002865604566308022,-0.00787693591842853,-0.014275756281391772,0.004660055461873647,-0.0075293278160391,-0.0018488002386760627,0.0032287432792985626,-0.006062594660149578,0.002776532478051763,0.00378359830573638
2024-03-27,0.01208408361736435,-0.02528419481441535,0.020990746393716897,-0.000521775136041569,0.008544428374293922,-0.004102054738254424,0.019178328679978485,0.01031659273946417,0.00836886886305166,0.007214572450621404,0.002842394889994715,0.009869102098706506,-0.03536110516659852
2024-03-28,-0.022721907739992275,0.0011736879960517754,-0.010615359861926521,-0.0016860821789448366,0.0030537934479033524,-0.01690811465526565,0.003901950332597437,0.010985674567816517,-0.0001912369622294463,0.012817528202409889,0.015617331980804394,-0.0008452074792710818,0.017836882062060244
2024-04-01,-0.0032477284143492824,7.747518852507795e-05,-0.008491706152475409,0.009109347402301182,0.0032655146102928967,0.01181269416589803,-0.006813176049051073,0.006431543010019247,-0.0017412668220542216,0.01015632882706452,0.011868760574353487,-0.018816757223687475,0.04802118356729235
2024-04-02,-0.05026651935105342,-0.010132610935226438,-0.007023248645721125,-0.007399465231998192,-0.0015484091821313939,0.01217740975004844,-0.00040215297101919845,0.019385218602248955,-0.006378374075572957,0.014664311961913867,0.013960126414517937,-0.005525924957109574,0.06796670857897791
2024-04-03,0.010447544054431823,-0.005470405626154751,0.004785789788261496,-0.0023519348233973503,0.00947405153976355,0.018663879226839875,-0.002819932662061042,0.00016772185971447584,0.0010978719263592396,0.008734121015036678,0.005677614386042862,-0.0002174911265893087,-0.019350965747437332
2024-04-04,0.016083269202606942,-0.03498988150658899,-0.004904187933610693,-0.00613122096833596,-0.013300069884865984,0.008215033573531372,-0.007637647952665638,0.003514235775860186,-0.012281195822652968,-0.005751211782366816,0.012475659167130893,0.007146908659223072,0.131872684158735
2024-04-05,-0.03696743555877546,0.02418592661593255,0.004491575920655855,0.018117550569217045,0.027777320574842612,0.03163243958011375,0.00915808900889381,0.013688099599525216,0.010392604823793228,0.016969399304689325,0.001578975056395926,-0.014016872135986347,-0.01976591121825466
2024-04-08,0.047836763627088,-0.009992217164567663,-0.006685709069029322,-0.002187828429033978,0.0006481667921116596,-0.015459904788216683,0.005203089456593091,-0.0067791023415830765,0.0005591578160677457,0.006209168519561992,-0.002430190497246798,-0.00010905333988020516,-0.053824720473343746
2024-04-09,0.022295607975213017,-0.02062852805515103,0.007216230870413121,0.003972270097714947,0.002588556300338496,-0.004536181385526916,-0.006723692704116324,0.005212433531559313,0.0011560031047297414,0.005482001328254604,-0.012855952172335705,0.009258769017979951,-0.013921341452395097
2024-04-10,-0.029373442565518104,0.019549265429479767,-0.011201689251115532,-0.007109556126594363,0.0015069094018640428,0.0056524361232686005,-0.008557801807749676,0.008381924250443262,-0.010063513516766598,-0.009508923035404848,0.011516848985476003,-0.02203421693136498,0.053294004573997356
2024-04-11,0.01639955677373628,0.04027436358839065,0.04236089552400024,0.010972794396337804,0.01653374252017059,0.006385607931508552,-0.0002048297286432188,-0.0033607848892485137,0.007518649305322533,0.019246832874495468,-0.006599795260322061,-0.004555020398827381,-0.057977833562030234
2024-04-12,-0.02054174909770179,-0.02718251433396368,0.00858981293381511,-0.01419119911147071,-0.015566165935951837,-0.021758238615517733,-0.06686417367617103,-0.011727863082410472,-0.013899236606178533,-0.013327746093359849,-0.0002453307865666332,0.005330557990893325,0.1492522197928512
2024-04-15,-0.05757465973833664,-0.025089244226545127,-0.022106240614658823,-0.019772285667545297,-0.01357700241997506,-0.02306118596384721,0.0005468661054131019,-0.005748864614257165,-0.012607305857279094,0.0185461080043563,0.00147080240214148,-0.015627045115269134,0.10518719746045635
2024-04-16,-0.027435068682223118,0.016307911322987145,-0.0193532868135442,0.002269874118905335,-0.0016350785294987347,-0.0009401269061006801,-0.011493344550464357,-0.008306424441537175,-0.0018253905165375173,0.0012212692273934067,-0.0039268634119462575,-0.006659745377729287,-0.04412089191313573
2024-04-17,-0.010622083971376206,-0.03943360069453927,-0.008180866592537583,-0.006631037382452298,-0.01119050904821517,-0.011248319934370699,-0.003990450413793312,-0.0005057678720543635,-0.005935944797585968,-0.007395532411290873,-0.030206965750945614,0.011037258894769586,-0.010379800419449747
2024-04-18,-0.03615564721710918,0.007539799369244982,-0.005730605115273235,-0.018551951276208456,-0.011428682278624258,0.01532202504052993,0.006476199272052341,-0.0009275479512211859,-0.002059700430192102,0.00340963671078498,-0.001648866893956935,-0.005052695763875015,-0.011599085567274958
2024-04-19,-0.019395783902686148,-0.10541151514626268,-0.012287761947686882,-0.012820927292001016,-0.02594463035461647,-0.042188854060990266,0.024793592535444553,0.011409549525100537,-0.00876671245358196,0.003126642096903609,0.0008881520097094864,0.003595621316709874,0.03868633345731798
2024-04-22,-0.03459355596931779,0.04262178798071403,0.005077850875104595,0.0045996761153386245,0.014778822047519569,0.001371169927872451,0.019243214568789746,0.005656258382760626,0.009166988154221123,-0.025012716627156983,-0.0008881520097094864,-0.001683598877885828,-0.09938037060315086
2024-04-23,0.018345226676436788,0.03588117058350537,0.006371337606200456,0.016351007190261946,0.012949686973539265,0.029393638933949973,0.014310211817196716,0.003890933659771889,0.011796718419986085,-0.002461690648096315,0.01511750334316364,0.00033681447646483065,-0.07665418074960373
2024-04-24,0.11387415621830588,-0.03388347064344899,0.012622445069298216,0.0036490460757292453,-0.016567346246603165,-0.0052546752430924215,0.004880332053043723,0.00016509337737247165,-0.00047470306919272787,-0.0018618228395403946,-0.004260173858720684,-0.007101314960600291,0.017688438946844798
2024-04-25,0.04845814470471321,0.03641589405583634,0.005134108531761328,-0.024800016709499495,-0.01667370447138783,-0.11161679575155858,0.0015007093267493943,0.0023105484876619897,-0.0038062567670706926,0.0059457569557404,0.009995123722986499,-0.007038278886216887,-0.03829442884280132
2024-04-26,-0.011168015552988741,0.059923985626629594,-0.003479038786542432,0.018079195920994273,0.03368654484295419,0.004318148425234369,0.0006205757419319724,-0.02816864114307638,0.009429358425418144,0.0032366836371746643,-0.0006218125076120629,0.0052267841554698435,-0.0223693641062761
2024-04-29,0.14242723171122051,0.0002508453632499297,0.024505338475846017,-0.01006709936541128,0.0074325684105192025,-0.024364460028640345,-0.001086012252117463,0.014141591430805178,0.0035352941401765037,-0.002033283758808402,-0.01113276108720207,0.008351168839432432,-0.024243588642927083
2024-04-30,-0.057100842056650336,-0.0155609151959899,-0.01843996064597242,-0.03264650380114542,-0.03349007554568306,-0.00567925232355293,-0.007999694182552197,-0.011517012730840825,-0.01596803945198566,-0.02013850411793694,-0.014188263930674516,-0.008577931835787922,0.06466629525553147
2024-05-01,-0.018113707174260973,-0.03967654583653779,-0.006065377829873597,0.014306515971520106,0.022599831917240465,0.02075155137627771,0.0006257663121731483,-0.0191212873201545,-0.0032524962214210973,0.009021337418355202,-0.03175689048529673,0.0073438390481319615,-0.016752922452140773
2024-05-02,0.00011105007606904138,0.03288272537753123,0.02179264231025435,0.007315869560877708,0.03145536581388253,0.005653595971389258,-0.0010429390563437835,0.0018081448935403088,0.009309977605626685,-0.003091862325121042,0.0,0.004281892038036084,-0.04723192618404859
2024-05-03,0.006533843535573958,0.03404564429208534,0.058095647898448455,0.02192772388301467,0.008033933494385082,0.02300790754766968,-0.006018373102485874,-0.0020667588621678945,0.012319016794261728,-0.0007979449099417835,-0.010591957420973408,0.01006784448215381,-0.08453739072202415
2024-05-06,0.01951143790875154,0.03704643309398303,-0.009148388673404284,0.016776713321141834,0.013283331052944547,0.02990514515568332,0.007790781132872127,0.006444665719564924,0.010273900386270185,0.010463427933373737,0.007029757783726609,0.003888690609151979,0.0
2024-05-07,-0.038342105093621015,-0.017362795155839272,0.0037899184080743,-0.010208198521205247,0.0003179015549052977,0.005482277280669301,-0.001303038393186462,-0.004980235062763683,0.0011028757685016544,-0.004610940499420124,-0.002117011352089193,0.0060793555548759315,-0.019461709726451115
2024-05-08,-0.01753085119426956,-0.0015692653305583448,0.001862303647753194,0.002927449925201664,-0.004034374926923157,0.009268310812391434,0.02013492253646998,-0.00017217053240337066,9.653771112549947e-05,-0.0029453952906237646,0.008047014043656375,-0.0060793555548759315,-0.017537586064898303
2024-05-09,-0.0158646494487078,-0.018587213495537824,0.00996451365600759,0.0043263669664277415,0.007947061692531676,0.00594948284202701,0.009411257758794811,0.019523984713613274,0.005745510441671264,0.015655419861163367,0.005372430403400408,0.004866696234366863,-0.02413510880196279
2024-05-10,-0.020562350450525457,0.01266328276179074,-0.006914043415283011,0.005851992866936939,-0.010716874256864628,0.0016392176947466197,0.006409830150895246,-0.0040609222491934105,0.0012873998193017044,0.008079783894319625,-0.01607192536819646,-0.005643169794423919,-0.011093567883784239
2024-05-13,0.020097034145307724,0.005780133546877231,0.017491466112370624,-0.0024623288536211874,-0.004865607224493473,-0.017348335777922053,-0.00020126789186303284,-0.0004238436708501325,0.0001339976014209654,-0.011265319955387376,0.01096219390675568,0.002548863896561393,0.080349140015461
2024-05-14,0.03239754278801765,0.010530570631506642,0.006154594479231612,0.006840998050152258,0.002676374471978882,0.008171468262954562,0.013891861913108094,0.006052131452182863,0.00457790879911979,0.008426442720749883,-0.01215818057523066,0.005628752633505485,-0.013323683562622257
2024-05-15,-0.020254418706909583,0.035210801284663695,0.012143893649810167,0.017332831234390333,-0.00578997915133872,0.02032817483440308,0.0029730855185494676,0.007703661939844508,0.012306667625205492,0.012757032448187822,0.00886892020505936,0.013555071702821664,-0.07502552963798115
2024-05-16,0.004873391179276432,-0.0028678812445654955,0.0006322477875748689,-0.004952097732342509,-0.012770048240180465,-0.01740776927530696,0.001779712464328398,-0.00600540902169211,-0.002059404116748098,-0.0039009421414322176,0.004864306617097469,-0.0009776661212335114,-0.002412524942484673
2024-05-17,0.014874020190696946,-0.020125171773305972,0.00015799950768435878,-0.0018545254204287431,0.0058099805608300414,-0.002793256733180094,0.011393119746768932,0.014904831242178673,0.001436392726639646,0.016363162829441613,0.009398335918171519,-0.006761335295682791,-0.03523513269813394
2024-05-20,-0.014245067870223949,0.024576851447849712,0.006143234152241384,0.012134270377273104,-0.00630027987140469,-0.006526674795620302,-0.04601542241512657,-0.008140788710591984,0.001151509240750137,0.004015863208073789,-0.0031229414661702037,-0.002958437476650033,0.013256188439842997
2024-05-21,0.06446711975223263,0.006373286765853692,0.006833730433944751,0.008661328976049987,-0.002127134911413364,-0.009020203121115955,0.019945002171996684,-0.006933814143554429,0.0024494642922201493,-0.0014706294501545258,-0.007456371371993953,0.005144497567964201,-0.024157773768248347
2024-05-22,-0.03539954238459231,-0.004581326291925869,-0.007566971461302252,0.003443678167013964,-0.00010914608364309686,0.006756629138427783,-0.006082960354042655,-0.020315276042103925,-0.0028834318333155196,-0.018544867564565415,-0.017083125640255048,0.001200504632002719,0.035614555852416796
2024-05-23,-0.03600781828881061,0.08910601283739705,-0.02128293892392108,-0.008209861107308036,-0.01142305674841726,-0.004284652121584465,-0.007034056439829683,-0.017206432728004373,-0.007330968037046581,-0.020146148039186684,-0.005625594787958654,-0.006454823914403995,0.03831278541720984
2024-05-24,0.031165760115992036,0.02539740307713867,0.01645211785043177,0.007373310226606478,-0.0016583920286601384,0.026357448758574265,0.01906347243140516,-0.0007932053445829368,0.006594602133845662,0.000926684101738573,0.01201618668264004,0.0029590368185345994,-0.06804244420089045
2024-05-28,-0.013989415788236315,0.06747583560788417,5.265746852600728e-05,0.0003718307657392117,0.007715628907514649,0.0035486569628861986,-0.00604678637645506,0.012616255877112792,0.000698625837484812,0.01045829379441443,0.03019646663723563,-0.014439510900520425,0.0797202425692003
2024-05-29,-0.0031733327174769954,0.00807969247616036,0.0015778699071722357,-0.002675996787600887,-0.0007138953246990098,-0.011653108305962334,-0.006991791487887866,-0.010766373375808769,-0.0070270249777033555,-0.009347362870368414,-0.014135020319737457,-0.012175463277053211,0.10008343395238173
2024-05-30,0.014648923152829951,-0.03839383502278526,0.005241362546575701,-0.03437005625585421,-0.014944634490046127,-0.015530023807431625,0.006139375624761634,0.0031631341268072433,-0.0066560369978869716,0.0018949634848048902,-0.013675438975927712,0.009618292685058982,0.013217620885411119
2024-05-31,-0.003978997402597884,-0.007877019269218799,0.005005827110612593,0.0011086220115057444,-0.016191071057870765,-0.00047123248449487676,0.016419857060176568,0.028282917068804814,0.009066865719384865,-0.005881436093592818,-0.009444687322324619,0.006767150793240084,-0.11330105483779285
2024-06-03,-0.010102569596006639,0.04779362096113182,0.009216317983860911,-0.003885828411815062,0.010710931098535603,0.022578148138930665,-0.004005209431433343,-0.024255652428382568,0.0008152646693355692,0.008878251926791592,-0.04078298326298757,0.016045215058212214,0.014598767328195095
2024-06-04,-0.00865947998896921,0.012418154314414842,0.001647838090144127,0.0061476692231288155,0.005591604931668215,-0.001047845168428374,-0.013267951279023471,-0.015674884504639053,0.0011171466779327233,-0.009017596418210871,-0.01035561315052913,0.011613275491122899,0.003806642714591746
2024-06-05,0.0013151256990528992,0.05027082703563668,0.007790499154828545,0.018903502834338504,0.010759365441920465,0.03718356386774602,-0.009585860892522113,0.003986128178145698,0.011815105810351945,0.011775993219295344,0.01119053607802023,0.007311303785873413,-0.0411069688789083
2024-06-06,0.016660454613496967,-0.011847203861243827,-0.007121787854967643,0.0012019982144515495,0.020313034532427388,-0.0026294990107382787,-0.001775850920476607,0.00748608382481919,-1.8757654736134555e-05,0.007364174396756518,0.01887762200453924,-0.0015009996657751046,-0.003966700215845442
2024-06-07,-0.0025885260992177805,-0.000909329032223738,0.012315761550731885,-0.0015793635109089266,-0.0037909438439047705,-0.001621423890541429,0.015320442754116925,-0.010762385444066602,-0.001216598892601617,-0.03633551284065817,-0.003281456255550097,-0.018515956074129036,-0.02903426961235933
2024-06-10,-0.021010267293220863,0.0074336452371124295,-0.01933345236068007,0.009439632514301799,0.014864526720524296,0.0193666535192083,-0.0017017173729687585,0.0029226122209768945,0.003085242080756778,0.009126408480625514,0.03286937214885288,-0.006688782485636757,0.041672656583176426
2024-06-11,-0.018174340577624015,-0.0071696081849284,0.07013144593051468,0.011178987541285323,0.0009083768397992742,0.009642919010737216,-0.026653178281694778,-0.008080016277063784,0.0024054432724840424,0.0028525382508943764,0.0006624237024839275,0.010288905579900032,0.008597208849178362
2024-06-12,0.038113477473932456,0.034865892282208044,0.028177642250047263,0.01918262985735275,-0.001817579578364814,0.0026959939436794755,-0.014667846766002413,-0.011116106776975165,0.008179217037892705,0.002658183908153866,0.006205065835254153,0.007485636294076947,-0.06510940431526668
2024-06-13,0.028799010597446717,0.03461758143050986,0.005476087718752076,0.0011782331471072993,-0.016508777761011117,-0.009358988475073993,0.011059601821555631,-0.008055561397338096,0.0020114856908621803,-0.008183543017197259,-0.0031637976724212535,0.01459263330924987,-0.008340363891643499
2024-06-14,-0.024746085007725682,0.017362485298583863,-0.008201877602207475,0.002239483199700132,-0.0009251853303782198,0.0011113929149297874,0.000619399146528643,-0.008487313028529897,0.0006083162304442169,0.012876289526632334,0.0044790480357619344,0.00837953204471198,0.058553331842595924
2024-06-17,0.051619109593938894,-0.006847854755267058,0.01948046831688721,0.013020087586156137,0.002175536021534974,0.004887320670678541,0.006173473459091028,-0.0068975099637667014,0.00792755286922997,-0.005205175700450759,0.022227457683274388,-0.009978618215447987,0.00708386694116081
2024-06-18,-0.013860022086213064,0.034517286090608224,-0.011045210295961283,-0.004537734460071441,-0.0068144293824135005,-0.014193472124738093,0.01030676463580349,0.009368899692802302,0.0025373834067190515,0.003999264104051825,0.0112489650781189,0.009133530912738053,-0.035931993719164
2024-06-20,-0.01795749051748885,-0.036045329957899774,-0.021747728563010327,-0.0014349109701470297,0.017836847681061307,0.00441479087477159,0.008441404981957668,0.021346794326050578,-0.0027201403734053997,0.012407060942233983,0.009362485957576716,-0.006682791218860729,0.07665984605542553
2024-06-21,0.007899471520701695,-0.03272106031944144,-0.010499321348076407,0.009112504351135975,0.015886019163884768,-0.013889078758846374,-0.012000966081123998,-0.008809033378883946,-0.0013418512655043457,-0.015614512577114326,-0.00961670211843213,0.0,-0.006042308797982177
2024-06-24,-0.0023523229758257713,-0.06917909277852541,0.0031277428034162114,-0.004702172163380425,-0.01873800678404436,0.008312472446204033,0.013057610375756923,0.0292712098087895,-0.0032558051759181694,0.003949755820411127,0.0132618986004438,0.0040361199106149215,0.009800313324426213
2024-06-25,0.02579011465212666,0.06537951759862093,0.004458337470222951,0.007300110210712418,0.004140733544431008,0.023160806866105332,-0.004081206612783994,0.002801803354795851,0.0038434737094741322,-0.004974590412272661,-0.010088300314374798,0.0016949059978612624,-0.03745181832153355
2024-06-26,0.047022052078927956,0.002455516322814155,0.019795925300980954,0.0026795757147421995,0.03827288718411026,0.004923246615995858,-0.0032364120487180514,0.0003498432258002282,0.0012473781065969192,-0.009271011435783016,-0.001902969485489514,-0.01438895118155692,-0.022844629369817238
2024-06-27,0.005332819818051782,-0.019250582084676893,0.003977995099311293,0.0015249079017864986,0.02166336912708644,0.012472517055955201,0.008774513797113137,0.00427369085135787,0.0015751059883655216,0.011273144249924094,0.01474783372346078,0.003964160330738764,-0.02501142239110621
2024-06-28,0.0023273813203097404,-0.0036357821789625433,-0.016387587129391257,-0.013114291246655085,-0.02352451121310839,-0.029969599061749896,0.015395437634501796,0.0019127738167750152,-0.0039428283840807765,9.297215668002679e-05,-0.00413770062362584,-0.01878092019464539,0.01620779519510318
2024-07-01,0.058779833603008314,0.00613295840399708,0.028688942985461097,0.021645708020874288,0.020233739225558267,0.0009118982886988647,0.015648652982397593,-0.001390829032892782,0.0020561382800892147,0.0026012036358746826,0.024205297813483462,-0.017409592782636096,-0.01784307798455309
2024-07-02,0.09710195030948032,-0.013200187485346682,0.0161094824694219,0.005567535532522427,0.01409893985494648,0.009505312130102084,0.01631779309563175,-0.006808194093427922,0.006707118438701087,-4.643502198131699e-05,-0.005287443011821935,0.007755515469854757,-0.01567046780555481
2024-07-03,0.0633730489954143,0.04471761340708813,0.005794185429221166,0.0032391000718492435,-0.01212320833619085,0.0009023921778537058,-0.0006706600432053733,0.005066915374753123,0.004452705992760819,0.01120993363706102,0.0019706378519357415,0.013047796658248068,0.004975169458022677
2024-07-05,0.020606882284372574,-0.019283766916712075,0.021389964156204755,0.014628668972336278,0.01212320833619085,0.05707013792412141,-0.013338950232468783,-0.01218612772980876,0.005749808520088884,0.013396660734694699,0.0004920767346670019,0.008244726558009674,0.03174864901379815
2024-07-08,0.005629789876539171,0.018659668715495847,0.006517733480224663,-0.0028271920501419245,-0.003556349891709054,-0.019809109694366,0.0018537999878622813,-0.01055213987272463,0.001153431428376983,-0.012479622087256281,-0.01100610149336223,0.002158381174664825,-0.008853149108591918
2024-07-09,0.03645088589789047,0.024502690953854156,0.003767740229107197,-0.01447455665206121,0.000250874511810828,0.0012836302845204983,0.011918829264135233,-0.011115110681692464,0.0009719245938963894,0.0016943111880909356,-0.008115426860099362,-0.004429967668581725,0.011254165621822132
2024-07-10,0.0035389720904071,0.026513838760325648,0.018628990350773478,0.014495964053052646,0.002254890139098187,0.008810067301682878,0.0008183611258552048,0.00879487603089757,0.009846531525782076,0.0036536533844149233,0.008861296222449688,0.0031353364466113476,0.02681549825285856
2024-07-11,-0.08822077208547263,-0.05727614895816835,-0.023494738425323902,-0.025084078121589748,-0.024010829708542403,-0.04199617604117378,-0.0016857540349652922,0.011813416541791355,-0.008659955000958952,0.017578001160185153,0.005699421548050587,0.009668102416898527,0.005432663231971446
2024-07-12,0.029434316513725634,0.014339597300959461,0.012966411405741951,-0.002532402328665917,-0.0028751754997395906,-0.027345303074841176,-0.01217312589539521,0.0001765948651879512,0.006287704933039429,-0.0006272936376374716,-0.008561407600755189,0.004267476545662063,-0.036252987838698125
2024-07-15,0.017609829570941038,-0.006209564715138782,0.016604843544585357,0.000903707471798576,-0.009142411458262778,-0.005447138379623517,0.02462845299329075,0.016982024389498918,0.0027461789912823775,0.0032219172131213725,-0.001621216931654068,-0.011563322457610603,0.05161425837245037
2024-07-16,0.015396997777534338,-0.016326765231281293,0.0017900917876323419,-0.009828753714099747,0.0015554679731080157,-0.012921583069829268,0.016852939721148985,0.007178500181161951,0.005912823469965467,0.019729877820048536,-0.013318518090355447,0.014008443143593396,0.005321160122665702
2024-07-17,-0.031919700332288414,-0.06853520281772774,-0.025621371734251497,-0.013437521735991886,-0.026724318518412282,-0.058433603072292506,0.015099454176962013,0.013694095896879865,-0.014120238991083056,-0.004654019570797807,0.019539764769150203,0.00021251355118767634,0.09330942042807866
2024-07-18,0.002933302220995415,0.025934160277850005,-0.020748485229606928,-0.007127604725675418,-0.0224933760024415,0.029559493714523377,-0.03228573807345381,0.009812368373418145,-0.007714659334328466,-0.006401633154546893,-0.008970919887678619,-0.007673476969510595,0.0954357877351999
2024-07-19,-0.0410761384393874,-0.026442653152949802,0.0005796192650633358,-0.0074304851607793765,-0.0033798282769943455,0.0019734940893041397,-0.0009529488782185069,-0.023247986557962896,-0.006662788189265356,-0.01810066223064588,-0.02406704517999536,-0.005901622671494522,0.03636765272324061
2024-07-22,0.05018271902171101,0.04647376145775439,-0.0015615172877678773,0.01324940039925071,-0.003172184996925509,0.022008985267374825,0.0023805582272808934,-0.00691622503968059,0.010257295669399369,0.00031568247916791137,-0.004883665363853318,-0.0029100962451424905,-0.10253967725977953
2024-07-23,-0.02060764898795675,-0.007719566492033536,0.004677324238542724,0.004303000806517687,0.020924443707583507,0.0026431465565490697,0.0002378502641739999,-0.016267557455239334,-0.001569850982534149,0.0035105070964620566,-0.01296698620643344,-0.001404326778494891,-0.01282498710144342
2024-07-24,-0.13164294360339124,-0.07045637359494883,-0.029175752613832984,-0.03651350811808296,-0.03039119500388665,-0.05774476803112716,-0.008307227916835025,0.014009378401134143,-0.022923273957566437,-0.0035105070964620566,0.0024766331062799907,-0.010867068252402134,0.20338443394305505
2024-07-25,0.019531129067634545,-0.01739327996653728,-0.0048162036731644875,-0.024785774717945408,-0.005434169444389347,-0.017186756539060433,0.00038357005263023325,0.020823322358020313,-0.0052239294452922636,-0.015768400613655587,0.008426854041664988,0.008161667900808744,0.023014614095178576
2024-07-26,-0.0020452089625200287,0.006922903859077678,0.0021588009106130457,0.016286200571114406,0.01462696894421267,0.026744898762423475,0.016963528410582462,-0.0008519129617869936,0.011137416104439524,0.010479424389843395,-0.017581991968614652,0.007772617528034154,-0.11893482396303545
2024-07-29,0.054450283723544324,-0.013087292585335142,0.0012837803839982342,0.003427302796876752,0.0038282625594172615,2.137419587100453e-05,-0.006570586121094735,-0.010538524210430111,0.0005873998319501084,-0.0014060442276129237,-0.01216139443887343,0.005362666449843623,0.012731362826129189
2024-07-30,-0.041702079445629536,-0.0730400933789328,0.002562627045653798,-0.0089682845387129,-0.008166388972744798,-0.00542567055070986,0.020374257723227984,0.017672233821645733,-0.005079319493173529,0.009935936183544491,-0.009756219710750358,0.0038431454433567325,0.063596820018895
2024-07-31,0.04157282172336885,0.12055345934994488,0.014879606517217425,-0.010864799248845536,0.028589589804122184,0.024819559434091865,-0.011168574283824562,0.0035479644908891217,0.01612381173530064,0.017948680176280263,0.04310784179589788,0.010177287128771084,-0.07816016987934349
2024-08-01,-0.06778709499652091,-0.06907223864812462,-0.016892586363867146,-0.0029685285653631155,-0.01568547657831143,0.0471208134452219,-0.023006901511696043,-0.013925634187994973,-0.014261864839790306,-0.00344888370988361,-0.018828017842150935,0.008587819448971246,0.1277844414592626
2024-08-02,-0.04330171432078078,-0.017923595915743107,0.006845990103552246,-0.020882562830156104,-0.091947632103623,-0.019475528226697847,-0.04333762964537424,-0.0005987944641203669,-0.01879410741848897,-0.001906444389298656,-0.03875420186233658,0.03068582289150701,0.22968474456012045
2024-08-05,-0.04324862022379872,-0.06568899979458998,-0.04936577245138807,-0.033201870579429915,-0.041839920325843494,-0.02575169980325054,-0.02152170873730075,-0.01821765814815013,-0.029556088600677377,-0.012773165762624217,-0.002319053876615129,0.005277142793362444,0.5001662098063426
2024-08-06,0.00881060208858031,0.03713191858065379,-0.009795902100972143,0.0112235523704447,0.005635490449044767,0.03786716615911878,0.027529365510488013,-0.005329064027355557,0.009177246447340082,-0.008032891286850585,-0.010571997719377002,-0.022622415781833993,-0.3306814384725931
2024-08-07,-0.04526769292244115,-0.0525816090643314,0.012420693505756475,-0.0029570943325074595,0.005174089797253423,-0.010518814902613194,0.00029955651972723984,0.013226827390048435,-0.006706483045015865,-0.0006798590470786792,0.030449620411735268,-0.007065039575095966,0.005039654235304614
2024-08-08,0.03625590132901291,0.0594642302399464,0.01649638626920069,0.010635069748641257,0.01844407345559329,0.041486025118273595,0.018098615286489483,0.018924082640837447,0.02285426312980121,0.015566228805778515,0.00893039131108786,-0.006170867659721857,-0.1575676172720195
2024-08-09,0.0058169037389319556,-0.0020980079032746346,0.013642509887181298,0.008235453305899476,0.00685221993958951,0.0158461607872189,0.008490862034189028,0.008110187342612818,0.004399881179276477,0.0024522519879104365,0.011347273093983645,0.009813419796917522,-0.15520209136037755
2024-08-12,-0.012629388585244428,0.03995476022458355,0.007104625828734612,0.0019438887002340977,-0.000838972826487705,-0.0035211423285828047,0.001893292723825546,0.0012614052977628631,0.0005252671547184562,0.016999354511923137,0.031129359611727914,0.003629417910042676,0.016553359762280895
2024-08-13,0.051032468678537946,0.06326521013676256,0.017046837960609906,0.01754394523648184,0.020354930507755498,0.024108380271917085,0.008451459348569834,-0.00962594120738025,0.016311848742340374,-0.0015335341694875382,-0.012670520633458082,0.006910993265156762,-0.13360028427033255
2024-08-14,-0.031526751907101414,0.016565852435584283,0.0020317346297007433,0.006860243509750674,-0.0007639034445698911,-0.0033732123347514076,0.011000085519432545,0.009205558221269783,0.0031496995226882873,-0.008189191333500823,-0.013616278332463594,0.006251390094500486,-0.11262254625371604
2024-08-15,0.061436309145650014,0.039683122515132396,0.013439848494398277,0.011754355202685751,0.043090966761615945,0.01986726583490661,0.006211684529331407,0.006167602924673332,0.01699504456253287,0.003133929041611694,0.010649546417540456,-0.008103227151960546,-0.06112666382606369
2024-08-16,0.009203782502924973,0.013902653790073494,0.005901075443882853,-0.006098739749392124,-0.002988857651036625,-0.018615263225179035,0.011374353476946375,-0.004727914078558548,0.00223970981923749,0.022140811735287258,-0.014180995383186179,0.0034953808013451493,-0.02863994319280172
2024-08-19,0.03008159624413853,0.04258623643245496,-0.0007081442837959528,0.007285703995406401,0.006530104639669965,0.0035205096064849783,0.006893096231736173,0.0030418797870614966,0.009515897281916708,-0.0016393656726290118,-0.025747971570825534,0.004607846350615397,-0.010186884233373217
2024-08-20,-0.007300267158314888,-0.021380624099835543,0.0027408714725654093,0.007727477309965813,0.0036964682293243456,-0.004829554131012159,-0.004325896025908271,-0.03389280515136672,-0.0016273840281577634,0.003663270802502616,-0.007421873698540082,0.007936088618507142,0.08062015360140995
2024-08-21,0.00976670507756694,0.009775105427489272,-0.0004856580272818434,-0.0015548343454545588,0.006852561474421925,0.015877553264652455,0.00037282075642153245,-0.006391420884335197,0.0034305684163449257,-0.001334507922706507,-0.01680027705889664,0.0006080872257845371,0.0242624863407932
2024-08-22,-0.0581363437538176,-0.03774631165636677,-0.008294054163205722,-0.020460762159739687,-0.022345392270757714,-0.0060535845712959,0.009415019564996463,0.007699716155210368,-0.007879363668397588,-0.012047289256478244,0.013408373748715618,-0.00997564070485435,0.07573095707315058
2024-08-23,0.04483559143151705,0.04449398286398942,0.010235543775729106,0.00297972222043974,0.005153271352931199,-0.007415760400614424,0.007725313930873945,0.013763428358495311,0.010569222066044048,0.011487194343258622,0.026421454550780155,0.006526177638984443,-0.10125371187992283
2024-08-26,-0.03280344122752332,-0.022750409605126976,0.00149783675351145,-0.00794937885038216,-0.008736614913989804,-0.013115909163744277,0.003931585904656032,0.02118065274538239,-0.0023866539049555158,0.0031842629268954425,0.02973225538500124,-0.0025445342847403296,0.018119831488631277
2024-08-27,-0.018939062709292465,0.01444541912109365,0.003734536142481204,0.0008461926680327636,-0.013654075452590675,-0.0038837991581095466,0.00459768062957,-0.009556483205428457,0.0013722402939952971,0.0027030152296241283,-0.01736699909208994,-0.0017333594266784047,-0.04560633989509899
2024-08-28,-0.016676724729898673,-0.02118967136261496,-0.006776439034797299,-0.007859920025163447,-0.013491668231426779,-0.004479121820661902,0.005028683511921095,-0.0099061292545084,-0.0058223245759290165,-0.007051666972007986,-0.013292220430715318,-0.0012259025905088095,0.10334943742316449
2024-08-29,0.0025726237078789183,-0.06597789271802235,0.014465078247915208,0.006118585584118819,0.00769858037984239,0.002782415477804001,0.004148823317247974,0.013722625728497917,8.986072768291109e-05,0.005164620716357149,0.016946130137825755,-0.0032754764098212874,-0.08919223096521467
2024-08-30,0.037255441236673015,0.015024027978913779,-0.0034437629538706105,0.009683941887600689,0.03639672161794749,0.005945014495361001,0.011588303503669017,-0.001609628757406334,0.009500462059009784,-0.0071515197828322385,-0.032164779505174934,-0.010720392752095798,-0.04242069150888961
2024-09-03,-0.01652927582030017,-0.10009665333294837,-0.0275822625415989,-0.018631568754837957,-0.012685159527315193,-0.018489125598976308,-0.02022089352384615,-0.02116518827201297,-0.02079372797476786,-0.004332950273532532,-0.044702487179793415,0.016222582668674157,0.3230491831498097
2024-09-04,0.040981513663140845,-0.016713044494352403,-0.008656119086619007,-0.0013198708542647708,-0.016706139175179047,0.0019130983943149715,-0.004412978500993425,-0.01228619963877886,-0.0020489287001446144,0.0006077417877383695,-0.0210383844789499,0.012807866921444422,0.028546200731562887
2024-09-05,0.04787601603580338,0.009371238555318406,0.006903891099439008,-0.0012480452881842297,0.02596807578891802,0.008003154587265193,-0.007780789126736742,-0.00783352857880093,-0.002435029734662919,0.008297784905919592,0.004014324807272374,0.005639699302533607,-0.06892587242246906
2024-09-06,-0.08824048544582741,-0.041712338176928654,-0.007039638093425893,-0.016516901923122163,-0.03722372046282185,-0.032624080660132115,-0.024042769274719156,-0.0046941817412857745,-0.01697344126751066,-0.007430165851405768,-0.013831067431117283,-0.00010009996724846815,0.1174479528234067
2024-09-09,0.02594997390526732,0.0347860424040638,0.0004074640735920454,0.009957652126026062,0.02312738729709185,0.008994625417058089,0.020267617469848176,0.020822119944538642,0.011133925061447059,0.004197056104325192,0.004920362248044263,0.004309574459562704,-0.14032055609438698
2024-09-10,0.044759273955983225,0.015193483766764437,-0.0036280477821435397,0.020685733396327066,0.023384692528406248,0.0,-0.05328339921680314,-0.037111835674110694,0.004346342461754027,0.004394427867848272,-0.033916451064463615,0.006976460086408842,-0.01920644726862708
2024-09-11,0.008628742512625465,0.0783477380490245,0.011518498166906532,0.021117771917269934,0.027304144175285927,0.013850007888733806,0.00809124247362547,-0.009975573494264367,0.010206697423129185,-0.0015918222264339477,0.013203951283404791,-0.0007948766062915169,-0.07564112366000986
2024-09-12,0.007337206636805149,0.018980452267141068,0.0004939516222508544,0.009317290215538954,0.013350735010507542,0.026547950366927253,-0.003044586362213053,0.013668527321138768,0.00838795786058899,0.017414763446119252,0.029623204964131844,-0.004682548578201384,-0.03567701943304913
2024-09-13,0.0020864851607278467,-0.0003358791800538441,-0.0012127431965716085,0.008372224221384172,-0.0027309690556904798,-0.001866246225548096,-0.011097234310015303,-0.000719380330361119,0.005208969473217806,0.009894570827460036,-0.0007157096603620516,0.0026928764700189234,-0.030332402221190158
2024-09-16,-0.01535897594502611,-0.019671612015246254,-0.02816823959490211,0.0017402555686816257,-0.008616597457795194,0.017326071111286367,0.017177395137398577,0.013937313104138482,0.0014759486197428728,-8.375168155527746e-05,0.01478140845143372,0.009120591442211001,0.034424760852600045
2024-09-17,0.004794890315022116,-0.010242418588435775,0.0021703686548697476,0.008794234095871545,0.010705675426824435,0.005684217530506075,0.006664939888081811,0.01295794071178058,0.0004085391054875487,-0.005546263478781732,0.011781398210254146,-0.004847585539223154,0.02705207960763012
2024-09-18,-0.0029445960609892907,-0.01939258181704684,0.01782981043484977,-0.01002363657585903,-0.0024109315472520265,0.0030346040222868353,-0.008253897201057292,0.003497225762110645,-0.0029701208031536197,-0.00774034473177565,-0.01488997199914266,-0.012473226117850622,0.034601606412624886
2024-09-19,0.0710096217582521,0.03892552591863829,0.036395037426017574,0.018125867738709722,0.01828380751804115,0.03856280163139125,0.014114827682628395,0.012316969664883715,0.016920089471720523,0.01542123641948745,0.029149212293412496,-0.0033191739585376467,-0.11006466126974956
2024-09-20,-0.02351975263890349,-0.015992179283915497,-0.0029316917531634346,-0.007826452219785729,0.009070295653554439,0.004016344692091778,0.00289386984694584,-0.006313003404746276,-0.0017298797959846013,0.012630557682531851,0.0023340186484004377,-0.0038356548274300906,-0.011083876262113712
2024-09-23,0.04814037532793414,0.0022388347228536887,-0.007609837063133007,-0.0040516863043276174,0.011829538769620562,0.005436204557461188,0.0016566340709172067,0.01796891492998931,0.00249589693882335,0.0019385267161009523,-0.00923059770746093,-0.002126359021379365,-0.016230023893409662
2024-09-24,0.016935793509053276,0.03888657411921237,0.003966056310639843,-0.01006167575925776,0.00041255068996104427,-0.0019153903076265522,0.0007092433723236979,-0.002644893248239022,0.00285718254803502,0.013872405171650115,0.014291859437062904,-0.0002024551865407176,-0.03197203199588028
2024-09-25,0.010757148762662538,0.021606459262760502,-0.004407792317215886,0.006826982750636645,-0.007400007450933721,0.008801488550258973,-0.006638568217793406,-0.01967119670786932,-0.002208009641337938,-0.001382723256375229,-0.025006449175121404,-0.008346964899941689,0.001298669271190711
2024-09-26,-0.010953821465680136,0.004282044962610421,0.005067275126687143,-0.0018530739211142233,-0.00714118653366036,-0.0008272010082119863,-0.0019524969435451567,-0.017313753166913415,0.003956742996381379,0.005073989582053073,-0.035166284666597214,0.002348226913889029,-0.0025990893253782232
2024-09-27,0.02424922706423427,-0.021513262880286987,0.0011859336787711783,-0.00765723965492171,-0.016828410744614608,-0.0008459544751149295,0.0034264196715065864,0.02642097568806001,-0.0014513429427989166,-0.007967487087646496,0.018093464844288754,0.0051875848760545296,0.09844002627741899
2024-09-30,0.004482044837533117,0.00032951679015003066,0.022614499407557886,0.005312742442449725,-0.008763077056375579,0.008914054416393924,0.0017086287244989506,0.012015270133742817,0.0039992989137518364,-0.008031540905022005,-0.004993212272747627,-0.004779521803709663,-0.013654088745303383
2024-10-01,-0.013894251852425654,-0.037246522377539115,-0.029574647291485512,-0.022586350544685274,-0.00646099769013464,0.007015393435961137,-0.01828247027772001,0.02285575568124365,-0.008998864597382195,0.010436598143315656,0.030841034233414888,0.0071939480295517555,0.14082693061688456
2024-10-02,-0.03550382703625754,0.015688330830647246,0.0025165061339125216,-0.008498359879734352,-0.0020006515450763374,-0.006369289406176648,0.0012067397908079869,0.013170576681382329,0.0004219846736415178,0.00020356647666464056,0.008973643617036231,-0.008463003255406498,-0.01886851637175857
2024-10-03,-0.03414806745440746,0.03310190175919736,-0.004906649879491631,-0.0014153323725967226,-0.01527073623176367,0.017238613403171676,-0.009987282767068173,0.008685014116520229,-0.0018299608421719071,-0.0006922454344495677,0.04000804444351136,-0.009465241921349232,0.08077504919837875
2024-10-04,0.03839570976808382,0.01670944859446699,0.004994907172197749,-0.0011530751046118226,0.024697907897680338,0.02234708918510986,0.03487821270157543,0.01818891886914553,0.009046600890664003,-0.0019980250389979304,0.008153584225935262,-0.012377262586063864,-0.06450602195882116
2024-10-07,-0.03768957599969891,0.022166773055109168,-0.022788615562332026,-0.015794841388382608,-0.031093362659705193,-0.01890413144279357,-0.001374003816484226,0.004316562900077869,-0.009081814736620508,-0.003393514036765133,0.03664824860875893,-0.007563610631401652,0.16428729725442004
2024-10-08,0.015124010919583597,0.03968152234269784,0.018236814306916038,0.012544829672854085,0.010563468311109325,0.013773266268622741,-0.0008536382734529724,-0.02692057583016627,0.009413001086205242,-0.007399232494345043,-0.04400989038435554,0.0016855026839195375,-0.055393157794579206
2024-10-09,-0.014210915403026547,-0.0018078562506866902,0.016560497732034385,0.006609203252367912,0.013319379012841637,-0.004022432748676863,0.012589414068118643,0.0004095807522261907,0.006902606560077906,-0.005461070501716847,-0.007150466274742584,-0.005700997315220668,-0.02649158974936272
2024-10-10,-0.009503630132407181,0.0161523103402752,-0.0021806327310853746,-0.003888159971856986,0.007960860499049538,-0.011376511900437869,-0.002721364309405949,0.008563523304506937,-0.0017514620604899278,0.007316064767088903,0.03293980591297441,-0.0039246825486056736,0.003350072206642185
2024-10-11,-0.09192353886888949,-7.402958749480604e-05,-0.006526660483886282,0.0011537591757280197,0.011559046433524678,0.0104277867682816,0.04344210214256172,0.0038096155112734564,0.005970376139928568,0.010854286868861251,-0.003606841333922972,-0.00404748224405882,-0.02271183526239362
2024-10-14,0.006224848869363697,0.023968449610435094,0.01634554638396324,0.006750724889095672,-0.0068020989019679234,0.0007963158541075543,-0.0036505519781471207,0.0037950271319928675,0.00814519302914185,-0.0016308312397317337,-0.02033700096372204,0.0007467167812711395,-0.037853041304463986
2024-10-15,0.001869048258378747,-0.047993625062252576,0.010964356629179939,-0.0009547422151499063,0.0007995584839859404,-0.007053437299707532,0.004100392702388156,-0.030522325949196016,-0.007800157812194897,0.0034623584364341653,-0.042645484234436815,0.012084049099524208,0.0466122365702315
2024-10-16,0.007983687088569447,0.030826910106662275,-0.008891294670891448,-0.0062765848833290505,-0.004271473459431796,-0.016302521090994837,0.005605118195943781,0.0025724634128350132,0.004337103068818848,0.004989142712823025,-0.0049600625425316736,0.00420559412746524,-0.05272227783622485
2024-10-17,-0.0019899714413273983,0.008875811512698562,0.0015950751966284926,0.0014408914975962972,0.0034186208860766953,0.00024273168504596043,0.0034815725252519414,-0.0025724634128350132,8.589373965595115e-05,0.005970452161761841,0.003034083340131666,-0.01596984254238798,-0.024296843014801617
2024-10-18,-0.0008605378505270878,0.007784047311753639,0.012201742249239977,0.0034496331564151106,0.007755306570389031,-0.000797479275552071,0.004224134531960466,-0.002829184933796469,0.0038389558056888262,0.010562207979592841,-0.01722272422377813,0.0007460966234367206,-0.05817471489231307
2024-10-21,-0.008417707909120331,0.040543608158789546,0.006278215003580279,0.001481523760991088,0.0004232229251250885,-0.0022751159031297874,-0.010571659188568283,0.0005831695760729616,-0.00164341676287183,-0.00019902108052338718,0.012253075698906102,-0.01762529325064488,0.018681869613305313
2024-10-22,-0.004029147285192991,-0.0008354647318080666,-0.002625164188896356,0.020631950047840242,0.0033265052557149843,0.011839325738220552,0.0050097567956690625,0.005149850264471567,-0.0005313207962212019,0.010729555523637302,0.023524076497932533,0.0009753695433696308,-0.009297308909531399
2024-10-23,-0.020018310718538324,-0.028467286539112457,-0.02186028177247934,-0.006830079598587169,-0.026656796914304337,-0.031983083295952675,-0.003172903810585659,-0.003568884787831017,-0.009179367560592233,-0.012123752431614676,-0.005829343240804086,-0.0027116228601302694,0.05556979733891598
2024-10-24,0.19818699146920782,0.006072130594986014,-0.0008236259399234669,0.0003061609114425323,0.009000562616286345,0.007229647873372436,0.007002872880678801,-0.005669906942984859,0.002160466874051359,0.007663817134298867,-0.006684500589054565,0.006387523753351054,-0.008350771319908912
2024-10-25,0.032891334056112775,0.008015631795549538,0.0036364823576411354,0.008019822155616474,0.0077496816181303885,0.00958781415387655,-0.011938663016908713,-0.0008365995389247871,-0.0003455720324323508,0.0020548662166115506,0.015887438402183207,-0.00562786045852981,0.0634569618659726
2024-10-28,-0.025128245302398433,-0.0072328137139834325,0.008562672405012961,-0.003650102023726731,0.002976970763656439,0.008528485537026675,0.014247311591948808,-0.004949786152312008,0.0030866615487337157,3.945329776655626e-05,-0.052549113262507774,-0.002716928211371261,-0.02641572471928555
2024-10-29,-0.011455485151346423,0.005181798550231598,0.0011560738307281326,0.0124864320528415,0.012868710016583407,0.025816031019265218,-0.011596913489045235,-0.013718732628718477,0.0016171785308278785,0.010835937036952181,-0.010992995581307952,0.001522528757320174,-0.023506401253288622
2024-10-30,-0.007619899978935862,-0.013614327010080807,-0.015395819656392362,0.0013418399420039862,0.009907234588808045,-0.0024977635688099298,0.006751558947376779,-0.00504322558785919,-0.0030299014474852726,0.00549078920793189,0.02411117931583906,0.002929603185836349,0.050905432719140276
2024-10-31,-0.030353066395916173,-0.04837421197910263,-0.018377327051895875,-0.06243681810058899,-0.033395354035536506,-0.04178687229446432,-0.0111578216618744,0.0007709209965591768,-0.019797665752492755,-0.015616471787271102,0.02381725974040183,0.001623589129894576,0.1293457154823261
2024-11-01,-0.0034882074251489925,0.019690361553806213,-0.01336857814262249,0.009844111596790661,0.060018526321249155,-0.0007404831915218679,0.004585688300025481,-0.0157945632835208,0.004211488021892862,-0.004110813705941574,-0.01461094495568993,-0.014198414004315651,-0.056853706918779334
2024-11-04,-0.024969779611889287,0.004789223967948786,-0.004045777717688104,-0.004665084027654309,-0.010921822230348432,-0.011491120506824437,-0.014275613726247194,0.03134360050425666,-0.0021563248834119975,0.0014248987496037202,0.031032553877811786,0.015402608857866262,0.004559988951510885
2024-11-05,0.034801627017114534,0.027976968641449496,0.006465273195784604,0.0073177881316999205,0.018822662731709627,0.020740154105475916,0.00775040463171095,0.0029463032538101785,0.0120192929241556,0.0022519104403704304,0.005905297375616847,0.005297480150464828,-0.07019597706871084
2024-11-06,0.13759466024737677,0.039932302950977494,-0.0032722076410403034,0.020971535968763888,0.03733922736991424,-0.0006639170867819288,0.10925379117895595,0.01700333438217516,0.024561477968850554,-0.030857976694085743,-0.0025457565295514684,-0.02777053219455272,-0.23061400171400193
2024-11-07,0.02863001246439545,0.02220896417441587,0.021146926054968596,0.012417121647569473,0.014192148444279518,0.0337732515481326,-0.04419051637377169,0.0012388562361653754,0.007702427366209186,0.015948645391861582,0.001608616203448321,0.012450019093463105,-0.06802753406250561
2024-11-08,0.07869717552417832,-0.008431757938451412,-0.0011889038318102507,-0.006816208870607632,-0.008942557238934334,-0.003996477778699159,0.002534981357301014,-0.00033000697811225166,0.004322356785543491,-0.006792442588198,-0.02070588081159297,0.012621136727298143,-0.017253263686006992
2024-11-11,0.085806904048499,-0.016183695131060105,-0.012101585643438995,-0.010778855847281221,-0.006457525082192106,-0.01052442235418738,0.009700377283703432,-0.005298666469566449,0.0009525360533606531,-0.02375140115119212,-0.03040415796476914,-0.004877262621531209,0.0020060646512551905
2024-11-12,-0.06342678815128266,0.020644442526015716,0.0,0.011937736523986331,0.009958024917574804,0.0028254779614069747,0.001127880412180815,-0.0009964779098847742,-0.0031113791019272696,-0.008668821068980037,-0.0035303290409016697,-0.01510672118862999,-0.01752067906251842
2024-11-13,0.005313266949669604,-0.013715568501128317,0.00396136811933534,0.00511658179867247,0.024539669362855676,-0.008276200359619956,0.00665675833988022,0.009263156921157645,0.0004858593585446158,-0.010132384997697308,0.0005657037894790662,-0.009531469103068346,-0.048042622949409086
2024-11-14,-0.0594481339319497,0.0033443144811489134,0.013676426842793354,0.003966769497633749,-0.012312812938838569,-0.004908644687401598,0.0029395817323534246,0.0006638012602016019,-0.006451073595544088,-0.00261255153137796,0.007886219462695188,0.005773989151237835,0.02047370863447373
2024-11-15,0.030196972790489163,-0.03311236241893223,-0.014209591155522006,-0.028247952091319917,-0.04284745921407218,-0.04081038370022938,0.014122369639070875,-0.010422411919904562,-0.012891272390424646,-0.0017736414154017055,-0.021838657270359718,-0.002660698862030131,0.12034200213404134
2024-11-18,0.054664350493324854,-0.012972841607801655,0.013332926109904442,0.0018298330833079746,-0.004501522120522239,0.0005773795954873151,-0.0011421238871438533,0.008346601558348432,0.0040890381686642385,0.018841622825925164,0.032720444000439386,0.0017744339719740765,-0.03531258948003346
2024-11-19,0.021205952424014463,0.04778727471757538,0.001139521490678419,0.004870605066130906,0.014324301331484435,0.01199498787155484,-0.007948841636772563,-0.014062438706901048,0.0036488091956892177,0.008919428494707837,0.0033245337218943405,0.005084650899192411,0.0482398851290573
2024-11-20,-0.01154032611298117,-0.007647509704800548,0.0031491009969562,-0.005520365478679956,-0.008491035845116457,0.007864457450478035,-0.009548078876656874,0.01414552192725349,0.00033866482824151944,0.0056162450322965185,-0.004018586814209968,-0.0032025711018865977,0.0483531644930042
2024-11-21,-0.007012172684275342,0.005332112880759077,-0.0020982312097705957,-0.004326129390916478,-0.022430287385072134,-0.0043064742436316195,0.016394490648923288,0.01329217257278259,0.005353994489823322,0.00830491888622209,0.016251567666985878,-0.0007744167972809635,-0.017044138862782887
2024-11-22,0.03733453734846659,-0.032710246966155765,0.005890135969549348,0.009953431407454083,-0.006371752356885807,-0.007039410053889306,0.015365898437745606,-0.0011488128115964003,0.003094600907771472,0.012809813332371967,0.014242398406224765,0.0005531900943154255,-0.10161341106495803
2024-11-25,-0.04043088853449284,-0.042672815793053154,0.012966371797554999,0.004283374777807936,0.02172854091400378,0.010620409238911499,0.006976261037726417,-0.015056590242493506,0.0033861563669193018,-0.0299014831873059,-0.02938375455527442,0.025558512280498213,-0.04290198039765336
2024-11-26,-0.0010637551538454915,0.0065947247237145845,0.009360530001678136,0.02173013935735746,0.03132358260823764,0.014807168748350641,-0.001279382937085849,-0.01681129955175198,0.005207901324734365,0.001936433160953932,-0.006819285585413226,-0.003889933722169836,-0.03484673040364106
2024-11-27,-0.015914020837727527,-0.01160664492091179,-0.0005532298970711835,-0.011751136103764104,-0.010251516694207652,-0.00759562192906138,-0.0007203965850788308,-0.0026312551255349703,-0.0030346887248731136,0.002220248187002838,0.00153492821521084,0.006904824587341096,0.0
2024-11-29,0.03619593916712738,0.021273704164280538,0.010163989260155049,0.0011104182829591025,0.010395828320660883,0.008954735521881751,-0.00028017842258964976,0.002546516788735964,0.006193042530296289,0.008587567442534194,-0.00153492821521084,0.01026861430777437,-0.04274465552494444
2024-12-02,0.03397975234247763,0.002744560790660877,0.009477611017691956,0.017602812418614278,0.013473721668696648,0.03172094785581603,-0.013993029335726881,-0.0009330720719731289,0.0017908262637087446,-0.008792948302693837,-0.007991625970715788,0.002399841080998222,-0.012663116987917888
2024-12-03,-0.01600571305279619,0.011689436851522572,0.012690944396716475,0.0005102308631306229,0.012872961773847003,0.03451699953173204,-0.005824046867871857,-0.0015283540783199712,0.0004636315493637966,0.002010753244455543,0.02776413724990956,-0.008666410047212025,-0.0030030023571749886
2024-12-04,0.01835528855342794,0.0342007672505682,0.0014824442943988103,0.01432178097467407,0.021872981158048255,0.00021195115520455943,-0.00581713092477365,-0.02923262336796295,0.006190311046931463,0.003029087486077664,-0.016009225116614623,0.010688213837583227,0.011215042298141853
2024-12-05,0.0317862338994539,-0.0004822657885563686,0.0001235326588586716,0.0118177173877827,0.010895685064302718,-0.0079332551311877,0.00850942250364728,0.004365677896592146,-0.0016469926928674994,-0.007425208209173917,-0.005720225392876088,0.0020185055875394653,0.006669172799957934
2024-12-06,0.05202108959673968,-0.018226563702470777,-0.0008233124875092201,0.0021441053284840805,0.028957721574715656,0.024078421473722855,0.007629205409206641,-0.010597795826582157,0.0018937975551098774,0.00037050015179751483,-0.017359879398267886,0.0014840373754623215,-0.058549558775525146
2024-12-09,0.0014634148953156512,-0.02581477612037908,0.015972951666844537,0.0055082114674789295,-0.0041490280720468675,-0.01648747126233463,-0.01445546722732427,-0.005916978472826351,-0.005162875853526039,0.009870874002919194,0.013153436669722574,-0.009259935368924666,0.10543875570940431
2024-12-10,0.02832831050135809,-0.02731291511760503,0.004125196716570301,-0.00604948373370906,-0.00465499954315618,0.00932783597199105,-0.0039041572285389847,-0.002039277322169575,-0.0031138339952736516,0.013078415980993796,0.0032265351331126624,-0.004715981248546441,-0.0007049189751087148
2024-12-11,0.05761135511483495,0.03090847454214618,-0.005179438715064322,0.012686168628532002,0.02293094704166876,0.021342654110206638,0.0027550026748626166,-0.006678794085257067,0.007700702875276022,0.00948865236059504,0.02667193635937881,-0.009499212981315175,-0.04323442611310657
2024-12-12,-0.01582716714006871,-0.014242130807284425,0.005945998080517434,0.0012688631316324361,-0.005618085452278265,-0.0029917024690018224,-0.008246531255783118,-0.0008939812430845961,-0.005165755188186516,-0.014772297747821739,-0.001637815922714836,-0.012221618369864906,0.024728543874721343
2024-12-13,0.04244899941747882,-0.022755729593158414,0.0006853353430695819,-0.00510702680607622,-0.006616567663893846,-0.016689316143776445,-0.0066047046725401515,-0.008802790331666976,-0.00019863789310381463,-0.012165276223374377,0.013566888492005269,-0.010263614022235856,-0.007933662580970946
2024-12-16,0.05960057359180304,-0.016902029406532293,0.011659361793911138,0.0096123076207002,0.023763519526409205,0.007057495435874195,-0.001501541716795174,-0.021614041504376402,0.0042609656090446535,0.0024122979128051725,-0.0068961418576112266,0.0029907170040255338,0.061773963814810706
2024-12-17,0.03572413819577225,-0.012271893453089433,0.009672717472275494,0.006335171648528259,-0.007671123770165877,-0.007719025985060135,-0.005105239635918579,-0.004249669944804246,-0.004128604681632453,-0.00384601115345351,-0.005442107261041329,0.0024300907106491465,0.07726356570616977
2024-12-18,-0.08642421525210775,-0.0114153985388592,-0.021654506017711128,-0.0382845846379567,-0.04707841093326959,-0.03658051908319315,-0.03409547945853664,-0.014830344669068296,-0.03025661064131402,-0.019371499639531997,-0.0049234316744426465,-0.012583077079298732,0.5541096510389649
2024-12-19,-0.009038042516690048,0.013636897668975578,0.0069901210654821355,-0.0008233902614396271,0.012482931876037107,-0.002716541260110006,0.01118017034508867,-0.008587747002568591,-0.00030730620744279236,0.0014200879312813441,-0.004534557053921695,-0.015257184225212939,-0.13674335540527904
2024-12-20,-0.03525677085282464,0.030298635082894876,0.01864111510946387,-0.0009843950683885438,0.007273430311083295,-0.017479693310521682,0.019721823439464714,0.003406095957539712,0.011939560195145305,0.01037999743966811,0.006725684083831673,0.005677747188006066,-0.27162240452496267
2024-12-23,0.02240426356053593,0.036232395722880284,0.0030601721506631208,-0.003096923918239014,0.0006222471909635985,0.02464032400252414,0.003319379815076573,0.004053313106505918,0.005970350764072485,-0.004719916680210545,-0.0005473579311958687,-0.00921439498965082,-0.0899866764763626
2024-12-24,0.07099116636191916,0.003930224660849468,0.011412822451557503,0.009330117378395286,0.01757331118224581,0.013084092977937445,0.016309832521821832,0.0009402318830664669,0.011053883323589808,0.0019900326568702553,0.008043175675934933,0.004219682017855497,-0.16202827839204215
2024-12-26,-0.01778725404943593,-0.002070309525535663,0.0031705417835743432,-0.0027807292187693733,-0.008770062671429102,-0.0072661506406088705,0.0034196109599795577,0.0008456341696092551,6.648633455341724e-05,0.006728492701914668,-0.007085521901283975,-0.0005691627769426333,0.03172673583008656
2024-12-27,-0.05074526160258319,-0.021088633119452638,-0.013330537523774666,-0.01745283785976337,-0.014640913829901514,-0.005884409411916813,-0.00813530479728719,-9.379857433078342e-05,-0.010582276265711954,-0.00689421445370364,0.009797346590190159,-0.008232535358479787,0.07957261787497982
2024-12-30,-0.03356928885086852,0.003497453461855038,-0.013352258788576599,-0.013328074036368598,-0.011010096307821904,-0.014391089444899308,-0.007700515488537896,-0.006784910225055896,-0.01147740802657804,-0.00319477904087595,0.013049236525679575,0.00800487233237046,0.08701136702438106
2024-12-31,-0.033050210119163204,-0.023549495761009176,-0.007082884988830251,-0.007869299898506377,-0.0086682956782127,-0.009738704621251593,0.0016283065350402026,0.01696936630222634,-0.003644558570630174,0.006214287831739718,0.009709504271429914,-0.005367436040319085,-0.0028776559173402383
2025-01-02,-0.06274403546918705,0.0294956990696571,-0.026586224686540483,-0.006951688737360406,0.0037760870596228457,0.02317883128925846,0.001209006354047304,-0.0024199968588414222,-0.0024600417555857845,0.013496228917031061,0.01810119232514129,0.0027441366298921466,0.0328827762578463
2025-01-03,0.07895504556688593,0.043574473849862905,-0.002011468040457487,0.011331164937579352,0.017866865271653154,0.008954575589799063,0.013574008948369354,0.0051122959446336935,0.012425882521837295,-0.007895124609843762,0.01278671439734591,-0.0032023502237787937,-0.10579446452967467
2025-01-06,0.0014850709586751165,0.03375620374538002,0.006716400567432501,0.010573533725816375,0.015139723199454558,0.041420691211672356,-0.004887306403264624,-0.0011131167959064214,0.005743982212337961,-0.0012328556129919122,-0.007988640762339294,-0.004477893504708064,-0.005595180591635884
2025-01-07,-0.04145067133894553,-0.06418618889875205,-0.011453051473828246,-0.012891002249730832,-0.024460883301273384,-0.01972677377878984,0.009586442055879552,0.009330722531076141,-0.01136821201867555,0.00561762673506383,0.011191923735452747,-0.011341442551302094,0.10523574540106706
2025-01-08,0.0014697002488741617,-0.00021396936480932993,0.0020210086184953013,0.005171587982048642,9.006065292194165e-05,-0.011672008971361336,-0.0001644928058146533,-0.01687716328271538,0.00145983981180553,0.005301603121984577,-0.011191923735452747,0.0012794880912219142,-0.006756722233491885
2025-01-10,-0.0005065652243017027,-0.030435068796298204,-0.024399038843516685,-0.013301735252370328,-0.01446508722386941,0.008381020564820929,-0.013499200565696867,-0.0036540114102203702,-0.015385068234859745,0.009512918374949386,0.04230080168143591,-0.0066477705017389255,0.09889901078493857
2025-01-13,0.021478195369560638,-0.019915882235147286,-0.010397979798995927,-0.004209861086311051,-0.002194768679336434,-0.012301994378686842,0.017931422786262807,0.025484339846551407,0.0015491701008958358,-0.010001100303675514,0.019525443052297753,-0.0003509943620363387,-0.01807435561904125
2025-01-14,-0.017382638722844845,-0.011094843218625527,-0.0047897179812510515,-0.003649971424764864,-0.003209448470719245,-0.023417379343207756,0.013260818076704872,0.0039267952465866784,0.0013751111568325314,0.005235693007988651,-0.0068335248564910245,-0.0016401460627193387,-0.025331246496121285
2025-01-15,0.07731423282838357,0.033436013957587996,0.019484822761262066,0.025274959174507394,0.02534656144787828,0.03776337191714063,0.019527667334655163,0.01618262269794002,0.01802635815436382,0.007461090407550941,0.03216948994760216,0.017088392496392935,-0.1489973022133766
2025-01-16,-0.03420597069137621,-0.019792330455421947,-0.041238866959459664,-0.0040664068694757916,-0.012117003196939535,-0.00947566848469883,0.007579749143712178,-0.0017053287188364408,-0.00192495343106458,0.006887194609051406,-0.016738720643576066,0.003222162634607173,0.029341929202495454
2025-01-17,0.03018125256143467,0.030524401187293826,0.007506997924559222,0.010426470801990995,0.023646416176011265,0.002401722135635609,0.01904894861325168,0.008943080348529087,0.009989836281139475,-0.0053214033326849375,-0.005076836731238821,0.0017220775042412484,-0.03869073939502865
2025-01-21,-0.005713813715474636,0.02240320172361887,-0.03243627293458928,-0.0012360774976674094,0.020892051574076476,0.0060040149124427344,0.014822282555719823,-0.007596390350829374,0.009111944188136434,0.015366546556983884,-0.017234381915569585,0.008906048970547253,-0.05866972871283105
2025-01-22,-0.02135504315494341,0.04335530609280713,0.005330736349040244,0.040476556009020115,0.018466503377704946,0.011355123045425408,-0.0007225475747825172,-0.01755715801298141,0.005605693510051246,0.00512251021306831,-0.008419020896957896,-0.0052427613145109575,0.0026525188490325036
2025-01-23,-0.006598243859181174,0.0010194296937431346,-0.0007596294268825687,0.0011424185951716126,0.0017431021503977462,0.02055707208837987,0.011763036273773508,0.005644682630513209,0.005443217316000393,-0.0014158718257650804,-0.015284702792321525,-0.007800872483690213,-0.005312092270843838
2025-01-24,-0.014164587635274728,-0.03174441904533065,-0.003942472381891271,-0.00595005379245972,-0.0024241067445140985,0.017197516530218948,-0.004182669648783666,-0.013619448493967568,-0.002923534324684951,0.006199449222330067,0.004911531763045041,0.004481214934022759,-0.011382785876024926
2025-01-27,-0.0234666508560073,-0.18594606505412958,0.031285743998031634,-0.02162556440537866,0.0024241067445140985,0.018954620420366552,0.0038066220769366055,0.013800932841403935,-0.014246458926307604,-0.010459313683880644,-0.021203081909510146,0.011740146900653059,0.1868008005986459
2025-01-28,0.002364073463969163,0.08549725780967954,0.03589205071379187,0.02867185102068337,0.011529556411485231,0.02166157247025957,0.004840546355243447,-0.019523092325913538,0.00855571504881869,0.008619165823802177,0.011863144417671556,-0.0006800921536616045,-0.08690979573202151
2025-01-29,-0.022841705498074738,-0.041875611231681376,0.004606120169078132,-0.0109497632815021,-0.004545214548106635,0.0031981166958896523,-0.0020985273593785436,0.005814223853207956,-0.0044930457886227515,-0.0038478030414186293,-0.013789823155870629,-0.002043056024672474,0.009099220903727279
2025-01-30,0.02832790349588521,0.0076504873355061065,-0.0074221766588493665,-0.06380179062938574,-0.010303065001921574,0.01541672455147225,0.006170354159609204,0.008247910814938919,0.005352833963763182,0.015031970539816086,-0.0003857619739520146,0.003742419959434251,-0.044451720687903595
2025-01-31,0.010734640646321125,-0.037434872724053214,-0.006714517851236224,0.0001686743468960472,0.01287277827092037,0.0031680637446287463,-0.0034731227506501483,-0.025324878287620756,-0.005336226049740489,0.001974448600582157,0.0034666099925884097,-0.0065871259521150805,0.03657055460412506
2025-02-03,-0.053090087069198155,-0.02881118677906347,-0.0344424232846654,-0.010024535132243884,-0.0010944834258044267,0.011942830421401318,-0.0018347822086086651,0.0024307070986466783,-0.0067522989503432385,0.005323078655223412,-0.0025666974170839296,0.008109068158962174,0.12512736629705268
2025-02-04,0.0219885360961527,0.016914306964786796,0.020790258314342225,0.00352248952391232,0.019354902311416566,0.009602867180530161,0.00422625507398422,0.02644724239069962,0.006685968799989617,0.009800237486044416,-0.003991475780719789,0.003057890912958605,-0.07874575989448962
2025-02-05,-0.036453523370123975,0.05077476802044689,-0.0014185589597763837,0.0022285117309470692,-0.02463374228856363,0.000965241502178138,0.009250084178157536,-0.0007278870721778574,0.0040463287824170635,0.0061903426424301244,-0.01849018579435313,0.016375335008349978,-0.08738112702359535
2025-02-06,-0.010232799351092225,0.03037591249367466,0.003220966437738504,0.0061029415049347335,0.011200132499427085,0.010050535996382948,0.02364310291338345,-0.013284021424187387,0.003469500761170252,-0.0026537744373777983,-0.008446657293337267,-0.0004449339634726712,-0.017269406077245364
2025-02-07,-0.03451714290429031,0.008974057481367481,-0.02426054310791148,-0.014705191886307922,-0.04137522511569358,0.0035470668015920026,-0.003980336850747612,0.004233391370566331,-0.009195561441676325,0.0017825701444094122,0.005419399540078196,-0.006476344528019595,0.06494172102266127
2025-02-10,-0.030577195209389174,0.028323026031333853,0.0011865518741727143,0.006009889630122167,0.01726234455405251,0.004022590292651174,-0.017409608308982527,0.018921790602234978,0.006768165160238482,0.016796386802506724,0.020097256003363206,-0.003028982799747837,-0.04513906718526117
2025-02-11,-0.06547989008634669,-0.0057813939212838505,0.02159692823516579,-0.0018939567883071717,-0.0016312726853771053,0.003339813537261982,0.014468410912529706,0.00628815884506384,0.0007602521284137964,-0.00365828558987058,0.011177544617718915,-0.006425073717109875,0.01319529245212303
2025-02-12,0.02409105742088702,-0.012578836101394764,0.0181051777086898,-0.005850235766614809,-0.01659160821196437,0.007722254539765494,0.0016714695305477534,-0.03054867853936738,-0.003226685226908721,0.0010466070727144228,-0.025229321786200742,-0.013663162996471634,-0.008147968059884825
2025-02-13,0.05613428883532556,0.031154961173628593,0.01948224854777436,0.0036603591559911663,0.006270442838655299,0.004374339292558815,0.0031533224916016067,0.007239628594168934,0.01050226195557702,0.009814510830151058,0.0009167664219305038,0.016486213289547358,-0.050995233071065016
2025-02-14,-0.0002810028501647466,0.025973789191832353,0.012630532255625937,-0.005152834108272941,-0.007363076447512995,0.01106998864253761,0.0009766773718924426,0.001016849336961556,-4.9279997860196545e-05,-0.01498346692654895,-0.007489683500142341,0.0052860557766925,-0.022096641547685092
2025-02-18,-0.004873623368530033,0.003953279165448187,-0.0005315647587211814,0.002958302176025107,-0.00891666390992274,-0.027943209031600524,0.012074801244018829,0.017401216665770214,0.002931596336185116,0.016425269144477284,0.014923688398120305,-0.011847851225369688,0.03851737134856492
2025-02-19,0.01805081364905803,-0.0012204203726753349,0.0016348167622979304,0.012445344753253096,-8.81972014594723e-05,-0.017745104433330994,-0.002503578931577266,0.0014516999903300132,0.002352251645474368,0.0005539429240091209,0.006346732998629534,0.0012477407910083116,-0.005225349676138968
2025-02-20,-0.017232170102425393,0.006300731612349786,0.003912790097394314,0.005276690728640787,-0.01668522131683936,-0.01277003767353424,-0.04560831253925812,0.015294987868784027,-0.0041692274256606154,0.0005166991544358623,0.003994660164347685,0.0037341834909891958,0.025219531610343182
2025-02-21,-0.04797223327197653,-0.04138428216885526,-0.0011396706340836005,-0.019216021944854056,-0.028673529284668042,-0.016381924853167362,-0.009641263601417371,-0.01176540321020969,-0.01725186754396546,-0.0009229691054981615,-0.03148328280232793,0.012012455967545854,0.15086116264458127
2025-02-24,-0.0217565451995112,-0.03135754311854555,0.006292589463524401,-0.010366847259357215,-0.018030235415600337,-0.022816889336612967,-0.011035689544814709,0.0052261085874940605,-0.0045607910100136095,0.005414881156990958,0.00819463676140142,0.002897348038713332,0.04141492560012949
2025-02-25,-0.08762494178787694,-0.02841668995456814,-0.00024293974720190903,-0.015214201918624326,0.00042300456942001574,-0.016037971224301728,-0.015190922695430764,-0.0139367915513402,-0.004985694318822453,-0.01327607254097618,-0.024518269965612127,0.017100109192689672,0.023432510032201925
2025-02-26,-0.04043677756749897,0.03606300832993714,-0.027412436350100933,0.004588737664296794,0.007257449710060371,0.02434011083395493,0.005385754393882891,-0.0024636741413708307,0.0005047746113122642,0.0015251697060953973,-0.0037842833022230238,0.005889345369097576,-0.01712992407094971
2025-02-27,-0.030905910133740555,-0.08859143969426064,-0.01281262839160835,-0.018176420152181016,-0.026520736810792478,-0.02321531770982066,0.0010039600609719201,0.006283960143430356,-0.01609067284506427,-0.015357280506671067,0.01917849074609901,-0.0070934259491357565,0.1010054368855191
2025-02-28,0.03837459125197107,0.03893262864884939,0.01895114882838378,0.011298163231422187,0.016816667501531768,0.015017920685720831,0.021387176374280337,0.010655601588531738,0.015484975416741875,-0.006285532695668117,-0.0007973097909914628,0.012191331907154712,-0.07363482637456453
2025-03-03,-0.028844050845268754,-0.09094896083770454,-0.0158795849036526,-0.02164377946551088,-0.03479859601476054,-0.019876061623183894,-0.015344856799844209,-0.032592186637838694,-0.017675162604684047,0.013094284775934106,-0.025583750461368737,0.0046560510311728365,0.1488240226257318
2025-03-04,-0.04531118823694236,0.01677944022442457,-0.008861549654492151,0.0003088523336831628,-0.005968420431592847,-0.023243258469584305,-0.0406028708580255,-0.002043658677484572,-0.01190748022174759,0.008660029400338942,-0.0001364268762644727,-0.012391707652295025,0.031542884125980386
2025-03-05,0.02562101669286676,0.011230757655257939,-0.0008055573941234684,0.03143501940622606,0.02212822004340076,0.02540869977093596,0.005101831118424549,-0.019720732744811897,0.010690384507583417,0.0020791481693782643,-0.026119075404535508,-0.008016125404294527,-0.06957029594178676
2025-03-06,-0.057706519420258395,-0.059086012880118055,-0.001740813839075095,-0.01035195144515022,-0.037456115209580254,-0.044448254542190035,-0.020038054824225604,0.0204642841437499,-0.01791059816833762,-0.005094160642131307,-0.004068766396589929,-0.0033131786792326423,0.12580671521442044
2025-03-07,-0.0029651004058361963,0.01899193259532783,0.01576765183940676,-0.009061169403586256,-0.007250922926398395,-0.003621724850658481,-0.01743015650805546,0.012924829142189509,0.005589236918640772,0.0005218196474086056,0.013406137485485026,-0.0032130579771960655,-0.06220910709864125
2025-03-10,-0.16754574067757666,-0.051998854242921944,-0.04969413952822066,-0.03400594762784337,-0.02392255474053062,-0.04523291086603631,-0.042408736588111395,0.025180335271048904,-0.026996775065295076,-0.008794495623059895,-0.01678591636026905,0.010377640568088431,0.17573880579798828
2025-03-11,0.03724507983872183,0.016501773429872024,-0.029623876161663176,0.0007626964361566735,0.010482560161563903,0.012827254301485347,-0.013352128314987333,-0.023896840037959777,-0.008347524273322193,0.011659306390657598,0.007868490406993445,-0.0071645825908923655,-0.034322482648842634
2025-03-12,0.07319368705023788,0.06229468524970816,-0.017633178600504174,0.007384816215004086,0.011631581915008127,0.022608293396143786,-0.0054261616935491475,-0.00027494284845186456,0.005292458158104196,0.004337373317600424,0.018718135458310137,-0.005991255113847238,-0.10527799167462559
2025-03-13,-0.03032334887533228,-0.0013834199585298634,-0.03422274892490407,-0.011810586452155825,-0.025460920211378912,-0.04780297668381461,-0.011962486238930481,-0.004224040992163225,-0.01342019676663675,0.017600345742840418,-0.01634159420273118,0.008753147923830973,0.01759097561253009
2025-03-14,0.03791267765006978,0.05134950607591904,0.018007522852252045,0.025518564960611556,0.020723473340341414,0.029199456524110268,0.0316876205429768,0.029289851738651507,0.020445355558062595,0.00039967786762495905,0.009173045915837008,-0.00530930166851995,-0.12464959527480435
2025-03-17,-0.04906823105489977,-0.017745041757320834,0.002385900856281431,0.00036025350404678136,-0.011227182074081021,-0.004453576342021037,0.006389699010696859,0.01648537882319623,0.007681866708634466,0.005398932434642845,0.005931465234978894,0.004978205545755898,-0.059620313029912886
2025-03-18,-0.054835445634435764,-0.03490309067790154,-0.006140242578832833,-0.013416178333871542,-0.0150301268402675,-0.03797455645092551,0.004435994151615219,-0.001055433406314421,-0.010867434596180559,0.01160436401087761,-0.0069003862860617105,0.0009926919479283924,0.056399712461100204
2025-03-19,0.04576119036806592,0.017944238573558202,0.011918018625125093,0.011149568756364303,0.014007778521538228,0.002915170433761105,0.017465815211170188,0.015455458078442952,0.010832078490410346,0.004099294399691367,0.002903951269256133,0.005167960038146013,-0.08659258314379992
2025-03-20,0.0016944590202747634,0.008557531712254374,-0.005310463195201898,-0.0025300010368338732,-0.0030218279679656845,0.0033158871707099635,-0.0004183992062918307,0.004236796714456759,-0.002895997760152369,-0.0012814060805395044,0.017927338477980115,0.0006577514997161416,-0.0050378133929203095
2025-03-21,0.051354715813141105,-0.007027110522463076,0.019289580468986323,0.011361085576004903,0.006442448675219481,0.01734038851029851,0.010902311658047559,-0.0034573230031131885,0.0003298375884392968,-0.008082476604942102,0.0008134159458270673,-0.005936021493777588,-0.026613574371400883
2025-03-24,0.11273547481030466,0.031034323089008886,0.01120732357355081,0.0046407150393639185,0.03530037223454041,0.037202673019303134,0.026263114585597158,0.002594095055322043,0.017750129678794302,-0.004462490783133433,0.014663562012078302,-0.01030661069802985,-0.09801098075725623
2025-03-25,0.03442346307792743,-0.005948050495023338,0.013589160238305809,0.00527763726713637,0.01198152191760471,0.011982766832168146,0.012299989388211863,0.006798916289946888,0.0024010445310658213,0.004390711790074775,-0.0008015706483535112,-0.000111284741876716,-0.019059192670720204
2025-03-26,-0.057423902739738075,-0.059134257491440856,-0.009971252318476509,-0.013220925924769311,-0.022515953159889968,-0.024781255764280807,-0.0003982438500944596,0.014306631256970626,-0.012010168785888453,-0.0008263225124265361,0.007987242710904674,-0.006594898333833754,0.0665409063205531
2025-03-27,0.003925268964187545,-0.020694349368848286,0.01041813782528056,0.001563020742654686,0.001142864416179279,-0.013843835049125452,-0.011660046173686212,-0.0032181445165111455,-0.002659377748607916,0.013316671121390122,0.0007952974227212195,-0.0029198738859683715,0.019449592352613454
2025-03-28,-0.03570483321218276,-0.015920741714038122,-0.026939965017379386,-0.030624496251638433,-0.04385598921751477,-0.04382886916219597,-0.02146840657604887,-0.001358105578246338,-0.020343752509043966,0.007384788228781858,-0.009451074859801345,0.013739221141751301,0.1470167867866672
2025-03-31,-0.016797411271063822,-0.011832338692773448,0.019226538745357402,-0.009042770109045861,-0.01284683573426193,-0.0006592194175505384,0.010037986814134925,0.01014111627570724,0.006690259458893344,0.014261049112946012,0.033665312184370855,0.009825398017631493,0.028684009049351644
2025-04-01,0.03525624951763984,0.016199588745756444,0.004760765723776927,0.01795241208313758,0.009988858509599297,0.01658735103138298,-0.0067081192686551105,0.0009245522413241503,0.0028204618112050994,-0.0019801896396476337,-0.003238134997980424,0.008627991294442694,-0.023156549604275156
2025-04-02,0.051896620609465316,0.002448071010547892,0.003131358848092347,-0.000130878827318881,0.019785262896236944,-0.003538667084018954,0.008825795485514654,-0.003113066775386919,0.006308578664988573,0.002049559804647494,0.008526030643493776,-0.0006561621576777199,-0.01201494235336975
2025-04-03,-0.05630172235818165,-0.08128106743027619,-0.09701343487620306,-0.02391380329469328,-0.09408135739928536,-0.09385211893442058,-0.07223222121382644,-0.05401559578840853,-0.05053664464531149,-0.00605658220441363,-0.07323757095236783,0.004583328832180378,0.33334588753358263
2025-04-04,-0.11003572551557195,-0.07642292161238817,-0.07568016354481166,-0.03621378368334405,-0.04242073641032018,-0.051905268523804615,-0.07778683590752156,-0.07467609012469278,-0.06032654173402907,-0.023670204732145095,-0.06180181194844092,0.010828562916525009,0.4116639475338917
2025-04-07,-0.025978781902311177,0.034700021913883106,-0.0374260808421667,-0.005517677904490981,0.024606997782101736,0.022567398048419562,0.01959004267816944,-0.013508482702007107,-0.0017827767640410386,-0.02171998668570385,-0.028978798365618452,-0.03062028486520152,0.03619418049913703
2025-04-08,-0.050235731001905926,-0.01381887244307567,-0.05110192484884557,-0.009264184023110467,-0.026597259717813238,-0.011298402585790512,0.011268055707768454,-0.02130565154864783,-0.015786649939026454,0.005429029902152216,-0.040834673158959944,-0.019059164493879344,0.10784788588768279
2025-04-09,0.20449058000160125,0.1716206814189647,0.14261753799154508,0.09652468068725817,0.11312358861813543,0.1376346079021662,0.07747497691982197,0.04870977396070053,0.09986264582321258,0.036323492196158824,0.06479506486124542,0.005868840787734975,-0.4424487591644146
2025-04-10,-0.0755220285780398,-0.0609472917580236,-0.04331871461189252,-0.023684715063598816,-0.05308511365514068,-0.0697773013718539,-0.03133852429084527,-0.057080481045899134,-0.04480789311358446,0.024130092886814225,-0.03401384495051474,-0.02795565175144432,0.19159830601000571
2025-04-11,-0.00035662594507002154,0.030757602208105972,0.03979211415294959,0.01844693306522771,0.01994107942226897,-0.00499139318763131,0.03924429078532832,0.03161729502219757,0.017685577889527515,0.018906799500581606,0.017301985720580504,0.005423747978440474,-0.08077971131758677
2025-04-14,0.00015855643290674237,-0.0019851683913794105,0.021814477780997876,-0.001648915614542723,-0.014987065296594437,-0.02249296228375286,-0.006285573359907204,0.0024209616249883936,0.00965474841988101,-0.005722318290653838,0.0030048786658927185,0.007110133323219081,-0.19550720373103703
2025-04-15,0.006950209565496301,0.013368756833628481,-0.0018782124525662525,-0.005377930940797526,-0.013989329016472318,-0.018917766885953036,-0.006796944956175999,-0.00280881681609646,-0.002804951601619976,0.005218738019025615,-0.0027039267741439943,0.0035362901868891683,-0.025243056376930806
2025-04-16,-0.050690742903996444,-0.07119155886989592,-0.03971154912779262,-0.03729275929291909,-0.029726389380638985,-0.03753043035629666,-0.015214014147223232,0.010516802373787826,-0.022478845134469516,0.03202257075367587,0.01892325871722811,0.005563971096051112,0.08034908060172263
2025-04-17,-0.0007454979855454624,-0.029131122723122793,0.013853250405554185,-0.010360002819786551,-0.009915347323893542,-0.0016536870550964977,0.010182721892777025,0.025864580767352763,0.0014257004856927935,-0.004400359490662531,0.02521452992819917,-0.008871694150856868,-0.09607639881843344
2025-04-21,-0.05918076725792787,-0.04617742847682482,-0.01958328481877647,-0.02382822643839333,-0.031126527586897268,-0.03411605764798775,-0.012886643733820868,-0.014792744587710516,-0.024090511302000905,0.030466725196562017,-0.012454912231737225,-0.017634087630837847,0.13159022186892821
2025-04-22,0.04499438204493078,0.020225145628761432,0.033497708052220077,0.021214458087902344,0.034423283379417136,0.031720212463064,0.028414652798812945,0.027617229385850095,0.025684999121117436,-0.014297390879939975,0.010870459534162435,0.005565734262050981,-0.10103320852701314
2025-04-23,0.052271947159752585,0.037901490416667905,0.02404026311238816,0.020426924178123862,0.041953201051518896,0.039180175564160535,0.022205904403166166,-0.008624465454531993,0.015376768713164068,-0.02427079806460597,-0.019211763047144004,0.009666343140064093,-0.07187093853069948
2025-04-24,0.03437870754426342,0.035577974453903316,0.01825855664968401,0.03390142545975472,0.03236098252849651,0.024454919745647175,0.015488827460772292,0.011666774231643195,0.020830444939894832,0.014451351409752178,0.006006845785576864,0.010480744230191519,-0.07213619709070018
2025-04-25,0.09351849398026069,0.042132889657851,0.004357626719705188,0.011679615636225549,0.013048475365695644,0.026139350467913935,-0.004465466686015773,-0.0005524257949574007,0.007199446209049221,-0.010900878955956372,0.00829155530285508,0.007339448229378931,-0.06355672709038407
2025-04-28,0.003258390311502879,-0.020752545360519292,0.004100926956914996,-0.001762378953173993,-0.006849205339079845,0.004503015889814499,-0.0013558661641326353,0.0005524257949574007,0.0003812000542895433,0.014141637459613499,-0.018569093161500128,0.00628002920065196,0.012402618169858215
2025-04-29,0.02128437310516862,0.0026635584543530655,0.005079000062798045,0.0073357864672489725,-0.0016529240033094084,0.008513242255547837,0.005739573490891381,-0.0024885061740347325,0.006279630619775212,-0.009786658970495132,-0.028592676852973398,0.008349662051690743,-0.039745683506018814
2025-04-30,-0.034382233630247505,-0.0009177639988484643,0.006089082107430421,0.0030912323987637436,-0.01597624814818044,-0.00986009924300646,0.0,-0.025516588676493868,0.00039663971997683234,-0.007510353244041923,-0.03539504174251906,-0.00812596140460009,0.021691076650220964
2025-05-01,-0.005829314402079788,0.02439710519531868,0.003851320458528207,0.0734862143389261,0.0308603788840216,0.041407726517770804,0.009236891637644185,0.001419001330935643,0.007061985850203456,-0.020991066503797562,0.01499083795292755,-0.005083511164520438,-0.00405681607695163
2025-05-02,0.0235686412533731,0.02556417229518182,-0.0380775005497318,0.0229595406478893,-0.0011573530932640352,0.04244438416939911,0.022507974042952128,0.0040568441801456245,0.014735040614723083,0.001746673590377057,-0.007935846700359406,-0.010883047185433092,-0.08126296612994288
2025-05-05,-0.024495847170982188,-0.0059565542488275725,-0.0319639795226454,0.0020426156845587684,-0.0192921222947966,0.003761805785448047,0.00019800019864746332,-0.02807138838900336,-0.005750829162368021,0.029430400577679094,-0.025954981114732156,-0.005601177886766173,0.04145667440402967
2025-05-06,-0.017674740712066317,-0.002463068757933229,-0.0019124478912928566,-0.006578705731860701,-0.007216810697898701,-0.0201596289824284,-0.013192459713531335,0.01384772016476532,-0.008393342514941615,0.027638515747737458,0.03513001375557323,0.0033185816227447873,0.04628929034110829
2025-05-07,0.0031546161942159756,0.03053137455807331,-0.011450129026667533,9.23830266374992e-05,0.019801632738364106,0.01604609269160484,0.0005615496108664075,-0.0009553703868396823,0.004196598284796238,-0.015106592963135768,-0.01701703978164204,0.004218289783755047,-0.05010366899456509
2025-05-08,0.03065977343743853,0.0026447496152686156,0.0062986314406900945,0.011061172368171057,0.017700480727068424,0.002008722026118015,0.016227557548897487,0.013859945481469182,0.006943599889265961,-0.01989078892817897,0.0323783253031964,-0.011211596856225192,-0.04649978340350902
2025-05-09,0.046108194570086525,-0.00615328897002243,0.005252333438006573,0.001277205046848806,0.005089047328858065,-0.009273694707150781,-0.0015397660596860874,0.011622509782962531,-0.001275033861169561,0.007228485693538289,0.015279052898456769,0.0014945179317509272,-0.026139385258591386
2025-05-12,0.0652800311867976,0.05300626430561817,0.061232530390413764,0.023717629106184468,0.0776092670382793,0.076243338360662,0.027168193383723782,0.017093004033736037,0.03251310683659714,-0.02859555174099615,0.01475323488859459,-0.009348704034701782,-0.17467961397683496
2025-05-13,0.04810492051681159,0.05481138362597715,0.01010110730785474,-0.00026708312491496855,0.012999853383055537,0.025629317572721355,0.01131816381543338,0.0027444078091445334,0.00658225702623394,0.004249948759953881,0.029012865755937867,-0.00406674092655912,-0.009287151281461181
2025-05-14,0.039931921661911396,0.04079445148776362,-0.002821789275770925,0.008425001369417373,-0.00531283034290464,0.005063084934352702,0.00995011085694486,-0.00899332612804038,0.0012773719267604733,-0.021262276625643395,-0.01243499225683653,-0.006658308053530959,0.021716462775081435
2025-05-15,-0.014076945998612977,-0.0037754519501334016,-0.0041530472352873105,0.002253512661356538,-0.024458403999516598,-0.023757160252313447,0.006940095865886953,0.010089476855710267,0.004872395200519186,0.015837869719407927,-0.016725845044815557,0.008751965731417677,-0.04335388932444717
2025-05-16,0.020670491941373825,0.004218607445701572,-0.0008989878747778235,0.0025126407103135406,0.0020449815996181897,-0.005513141068527183,0.0002614345200271373,-0.0035982900496769332,0.006313963357238883,-0.012160689602209729,0.00751720181799076,0.0026686850325576827,-0.03365017563674577
2025-05-19,-0.022802191752631984,0.0012548047885418967,-0.011808533337582361,0.010075254348182128,0.0027687076543836397,0.0001404818030525945,-0.010066758898687134,-0.016025718342331352,0.0010933259077132718,0.012798420816745093,0.006002560447080363,-0.0029010246760599046,0.050887159080928335
2025-05-20,0.0050444362835557754,-0.008816538526535744,-0.00923883715308449,-0.0015266622370333494,-0.010189475975831641,-0.005213131583809094,0.003015567587664414,-0.014379287940593954,-0.003368026865746998,0.01845097448398647,0.0021870901703113788,-0.0072312226171478144,-0.0027601031981325796
2025-05-21,-0.027122740878422036,-0.019385839931706172,-0.023329135189360528,-0.012297800069351439,-0.014561387567879613,-0.002514666271310695,-0.017618911084866795,-0.012367684348049579,-0.01699426061135423,0.007351594562024388,-0.0157068524353825,-0.017237729411299085,0.1429534534594037
2025-05-22,0.01900425247503179,0.007784306348343151,-0.0036187742583049243,0.0050472254682132345,0.00979677807428292,0.001682377260698864,-0.0014183491246466673,-0.0066785631774086696,0.0003945240621661128,-0.008900989925318292,-0.006680006469871103,0.005226354534239697,-0.02867754872029593
2025-05-23,-0.0049972536895026565,-0.011661591942435656,-0.030711125165556297,-0.01034224308414533,-0.010443315729919966,-0.015052214339204895,0.0001534450208300342,0.0005824952660686833,-0.006849147787943544,0.021669792905121277,0.012580621657433788,0.001657175863478244,0.09450297588999135
2025-05-27,0.0670972545819799,0.031563090799680005,0.024983634850397785,0.02307788830466251,0.02471808928544128,0.024044443441592733,0.0174148649012702,0.004744526462964416,0.02057750809639458,-0.01709443335929972,-0.010497606597526854,0.013859689569883926,-0.1618067399316656
2025-05-28,-0.016644185010272317,-0.00510531122514557,0.0010483354048504978,-0.0072545545339677275,-0.006330074379308215,0.001959757509097493,-0.006808183840663062,-0.013714136090783313,-0.005802146987409884,-0.002268589173612945,0.009025741802187959,-0.004325388446274836,0.01829162024380615
2025-05-29,0.0042777491260102,0.031973533800122134,-0.0023478901995321877,0.002882038956713906,0.00477558400861966,0.002281460981321537,0.003334352357123649,0.005664205570675485,0.003939566259242078,0.005907233361944542,-0.010364276055339516,0.009212559143159993,-0.006754983416935367
2025-05-30,-0.03396601533337407,-0.02960242837207616,0.004491076894813872,0.0036559254573615974,-0.0033600501810786554,0.0037754474164035656,-0.0014007076566482368,-0.003805070523306142,-0.0011191319232546348,-0.006598665713002383,-0.0005955175752303532,0.0015076793909996056,-0.03232072643563022
2025-06-02,-0.01094109164907131,0.01651356921569569,0.004223123822604258,0.0034911336753058464,0.007967779780350348,0.035516790212597904,0.0024969790911724132,0.007304538828091012,0.0056170112957714124,0.026233913208447035,0.03511701655538335,-0.009350072363942807,-0.011372940494914996
2025-06-03,0.004599945784019788,0.027568031807534865,0.007753628371346188,0.0021623473779861513,-0.004559068820301881,-0.006055000203432748,0.006064617942917572,0.007251720912990756,0.005686567498990769,-0.00889499464201915,0.004876606507938419,-0.0017629426107514945,-0.03717488007439673
2025-06-04,-0.03614067809813459,0.004944560488316263,-0.002216208253076779,0.0019419836673515434,0.007361824330478939,0.031151106772822956,-0.007728577711107576,-0.014556259741081767,-0.00026854845981194586,0.006421313241234294,-0.007900681312936975,0.01610285779173637,-0.004532581194009122
2025-06-05,-0.15384948606327864,-0.01369258481151725,-0.010856493087604058,0.008180108573246692,0.0032760444368173935,-0.0048523393891724,-0.008628309750020158,-0.004605008738708172,-0.004844575652615646,-0.00506267264407434,0.008472858636723757,0.0006944132350783505,0.04822208427528896
2025-06-06,0.03601383250665524,0.012282330840399425,0.016265311589657827,0.005756478208835958,0.02685937070890798,0.018939817686389304,0.01432708353834311,0.023678925529655004,0.010216662684453759,-0.013506882324947789,0.02052293350390677,-0.012805788986844036,-0.09709743831107742
2025-06-09,0.044531215832813054,0.006400766779606215,-0.012186528307887023,0.005025974887438167,0.015840481625608582,-0.005245271174584509,0.0037934436495561386,0.00669097435405952,0.0009007197021242419,0.0047074374937485786,0.009342685217941238,0.0010537943781034897,0.022989482036049225
2025-06-10,0.05519232015438469,0.009281521634984635,0.006037754934778761,-0.0038785927777729157,0.002899308909267262,0.011944677494993172,0.006949157928453964,0.021208148771091118,0.005653911873507056,0.00029346792267404,-0.00626531214619952,0.005136683567605438,-0.012313206330112347
2025-06-11,0.0010421025390305871,-0.007811044595541716,-0.019380306143519377,0.003603508580718895,-0.020473794635369025,-0.011829370327077093,-0.0016768248506888739,0.019305080353005266,-0.0028562551975790385,0.00539769697833048,0.04399017218575896,0.0030228808340453384,0.01812382007847102
2025-06-12,-0.022679683166052733,0.015078740640837474,0.002110709402243671,0.013137342933405627,0.0001876397374083183,-0.0011243263221478728,0.0003354734801455095,0.003834873656693105,0.0039665017352490395,0.012343702322692884,0.003069373901264605,0.011886431415670806,0.04309057866717447
2025-06-13,0.01924274132890602,-0.021118085759160188,-0.013901411536046737,-0.008198469099020222,-0.00536042736780562,-0.015244750759515924,-0.012340875336736445,0.021546998353647595,-0.011243026407137258,0.013015494091699331,0.0666182768163841,-0.009682846489684316,0.14443177094572324
2025-06-16,0.011674257976472369,0.018977775134110253,0.009977992028423976,0.008762249888579099,0.01868340140955027,0.02856882970489849,0.02021314124772733,0.0032056823390753664,0.009469264508428665,-0.014361734303801832,-0.020528457278417456,-0.010129081888535119,-0.08570225833796608
2025-06-17,-0.03960360944657637,-0.0039472546521013285,-0.01410967133922636,-0.002298408237265903,-0.0059407894922030025,-0.006989072890239534,-0.003111928702202782,0.013423024064994848,-0.008581890707042739,0.0005130624809401851,0.04612672648348859,0.012096159601014733,0.1224815421597163
2025-06-18,0.017857560202303446,0.009392291680677012,0.004793205338058826,0.004591545905710426,-0.010764380578029531,-0.0020960646011394246,0.01633969950652503,-0.007130582426594145,-0.00015072444880104285,-0.005400182338402892,-0.0003646643869430477,0.001732509071737276,-0.0699854753657787
2025-06-20,0.0003415528218111419,-0.011267468084259491,0.022235474358200058,-0.005931285755139015,-0.013405860444962947,-0.01947660259867945,0.003788909751133218,0.01325215172523908,-0.0023512362440003542,-0.0004191069541601422,0.010278899457570212,-0.0018482213880908205,0.023553662303807954
2025-06-23,0.07910624722725412,0.002222108551194424,0.0024844339906087143,0.01785392919372608,-0.005835109391705728,0.023435661042070066,0.011820896856822749,-0.0261453469225037,0.009829022247643593,0.0030584905042090327,-0.0841717542479774,0.003232033831526593,-0.03906558060447951
2025-06-24,-0.023827555571310555,0.025543093068303158,-0.005973181643514458,0.008421152289271205,0.020416638315931657,0.019380674997591996,0.010687618864587911,-0.03090030373445618,0.010986713292820305,-0.015844238391270693,-0.04565418443817926,0.00723435953765339,-0.12613859464476818
2025-06-25,-0.03868634165630791,0.04242739847486643,0.006270856799718949,0.004397490542092264,-0.0036726605052770367,-0.004954834268223074,0.009905924849131331,0.00027696290734091633,0.0005601257618073063,0.0030327025232494975,0.004237550784604416,0.0012578566763634669,-0.04206223532916509
2025-06-26,-0.005418374727754305,0.004590409767517123,-0.0027821091468132053,0.010467753623887077,0.02391104393702026,0.024269839277057947,0.016375664072717733,0.014838064994658673,0.007793261577727861,-0.0011076604529494105,0.0038121052418285117,0.005015482048706943,-0.010194995310435662
2025-06-27,-0.006621400161764157,0.017457332008347315,0.00039791836340619113,-0.0030401229157606124,0.02806599891518413,0.010330941596429,-0.005695744588960494,-0.005561321223004789,0.004956222123761123,-0.01828997550464706,-0.004221393467015666,-0.006387676205460657,-0.016408782563471114
2025-06-30,-0.018619263085276394,0.0015204591753423813,0.020135985125799394,0.0029597302134449777,-0.01766520734380883,0.006060959999765636,0.009705063872705644,-0.014550375394305703,0.0047697853152888214,0.011913301279754762,-0.0023225390541830038,0.009792808765275218,0.024812156800422702
2025-07-01,-0.05483532317308626,-0.030135048420046218,0.012833407333732616,-0.010834255396849457,0.004865337820140425,-0.025898638118355244,0.0017231483210657927,0.013269629867647126,-0.00032376653948418266,0.008883435847179655,0.011153539043284866,0.002476372077393485,0.005959516032616463
2025-07-02,0.048487668714979115,0.02544002344000429,0.02198728448452769,-0.0019529266430433623,-0.002452467458083696,-0.007886649994615524,0.005460300869025936,0.016433209683579975,0.004523021278821204,0.005512375309430162,0.022205247160165698,-0.006373597335035619,-0.011353604956223062
2025-07-03,-0.0009508330128999987,0.013203479676021423,0.0052115091961617566,0.015658015846364393,0.015744829251554293,0.007594743583118735,0.018411532165166555,0.010302412009204787,0.007850504238326117,-0.006846293882021293,-0.005305674997313936,-0.006989504663637014,-0.01574837152360864
2025-07-07,-0.07030747928005798,-0.006927346947826152,-0.017001639120532097,-0.0022477739318267353,0.0002685175362460157,-0.0009182553624151879,-0.013708382071155434,-0.009762287634228706,-0.0074799760056238895,0.0007485003525822265,0.01701103677634297,-0.009589238489061458,0.08257552595110296
2025-07-08,0.013080017887538098,0.011060760812131143,0.000285769077695619,-0.002212575080484669,-0.018562963722363435,0.0032242741651824502,-0.03198173163130402,0.027343040072513425,-0.0005477859312437161,-0.010498326962964377,0.006256481825200666,-0.0012780364460223126,-0.05666263749048417
2025-07-09,-0.0065017078495293035,0.017840047955756333,0.005366195826791653,0.013778461175865786,0.014392611963869761,0.01666426392619691,0.0013427780064336758,-0.0034210700620427303,0.005978747694234343,0.004461316177626351,-0.00038987302353366005,0.01040718282506159,-0.053142268612983656
2025-07-10,0.04619885570668991,0.007462211022698284,0.005996961124469458,-0.004039789942178906,-0.0012589875178301568,-0.007589070976576018,0.01760798052750001,0.009880588967320136,0.0028162888082992055,0.002223316131964914,-0.020221289310083712,0.0006900129570928115,-0.010088348541556602
2025-07-11,0.011678449711172156,0.004984413337029814,-0.005902208401074027,0.0036623423140547118,0.01234146308749029,-0.013469617091728558,-0.00462587223167521,0.0043410045574363565,-0.0035217010088137712,0.009555773018863789,0.024889960836445013,-0.013890611441144785,0.03853801307405291
2025-07-14,0.010754958796598935,-0.0051672952378272186,-0.012101749648500082,-0.0005961893456740697,0.002973080927807459,0.004741295765833264,0.006394084484019125,-0.013167858330449533,0.0019064648000917117,-0.003662014424121729,-0.021843758180505546,-0.002100380883724995,0.04762811660654798
2025-07-15,-0.019500985006087213,0.03961448873256579,0.002346106013471072,0.005550983843860102,0.0029201137891528006,-0.014713980179505981,-0.007475183965194532,-0.008905322045370312,-0.004282467646529398,-0.0041643640755140154,-0.004772021233663715,-0.0070333345007354,0.010410643373586659
2025-07-16,0.03444095462458385,0.00391735728283038,0.005008651362872207,-0.000395495973949167,-0.014059063272129357,-0.010585430764233905,-0.002550841311748542,-0.006040729810050216,0.0033376974019008188,0.0049756967893914705,-0.0009305376902020157,0.0014105924092682187,-0.012738986382189843
2025-07-17,-0.007050661595448204,0.009466668777072584,-0.0006663238799227145,0.011953135030171147,0.003086778258328593,-0.0021362038816779005,0.014173816305017795,-0.0050917193473090094,0.006101087198508992,-0.002175898954109634,0.01281816270776659,-0.00023503870515284575,-0.03800928936525105
2025-07-18,0.0315559115843147,-0.0034162500506411675,0.005508059898247097,-0.003229830519557275,0.009999860894733814,0.004083456034198463,0.004714693762369215,-0.03545932549794362,-0.0007327994824901651,0.002597547797348554,-0.003024571323213543,0.0015263907042797342,-0.006680899998967149
2025-07-21,-0.00352510071199319,-0.00599202153843148,0.0061369334332921355,1.9600701151034627e-05,0.013921126445029408,0.012263267210394169,-0.0010305171124631585,0.002594797469810395,0.00189444641366876,0.015253192127432591,-0.00448791638723911,0.008876482493999305,0.014519297711828028
2025-07-22,0.010959828902223911,-0.025709837493706367,0.008995641893248418,-0.009435369327674081,-0.008012836242670573,-0.011511108761020239,0.001579528683945064,0.004524739008768819,0.00014318518761413657,0.009440183161308013,-0.003180046035121009,0.006028227641360573,-0.009049812608822982
2025-07-23,0.0013540923687314077,0.022202640087800596,-0.0011667781863025084,0.0011867184348366422,0.0035983542219355513,0.012366354123123813,0.01812400788978774,0.0127249618745644,0.008471491723121005,-0.012478717461641864,-0.0009294257603347233,-0.005563068566377893,-0.07094283080176345
2025-07-24,-0.0855254278460249,0.017183791372874957,-0.001822810721298751,0.009855023892195724,0.01711152033504959,0.0017082138455997153,-0.0007079866756427577,0.0077928054060967256,0.0003308776006356595,-0.0061370703288572415,0.010702322998154656,-0.0017449989527502652,0.0013004200541875122
2025-07-25,0.03463720149934879,-0.001382266075651728,0.0005612739072953232,0.005524259210247351,-0.0034075702705456123,-0.0029703051172509376,0.006956078117410058,-0.0035264571812474443,0.004215537956780757,-0.009293039490678723,-0.0164307115799609,0.006267242946059071,-0.030345338167419467
2025-07-28,0.029706848621967374,0.018558643483363113,0.0007945156573700984,-0.0023581874481868326,0.005816059550695307,0.006921702051974954,-0.0011392212386081013,0.00937620207867873,-0.00025110052784516057,-0.006494663067577733,0.03052466626215189,-0.0065000158482577675,0.006675554006955853
2025-07-29,-0.01357488980136079,-0.0070404095555201,-0.013072685194727818,0.00013654100484128406,-0.00767575491814565,-0.024873841700935095,-0.0041656670095600035,0.012838900970184142,-0.002641146447957432,0.0027466136773082184,0.033512785956375524,0.01674491406838463,0.06128972569359581
2025-07-30,-0.006747506520358826,0.021197064056618586,-0.010563550635201757,0.001306249810520299,-0.0035559103854634344,-0.006866290642915551,0.008681466612989297,-0.008719514896204927,-0.0012601632939270857,-0.01742442469843475,0.015419328539314492,-0.00516672007069463,-0.03178907310180712
2025-07-31,-0.03434052685502831,-0.007840072289275746,-0.007104751559324107,0.03871538845373035,0.016886027515609747,0.10663412148350115,-0.011378516655294213,-0.002326349046255949,-0.003758217413957432,0.006623418228250522,-0.01805446043207848,0.0005751349189546673,0.07705672799895558
2025-08-01,-0.01846503334703975,-0.023608082839984057,-0.02532145273196118,-0.017757411249698762,-0.08631653211497614,-0.030761551849959545,-0.023463752784786962,-0.01807706764205541,-0.01652622653760183,0.02009639782657313,-0.027126748538327305,0.01411664301312765,0.1979484200260746
2025-08-04,0.021671425270042732,0.03551207195474504,0.0047814592759030106,0.021760758526650825,-0.014540622735210285,0.03454264157229936,0.016757622686778717,-0.020921443683916685,0.015085405109180883,0.00580633979396783,-0.017581991968614652,0.002729023064842906,-0.15121087497900554
2025-08-05,-0.0017476574412365053,-0.009713694759014402,-0.0021169612137121874,-0.014839561179798899,0.009873169687715233,-0.016768441524346756,-0.00986991499031209,-0.0012115008577255892,-0.005082822025413769,0.000803768098495361,-0.014424970392076908,0.0030615449103095216,0.018660417960192355
2025-08-06,0.03560499649944315,0.00648621237612268,0.04965346902459178,-0.005338808203056544,0.03926568541503972,0.011110786721109989,-6.853068714995914e-05,-0.006830525610379112,0.007630474189105563,-0.002123359734255814,-0.016531466429082542,-0.0057905679751524275,-0.0624119264648022
2025-08-07,0.007349951735304394,0.007496170147526016,0.03129869520106077,-0.007841066950260434,0.003681789897765242,-0.013248111932036899,-0.015252131556293236,-0.0052716023332051165,-0.0008379874450792357,0.008402586680171353,-0.0050268803482413915,-0.0017096104270688528,-0.011997790110595208
2025-08-08,0.02264179762598051,0.010619853644032062,0.04148539226384518,0.0023013202125294896,-0.001973902368859193,0.009757524220586511,0.006322730110641217,0.007990749790257823,0.007767311017072842,-0.00022360485625672055,-0.0016357026028259725,-0.004343708577960292,-0.08959330624524542
2025-08-11,0.028057128395423625,-0.0035091392960859835,-0.008372376345528565,-0.0005171438849709276,-0.006261419913673016,-0.004468525396993606,0.0027666024984096538,-0.009124019408169204,-0.001979362140500207,-0.01447901799294371,0.006798122431749043,0.001144782525835275,0.07009240199988831
2025-08-12,0.005324552775796576,0.0060238086480008946,0.01081367263056876,0.014215060670998092,0.0007678847964323054,0.03102047216167314,0.011298108246040606,0.002830806704203326,0.010589711326313811,-0.0009078785028293623,-0.01158453982291796,-0.005047533165940976,-0.09820670937817155
2025-08-13,-0.0042927102832601705,-0.008608717349844142,0.015897475819875773,-0.016498427168886387,0.01385577553809636,-0.012636363204743262,-0.007953721966672767,0.013755831693300635,0.0034172868046882243,0.0030446433804476314,-0.00673956030324252,0.008246459218065993,-0.016427458860831745
2025-08-14,-0.01126009988409038,0.0023651728456153265,-0.002359951548342565,0.0036429044691699275,0.028188187008166388,0.0026243728028836344,0.0124168899159951,-0.0020466986041682844,9.300924530109e-05,-0.006358881635978086,0.017510691004235746,-0.007441786224686275,0.023193410468529407
2025-08-15,-0.01507215950243257,-0.008662868613232177,-0.005125245928623734,-0.00443100958543674,0.00021645874568765322,0.0039557423152372095,-0.012554673483921697,0.0009395332564681169,-0.0023440387238755633,0.0005856467855478442,-0.012829366713843271,-0.007150221640668697,0.0173801318863398
2025-08-18,0.013819862125930449,0.008607801184158603,-0.0030271747343979527,-0.005919367033298428,0.001989132843084107,-0.02300755984340519,0.0035738702475756057,0.002157560494170596,-0.00021764035070859222,-0.0015624875893935908,0.005069478748884748,-0.0028977472668740845,-0.006648986046074334
2025-08-19,-0.017608491717904684,-0.035625098554270984,-0.0014302167695570134,-0.014276569713184806,-0.015147236228620464,-0.020924466058962032,-0.002988715406480047,0.006537766289640423,-0.00543987032959059,-0.005488312721199762,-0.011961304496904468,0.005787030140352201,0.037962669400125826
2025-08-20,-0.016564741620175738,-0.0013673031655052625,-0.01993198153130038,-0.007976440613924218,-0.018591996826338608,-0.005016134180888088,0.005421228881576923,0.010280209269239116,-0.002660520399973443,0.010071289165623831,0.016733261012919165,0.0021903000279683837,0.00767757375506406
2025-08-21,-0.01177016636881767,-0.002397441123033417,-0.00492340513320233,-0.0012882290077662617,-0.00834534919335983,-0.01159537164173674,-0.0026383268555818518,0.0064292262710230474,-0.004019975412114185,-0.003475929162815916,0.008262839230455121,-0.004963792306079462,0.05637917834187345
2025-08-22,0.060310416699337566,0.017055775369573034,0.012636571965657595,0.005912160688528623,0.030570935867111793,0.021006403934366702,0.016232715144180787,0.018593779433677682,0.01524001472684322,0.01064951898275357,0.006856276744072964,0.007379105825692456,-0.15475327518910964
2025-08-25,0.01919633722721059,0.010173209302990038,-0.002637715702336507,-0.005872512171711364,-0.003940606259072332,-0.0019759767623019897,-0.004533634284005217,0.004125035979779312,-0.004410637401722539,-0.002417757282480615,0.01476189602766187,-0.002875987439781902,0.03930183098997597
2025-08-26,0.01452187916170189,0.01084152351280121,0.009420124567183663,-0.004412262225915953,0.003372407694309132,0.0010613994178267916,0.012368188815051084,-0.0022398261837679456,0.004178132142168778,0.007235805547642471,-0.022697862463547658,-0.0005762096991226429,-0.011560827649531369
2025-08-27,-0.00590361281293994,-0.0009356601109944407,0.0051327231363371695,0.009318292757191315,0.0017910076284834986,-0.008951162470971497,0.002375225247320145,0.01123812794457102,0.002276052103625581,0.0020166939883496937,0.0084717408340369,-0.0011534164086768328,0.015609444442969078
2025-08-28,-0.010408659566889078,-0.007905630903938032,0.008940725237362557,0.005706532947104215,0.010765909591411216,0.004978381261342868,0.005963238913000879,0.005307399211584851,0.0035350684092172457,0.007391652350960953,0.007470653280643447,0.006556560168174741,-0.02869049700242332
2025-08-29,-0.03562932064450841,-0.03381164607950904,-0.0018075874774794443,-0.005805262963408886,-0.011289768498293995,-0.016660209097644874,0.0011616890107042366,0.008258654173152635,-0.005981588576275065,0.009603638858147079,-0.005330523567238288,-0.007133584118569125,0.06245731143330202
2025-09-02,-0.013600348042363208,-0.01971306718256205,-0.010479481927209378,-0.0031033525084858127,-0.016111647069704027,-0.004871868642435828,-0.005722669760614529,0.003493827059577903,-0.007437844999217624,0.02336740250914282,0.02533124649612084,-0.007469732002564733,0.11139697398504467
2025-09-03,0.014259073808794653,-0.0009373337784941427,0.03738238831820606,0.00045528179324971774,0.0028804183282877815,0.00263557440540918,-0.0006340594120946008,-0.024537868966092446,0.005404913267993194,0.007801481349129169,-0.025464800407700494,0.010918021547586143,-0.04893575867808497
2025-09-04,0.01320230431684255,0.006076934309694693,0.005478322325135565,0.005171080148276275,0.04198414682453233,0.01561597344721033,0.014287720332545106,0.004368999267920337,0.00832259263200541,-0.004428674737355642,-0.008724322386358452,0.007594865048996091,-0.06637507981002333
2025-09-05,0.035717557533237354,-0.02740206722067029,-0.0003755038636672481,-0.025864612563128553,-0.014316138968893277,0.005062898355998158,-0.03156414613023806,-0.028608127920403348,-0.0029003964674689797,0.013257668006979806,-0.02111655437344062,0.01513184272560597,-0.007874048793430344
2025-09-08,-0.012736109576631627,0.007693860486662096,-0.007580043952224003,0.006443859437406552,0.014994810804568992,-0.00019940354802550075,-0.005006081765873915,0.005659969929031838,0.002453660626976273,0.011323711365555766,0.00562922701932056,0.013236402735254948,-0.004622038508200976
2025-09-09,0.0016441653277192714,0.014451487517381345,-0.014950592233048177,0.0004214302843941198,0.0101249985199372,0.01765523742621955,0.01672468503327451,0.0072562683081569546,0.0023093112191370224,-0.002272485609217334,0.004780429419106724,-0.005699326727274467,-0.004643437577763088
2025-09-10,0.0023605495234679807,0.037753358417129235,-0.032791215790724415,0.0039247880153601145,-0.033765520828453965,-0.01808062888130557,0.008990823490780286,0.016581139263078803,0.00288654006079625,0.0035857690781284646,0.01782626149287303,0.005699326727274467,0.020402182899327936
2025-09-11,0.058682725742992936,-0.0008462105389970276,0.014185214680129121,0.0012782645216962152,-0.0016511904499791896,-0.001437166126263989,0.016565249642150448,-0.0032051451940153797,0.00827595011479243,-0.0014924929949513555,-0.023154498584903926,0.006663715421720617,-0.04258796167804002
2025-09-12,0.07098109112687556,0.0036619809787881152,0.017410513088877977,0.017588554017360813,-0.007858600093330281,0.006226337555176542,0.004408447006182037,0.0001783952010647738,-0.0003346864105946423,0.001969631599387789,0.004237550784604416,-0.004326316579037481,0.003393297472611856
2025-09-15,0.03499204596495353,-0.00039367587423555506,0.011173272269640933,0.010651038921043465,0.014274139722701307,0.011984647450859143,0.006463029298224399,0.0016925789104433875,0.0053098406102334295,0.010351078276419123,0.012471434419867755,0.002331860341246106,0.06110270532150208
2025-09-16,0.027849686096646842,-0.016278066829734428,0.006107203194050115,-0.012338999898703129,0.011257360441086384,0.01852746100341207,0.0009384412933410857,0.02052659923172495,-0.0013778336016097015,0.002004400599687095,0.01921333015567228,0.0021052158314027736,0.041815828481424955
2025-09-17,0.010006196509857013,-0.026597241403401917,0.0035210509004652835,0.001923248656171772,-0.010436704109896944,-0.004219418534112229,0.008245569373255712,0.005304981695179123,-0.0012432295513900016,-0.007745087571334075,-0.009293706711010152,-0.002548998332217778,-0.0399055644945272
2025-09-18,-0.021384159862327223,0.03434396892143887,-0.004655446109390837,-0.0030829985163718376,-0.0016852089863252928,0.005822824815337135,0.004736231922902512,-0.011866347279792855,0.004661617295406373,-0.004014356216470283,-0.0037418027413602672,-0.010373212283015576,-0.0012731037820805646
2025-09-19,0.021877209710827294,0.0024367459976435413,0.031530571933516605,0.018473294402896023,0.0010805905597175425,-0.0023996235796408527,0.004936139756553715,-0.009790627947563912,0.004940643347549845,0.010551365296973536,-0.01578881466887605,-0.0019077839982637457,-0.016051709207089093
2025-09-22,0.01892459915165734,0.03853040216217529,0.042192962461453654,-0.006741788686468908,-0.016771933038536524,-0.016455143746040513,-0.007461455257924854,-0.007116271703765165,0.004719893112429041,0.017158380367683357,-0.0009525713161826488,-0.0036012259661717394,0.04121030468573306
2025-09-23,-0.01944108244146392,-0.028617571377576034,-0.006464126391678704,-0.010198618417526895,-0.03087187217826326,-0.012837468935121166,0.0009596373516478351,0.017082286893390197,-0.005458340322640254,0.004078048498239895,0.021549737671358926,0.00696558208225273,0.03299010302909133
2025-09-24,0.03900845039857348,-0.008216168557129144,-0.008367236857623972,0.001804968828675868,-0.0022679860251129114,0.006938963472809867,0.00217207232619554,0.005339013205309051,-0.0031867364861728475,-0.009104369003754442,0.017697190820862296,-0.0038138230099331594,-0.028033468221638103
2025-09-25,-0.04480186162621003,0.00406033437733111,0.01791168447991165,-0.006134642002795232,-0.009398795415484607,-0.015567693785758507,9.57546221558303e-05,0.008950735063918636,-0.004624142450810886,0.004156538489887396,0.00782372597977421,0.0,0.034025120896936656
2025-09-26,0.03938961629749649,0.002809915315588718,-0.005504333945722806,0.008699227106372831,0.007444168873481871,-0.0069138487056594755,0.008292107300833074,0.01400312213224808,0.005712685577890397,0.005755674720215431,0.00038956925844058077,-0.0008994512529945098,-0.09060203394250488
2025-09-29,0.0063602880863031785,0.020331839161167764,-0.0040401136765648715,0.006120400534690873,0.010815805882780083,-0.0004705735273606848,-0.0011712934057195312,-0.02592616802340242,0.0028065048617200716,0.01636192499893241,-0.032058683930991094,0.008177998805310338,0.052861771694031834
2025-09-30,0.003401194314292866,0.02567781121795676,0.0007858087357872634,0.006488993882919125,-0.011771724709007003,-0.012207791300852477,-0.0008240551220151104,-0.012953412510745999,0.0037597579990684693,0.008503744538253422,-0.01132540565062179,-0.0029049939817173964,0.009876613611529805
2025-10-01,0.032606994876181794,0.0035311424333919206,0.003215189722223677,0.0033920896982220228,0.004815990813160198,-0.023476584117074317,-0.015076722044174318,-0.00676341153959914,0.0034017796058662952,0.0015741326049987237,-0.008305590843670885,0.002579108960061305,0.0006140760641177856
2025-10-02,-0.05240962491724144,0.008773646163693805,0.006555045573953144,-0.007668067426354064,0.008035429408424832,0.013445244182262783,-0.010222311661683747,-0.0062701404199136945,0.0011510698904784178,-0.0034889043060362113,-0.02211865774796795,0.002907565338990281,0.020656763924054466
2025-10-03,-0.014252492909231584,-0.006746218470696341,0.0034552785601604796,0.003116719229398157,-0.013124777320547842,-0.022941833641690224,0.00803137401249554,0.017546665798201744,-1.4713555581025162e-05,0.008000845595952377,0.0023734484991120297,-0.0019001298542109524,0.0012019507755498537
2025-10-06,0.053054099195157356,-0.011148210742573994,-0.005167911774970335,0.02145578678755289,0.006312318256467719,0.007151832988227191,0.0021044493705479894,0.008265189462265177,0.0035797646662825144,0.018670357712141872,0.016046874246320897,-0.007975401057942477,-0.016959750865767287
2025-10-07,-0.045498299492519045,-0.0026984529592271045,-0.0008184581241037492,-0.008721815046370374,0.003975811225101822,-0.0036115720281149066,-0.0048307765039501405,0.0005253039319441655,-0.0037144037537206742,0.005146197838027611,0.004518309902860729,0.005735285474248286,0.05178180930974774
2025-10-08,0.012847468714675792,0.021756858631032827,0.006141500579786019,0.0016588311418761492,0.015391813667974041,0.006653126586502189,-0.011966329515503027,-0.002102736606981459,0.005945346619066427,0.01635645771461558,0.004498090330116611,0.0007846246520255562,-0.056067190952723944
2025-10-09,-0.007206358713168548,0.018130890013948964,-0.01570047132154606,-0.004678791882720468,0.011126943813862589,0.021594502976111762,0.004921509712128014,-0.009782793828389202,-0.0029011790781119373,-0.018625225753275743,-0.013968956762015594,-0.0007846246520255562,0.007943889616864208
2025-10-10,-0.051953353387051315,-0.05009961750745706,-0.035132073545042,-0.022142225301303498,-0.05121476887040899,-0.03921801348755061,-0.015303148360657381,-0.019496244634655824,-0.027399832538963054,0.010047058859954383,-0.04398175672918647,0.01601817982948095,0.2763582839046803
2025-10-13,0.052779538485349775,0.02778255446511757,0.009697183027240541,0.006029234098338776,0.01695582821037611,0.014637790426852426,0.023257502998592194,0.013544593426139784,0.015227587680656463,0.024010471634505315,0.012744489834258133,-0.0005520957310496399,-0.12945051713783595
2025-10-14,-0.015396664934287152,-0.04501927478738388,0.0004440820123008393,-0.0009341584579578566,-0.016863378479675006,-0.00989919844446785,-0.019310468168949768,0.0004454269556255497,-0.0012223931057615545,0.007115811676484007,-0.018380741352497232,0.003196878620062904,0.0894168973517111
2025-10-15,0.01367460490132899,-0.0011114158244271977,0.00631651495792962,-0.00027265974424928174,-0.003796615601681985,0.012480764846931613,0.011879608665396724,-0.006074201462257456,0.0044297042667862385,0.01718391083164228,-0.000144969003592621,-0.002203499699989564,-0.008202703699969227
2025-10-16,-0.014816786729138443,0.010950226124179174,-0.007608847967879306,-0.0035510584269333734,-0.00511584262280973,-0.007666375206432541,-0.023667502050866318,-0.008728905643021534,-0.006833615656052672,0.02311798516943142,-0.017251894901548326,0.007472432011121022,0.20396864241431123
2025-10-17,0.02433131017250023,0.007725426200567043,0.01937059269814778,0.003843212379011973,-0.006689964147498451,0.006788014230306061,-0.0032880390458567277,0.01435768014965344,0.0056603425211827485,-0.018996349267190737,0.0025039529570447527,-0.0015339170975749994,-0.19720853474171918
2025-10-20,0.018314775876123512,-0.003170659328275427,0.038680921013392044,0.006230772970226006,0.016018234695332367,0.021048481616653625,0.01600235066447464,0.004089965112441085,0.010346787167761384,0.03575507474940309,-0.0022089916964143086,0.00383039005593222,-0.1309224551345447
2025-10-21,-0.010853643121685685,-0.00813640651065839,0.002019121064612328,0.00168200927852169,0.02531435769314072,0.001501285218520998,-0.017583182644796302,8.879296762742683e-05,-1.4942990429034353e-05,-0.06642712220281766,0.006465780306007751,0.0049033508414932925,-0.019945187445519874
2025-10-22,-0.008235365016010299,-0.004869402639927856,-0.016576941783157828,0.00554808287008246,-0.018546837697263285,0.0001908397828218611,-0.010081334710993595,0.017589057909410677,-0.005212477453439668,0.00010605032482136068,0.033984562275168884,0.0006519273040082041,0.04003822509368815
2025-10-23,0.022547291398771208,0.010374246208523452,0.004362643734739713,3.8348007940669504e-05,0.014304177190942013,0.0008041809835503955,0.0014610796457246167,0.011010603023706267,0.005912449677416554,0.003994370253229462,0.03696924189567863,-0.006866828607489772,-0.07245514382509466
2025-10-24,-0.034579200371371854,0.022258016158518856,0.012404469824879527,0.005841894156141336,0.01401330074768481,0.005922404512737067,0.01983321400504323,-0.005100138527968312,0.008139340211437585,-0.0033584660498817698,-0.0015020226683359894,0.0004373746445747173,-0.055256014753595206
2025-10-27,0.04221181419101061,0.027692149273092603,0.022535469923743,0.01499394680597721,0.012234712914708012,0.016734508905436485,0.012272916806788103,0.004755205425627906,0.011728704412554691,-0.02823439606845568,-0.0008201990527103575,0.0033834837561128595,-0.03607361679793408
2025-10-28,0.01781041931942351,0.04861863582365977,0.0007065287393466235,0.019654159742433563,0.009995255600937725,0.0008254451330174106,0.003970393153770679,-0.007879950698507443,0.0026524052325163083,-0.007191829710492925,-0.023944169743727706,0.0026113992307958966,0.039123282819029104
2025-10-29,0.002082342411768856,0.029457811052411742,0.0025988629880107084,-0.0009597391008329126,0.004569708941293271,0.00030606922313136664,0.0004911655410184679,0.012269094483634113,0.00048025529764750274,-0.0037944582730187193,0.005726723592937688,-0.010157945862738771,0.029996250016489867
2025-10-30,-0.04750175565516024,-0.02024805382906969,0.006283466664280368,-0.029590420376359283,-0.032839045720237436,-0.12030238385148273,0.012781681105009213,-0.01522917484066788,-0.011059023816543778,0.019451474207494712,-0.0012543234303654671,-0.005835326699101806,-0.0005912048002163495
2025-10-31,0.03671813319553863,-0.0019734570078560054,-0.003802262967536052,-0.015236564413907416,0.0915256890456213,-0.027564459107704664,0.005414430516228919,-0.0028814930788918502,0.003274763371308609,-0.00544534976587574,0.011783577032754344,-0.0029859642708922607,0.030861295216443985
2025-11-03,0.025538450543862723,0.021448370488581503,-0.004894298833628241,-0.0015074686283691463,0.039264803615285615,-0.016546892147518477,-0.005705237869812585,-0.00526033348122823,0.0018748909406074432,0.001791298260436669,0.0024776380306557044,-0.0025039941191735693,-0.015602769750574286
2025-11-04,-0.05284857281366673,-0.04039308421323362,0.0036729963281674216,-0.005235709621763007,-0.01859702570110766,-0.016426936733022757,-0.00032331858234169175,0.003334806069968721,-0.011924361882797996,-0.017672437504169025,-0.011197982068870793,0.0022261014005779955,0.1012752998136115
2025-11-05,0.039306411995624124,-0.01766985902921636,0.00037029726863213597,-0.014038609367540644,0.003523344518108651,0.013663153711260811,0.007826970786347864,-0.004038329542891184,0.0034594857288823277,0.011498013266248108,-0.01259112229796333,-0.010956017883476221,-0.053511807269978284
2025-11-06,-0.035599264459215796,-0.03720853949792158,-0.0013707172835237813,-0.020035353451572036,-0.029034574612611053,-0.027111617294084844,0.005567120897077338,0.007187333081150271,-0.010787338554331782,-0.0012012407765737976,-0.0021140382769004873,0.008952644664043774,0.07948729367323892
2025-11-07,-0.03744886561150196,0.0003721390836002314,-0.0048305427121979605,-0.0005634072263482892,0.005621146751201067,0.004465413495129411,0.0025173808048570834,0.0234777170417253,0.0009840807123628892,0.006100376279774444,0.005346922608586269,-0.0021191080888147695,-0.021773803548194692
2025-11-10,0.0359227467152996,0.056316571631296775,0.004538380514149232,0.018308873913350787,0.016193167513876894,0.016035823361270296,0.008493189202573248,0.00849478496708933,0.015483783745324331,0.02697402633060797,0.005876582768485683,-0.00022320071941717146,-0.08074173830298426
2025-11-11,-0.012680320958426528,-0.030037238330691274,0.02137114807102858,0.005282492019027529,0.0028141212824008832,-0.007435332686541507,-0.004015879815730372,0.013109380289756167,0.002286741267620407,0.003930081509220251,0.014404693731419727,0.004568002380146652,-0.018349120606183433
2025-11-12,-0.020731107188327158,0.0033078689144367956,-0.0064878628907587554,0.004824391476776491,-0.0198668975907621,-0.02923954576943899,0.01506255403668888,-0.013955651889006937,0.0005562355885295744,0.015982361021277924,-0.04112572050819274,0.0017769601606048013,0.01322235625691448
2025-11-13,-0.06875241071018401,-0.03646714782519744,-0.001903213145157956,-0.015476982425703056,-0.02748313261114177,0.001443973395065079,-0.03470778938489261,0.00565621470205091,-0.016733217576366144,-0.008115943871202624,0.0008593177105122862,-0.008245106225064802,0.13296011418473785
2025-11-14,0.0058536662419435,0.01755874961995918,-0.0019804665462350712,0.013597020135188487,-0.012238911800717567,-0.0007053094271523008,-0.01914978279688917,0.01290882784237013,-0.00016383779399031795,-0.01821276119826276,0.021667615725810663,-0.0057222793072782,-0.008536334869686524
2025-11-17,0.011238716089415846,-0.01895108102677856,-0.018338285065585325,-0.005286647757354324,-0.007785167790615333,-0.012299347331415689,-0.010728849772076998,-0.013588465139150685,-0.009360016113874714,-0.011530197275275711,-0.0011213093617978842,0.0024722730110662283,0.12097172670021594
2025-11-18,-0.018934896281656677,-0.028483265509903433,-7.464947758339946e-05,-0.02736659740330527,-0.04532852780262164,-0.007201701565770158,-0.0032010896333245498,0.011406514304536763,-0.008433011441929317,0.007238670232445621,0.01669019163872676,-0.00033666814550947777,0.09823065960309085
2025-11-19,0.006805426562391581,0.028054465542118656,0.004178984931734853,-0.013599885055361582,0.0006288715862687866,-0.01240758100456496,0.012809467451722512,-0.014214688525055585,0.0038557337390647817,0.0016281258445651758,-0.02259829431355076,-0.0020231001423622885,-0.04261247288656289
2025-11-20,-0.021922199285516086,-0.03203238704693323,-0.008638554808404031,-0.016130734595680707,-0.0252383767679758,-0.0019837813393595027,-0.016255550189590906,-0.00281608227537955,-0.015359584109870816,-0.0002933685939359165,-0.010352439246949174,0.003930152849556556,0.11033544988086552
2025-11-21,-0.010530198558583947,-0.009790873441003711,0.019489487327214228,-0.013276695497639324,0.016216708929833068,0.008619218900969727,-0.0012073146958897496,0.0005126291858505994,0.009911853052476438,-0.0015485295000221555,-0.012190878067363187,0.003021238163650075,-0.12010403643720835
2025-11-24,0.06601727209811337,0.020308938810314814,0.016185769721398735,0.003974149543976679,0.025014152157623926,0.03114637365855888,-6.698885365086227e-05,-0.009525908954966411,0.014611339452438976,0.01572002942959294,0.016032337492227988,0.0056822890360530565,-0.13261722293396572
2025-11-25,0.003870128654218874,-0.026252354221238505,0.003798273076683678,0.006288144375202975,0.014870322975480299,0.03709786550604832,0.01663931317671441,-0.012669417952666961,0.009362058936483564,-0.0003157406112368477,-0.016754142657545934,0.0025519824410880076,-0.10039134402734184
2025-11-26,0.016974787220379817,0.01362843794721158,0.002091768253308146,0.017683866017518035,-0.0022230225348218724,-0.004110665717449891,0.015197488830821726,0.0022679805106315953,0.006879679464035782,0.007966521739529497,0.011343375421695612,0.004422844961810668,-0.0766808481207164
2025-11-28,0.008380619474776196,-0.018250502377225253,0.004672971434540152,0.013319758336318266,0.017561753805358293,0.022379804451081675,0.017528370653978165,0.009970219641224354,0.005443590966696554,0.012347782735317558,0.014598782055643689,-0.004755396174124016,-0.05009992978793765
2025-12-01,-6.973946212429638e-05,0.016362629615954916,0.015126217206503867,-0.010769020544935337,0.0028259648585819974,-0.010986827308280489,-0.013376374437189753,0.00610618591793699,-0.004575923889866829,0.004809481913079061,-0.00014074630887606077,-0.012526872349663876,0.053004331284594475
2025-12-02,-0.002094590839921473,0.008522861496818912,0.010855696011275562,0.006675349732992331,0.0023061862991378135,0.009674067814705367,-0.0033721889407125616,-0.010775506925026157,0.0018504732237616395,-0.006460877304548696,-0.01217628867648024,0.00045052299847370136,-0.03843213855940286
2025-12-03,0.03996056773770018,-0.010358750886118706,-0.007153684504556779,-0.025359684307075803,-0.008740386717128956,-0.011657743339013926,0.013709656316208019,0.02075725942165807,0.0034568578671407835,-0.0009300505859091146,0.006531426198758794,0.002811025569815939,-0.031223854393763517
2025-12-04,0.01728716730855595,0.020939759460909535,-0.012215789741831351,0.006488876412518607,-0.014171743534491021,0.03371234552161617,0.012638893895108971,-0.005618445126984284,0.0007307827148075319,0.0006459865002765852,0.010278101206640855,-0.00540419847943685,-0.018832960510421604
2025-12-05,0.0010335035967345974,-0.005303645265539281,-0.00686355564689034,0.004813241827990922,0.0018314943611841272,0.017813833594919615,-0.0033590274171100276,-0.00513525177028562,0.0018976831042039066,-0.0017839435807109894,0.007396569738930658,-0.00463931022062436,-0.023726659065600675
2025-12-08,-0.03447772390855963,0.017067539740813764,-0.003197540392984699,0.01613702408098039,-0.011568418747626374,-0.00987908105658164,0.0005394129055584784,-0.004816749129760822,-0.0030088208209946288,-0.0026429393579938676,-0.020083539223417546,-0.003294525302604434,0.0779939881496099
2025-12-09,0.012636566806914828,-0.0031307726339147024,-0.0025583326534945883,0.0020344609230438238,0.004529366309920846,-0.014866985162615975,-0.0477579096273697,0.019383211756959007,-0.0008633106760411735,0.005124051608821567,-0.0089775773648757,0.0010235824834312623,0.016076586591024622
2025-12-10,0.014008389943790611,-0.0064542732121939395,0.005755873046479287,-0.027737718695203917,0.01679395848370735,-0.01045084399994245,0.03144579667059766,0.010850017200146667,0.006610248643996286,0.004250103468606881,0.009686689671277726,0.003857468876764969,-0.07097778416833789
2025-12-11,-0.010152139695978057,-0.01562925245297908,-0.002693872178578083,0.01020763458900209,-0.0064926861329421826,0.003960671315716979,0.02317282517367314,0.0,0.002324242885118899,0.010712248978542505,-0.018456792719297788,-0.0013597506899669654,-0.06010953906554084
2025-12-12,0.02665052957848779,-0.03320988405610681,0.000898800584443471,-0.010270345009627313,-0.01792058967315935,-0.013077129469913018,0.0035855219227434176,-0.006041302635185097,-0.010810206581406412,0.0055789875076310835,-0.006374097333458728,-0.009684985474880392,0.058205337510938815
2025-12-15,0.03500417593015648,0.007230084629892275,-0.01509840855541622,-0.007783100806014076,-0.016268534273204516,0.005893679776669103,0.004698244147657071,-0.008961027346853001,-0.0015119508356713496,0.0009099271544501519,-0.013460308410734534,0.0006868126288663845,0.04715515245869062
2025-12-16,0.0301932555146891,0.008078970801869367,0.001822466425404734,0.003301082625655205,8.988664518483347e-05,0.014778109019416341,-0.014066328419755969,-0.02650307069549207,-0.002736115053598276,0.000227429563539161,-0.02566157897126331,0.005476872175784742,-0.0012128842021312813
2025-12-17,-0.04727460429487351,-0.038896677106108335,-0.010138247658844968,-0.0005669788742270754,-0.005813022613826213,-0.01170952032317718,-0.0018080768714039408,0.02352651301512676,-0.011064581322954403,0.008551559438576106,0.02698643329717232,-0.0009106125505855545,0.06688717143321998
2025-12-18,0.033896527010912614,0.01854689154035416,0.0012867465772243847,0.01637368632217484,0.024508470639878155,0.022756733885574754,-0.00630583198325585,-0.007437592164941442,0.007522985619272227,-0.0018048314286414069,-0.011689130381248525,0.00477211305575409,-0.04349772183265843
2025-12-19,-0.004499386368071789,0.038582232392864846,0.005422681951885444,0.004000412657449992,0.0025985418858303078,-0.008585132748911484,0.013360649804956992,0.0012862873213457249,0.009022588183063895,0.0011283535131116906,0.012424303145453841,-0.003739488642594324,-0.1235048277622477
2025-12-22,0.015527202757109393,0.014807802897141897,-0.009914939859584138,-0.002060026788581304,0.004739078487120629,0.004135553565663308,0.018366893132135687,0.012434127630029046,0.006210568439740882,0.022819254559299118,0.024681922961433678,-0.0021725039914288757,-0.05727677323142499
2025-12-23,-0.006507353223947021,0.02960795257470039,0.005116600880012534,0.003972084647752894,0.016110849706756802,0.005186771874033269,0.008751792862432772,0.010691658281552385,0.004559989765268391,0.013165297757330663,0.008141152852311428,0.0016011747627393547,-0.005698015696034009
2025-12-24,-0.0003295782832779537,-0.003176142656347025,0.005309660095674573,0.002400284497531935,0.001033348455666605,0.0039174740346226145,0.009891715088425457,-0.001676083143845375,0.003511501850766763,-0.004142651508748152,-0.0014235746676831695,0.0060388894510108315,-0.038592319369020966
2025-12-26,-0.021258551524587332,0.010128284734973292,-0.0014985148401436277,-0.0006354189830464207,0.0006022774408407372,-0.006401942101222247,-0.003835191346630573,-0.0009230965149162884,-0.00010141480775960332,0.011609088487158914,-0.02480648670530261,-0.0032996768484458983,0.009604810545013276
2025-12-29,-0.03327112293491297,-0.012198192178212608,0.0013160418504414295,-0.0012514720137888347,-0.001937179352692553,-0.006959267343994213,-0.012767537556005237,0.011851222375089954,-0.0035700184467799545,-0.04450407961760128,0.016366463094605876,0.0037539972531597243,0.04317213038393142
2025-12-30,-0.011399736021774132,-0.0036193198928966552,-0.0024871384376057293,0.0007797832477036692,0.0019801618568182633,0.010961574488480785,-0.0010197253785211302,0.0038092054556120303,-0.0012218705884974312,0.0007273032894685727,0.0018657666674188889,-0.0023872439578518367,0.009113285340826671
2025-12-31,-0.010418700641107392,-0.0055608832744686865,-0.004477584501558773,-0.007949745031117672,-0.007381025988312473,-0.008838469437340457,-0.003717336683380701,-0.0053868199437987485,-0.007436524151640533,-0.006488999253824623,-0.00835129684980096,-0.0079992198844554,0.04235605056250158
2026-01-02,-0.026246437918021392,0.012521810833683311,-0.0031314907649582224,-0.022330964886835503,-0.018893272800469596,-0.014773282949541944,0.0100664710859375,0.01901371036316668,0.001831315220198526,0.004958545328225483,-0.0028961006871233153,-0.0014926647477251365,-0.029873204408338516
2026-01-05,0.030573122743441594,-0.003872991969811501,-0.013933739398969358,-0.00019024934875933042,0.028550975746587604,0.012801938058977669,0.02595983735810048,0.021854803274204748,0.006638036696537952,0.02597293817991453,0.018106575045037765,0.004928816478997788,0.026523104679246234
2026-01-06,-0.04230652917497224,-0.004688805860122436,-0.01850442618487058,0.01189885630898413,0.03321048379902436,0.002773938195067771,0.006205359570892632,-0.03498581718624205,0.005929632978253885,0.010755105002162146,-0.024653436928164574,-0.0020603990112544324,-0.010118104563589192
2026-01-07,-0.003586402728205762,0.009937556278234005,-0.007767587254825514,0.010312111434744864,0.0026114748641674623,-0.01822383661849525,-0.02303611338468592,-0.021375214854320035,-0.003228618665792382,-0.009605943617543744,-0.01056504624788257,0.005826302940737271,0.04182488873256096
2026-01-08,0.010124471981728611,-0.021756790221322042,-0.004967410582383813,-0.011148447616021073,0.019391796816157658,-0.004062547750147694,0.008526606258458358,0.03662384777282668,-0.00010153246851984932,0.005507322733438791,0.03976523283852629,-0.005024482507243633,0.004541019480066133
2026-01-09,0.020913381268702125,-0.000973309645325493,0.0012730781005778624,0.002444172891270746,0.0044159595359429815,0.010776650237509955,-0.0018209993893156806,0.01373649303100688,0.0065916105199921304,0.007215903791294664,0.0033965198841299227,0.006618087255761296,-0.06415025046171285
2026-01-12,0.008837002112799475,0.00043270820192020665,0.0033871684089650245,-0.004391217865888031,-0.003685348509948838,-0.017127527812730747,-0.014380347466553367,-0.004665432964719329,0.001569201160272371,0.01854961673678268,0.012216717899591778,-0.0029614487508240472,0.042559622645800044
2026-01-13,-0.003927828743923278,0.004693209374154073,0.0030691600377688033,-0.013736507182653845,-0.015826265506309056,-0.017092945577483754,-0.04278342356899589,0.02003498490047484,-0.0020015084477309486,-0.0014220515093619213,0.025220130461454104,0.0017096017047562029,0.0553195485095479
2026-01-14,-0.018051031148362817,-0.01447384529756679,-0.004184200562639795,-0.024279487823131163,-0.024831791107772894,-0.02498107768435176,-0.009793751259906003,0.028513182759828837,-0.004927283608423316,0.010170333239524432,-0.011910644233877221,0.0057905800813600194,0.04706034657898428
2026-01-15,-0.0014354670972460681,0.021125188884691504,-0.006754606453692524,-0.00593863593443178,0.0064444290281393535,0.008541482039797543,0.004504793022612752,-0.008251890990591093,0.002719507171454083,-0.006146511992686676,-0.02059351166617418,-0.00022650991170447554,-0.0558598622517219
2026-01-16,-0.002442745094192844,-0.004393569228210659,-0.010433282711183267,0.006982916579190146,0.00393883796667982,-0.0008863310845805827,0.0103260789463544,0.005868168803734086,-0.0008382564279321159,-0.00483053208751727,0.007284025438597297,-0.005791806794256615,0.0012617985402640919
2026-01-20,-0.04260930509435035,-0.04480571352822693,-0.03516681140302236,-0.011680088952667589,-0.034547787033964106,-0.026349733663021624,-0.03163414819950372,0.004378845749724469,-0.020566855255717442,0.03713794462564746,0.002926614608525391,-0.013184526271420083,0.2364219918624415
2026-01-21,0.028661055984391837,0.029056623452311747,0.003843451325229452,-0.02316966895229733,0.0013410811217227092,0.014526860231890204,-0.002314743083267956,0.02385844155857253,0.011475018699616868,0.014463871678662699,0.020386322530870693,0.007587867243542767,-0.1729085870652045
2026-01-22,0.040695858938020635,0.008257212491436405,0.002822574664753219,0.015705451155971772,0.013014244969159705,0.0550197829298531,0.00525025637545351,0.0002245210044780066,0.005209663778085627,0.018294219779694032,-0.02094312816110211,0.00434313519019458,-0.07748184228810695
2026-01-23,-0.000667811958379616,0.015194520290978453,-0.0012490498169324127,0.032300585451474184,0.02035976271241058,0.01703980733516719,-0.019656330235491737,0.009902911091849376,0.00036266941646978523,0.013651695099227368,0.029226163340192457,0.002733107508351651,0.028366213418943076
2026-01-26,-0.03135078007637393,-0.006414700713592403,0.029280096957101875,0.009249969963619264,-0.0030989827151852722,0.02043448125308789,0.011089756398071415,-0.0009637314149060217,0.005065292454212944,0.01452287824537457,-0.006375841857032327,0.0047650150270728275,0.0037220555605581573
2026-01-27,-0.009929693133760686,0.010933722693938996,0.011135311634926204,0.021665379253622774,0.02591738783059494,0.0009068913588672345,-0.0024279625603487176,0.014650308710405291,0.003976338186157058,0.02423586666073163,0.029236361575146752,-0.006244598697741743,0.012307894626494953
2026-01-28,0.0012987560805735043,0.015788180324216583,-0.007110624097650842,0.0021825494045151217,-0.0068486322879879324,-0.006320410222100392,0.0015304477762256852,0.005466357018143242,-0.00010066964734356532,0.038040544426992895,0.012608507512236855,-0.0022805795938563023,0.0
2026-01-29,-0.03514428354402188,0.0051558106250890745,0.007149452337150031,-0.10528441293144208,-0.005281189009015641,0.09898350615029372,0.018611013405513077,0.02107308465659763,-0.0019863486397246888,0.002705807739847188,0.03236025312567126,0.00022834557762063667,0.031901518775447446
2026-01-30,0.03270774829306067,-0.007194235238293878,0.004635398415236303,-0.007432329444284846,-0.01010337547631135,-0.029985563188647646,-0.0017311372082859933,0.006314068652468308,-0.0029870292480627114,-0.10841233744964729,0.0047900918883820864,-0.005608009677895431,0.03263700965321181
2026-02-02,-0.020183281392666785,-0.029306123614050605,0.039779460893500485,-0.016212952959274496,0.015178840703943486,-0.014182511319568825,0.007328600953698583,-0.02144476559551567,0.004959083917284168,-0.040873515763860446,-0.05413003398864369,-0.0028612384391264456,-0.06515035033324201
2026-02-03,0.00035553266889643,-0.028803825223368662,-0.001964837922112217,-0.029142520112482195,-0.018024540386183396,-0.0210434276815743,0.021542138345197692,0.03778853209455946,-0.008491423699952705,0.06164735147244915,0.028012294256203774,0.002423337727569752,0.09675565912600348
2026-02-04,-0.03853268867011028,-0.03469726658767858,0.025680287047938677,0.0072207944549305125,-0.023876750218376763,-0.033383123309325136,0.007656813482897817,0.02650163798723515,-0.0048556232072645145,-0.0007046601942608532,0.005278364836232896,-0.002538924142621468,0.034938018617097555
2026-02-05,-0.021912727317564773,-0.013350122039734735,-0.002099796122010389,-0.050811791828600406,-0.045214877005748555,0.0018219938622907605,-0.022664883328896934,-0.010283595826022562,-0.012567930681256279,-0.02699275619765107,-0.015397791625643364,0.010803499985450493,0.1552231197604641
2026-02-06,0.03439569638292639,0.07577304156935671,0.007977841070815117,0.01879751899717963,-0.057150465515023896,-0.013141606918424031,0.03870475774615212,0.020127337102059606,0.01900307879815699,0.030269515441490036,0.003904161931593819,0.0006856044087903967,-0.0664696248355332
2026-02-09,0.014992548192064525,0.024664984785235156,-0.011729000497211928,0.03058882034668553,-0.007636568568798907,0.023546572890883688,-0.0009309078897583589,0.01438773250574954,0.004810227845212012,0.02508561432489298,0.013289645508829828,-0.00022848257875285327,-0.1598945270474892
2026-02-10,0.01872981328940604,-0.007924370677357295,-0.003428831498792917,-0.0007982280148395304,-0.008468076358810528,-0.009644478696859693,-0.011930662750367027,0.002509908361585822,-0.0026406293530794045,-0.00996318866202106,0.00012819143271514122,0.011474096996916927,0.02446780875007093
2026-02-11,0.007170667714087031,0.007977025033715002,0.006628103245317263,-0.021770815373010954,-0.01401348751238718,-0.0030310693655160037,-0.023717540387655056,0.02585202254401775,-0.0002311488565025499,0.011247091222494454,0.010961116885609634,-0.005323229180420164,-0.00790079137448485
2026-02-12,-0.026499721174377378,-0.01649943088024841,-0.05127407257936145,-0.00627634018092138,-0.02219668834969646,-0.02864055021402745,-0.02666983586096716,-0.03021981477867719,-0.01556943679538314,-0.03534565209196927,-0.032333623532326605,0.013199045337534798,0.1651782867627145
2026-02-13,0.000886736257448284,-0.022340349906411205,-0.02299583941509553,-0.0012948231598715054,-0.00406643708333565,-0.01557132721477128,-0.00029753461936010694,-0.009920278748113631,0.000704251060116512,0.02457422891441219,-0.002096934376693227,0.005476456002963204,-0.010622954215521396
2026-02-17,-0.01644824962104785,0.011746261049877305,0.031176814386213003,-0.011175591191809886,0.011801910679928085,-0.0007505209541118774,0.015024590848798702,-0.015340968333780403,0.001612182753775393,-0.03166638360095497,-0.006449484007847062,0.0016703519936145383,-0.015162895353663775
2026-02-18,0.0016789405517183553,0.01614183833872218,0.0017795532383031443,0.0068805302548184955,0.017934163011373627,0.006128581884774498,0.005357871770775624,0.03025114932974393,0.005025060758005573,0.022240759759257323,0.047323960017318534,-0.0037903295992425257,-0.03357870204821989
2026-02-19,0.000947679089765785,-0.00042562770363563374,-0.01436422436588014,-0.0005771055024368366,0.00034179092368269437,0.002422406180603076,-0.0023670305321941143,0.0019228289488868455,-0.002640917886957972,0.002789156310915253,0.022293729473929602,0.0010047419123413448,0.0306171316400925
2026-02-20,0.00026718120762581066,0.010166442233303208,0.015233823534795299,-0.003091617690967219,0.025304384018124182,0.016733234086638404,0.008855479136573585,-0.02474565518820704,0.007205914505516553,0.0195226903950525,-0.00419654979448314,-0.0023459990472565195,-0.058001982820956144
2026-02-23,-0.02954695527872442,0.00907260269634147,0.006029046687798356,-0.03264977069912156,-0.023304999462925302,-0.028480283268426554,-0.0431319579952083,0.023353659315183073,-0.010263859697353439,0.026657023717321593,0.0006182757755883728,0.0036840287708965747,0.09583388002012061
2026-02-24,0.023604408796446208,0.006763812039410233,0.02214403664948783,0.01171364183352086,0.01590055137628621,0.003211746552263861,-0.0012438296284313921,-0.009999492420500466,0.007242187209707929,-0.013955835494471103,-0.0017320230295156946,0.0017814321481992579,-0.07202327834451827
2026-02-25,0.019401148037676563,0.013954458115646773,0.007650520846136821,0.02938405539493605,0.009923754371215843,0.02225931513882884,0.019980716469079063,-0.0013407562706841958,0.008402902818122726,-0.0025104111690774644,-0.0128358512780542,0.00011109372911466409,-0.08649994276889617
2026-02-26,-0.021357279325286527,-0.056106163714985335,-0.00467860524108854,0.002791917205409611,-0.012997130763748643,0.005066097189523333,0.009287483425650223,-0.0034947335349730935,-0.005569928872744434,0.008539325114314877,0.0005014832222069998,0.00399599862571165,0.03829783492863603
2026-02-27,-0.01496773516280303,-0.042538411151024746,-0.032657957379533364,-0.022607536922282456,0.009954149190768646,-0.013530886153765742,-0.01922793886146401,0.02631042331873168,-0.004813507218789148,0.013045947108173195,0.02696181611019277,0.006074453815214653,0.0639345497836552
2026-03-02,0.002010344152525434,0.029417965049184147,0.0020419247198253387,0.014685097698947658,-0.00769620956336059,0.008265910075498262,-0.009166031826472576,0.011215559898904104,0.000568450833916323,0.012837146760680263,0.06198040549013939,-0.01009284310220604,0.0765506717622717
2026-03-03,-0.027372150980347953,-0.013406031910892402,-0.0036708976244401725,0.01340864783167639,0.001630209134867222,0.002323085457941687,0.009032843132989576,-0.015618672073475004,-0.008853415600299286,-0.04563796333219461,0.033939719794630285,-0.002010718360867081,0.09471634288839903
2026-03-04,0.03384721273919844,0.01647012436394313,-0.004674468498818918,0.003139220615921978,0.03802601972435049,0.01912648333546496,-0.002901611774074553,-0.013326869902458682,0.0070304938268055395,0.0077877133277795,0.014965075184472987,-0.0031358134246026736,-0.10833481654451083
2026-03-05,-0.0009612310272730795,0.0016376569434086719,-0.008530831338801725,0.013433508696627072,0.009730180814114142,-0.010780750218415847,-0.01969920234007727,0.006254540984455659,-0.005591092944311704,-0.012090565447196333,0.05057766180349965,-0.004046387889672154,0.11594264302475743
2026-03-06,-0.02198816416611482,-0.030570547947451843,-0.010932134598947485,-0.004196959457123839,-0.02652010383106962,-0.024069923175257024,-0.013961704544366071,0.0029804937885886673,-0.013193785186652818,0.015708476698148566,0.12166340001976472,-0.003723591053959474,0.2164686845851973
2026-03-09,0.0049030954777862235,0.02679992797474462,0.009355669414158108,0.0010997672418451288,0.0013123918981730043,0.003915683444706275,0.0015189002047435451,-0.005105314659222593,0.008721814875850775,-0.0020718179527898783,-0.041676560212596137,0.008666879875103284,-0.1453727629014674
2026-03-10,0.0014036436297644173,0.011540132553406579,0.0036488745570135706,-0.008955193459730282,0.003926872997654485,0.010265555471366206,-0.004113092137314034,-0.015474010066328425,-0.0016083986757946533,0.011216537509720403,0.014558502165006537,-0.010703764796081039,-0.022606542387606954
2026-03-11,0.021263203188193636,0.006850197180292561,-7.670972662587872e-05,-0.0021711610782402246,-0.007869298894721766,0.00120706367304102,-0.004199734075961636,0.023023178173021464,-0.0012559228897517372,-0.0033958635686852645,0.020476639001345553,-0.012997610185404795,-0.028480393840772944
2026-03-12,-0.031914812787204205,-0.01565701758273974,-0.01955265956550356,-0.007486996517855893,-0.014780671622370178,-0.02580104785857884,-0.016234141178046002,0.012782485243646668,-0.015301438459733419,-0.01984963254664507,0.09139014307127713,-0.0019526793734776504,0.11892885233233486
2026-03-13,-0.00969213639410782,-0.015906149031486905,-0.022298653634479138,-0.015826551578985715,-0.008916648837354657,-0.03909800723548695,0.001942306825587714,0.016728864258597653,-0.005676215023587616,-0.01302137256955227,0.01259039636051984,-0.004956585973231675,-0.00367108998226362
2026-03-16,0.011083506865035453,0.01634289655954113,0.010737011185857348,0.011062368643044884,0.01940886032045075,0.022997366334331915,0.009550584461822886,0.007084805093974467,0.010125429394262753,-0.0008900836759426767,-0.04138169733275543,0.007712260322795039,-0.14542340599858372
2026-03-17,0.009335376020771946,-0.007065700712188594,0.005561553592462687,-0.0013511210133190232,0.016208681248397028,-0.007663393274436103,0.002547867423557726,0.009998837457253273,0.002627091163271089,-0.00252257105649889,0.032585066483068026,0.0027481900587931207,-0.04970505926942881
2026-03-18,-0.01638819667131486,-0.008445360648967615,-0.017018440434935833,-0.019262435829130453,-0.025079545963159866,-0.011273233148284767,0.0029583516932412124,-0.007711805819411666,-0.014051911808399709,-0.0321484286975835,0.023534426971060007,-0.005618778605437136,0.11474855344189372
2026-03-19,-0.032289272743434516,-0.01025194046249922,-0.003928637969992543,-0.007095289098823621,-0.005303027681524242,-0.014692904057746148,0.0007989451438161765,0.0036104863482622207,-0.002467329631242521,-0.04208848647076113,-0.03606630771460129,0.006076135933026805,-0.04191867811032868
2026-03-20,-0.032986169449252145,-0.033368705206460625,-0.0039038546496206195,-0.018550452539822793,-0.016372033885598825,-0.021727717400003677,-0.0049082111510347914,0.00950198657866963,-0.014439538092529958,-0.031034054726858606,0.034091828543506786,-0.01915590704899639,0.10710467755363728
2026-03-23,0.03443139945829721,0.016880501264274095,0.01401481259104198,0.002954767324371943,0.022960765779814096,0.017366783922547313,0.01162247596834387,0.009102355265814488,0.010445249178189897,-0.02285337448592628,-0.09377962964173481,0.006503342931773126,-0.023806189980082326
2026-03-24,0.00570769906301738,-0.002508330735788711,0.0005962460475608111,-0.027153937768180647,-0.01389640390325031,-0.018614073048194513,0.008552216779579958,0.026034339639715576,-0.0033624612191456293,0.00022271635118187305,0.0353657770216147,-0.004408286356513358,0.030134149741268157
2026-03-25,0.007594547116542394,0.019668337891848076,0.003886878846397046,-0.004571152690792779,0.021339876940533742,0.0033170736732062167,0.01027545476417746,-0.012901866702527798,0.005557218263224861,0.029645532839316147,-0.010090916357805568,0.009603731878504718,-0.06199386466286283
2026-03-26,-0.036518388902705645,-0.0425303080215933,0.001068262517089913,-0.013758534009891576,-0.01989338556603215,-0.08294109895877089,-0.01280937241443425,0.01320408920114069,-0.01802012148702481,-0.03831884826591203,0.03356051115297998,-0.008441785330894902,0.08001236131884104
2026-03-27,-0.028015018969043126,-0.02196341378023181,-0.01630528019626265,-0.025460125067358952,-0.04031216865924314,-0.04066678726205275,-0.030707409764834992,0.03305696652905432,-0.017198951843375276,0.03449209165387579,0.05749943517409406,-0.0054731434997385975,0.12359696148774324
2026-03-30,-0.018268243604687484,-0.014127471934553881,-0.008760109701825058,0.0061196601448418875,0.008044214540419148,0.02007426140963986,0.003282672939755038,0.002803230649257138,-0.0033489923071652328,-0.00028946950554864515,0.044332771547582084,0.013223766308406937,-0.014272010911234645
2026-03-31,0.0453153777923081,0.054376255613330926,0.0286178649594806,0.0307514478017481,0.035779229656416334,0.06452330162265607,0.03595979399902127,-0.010611848632390064,0.028653407820693033,0.03719349265015026,-0.020072261045009476,-0.0010376849893507512,-0.19250061717556521
2026-04-01,0.025259997359648345,0.007711053531215484,0.007223978636377026,-0.0021635289281514147,0.0109828388282871,0.012333430331750606,0.004138821976746421,-0.05375943595158894,0.007506248903133894,0.017348463901670108,-0.02514657615582383,-0.0009849116914892875,-0.028521679131051414
2026-04-02,-0.05574001402961759,0.009288088228185387,0.0011338123573079173,0.011012013357501793,-0.003806461415203799,-0.008269132622956477,-0.002644173543695949,-0.0005599779366507462,0.0009000543608630451,-0.019395701723403214,0.10566671436436614,0.006125440471565824,-0.02768200108107921
2026-04-06,-0.02178353604295502,0.0014083382738379058,0.011422391614750893,-0.0015542218182789114,0.014294019552437476,-0.002509836723697312,0.007985826785513517,0.01654048737528413,0.00471570863127635,-0.004107092256447231,0.007368409197219705,-0.0016144868636764897,0.012489722362708733
2026-04-07,-0.017642424845981886,0.002586205820675147,-0.020923456036972432,-0.0015835039189671107,0.004594958346945788,0.0035362963950760218,0.006578412169909065,0.0033000371386346927,0.0004399037927642624,0.009680581273932454,-0.006208962240450866,-0.00011541393139058442,0.064486826273908
2026-04-08,-0.009856563133277874,0.02210099101794505,0.021078025189925853,0.005464620271465215,0.0343925932105984,0.0629613149210595,0.03492429647888251,-0.04805230104502911,0.025150689620179634,0.006279313363379835,-0.10288514607212118,0.0032266543777819123,-0.20317359276268965
2026-04-09,0.006880846850074285,0.010000334200718441,0.0061225671233478,-0.0033716549179709787,0.054530959135924206,0.02574274969004353,0.0076338061449066075,-0.007582109519109537,0.005752440641581202,0.007748433781413766,0.018923974483183947,-0.0025343705105544956,-0.07652392960724841
2026-04-10,0.009588788947183957,0.02534093107043578,-3.834555691284436e-05,-0.005914489016538127,0.020041816513914235,0.0023364652025161803,-0.0014833255164656833,-0.016453054560155778,-0.0006619944965713387,-0.001782773309261465,-0.016999371946035957,-0.002425093192043981,-0.013429965979891989
2026-04-13,0.009895003796756008,0.003598410048899048,-0.004926067375605747,0.03575403655529463,0.006314422859656332,0.007387146364669306,0.012220485822153293,0.0008521162988230913,0.009725005713406176,-0.004057403475821175,0.028822726484402317,0.0030016305408082644,-0.005736584279810497
2026-04-14,0.03287951656879695,0.0373274464888782,-0.0014286068821363074,0.022483811465560777,0.03735274928383259,0.043120757721089475,-0.008194680751405059,-0.022526438980762897,0.012111239170364385,0.022103259292038047,-0.03662427993038264,0.005288605524019552,-0.04056053308032137
2026-04-15,0.07343111096819754,0.011938031369764346,0.028940120889101806,0.04503888343389839,-0.002090386144682377,0.01362780467203173,-0.016822350703714406,-0.0015423655411854753,0.007859998349512232,-0.010456884729500793,-0.01022571938090966,-0.004366747726480824,-0.010402531828916928
2026-04-16,-0.007812086311693278,-0.0026181942780434397,-0.011437796552709933,0.02174525111320147,0.004817339527346753,0.007845985357244345,0.013054716392694843,0.019735545837719748,0.0024543333053879124,-0.0008631178955775809,0.026165805414628096,-0.00635438747642425,-0.012739000207228734
2026-04-17,0.029691109442296693,0.01664907333243537,0.025599724502604282,0.006002043749179897,0.003438217994609083,0.017108713626814875,0.0010963345559700244,-0.03713317228242108,0.012013237341879979,0.013205474549607743,-0.08107626250574818,0.009114607021999177,-0.025975542360211268
2026-04-20,-0.020476797687229542,0.0018824237593380033,0.010381401662850287,-0.01122674092422482,-0.009141266429826267,-0.0259529247771777,0.02136288354627336,0.008431901663913166,-0.002001737254896163,-0.008648499628928441,0.044496713161959356,-0.00022981616181994013,0.07651605981539955
2026-04-21,-0.01561164164015949,-0.010847408096844369,-0.02551957602598609,0.014461871447776886,0.006543731071589676,-0.0030900877519641767,-0.012667040147730013,0.004594081740594724,-0.0065684177504437,-0.028728747571709512,0.055549803745959636,-0.0055292639718009795,0.032841061714765196
2026-04-22,0.002816784530693006,0.013022666698602414,0.025959122658055556,0.020442188268340544,0.0215734489512025,0.008752856380747076,6.385450264012604e-05,0.007654603112211333,0.010075780503951748,0.013158850718081538,0.008926850848102852,0.0019617219093133187,-0.03019489791351937
2026-04-23,-0.03623482292188385,-0.014224159796213165,0.0009512419139854345,-0.040468863771675245,-0.0010970880261798044,-0.023346602573655062,-0.004257884992524552,0.006866007130414964,-0.0038882904816341934,-0.009742663076259817,0.0402902246560739,-0.0021926872693249777,0.020403501127192136
2026-04-24,0.006879807968652507,0.04231955004193377,-0.0087054855645059,0.02111053357014203,0.03433395802318717,0.023806006921236467,-0.01100066621441087,-0.010820245317299637,0.007719437564376541,0.005114015549751549,-0.017370962151209035,0.0018468538533964463,-0.03156497742989117
2026-04-27,0.00627848369163253,0.03926319027785663,-0.012809554739297901,0.000470939071997023,-0.010931133572366747,0.005304181205167957,0.010808076207742268,-0.004846882310478584,0.0017213055408076272,-0.007785532512715854,0.017370962151209035,-0.004971415381763045,-0.03757581377020136
2026-04-28,-0.007022844604162692,-0.01600850416151456,0.011517520751980648,0.010373913089718911,-0.005452887403188278,-0.010785602217771029,-0.0005776973848083955,0.015866421426323996,-0.0048778697536606686,-0.018737366254643284,0.035582674494674116,0.0010425758715690847,-0.010599849987197096
2026-04-29,-0.008600254179981448,-0.018560255972615458,-0.0019966978339400754,-0.011221763168715704,0.01277897868001343,-0.0033123169306481515,-0.0070888695412199,0.026932133295528793,-0.00015452126278159284,-0.010723068864617602,0.07604529708093022,-0.007787598419726649,0.053506187324636745
2026-04-30,0.023409515563599825,-0.04736465906513754,0.004358149393629773,-0.04008988740544961,0.007650061888693216,-0.08937823141819479,0.012787757483225803,-0.0022006462065728982,0.009900461815237627,0.01486229443655418,-0.023781911696474367,-0.0009339285884815141,-0.10766692023787261
2026-05-01,0.02379554904158887,-0.005627882498131065,0.03187991038651017,0.01620038081588593,0.012000489635761724,-0.005177488415403886,-0.0024292809532102666,-0.010290589355990143,0.002765268411019761,-0.0011336522597229504,-0.029599548157848155,0.0035690468336158077,0.005903227529430399
2026-05-04,0.004314924812415022,0.00015109925506351374,-0.01188596219769078,-0.0019805564528878605,0.01402913218386459,0.0027231624093397855,-0.015545747384607012,0.006135036239212077,-0.0036701188010397345,-0.020218142966322183,0.03312859340746144,-0.007621565369936079,0.07372959024666415
2026-05-05,-0.008032003657369557,-0.010025891482081661,0.02620433855442794,-0.00543026541819458,0.005498547823946431,-0.008968510390804596,0.005672182198308562,0.007713029951826655,0.007990221711526857,0.00854767057380812,-0.023580518560650354,0.0055167982148844885,-0.051034440909004886
2026-05-06,0.023754487827165605,0.05605804652492097,0.011649801728448317,0.006251935224947935,0.005250321971042027,0.013006805266546628,0.017620215107473136,-0.0407870269556847,0.013803688898870625,0.029888127796577457,-0.07352657291534381,0.0075797930119332335,0.0005752217184058495
2026-05-07,0.03222900776203019,0.01750455152889785,-0.000243536767073671,0.016317029709619568,-0.013988717860178745,0.00639182724625087,-0.027788100651294556,-0.01429227750620754,-0.0030707924798578645,0.0016692975079797279,0.007585967357641721,-0.005007821040304172,-0.01798710937477832
2026-05-08,0.03942710124226778,0.017342835809246893,0.020250074126795248,-0.013518725545446308,0.005552939638259424,-0.01170880029058452,-0.013708901199920298,-0.013807504425192185,0.00822220187546474,0.0048298583279891005,-0.01027715997677614,0.005007821040304172,0.006419666569116078
2026-05-11,0.038133649507289036,0.019511007291121096,-0.0012634684139429808,-0.005943620767689062,-0.013624751749595987,-0.017824338822277852,-0.0069756958282543025,0.03473583816707482,0.0022749733270961414,0.002026681102102579,0.037249539336386306,-0.006059249150269785,0.06693522080471714
2026-05-12,-0.02629780468910159,0.00608788349418532,0.007217281916175544,-0.011920778009659294,-0.011854752338375185,0.006889353612011817,0.016135812931797666,0.006326871258440114,-0.0015161013155964298,-0.003965060284397914,0.03986956700347122,-0.006684237491544565,-0.02144703602768283
2026-05-13,0.02690433759547961,0.02261580585803724,0.013711560991706229,-0.006297779830461536,0.01608392713413931,0.022351957398804245,-0.015302751160139572,0.006221113657587374,0.005579244842588871,-0.005628711330521341,-0.015785826121081925,-0.002237984405396354,-0.006692659105123511
2026-05-14,-0.004434100858338397,0.04294701759820985,-0.0022107722441448985,0.01036048929104183,-0.010831048951722266,0.0029148508659098127,-0.0011330154113959878,0.007951317250507905,0.007863317827569993,-0.0076716482577579015,0.0067359694524613545,0.0014139702008577615,-0.03473167721848558
2026-05-15,-0.04867286458740416,-0.04520787679613569,0.006750976522239327,0.03004978886192422,-0.011592972656152334,-0.006814549356715993,-0.007026813007544597,0.03985413415073946,-0.012102281834028616,-0.023494231397838128,0.03592046244267433,-0.014948639310198075,0.06558808932426752
2026-05-18,-0.029441104289050557,-0.013403819528754468,-0.00799246690823896,0.0038322788486269133,0.002722008119722119,-0.004928865418826867,0.00975720929120616,0.016143105470170838,-0.0007037568965344576,0.002728150184871936,0.007125585390934219,-0.0011960472290279967,-0.03365838332317583
2026-05-19,-0.014445663458309,-0.007721410619631719,0.0037868207228148876,-0.014555068940400595,-0.021061401192618234,-0.01417038477938437,-0.01686744002378049,0.012753995963667997,-0.0066830701355833355,-0.016700574279936653,0.02428581510253469,-0.006483380366224978,0.013378113500344124
2026-05-20,0.03202247022638449,0.01288075638278574,0.010911251503184616,0.008682378065395291,0.021627669973466546,0.00405744262271579,0.02101544817933565,-0.0393364031483161,0.010196829759482995,0.01423595990327442,-0.05848991962402916,0.010663302034836342,-0.03493306931413942
2026-05-21,0.0014129789484984556,-0.017879425943107208,0.009024467670268876,-0.0025260905929025412,0.012934297256761873,0.0038269293201578236,0.0033719680731616464,-0.006354969029154667,0.0019811239783802392,-0.0009827627438161457,-0.012063958599933144,0.00368760872830709,-0.039771340393031984
2026-05-22,0.019340312041324914,-0.019226014016840764,0.012479649444336438,-0.001241527775447615,-0.008003274461744425,0.0047305485279842685,0.01109334245043847,-0.0023854505195197717,0.003923840734942452,-0.007631102906283438,-0.01143027449262668,0.005446941241938674,-0.0035863436026652984
2026-05-26,0.017636535587117308,-0.002185077406026359,-0.0015880121843201422,-0.006086787367366675,-0.003875021302848225,0.003402571403710475,0.00117426402631704,-0.033541034594589014,0.006616702614766545,0.0004348594550149798,-0.028211414651336142,0.004947609219270177,0.018392654755786886
2026-05-27,0.015493162254673898,-0.010574191531007138,0.008139905925081514,-0.008109095484610584,0.02442686657821369,0.03674672145442148,-0.024620894478387,-0.012831479783707245,-0.0001732571729027299,-0.013398563535697683,-0.04455463052784214,0.002347454078839739,-0.04324994104773916
2026-05-28,0.003943573700417424,0.0077310545772277806,0.005325999563198458,0.03411229625288392,0.00787764034436389,4.712123853156669e-05,-0.00855688725094872,-0.006375841857032327,0.005501418012009651,0.010423100202116231,-0.0019097825011726854,0.005144975852566347,-0.03434625036790928
2026-05-29,-0.014375619088439429,-0.014622087317937904,-0.0014410307239467457,0.053020181356410845,-0.012338527790443088,-0.004385523673374081,0.008657160564949251,-0.011635284229927656,0.0024883063996865573,0.010483427987445282,-0.01300670564914519,0.0002333651475403542,-0.02704608405548914
2026-06-01,-0.04676372669880724,0.06073045986638714,-0.018597816123111066,0.02257550971290634,-0.035273461160258535,-0.05198342214267804,-0.009162885581194047,0.02796822525417131,0.0027194125046703377,-0.01414829684018315,0.04846183316979058,0.0005382444971528955,0.046549657648500276
2026-06-02,0.018723267699192192,-0.006887637455919027,0.0286097436452053,-0.042608691140752164,-0.01830952598505675,-0.004740800414020363,0.014660351758214674,0.0012042061688770644,0.0013570186308609067,0.0016763707549163342,0.012978180068317968,0.002103864068490502,-0.01759937203840911
2026-06-03,-9.435010681180245e-05,-0.036889721247239216,-0.01579670959981261,-0.03216763006305978,-0.025665659701418875,0.04154260145371058,-0.0003654299259512328,0.019663656223817938,-0.007041918531283109,-0.009953528184733607,0.02581667326222714,-0.003977588840423429,0.018222245262269787
2026-06-04,-0.012468248792164793,0.019208290386228732,0.0031215368741390748,0.001660041925427791,0.014966195195499132,0.007340810380850549,0.032827319412129796,-0.003217690046316335,0.003771564462891952,0.008301422193564001,-0.029685140992325998,0.002224691232171949,-0.04196419061589429
2026-06-05,-0.06784987766553563,-0.06402033391723538,-0.012577609274253554,-0.026945408848183305,-0.03105365219156564,-0.056660776541975544,0.004749216223856045,-0.014041793685922066,-0.026148277086186944,-0.03722984276849228,-0.027581827682763738,-0.005159534172964442,0.3341504692715347
2026-06-08,0.04488536904530793,0.017112580975841674,-0.019051909023308333,-0.011902515359320631,-0.0032977029725937967,-0.012916128735448673,-0.004041882785132955,0.012132623663040576,0.002261613232488635,0.002596058990330441,0.01588570258619626,-0.005186202595410805,-0.1282983862641749
2026-06-09,-0.030463037176546415,-0.0021591397984064287,-0.037127069180795225,-0.02043863488144826,-0.0042091509870765265,-0.0013675383254838636,0.0050977700130676595,-0.01889230874472414,-0.0029397674358477843,-0.016471383961975228,-0.0289004230100236,0.005891394015792528,0.0489915311437481
2026-06-10,-0.03878316767107304,-0.03803598052040513,0.0035387281174603658,-0.01511078964707746,-0.025675947123681375,-0.023556588800603073,-0.011450023394819375,0.011417955060233353,-0.01589116082307207,-0.042339376208338386,0.022591321701246336,-0.0028235739369231183,0.11178165450941568
2026-06-11,0.044990546617470706,0.02196045231330057,0.013794324313997741,-0.017824489113484887,0.014640183686285724,-0.004476060439686513,0.013973159341884589,-0.027052245168762923,0.016854017638559426,0.030860698069963277,-0.04158240623624376,0.012876247002440167,-0.13365992680495298
2026-06-12,0.018074423616042168,0.0015607832565320834,-0.0153387693569762,0.0010242073496362636,-0.012331912602696171,-0.002554166283447401,0.022801088305249628,0.0027927432235994587,0.005393675844766577,0.000569317139269998,-0.026745883546766436,-0.0024454307070280734,-0.09489875203382159
2026-06-15,0.011546402155351743,0.03477026113229975,0.018007493246392947,0.022822039293822094,0.030833906051889848,0.04660591756747756,-0.00412425354905821,-0.04230823383049209,0.017480295410686075,0.025566728082746515,-0.0342232655404322,-0.0005830811003786351,-0.08742278513720558
2026-06-16,-0.015910879171027403,-0.024009123899062068,0.009468481540986673,-0.014945081454071918,-8.131487459195341e-05,0.011276148415824139,0.03609700380331482,0.0066483195969722075,-0.005979403902404812,0.0027198311858462887,-0.048513804393818916,0.005467976968456689,0.012879606470164617
2026-06-17,-0.020673857986175825,-0.013396355182919706,-0.011055331985774686,-0.038620590481544426,-0.03516391245766659,-0.05589789189536276,0.0069815955633432125,-0.00792640450745008,-0.012566499634242057,-0.022971384282330476,-0.010796777402018343,0.001623039829049766,0.11663135128682756
2026-06-18,0.010315413608767088,0.029086697312463272,0.006936513375142006,0.0012923218845770634,0.028597683957912956,0.01684168688558607,-0.02502100456350842,-0.021038348397670603,0.010343315448327672,-0.0038158427778745008,0.005587088934313478,0.004853196998936937,-0.11724093552055415
2026-06-22,0.011321713115919785,-0.009729692641559318,-0.003361234609481123,-0.03230320168250422,-0.04862857666526832,-0.02343521019950323,0.0190656239244289,0.004777797310960175,-0.0031519418478263006,-0.006556887617395368,-0.0191603704386063,-0.007637229459415806,0.05226849154253532
2026-06-23,-0.059611379843779844,-0.04214086479707024,-0.009166227388095471,0.01780752353487447,0.005654362212000663,-0.0029305351940340785,0.00799259270867303,0.009058254033535995,-0.014628429664887754,-0.019084169061679646,-0.01277088378156499,0.0012769289593270727,0.12035169866357842
2026-06-24,-0.016060748057994623,-0.005212488263587112,-0.004154050285409383,-0.022938552570829884,0.0006832216006893432,-0.008090321243322762,-0.0020670898451315978,-0.020461270805158804,-0.00046362452088377637,-0.030678886222522017,-0.04569860768851708,0.013596260717077868,-0.04512836220983907
2026-06-25,-0.00109239647296544,-0.016517548663244952,-0.06312918215256147,-0.03517049422135088,-0.03148026940338511,-0.0268974873472958,0.004995642558454527,0.00473682184646762,0.001444591300819198,0.009627690032062652,0.02801664381206681,-0.00034332639611367455,0.013859509636510836
2026-06-26,0.012161819203993396,-0.016535296660330268,0.030882904454319515,0.05551167425391679,0.02471306091430847,0.013502848811788759,-0.01827898667853045,-0.0073699467384154005,-0.0072576467361811225,0.011223558982924153,-0.03566646666064788,0.00011448444799100344,-0.0257386622459177
2026-06-29,0.08122713454703767,0.012593727434428992,-0.007214660607258061,-0.01186731797190177,0.03151497796996949,0.022196132254121537,0.0010328228489226987,-0.0035216158453881263,0.01634062419874116,-0.013608268012377245,0.01505484244163302,0.0010295955279326918,-0.04215822519038115
2026-06-30,0.021047362264354774,0.025921540190743997,0.02668691184994021,0.012001335301083493,-0.0075238737633274155,0.001225701544945501,-0.006273683348712034,0.004839100762510817,0.007756640320928376,-0.0005427206271182428,-0.005994766705614829,-0.011848037634998754,-0.07041023817561198
2026-07-01,0.011112495777372722,-0.012623672142352937,0.017199929330940833,0.02973944230802239,0.01399906478561963,0.08442350821195799,0.020381822909215863,-0.003223463900376089,-0.0013534198977209755,0.006008302974758628,-0.030234583869478193,-0.0067823820226013964,0.008474589809257527
2026-07-02,-0.07784074755080628,-0.014016182027724255,0.04727169789487817,0.016030885383639948,0.004005213069303792,-0.05020237548230089,0.0011965992262359393,0.00592603389918267,-0.0013149336271025547,0.02011473443068912,0.0068517200630511255,-0.00011687431349649557,-0.026880087351686566
2026-07-06,0.06475289005284868,0.0036887239515328574,0.01297318561584504,-0.009649728377271849,0.006121274942382016,0.029397148242850335,0.014164753917738082,-0.004752642290561049,0.008689545400113019,0.010522812875633392,0.0035520136605224906,-0.0007019793024527488,-0.03657405980258499
2026-07-07,-0.04101853901112129,0.007032181644567537,-0.006417271514011169,0.00541533116352344,0.007426451350223573,0.025152105392012736,0.004431714626410788,0.037756614362682406,-0.004763225841267982,-0.012216825224767192,0.042863032094045295,-0.01058826240893218,0.03533487386210332
2026-07-08,-0.022185201276039734,0.03585973382237295,0.008749389702146004,-0.014245624245686983,-0.009640600216052952,-0.020448766762633852,-0.025679203186040667,-0.003960103782860713,-0.003094211852911144,-0.008085737106823032,0.029758456523168775,-0.002249748593052381,0.046632759249087385
2026-07-09,0.031203716855639385,-0.006586390769892425,0.008989709692230008,0.0026572610086788018,0.013940625430091558,0.04595006592667694,0.014562872418269812,-0.0263484714881006,0.008429620706500884,0.0099119380907835,-0.028932466780807964,0.0015397960352707685,-0.06477520333750109
2026-07-10,0.0029718973532872894,0.039546932365746024,-0.0028501583226967497,0.0019234813722102118,-0.006905250981228406,0.0580317053163224,0.00297645841784,0.01027727153474789,0.004300897555176597,-0.003098515188066031,-0.002847874684799301,-0.00023670269020037438,-0.052490210020858186
2026-07-13,-0.032400779939290913,-0.035855165703209124,0.006291186894399559,0.015178902564042751,0.007997611876586319,-0.0188249996769283,-0.005782437695950549,0.03973838522735296,-0.007685633815530224,-0.02655571613253116,0.08031161969111711,-0.0059368494578828646,0.1325328991692527
2026-07-14,0.0035906249054979966,0.039829039408852296,-0.007751157251170149,-0.01562047868644445,0.0007275987930528416,0.006541373779807458,0.02468318074648046,0.004005542989440336,0.0035443530504952747,0.013580960339774073,0.020004005942773517,0.0013091416133814704,-0.03922070426121316
2026-07-15,-0.004350915634407038,0.0032995407884888195,0.03936000601247791,0.027417962843460764,0.02973649709452797,0.030203092756912575,0.011655652124962224,-0.004005542989440336,0.003955801420062244,0.0005373061432996096,0.010018706093741336,0.0019010941206332177,-0.051612319669815054
2026-07-16,-0.00865672465794809,-0.024292721997761113,0.017434940338492133,0.01373134460185721,-0.020085877850740452,-0.024922372997344233,-0.01089773929989768,0.009915405092619345,-0.005433351714811074,-0.020046553425765445,-0.01728474309534178,-0.00035617429691292557,0.06545542640016722
2026-07-17,-0.02648166485346426,-0.022379698238569112,0.0014392220437811076,-0.01831681727804213,-0.010701758429281227,-0.028280040257188332,-0.005991944249689851,0.009614500258392944,-0.009946458438716554,0.00940872323854336,0.0383175708494754,0.003674484860285432,0.11505638734957868
2026-07-20,-0.03003914234140659,0.0023147648787338326,-0.021656667096711324,0.021279272100756863,0.011101878873679638,-0.0002477577792028285,-0.0065591687204120674,0.006763180086474918,-0.001615682759917192,-0.002201051276090382,0.012426528158874461,-0.007481743447645073,-0.006413749350782094
2026-07-21,0.025011284665097833,0.019534413615778234,0.003515030960342891,-0.011349575597768613,-0.009808344900483768,-0.0031635931504734316,0.018594354799920332,0.022329091279233104,0.008306712831607221,0.01942381730587961,0.026263530774772725,-0.002745399794815029,-0.08969596665334079
2026-07-22,-0.013068910989717075,0.02275049536218976,-0.005660635258418978,-0.018805522396685426,-0.010966791059379588,-0.0261860387156716,0.008594828111341712,0.017899551591105123,-0.0011634178861417155,0.011433540388900987,0.021725696839885345,-0.002633169835831062,-0.0243407602690624
2026-07-23,-0.15693077724657734,-0.015684001522928703,-0.013064847610259278,-0.02269765271187385,-0.046778720114081906,-0.0341726603337813,0.004841660420966676,0.01567451934883124,-0.012426173368713656,-0.020250095841770843,0.05761827217707349,-0.0032411560871512535,0.1167141659461608
