,SPY,XLF,XLK,XLE,XLV,XLI,XLY,XLP,XLU,XLB,TLT,GLD,USO,HYG,UUP,^VIX
2016-07-25,184.54534912109375,15.952167510986328,20.600717544555664,22.304161071777344,63.36418151855469,48.815330505371094,36.829490661621094,42.388309478759766,19.19166374206543,19.892847061157227,104.74995422363281,125.47000122070312,81.04000091552734,50.53860855102539,21.02703285217285,12.869999885559082
2016-07-26,184.6305389404297,15.96567440032959,20.645732879638672,22.434070587158203,63.25419998168945,49.21946716308594,36.784420013427734,42.059532165527344,19.024051666259766,20.04435157775879,104.9161376953125,126.0,80.63999938964844,50.34410858154297,21.001970291137695,13.050000190734863
2016-07-27,184.43460083007812,15.958914756774902,20.816761016845703,22.214229583740234,63.54180908203125,49.02581024169922,36.671775817871094,41.432579040527344,18.80542755126953,20.068920135498047,106.22267150878906,128.02999877929688,79.19999694824219,50.49734115600586,20.901721954345703,12.829999923706055
2016-07-28,184.64756774902344,15.992674827575684,20.830265045166016,22.21755027770996,63.48260498046875,49.008975982666016,36.739349365234375,41.6160774230957,18.87830352783203,20.04025650024414,106.02632904052734,127.66000366210938,77.36000061035156,50.28518295288086,20.893367767333984,12.720000267028809
2016-07-29,184.9456787109375,15.96567440032959,20.90677833557129,22.444059371948242,63.60948944091797,48.86585235595703,36.77991485595703,41.822532653808594,18.991256713867188,19.937881469726562,106.90990447998047,128.97999572753906,78.08000183105469,50.332332611083984,20.60933494567871,11.869999885559082
2016-08-01,184.79232788085938,15.9251708984375,20.947288513183594,21.70458984375,64.01549530029297,48.80690002441406,36.838497161865234,41.86838912963867,19.00218963623047,19.827320098876953,105.7508544921875,129.22000122070312,75.27999877929688,50.04997253417969,20.667810440063477,12.4399995803833
2016-08-02,183.60833740234375,15.790145874023438,20.789756774902344,21.901113510131836,63.77018737792969,48.352264404296875,36.288726806640625,41.80723190307617,18.87830352783203,19.774089813232422,104.66130065917969,130.27000427246094,74.63999938964844,49.97894287109375,20.525794982910156,13.369999885559082
2016-08-03,184.14498901367188,15.952167510986328,20.861770629882812,22.32414436340332,63.592552185058594,48.5880241394043,36.39237594604492,41.57784652709961,18.76534652709961,19.82322883605957,104.72181701660156,129.64999389648438,77.5199966430664,50.203880310058594,20.642749786376953,12.859999656677246
2016-08-04,184.3408966064453,15.911664962768555,20.974294662475586,22.290836334228516,63.499507904052734,48.604854583740234,36.37434005737305,41.669620513916016,18.75441551208496,19.90512466430664,105.50865173339844,129.8699951171875,78.72000122070312,50.5235595703125,20.676162719726562,12.420000076293945
2016-08-05,185.8486328125,16.21544647216797,21.176834106445312,22.4940242767334,63.651771545410156,49.093177795410156,36.757381439208984,41.73843002319336,18.48477554321289,19.970643997192383,104.41168975830078,127.55000305175781,78.87999725341797,50.636016845703125,20.784767150878906,11.390000343322754
2016-08-08,185.7378692626953,16.235700607299805,21.17234230041504,22.79380989074707,63.110416412353516,49.160518646240234,36.63572311401367,41.69253158569336,18.47749137878418,20.011592864990234,104.60832214355469,127.44000244140625,80.80000305175781,50.84320068359375,20.801475524902344,11.5
2016-08-09,185.8486328125,16.249204635620117,21.217344284057617,22.673898696899414,63.26264953613281,49.143672943115234,36.52756118774414,41.822532653808594,18.473852157592773,19.950170516967773,105.63732147216797,127.95999908447266,80.55999755859375,51.02078628540039,20.75970458984375,11.65999984741211
2016-08-10,185.3885955810547,16.12093734741211,21.14983367919922,22.427404403686523,63.05119705200195,49.118431091308594,36.60417175292969,41.975433349609375,18.47749137878418,19.95426368713379,106.04591369628906,128.55999755859375,78.16000366210938,50.926063537597656,20.65110206604004,12.050000190734863
2016-08-11,186.24893188476562,16.154693603515625,21.226346969604492,22.757169723510742,63.41492462158203,49.43836212158203,36.96917724609375,41.975433349609375,18.52121925354004,20.04025650024414,105.10010528564453,127.66999816894531,81.68000030517578,51.050392150878906,20.709579467773438,11.680000305175781
2016-08-12,186.08712768554688,16.107437133789062,21.203842163085938,22.883743286132812,63.25419998168945,49.30366134643555,36.951141357421875,42.12071228027344,18.546720504760742,19.827320098876953,105.9853744506836,127.4000015258789,84.0,51.09178161621094,20.676162719726562,11.550000190734863
2016-08-15,186.623779296875,16.21544647216797,21.30736541748047,23.066951751708984,63.36418151855469,49.631996154785156,37.02325439453125,42.01366424560547,18.262508392333984,20.02796745300293,104.98661804199219,127.83999633789062,86.08000183105469,51.2457160949707,20.642749786376953,11.8100004196167
2016-08-16,185.6612091064453,16.174942016601562,21.14983367919922,23.103595733642578,62.797428131103516,49.4130973815918,36.811458587646484,41.830177307128906,18.047521591186523,19.9215087890625,104.70672607421875,128.47000122070312,87.36000061035156,51.13916778564453,20.458959579467773,12.640000343322754
2016-08-17,186.01040649414062,16.228954315185547,21.140830993652344,23.17353630065918,62.9243049621582,49.55623245239258,36.72584533691406,41.94485092163086,18.31716537475586,19.90512466430664,105.334716796875,128.5,87.91999816894531,51.21025085449219,20.475669860839844,12.1899995803833
2016-08-18,186.42784118652344,16.21544647216797,21.14983367919922,23.64986801147461,62.949676513671875,49.70777893066406,36.703304290771484,42.090126037597656,18.54307746887207,20.032068252563477,105.50113677978516,129.11000061035156,90.4000015258789,51.411441802978516,20.325294494628906,11.430000305175781
2016-08-19,186.15528869628906,16.20870018005371,21.16333770751953,23.453350067138672,62.89894485473633,49.69094467163086,36.72584533691406,41.99073028564453,18.31716537475586,20.060733795166016,104.9488296508789,127.97000122070312,90.72000122070312,51.2575569152832,20.400482177734375,11.34000015258789
2016-08-22,186.14671325683594,16.20870018005371,21.16333770751953,23.183530807495117,63.02580642700195,49.64883041381836,36.68979263305664,42.0518913269043,18.36453628540039,20.032068252563477,105.83402252197266,127.77999877929688,87.76000213623047,51.17469024658203,20.425546646118164,12.270000457763672
2016-08-23,186.52159118652344,16.228954315185547,21.23984718322754,23.34674644470215,63.085025787353516,49.69094467163086,36.874542236328125,41.96779251098633,18.28436851501465,20.20404815673828,105.9475326538086,127.76000213623047,88.72000122070312,51.34635543823242,20.408838272094727,12.380000114440918
2016-08-24,185.56753540039062,16.22219467163086,21.12282943725586,23.253488540649414,62.09536361694336,49.53939437866211,36.698795318603516,41.89898681640625,18.27708625793457,19.970643997192383,105.6978759765625,126.33999633789062,86.55999755859375,51.204280853271484,20.467313766479492,13.449999809265137
2016-08-25,185.43975830078125,16.255956649780273,21.16783332824707,23.19019317626953,61.5709114074707,49.530975341796875,36.5771369934082,41.73843002319336,18.28801918029785,20.068920135498047,105.296875,126.2300033569336,87.5999984741211,51.299015045166016,20.467313766479492,13.630000114440918
2016-08-26,185.09046936035156,16.276201248168945,21.176834106445312,23.110254287719727,61.80776596069336,49.38785171508789,36.47349548339844,41.52433776855469,17.9090633392334,19.95426368713379,104.68402099609375,126.05000305175781,87.5999984741211,51.239810943603516,20.617687225341797,13.649999618530273
2016-08-29,186.0019073486328,16.417972564697266,21.257850646972656,23.266803741455078,61.9431037902832,49.741458892822266,36.59967041015625,41.769004821777344,18.05481719970703,20.13443946838379,106.08375549316406,126.30000305175781,86.80000305175781,51.494327545166016,20.634395599365234,12.9399995803833
2016-08-30,185.69529724121094,16.566492080688477,21.185836791992188,23.186864852905273,61.731605529785156,49.60674285888672,36.39686584472656,41.52433776855469,17.86533546447754,20.08530044555664,105.67517852783203,125.02999877929688,85.83999633789062,51.52394485473633,20.742998123168945,13.119999885559082
2016-08-31,185.16720581054688,16.579999923706055,21.14983367919922,22.820457458496094,61.54555130004883,49.32891082763672,36.302242279052734,41.57784652709961,17.938213348388672,19.88465118408203,105.8264389038086,124.77999877929688,82.87999725341797,51.32268142700195,20.734642028808594,13.420000076293945
2016-09-01,185.1756591796875,16.51247787475586,21.217344284057617,22.75383758544922,61.384803771972656,49.37101745605469,36.37434005737305,41.59314727783203,17.847116470336914,19.9665470123291,105.9432373046875,125.29000091552734,80.4800033569336,51.42433166503906,20.659456253051758,13.479999542236328
2016-09-02,186.01040649414062,16.586742401123047,21.311861038208008,23.010326385498047,61.452510833740234,49.61516189575195,36.446441650390625,41.91426086425781,18.083961486816406,20.16720199584961,105.0791015625,126.56999969482422,81.91999816894531,51.662132263183594,20.709579467773438,11.979999542236328
2016-09-06,186.5726318359375,16.559741973876953,21.419883728027344,23.356746673583984,61.67243194580078,49.47203826904297,36.5140495300293,42.00603103637695,18.28072166442871,20.122154235839844,105.84466552734375,128.7100067138672,83.12000274658203,51.72159957885742,20.467313766479492,12.020000457763672
2016-09-07,186.5556182861328,16.552993774414062,21.47389793395996,23.489980697631836,61.67243194580078,49.530975341796875,36.53206253051758,41.63902282714844,18.28436851501465,20.09348487854004,105.76885986328125,128.27000427246094,84.16000366210938,51.57893753051758,20.500728607177734,11.9399995803833
2016-09-08,186.12973022460938,16.539487838745117,21.298362731933594,23.9296817779541,61.72319030761719,49.48887634277344,36.21663284301758,41.40964889526367,18.346309661865234,20.00749969482422,104.44242858886719,127.58999633789062,87.68000030517578,51.48379898071289,20.525794982910156,12.510000228881836
2016-09-09,181.67469787597656,16.228954315185547,20.776254653930664,23.216840744018555,60.488216400146484,48.091270446777344,35.342437744140625,40.28571701049805,17.657644271850586,19.426027297973633,102.72177124023438,126.75,84.72000122070312,50.99031448364258,20.584270477294922,17.5
2016-09-12,184.28126525878906,16.411226272583008,21.12282943725586,23.446687698364258,61.384803771972656,48.705875396728516,35.83810806274414,41.042640686035156,17.971004486083984,19.61029815673828,102.7748031616211,126.58999633789062,85.12000274658203,51.16869354248047,20.55085563659668,15.15999984741211
2016-09-13,181.6321258544922,16.12093734741211,20.96979522705078,22.77715301513672,60.5643310546875,47.990238189697266,35.32891082763672,40.53803253173828,17.723228454589844,19.24585723876953,101.60751342773438,125.75,82.95999908447266,50.77635192871094,20.634395599365234,17.850000381469727
2016-09-14,181.5640106201172,16.08043098449707,21.06882095336914,22.50735092163086,60.5643310546875,47.948143005371094,35.33340072631836,40.41569519042969,17.79245948791504,19.2008113861084,101.75914764404297,126.18000030517578,80.72000122070312,50.76443099975586,20.584270477294922,18.139999389648438
2016-09-15,183.3783721923828,16.174942016601562,21.415388107299805,22.787155151367188,61.19026565551758,48.32701110839844,35.590274810791016,40.74446105957031,17.927282333374023,19.32365608215332,101.31950378417969,125.37000274658203,81.12000274658203,51.06169891357422,20.57591438293457,16.299999237060547
2016-09-16,182.6695098876953,16.021652221679688,21.336748123168945,22.603172302246094,61.231868743896484,47.922359466552734,35.51337814331055,40.61214828491211,18.102201461791992,19.246274948120117,102.1381607055664,125.05999755859375,80.0,51.073585510253906,20.742998123168945,15.369999885559082
2016-09-19,182.7036895751953,16.12380599975586,21.296072006225586,22.589767456054688,61.011104583740234,48.13400650024414,35.48623275756836,40.52750778198242,18.282278060913086,19.27509117126465,101.8045883178711,125.31999969482422,79.83999633789062,51.10331344604492,20.692874908447266,15.529999732971191
2016-09-20,182.71226501464844,16.132164001464844,21.282514572143555,22.42556381225586,61.19789505004883,48.17632293701172,35.51337814331055,40.63522720336914,18.249197006225586,19.217456817626953,102.160888671875,125.44000244140625,80.55999755859375,51.04386520385742,20.726287841796875,15.920000076293945
2016-09-21,184.7669677734375,16.23236083984375,21.522048950195312,22.944984436035156,61.80930709838867,48.802764892578125,35.85715866088867,40.85832977294922,18.620351791381836,19.50969886779785,102.98705291748047,127.2699966430664,83.19999694824219,51.465946197509766,20.634395599365234,13.300000190734863
2016-09-22,185.93124389648438,16.2657527923584,21.653118133544922,22.971792221069336,62.276336669921875,49.149845123291016,36.1195068359375,41.21989440917969,18.734275817871094,19.57143783569336,103.80572509765625,127.56999969482422,84.23999786376953,51.638336181640625,20.60933494567871,12.020000457763672
2016-09-23,184.91250610351562,16.1822566986084,21.463302612304688,22.666845321655273,62.08103561401367,48.862030029296875,36.038082122802734,41.03526306152344,18.719575881958008,19.4726505279541,103.70714569091797,127.6500015258789,81.5199966430664,51.57893753051758,20.617687225341797,12.289999961853027
2016-09-26,183.414306640625,15.923408508300781,21.336748123168945,22.566314697265625,61.359256744384766,48.650390625,35.6400260925293,40.6890869140625,18.671802520751953,19.382102966308594,104.36660766601562,127.55000305175781,83.44000244140625,51.352989196777344,20.57591438293457,14.5
2016-09-27,184.55294799804688,16.04865837097168,21.57176399230957,22.415515899658203,61.792320251464844,48.98900604248047,36.00189208984375,40.85832977294922,18.429262161254883,19.439725875854492,105.1321029663086,126.62000274658203,81.19999694824219,51.50161361694336,20.592622756958008,13.100000381469727
2016-09-28,185.4689483642578,16.12380599975586,21.61244010925293,23.383983612060547,61.69888687133789,49.369937896728516,36.10141372680664,40.92757034301758,18.40353775024414,19.661991119384766,104.9047622680664,126.22000122070312,85.19999694824219,51.846431732177734,20.60933494567871,12.390000343322754
2016-09-29,183.79098510742188,15.898357391357422,21.481372833251953,23.343767166137695,60.61197280883789,48.98052978515625,35.91596603393555,40.52750778198242,18.1279296875,19.50969886779785,105.17008972167969,126.06999969482422,86.95999908447266,51.65024185180664,20.626041412353516,14.020000457763672
2016-09-30,185.1779327392578,16.115455627441406,21.5943603515625,23.66212272644043,61.231868743896484,49.42073440551758,36.20545959472656,40.93524169921875,18.00298500061035,19.653759002685547,104.2301025390625,125.63999938964844,87.44000244140625,51.87616729736328,20.617687225341797,13.289999961853027
2016-10-03,184.73269653320312,16.040307998657227,21.53108787536621,23.645360946655273,61.18093490600586,49.46306228637695,36.182830810546875,40.673683166503906,17.749422073364258,19.629060745239258,103.88618469238281,125.31999969482422,88.80000305175781,51.843894958496094,20.659456253051758,13.569999694824219
2016-10-04,183.79098510742188,16.107105255126953,21.454256057739258,23.40408706665039,61.062049865722656,49.04827117919922,36.056182861328125,40.32749557495117,17.37826156616211,19.36152458190918,102.67121124267578,120.97000122070312,88.72000122070312,51.754356384277344,20.75135040283203,13.630000114440918
2016-10-05,184.6042938232422,16.3659610748291,21.53108787536621,23.76265525817871,61.29981994628906,49.36149215698242,36.20545959472656,40.28902053833008,17.341506958007812,19.493236541748047,102.19286346435547,120.77999877929688,90.80000305175781,51.89167785644531,20.77641487121582,12.989999771118164
2016-10-06,184.73269653320312,16.391006469726562,21.58080291748047,23.799518585205078,61.07052993774414,49.36149215698242,36.23260498046875,40.365970611572266,17.337841033935547,19.653759002685547,101.6233139038086,119.66000366210938,92.08000183105469,51.92152404785156,20.8850154876709,12.84000015258789
2016-10-07,184.0991668701172,16.382654190063477,21.522048950195312,23.66212272644043,61.028099060058594,48.72657775878906,36.069740295410156,40.25825881958008,17.31578826904297,19.287433624267578,101.6916732788086,119.73999786376953,90.63999938964844,52.040992736816406,20.85159683227539,13.479999542236328
2016-10-10,185.0580596923828,16.466157913208008,21.671194076538086,24.03409767150879,61.308284759521484,48.77736282348633,36.128562927246094,40.25825881958008,17.4591064453125,19.402685165405273,101.09175109863281,120.16000366210938,93.36000061035156,52.19025802612305,20.935138702392578,13.380000114440918
2016-10-11,182.72080993652344,16.315853118896484,21.427135467529297,23.759315490722656,59.77134704589844,48.26946258544922,35.68977355957031,40.0505485534668,17.26066780090332,19.139257431030273,100.86396789550781,119.55000305175781,92.63999938964844,51.89764404296875,21.09386444091797,15.359999656677246
2016-10-12,182.96055603027344,16.29916000366211,21.463302612304688,23.658771514892578,59.49113082885742,48.36256790161133,35.85715866088867,40.27363204956055,17.429710388183594,19.102224349975586,100.96268463134766,119.73999786376953,91.44000244140625,51.879730224609375,21.152341842651367,15.90999984741211
2016-10-13,182.3612823486328,16.140501022338867,21.32770538330078,23.528078079223633,59.51661682128906,48.34563064575195,35.72597122192383,40.281341552734375,17.64652442932129,19.00343132019043,101.34239196777344,120.02999877929688,91.91999816894531,51.748382568359375,21.07715606689453,16.690000534057617
2016-10-14,182.45541381835938,16.215660095214844,21.409055709838867,23.390687942504883,59.117515563964844,48.44721603393555,35.68525695800781,40.28902053833008,17.547306060791016,19.065174102783203,99.92242431640625,119.36000061035156,91.5199966430664,51.8677978515625,21.185760498046875,16.1200008392334
2016-10-17,181.82192993164062,16.140501022338867,21.363861083984375,23.276744842529297,58.922210693359375,48.32024383544922,35.391239166259766,40.096702575683594,17.642850875854492,19.081634521484375,100.56026458740234,119.68000030517578,90.95999908447266,51.79616165161133,21.135635375976562,16.209999084472656
2016-10-18,182.96055603027344,16.27410888671875,21.481372833251953,23.37057876586914,59.62700653076172,48.42181396484375,35.626441955566406,40.21979522705078,17.793516159057617,19.254505157470703,100.88677215576172,120.41999816894531,91.5999984741211,52.005149841308594,21.152341842651367,15.279999732971191
2016-10-19,183.44854736328125,16.41605567932129,21.522048950195312,23.702335357666016,59.40620803833008,48.5742073059082,35.7847785949707,39.98899841308594,17.75309181213379,19.39444923400879,100.97029113769531,121.11000061035156,93.27999877929688,52.154441833496094,21.160694122314453,14.40999984741211
2016-10-20,183.1061248779297,16.41605567932129,21.42262077331543,23.67552375793457,59.68644332885742,48.311771392822266,35.71693420410156,39.965911865234375,17.742074966430664,19.377988815307617,101.07657623291016,120.73999786376953,91.44000244140625,52.16038131713867,21.227529525756836,13.75
2016-10-21,183.1916961669922,16.407703399658203,21.481372833251953,23.52137565612793,59.193931579589844,48.244056701660156,36.00189208984375,40.18132400512695,17.639177322387695,19.3697566986084,101.22848510742188,120.83000183105469,91.83999633789062,52.17235565185547,21.302717208862305,13.34000015258789
2016-10-24,183.9707794189453,16.45781135559082,21.689268112182617,23.450992584228516,59.083534240722656,48.337162017822266,36.25973892211914,40.44287872314453,17.705326080322266,19.41502571105957,100.78805541992188,120.55999755859375,91.44000244140625,52.20219421386719,21.327777862548828,13.020000457763672
2016-10-25,183.35440063476562,16.441102981567383,21.61244010925293,23.343767166137695,58.9137077331543,48.210182189941406,35.83452606201172,40.58906173706055,17.815567016601562,19.238046646118164,101.05382537841797,121.47000122070312,89.91999816894531,52.17235565185547,21.319421768188477,13.460000038146973
2016-10-26,182.9862518310547,16.541303634643555,21.490415573120117,23.39738655090332,58.557064056396484,48.3795051574707,35.680747985839844,40.535213470458984,17.859664916992188,19.209230422973633,100.37039947509766,120.79000091552734,88.72000122070312,51.96332550048828,21.31106948852539,14.239999771118164
2016-10-27,182.49822998046875,16.583057403564453,21.463302612304688,23.310251235961914,58.828792572021484,48.049339294433594,35.38219451904297,40.350582122802734,17.75309181213379,19.18453598022461,99.27696990966797,121.01000213623047,89.68000030517578,51.772254943847656,21.35283660888672,15.359999656677246
2016-10-28,181.958984375,16.507905960083008,21.440692901611328,23.2465877532959,57.55507278442383,48.337162017822266,35.3007698059082,40.51982498168945,17.808218002319336,19.233928680419922,99.0567398071289,121.58000183105469,88.08000183105469,51.521461486816406,21.227529525756836,16.190000534057617
2016-10-31,181.96743774414062,16.482858657836914,21.43165397644043,22.99525260925293,57.19843673706055,48.4302864074707,35.327903747558594,40.619842529296875,18.16468048095703,19.24216079711914,99.66423797607422,121.94000244140625,84.23999786376953,51.366188049316406,21.235881805419922,17.059999465942383
2016-11-01,180.64903259277344,16.41605567932129,21.246356964111328,22.998605728149414,56.892738342285156,48.01548385620117,35.07912063598633,40.44287872314453,17.83393669128418,19.131032943725586,99.67179870605469,122.7300033569336,84.55999755859375,51.16584014892578,21.127283096313477,18.559999465942383
2016-11-02,179.56179809570312,16.30750846862793,21.11076545715332,22.743921279907227,56.59553146362305,47.83771514892578,34.86652755737305,40.34288024902344,17.609777450561523,19.028127670288086,100.10546112060547,123.63999938964844,82.23999786376953,50.937896728515625,21.052095413208008,19.31999969482422
2016-11-03,178.7399139404297,16.32420539855957,20.90738868713379,22.83439826965332,56.060585021972656,47.761531829833984,34.77604675292969,40.06593322753906,17.675922393798828,19.03224754333496,99.3370590209961,124.30000305175781,80.63999938964844,50.949928283691406,20.993616104125977,22.079999923706055
2016-11-04,178.54299926757812,16.27410888671875,20.871232986450195,22.71041488647461,56.451202392578125,47.803855895996094,34.708213806152344,39.7043571472168,17.62080192565918,19.098102569580078,100.22718048095703,124.38999938964844,79.83999633789062,50.97389602661133,20.935138702392578,22.510000228881836
2016-11-07,182.48110961914062,16.683256149291992,21.32318687438965,23.199670791625977,57.894752502441406,48.98052978515625,35.508846282958984,40.3736686706543,17.929489135742188,19.390331268310547,99.37512969970703,122.1500015258789,81.27999877929688,51.687705993652344,21.110572814941406,18.709999084472656
2016-11-08,183.3030242919922,16.691606521606445,21.427135467529297,23.229825973510742,58.05607604980469,49.276817321777344,35.65360641479492,40.542911529541016,18.069135665893555,19.452070236206055,98.9719009399414,121.63999938964844,80.80000305175781,51.57374572753906,21.169052124023438,18.739999771118164
2016-11-09,185.2463836669922,17.40135383605957,21.400012969970703,23.608505249023438,60.10252380371094,50.51277160644531,35.72597122192383,39.98899841308594,17.40398597717285,19.863670349121094,94.77227783203125,121.55999755859375,82.23999786376953,51.21384048461914,21.302717208862305,14.380000114440918
2016-11-10,185.70870971679688,18.044301986694336,21.056537628173828,23.70903968811035,60.76486587524414,51.58785629272461,35.85715866088867,38.919639587402344,16.985063552856445,20.094160079956055,93.37245178222656,119.75,80.31999969482422,50.54203414916992,21.344484329223633,14.739999771118164
2016-11-11,185.28062438964844,18.094398498535156,21.11980628967285,23.276744842529297,59.85628128051758,51.68097686767578,36.06069564819336,38.881187438964844,16.915233612060547,19.818395614624023,92.84745788574219,117.0999984741211,78.16000366210938,50.068153381347656,21.377899169921875,14.170000076293945
2016-11-14,185.4261932373047,18.53695297241211,20.798925399780273,23.407432556152344,59.66944122314453,51.901092529296875,36.06522750854492,38.81194305419922,16.904207229614258,19.863670349121094,92.29207611083984,116.11000061035156,78.95999908447266,50.440059661865234,21.586750030517578,14.479999542236328
2016-11-15,186.873046875,18.52025032043457,21.092695236206055,24.067602157592773,59.839290618896484,52.09579849243164,36.20545959472656,39.05044174194336,17.176145553588867,19.94598960876465,92.74861145019531,117.12000274658203,82.72000122070312,51.10587692260742,21.62016487121582,13.369999885559082
2016-11-16,186.52200317382812,18.2530574798584,21.287031173706055,23.90005111694336,59.584556579589844,51.79949188232422,36.40447998046875,39.05812072753906,17.058549880981445,19.908946990966797,93.58550262451172,116.7699966430664,81.83999633789062,50.901920318603516,21.67864418029785,13.720000267028809
2016-11-17,187.48085021972656,18.503551483154297,21.42262077331543,23.73919105529785,59.82229995727539,51.90953826904297,36.8432502746582,38.9888916015625,17.062231063842773,19.917179107666016,92.2083969116211,116.16999816894531,81.04000091552734,50.76396942138672,21.803956985473633,13.350000381469727
2016-11-18,187.06134033203125,18.503551483154297,21.404539108276367,23.836380004882812,59.18544006347656,51.89259719848633,36.73017883300781,38.85041046142578,17.010778427124023,19.88837242126465,91.94214630126953,115.1500015258789,82.55999755859375,50.76396942138672,21.879140853881836,12.850000381469727
2016-11-21,188.4739227294922,18.570350646972656,21.621477127075195,24.4027156829834,59.3977165222168,52.171974182128906,36.969913482666016,39.11198425292969,17.19084358215332,20.12297821044922,92.17037200927734,115.58000183105469,86.16000366210938,51.171836853027344,21.795602798461914,12.420000076293945
2016-11-22,188.84210205078125,18.57870101928711,21.689268112182617,24.389312744140625,58.540096282958984,52.409000396728516,37.408687591552734,39.31199645996094,17.256994247436523,20.246456146240234,92.13996887207031,115.54000091552734,85.04000091552734,51.54975891113281,21.829015731811523,12.40999984741211
2016-11-23,188.94482421875,18.6872501373291,21.603397369384766,24.489845275878906,58.76936340332031,52.79841613769531,37.44486618041992,39.096588134765625,17.08427619934082,20.337011337280273,91.78240966796875,113.25,85.36000061035156,51.3577995300293,21.962682723999023,12.430000305175781
2016-11-25,189.6468505859375,18.71230125427246,21.69379425048828,24.36920166015625,58.99863815307617,53.08623504638672,37.535343170166016,39.404319763183594,17.33049201965332,20.398744583129883,91.91930389404297,112.61000061035156,82.63999938964844,51.42378616333008,21.920913696289062,12.34000015258789
2016-11-28,188.7564697265625,18.49520492553711,21.71186637878418,24.030746459960938,58.557064056396484,52.72221374511719,37.23680877685547,39.488948822021484,17.664899826049805,20.316429138183594,92.59642791748047,113.80000305175781,83.5199966430664,51.41777420043945,21.8624324798584,13.149999618530273
2016-11-29,189.12460327148438,18.54530143737793,21.725425720214844,23.735843658447266,58.93918991088867,52.764549255371094,37.3363151550293,39.542789459228516,17.738393783569336,20.337011337280273,92.98441314697266,113.2699966430664,80.4800033569336,51.3517951965332,21.81231117248535,12.899999618530273
2016-11-30,188.6708221435547,18.79579734802246,21.467809677124023,24.942241668701172,58.37874984741211,52.832275390625,37.02418899536133,38.91196060180664,17.179819107055664,20.555156707763672,91.47805786132812,111.75,87.44000244140625,51.37577438354492,21.92926788330078,13.329999923706055
2016-12-01,187.97735595703125,19.121448516845703,21.0248966217041,25.002559661865234,57.95418167114258,53.17934799194336,37.04228210449219,38.658084869384766,17.04384994506836,20.563385009765625,90.51219940185547,111.54000091552734,90.63999938964844,51.1353874206543,21.81231117248535,14.069999694824219
2016-12-02,188.07156372070312,18.912700653076172,21.10173225402832,25.076290130615234,58.090057373046875,53.17089080810547,36.838741302490234,38.904258728027344,17.198196411132812,20.571617126464844,91.17542266845703,112.13999938964844,91.83999633789062,51.44267272949219,21.762184143066406,14.119999885559082
2016-12-05,189.20159912109375,19.138151168823242,21.305110931396484,25.297456741333008,57.988155364990234,53.12855911254883,37.2413215637207,38.95042419433594,17.220245361328125,20.73214340209961,91.07632446289062,111.54000091552734,90.80000305175781,51.57522964477539,21.62016487121582,12.140000343322754
2016-12-06,189.8009796142578,19.305150985717773,21.368383407592773,25.250537872314453,58.14948272705078,53.23014831542969,37.3272590637207,39.06582260131836,17.187175750732422,20.7568416595459,91.00765228271484,111.43000030517578,90.31999969482422,51.834293365478516,21.703706741333008,11.789999961853027
2016-12-07,192.28366088867188,19.605745315551758,21.775146484375,25.451610565185547,57.648494720458984,54.22059631347656,38.0510139465332,39.627410888671875,17.41133689880371,21.05318832397461,91.78528594970703,111.83000183105469,88.72000122070312,52.093379974365234,21.636873245239258,12.220000267028809
2016-12-08,192.75450134277344,19.789447784423828,21.829376220703125,25.588998794555664,57.758880615234375,53.91583251953125,38.0510139465332,39.46586227416992,17.44072914123535,21.193132400512695,90.70277404785156,111.56999969482422,90.4800033569336,52.087345123291016,21.829015731811523,12.640000343322754
2016-12-09,193.91885375976562,19.831201553344727,21.987565994262695,25.669429779052734,58.46365737915039,54.16132736206055,38.136962890625,40.03515625,17.624469757080078,21.197248458862305,89.57451629638672,110.4000015258789,91.5199966430664,52.111473083496094,21.920913696289062,11.75
2016-12-12,193.69619750976562,19.639156341552734,21.91976547241211,25.790067672729492,58.743892669677734,53.96662902832031,37.820316314697266,40.196712493896484,17.808218002319336,21.102582931518555,89.74220275878906,110.81999969482422,92.95999908447266,52.03919219970703,21.795602798461914,12.640000343322754
2016-12-13,194.9889678955078,19.689252853393555,22.19546127319336,26.081613540649414,59.219383239746094,53.89044952392578,38.159568786621094,40.38135528564453,17.991960525512695,21.069650650024414,90.06240844726562,110.44999694824219,93.83999633789062,52.16566848754883,21.820663452148438,12.720000267028809
2016-12-14,193.37948608398438,19.59739112854004,22.118633270263672,25.558841705322266,58.9137077331543,53.348655700683594,37.901737213134766,39.94283676147461,17.62080192565918,20.818571090698242,89.05610656738281,108.83000183105469,90.55999755859375,51.77402114868164,22.02951431274414,13.1899995803833
2016-12-15,194.1756591796875,19.7643985748291,22.218059539794922,25.615812301635742,59.29583740234375,53.407920837402344,37.811279296875,40.112091064453125,17.745746612548828,20.95439910888672,89.5058822631836,107.33999633789062,90.87999725341797,51.79817199707031,22.271780014038086,12.789999961853027
2016-12-16,193.79592895507812,19.594127655029297,22.05735969543457,25.774816513061523,59.342742919921875,53.30060577392578,37.62562561035156,40.34150695800781,17.962060928344727,20.889772415161133,89.300048828125,108.05000305175781,92.4000015258789,51.846370697021484,22.19659423828125,12.199999809265137
2016-12-19,194.21786499023438,19.602516174316406,22.216245651245117,25.65691375732422,59.09540557861328,53.59870910644531,37.72573471069336,40.41901397705078,18.02884292602539,20.848337173461914,90.26061248779297,108.58999633789062,92.0,51.97892379760742,22.263423919677734,11.710000038146973
2016-12-20,194.96710205078125,19.845760345458984,22.297948837280273,25.599634170532227,59.05275344848633,53.90531921386719,38.02602767944336,40.34150695800781,18.05111312866211,20.864913940429688,89.81078338623047,107.79000091552734,92.95999908447266,52.05121612548828,22.30519676208496,11.449999809265137
2016-12-21,194.42459106445312,19.79543113708496,22.252559661865234,25.64006233215332,58.720149993896484,53.70091247558594,38.007835388183594,40.333744049072266,17.976903915405273,20.873193740844727,90.20720672607422,107.8499984741211,91.5199966430664,52.14155197143555,22.238365173339844,11.270000457763672
2016-12-22,194.08871459960938,19.74510383605957,22.20716094970703,25.74449920654297,58.79691696166992,53.59870910644531,37.59831619262695,40.271759033203125,18.039976119995117,20.786191940307617,90.04592895507812,107.58999633789062,91.68000030517578,52.25402069091797,22.263423919677734,11.430000305175781
2016-12-23,194.37295532226562,19.778663635253906,22.22986602783203,25.720918655395508,59.240394592285156,53.64979934692383,37.51640319824219,40.34925842285156,18.03626823425293,20.827621459960938,90.22942352294922,107.93000030517578,92.4800033569336,52.35074996948242,22.24671745300293,11.4399995803833
2016-12-27,194.85520935058594,19.803823471069336,22.320648193359375,25.778188705444336,59.35980224609375,53.760528564453125,37.66200637817383,40.34150695800781,18.05111312866211,20.93948745727539,89.93893432617188,108.55999755859375,93.83999633789062,52.3023796081543,22.238365173339844,11.989999771118164
2016-12-28,193.24476623535156,19.602516174316406,22.120912551879883,25.498573303222656,58.90778732299805,53.19839859008789,37.402645111083984,40.0934944152832,17.880430221557617,20.728187561035156,90.59629821777344,108.86000061035156,94.0,52.2298469543457,22.296844482421875,12.949999809265137
2016-12-29,193.20172119140625,19.45992088317871,22.125452041625977,25.448043823242188,59.010108947753906,53.18136978149414,37.352603912353516,40.27949523925781,18.121610641479492,20.728187561035156,90.91730499267578,110.29000091552734,93.76000213623047,52.3023796081543,22.171533584594727,13.369999885559082
2016-12-30,192.49551391601562,19.501848220825195,21.95294952392578,25.373933792114258,58.79691696166992,52.99397659301758,37.038639068603516,40.0779914855957,18.02142333984375,20.59146499633789,91.05490112304688,109.61000061035156,93.76000213623047,52.32053756713867,22.104698181152344,14.039999961853027
2017-01-03,193.96815490722656,19.719940185546875,22.148147583007812,25.660282135009766,59.56447982788086,53.30911636352539,37.25705337524414,40.225250244140625,17.976903915405273,20.711620330810547,91.44467163085938,110.47000122070312,91.5199966430664,52.538150787353516,22.30519676208496,12.850000381469727
2017-01-04,195.12210083007812,19.87930679321289,22.225322723388672,25.606380462646484,60.03356170654297,53.62424087524414,37.75303268432617,40.225250244140625,18.04368782043457,21.01406478881836,91.7962646484375,110.86000061035156,92.63999938964844,52.82225799560547,22.13811492919922,11.850000381469727
2017-01-05,194.96710205078125,19.678003311157227,22.261638641357422,25.54237937927246,60.34061050415039,53.47093963623047,37.72573471069336,40.35700607299805,18.062240600585938,20.951913833618164,93.23324584960938,112.58000183105469,93.5999984741211,52.74367904663086,21.904203414916992,11.670000076293945
2017-01-06,195.6646728515625,19.74510383605957,22.425058364868164,25.565950393676758,60.511173248291016,53.777557373046875,37.91227340698242,40.39575958251953,18.117900848388672,20.972633361816406,92.3771743774414,111.75,93.44000244140625,52.73160171508789,22.062929153442383,11.319999694824219
2017-01-09,195.01876831054688,19.610898971557617,22.420516967773438,25.19538116455078,60.76701736450195,53.3602180480957,37.880435943603516,40.07023239135742,17.880430221557617,20.968496322631836,93.11861419677734,112.66999816894531,90.4800033569336,52.71950912475586,22.004451751708984,11.5600004196167
2017-01-10,195.01876831054688,19.6528377532959,22.425058364868164,24.966304779052734,60.980255126953125,53.58164596557617,38.016937255859375,39.86872100830078,17.82477378845215,20.98092269897461,93.05741882324219,113.1500015258789,88.55999755859375,52.725563049316406,22.01280403137207,11.489999771118164
2017-01-11,195.5699462890625,19.778663635253906,22.52946662902832,25.23581886291504,60.36619567871094,53.86273193359375,38.09884262084961,39.94622802734375,18.010299682617188,21.150798797607422,93.37083435058594,113.5,90.95999908447266,52.75577926635742,21.962682723999023,11.260000228881836
2017-01-12,195.0790557861328,19.610898971557617,22.474994659423828,25.13137435913086,60.42587661743164,53.64128494262695,38.06243896484375,39.907466888427734,18.0251407623291,21.109359741210938,93.1644058227539,113.91000366210938,92.31999969482422,52.76787185668945,21.879140853881836,11.539999961853027
2017-01-13,195.52684020996094,19.719940185546875,22.5430850982666,25.057262420654297,60.48560333251953,53.8456916809082,38.20349884033203,39.93071365356445,17.99916648864746,21.076215744018555,92.72114562988281,114.20999908447266,91.27999877929688,52.785980224609375,21.85407829284668,11.229999542236328
2017-01-17,194.83795166015625,19.25022315979004,22.45683479309082,25.212228775024414,60.178531646728516,53.42836380004883,38.267189025878906,40.496517181396484,18.19581413269043,20.98092269897461,93.69185638427734,115.8499984741211,91.44000244140625,52.73160171508789,21.65358543395996,11.869999885559082
2017-01-18,195.2684783935547,19.409584045410156,22.515838623046875,25.154958724975586,60.10179138183594,53.63276672363281,38.19894027709961,40.63602828979492,18.173553466796875,21.113500595092773,92.49183654785156,114.87000274658203,89.27999877929688,52.77995681762695,21.85407829284668,12.479999542236328
2017-01-19,194.5451202392578,19.325716018676758,22.48406982421875,25.01683807373047,59.717987060546875,54.024559020996094,38.08064651489258,40.4887580871582,18.014001846313477,20.98092269897461,91.85741424560547,114.7699966430664,89.36000061035156,52.61068344116211,21.820663452148438,12.779999732971191
2017-01-20,195.2599334716797,19.41797637939453,22.60663604736328,25.111164093017578,59.56447982788086,54.033077239990234,38.18984603881836,40.752281188964844,18.04739761352539,21.167360305786133,91.6739501953125,115.05000305175781,91.12000274658203,52.71342468261719,21.74547576904297,11.539999961853027
2017-01-23,194.75181579589844,19.292156219482422,22.647485733032227,24.84502410888672,59.31715393066406,53.7349739074707,38.217159271240234,40.73678207397461,17.95464324951172,21.208791732788086,92.59120178222656,115.79000091552734,90.55999755859375,52.71342468261719,21.628520965576172,11.770000457763672
2017-01-24,196.00048828125,19.5354061126709,22.788211822509766,25.117897033691406,58.90778732299805,54.27155685424805,38.53111267089844,41.00804138183594,17.9509220123291,21.755687713623047,91.95677185058594,115.2699966430664,90.95999908447266,52.749732971191406,21.636873245239258,11.069999694824219
2017-01-25,197.6969757080078,19.862537384033203,23.00611114501953,25.249286651611328,59.462135314941406,54.842201232910156,38.767723083496094,41.000301361083984,17.9509220123291,21.90070152282715,90.80265045166016,114.31999969482422,90.4800033569336,52.93714904785156,21.561687469482422,10.8100004196167
2017-01-26,197.4903106689453,19.912864685058594,22.94256019592285,25.269498825073242,59.001590728759766,54.969966888427734,38.82687759399414,40.8220329284668,17.958349227905273,21.958707809448242,91.10838317871094,113.26000213623047,92.23999786376953,52.9129638671875,21.703706741333008,10.630000114440918
2017-01-27,197.18028259277344,19.837373733520508,23.033348083496094,25.00673484802246,59.48772430419922,54.92738342285156,38.70402526855469,40.597267150878906,17.95464324951172,21.879981994628906,91.4370346069336,113.48999786376953,91.19999694824219,52.96133804321289,21.712060928344727,10.579999923706055
2017-01-30,195.9573974609375,19.678003311157227,22.847230911254883,24.548574447631836,59.19776153564453,54.45893859863281,38.65851593017578,40.56625747680664,17.969486236572266,21.6562557220459,91.161865234375,113.97000122070312,90.23999786376953,52.852481842041016,21.670291900634766,11.880000114440918
2017-01-31,195.94020080566406,19.552181243896484,22.733739852905273,24.55868148803711,60.144432067871094,53.98197555541992,38.599365234375,40.760032653808594,18.247764587402344,21.527814865112305,91.7962646484375,115.55000305175781,90.55999755859375,52.79811096191406,21.494855880737305,11.989999771118164
2017-02-01,196.01773071289062,19.57734489440918,22.9062442779541,24.376766204833984,60.66466522216797,53.88828659057617,38.52656936645508,40.44224548339844,17.9323787689209,21.63553810119629,91.22868347167969,115.19999694824219,91.83999633789062,52.99358367919922,21.511564254760742,11.8100004196167
2017-02-02,196.14686584472656,19.501848220825195,22.860851287841797,24.514881134033203,60.64765167236328,53.78607177734375,38.49470520019531,40.81427764892578,18.121610641479492,21.54024314880371,91.19038391113281,115.83999633789062,92.08000183105469,53.023956298828125,21.54498291015625,11.930000305175781
2017-02-03,197.4989013671875,19.89608383178711,23.01064682006836,24.72712516784668,60.912025451660156,54.1863899230957,38.44464111328125,41.07780456542969,18.143875122070312,21.57753562927246,91.1521224975586,116.12999725341797,92.31999969482422,53.11505126953125,21.53662872314453,10.970000267028809
2017-02-06,197.14578247070312,19.803823471069336,23.02426528930664,24.51825714111328,60.980255126953125,54.263031005859375,38.330902099609375,40.8530387878418,18.106769561767578,21.519533157348633,91.70358276367188,117.69999694824219,91.04000091552734,53.078609466552734,21.553335189819336,11.369999885559082
2017-02-07,197.15444946289062,19.753490447998047,23.115066528320312,24.171262741088867,61.03994369506836,54.356727600097656,38.29450607299805,41.18631362915039,18.151294708251953,21.349658966064453,92.37767028808594,117.45999908447266,89.5199966430664,52.99968338012695,21.661937713623047,11.289999961853027
2017-02-08,197.41281127929688,19.61928939819336,23.15591812133789,24.22853660583496,60.946144104003906,54.28007507324219,38.53111267089844,41.35682678222656,18.329397201538086,21.39937973022461,93.63389587402344,118.19000244140625,89.83999633789062,53.03610610961914,21.636873245239258,11.449999809265137
2017-02-09,198.58396911621094,19.887697219848633,23.22854995727539,24.501399993896484,61.16790008544922,54.69741439819336,38.77226638793945,41.52733612060547,18.173553466796875,21.391094207763672,92.55381774902344,117.29000091552734,90.80000305175781,53.10895919799805,21.720413208007812,10.880000114440918
2017-02-10,199.36764526367188,19.946409225463867,23.29663848876953,24.686695098876953,61.28730392456055,55.13179016113281,39.00887680053711,41.55833435058594,18.2885799407959,21.5858211517334,92.50021362304688,117.5999984741211,92.0,53.14541244506836,21.74547576904297,10.850000381469727
2017-02-13,200.45272827148438,20.172887802124023,23.401044845581055,24.73386001586914,61.66253662109375,55.68541717529297,39.054386138916016,41.55833435058594,18.377628326416016,21.763978958129883,92.20913696289062,116.80000305175781,90.55999755859375,53.22434616088867,21.795602798461914,11.069999694824219
2017-02-14,201.25357055664062,20.407751083374023,23.47821617126465,24.814716339111328,62.1486701965332,55.71097183227539,39.277339935302734,41.56608963012695,18.244056701660156,21.75983428955078,91.542724609375,116.93000030517578,91.04000091552734,53.26076889038086,21.84572410583496,10.739999771118164
2017-02-15,202.30418395996094,20.56711769104004,23.55538558959961,24.717010498046875,62.82246398925781,56.009071350097656,39.48210144042969,41.945858001708984,18.19953155517578,21.730836868286133,91.12146759033203,117.44999694824219,90.87999725341797,53.27896499633789,21.803956985473633,11.970000267028809
2017-02-16,202.13194274902344,20.51679229736328,23.609861373901367,24.380138397216797,62.7371826171875,56.026100158691406,39.28190231323242,42.000125885009766,18.381332397460938,21.730836868286133,91.61930847167969,118.08000183105469,91.27999877929688,53.23649215698242,21.67864418029785,11.760000228881836
2017-02-17,202.45057678222656,20.525182723999023,23.691574096679688,24.245380401611328,62.82246398925781,56.11977767944336,39.40930938720703,42.20938491821289,18.39246940612793,21.66868019104004,92.1632080078125,117.68000030517578,91.12000274658203,53.29111099243164,21.787248611450195,11.489999771118164
2017-02-21,203.6562042236328,20.62583351135254,23.814136505126953,24.410446166992188,63.10388946533203,56.40085220336914,39.636810302734375,42.589149475097656,18.585411071777344,21.739124298095703,92.00233459472656,117.75,92.31999969482422,53.46717834472656,21.887493133544922,11.569999694824219
2017-02-22,203.475341796875,20.642616271972656,23.841379165649414,24.039875030517578,63.010093688964844,56.24754333496094,39.636810302734375,42.596900939941406,18.663328170776367,21.797121047973633,92.15550231933594,117.91000366210938,90.87999725341797,53.49147033691406,21.837369918823242,11.739999771118164
2017-02-23,203.6131134033203,20.642616271972656,23.836841583251953,24.14094352722168,63.47062301635742,55.88130569458008,39.36833572387695,42.69767379760742,18.85626983642578,21.676971435546875,92.43128204345703,118.94000244140625,92.23999786376953,53.540035247802734,21.787248611450195,11.710000038146973
2017-02-24,203.8715362548828,20.483245849609375,23.891315460205078,23.91523551940918,63.77767562866211,56.11977767944336,39.550357818603516,42.84491729736328,19.1419734954834,21.722537994384766,93.45775604248047,119.69999694824219,91.68000030517578,53.5825309753418,21.829015731811523,11.470000267028809
2017-02-27,204.19012451171875,20.59228515625,23.87769317626953,24.120737075805664,64.08470916748047,56.32420349121094,39.595863342285156,42.651161193847656,19.034366607666016,21.66868019104004,92.90615844726562,119.12000274658203,91.76000213623047,53.64932632446289,21.829015731811523,12.09000015258789
2017-02-28,203.63902282714844,20.58389663696289,23.76420783996582,24.046613693237305,63.95677185058594,56.09423828125,39.300086975097656,42.705406188964844,19.208755493164062,21.647966384887695,93.25091552734375,119.2300033569336,91.5999984741211,53.606849670410156,21.81231117248535,12.920000076293945
2017-03-01,206.4894256591797,21.17104148864746,24.100130081176758,24.528364181518555,64.59642028808594,57.03965377807617,39.74146270751953,42.90692138671875,19.038076400756836,22.07056999206543,91.68833923339844,119.05999755859375,91.19999694824219,53.804420471191406,21.962682723999023,12.539999961853027
2017-03-02,205.18905639648438,20.843917846679688,23.94124412536621,24.295917510986328,64.39173889160156,56.42641067504883,39.64590835571289,42.89917755126953,19.17536163330078,21.83440589904785,91.35832977294922,117.58000183105469,89.36000061035156,53.6336669921875,22.054576873779297,11.8100004196167
2017-03-03,205.31826782226562,20.94457244873047,23.9957218170166,24.252117156982422,64.64761352539062,56.486019134521484,39.58675765991211,42.73641586303711,19.115997314453125,21.817840576171875,91.59624481201172,117.51000213623047,90.31999969482422,53.658058166503906,21.8624324798584,10.960000038146973
2017-03-06,204.7068328857422,20.78520393371582,23.95940399169922,24.306011199951172,64.40027618408203,56.349761962890625,39.459354400634766,42.5504035949707,19.07889175415039,21.676971435546875,91.15877532958984,116.72000122070312,90.23999786376953,53.487300872802734,21.937620162963867,11.239999771118164
2017-03-07,204.09539794921875,20.726491928100586,23.95940399169922,24.090417861938477,63.94824981689453,56.18793487548828,39.33194351196289,42.49614715576172,19.0677547454834,21.55681800842285,90.88251495361328,115.77999877929688,90.16000366210938,53.139705657958984,21.962682723999023,11.449999809265137
2017-03-08,203.71649169921875,20.73487663269043,23.98663902282715,23.46381187438965,64.2040786743164,55.99202346801758,39.495750427246094,42.403141021728516,18.793193817138672,21.55681800842285,90.3913345336914,115.05999755859375,85.36000061035156,52.7860221862793,22.03786849975586,11.859999656677246
2017-03-09,203.97483825683594,20.810365676879883,23.982101440429688,23.61878204345703,64.55377197265625,55.73652267456055,39.459354400634766,42.472904205322266,18.752384185791016,21.49052619934082,89.66991424560547,114.47000122070312,84.23999786376953,52.645782470703125,21.996097564697266,12.300000190734863
2017-03-10,204.6895751953125,20.79359245300293,24.109209060668945,23.58509063720703,64.80110931396484,56.07720184326172,39.51850509643555,42.66665267944336,18.908212661743164,21.5899600982666,89.98460388183594,114.72000122070312,82.31999969482422,52.627471923828125,21.84572410583496,11.65999984741211
2017-03-13,204.79295349121094,20.843917846679688,24.131908416748047,23.588459014892578,64.74993133544922,56.04313659667969,39.62315368652344,42.69767379760742,18.963869094848633,21.65210723876953,89.41668701171875,114.73999786376953,82.23999786376953,52.670143127441406,21.879140853881836,11.350000381469727
2017-03-14,204.00927734375,20.78520393371582,24.077434539794922,23.322324752807617,64.51113891601562,55.51506042480469,39.614051818847656,42.57366180419922,18.9453182220459,21.465665817260742,89.84640502929688,114.12000274658203,81.5199966430664,52.51157760620117,21.954328536987305,12.300000190734863
2017-03-15,205.7746124267578,20.751657485961914,24.240846633911133,23.841121673583984,65.32136535644531,56.145328521728516,39.823360443115234,42.89141845703125,19.249574661254883,21.809551239013672,90.94391632080078,116.25,83.04000091552734,53.23727035522461,21.69535255432129,11.630000114440918
2017-03-16,205.369873046875,20.78520393371582,24.254470825195312,23.67267417907715,64.69023895263672,55.88981628417969,39.818809509277344,42.953426361083984,19.038076400756836,21.660396575927734,90.48342895507812,116.7300033569336,82.87999725341797,53.084835052490234,21.62016487121582,11.210000038146973
2017-03-17,205.00930786132812,20.58149528503418,24.306873321533203,23.6554012298584,64.33415985107422,56.19527053833008,39.86947250366211,42.83655548095703,19.15285301208496,21.753496170043945,91.05134582519531,116.98999786376953,82.63999938964844,53.10313415527344,21.628520965576172,11.279999732971191
2017-03-20,204.78436279296875,20.41314125061035,24.32965660095215,23.621501922607422,64.24002075195312,56.09259033203125,39.77363586425781,42.92226791381836,19.025739669799805,21.874021530151367,91.44275665283203,117.51000213623047,82.16000366210938,52.999446868896484,21.636873245239258,11.34000015258789
2017-03-21,202.15505981445312,19.840730667114258,23.974220275878906,23.4554386138916,63.7349853515625,55.237003326416016,39.27162170410156,42.88331985473633,19.294919967651367,21.508277893066406,92.20252227783203,118.54000091552734,80.87999725341797,52.62136459350586,21.50320816040039,12.470000267028809
2017-03-22,202.63076782226562,19.79864501953125,24.124595642089844,23.421554565429688,63.75209426879883,55.43380355834961,39.3172492980957,42.797607421875,19.388385772705078,21.570627212524414,92.57090759277344,118.83000183105469,80.95999908447266,52.74945831298828,21.486499786376953,12.8100004196167
2017-03-23,202.41448974609375,19.840730667114258,24.0607967376709,23.326662063598633,63.55524444580078,55.356788635253906,39.408531188964844,42.70410919189453,19.328569412231445,21.66205406188965,92.4404525756836,118.66999816894531,80.08000183105469,52.76771545410156,21.511564254760742,13.119999885559082
2017-03-24,202.2675018310547,19.815473556518555,24.079029083251953,23.235158920288086,63.58948516845703,55.211334228515625,39.504356384277344,42.618408203125,19.39960479736328,21.470876693725586,92.77045440673828,118.86000061035156,80.72000122070312,52.950687408447266,21.50320816040039,12.960000038146973
2017-03-27,202.05987548828125,19.739715576171875,24.079029083251953,23.126710891723633,63.76063919067383,55.01456069946289,39.49068832397461,42.57944869995117,19.324831008911133,21.516590118408203,93.19253540039062,119.52999877929688,80.31999969482422,52.89582061767578,21.386255264282227,12.5
2017-03-28,203.53028869628906,20.009084701538086,24.252195358276367,23.4554386138916,63.80345916748047,55.59636306762695,39.791893005371094,42.6573486328125,19.30986976623535,21.76596450805664,92.57090759277344,119.04000091552734,81.19999694824219,53.1884880065918,21.50320816040039,11.529999732971191
2017-03-29,203.72052001953125,19.882822036743164,24.293210983276367,23.77740478515625,63.820579528808594,55.58780288696289,40.029205322265625,42.73527908325195,19.25753402709961,21.7825927734375,93.12350463867188,119.33000183105469,82.95999908447266,53.298240661621094,21.54498291015625,11.420000076293945
2017-03-30,204.36927795410156,20.143766403198242,24.338777542114258,23.77062225341797,63.82913589477539,55.89581298828125,40.13418197631836,42.649566650390625,19.107988357543945,21.7867488861084,92.37136840820312,118.47000122070312,84.55999755859375,53.54828643798828,21.68699836730957,11.539999961853027
2017-03-31,203.89353942871094,19.97541046142578,24.293210983276367,23.68928337097168,63.649375915527344,55.664825439453125,40.13874053955078,42.52490997314453,19.18276023864746,21.7825927734375,92.6399917602539,118.72000122070312,85.12000274658203,53.53001022338867,21.67864418029785,12.369999885559082
2017-04-03,203.5388946533203,19.93332290649414,24.270423889160156,23.64862060546875,63.70072937011719,55.54502487182617,39.979007720947266,42.45478057861328,19.17902374267578,21.699466705322266,93.57441711425781,119.3499984741211,84.4000015258789,53.50121307373047,21.67864418029785,12.380000114440918
2017-04-04,203.66864013671875,19.9080753326416,24.28864097595215,23.821460723876953,63.6664924621582,55.690467834472656,39.91512680053711,42.57944869995117,19.238840103149414,21.7784366607666,93.06684875488281,119.62000274658203,85.68000030517578,53.51958465576172,21.703706741333008,11.789999961853027
2017-04-05,203.06326293945312,19.75654411315918,24.18838882446289,23.74690055847168,63.469642639160156,55.51079559326172,39.81926727294922,42.50154113769531,19.347259521484375,21.761804580688477,93.35140228271484,119.62000274658203,85.44000244140625,53.47671127319336,21.69535255432129,12.890000343322754
2017-04-06,203.63409423828125,19.882822036743164,24.192949295043945,23.93668556213379,63.58089828491211,55.664825439453125,39.942501068115234,42.50154113769531,19.298656463623047,21.878183364868164,93.21297454833984,119.18000030517578,86.87999725341797,53.544090270996094,21.74547576904297,12.390000343322754
2017-04-07,203.42648315429688,19.79864501953125,24.179279327392578,23.84518051147461,63.69217300415039,55.724693298339844,39.8238410949707,42.618408203125,19.216411590576172,21.85740089416504,92.83612823486328,119.45999908447266,87.68000030517578,53.51958465576172,21.84572410583496,12.869999885559082
2017-04-10,203.54751586914062,19.748132705688477,24.133712768554688,24.02480697631836,63.57236099243164,55.86158752441406,39.96989440917969,42.74306869506836,19.250059127807617,21.861560821533203,93.26679992675781,119.45999908447266,89.12000274658203,53.593074798583984,21.803956985473633,14.050000190734863
2017-04-11,203.30538940429688,19.689207077026367,24.042573928833008,24.028196334838867,63.486751556396484,55.938594818115234,39.93792724609375,42.75864028930664,19.24258041381836,21.80336570739746,94.1512680053711,121.19000244140625,89.36000061035156,53.48896789550781,21.737125396728516,15.069999694824219
2017-04-12,202.41448974609375,19.529272079467773,23.96054458618164,23.9265193939209,63.486751556396484,55.16857147216797,39.7781982421875,42.92226791381836,19.384647369384766,21.533212661743164,94.6665267944336,122.0199966430664,88.87999725341797,53.52569580078125,21.628520965576172,15.770000457763672
2017-04-13,201.09986877441406,19.2767391204834,23.86484718322754,23.48933219909668,63.32413864135742,54.774986267089844,39.49980163574219,42.72748947143555,19.321088790893555,21.325403213500977,94.9587631225586,122.5999984741211,89.04000091552734,53.415496826171875,21.703706741333008,15.960000038146973
2017-04-17,202.88162231445312,19.613449096679688,24.083581924438477,23.540170669555664,63.55524444580078,55.3739013671875,39.90599060058594,43.031333923339844,19.40707778930664,21.47918701171875,94.6665267944336,122.23999786376953,88.4800033569336,53.57471466064453,21.645227432250977,14.65999984741211
2017-04-18,202.2761993408203,19.428258895874023,24.079029083251953,23.319883346557617,62.86189270019531,55.1942253112793,39.910552978515625,43.22612762451172,19.451940536499023,21.454254150390625,95.90473175048828,122.81999969482422,88.31999969482422,53.56244659423828,21.461442947387695,14.420000076293945
2017-04-19,201.9042205810547,19.36933708190918,24.0607967376709,22.977588653564453,63.050228118896484,55.24556350708008,39.94705581665039,43.062503814697266,19.317352294921875,21.48333740234375,95.38178253173828,121.7300033569336,84.95999908447266,53.51345443725586,21.53662872314453,14.930000305175781
2017-04-20,203.54751586914062,19.697629928588867,24.279531478881836,23.089427947998047,63.443973541259766,55.912933349609375,40.366920471191406,42.976806640625,19.24258041381836,21.720245361328125,95.01261138916016,121.95999908447266,84.31999969482422,53.691062927246094,21.54498291015625,14.149999618530273
2017-04-21,202.89886474609375,19.495595932006836,24.229406356811523,22.974205017089844,63.06732940673828,55.96424865722656,40.275657653808594,42.852149963378906,19.339784622192383,21.6953067779541,95.01261138916016,122.30999755859375,82.55999755859375,53.6481819152832,21.561687469482422,14.630000114440918
2017-04-24,205.13035583496094,19.93332290649414,24.516496658325195,23.10976791381836,63.69217300415039,56.75996017456055,40.535789489746094,43.24171829223633,19.44072914123535,21.94468116760254,94.54345703125,121.4800033569336,82.0,53.8993034362793,21.361190795898438,10.84000015258789
2017-04-25,206.32394409179688,20.110092163085938,24.644092559814453,23.306325912475586,63.96609878540039,57.03374481201172,40.85525131225586,43.413116455078125,19.41455841064453,22.297956466674805,93.40523529052734,120.25,82.87999725341797,53.997276306152344,21.302717208862305,10.760000228881836
2017-04-26,206.19415283203125,20.093263626098633,24.616750717163086,23.22837257385254,64.3170166015625,57.04229736328125,41.046932220458984,43.062503814697266,19.354736328125,22.29379653930664,93.9205322265625,120.83999633789062,82.08000183105469,53.94828796386719,21.35283660888672,10.850000381469727
2017-04-27,206.36715698242188,20.00066566467285,24.717004776000977,22.974205017089844,64.4540023803711,57.025203704833984,41.265987396240234,43.007965087890625,19.422035217285156,22.243928909301758,93.88975524902344,120.38999938964844,81.91999816894531,53.98501968383789,21.386255264282227,10.359999656677246
2017-04-28,205.91744995117188,19.807065963745117,24.780799865722656,22.991146087646484,64.62520599365234,56.75996017456055,41.10169219970703,42.99238586425781,19.328569412231445,22.056894302368164,94.097412109375,120.7699966430664,81.91999816894531,53.96668243408203,21.361190795898438,10.819999694824219
2017-05-01,206.4363250732422,19.93332290649414,24.967634201049805,22.9267578125,64.77069091796875,56.5888557434082,41.15646743774414,42.82876968383789,19.212669372558594,22.06936264038086,93.31519317626953,119.66999816894531,81.19999694824219,53.99435043334961,21.377899169921875,10.109999656677246
2017-05-02,206.5142059326172,19.9080753326416,25.022321701049805,22.811521530151367,64.950439453125,56.86262130737305,41.20210266113281,42.540489196777344,19.235105514526367,22.106769561767578,93.79298400878906,119.6500015258789,79.36000061035156,54.01277542114258,21.344484329223633,10.59000015258789
2017-05-03,206.26341247558594,20.068012237548828,24.97675132751465,22.875919342041016,64.63374328613281,56.90541458129883,40.960227966308594,42.57944869995117,19.167804718017578,21.890647888183594,93.85462188720703,117.9800033569336,79.44000244140625,54.0620002746582,21.42802619934082,10.680000305175781
2017-05-04,206.5055389404297,20.101682662963867,24.958520889282227,22.4556827545166,65.06172180175781,56.96531677246094,40.89634323120117,42.906681060791016,19.235105514526367,21.915590286254883,93.3921890258789,116.79000091552734,75.68000030517578,53.77293395996094,21.294361114501953,10.460000038146973
2017-05-05,207.3185577392578,20.068012237548828,25.04966163635254,22.811521530151367,65.0274887084961,57.25620651245117,41.15190887451172,43.02354049682617,19.339784622192383,22.227304458618164,93.47705841064453,117.01000213623047,77.27999877929688,53.865169525146484,21.26094627380371,10.569999694824219
2017-05-08,207.2839813232422,20.051170349121094,25.159029006958008,22.974205017089844,64.62520599365234,57.10220718383789,41.2294921875,43.007965087890625,19.332305908203125,22.048583984375,92.96832275390625,116.75,77.36000061035156,53.92669677734375,21.377899169921875,9.770000457763672
2017-05-09,207.09368896484375,19.97541046142578,25.1909236907959,22.784421920776367,64.70220184326172,57.179203033447266,41.4668083190918,42.852149963378906,19.190237045288086,21.882333755493164,92.96062469482422,116.05000305175781,76.55999755859375,53.8897819519043,21.486499786376953,9.960000038146973
2017-05-10,207.46560668945312,20.04275131225586,25.286624908447266,23.086042404174805,64.51390838623047,57.059425354003906,41.325340270996094,42.88331985473633,19.220149993896484,21.952991485595703,92.85271453857422,116.04000091552734,78.87999725341797,54.12348556518555,21.494855880737305,10.210000038146973
2017-05-11,207.04177856445312,19.916488647460938,25.25472068786621,23.038599014282227,64.54814910888672,57.04229736328125,41.07888412475586,42.94563293457031,19.246322631835938,21.91974449157715,92.85271453857422,116.5,79.5199966430664,54.12965774536133,21.50320816040039,10.600000381469727
2017-05-12,206.69580078125,19.832313537597656,25.318525314331055,22.960643768310547,64.4368667602539,56.72573471069336,41.019554138183594,42.820980072021484,19.339784622192383,21.865711212158203,93.55406188964844,116.83000183105469,79.5999984741211,54.11119079589844,21.394609451293945,10.399999618530273
2017-05-15,207.83749389648438,19.98383140563965,25.45978355407715,23.140260696411133,64.8563003540039,56.990970611572266,41.028682708740234,42.961219787597656,19.422035217285156,22.056894302368164,93.29971313476562,117.13999938964844,81.36000061035156,54.234214782714844,21.336130142211914,10.420000076293945
2017-05-16,207.64720153808594,20.04275131225586,25.57826805114746,23.02504539489746,64.60808563232422,56.93107986450195,40.887210845947266,42.92226791381836,19.279964447021484,22.061050415039062,93.64657592773438,117.6500015258789,80.87999725341797,54.31417465209961,21.177404403686523,10.649999618530273
2017-05-17,203.9627227783203,19.411420822143555,24.88105583190918,22.797969818115234,63.76063919067383,55.793148040771484,40.2254524230957,42.85993576049805,19.328569412231445,21.595558166503906,95.01069641113281,119.79000091552734,81.5199966430664,54.074256896972656,21.035388946533203,15.59000015258789
2017-05-18,204.78436279296875,19.487178802490234,25.02687644958496,22.791194915771484,64.0431137084961,55.87014389038086,40.45819854736328,42.8911018371582,19.39586067199707,21.608028411865234,95.11858367919922,118.80999755859375,82.08000183105469,54.13579177856445,21.110572814941406,14.65999984741211
2017-05-19,206.11636352539062,19.65553855895996,25.172698974609375,23.072486877441406,64.22288513183594,56.6059684753418,40.73203659057617,43.12482452392578,19.470632553100586,21.795055389404297,95.34207153320312,119.4000015258789,83.83999633789062,54.234214782714844,20.960201263427734,12.039999961853027
2017-05-22,207.16290283203125,19.70604705810547,25.37320327758789,23.021652221679688,64.39405822753906,57.04229736328125,40.937400817871094,43.36637496948242,19.638872146606445,21.81999397277832,95.08003234863281,119.9000015258789,84.31999969482422,54.40025329589844,20.926786422729492,10.930000305175781
2017-05-23,207.6212921142578,19.857563018798828,25.418777465820312,23.07586669921875,64.60808563232422,57.162086486816406,40.78223419189453,43.413116455078125,19.691211700439453,21.83662223815918,94.44035339355469,119.13999938964844,85.12000274658203,54.39409255981445,21.018678665161133,10.720000267028809
2017-05-24,208.1056365966797,19.849151611328125,25.523588180541992,22.95386505126953,64.77069091796875,57.230525970458984,40.928287506103516,43.584510803222656,19.803369522094727,21.982084274291992,94.97215270996094,119.61000061035156,84.80000305175781,54.48637390136719,20.95184898376465,10.020000457763672
2017-05-25,209.10025024414062,19.882822036743164,25.70586395263672,22.537017822265625,65.078857421875,57.60698318481445,41.288814544677734,43.85722732543945,19.964130401611328,21.9571533203125,95.00293731689453,119.4800033569336,80.31999969482422,54.44329833984375,20.97690773010254,9.989999771118164
2017-05-26,209.05706787109375,19.874401092529297,25.692195892333984,22.574296951293945,64.95901489257812,57.67544174194336,41.412044525146484,44.02083206176758,19.964130401611328,21.99871253967285,95.16482543945312,120.54000091552734,82.23999786376953,54.47410202026367,21.02703285217285,9.8100004196167
2017-05-30,208.87535095214844,19.739715576171875,25.801563262939453,22.272674560546875,64.86486053466797,57.6583251953125,41.4439811706543,44.005252838134766,20.027685165405273,21.99455451965332,95.63492584228516,120.13999938964844,81.91999816894531,54.5294189453125,21.001970291137695,10.380000114440918
2017-05-31,208.82354736328125,19.571353912353516,25.76055145263672,22.177783966064453,65.12165832519531,57.769561767578125,41.553531646728516,44.12991714477539,20.128625869750977,22.061050415039062,95.8738784790039,120.62000274658203,79.68000030517578,54.52328109741211,20.95184898376465,10.40999984741211
2017-06-01,210.484130859375,19.815473556518555,25.824350357055664,22.31672477722168,65.84063720703125,58.12892150878906,41.946014404296875,44.48831558227539,20.270689010620117,22.327054977416992,95.88384246826172,120.72000122070312,79.27999877929688,54.681983947753906,20.97690773010254,9.890000343322754
2017-06-02,211.18472290039062,19.739715576171875,26.061307907104492,22.05916404724121,66.26866149902344,58.35991287231445,42.096614837646484,44.620758056640625,20.293123245239258,22.381078720092773,97.01923370361328,121.61000061035156,78.87999725341797,54.712886810302734,20.87666130065918,9.75
2017-06-05,211.0290069580078,19.773387908935547,26.0841007232666,22.09984016418457,66.08031463623047,58.15458679199219,41.982513427734375,44.66752243041992,20.22957420349121,22.310426712036133,96.41683197021484,121.7300033569336,78.4000015258789,54.66348648071289,20.893367767333984,10.069999694824219
2017-06-06,210.3544158935547,19.689207077026367,26.033966064453125,22.360790252685547,65.91768646240234,57.76101303100586,41.62197494506836,44.55843734741211,20.184707641601562,22.322891235351562,96.94198608398438,123.0999984741211,79.76000213623047,54.57698440551758,20.843242645263672,10.449999809265137
2017-06-07,210.7436065673828,19.840730667114258,26.115989685058594,22.045610427856445,66.09745025634766,57.69254684448242,41.695003509521484,44.5428581237793,20.252004623413086,22.351985931396484,96.47858428955078,122.44999694824219,75.68000030517578,54.4658317565918,20.868305206298828,10.390000343322754
2017-06-08,210.84739685058594,20.068012237548828,26.175233840942383,21.981218338012695,65.90911102294922,57.88077163696289,41.42573547363281,44.20782470703125,20.08376693725586,22.418485641479492,96.22369384765625,121.6500015258789,75.44000244140625,54.50907516479492,20.943492889404297,10.15999984741211
2017-06-09,210.52740478515625,20.446807861328125,25.52814483642578,22.509904861450195,66.35420227050781,58.10322570800781,41.2431755065918,44.15328598022461,20.065073013305664,22.705265045166016,96.07697296142578,120.54000091552734,75.91999816894531,54.55228042602539,21.010326385498047,10.699999809265137
2017-06-12,210.484130859375,20.4888973236084,25.37775993347168,22.669191360473633,66.26866149902344,58.317134857177734,41.220359802246094,44.14548873901367,20.027685165405273,22.617982864379883,96.04610443115234,120.36000061035156,76.16000366210938,54.64497375488281,20.97690773010254,11.460000038146973
2017-06-13,211.51339721679688,20.598331451416016,25.560041427612305,22.838640213012695,66.40557861328125,58.55670928955078,41.4759407043457,44.215633392333984,20.076290130615234,22.900602340698242,96.0615234375,120.4800033569336,76.80000305175781,54.74378204345703,20.95184898376465,10.420000076293945
2017-06-14,211.24520874023438,20.63199806213379,25.437000274658203,22.4251766204834,66.72230529785156,58.4968147277832,41.453125,44.496097564697266,20.184707641601562,22.659542083740234,97.54438781738281,119.81999969482422,73.83999633789062,54.74997329711914,20.935138702392578,10.640000343322754
2017-06-15,210.8386993408203,20.547822952270508,25.323081970214844,22.25572967529297,66.65382385253906,58.847599029541016,41.2796745300293,44.39482116699219,20.300601959228516,22.460052490234375,97.38994598388672,119.31999969482422,73.44000244140625,54.53995132446289,21.060447692871094,10.899999618530273
2017-06-16,210.8848419189453,20.525005340576172,25.278697967529297,22.62392234802246,66.76380920410156,59.04017639160156,41.26824951171875,43.92844009399414,20.393701553344727,22.556922912597656,97.58304595947266,119.33999633789062,73.91999816894531,54.447303771972656,20.985261917114258,10.380000114440918
2017-06-19,212.64047241210938,20.736257553100586,25.653879165649414,22.48059844970703,67.45989990234375,59.40121078491211,41.5840950012207,44.14044189453125,20.325855255126953,22.736473083496094,97.44398498535156,118.43000030517578,72.95999908447266,54.61403274536133,21.07715606689453,10.369999885559082
2017-06-20,211.2064208984375,20.558815002441406,25.447986602783203,22.1939640045166,67.6833724975586,58.76508331298828,41.062252044677734,43.96770477294922,20.3371639251709,22.611209869384766,98.31671905517578,118.18000030517578,71.5999984741211,54.422584533691406,21.110572814941406,10.859999656677246
2017-06-21,211.15420532226562,20.389806747436523,25.58982276916504,21.835670471191406,68.54270935058594,58.36964416503906,41.126338958740234,43.84208297729492,20.21656036376953,22.373193740844727,98.51751708984375,118.5199966430664,69.68000030517578,54.10757827758789,21.068803787231445,10.75
2017-06-22,211.05862426757812,20.26305389404297,25.59897232055664,21.822019577026367,69.25596618652344,58.24930191040039,41.030216217041016,43.55158615112305,20.122329711914062,22.398242950439453,98.73374938964844,118.91999816894531,70.23999786376953,54.25583267211914,21.07715606689453,10.479999542236328
2017-06-23,211.31069946289062,20.18700408935547,25.759105682373047,21.968746185302734,69.15284729003906,58.46419906616211,40.97985076904297,43.567291259765625,20.054492950439453,22.485931396484375,98.68743133544922,119.43000030517578,70.87999725341797,54.47818374633789,21.010326385498047,10.020000457763672
2017-06-26,211.44973754882812,20.296855926513672,25.621849060058594,21.920970916748047,69.08407592773438,58.48139572143555,41.126338958740234,43.740020751953125,20.19017791748047,22.552745819091797,99.05817413330078,118.36000061035156,71.44000244140625,54.55228042602539,21.04374122619629,9.899999618530273
2017-06-27,209.74630737304688,20.39826011657715,25.20091438293457,21.886852264404297,68.45677185058594,58.0429801940918,40.80131530761719,43.36314392089844,19.964038848876953,22.414945602416992,98.0000228881836,118.80999755859375,72.80000305175781,54.37936019897461,20.809829711914062,11.0600004196167
2017-06-28,211.62355041503906,20.719356536865234,25.51661491394043,22.00628089904785,68.81771087646484,58.5673713684082,41.21331024169922,43.52017593383789,19.771820068359375,22.61956024169922,97.67567443847656,118.9000015258789,73.5999984741211,54.60173034667969,20.742998123168945,10.029999732971191
2017-06-29,209.7636260986328,20.863006591796875,25.059080123901367,22.054058074951172,68.19034576416016,58.06877899169922,40.815059661865234,43.05693054199219,19.6135311126709,22.348140716552734,96.85704040527344,118.31999969482422,73.68000030517578,54.4658317565918,20.642749786376953,11.4399995803833
2017-06-30,210.15472412109375,20.846105575561523,25.036211013793945,22.153017044067383,68.0958251953125,58.5501708984375,41.030216217041016,43.13545608520508,19.583375930786133,22.469228744506836,96.63304138183594,118.0199966430664,76.0,54.595542907714844,20.676162719726562,11.180000305175781
2017-07-03,210.5111083984375,21.15030860900879,24.86234474182129,22.579559326171875,68.21611785888672,58.91122055053711,40.98900604248047,43.09621047973633,19.492918014526367,22.665481567382812,96.3219223022461,116.08999633789062,76.95999908447266,54.56888961791992,20.801475524902344,11.220000267028809
2017-07-05,210.997802734375,21.18410873413086,25.109411239624023,22.12230682373047,68.62003326416016,59.08314895629883,40.88829803466797,43.06480026245117,19.398693084716797,22.590330123901367,96.34516906738281,116.5199966430664,74.0,54.52544403076172,20.809829711914062,11.069999694824219
2017-07-06,209.06832885742188,21.02355194091797,24.88064193725586,21.876625061035156,67.73487854003906,58.5673713684082,40.471717834472656,42.82140350341797,19.39116096496582,22.4901123046875,95.54802703857422,116.47000122070312,74.4800033569336,54.388980865478516,20.717933654785156,12.539999961853027
2017-07-07,210.4241485595703,21.167205810546875,25.168886184692383,21.84249496459961,68.0786361694336,59.02299499511719,40.8333625793457,42.797847747802734,19.40623664855957,22.607030868530273,94.97531127929688,115.27999877929688,72.80000305175781,54.3393440246582,20.75135040283203,11.1899995803833
2017-07-10,210.650146484375,21.1418514251709,25.351900100708008,21.914152145385742,67.94973754882812,59.194908142089844,40.920345306396484,42.4995002746582,19.39116096496582,22.749004364013672,95.1146011352539,115.47000122070312,73.04000091552734,54.401371002197266,20.75970458984375,11.109999656677246
2017-07-11,210.4936981201172,20.955951690673828,25.40680503845215,22.033584594726562,67.87239837646484,59.14332962036133,40.83794021606445,42.38172912597656,19.37984848022461,22.715599060058594,95.27713775634766,115.62000274658203,74.16000366210938,54.36415100097656,20.684518814086914,10.890000343322754
2017-07-12,212.07550048828125,21.02355194091797,25.73623275756836,22.095008850097656,68.3364486694336,59.46999740600586,41.14923095703125,42.61726760864258,19.54568862915039,22.978666305541992,95.93497467041016,116.02999877929688,74.63999938964844,54.717708587646484,20.684518814086914,10.300000190734863
2017-07-13,212.4318389892578,21.15030860900879,25.786563873291016,22.18372344970703,68.39659118652344,59.42699432373047,41.15380859375,42.6251220703125,19.477846145629883,22.95361328125,95.33128356933594,115.81999969482422,75.76000213623047,54.76117706298828,20.692874908447266,9.899999618530273
2017-07-14,213.42263793945312,21.057355880737305,26.01533317565918,22.316802978515625,68.86065673828125,59.68488693237305,41.28656005859375,42.96272277832031,19.568300247192383,23.070528030395508,95.4474105834961,116.7699966430664,76.72000122070312,54.916221618652344,20.567564010620117,9.510000228881836
2017-07-17,213.3966064453125,20.98975372314453,26.019899368286133,22.28951072692871,68.61143493652344,59.65050506591797,41.38727569580078,43.009830474853516,19.658754348754883,23.116458892822266,95.71053314208984,117.29000091552734,75.5999984741211,54.93486022949219,20.567564010620117,9.819999694824219
2017-07-18,213.5095977783203,20.955951690673828,26.13886070251465,22.18372344970703,68.66300964355469,59.51298141479492,41.574954986572266,43.009830474853516,19.715288162231445,23.020421981811523,96.54633331298828,118.11000061035156,76.31999969482422,54.95965576171875,20.458959579467773,9.890000343322754
2017-07-19,214.66552734375,20.964406967163086,26.271541595458984,22.507898330688477,69.22161865234375,59.57312774658203,41.7763786315918,43.16686248779297,19.798200607299805,23.241731643676758,96.58509826660156,118.08000183105469,77.5199966430664,55.05268859863281,20.509082794189453,9.789999961853027
2017-07-20,214.7611541748047,20.955951690673828,26.32645034790039,22.43965721130371,69.67705535888672,59.237884521484375,41.689395904541016,43.174713134765625,19.941423416137695,23.070528030395508,96.86367797851562,118.23999786376953,76.87999725341797,55.083717346191406,20.383773803710938,9.579999923706055
2017-07-21,214.5699462890625,20.955951690673828,26.294424057006836,22.217849731445312,69.59969329833984,59.126129150390625,41.71685791015625,43.24536895751953,20.084644317626953,23.074708938598633,97.27383422851562,119.26000213623047,74.72000122070312,55.040279388427734,20.316940307617188,9.359999656677246
2017-07-24,214.5177764892578,21.048906326293945,26.35848045349121,22.176902770996094,69.57394409179688,58.99720001220703,41.574954986572266,43.104061126708984,19.89620018005371,23.053831100463867,96.8946533203125,119.30999755859375,76.0,55.083717346191406,20.325294494628906,9.430000305175781
2017-07-25,215.0392303466797,21.31085205078125,26.308143615722656,22.45671844482422,69.07550811767578,58.91981506347656,41.86793518066406,43.40240478515625,19.78313446044922,23.300189971923828,95.6331558227539,118.91999816894531,78.4800033569336,55.10854721069336,20.35871124267578,9.430000305175781
2017-07-26,215.0478973388672,21.167205810546875,26.408798217773438,22.48059844970703,68.84346771240234,58.99720001220703,41.8496208190918,43.394554138183594,19.971576690673828,23.158218383789062,95.78793334960938,119.87999725341797,79.68000030517578,55.18919372558594,20.24175453186035,9.600000381469727
2017-07-27,214.84800720214844,21.048906326293945,26.308143615722656,22.7092342376709,68.37081146240234,58.661922454833984,42.15632247924805,43.81853485107422,20.02057456970215,23.074708938598633,95.31580352783203,119.79000091552734,80.4800033569336,55.14573669433594,20.316940307617188,10.109999656677246
2017-07-28,214.59596252441406,21.048906326293945,26.28069496154785,22.681930541992188,68.71455383300781,58.79948425292969,41.83588790893555,43.44951248168945,19.990415573120117,22.99119758605957,95.88080596923828,120.69000244140625,81.36000061035156,55.151954650878906,20.191631317138672,10.289999961853027
2017-07-31,214.4743194580078,21.201007843017578,26.15259552001953,22.733121871948242,68.6544189453125,58.722103118896484,41.8221549987793,43.43381118774414,20.058256149291992,22.815813064575195,95.99688720703125,120.75,82.23999786376953,55.151954650878906,20.108091354370117,10.260000228881836
2017-08-01,214.95233154296875,21.353103637695312,26.285268783569336,22.729705810546875,68.49971771240234,58.5501708984375,41.895389556884766,43.38669967651367,20.171327590942383,22.832515716552734,96.67086791992188,120.6500015258789,80.72000122070312,55.206790924072266,20.141511917114258,10.09000015258789
2017-08-02,215.0566864013672,21.386899948120117,26.35848045349121,22.644397735595703,68.34505462646484,58.80807113647461,41.780967712402344,43.35529708862305,20.258018493652344,22.8533935546875,96.72518920898438,120.4000015258789,81.12000274658203,55.21924591064453,20.116443634033203,10.279999732971191
2017-08-03,214.63946533203125,21.31085205078125,26.29900360107422,22.327043533325195,68.45677185058594,59.10033416748047,41.66651153564453,43.31604766845703,20.35977554321289,22.682191848754883,97.72569274902344,120.58999633789062,80.16000366210938,55.11336135864258,20.066322326660156,10.4399995803833
2017-08-04,215.0305633544922,21.454500198364258,26.35848045349121,22.398704528808594,68.30206298828125,59.212093353271484,41.67109680175781,43.198265075683594,20.269323348999023,22.79075813293457,96.89579772949219,119.6500015258789,81.04000091552734,55.12580490112305,20.24175453186035,10.029999732971191
2017-08-07,215.43031311035156,21.42070198059082,26.518617630004883,22.22808837890625,68.44816589355469,59.212093353271484,41.767215728759766,43.52017593383789,20.333393096923828,22.80328369140625,97.00439453125,119.51000213623047,80.80000305175781,55.100852966308594,20.233402252197266,9.930000305175781
2017-08-08,214.90016174316406,21.361557006835938,26.482009887695312,22.176902770996094,68.13018798828125,59.031578063964844,41.79011917114258,43.35529708862305,20.416309356689453,22.623737335205078,96.65534973144531,119.86000061035156,80.4800033569336,54.864158630371094,20.266820907592773,10.960000038146973
2017-08-09,214.89149475097656,21.361557006835938,26.46828269958496,22.19738006591797,68.20755767822266,59.048770904541016,41.5474853515625,43.425968170166016,20.310779571533203,22.64461326599121,97.18276977539062,121.30999755859375,81.19999694824219,54.652408599853516,20.25010871887207,11.109999656677246
2017-08-10,211.85824584960938,20.981304168701172,25.946699142456055,21.961925506591797,67.35676574707031,58.3008918762207,40.9249153137207,43.24536895751953,20.374855041503906,22.38572120666504,98.01268005371094,122.20999908447266,79.27999877929688,54.30355453491211,20.21669578552246,16.040000915527344
2017-08-11,212.171142578125,20.896806716918945,26.125133514404297,21.8186092376709,67.54582214355469,58.33526611328125,41.1354866027832,43.27677536010742,20.25424575805664,22.331438064575195,98.05921173095703,122.79000091552734,79.91999816894531,54.397003173828125,20.141511917114258,15.510000228881836
2017-08-14,214.2743682861328,21.18410873413086,26.541484832763672,21.753768920898438,68.00131225585938,58.94560241699219,41.42848587036133,43.4887809753418,20.371082305908203,22.540218353271484,97.55504608154297,121.91999816894531,77.76000213623047,54.68352127075195,20.225048065185547,12.329999923706055
2017-08-15,214.248291015625,21.201007843017578,26.582674026489258,21.671873092651367,68.00131225585938,58.816650390625,41.04851531982422,43.708614349365234,20.484148025512695,22.544397354125977,97.14397430419922,120.9800033569336,78.0,54.70220184326172,20.316940307617188,12.039999961853027
2017-08-16,214.62203979492188,21.15876007080078,26.66045379638672,21.46371841430664,68.19034576416016,58.97999572753906,41.25909423828125,43.85777282714844,20.567062377929688,22.765703201293945,97.50076293945312,121.87000274658203,76.55999755859375,54.708499908447266,20.25010871887207,11.739999771118164
2017-08-17,211.27587890625,20.79541015625,26.13886070251465,21.160018920898438,67.3395767211914,57.957008361816406,40.59989547729492,43.45735549926758,20.42007827758789,22.419124603271484,98.2298583984375,122.48999786376953,76.95999908447266,54.40325164794922,20.29188346862793,15.550000190734863
2017-08-18,210.94566345214844,20.80385398864746,26.11141014099121,21.265804290771484,67.03021240234375,57.72490692138672,40.39849090576172,43.3395881652832,20.540687561035156,22.427478790283203,98.20658874511719,122.30000305175781,79.76000213623047,54.484195709228516,20.225048065185547,14.260000228881836
2017-08-21,211.1107940673828,20.744707107543945,26.102258682250977,21.156612396240234,67.33099365234375,57.81948471069336,40.471717834472656,43.49661636352539,20.616064071655273,22.4483585357666,98.4469985961914,122.76000213623047,77.68000030517578,54.5402946472168,20.166568756103516,13.1899995803833
2017-08-22,213.31837463378906,20.972862243652344,26.491161346435547,21.2965145111084,68.14738464355469,58.48139572143555,40.90660858154297,43.50448226928711,20.66129493713379,22.740646362304688,98.06696319580078,122.20999908447266,78.16000366210938,54.764495849609375,20.25010871887207,11.350000381469727
2017-08-23,212.5535430908203,20.90526008605957,26.427104949951172,21.38864517211914,67.63176727294922,57.93121337890625,40.55869674682617,43.37886047363281,20.7291259765625,22.698898315429688,98.7339859008789,122.66999816894531,79.04000091552734,54.77073287963867,20.166568756103516,12.25
2017-08-24,212.0581512451172,20.90526008605957,26.404233932495117,21.402301788330078,67.82942962646484,57.7507209777832,40.471717834472656,42.78215026855469,20.714052200317383,22.657136917114258,98.36945343017578,122.29000091552734,77.68000030517578,54.85172653198242,20.20833969116211,12.229999542236328
2017-08-25,212.5535430908203,20.964406967163086,26.3996524810791,21.497840881347656,67.84658813476562,58.02579116821289,40.57242202758789,42.9234733581543,20.781892776489258,22.728124618530273,98.74951934814453,122.73999786376953,78.0,54.951393127441406,20.041257858276367,11.279999732971191
2017-08-28,212.562255859375,20.829206466674805,26.449979782104492,21.402301788330078,68.20755767822266,57.99140167236328,40.5953254699707,42.797847747802734,20.819581985473633,22.76152801513672,98.68743133544922,124.69000244140625,76.23999786376953,54.957584381103516,19.9827823638916,11.319999694824219
2017-08-29,212.8055419921875,20.761611938476562,26.564369201660156,21.375,68.3364486694336,58.41262435913086,40.55869674682617,42.947021484375,20.774356842041016,22.65296745300293,99.00542449951172,124.41999816894531,75.68000030517578,54.889122009277344,20.007844924926758,11.699999809265137
2017-08-30,213.81375122070312,20.846105575561523,26.75652503967285,21.385231018066406,68.68878173828125,58.653324127197266,40.85166549682617,42.93917465209961,20.714052200317383,22.81998634338379,98.97441864013672,124.36000061035156,75.04000091552734,55.03858947753906,20.133155822753906,11.220000267028809
2017-08-31,215.10003662109375,20.871458053588867,26.916664123535156,21.487607955932617,69.85752868652344,58.85105514526367,41.043949127197266,42.95487594604492,20.717823028564453,22.99536895751953,99.26911163330078,125.81999969482422,77.04000091552734,55.18807601928711,20.074676513671875,10.59000015258789
2017-09-01,215.40426635742188,20.930604934692383,26.893789291381836,21.695768356323242,69.80597686767578,58.90262985229492,41.23162078857422,43.159019470214844,20.65375328063965,23.14568519592285,98.50982666015625,126.05999755859375,77.36000061035156,55.24435043334961,20.116443634033203,10.130000114440918
2017-09-05,213.85716247558594,20.482757568359375,26.65587043762207,21.815189361572266,69.50516510009766,58.30946350097656,41.062252044677734,43.221824645996094,20.70651626586914,22.88262176513672,100.0719985961914,127.45999908447266,79.36000061035156,55.119293212890625,20.007844924926758,12.229999542236328
2017-09-06,214.58724975585938,20.53345489501953,26.678749084472656,22.170076370239258,69.84033966064453,58.36964416503906,41.318607330322266,43.40240478515625,20.612293243408203,22.94108772277832,99.45800018310547,126.80999755859375,80.31999969482422,55.08174133300781,19.991134643554688,11.630000114440918
2017-09-07,214.56124877929688,20.17856216430664,26.77025604248047,22.211023330688477,70.61376190185547,58.49000549316406,40.961544036865234,43.465213775634766,20.766820907592773,22.978666305541992,100.47612762451172,128.1300048828125,80.23999786376953,55.08803176879883,19.8491153717041,11.550000190734863
2017-09-08,214.30914306640625,20.364459991455078,26.550642013549805,21.97557258605957,70.93171691894531,58.68769454956055,40.81962203979492,43.25322341918945,20.86481285095215,22.970319747924805,100.25850677490234,127.97000122070312,77.83999633789062,54.9128303527832,19.798995971679688,12.119999885559082
2017-09-11,216.59494018554688,20.719356536865234,26.925827026367188,22.18372344970703,71.481689453125,59.194908142089844,41.034786224365234,43.52017593383789,21.041955947875977,23.270957946777344,99.06159973144531,126.19000244140625,78.55999755859375,55.08803176879883,19.93265724182129,10.729999542236328
2017-09-12,217.32505798339844,20.964406967163086,26.989871978759766,22.320220947265625,71.63639831542969,59.478580474853516,41.217899322509766,43.61439514160156,20.691444396972656,23.467220306396484,98.54092407226562,126.55999755859375,78.95999908447266,55.15681838989258,19.924304962158203,10.579999923706055
2017-09-13,217.42930603027344,20.99820327758789,26.95326805114746,22.600032806396484,71.3699951171875,59.392616271972656,41.515438079833984,43.637943267822266,20.589677810668945,23.45886993408203,98.15231323242188,125.61000061035156,80.55999755859375,55.175575256347656,20.041257858276367,10.5
2017-09-14,217.35980224609375,20.955951690673828,26.861766815185547,22.7092342376709,71.46454620361328,59.6762809753418,41.291141510009766,43.55158615112305,20.76305389404297,23.538206100463867,98.55643463134766,126.16000366210938,81.04000091552734,55.25063705444336,19.9827823638916,10.4399995803833
2017-09-15,217.6524200439453,21.01790428161621,26.971506118774414,22.762813568115234,71.2359848022461,59.92326736450195,41.17537307739258,43.62743377685547,20.79229736328125,23.539037704467773,98.59532165527344,125.52999877929688,81.5999984741211,55.300689697265625,19.915950775146484,10.170000076293945
2017-09-18,218.11532592773438,21.26396942138672,26.99445915222168,22.859628677368164,71.21868896484375,60.260074615478516,41.032955169677734,43.69062423706055,20.579622268676758,23.669189453125,98.02796936035156,124.36000061035156,81.36000061035156,55.27566146850586,19.966075897216797,10.149999618530273
2017-09-19,218.33370971679688,21.42519187927246,27.113847732543945,22.952964782714844,70.6580810546875,60.320518493652344,40.99620056152344,43.55632781982422,20.5378475189209,23.790929794311523,97.78703308105469,124.62000274658203,80.87999725341797,55.3319206237793,19.907594680786133,10.180000305175781
2017-09-20,218.41229248046875,21.552465438842773,27.003650665283203,23.108545303344727,70.72704315185547,60.760948181152344,41.13402557373047,43.13758850097656,20.385942459106445,23.87489128112793,97.85697174072266,123.62000274658203,81.91999816894531,55.325687408447266,20.066322326660156,9.779999732971191
2017-09-21,217.82713317871094,21.603376388549805,26.85671615600586,23.115463256835938,70.36479187011719,60.94231414794922,41.065120697021484,42.72675323486328,20.382143020629883,23.82451629638672,97.80256652832031,122.68000030517578,82.0,55.25688552856445,20.007844924926758,9.670000076293945
2017-09-22,217.87075805664062,21.577930450439453,26.8704833984375,23.233009338378906,70.36479187011719,61.09773254394531,41.13402557373047,42.60034942626953,20.215045928955078,23.74055290222168,98.08238220214844,123.23999786376953,81.91999816894531,55.31319046020508,19.991134643554688,9.59000015258789
2017-09-25,217.42530822753906,21.552465438842773,26.553665161132812,23.568368911743164,70.15776824951172,61.09773254394531,41.04674530029297,42.90847396850586,20.401134490966797,23.782533645629883,98.69635772705078,124.52999877929688,84.4000015258789,55.344482421875,20.108091354370117,10.210000038146973
2017-09-26,217.55630493164062,21.54397964477539,26.65008544921875,23.557998657226562,70.04566192626953,61.09773254394531,41.051334381103516,43.01118087768555,20.36315155029297,23.677587509155273,98.51758575439453,123.13999938964844,83.91999816894531,55.41325378417969,20.1749210357666,10.170000076293945
2017-09-27,218.40359497070312,21.807029724121094,26.92099380493164,23.65825843811035,70.01980590820312,61.16682815551758,41.27644348144531,42.679351806640625,20.089723587036133,23.677587509155273,97.03312683105469,121.9800033569336,84.16000366210938,55.438297271728516,20.27517318725586,9.869999885559082
2017-09-28,218.6656036376953,21.840965270996094,26.953134536743164,23.67899513244629,70.08016204833984,61.13228988647461,41.22591018676758,42.679351806640625,20.161876678466797,23.84550666809082,96.74563598632812,122.20999908447266,83.44000244140625,55.438297271728516,20.21669578552246,9.550000190734863
2017-09-29,219.43418884277344,21.942787170410156,27.136804580688477,23.67554473876953,70.49418640136719,61.31362533569336,41.38209915161133,42.64775085449219,20.146690368652344,23.84550666809082,96.96321105957031,121.58000183105469,83.44000244140625,55.519615173339844,20.19998550415039,9.510000228881836
2017-10-02,220.38624572753906,22.12946128845215,27.178125381469727,23.668628692626953,71.21009063720703,61.736759185791016,41.4601936340332,42.56874084472656,20.180871963500977,24.105791091918945,96.78560638427734,120.7699966430664,81.68000030517578,55.491336822509766,20.316940307617188,9.449999809265137
2017-10-03,220.85792541503906,22.20583152770996,27.242412567138672,23.644426345825195,71.19282531738281,62.00449752807617,41.6347541809082,42.61614227294922,20.123903274536133,24.206552505493164,96.87909698486328,120.83000183105469,81.44000244140625,55.591800689697266,20.3085880279541,9.510000228881836
2017-10-04,221.1199951171875,22.104007720947266,27.22404670715332,23.62714385986328,71.5378646850586,61.98719787597656,41.85067367553711,42.75045394897461,20.325178146362305,24.214946746826172,96.88689422607422,121.16999816894531,80.63999938964844,55.5352783203125,20.28352928161621,9.630000114440918
2017-10-05,222.43016052246094,22.33310890197754,27.48577880859375,23.73431968688965,71.58959197998047,62.134029388427734,42.084964752197266,42.94007110595703,20.30618667602539,24.361881256103516,96.5208511352539,120.5199966430664,82.0,55.604373931884766,20.39212989807129,9.1899995803833
2017-10-06,222.17684936523438,22.358562469482422,27.527099609375,23.533794403076172,71.49471282958984,62.12538146972656,42.135494232177734,42.51344299316406,20.291000366210938,24.307302474975586,96.24826049804688,121.08999633789062,79.76000213623047,55.52274703979492,20.35871124267578,9.649999618530273
2017-10-09,221.80995178222656,22.27370262145996,27.59597396850586,23.582189559936523,71.04620361328125,61.95267105102539,42.00227355957031,42.394927978515625,20.31757926940918,24.303110122680664,96.55198669433594,122.08000183105469,80.0,55.52903366088867,20.325294494628906,10.329999923706055
2017-10-10,222.39523315429688,22.375537872314453,27.623516082763672,23.602937698364258,71.21009063720703,62.04766845703125,41.960933685302734,42.76626205444336,20.515064239501953,24.319908142089844,96.70775604248047,122.4000015258789,82.23999786376953,55.5730094909668,20.21669578552246,10.079999923706055
2017-10-11,222.74456787109375,22.33310890197754,27.715356826782227,23.65825843811035,71.34807586669922,62.013126373291016,41.9838981628418,42.85316848754883,20.602415084838867,24.33249282836914,96.89468383789062,122.79000091552734,82.87999725341797,55.51647186279297,20.158214569091797,9.850000381469727
2017-10-12,222.41268920898438,22.163408279418945,27.6464786529541,23.571826934814453,71.27046203613281,62.34129333496094,41.70368194580078,43.03488540649414,20.708749771118164,24.3786678314209,97.30741119384766,122.88999938964844,81.83999633789062,55.45365524291992,20.19998550415039,9.90999984741211
2017-10-13,222.68341064453125,22.17188835144043,27.779644012451172,23.557998657226562,71.0893325805664,62.22902297973633,41.90581130981445,43.1138916015625,20.564435958862305,24.496219635009766,98.00830078125,123.81999969482422,82.95999908447266,55.47878646850586,20.19998550415039,9.609999656677246
2017-10-16,222.9803924560547,22.31613540649414,27.880657196044922,23.609853744506836,70.77883911132812,62.298118591308594,41.960933685302734,43.12968826293945,20.51885986328125,24.479433059692383,97.93820190429688,122.97000122070312,83.68000030517578,55.510169982910156,20.25010871887207,9.90999984741211
2017-10-17,223.13760375976562,22.20583152770996,27.880657196044922,23.623687744140625,71.72761535644531,62.134029388427734,41.9838981628418,42.9716796875,20.6403865814209,24.416452407836914,98.0628433227539,122.12999725341797,83.91999816894531,55.591800689697266,20.300233840942383,10.3100004196167
2017-10-18,223.35594177246094,22.324623107910156,27.94953155517578,23.45772933959961,71.83110809326172,62.15995407104492,41.86906433105469,42.91636657714844,20.602415084838867,24.357685089111328,97.41644287109375,121.66999816894531,83.83999633789062,55.64835739135742,20.27517318725586,10.069999694824219
2017-10-19,223.4171142578125,22.34159278869629,27.866878509521484,23.385133743286133,72.2709732055664,62.33263397216797,41.86906433105469,42.6872444152832,20.818880081176758,24.450037002563477,97.5877914428711,122.38999938964844,82.80000305175781,55.65460205078125,20.225048065185547,10.050000190734863
2017-10-20,224.57005310058594,22.60463523864746,28.055137634277344,23.43008041381836,72.34861755371094,63.00621795654297,41.97011947631836,42.58454895019531,20.834060668945312,24.659955978393555,96.55198669433594,121.61000061035156,83.44000244140625,55.70488739013672,20.342004776000977,9.970000267028809
2017-10-23,223.69662475585938,22.58766746520996,27.921977996826172,23.309064865112305,72.16747283935547,62.60898971557617,41.68528747558594,42.552940368652344,20.845457077026367,24.61376953125,96.72332000732422,121.80000305175781,83.36000061035156,55.642059326171875,20.367063522338867,11.069999694824219
2017-10-24,224.0896453857422,22.748878479003906,28.000036239624023,23.354013442993164,71.68446350097656,62.96306228637695,41.78636169433594,42.40283203125,20.86444664001465,24.75230598449707,96.12367248535156,121.33000183105469,84.31999969482422,55.642059326171875,20.400482177734375,11.15999984741211
2017-10-25,222.9803924560547,22.61311912536621,27.848514556884766,23.191518783569336,71.58096313476562,62.34129333496094,41.625579833984375,42.28432083129883,20.773303985595703,24.622167587280273,95.6642074584961,121.3499984741211,83.83999633789062,55.48507308959961,20.350358963012695,11.229999542236328
2017-10-26,223.26861572265625,22.740402221679688,27.963308334350586,23.239925384521484,70.86505889892578,62.42763900756836,41.772579193115234,42.31593322753906,20.777101516723633,24.94962501525879,95.34488677978516,120.33000183105469,84.55999755859375,55.41596221923828,20.567564010620117,11.300000190734863
2017-10-27,225.09408569335938,22.723430633544922,28.716337203979492,23.281417846679688,70.84783172607422,62.453556060791016,42.44789123535156,41.952491760253906,20.906225204467773,24.81947898864746,95.97574615478516,120.9000015258789,86.72000122070312,55.56669998168945,20.617687225341797,9.800000190734863
2017-10-30,224.25559997558594,22.630096435546875,28.780622482299805,23.402416229248047,70.08879089355469,62.021759033203125,42.25495910644531,41.59696578979492,20.910018920898438,24.70193099975586,96.89468383789062,121.12999725341797,86.95999908447266,55.554115295410156,20.517436981201172,10.5
2017-10-31,224.60494995117188,22.57069206237793,28.904611587524414,23.478483200073242,69.95940399169922,61.771331787109375,42.25953674316406,41.94459533691406,20.932804107666016,24.76910400390625,96.92576599121094,120.66999816894531,87.44000244140625,55.56669998168945,20.534147262573242,10.180000305175781
2017-11-01,224.90191650390625,22.60463523864746,28.90918731689453,23.74468421936035,70.13192749023438,61.736759185791016,42.27332305908203,42.07891082763672,20.81507682800293,24.890846252441406,97.35740661621094,121.11000061035156,87.19999694824219,55.513736724853516,20.57591438293457,10.199999809265137
2017-11-02,224.98928833007812,22.816776275634766,28.9229679107666,23.67554473876953,69.81279754638672,62.09085464477539,41.95634078979492,41.9761848449707,20.89103889465332,24.71031951904297,97.7865982055664,121.19000244140625,87.91999816894531,55.48223114013672,20.57591438293457,9.930000305175781
2017-11-03,225.74050903320312,22.723430633544922,29.15254783630371,23.74468421936035,70.39067840576172,62.03041076660156,42.126304626464844,41.98408889770508,20.966983795166016,24.697736740112305,98.05199432373047,120.62000274658203,89.44000244140625,55.488468170166016,20.626041412353516,9.140000343322754
2017-11-06,226.0898895263672,22.697973251342773,29.216833114624023,24.28748893737793,70.1750259399414,62.06493377685547,42.434112548828125,41.533756256103516,20.887239456176758,24.592777252197266,98.41876983642578,121.6500015258789,92.08000183105469,55.4947624206543,20.57591438293457,9.399999618530273
2017-11-07,225.93258666992188,22.384021759033203,29.230607986450195,24.256372451782227,70.3216781616211,62.15995407104492,42.18144989013672,41.9998893737793,21.137876510620117,24.61797523498535,98.83235168457031,121.20999908447266,91.91999816894531,55.33713150024414,20.60933494567871,9.890000343322754
2017-11-08,226.31689453125,22.27370262145996,29.39131736755371,24.138822555541992,70.48558807373047,62.05631637573242,42.22737121582031,42.45813751220703,21.1530704498291,24.64316177368164,98.61384582519531,121.62999725341797,91.27999877929688,55.09115219116211,20.600976943969727,9.779999732971191
2017-11-09,225.49591064453125,22.19735336303711,29.157146453857422,24.21142578125,70.49418640136719,61.27908706665039,42.29169464111328,42.450233459472656,21.179656982421875,24.433244705200195,98.33292388916016,122.12999725341797,91.68000030517578,54.819942474365234,20.517436981201172,10.5
2017-11-10,225.42599487304688,22.12946128845215,29.157146453857422,24.083511352539062,70.03704833984375,61.365447998046875,42.434112548828125,42.884761810302734,21.080917358398438,24.395462036132812,96.85015106201172,121.12999725341797,91.36000061035156,54.939788818359375,20.500728607177734,11.289999961853027
2017-11-13,225.63563537597656,22.163408279418945,29.147958755493164,23.945209503173828,70.10604858398438,61.158203125,42.576515197753906,43.12968826293945,21.331562042236328,24.521406173706055,97.05302429199219,121.30999755859375,91.04000091552734,54.90194320678711,20.517436981201172,11.5
2017-11-14,225.11158752441406,22.15492057800293,29.088268280029297,23.557998657226562,69.8214111328125,60.99410629272461,42.61326217651367,43.27980041503906,21.597396850585938,24.298906326293945,97.70856475830078,121.55999755859375,89.04000091552734,54.66859436035156,20.37541961669922,11.59000015258789
2017-11-15,223.98484802246094,22.214319229125977,28.87245750427246,23.29178237915039,69.62303161621094,60.64869689941406,42.429500579833984,42.82156753540039,21.411319732666016,24.1519718170166,98.76995086669922,121.41000366210938,88.72000122070312,54.66859436035156,20.367063522338867,13.130000114440918
2017-11-16,225.88894653320312,22.222806930541992,29.276527404785156,23.198440551757812,70.34754943847656,61.218650817871094,42.78324508666992,43.41410827636719,21.34295654296875,24.445846557617188,97.9114761352539,121.4000015258789,88.55999755859375,55.20466995239258,20.39212989807129,11.760000228881836
2017-11-17,225.22518920898438,22.19735336303711,29.088268280029297,23.312532424926758,70.071533203125,60.881858825683594,42.971595764160156,43.263999938964844,21.194849014282227,24.479433059692383,98.63726043701172,122.86000061035156,90.80000305175781,55.16682815551758,20.333648681640625,11.430000305175781
2017-11-20,225.6094512939453,22.299171447753906,29.198469161987305,23.2572078704834,69.77828216552734,61.158203125,43.054283142089844,43.21660232543945,21.13028907775879,24.51301383972168,98.5982666015625,121.30999755859375,90.23999786376953,55.179473876953125,20.433897018432617,10.649999618530273
2017-11-21,227.08560180664062,22.367046356201172,29.50611114501953,23.309064865112305,70.39067840576172,61.59861373901367,43.320735931396484,43.35881042480469,21.187253952026367,24.64316177368164,98.91040802001953,121.51000213623047,91.19999694824219,55.29297637939453,20.408838272094727,9.729999542236328
2017-11-22,226.88465881347656,22.256742477416992,29.451007843017578,23.402416229248047,70.36479187011719,61.667701721191406,43.36208724975586,43.30350875854492,21.187253952026367,24.575984954833984,99.23035430908203,122.62999725341797,92.80000305175781,55.38127899169922,20.25010871887207,9.880000114440918
2017-11-24,227.40870666503906,22.248252868652344,29.616304397583008,23.468109130859375,70.52867126464844,61.667701721191406,43.472328186035156,43.27189636230469,21.2214298248291,24.70193099975586,98.95726013183594,122.31999969482422,94.31999969482422,55.419124603271484,20.158214569091797,9.670000076293945
2017-11-27,227.29518127441406,22.231290817260742,29.616304397583008,23.22955322265625,70.58905792236328,61.771331787109375,43.504486083984375,43.295597076416016,21.31257438659668,24.55499267578125,98.81676483154297,122.83000183105469,92.72000122070312,55.24882125854492,20.183279037475586,9.869999885559082
2017-11-28,229.60105895996094,22.80828285217285,29.712732315063477,23.40932846069336,71.10658264160156,62.71261215209961,43.986854553222656,43.651123046875,21.411319732666016,24.827871322631836,98.949462890625,122.80999755859375,92.63999938964844,55.419124603271484,20.266820907592773,10.029999732971191
2017-11-29,229.4613037109375,23.198604583740234,29.056127548217773,23.53725242614746,71.46021270751953,63.265296936035156,44.17520523071289,43.88025665283203,21.422706604003906,24.865657806396484,97.9738998413086,122.04000091552734,91.76000213623047,55.34975814819336,20.258466720581055,10.699999809265137
2017-11-30,231.47021484375,23.351333618164062,29.313255310058594,23.889894485473633,71.9949951171875,64.34476470947266,44.400306701660156,44.28318786621094,21.494857788085938,25.00419807434082,97.64614868164062,121.0999984741211,91.76000213623047,55.362388610839844,20.20833969116211,11.279999732971191
2017-12-01,230.9897918701172,23.402246475219727,29.1617374420166,24.090421676635742,71.84835815429688,63.550270080566406,44.38192367553711,44.393795013427734,21.422706604003906,24.798490524291992,98.96380615234375,121.58999633789062,93.36000061035156,55.344627380371094,20.191631317138672,11.430000305175781
2017-12-04,230.71038818359375,23.758621215820312,28.693391799926758,24.080047607421875,70.96858978271484,64.08570098876953,44.89645004272461,44.81253433227539,21.30118179321289,25.054576873779297,99.01073455810547,121.18000030517578,91.91999816894531,55.325626373291016,20.258466720581055,11.680000305175781
2017-12-05,229.8805389404297,23.631351470947266,28.702566146850586,23.976329803466797,70.84783172607422,63.54166030883789,44.639190673828125,44.74141311645508,21.03154754638672,24.92862892150879,99.50341033935547,120.31999969482422,92.31999969482422,55.2939453125,20.29188346862793,11.329999923706055
2017-12-06,229.92428588867188,23.546499252319336,28.886232376098633,23.66516876220703,70.78742980957031,63.63663864135742,44.34976577758789,45.02584457397461,21.111299514770508,24.781700134277344,99.84752655029297,120.06999969482422,89.5999984741211,55.2432975769043,20.342004776000977,11.020000457763672
2017-12-07,230.64920043945312,23.62286376953125,29.0653076171875,23.73431968688965,70.8046875,64.22386932373047,44.464622497558594,44.59130096435547,21.149274826049805,24.94962501525879,99.06550598144531,118.48999786376953,90.63999938964844,55.26864242553711,20.383773803710938,10.15999984741211
2017-12-08,231.90695190429688,23.76711082458496,29.203062057495117,23.952123641967773,71.59820556640625,64.50020599365234,44.67594528198242,44.70981216430664,21.217636108398438,24.94962501525879,99.07333374023438,118.4800033569336,91.91999816894531,55.325626373291016,20.417192459106445,9.579999923706055
2017-12-11,232.60568237304688,23.707712173461914,29.455596923828125,24.124988555908203,71.90010070800781,64.37065887451172,44.77241134643555,44.70191955566406,21.34675407409668,24.98320770263672,98.87003326416016,118.01000213623047,92.80000305175781,55.338314056396484,20.417192459106445,9.34000015258789
2017-12-12,233.01629638671875,23.945301055908203,29.4464168548584,24.059303283691406,72.18474578857422,64.43976593017578,44.790775299072266,44.70981216430664,20.982177734375,24.987407684326172,98.83089447021484,118.1500015258789,91.5199966430664,55.312965393066406,20.450607299804688,9.920000076293945
2017-12-13,232.99002075195312,23.6483154296875,29.455596923828125,24.024730682373047,72.43486022949219,64.69022369384766,44.827545166015625,44.96263885498047,21.039148330688477,25.054576873779297,99.57379150390625,119.16999816894531,90.63999938964844,55.344627380371094,20.3085880279541,10.180000305175781
2017-12-14,232.03793334960938,23.495588302612305,29.41887092590332,23.93829345703125,71.70169830322266,64.2497787475586,44.96535110473633,44.76513671875,21.01255989074707,24.777494430541992,99.99606323242188,118.93000030517578,91.44000244140625,55.230628967285156,20.325294494628906,10.489999771118164
2017-12-15,233.97015380859375,23.706995010375977,29.754392623901367,23.91672134399414,72.49061584472656,64.70301818847656,45.15988540649414,45.27293014526367,21.0896053314209,24.9243106842041,100.37149047851562,119.18000030517578,91.68000030517578,55.236968994140625,20.408838272094727,9.420000076293945
2017-12-18,235.4539031982422,23.92011260986328,30.017093658447266,24.101177215576172,72.51660919189453,65.1632080078125,45.565528869628906,45.249061584472656,20.855785369873047,25.29134178161621,99.45648956298828,119.7300033569336,91.5199966430664,55.2939453125,20.37789535522461,9.529999732971191
2017-12-19,234.54959106445312,23.817811965942383,29.832740783691406,24.135986328125,72.43000793457031,65.1805419921875,45.50559616088867,45.30476760864258,20.476314544677734,25.261812210083008,98.16616821289062,119.81999969482422,92.08000183105469,55.1799201965332,20.319364547729492,10.029999732971191
2017-12-20,234.42674255371094,23.775192260742188,29.823514938354492,24.477052688598633,72.19619750976562,65.3976058959961,45.41801834106445,45.22517395019531,20.315326690673828,25.270246505737305,97.07920837402344,120.13999938964844,92.87999725341797,55.224273681640625,20.294279098510742,9.720000267028809
2017-12-21,234.90963745117188,23.979780197143555,29.763601303100586,24.995616912841797,72.03165435791016,65.44971466064453,45.7130241394043,45.19334030151367,20.073843002319336,25.358840942382812,97.6450424194336,120.30999755859375,93.12000274658203,55.28213882446289,20.285919189453125,9.619999885559082
2017-12-22,234.84812927246094,23.91158103942871,29.745174407958984,25.047822952270508,71.79784393310547,65.46707916259766,45.62544631958008,45.26496505737305,20.1044979095459,25.455869674682617,97.7781982421875,120.94000244140625,93.27999877929688,55.33306884765625,20.294279098510742,9.899999618530273
2017-12-26,234.56716918945312,23.843385696411133,29.54698944091797,25.26707649230957,71.8151626586914,65.53656005859375,45.726863861083984,45.36845016479492,19.985675811767578,25.434776306152344,98.06817626953125,121.7699966430664,95.5999984741211,55.41569900512695,20.277557373046875,10.25
2017-12-27,234.68138122558594,23.86896324157715,29.57925796508789,25.183557510375977,71.93640899658203,65.69284057617188,45.63467025756836,45.36048889160156,20.069997787475586,25.46852684020996,99.34556579589844,122.2300033569336,95.36000061035156,55.441165924072266,20.235746383666992,10.470000267028809
2017-12-28,235.1642303466797,23.962738037109375,29.629959106445312,25.221839904785156,72.0403060913086,65.82308959960938,45.75912094116211,45.288856506347656,20.18115997314453,25.582433700561523,99.25934600830078,122.8499984741211,95.76000213623047,55.41569900512695,20.177209854125977,10.180000305175781
2017-12-29,234.2774658203125,23.7922420501709,29.47325325012207,25.14875030517578,71.59869384765625,65.7015151977539,45.49177932739258,45.28089141845703,20.192665100097656,25.536029815673828,99.41608428955078,123.6500015258789,96.08000183105469,55.4984245300293,20.09359359741211,11.039999961853027
2018-01-02,235.95428466796875,23.800764083862305,29.837352752685547,25.56290626525879,72.40402221679688,66.09224700927734,46.1832160949707,45.002315521240234,20.00484275817871,25.898836135864258,98.34246826171875,125.1500015258789,96.55999755859375,55.54928207397461,20.009973526000977,9.770000457763672
2018-01-03,237.44677734375,23.928638458251953,30.086217880249023,25.945749282836914,73.09680938720703,66.44822692871094,46.39524841308594,44.98638916015625,19.847686767578125,26.08024787902832,98.81266021728516,124.81999969482422,98.72000122070312,55.816444396972656,20.08523178100586,9.149999618530273
2018-01-04,238.44761657714844,24.1502742767334,30.238309860229492,26.102354049682617,73.20072174072266,66.93444061279297,46.54736328125,45.11375427246094,19.682863235473633,26.30805778503418,98.7969970703125,125.45999908447266,98.95999908447266,55.911827087402344,20.01833724975586,9.220000267028809
2018-01-05,240.03660583496094,24.218477249145508,30.55632209777832,26.091917037963867,73.82423400878906,67.39460754394531,46.9161376953125,45.31272888183594,19.675193786621094,26.518993377685547,98.51486206054688,125.33000183105469,98.4800033569336,55.94999694824219,20.035058975219727,9.220000267028809
2018-01-08,240.47544860839844,24.184371948242188,30.671541213989258,26.248533248901367,73.55574035644531,67.6724853515625,46.971431732177734,45.42416000366211,19.85918426513672,26.55696678161621,98.45217895507812,125.30999755859375,99.04000091552734,55.905460357666016,20.12704086303711,9.520000457763672
2018-01-09,241.01980590820312,24.371915817260742,30.593181610107422,26.18240737915039,74.42172241210938,68.10661315917969,47.06362533569336,45.36048889160156,19.6636962890625,26.5147762298584,97.13558959960938,124.7300033569336,100.55999755859375,55.733760833740234,20.168851852416992,10.079999923706055
2018-01-10,240.65109252929688,24.576499938964844,30.487194061279297,26.151090621948242,74.2918472290039,68.0979232788086,47.031368255615234,45.13763427734375,19.44904899597168,26.354469299316406,97.01806640625,125.02999877929688,101.44000244140625,55.61288070678711,20.118680953979492,9.819999694824219
2018-01-11,242.40689086914062,24.69584846496582,30.611623764038086,26.687049865722656,74.61226654052734,68.96619415283203,47.79655838012695,45.073936462402344,19.376220703125,26.70039176940918,97.41771697998047,125.44000244140625,101.5999984741211,55.79730224609375,20.035058975219727,9.880000114440918
2018-01-12,243.98712158203125,24.917490005493164,30.791366577148438,26.9445858001709,75.18379211425781,69.60869598388672,48.41423416137695,45.089866638183594,19.265056610107422,26.742582321166992,97.58228302001953,126.95999908447266,102.95999908447266,55.701934814453125,19.826013565063477,10.15999984741211
2018-01-16,243.15310668945312,24.84929656982422,30.671541213989258,26.603517532348633,75.55615997314453,68.98355102539062,48.06852340698242,45.29680633544922,19.222896575927734,26.43039894104004,97.98979187011719,127.16999816894531,102.08000183105469,55.67012405395508,19.717309951782227,11.65999984741211
2018-01-17,245.47073364257812,25.036840438842773,31.132423400878906,26.836706161499023,76.28357696533203,69.36558532714844,48.29899978637695,45.81416320800781,19.341720581054688,26.5527400970459,97.8565902709961,126.13999938964844,102.23999786376953,55.67652130126953,19.767480850219727,11.90999984741211
2018-01-18,245.05812072753906,25.002742767333984,31.187715530395508,26.61744499206543,76.30091094970703,68.99224090576172,48.25750732421875,45.67886734008789,19.219058990478516,26.535869598388672,96.94754791259766,125.86000061035156,102.08000183105469,55.619232177734375,19.742395401000977,12.220000267028809
2018-01-19,246.17308044433594,25.18175506591797,31.247636795043945,26.582639694213867,76.58666229248047,69.19193267822266,48.67698669433594,46.188262939453125,19.161561965942383,26.696182250976562,96.43815612792969,126.41999816894531,101.76000213623047,55.67652130126953,19.775842666625977,11.270000457763672
2018-01-22,248.1747283935547,25.3863468170166,31.551820755004883,27.156888961791992,77.08893585205078,69.19193267822266,49.2162971496582,46.53847122192383,19.188400268554688,26.632902145385742,96.53218841552734,126.6500015258789,102.23999786376953,55.727359771728516,19.70894432067871,11.029999732971191
2018-01-23,248.70147705078125,25.411924362182617,31.690086364746094,27.115131378173828,76.71656036376953,69.2266616821289,49.631160736083984,46.387237548828125,19.372386932373047,26.628679275512695,96.94754791259766,127.27999877929688,103.76000213623047,55.89273452758789,19.658777236938477,11.100000381469727
2018-01-24,248.60484313964844,25.582416534423828,31.445819854736328,27.042041778564453,76.94171142578125,69.1658935546875,49.843196868896484,46.48276138305664,19.25356101989746,26.742582321166992,96.42249298095703,128.8300018310547,105.76000213623047,55.810035705566406,19.466453552246094,11.470000267028809
2018-01-25,248.71023559570312,25.531269073486328,31.39051628112793,26.829744338989258,77.59986877441406,69.2353515625,49.75562286376953,46.50663375854492,19.55254364013672,26.919775009155273,97.2139892578125,127.97000122070312,104.4800033569336,55.77191162109375,19.491535186767578,11.579999923706055
2018-01-26,251.5898895263672,25.71881103515625,31.888254165649414,26.97591781616211,79.27118682861328,70.03417205810547,50.24423599243164,46.7294921875,19.56403923034668,27.037899017333984,96.85348510742188,128.07000732421875,105.91999816894531,55.816444396972656,19.44972801208496,11.079999923706055
2018-01-29,249.9217071533203,25.616512298583984,31.597900390625,26.568716049194336,79.05469512939453,69.56527709960938,50.10594177246094,46.54643630981445,19.314884185791016,26.729928970336914,96.1795425415039,127.3499984741211,104.87999725341797,55.619232177734375,19.499902725219727,13.84000015258789
2018-01-30,247.35826110839844,25.28404998779297,31.312158584594727,26.032747268676758,77.39204406738281,69.01827239990234,49.857032775878906,46.236026763916016,19.34938621520996,26.535869598388672,95.61531829833984,126.80000305175781,103.19999694824219,55.42844772338867,19.466453552246094,14.789999961853027
2018-01-31,247.4811553955078,25.352249145507812,31.547212600708008,26.050153732299805,76.29222106933594,69.2266616821289,49.69569396972656,46.021121978759766,19.56403923034668,26.55696678161621,96.1795425415039,127.6500015258789,103.83999633789062,55.523834228515625,19.44136619567871,13.539999961853027
2018-02-01,247.20021057128906,25.590938568115234,31.574857711791992,26.318143844604492,76.3182373046875,69.1051025390625,49.14252853393555,45.82212829589844,19.25739097595215,26.194150924682617,94.78559875488281,128.07000732421875,105.91999816894531,55.41909408569336,19.341022491455078,13.470000267028809
2018-02-02,241.81866455078125,25.028310775756836,30.6392765045166,25.218355178833008,75.2444076538086,67.71588897705078,48.6723747253418,44.946590423583984,19.119401931762695,25.506494522094727,93.90608978271484,126.38999938964844,104.31999969482422,55.06784439086914,19.458091735839844,17.309999465942383
2018-02-05,231.70521545410156,23.766664505004883,29.358036041259766,24.160341262817383,71.91043090820312,64.64222717285156,47.031368255615234,43.31493377685547,18.805091857910156,24.531970977783203,94.79348754882812,126.70999908447266,102.16000366210938,54.76124572753906,19.541709899902344,37.31999969482422
2018-02-06,236.2703094482422,24.20142936706543,30.201435089111328,24.351757049560547,72.7071304321289,65.82308959960938,48.23446273803711,43.79248809814453,18.5252742767334,25.333534240722656,94.20452880859375,125.37999725341797,101.5999984741211,55.093353271484375,19.583518981933594,29.979999542236328
2018-02-07,234.98861694335938,24.218477249145508,29.81430435180664,23.944557189941406,72.62051391601562,65.94462585449219,48.08695602416992,43.60145568847656,18.437116622924805,25.105716705322266,93.30929565429688,124.79000091552734,98.95999908447266,54.88898468017578,19.734031677246094,27.729999542236328
2018-02-08,226.1744384765625,23.152891159057617,28.579145431518555,23.220664978027344,70.10050964355469,63.400604248046875,46.16938400268555,42.662261962890625,18.230125427246094,24.2239990234375,93.20721435546875,124.9800033569336,96.72000122070312,54.40998077392578,19.734031677246094,33.459999084472656
2018-02-09,229.5719757080078,23.596172332763672,29.279682159423828,23.20325469970703,71.09638977050781,64.0865478515625,46.47821044921875,42.74980163574219,18.613431930541992,24.645872116088867,92.61820220947266,124.7699966430664,94.87999725341797,54.25666427612305,19.750755310058594,29.059999465942383
2018-02-12,232.94309997558594,23.928638458251953,29.805084228515625,23.582605361938477,71.76319122314453,65.11978912353516,47.1097297668457,43.18756866455078,18.755264282226562,25.1436824798584,93.0265884399414,125.37000274658203,95.12000274658203,54.62712097167969,19.683860778808594,25.610000610351562
2018-02-13,233.5224609375,24.030927658081055,29.878816604614258,23.485158920288086,71.8151626586914,65.26739501953125,47.35404586791992,43.38656234741211,18.839590072631836,25.080406188964844,93.44277954101562,126.08000183105469,94.95999908447266,54.45467758178711,19.575157165527344,24.969999313354492
2018-02-14,236.6741180419922,24.602079391479492,30.427268981933594,23.82623291015625,72.62918090820312,66.09224700927734,48.110008239746094,43.3626823425293,18.628767013549805,25.417905807495117,92.40617370605469,128.22999572753906,97.44000244140625,54.550498962402344,19.424644470214844,19.260000228881836
2018-02-15,239.69415283203125,24.738475799560547,31.007972717285156,23.76706314086914,73.43453216552734,67.09074401855469,48.5386962890625,44.07902526855469,19.042741775512695,25.607746124267578,92.72028350830078,128.3800048828125,98.63999938964844,54.99114990234375,19.341022491455078,19.1299991607666
2018-02-16,239.764404296875,24.704378128051758,30.961889266967773,23.707901000976562,73.96278381347656,67.10808563232422,48.30360412597656,44.25413131713867,19.211393356323242,25.514930725097656,93.2228775024414,127.95999908447266,99.04000091552734,55.214717864990234,19.474817276000977,19.459999084472656
2018-02-20,238.26318359375,24.62765121459961,30.989547729492188,23.57912826538086,73.14876556396484,66.43085479736328,48.156097412109375,43.25125503540039,18.962244033813477,25.401023864746094,92.81453704833984,126.23999786376953,99.12000274658203,55.023101806640625,19.600242614746094,20.600000381469727
2018-02-21,237.07803344726562,24.661754608154297,30.791366577148438,23.182373046875,72.84566497802734,66.44822692871094,48.08695602416992,42.73389434814453,18.713092803955078,25.312435150146484,91.67584228515625,125.66000366210938,98.31999969482422,54.774044036865234,19.675498962402344,20.020000457763672
2018-02-22,237.38528442382812,24.457162857055664,30.82823371887207,23.436439514160156,72.73311614990234,66.89102172851562,48.14688491821289,42.845314025878906,18.80891990661621,25.481184005737305,91.95071411132812,126.30000305175781,100.72000122070312,54.81233596801758,19.608604431152344,18.719999313354492
2018-02-23,241.1690216064453,24.82372283935547,31.47346305847168,23.944557189941406,73.89349365234375,67.44672393798828,48.819881439208984,43.25920867919922,19.299560546875,25.856653213500977,92.76740264892578,126.13999938964844,102.16000366210938,55.176395416259766,19.650413513183594,16.489999771118164
2018-02-26,243.96957397460938,25.198802947998047,31.966615676879883,24.087255477905273,74.82875061035156,68.37577056884766,49.23012161254883,43.52983093261719,19.242055892944336,25.970556259155273,92.79879760742188,126.44999694824219,102.87999725341797,55.2722282409668,19.62532615661621,15.800000190734863
2018-02-27,240.92318725585938,24.96010971069336,31.643997192382812,23.774030685424805,74.04936981201172,67.51619720458984,48.18836975097656,42.95676040649414,18.935415267944336,25.611967086791992,92.66534423828125,125.12999725341797,101.19999694824219,55.125308990478516,19.750755310058594,18.59000015258789
2018-02-28,238.48268127441406,24.61060905456543,31.418161392211914,23.227615356445312,72.86299133300781,66.55241394042969,47.97171401977539,42.51102828979492,18.805091857910156,25.156341552734375,93.25428771972656,125.0,98.95999908447266,55.042274475097656,19.80929183959961,19.850000381469727
2018-03-01,235.01498413085938,24.184371948242188,30.897369384765625,23.192813873291016,71.70259857177734,65.2500228881836,47.455440521240234,42.41551208496094,18.80891990661621,24.89899444580078,93.890869140625,124.72000122070312,98.80000305175781,54.6773796081543,19.742395401000977,22.469999313354492
2018-03-02,236.22645568847656,24.244047164916992,31.192333221435547,23.300708770751953,72.43000793457031,65.2326431274414,47.50154495239258,42.77368927001953,18.759092330932617,24.873685836791992,93.12761688232422,125.38999938964844,98.95999908447266,54.985225677490234,19.658777236938477,19.59000015258789
2018-03-05,238.95668029785156,24.58503532409668,31.51034927368164,23.547805786132812,73.0881576538086,66.01409149169922,48.06852340698242,43.14777755737305,19.142398834228516,25.202747344970703,92.87580871582031,125.18000030517578,100.72000122070312,54.985225677490234,19.658777236938477,18.729999542236328
2018-03-06,239.5625,24.68733024597168,31.5794734954834,23.56172752380371,72.98420715332031,66.3093032836914,48.40040588378906,43.17961502075195,18.88558006286621,25.481184005737305,92.96234130859375,126.52999877929688,100.55999755859375,55.06214904785156,19.608604431152344,18.360000610351562
2018-03-07,239.47470092773438,24.64470672607422,31.754608154296875,23.384233474731445,73.35659790039062,66.30062866210938,48.073123931884766,42.78961181640625,18.743762969970703,25.38837242126465,92.86009216308594,125.72000122070312,98.80000305175781,54.927467346191406,19.591880798339844,17.760000228881836
2018-03-08,240.63351440429688,24.7214298248291,31.892868041992188,23.37727165222168,73.8501968383789,66.64791107177734,48.225242614746094,43.17961502075195,18.88174819946289,25.409461975097656,93.39517211914062,125.41999816894531,97.19999694824219,54.99163055419922,19.717309951782227,16.540000915527344
2018-03-09,244.8211212158203,25.31814956665039,32.496620178222656,23.822751998901367,74.91535186767578,68.11527252197266,48.97199630737305,43.458194732666016,18.935415267944336,25.869304656982422,92.78141021728516,125.54000091552734,99.76000213623047,55.19039535522461,19.692222595214844,14.640000343322754
2018-03-12,244.51382446289062,25.232908248901367,32.598018646240234,23.8157901763916,74.59494018554688,67.2730712890625,49.13332748413086,43.378604888916016,19.015905380249023,25.806018829345703,93.31646728515625,125.54000091552734,98.95999908447266,55.100643157958984,19.667139053344727,15.779999732971191
2018-03-13,242.9336700439453,24.95159339904785,32.22470474243164,23.645261764526367,74.690185546875,66.94314575195312,48.787601470947266,43.34677505493164,19.05807113647461,25.700557708740234,93.7885971069336,125.77999877929688,97.91999816894531,54.927467346191406,19.616966247558594,16.350000381469727
2018-03-14,241.68692016601562,24.6702823638916,32.19705581665039,23.50604248046875,74.32650756835938,66.21376037597656,48.727684020996094,42.90900421142578,19.25356101989746,25.3841495513916,94.61482238769531,125.69999694824219,98.23999786376953,54.86336135864258,19.62532615661621,17.229999542236328
2018-03-15,241.42359924316406,24.67880630493164,32.215476989746094,23.384233474731445,74.20525360107422,66.4048080444336,48.67698669433594,42.606536865234375,19.242055892944336,25.050874710083008,94.61482238769531,124.9000015258789,98.72000122070312,54.90180587768555,19.700584411621094,16.59000015258789
2018-03-16,241.6855010986328,24.700193405151367,32.18220901489258,23.592777252197266,74.20525360107422,66.7596206665039,48.62612533569336,42.62175369262695,19.410863876342773,25.049175262451172,94.27645111083984,124.5999984741211,100.4000015258789,55.01723098754883,19.750755310058594,15.800000190734863
2018-03-19,238.41537475585938,24.520523071289062,31.544198989868164,23.228256225585938,73.00599670410156,66.24525451660156,48.020511627197266,42.20554733276367,19.291114807128906,24.689212799072266,93.97746276855469,124.87000274658203,100.4000015258789,54.792842864990234,19.667139053344727,19.020000457763672
2018-03-20,238.82083129882812,24.58041000366211,31.53032875061035,23.424541473388672,73.11026763916016,66.47193145751953,48.30712890625,42.08547592163086,19.202274322509766,24.663806915283203,93.59976959228516,124.30999755859375,102.4800033569336,54.90180587768555,19.784204483032227,18.200000762939453
2018-03-21,238.36248779296875,24.57185173034668,31.34077262878418,24.03792953491211,72.79743957519531,66.55038452148438,48.270145416259766,41.56520462036133,19.136600494384766,24.943309783935547,93.70201873779297,126.4800033569336,105.44000244140625,54.92108154296875,19.62532615661621,17.860000610351562
2018-03-22,232.40403747558594,23.66495704650879,30.531707763671875,23.547218322753906,70.70311737060547,64.35355377197266,47.243804931640625,41.221031188964844,19.221588134765625,24.197975158691406,94.63058471679688,125.9800033569336,103.5999984741211,54.59404373168945,19.650413513183594,23.34000015258789
2018-03-23,227.450439453125,22.94628143310547,29.71802520751953,23.40350914001465,69.23448944091797,63.41204071044922,46.31455612182617,40.70877456665039,18.951189041137695,23.723669052124023,94.55973815917969,127.61000061035156,106.23999786376953,54.45296096801758,19.583518981933594,24.8700008392334
2018-03-26,233.6732940673828,23.69062042236328,30.846088409423828,23.824125289916992,70.66836547851562,64.94635772705078,47.68301773071289,41.293067932128906,19.148189544677734,24.210678100585938,94.19776153564453,128.27999877929688,105.68000030517578,54.805667877197266,19.491535186767578,21.030000686645508
2018-03-27,229.6981201171875,23.228620529174805,29.856718063354492,23.59979820251465,69.8341064453125,64.04844665527344,46.749149322509766,41.26906204223633,19.422456741333008,23.965057373046875,95.2049331665039,127.48999786376953,104.63999938964844,54.75436782836914,19.583518981933594,22.5
2018-03-28,229.0194091796875,23.27139663696289,29.657922744750977,23.140626907348633,70.2077865600586,63.83050537109375,46.180477142333984,41.837345123291016,19.414730072021484,23.660146713256836,95.45677947998047,125.7300033569336,104.31999969482422,54.72873306274414,19.759119033813477,22.8700008392334
2018-03-29,231.9457550048828,23.58795738220215,30.245075225830078,23.627838134765625,70.7378921508789,64.76326751708984,46.827728271484375,42.12550354003906,19.519025802612305,24.113271713256836,95.92102813720703,125.79000091552734,104.72000122070312,54.914676666259766,19.742395401000977,19.969999313354492
2018-04-02,226.93930053710938,23.066062927246094,29.52385139465332,23.154647827148438,69.13019561767578,63.429500579833984,45.50550842285156,41.09296798706055,19.368375778198242,23.58815574645996,96.11032104492188,127.26000213623047,101.91999816894531,54.7015380859375,19.734031677246094,23.6200008392334
2018-04-03,229.847900390625,23.38262176513672,29.815113067626953,23.648868560791016,70.18172454833984,64.3099594116211,46.08340835571289,41.63724899291992,19.434040069580078,23.922704696655273,95.36907196044922,126.30000305175781,102.4800033569336,54.856082916259766,19.767480850219727,21.100000381469727
2018-04-04,232.30709838867188,23.630735397338867,30.231197357177734,23.6173152923584,71.18107604980469,64.58893585205078,46.9294319152832,42.28557205200195,19.476531982421875,24.079395294189453,95.17190551757812,126.44999694824219,102.55999755859375,54.9783935546875,19.759119033813477,20.059999465942383
2018-04-05,234.14047241210938,23.818958282470703,30.35602378845215,24.041440963745117,71.12893676757812,65.24274444580078,47.55818557739258,42.38962173461914,19.631053924560547,24.528289794921875,94.46223449707031,125.80000305175781,102.63999938964844,55.023502349853516,19.834373474121094,18.940000534057617
2018-04-06,228.9224090576172,23.245731353759766,29.611690521240234,23.60680389404297,69.41697692871094,63.43821716308594,46.54570770263672,41.95741653442383,19.476531982421875,23.931175231933594,95.49520111083984,126.38999938964844,100.08000183105469,54.90114974975586,19.759119033813477,21.489999771118164
2018-04-09,230.0507049560547,23.37405776977539,29.842853546142578,23.71896743774414,70.10350036621094,63.24639129638672,46.434757232666016,41.933406829833984,19.515161514282227,24.062454223632812,95.65294647216797,126.81999969482422,102.16000366210938,55.10715866088867,19.70894432067871,21.770000457763672
2018-04-10,233.7085418701172,23.724849700927734,30.57794189453125,24.504106521606445,71.28536224365234,64.21406555175781,46.99878692626953,42.02944564819336,19.36451530456543,24.55792999267578,95.47942352294922,127.12000274658203,106.0,55.306758880615234,19.658777236938477,20.469999313354492
2018-04-11,232.4833984375,23.44251823425293,30.39763832092285,24.759984970092773,70.70311737060547,63.74333953857422,46.855472564697266,41.94940948486328,19.33746910095215,24.375831604003906,95.81848907470703,128.11000061035156,107.5999984741211,55.32606506347656,19.642053604125977,20.239999771118164
2018-04-12,234.3960418701172,23.853181838989258,30.762868881225586,24.756479263305664,71.18107604980469,64.6586685180664,47.058876037597656,41.885379791259766,19.082529067993164,24.63416290283203,95.11672973632812,126.62000274658203,108.16000366210938,55.525672912597656,19.683860778808594,18.489999771118164
2018-04-13,233.7085418701172,23.493837356567383,30.661157608032227,25.029874801635742,71.14633178710938,64.50174713134766,46.79536056518555,42.093482971191406,19.233173370361328,24.60875701904297,95.3375015258789,127.44999694824219,108.4000015258789,55.557865142822266,19.683860778808594,17.40999984741211
2018-04-16,235.6300811767578,23.596513748168945,30.89695167541504,25.285741806030273,71.71116638183594,65.14683532714844,47.14671325683594,42.54970932006836,19.495847702026367,24.93907356262207,95.36907196044922,127.62999725341797,107.04000091552734,55.64159393310547,19.616966247558594,16.559999465942383
2018-04-17,238.1509246826172,23.596513748168945,31.470226287841797,25.383886337280273,72.2673568725586,65.69605255126953,48.02511215209961,42.64576721191406,19.692855834960938,25.222806930541992,95.62928009033203,127.75,107.27999877929688,55.6673583984375,19.616966247558594,15.25
2018-04-18,238.3271942138672,23.485288619995117,31.38700294494629,25.783472061157227,72.32820892333984,66.37602996826172,48.25166320800781,42.32559585571289,19.61945915222168,25.404909133911133,94.86438751220703,127.8499984741211,111.04000091552734,55.60935974121094,19.658777236938477,15.600000381469727
2018-04-19,237.0050506591797,23.84461784362793,31.040264129638672,25.815011978149414,71.71987915039062,66.19297790527344,48.09908676147461,41.10096740722656,19.607868194580078,25.12116813659668,94.09158325195312,127.5999984741211,110.16000366210938,55.435550689697266,19.717309951782227,15.960000038146973
2018-04-20,234.99542236328125,23.853181838989258,30.610301971435547,25.69233512878418,71.33748626708984,65.9052963256836,47.60904312133789,40.41261672973633,19.430179595947266,24.98565673828125,93.41340637207031,126.62999725341797,110.0,55.300323486328125,19.834373474121094,16.8799991607666
2018-04-23,234.96022033691406,23.8275146484375,30.49934959411621,25.85006332397461,71.6156005859375,65.8268051147461,47.71073532104492,40.36460876464844,19.441768646240234,24.913665771484375,93.43704986572266,125.62000274658203,111.36000061035156,55.152252197265625,19.95980453491211,16.34000015258789
2018-04-24,231.7958526611328,23.673507690429688,29.967681884765625,25.57315444946289,71.07679748535156,63.98741149902344,46.95716857910156,40.10847473144531,19.573102951049805,24.240320205688477,93.01126098632812,126.2300033569336,109.44000244140625,55.04279327392578,19.93471908569336,18.020000457763672
2018-04-25,232.3688507080078,23.656396865844727,29.97229766845703,25.776460647583008,71.3983383178711,64.17048645019531,47.1513557434082,40.18050003051758,19.57697296142578,24.371597290039062,92.38826751708984,125.41000366210938,109.76000213623047,55.04921340942383,20.01833724975586,17.84000015258789
2018-04-26,234.73098754882812,23.66495704650879,30.517841339111328,26.15150260925293,72.30210876464844,63.93510437011719,47.914161682128906,40.42062759399414,19.77397346496582,24.524057388305664,93.0348892211914,124.97000122070312,110.16000366210938,55.24238586425781,20.110315322875977,16.239999771118164
2018-04-27,234.95138549804688,23.69917869567871,30.462364196777344,25.87459945678711,72.59757995605469,63.804359436035156,48.13144302368164,40.63673400878906,19.974838256835938,24.460533142089844,93.75253295898438,125.5,109.83999633789062,55.216609954833984,20.09359359741211,15.40999984741211
2018-04-30,233.1444854736328,23.485288619995117,30.26355743408203,25.8710994720459,71.48521423339844,62.958736419677734,47.94189453125,40.3806037902832,19.916898727416992,24.14291763305664,93.91809844970703,124.58999633789062,110.4000015258789,55.17801284790039,20.177209854125977,15.930000305175781
2018-05-01,233.55870056152344,23.493837356567383,30.642667770385742,25.713361740112305,71.4504623413086,62.67107009887695,48.00663375854492,40.02843475341797,19.855104446411133,24.121742248535156,93.57984924316406,123.70999908447266,108.87999725341797,55.21873474121094,20.311004638671875,15.489999771118164
2018-05-02,231.98980712890625,23.228620529174805,30.610301971435547,25.818525314331055,70.46846771240234,62.121856689453125,47.678382873535156,39.2440299987793,19.835779190063477,24.066692352294922,93.47711181640625,123.6500015258789,109.36000061035156,55.19932556152344,20.402982711791992,15.970000267028809
2018-05-03,231.4785919189453,23.031837463378906,30.679649353027344,25.758930206298828,69.8341064453125,62.27004623413086,47.46571731567383,39.204017639160156,19.808738708496094,24.17679786682129,93.89595031738281,124.27999877929688,110.55999755859375,55.19287109375,20.319364547729492,15.899999618530273
2018-05-04,234.47543334960938,23.33128547668457,31.262187957763672,25.88511848449707,70.39026641845703,62.99358367919922,48.08985900878906,39.77228927612305,19.897584915161133,24.47747802734375,94.0382308959961,124.54000091552734,112.72000122070312,55.231666564941406,20.34444808959961,14.770000457763672
2018-05-07,235.2687530517578,23.485288619995117,31.479459762573242,25.9201717376709,70.2859878540039,63.41204071044922,48.25166320800781,39.524166107177734,19.793289184570312,24.46900749206543,93.8880615234375,124.56999969482422,112.80000305175781,55.283382415771484,20.38625717163086,14.75
2018-05-08,235.2687530517578,23.64784812927246,31.548816680908203,26.123458862304688,69.75588989257812,63.865352630615234,48.04824447631836,39.36409378051758,19.298839569091797,24.418182373046875,93.80116271972656,124.58999633789062,112.4800033569336,55.19932556152344,20.461515426635742,14.710000038146973
2018-05-09,237.542724609375,23.998632431030273,31.937175750732422,26.6562442779541,70.15563201904297,64.55406951904297,48.214664459228516,39.42011260986328,19.163646697998047,24.769676208496094,93.2400131225586,124.33000183105469,114.95999908447266,55.28986358642578,20.461515426635742,13.420000076293945
2018-05-10,239.7638702392578,24.19540786743164,32.353267669677734,26.856029510498047,71.09418487548828,64.98994445800781,48.390342712402344,39.65224075317383,19.434040069580078,24.94754409790039,93.99077606201172,125.18000030517578,115.27999877929688,55.45148849487305,20.369535446166992,13.229999542236328
2018-05-11,240.49546813964844,24.178293228149414,32.307029724121094,26.89458656311035,72.15438079833984,65.12943267822266,48.4920539855957,39.65224075317383,19.461082458496094,24.93907356262207,94.22791290283203,125.0,114.0,55.43212127685547,20.33608627319336,12.649999618530273
2018-05-14,240.61007690429688,24.16118621826172,32.30240249633789,27.080350875854492,72.6323471069336,65.01610565185547,48.58452224731445,39.6362190246582,19.387691497802734,25.036474227905273,93.73001098632812,124.48999786376953,115.04000091552734,55.44505310058594,20.361173629760742,12.930000305175781
2018-05-15,238.9530029296875,24.118406295776367,31.997262954711914,27.08736228942871,71.69379425048828,64.79816436767578,48.3025016784668,39.484153747558594,19.225452423095703,24.96024513244629,92.66307067871094,122.4800033569336,115.19999694824219,55.173465728759766,20.486600875854492,14.630000114440918
2018-05-16,239.95785522460938,24.16118621826172,32.14059829711914,27.182003021240234,72.09355163574219,65.03353118896484,48.70471954345703,39.76429748535156,19.074798583984375,25.25668716430664,92.30744171142578,122.29000091552734,115.68000030517578,55.24462127685547,20.536771774291992,13.420000076293945
2018-05-17,239.75509643554688,24.109853744506836,31.974151611328125,27.592090606689453,72.1196060180664,65.2863540649414,48.542911529541016,39.900352478027344,18.92028045654297,25.31597137451172,91.84114837646484,122.36000061035156,115.91999816894531,55.27692794799805,20.561859130859375,13.430000305175781
2018-05-18,239.1557159423828,23.913074493408203,31.840084075927734,27.378292083740234,72.30210876464844,65.66993713378906,48.48280715942383,39.65224075317383,18.924152374267578,25.349853515625,92.63145446777344,122.41000366210938,115.44000244140625,55.21873474121094,20.603668212890625,13.420000076293945
2018-05-21,240.95382690429688,24.084186553955078,32.11747360229492,27.6586971282959,72.37162780761719,66.66372680664062,48.750938415527344,39.820316314697266,19.020719528198242,25.485370635986328,92.67887878417969,122.4800033569336,117.36000061035156,55.29631423950195,20.586946487426758,13.079999923706055
2018-05-22,240.28392028808594,24.24674415588379,32.07124328613281,27.2906551361084,72.23258972167969,65.8442611694336,48.53366470336914,39.7482795715332,19.090246200561523,25.273622512817383,92.53666687011719,122.41000366210938,116.4800033569336,55.33514404296875,20.578580856323242,13.220000267028809
2018-05-23,240.9449920654297,24.092735290527344,32.307029724121094,27.287147521972656,72.46720886230469,65.78325653076172,48.88501739501953,39.89235305786133,19.264083862304688,25.214338302612305,93.20838165283203,122.54000091552734,116.08000183105469,55.38040542602539,20.662202835083008,12.579999923706055
2018-05-24,240.45143127441406,23.904512405395508,32.270042419433594,26.838502883911133,72.1804428100586,66.1058120727539,48.991355895996094,39.86033248901367,19.422456741333008,25.125408172607422,93.9513168334961,123.58999633789062,114.31999969482422,55.4127082824707,20.637115478515625,12.529999732971191
2018-05-25,239.8784637451172,23.8275146484375,32.246925354003906,26.140989303588867,72.076171875,65.98373413085938,49.06532287597656,39.92438507080078,19.507436752319336,24.98988914489746,94.53611755371094,123.20999908447266,109.44000244140625,55.322166442871094,20.737457275390625,13.220000267028809
2018-05-29,237.11965942382812,23.031837463378906,32.07124328613281,26.06037139892578,71.33748626708984,64.92892456054688,48.68621826171875,39.83631896972656,19.507436752319336,24.55792999267578,96.60669708251953,123.19000244140625,108.08000183105469,55.08942413330078,20.879606246948242,17.020000457763672
2018-05-30,240.28392028808594,23.45106315612793,32.307029724121094,26.849018096923828,72.4063949584961,65.8442611694336,49.13003921508789,40.3966178894043,19.665813446044922,24.845905303955078,95.95867919921875,123.37000274658203,110.63999938964844,55.25754928588867,20.720733642578125,14.9399995803833
2018-05-31,238.81202697753906,23.254283905029297,32.31626510620117,26.645719528198242,71.6156005859375,64.89403533935547,48.8942756652832,39.7482795715332,19.69672203063965,24.638395309448242,95.80060577392578,123.0999984741211,108.4000015258789,55.205814361572266,20.704010009765625,15.430000305175781
2018-06-01,241.1566162109375,23.510957717895508,32.866432189941406,26.77190399169922,72.44114685058594,65.60889434814453,49.25486755371094,39.7482795715332,19.395410537719727,25.01529884338379,95.2944107055664,122.48999786376953,106.0,55.33180236816406,20.737457275390625,13.460000038146973
2018-06-04,242.3024444580078,23.58795738220215,33.129947662353516,26.540571212768555,72.71054077148438,65.51300048828125,49.805030822753906,40.076446533203125,19.240907669067383,25.159282684326172,94.60528564453125,122.37000274658203,104.95999908447266,55.44868850708008,20.720733642578125,12.739999771118164
2018-06-05,242.47874450683594,23.485288619995117,33.245540618896484,26.477474212646484,72.56281280517578,65.59146118164062,50.096275329589844,39.89235305786133,19.14046859741211,25.349853515625,94.82710266113281,122.8499984741211,105.76000213623047,55.513675689697266,20.695646286010742,12.399999618530273
2018-06-06,244.50595092773438,23.913074493408203,33.462825775146484,26.603666305541992,73.37966918945312,66.14067077636719,50.56322479248047,39.94038391113281,18.684646606445312,25.819917678833008,94.05870819091797,122.91999816894531,105.27999877929688,55.65005111694336,20.637115478515625,11.640000343322754
2018-06-07,244.4795379638672,23.99007797241211,33.19467544555664,27.006744384765625,73.47527313232422,66.41963195800781,50.711158752441406,40.188507080078125,18.81598472595215,25.688640594482422,94.9696273803711,122.86000061035156,106.80000305175781,55.6695442199707,20.595304489135742,12.130000114440918
2018-06-08,245.2023162841797,24.02429962158203,33.13920211791992,26.954166412353516,73.90107727050781,66.63758087158203,50.81748962402344,40.68475341796875,18.808256149291992,25.760629653930664,94.68450164794922,123.01000213623047,106.16000366210938,55.63707733154297,20.603668212890625,12.180000305175781
2018-06-11,245.5284423828125,23.97295379638672,33.176185607910156,27.094369888305664,74.04012298583984,66.76832580566406,51.02092361450195,41.02093505859375,18.76963233947754,25.798748016357422,94.51016235351562,123.2300033569336,106.87999725341797,55.74100875854492,20.620389938354492,12.350000381469727
2018-06-12,245.84571838378906,23.913074493408203,33.3380012512207,26.8875732421875,73.99667358398438,66.69859313964844,51.265933990478516,41.10096740722656,18.985950469970703,25.832626342773438,94.53395080566406,122.81999969482422,107.19999694824219,55.78645324707031,20.662202835083008,12.34000015258789
2018-06-13,245.06129455566406,23.8275146484375,33.16694641113281,26.78592300415039,74.0140609741211,66.16681671142578,51.344539642333984,40.97290802001953,18.935731887817383,25.553125381469727,94.4864501953125,123.19000244140625,107.76000213623047,55.80596923828125,20.628755569458008,12.9399995803833
2018-06-14,245.6781768798828,23.605064392089844,33.40272521972656,26.747365951538086,74.39642333984375,65.91399383544922,51.88081741333008,41.04493713378906,19.171369552612305,25.59123992919922,95.2706298828125,123.37999725341797,108.16000366210938,55.96834945678711,20.896333694458008,12.119999885559082
2018-06-15,245.36483764648438,23.604206085205078,33.275142669677734,26.172887802124023,74.54120635986328,65.74944305419922,51.96610641479492,41.57246780395508,19.307775497436523,25.412548065185547,95.3577880859375,121.33999633789062,104.4000015258789,55.93585968017578,20.879606246948242,11.979999542236328
2018-06-18,244.8601837158203,23.56124496459961,33.312255859375,26.43401336669922,73.82599639892578,65.47814178466797,51.8780403137207,40.967525482177734,19.370140075683594,25.34873390197754,95.2706298828125,121.11000061035156,106.31999969482422,55.929359436035156,20.879606246948242,12.3100004196167
2018-06-19,243.9217071533203,23.501100540161133,33.140586853027344,26.3740291595459,74.01787567138672,64.09522247314453,51.813133239746094,41.18529510498047,19.561111450195312,24.884981155395508,95.82511901855469,120.80000305175781,105.12000274658203,55.8514289855957,20.93814468383789,13.350000381469727
2018-06-20,244.33782958984375,23.440954208374023,33.21018600463867,26.4904727935791,74.17486572265625,64.13897705078125,52.05881118774414,41.225616455078125,19.576698303222656,24.80414581298828,94.98550415039062,120.26000213623047,106.23999786376953,55.909881591796875,20.954866409301758,12.789999961853027
2018-06-21,242.80606079101562,23.372201919555664,32.95500564575195,25.999975204467773,73.74748229980469,63.33374786376953,51.68798065185547,41.3062858581543,19.64295768737793,24.540369033813477,95.48448181152344,120.05000305175781,106.4800033569336,55.7929573059082,20.896333694458008,14.640000343322754
2018-06-22,243.2488250732422,23.260498046875,32.84828567504883,26.518712997436523,74.07893371582031,63.55257034301758,51.59991455078125,41.64506530761719,19.77937126159668,24.897747039794922,95.47657775878906,120.33999633789062,112.16000366210938,55.79946517944336,20.821077346801758,13.770000457763672
2018-06-25,239.93748474121094,23.011306762695312,32.16627883911133,25.985858917236328,73.39860534667969,62.747318267822266,50.478172302246094,41.854774475097656,20.10675048828125,24.51058006286621,95.69048309326172,119.88999938964844,110.16000366210938,55.6695442199707,20.78763198852539,17.329999923706055
2018-06-26,240.46868896484375,22.933977127075195,32.29618835449219,26.314037322998047,73.17180633544922,62.98362350463867,50.83972930908203,41.67732620239258,20.1301326751709,24.604183197021484,95.82511901855469,119.26000213623047,114.16000366210938,55.66305160522461,20.896333694458008,15.920000076293945
2018-06-27,238.47657775878906,22.65041732788086,31.855436325073242,26.666915893554688,72.55252075195312,62.475990295410156,50.181522369384766,41.58858871459961,20.22756576538086,24.52760124206543,96.72818756103516,118.58000183105469,117.19999694824219,55.54612731933594,21.021760940551758,17.90999984741211
2018-06-28,239.84002685546875,22.848047256469727,32.245155334472656,26.63163185119629,72.64847564697266,62.563514709472656,50.57551956176758,41.58858871459961,20.219768524169922,24.621198654174805,96.751953125,118.22000122070312,118.87999725341797,55.39026641845703,21.021760940551758,16.850000381469727
2018-06-29,240.1853790283203,22.848047256469727,32.23123550415039,26.7974796295166,72.79674530029297,62.69477462768555,50.66358184814453,41.564395904541016,20.25095558166504,24.70629119873047,96.41925048828125,118.6500015258789,120.4800033569336,55.260353088378906,20.854524612426758,16.09000015258789
2018-07-02,240.69882202148438,22.959754943847656,32.51887893676758,26.40226173400879,73.02352142333984,62.834835052490234,50.733116149902344,41.322418212890625,20.39515495300293,24.574399948120117,96.3438720703125,117.45999908447266,119.68000030517578,55.31322479248047,20.954866409301758,15.600000381469727
2018-07-03,239.848876953125,22.753524780273438,32.13379669189453,26.568103790283203,73.19796752929688,62.63352584838867,50.478172302246094,41.41920852661133,20.453617095947266,24.5318546295166,96.8598403930664,118.6500015258789,119.36000061035156,55.31972885131836,20.887969970703125,16.139999389648438
2018-07-05,241.80563354492188,22.80508804321289,32.58848571777344,26.539873123168945,73.95681762695312,62.939884185791016,50.728485107421875,41.99190139770508,20.562742233276367,24.744571685791016,97.13777923583984,119.05000305175781,118.23999786376953,55.52851867675781,20.821077346801758,14.970000267028809
2018-07-06,243.85081481933594,22.916791915893555,32.96892166137695,26.70220184326172,75.02095031738281,63.15869903564453,51.127113342285156,42.1209602355957,20.722536087036133,24.867963790893555,97.45533752441406,118.86000061035156,119.68000030517578,55.67203903198242,20.754180908203125,13.369999885559082
2018-07-09,246.04656982421875,23.440954208374023,33.21946716308594,27.100950241088867,75.5704345703125,64.33152770996094,51.73897171020508,41.95963668823242,20.083362579345703,25.089204788208008,96.82814025878906,119.1500015258789,120.23999786376953,55.75688171386719,20.762544631958008,12.6899995803833
2018-07-10,246.93197631835938,23.355018615722656,33.298343658447266,27.30209732055664,75.85830688476562,64.53285217285156,51.850223541259766,42.4597282409668,20.27433967590332,25.30193519592285,96.82018280029297,118.93000030517578,120.55999755859375,55.76340103149414,20.770904541015625,12.640000343322754
2018-07-11,245.12579345703125,23.243316650390625,33.16842269897461,26.723373413085938,75.2564697265625,63.473777770996094,51.72970199584961,42.32261276245117,20.45751953125,24.8764705657959,97.19334411621094,117.63999938964844,114.4800033569336,55.67857360839844,20.913057327270508,13.630000114440918
2018-07-12,247.34808349609375,23.286277770996094,33.69269943237305,26.769243240356445,76.09381103515625,64.21776580810547,52.07271957397461,42.266151428222656,20.473098754882812,24.936033248901367,97.18538665771484,118.12999725341797,115.12000274658203,55.854713439941406,20.92978286743164,12.579999923706055
2018-07-13,247.54290771484375,23.18316650390625,33.65559387207031,26.910398483276367,76.23336029052734,64.55034637451172,52.1885871887207,42.54039764404297,20.477001190185547,24.923274993896484,97.43153381347656,117.61000061035156,115.76000213623047,55.854713439941406,20.904695510864258,12.180000305175781
2018-07-16,247.3215789794922,23.59560775756836,33.576717376708984,26.599863052368164,75.77108001708984,64.28777313232422,52.318382263183594,42.338741302490234,20.45751953125,24.723304748535156,97.02662658691406,117.55000305175781,111.5199966430664,55.81560516357422,20.871246337890625,12.829999923706055
2018-07-17,248.32200622558594,23.62139320373535,33.82725143432617,26.49400520324707,76.18973541259766,64.5416030883789,52.369380950927734,42.70170593261719,20.441919326782227,25.04665184020996,96.84400939941406,116.27999877929688,111.5999984741211,55.83515930175781,20.963228225708008,12.0600004196167
2018-07-18,248.8443145751953,23.999469757080078,33.77157211303711,26.511640548706055,76.25078582763672,65.25054931640625,52.3369255065918,42.3548698425293,20.33669662475586,24.812654495239258,96.45498657226562,116.30999755859375,112.80000305175781,55.86126708984375,20.98831558227539,12.100000381469727
2018-07-19,247.90586853027344,23.638578414916992,33.650936126708984,26.518712997436523,75.82341766357422,65.22429656982422,52.21641159057617,42.37906265258789,20.523771286010742,24.90199851989746,97.06632995605469,115.80999755859375,113.04000091552734,55.83515930175781,21.03012466430664,12.869999885559082
2018-07-20,247.6225128173828,23.681547164916992,33.66022491455078,26.42696189880371,75.67511749267578,65.15428161621094,51.984642028808594,42.6371955871582,20.379568099975586,24.799890518188477,95.87541961669922,116.55999755859375,113.19999694824219,55.86126708984375,20.862884521484375,12.859999656677246
2018-07-23,248.0829315185547,24.00806427001953,33.83189392089844,26.310508728027344,75.83214569091797,64.75166320800781,51.92901611328125,42.37100601196289,20.23536491394043,24.663742065429688,94.69245147705078,116.0,112.72000122070312,55.841678619384766,20.896333694458008,12.619999885559082
2018-07-24,249.33126831054688,24.076805114746094,34.017478942871094,26.642210006713867,76.52120208740234,65.02297973632812,51.77605438232422,42.45166778564453,20.305513381958008,24.98284339904785,95.01797485351562,116.04000091552734,113.83999633789062,55.95911407470703,20.904695510864258,12.40999984741211
2018-07-25,251.4562225341797,24.128366470336914,34.444313049316406,26.86452865600586,77.49807739257812,66.01204681396484,52.1561393737793,42.774314880371094,20.36397933959961,25.178544998168945,94.86711120605469,116.68000030517578,115.36000061035156,56.063507080078125,20.804353713989258,12.289999961853027
2018-07-26,250.86305236816406,24.11977767944336,33.91539764404297,27.15741539001465,77.28004455566406,66.51969909667969,51.882667541503906,43.000152587890625,20.582231521606445,25.32320213317871,94.68450164794922,115.7699966430664,115.76000213623047,56.07004165649414,20.94650650024414,12.140000343322754
2018-07-27,249.1631622314453,24.171327590942383,33.335453033447266,27.040956497192383,76.72180938720703,66.52843475341797,51.74824523925781,43.05662536621094,20.515979766845703,25.229604721069336,94.84326934814453,115.83000183105469,114.55999755859375,56.050472259521484,20.921419143676758,13.029999732971191
2018-07-30,247.86163330078125,24.188518524169922,32.8158073425293,27.263275146484375,76.7654037475586,65.87200927734375,51.33570861816406,43.00822830200195,20.39126205444336,25.182798385620117,94.51778411865234,115.6500015258789,116.31999969482422,56.07004165649414,20.846162796020508,14.260000228881836
2018-07-31,249.08338928222656,24.01666831970215,32.90397644042969,27.21387481689453,77.56787109375,67.32494354248047,51.576751708984375,43.20988082885742,20.574438095092773,25.412548065185547,95.0338363647461,115.98999786376953,114.23999786376953,56.18748092651367,20.887969970703125,12.829999923706055
2018-08-01,248.667236328125,24.01666831970215,33.200904846191406,26.836299896240234,77.58531951904297,66.41465759277344,51.32179260253906,42.846893310546875,20.441919326782227,25.153018951416016,94.25962829589844,115.13999938964844,112.72000122070312,56.23793029785156,20.913057327270508,13.149999618530273
2018-08-02,250.02195739746094,24.025249481201172,33.61846923828125,26.688085556030273,77.87316131591797,66.32713317871094,51.674076080322266,43.282470703125,20.543256759643555,24.987092971801758,94.39485168457031,114.5199966430664,114.87999725341797,56.27067947387695,21.03012466430664,12.1899995803833
2018-08-03,251.09320068359375,24.162734985351562,33.73910140991211,26.550464630126953,78.33544921875,66.38839721679688,51.850223541259766,43.79062271118164,20.77320671081543,25.2253475189209,94.8643569946289,114.91999816894531,114.16000366210938,56.316551208496094,21.04684829711914,11.640000343322754
2018-08-06,252.0140380859375,24.291627883911133,33.92003631591797,26.649274826049805,78.47500610351562,66.48468780517578,52.1978645324707,43.83096694946289,20.788793563842773,25.216838836669922,94.92005157470703,114.33000183105469,114.4800033569336,56.4213752746582,21.080293655395508,11.270000457763672
2018-08-07,252.84634399414062,24.40333366394043,34.049964904785156,26.846881866455078,78.48371124267578,66.95732879638672,52.438899993896484,43.56477737426758,20.757614135742188,25.30193519592285,94.42671966552734,114.58999633789062,114.87999725341797,56.44759750366211,21.055212020874023,10.930000305175781
2018-08-08,252.73997497558594,24.463478088378906,34.14274597167969,26.652795791625977,78.60584259033203,66.65972137451172,52.49452209472656,43.23408508300781,20.648487091064453,25.19556427001953,94.52222442626953,114.91000366210938,111.19999694824219,56.41483688354492,21.03012466430664,10.850000381469727
2018-08-09,252.39468383789062,24.317401885986328,34.15666198730469,26.405776977539062,78.51858520507812,66.2921142578125,52.6891975402832,43.105010986328125,20.742027282714844,25.331710815429688,95.31791687011719,114.73999786376953,111.04000091552734,56.37554168701172,21.15555191040039,11.270000457763672
2018-08-10,250.70361328125,24.033842086791992,33.88292694091797,26.568103790283203,78.17843627929688,65.70570373535156,52.24885940551758,42.94369125366211,20.652381896972656,24.965816497802734,96.01016235351562,114.69000244140625,112.63999938964844,56.27721405029297,21.306066513061523,13.15999984741211
2018-08-13,249.76512145996094,23.80183982849121,33.83653259277344,26.229351043701172,78.20459747314453,65.39059448242188,51.984642028808594,42.94369125366211,20.67966651916504,24.71479606628418,95.8112564086914,112.95999908447266,112.08000183105469,56.23793029785156,21.314428329467773,14.779999732971191
2018-08-14,251.3589324951172,24.025249481201172,34.04530334472656,26.29286003112793,78.57096099853516,65.84575653076172,52.48988723754883,43.24214172363281,20.722536087036133,24.923274993896484,95.59642028808594,113.06999969482422,111.91999816894531,56.33622360229492,21.39804458618164,13.3100004196167
2018-08-15,249.4817657470703,23.836214065551758,33.73910140991211,25.375381469726562,78.44011688232422,65.53064727783203,51.850223541259766,43.41960144042969,20.91350746154785,24.52760124206543,96.15338897705078,111.19000244140625,108.08000183105469,56.23793029785156,21.39804458618164,14.640000343322754
2018-08-16,251.5005340576172,24.15414810180664,33.88756561279297,25.558883666992188,79.20767211914062,66.36212921142578,52.10515594482422,44.04067611694336,21.139562606811523,24.676511764526367,96.14546203613281,111.0999984741211,109.04000091552734,56.310001373291016,21.38132095336914,13.449999809265137
2018-08-17,252.38580322265625,24.205698013305664,33.9386100769043,25.62240219116211,79.451904296875,66.76476287841797,52.15150833129883,44.37945556640625,21.248693466186523,24.859455108642578,96.26478576660156,112.12999725341797,109.5199966430664,56.37554168701172,21.272619247436523,12.640000343322754
2018-08-20,252.92596435546875,24.283029556274414,33.88756561279297,25.79530906677246,79.71356964111328,67.21113586425781,52.5223388671875,44.35525894165039,21.17463493347168,25.033897399902344,96.9093246459961,112.69000244140625,110.08000183105469,56.40169143676758,21.222444534301758,12.489999771118164
2018-08-21,253.51913452148438,24.377552032470703,33.943241119384766,25.92586898803711,79.71356964111328,67.71003723144531,52.939517974853516,44.04067611694336,21.02263832092285,25.131746292114258,96.58307647705078,113.0199966430664,110.63999938964844,56.48689270019531,21.097017288208008,12.859999656677246
2018-08-22,253.36866760253906,24.291627883911133,34.04530334472656,26.23640251159668,79.79207611083984,67.05360412597656,52.995140075683594,43.766422271728516,20.866741180419922,25.004114151000977,96.96503448486328,113.2699966430664,114.16000366210938,56.50657272338867,21.038484573364258,12.25
2018-08-23,253.03225708007812,24.179920196533203,34.11954116821289,26.112899780273438,79.76591491699219,66.86102294921875,52.944156646728516,43.661582946777344,20.851154327392578,24.83392906188965,97.1162338256836,112.19999694824219,114.16000366210938,56.50003433227539,21.17227554321289,12.40999984741211
2018-08-24,254.55511474609375,24.265851974487305,34.46288299560547,26.303455352783203,80.14969635009766,67.14988708496094,53.25471115112305,43.60511016845703,20.940792083740234,25.157278060913086,97.30718994140625,114.16000366210938,115.44000244140625,56.59828567504883,21.07193374633789,11.989999771118164
2018-08-27,256.56475830078125,24.592374801635742,34.77836990356445,26.497526168823242,80.43753051757812,67.99886322021484,53.59771728515625,43.629310607910156,20.812177658081055,25.501895904541016,96.75016784667969,114.58999633789062,116.0,56.61796951293945,20.98831558227539,12.15999984741211
2018-08-28,256.6888427734375,24.566598892211914,34.83868408203125,26.384611129760742,80.48114013671875,67.85883331298828,53.7043342590332,43.48412322998047,20.769309997558594,25.404035568237305,96.16931915283203,113.68000030517578,115.44000244140625,56.59172058105469,20.98831558227539,12.5
2018-08-29,258.0699157714844,24.558002471923828,35.154170989990234,26.546939849853516,81.00450134277344,67.91134643554688,54.30692672729492,43.532527923583984,20.921308517456055,25.59549331665039,96.29662322998047,114.19999694824219,117.27999877929688,56.55897903442383,20.954866409301758,12.25
2018-08-30,257.0252685546875,24.36896324157715,35.04745864868164,26.47283363342285,80.94343566894531,67.43869018554688,53.9963493347168,43.3953971862793,20.929107666015625,25.29342269897461,96.5035171508789,113.63999938964844,118.0,56.513118743896484,20.97159194946289,13.529999732971191
2018-08-31,257.03411865234375,24.343181610107422,35.07529067993164,26.268157958984375,80.92599487304688,67.48248291015625,54.2095832824707,43.37926483154297,20.83946418762207,25.216838836669922,96.28073120117188,113.51000213623047,117.68000030517578,56.585174560546875,21.06357192993164,12.859999656677246
2018-09-04,256.5914306640625,24.463478088378906,34.94075012207031,26.21169662475586,80.28052520751953,67.42996215820312,54.31154251098633,43.32279586791992,20.93299674987793,25.042400360107422,95.72410583496094,112.93000030517578,116.63999938964844,56.46741485595703,21.15555191040039,13.15999984741211
2018-09-05,255.90081787109375,24.480670928955078,34.504634857177734,26.176414489746094,80.6032485961914,67.91134643554688,53.727516174316406,43.82290267944336,21.22530174255371,25.208330154418945,95.46888732910156,113.31999969482422,115.91999816894531,56.40817642211914,21.080293655395508,13.90999984741211
2018-09-06,255.1305389404297,24.36896324157715,34.254085540771484,25.692974090576172,80.6032485961914,68.12142181396484,53.579193115234375,43.94387435913086,21.34612464904785,25.259387969970703,95.81975555419922,113.54000091552734,114.4000015258789,56.454254150390625,21.080293655395508,14.649999618530273
2018-09-07,254.63473510742188,24.343181610107422,34.13810729980469,25.68944549560547,80.72537994384766,67.91134643554688,53.57454299926758,43.855159759521484,21.084997177124023,25.093456268310547,95.00629425048828,113.2300033569336,114.23999786376953,56.3950080871582,21.13882827758789,14.880000114440918
2018-09-10,255.07745361328125,24.317401885986328,34.24481964111328,25.678855895996094,80.51600646972656,68.26145935058594,53.773860931396484,44.0084114074707,21.190227508544922,25.123241424560547,95.35719299316406,113.1500015258789,113.68000030517578,56.50687789916992,21.097017288208008,14.15999984741211
2018-09-11,255.91867065429688,24.343181610107422,34.537105560302734,25.922346115112305,80.44624328613281,68.24392700195312,54.20493698120117,43.84709548950195,21.13566017150879,25.17428970336914,94.63151550292969,113.22000122070312,116.80000305175781,56.5200080871582,21.11374282836914,13.220000267028809
2018-09-12,255.9804229736328,24.11977767944336,34.393280029296875,26.056440353393555,80.84746551513672,68.45401000976562,54.30692672729492,44.35525894165039,21.116172790527344,25.187055587768555,94.85480499267578,114.16999816894531,118.23999786376953,56.65166473388672,21.038484573364258,13.140000343322754
2018-09-13,257.4944763183594,24.085403442382812,34.79692840576172,26.067020416259766,81.85055541992188,68.8653793334961,54.399627685546875,44.29072952270508,21.275970458984375,25.2849063873291,94.99832153320312,113.76000213623047,115.91999816894531,56.75695037841797,20.97995376586914,12.369999885559082
2018-09-14,257.538818359375,24.257259368896484,34.769081115722656,26.20464324951172,81.58013916015625,69.20672607421875,54.19565963745117,44.16973114013672,21.162948608398438,25.276403427124023,94.54374694824219,113.0199966430664,116.0,56.8095817565918,21.055212020874023,12.069999694824219
2018-09-17,256.17529296875,24.15414810180664,34.33296585083008,26.246994018554688,81.28363037109375,69.23297882080078,53.523555755615234,44.33106231689453,21.233095169067383,25.365753173828125,94.54374694824219,113.61000061035156,115.76000213623047,56.77009963989258,20.954866409301758,13.680000305175781
2018-09-18,257.5653381347656,24.274446487426758,34.551025390625,26.419904708862305,81.75460815429688,69.86316680908203,54.20493698120117,44.14552688598633,21.194124221801758,25.391281127929688,93.55484771728516,113.44000244140625,117.5199966430664,56.76350021362305,20.98831558227539,12.789999961853027
2018-09-19,257.8398742675781,24.686887741088867,34.46288299560547,26.501066207885742,81.6412124633789,69.80191040039062,54.228126525878906,44.064884185791016,20.73423194885254,25.667823791503906,92.99662780761719,113.87999725341797,119.5199966430664,56.65825653076172,20.97995376586914,11.75
2018-09-20,259.9293212890625,24.90171241760254,34.87114715576172,26.508121490478516,82.43498229980469,69.90695190429688,54.59894943237305,44.62143325805664,20.7771053314209,25.944366455078125,93.42723846435547,114.2699966430664,118.4000015258789,56.73716354370117,20.829439163208008,11.800000190734863
2018-09-21,259.6918029785156,24.805044174194336,34.73335266113281,26.683290481567383,82.54617309570312,70.3589859008789,54.35763931274414,44.69291305541992,20.865581512451172,25.88837242126465,93.38739013671875,113.48999786376953,119.68000030517578,56.7503662109375,20.896333694458008,11.680000305175781
2018-09-24,258.8291015625,24.528852462768555,34.905609130859375,27.07411766052246,82.71251678466797,69.15406036376953,54.00431823730469,44.01057815551758,20.680757522583008,25.525009155273438,93.14816284179688,113.47000122070312,122.0,56.72404861450195,20.896333694458008,12.199999809265137
2018-09-25,258.5890808105469,24.43391990661621,34.86370086669922,27.248214721679688,82.45860290527344,68.9430160522461,54.23211669921875,43.750648498535156,20.397621154785156,25.39249038696289,93.05244445800781,113.6500015258789,122.16000366210938,56.677974700927734,20.913057327270508,12.420000076293945
2018-09-26,257.815185546875,24.140466690063477,34.73335266113281,26.985288619995117,82.64244842529297,68.8990478515625,54.35763931274414,43.79938888549805,20.197071075439453,25.14027976989746,93.70636749267578,113.05000305175781,120.87999725341797,56.73716354370117,20.921419143676758,12.890000343322754
2018-09-27,258.53564453125,24.054157257080078,34.93817901611328,26.985288619995117,83.0627670288086,68.99578857421875,54.543609619140625,43.742530822753906,20.405487060546875,24.922258377075195,93.7701644897461,112.05000305175781,122.08000183105469,56.842506408691406,21.07193374633789,12.40999984741211
2018-09-28,258.56243896484375,23.803869247436523,35.06855010986328,26.910673141479492,83.31669616699219,68.9518051147461,54.49711990356445,43.80751037597656,20.7043514251709,24.764089584350586,93.52295684814453,112.76000213623047,124.16000366210938,56.88196563720703,21.122102737426758,12.119999885559082
2018-10-01,259.4606018066406,23.8988037109375,35.23613357543945,27.28374481201172,83.72827911376953,69.55867767333984,54.32976150512695,43.77501678466797,20.633569717407227,25.01202964782715,92.83636474609375,112.56999969482422,127.5999984741211,57.046573638916016,21.15555191040039,12.0
2018-10-02,259.309326171875,23.8988037109375,35.24080276489258,27.31216812133789,83.6319580078125,69.71698760986328,53.59518814086914,44.026832580566406,20.91277313232422,25.1189022064209,93.40386962890625,113.87000274658203,126.95999908447266,57.00032043457031,21.189001083374023,12.050000190734863
2018-10-03,259.45172119140625,24.123212814331055,35.347862243652344,27.53245735168457,83.4743423461914,70.00719451904297,53.413875579833984,43.555702209472656,20.661102294921875,24.939355850219727,91.7813491821289,113.41999816894531,128.63999938964844,56.8482666015625,21.25589370727539,11.609999656677246
2018-10-04,257.4238586425781,24.287195205688477,34.71009063720703,27.418758392333984,82.65996551513672,69.77852630615234,52.57703399658203,43.450103759765625,20.771202087402344,24.823942184448242,91.13389587402344,113.4800033569336,125.91999816894531,56.63670349121094,21.264253616333008,14.220000267028809
2018-10-05,255.98313903808594,24.166362762451172,34.27248001098633,27.41520881652832,82.56368255615234,69.41795349121094,52.181854248046875,43.40946960449219,21.08973503112793,24.64011573791504,90.35060119628906,113.80000305175781,125.5199966430664,56.385536193847656,21.239168167114258,14.819999694824219
2018-10-08,255.98313903808594,24.330341339111328,33.88608932495117,27.39388656616211,82.52864837646484,69.59386444091797,52.31668472290039,44.01057815551758,21.266691207885742,24.627296447753906,90.04685974121094,112.54000091552734,125.44000244140625,56.259944915771484,21.264253616333008,15.6899995803833
2018-10-09,255.60960388183594,24.23541259765625,34.00713348388672,27.639049530029297,82.66873168945312,68.52085876464844,52.16326904296875,43.913108825683594,21.35321044921875,23.81080436706543,90.95804595947266,112.5999984741211,126.55999755859375,56.34585952758789,21.25589370727539,15.949999809265137
2018-10-10,247.51612854003906,23.484525680541992,32.359153747558594,26.772109985351562,80.71607971191406,66.31333923339844,50.4058837890625,43.385108947753906,21.235233306884766,23.186676025390625,90.71028137207031,112.87999725341797,123.04000091552734,55.94267272949219,21.23080825805664,22.959999084472656
2018-10-11,242.064208984375,22.785429000854492,31.949480056762695,25.866085052490234,78.5357666015625,64.56317901611328,49.51791763305664,42.31287384033203,20.845918655395508,22.917367935180664,91.81330108642578,115.77999877929688,119.5999984741211,55.98890686035156,21.11374282836914,24.979999542236328
2018-10-12,245.4260711669922,22.811315536499023,32.97365188598633,25.93714714050293,79.7441177368164,64.99414825439453,50.43378829956055,42.54844284057617,20.82232666015625,22.98148536682129,91.49356079101562,115.2300033569336,120.95999908447266,56.28639602661133,21.180635452270508,21.309999465942383
2018-10-15,244.0475311279297,22.707748413085938,32.433631896972656,25.720409393310547,79.1924819946289,65.11727142333984,50.31755828857422,42.808372497558594,20.920639038085938,22.904542922973633,91.45362854003906,116.0,121.04000091552734,56.24671173095703,21.13046646118164,21.299999237060547
2018-10-16,249.38385009765625,23.087505340576172,33.411251068115234,25.933591842651367,81.36405944824219,66.21660614013672,51.326419830322266,43.28763961791992,21.136919021606445,23.272171020507812,91.66145324707031,115.80000305175781,121.5199966430664,56.43845748901367,21.13882827758789,17.6200008392334
2018-10-17,249.4282989501953,23.320541381835938,33.25761795043945,25.770153045654297,81.7931137084961,65.73287200927734,50.90334701538086,43.49070739746094,21.09760284423828,23.122554779052734,91.11788940429688,115.79000091552734,118.55999755859375,56.32606506347656,21.247533798217773,17.399999618530273
2018-10-18,245.8262939453125,22.932147979736328,32.60586929321289,25.642244338989258,80.86495208740234,64.5983657836914,49.92702102661133,43.43385314941406,21.12906265258789,22.86178970336914,91.08592224121094,115.91999816894531,116.4800033569336,56.08808898925781,21.33951187133789,20.059999465942383
2018-10-19,245.69296264648438,23.01845932006836,32.5919189453125,25.41485023498535,80.12939453125,64.36089324951172,49.43886184692383,44.42485427856445,21.45938491821289,22.69934844970703,90.88612365722656,116.01000213623047,117.76000213623047,56.12116622924805,21.297704696655273,19.889999389648438
2018-10-22,244.59005737304688,22.52650260925293,32.86191940307617,25.134157180786133,79.4726791381836,64.14102172851562,49.63877487182617,44.09181594848633,21.321748733520508,22.519804000854492,90.76624298095703,115.70999908447266,117.91999816894531,56.1475715637207,21.37295913696289,19.639999389648438
2018-10-23,243.3448944091797,22.345258712768555,32.736236572265625,24.476848602294922,79.0436019897461,63.08560562133789,49.648075103759766,44.28677749633789,21.203779220581055,22.297515869140625,91.0539779663086,116.38999938964844,112.31999969482422,56.094688415527344,21.33951187133789,20.709999084472656
2018-10-24,235.97186279296875,21.784252166748047,31.269800186157227,23.510425567626953,76.43424987792969,60.9484748840332,48.165008544921875,44.47358703613281,21.71891975402832,21.592164993286133,91.74137115478516,116.66000366210938,112.4000015258789,55.81707763671875,21.448219299316406,25.229999542236328
2018-10-25,240.2053680419922,22.120851516723633,32.345176696777344,23.798221588134766,77.4237060546875,61.379459381103516,49.62018585205078,44.57918930053711,21.380735397338867,21.870027542114258,91.35768127441406,116.4000015258789,113.68000030517578,55.92942810058594,21.50674819946289,24.219999313354492
2018-10-26,235.98080444335938,21.801515579223633,31.69809913635254,23.620569229125977,76.54804229736328,60.772586822509766,48.076683044433594,43.726280212402344,20.98748779296875,21.741779327392578,91.90923309326172,116.7699966430664,114.63999938964844,55.67827224731445,21.448219299316406,24.15999984741211
2018-10-29,234.67335510253906,21.99138641357422,31.162736892700195,23.179994583129883,76.74069213867188,59.761173248291016,47.653602600097656,44.22990036010742,21.282419204711914,21.69048500061035,91.70143127441406,116.30999755859375,112.87999725341797,55.62533950805664,21.50674819946289,24.700000762939453
2018-10-30,238.1509246826172,22.371145248413086,31.511873245239258,23.71649742126465,77.56377410888672,60.992462158203125,48.36955642700195,45.1071891784668,21.36500358581543,22.186365127563477,91.24580383300781,115.80000305175781,112.23999786376953,55.7575798034668,21.598731994628906,23.350000381469727
2018-10-31,240.6945343017578,22.68185806274414,32.26138687133789,23.862178802490234,77.66886901855469,61.458580017089844,48.9925422668457,44.68479537963867,21.113323211669922,22.489885330200195,90.78221130371094,115.1500015258789,110.31999969482422,55.7575798034668,21.59037208557129,21.229999542236328
2018-11-01,243.2559356689453,22.785429000854492,32.63846969604492,24.064699172973633,78.64958190917969,62.54035949707031,49.99211502075195,45.00159454345703,21.018949508666992,23.122554779052734,90.86638641357422,116.62999725341797,107.68000030517578,56.013309478759766,21.448219299316406,19.34000015258789
2018-11-02,241.8152313232422,22.768165588378906,32.00067901611328,24.004295349121094,78.15924072265625,62.434814453125,50.19668197631836,44.76602554321289,20.900972366333008,23.066986083984375,89.73657989501953,116.6500015258789,106.4800033569336,55.98008728027344,21.49838638305664,19.510000228881836
2018-11-05,243.14920043945312,23.13066291809082,31.968088150024414,24.405792236328125,78.8509750366211,62.760215759277344,50.266422271728516,45.32651138305664,21.19590950012207,23.13538360595703,90.08917236328125,116.37000274658203,106.4000015258789,56.026588439941406,21.49003028869629,19.959999084472656
2018-11-06,244.68789672851562,23.251493453979492,32.16827392578125,24.519489288330078,79.25377655029297,63.41983413696289,50.48956298828125,45.60270309448242,21.337472915649414,23.515840530395508,90.03305053710938,116.04000091552734,105.44000244140625,56.17274856567383,21.439855575561523,19.90999984741211
2018-11-07,249.9263153076172,23.553571701049805,33.113311767578125,24.920978546142578,81.58297729492188,64.4488296508789,51.856414794921875,45.86263656616211,21.58128547668457,23.939048767089844,90.15324401855469,116.02999877929688,104.4800033569336,56.498252868652344,21.39804458618164,16.360000610351562
2018-11-08,249.47274780273438,23.62261962890625,33.08538055419922,24.380916595458984,81.62676239013672,64.34329223632812,51.870361328125,45.887001037597656,21.545902252197266,23.836448669433594,90.1452407836914,115.77999877929688,102.72000122070312,56.358741760253906,21.52347183227539,16.719999313354492
2018-11-09,247.03590393066406,23.40685272216797,32.51276397705078,24.338287353515625,81.39031219482422,63.69249725341797,51.14974594116211,46.15506362915039,21.577354431152344,23.503013610839844,90.81824493408203,114.4800033569336,101.5999984741211,56.03989791870117,21.565284729003906,17.360000610351562
2018-11-12,242.41995239257812,22.940786361694336,31.367563247680664,23.83374786376953,80.28702545166016,62.434814453125,50.12228775024414,45.911376953125,21.565561294555664,23.156753540039062,91.41117858886719,113.66000366210938,99.83999633789062,55.69445037841797,21.75760841369629,20.450000762939453
2018-11-13,241.96636962890625,23.070241928100586,31.404802322387695,23.286582946777344,79.72661590576172,62.71626663208008,50.09904861450195,45.805763244628906,21.6560001373291,23.088359832763672,91.35508728027344,113.69999694824219,93.5199966430664,55.601444244384766,21.682350158691406,20.020000457763672
2018-11-14,240.31214904785156,22.759531021118164,31.02771759033203,23.24750328063965,79.08738708496094,62.50517654418945,49.72246551513672,45.497100830078125,21.431854248046875,23.062705993652344,91.41117858886719,114.63999938964844,95.5999984741211,55.49519348144531,21.607091903686523,21.25
2018-11-15,242.82008361816406,23.09613037109375,31.805173873901367,23.58858871459961,79.78791809082031,63.33188247680664,49.648075103759766,45.423980712890625,21.254899978637695,23.37904167175293,91.37112426757812,114.7699966430664,95.83999633789062,55.48187255859375,21.657262802124023,19.979999542236328
2018-11-16,243.45162963867188,23.122034072875977,31.753955841064453,23.869281768798828,80.5934829711914,63.314300537109375,49.452816009521484,45.5377197265625,21.58128547668457,23.614168167114258,91.89989471435547,115.62000274658203,96.55999755859375,55.31581497192383,21.49838638305664,18.139999389648438
2018-11-19,239.3338165283203,23.11339569091797,30.54357147216797,23.862178802490234,79.56897735595703,62.31168746948242,48.24403762817383,45.464603424072266,21.67566680908203,23.276447296142578,92.15631866455078,115.66999816894531,97.12000274658203,55.14307403564453,21.481666564941406,20.100000381469727
2018-11-20,234.9046173095703,22.60418128967285,29.887170791625977,23.080503463745117,78.82469940185547,61.018836975097656,47.151493072509766,44.709163665771484,21.585220336914062,22.85324478149414,92.18836212158203,115.66999816894531,90.16000366210938,54.97039031982422,21.59037208557129,22.479999542236328
2018-11-21,235.70510864257812,22.621435165405273,30.105968475341797,23.442922592163086,78.37814331054688,61.44980239868164,47.6442985534668,44.351749420166016,21.266691207885742,23.03705596923828,92.15631866455078,115.86000061035156,92.16000366210938,55.24937057495117,21.59037208557129,20.799999237060547
2018-11-23,234.13087463378906,22.4401912689209,29.8313045501709,22.70743751525879,78.49195861816406,61.326656341552734,47.430442810058594,44.506099700927734,21.27849006652832,22.78911781311035,92.25244140625,115.7699966430664,86.63999938964844,54.94381332397461,21.63218116760254,21.520000457763672
2018-11-26,237.9107666015625,22.897628784179688,30.50632095336914,23.048532485961914,79.25377655029297,61.77519607543945,48.495094299316406,44.56294250488281,21.404327392578125,23.049880981445312,92.04412841796875,115.63999938964844,87.5199966430664,55.20288848876953,21.67399024963379,18.899999618530273
2018-11-27,238.711181640625,22.914894104003906,30.566850662231445,22.984577178955078,80.07687377929688,61.6696662902832,48.63922119140625,44.960968017578125,21.565561294555664,22.76774024963379,92.1483154296875,114.94999694824219,87.5999984741211,55.1762809753418,21.732521057128906,19.020000457763672
2018-11-28,244.2075958251953,23.355060577392578,31.63756561279297,23.37895965576172,82.00325775146484,63.147216796875,50.0758056640625,45.33463668823242,21.549821853637695,23.11827850341797,91.6996078491211,115.37999725341797,85.27999877929688,55.63466262817383,21.623817443847656,18.489999771118164
2018-11-29,243.67396545410156,23.156553268432617,31.330322265625,23.5317440032959,82.27471923828125,63.18235778808594,49.84334182739258,45.40774154663086,21.541961669921875,23.284996032714844,92.0601577758789,115.73999786376953,86.95999908447266,55.64794158935547,21.59037208557129,18.790000915527344
2018-11-30,245.15924072265625,23.277381896972656,31.628271102905273,23.489105224609375,83.9471664428711,63.798030853271484,50.205970764160156,45.70017623901367,21.860492706298828,23.344844818115234,92.40469360351562,115.54000091552734,85.83999633789062,55.53504180908203,21.67399024963379,18.06999969482422
2018-12-03,248.4055633544922,23.424108505249023,32.32655715942383,24.011402130126953,83.54435729980469,64.53678894042969,51.14509582519531,45.74079132080078,22.080705642700195,23.755231857299805,93.06078338623047,116.41000366210938,90.16000366210938,55.919395446777344,21.682350158691406,16.440000534057617
2018-12-04,240.35658264160156,22.405664443969727,31.102214813232422,23.322113037109375,81.67927551269531,61.79279327392578,49.30404281616211,44.9691047668457,22.096439361572266,23.049880981445312,94.61878204345703,117.12000274658203,89.44000244140625,55.572391510009766,21.640539169311523,20.739999771118164
2018-12-06,239.9919891357422,22.09496307373047,31.172035217285156,22.892200469970703,81.37279510498047,61.44980239868164,49.54115295410156,45.01784133911133,22.120033264160156,22.737817764282227,94.9158706665039,117.13999938964844,87.5199966430664,55.37888717651367,21.63218116760254,21.190000534057617
2018-12-07,234.41549682617188,21.67204475402832,30.073383331298828,22.764284133911133,79.29754638671875,59.8315315246582,48.05807113647461,44.44923400878906,22.20261573791504,22.190645217895508,95.09261322021484,118.08999633789062,88.87999725341797,55.27212905883789,21.573646545410156,23.229999542236328
2018-12-10,234.8601837158203,21.369970321655273,30.48770523071289,22.408987045288086,79.60401916503906,59.981040954589844,48.095272064208984,44.44923400878906,22.24587631225586,22.250490188598633,95.486083984375,117.68000030517578,86.0,55.3121452331543,21.715797424316406,22.639999389648438
2018-12-11,234.9135284423828,21.162826538085938,30.52494239807129,22.416086196899414,79.84918975830078,59.62924575805664,48.113868713378906,44.814762115478516,22.336320877075195,22.17781639099121,95.47003936767578,117.54000091552734,87.5999984741211,55.41223907470703,21.774330139160156,21.760000228881836
2018-12-12,236.09645080566406,21.283660888671875,30.762374877929688,22.504913330078125,80.5322036743164,59.96344757080078,48.6206169128418,44.757904052734375,22.194747924804688,22.37018394470215,95.04442596435547,117.79000091552734,86.55999755859375,55.592403411865234,21.690711975097656,21.459999084472656
2018-12-13,236.0164337158203,21.128305435180664,30.813587188720703,22.575977325439453,80.61100769042969,59.79634475708008,48.37886047363281,45.034080505371094,22.387439727783203,22.109420776367188,94.81950378417969,117.52999877929688,89.68000030517578,55.72590255737305,21.690711975097656,20.649999618530273
2018-12-14,231.6583709716797,20.921161651611328,30.059417724609375,22.060787200927734,77.89652252197266,58.96964645385742,47.5745735168457,44.27052307128906,22.344186782836914,21.938426971435547,95.14881896972656,117.05999755859375,86.55999755859375,55.49230194091797,21.774330139160156,21.6299991607666
2018-12-17,227.11361694335938,20.71402359008789,29.421640396118164,21.659290313720703,76.34666442871094,58.002201080322266,46.365787506103516,43.24701690673828,21.624542236328125,21.562240600585938,95.70294189453125,117.87000274658203,83.5999984741211,55.131996154785156,21.715797424316406,24.520000457763672
2018-12-18,226.86463928222656,20.636350631713867,29.654403686523438,21.147653579711914,75.68118286132812,58.29241943359375,46.72842788696289,42.735267639160156,21.479045867919922,21.681936264038086,96.27608489990234,118.1500015258789,78.31999969482422,55.03207015991211,21.707435607910156,25.579999923706055
2018-12-19,223.46714782714844,20.377426147460938,29.067834854125977,20.89894676208496,74.69170379638672,57.19306564331055,45.80324935913086,42.320987701416016,21.443653106689453,21.38697624206543,97.54798889160156,117.43000030517578,80.16000366210938,54.53590393066406,21.715797424316406,25.579999923706055
2018-12-20,219.8295440673828,20.196178436279297,28.546436309814453,20.31979751586914,73.64096069335938,56.146480560302734,44.77578353881836,41.5655403137207,21.431854248046875,21.100561141967773,97.19376373291016,119.23999786376953,77.76000213623047,54.059898376464844,21.548561096191406,28.3799991607666
2018-12-21,215.32533264160156,19.792343139648438,27.679128646850586,20.12255096435547,72.72616577148438,55.086341857910156,43.7611083984375,41.134361267089844,21.340242385864258,20.910812377929688,97.17770385742188,118.72000122070312,76.55999755859375,53.791725158691406,21.690711975097656,30.110000610351562
2018-12-24,209.6358184814453,19.375473022460938,26.940393447875977,19.308469772338867,70.98453521728516,53.39614486694336,42.930320739746094,39.94574737548828,20.447921752929688,20.368682861328125,97.66065979003906,120.0199966430664,74.31999969482422,53.3894157409668,21.5943603515625,36.06999969482422
2018-12-26,220.22764587402344,20.25262451171875,28.567480087280273,20.509868621826172,74.08076477050781,55.882774353027344,45.4740104675293,41.060585021972656,20.72553825378418,21.280834197998047,96.61418151855469,119.66000366210938,79.19999694824219,54.28787612915039,21.704235076904297,30.40999984741211
2018-12-27,221.91839599609375,20.49578857421875,28.773197174072266,20.617462158203125,74.89877319335938,56.58186340332031,45.71672058105469,41.454071044921875,20.900035858154297,21.67237663269043,96.63025665283203,120.56999969482422,76.95999908447266,54.254337310791016,21.611265182495117,29.959999084472656
2018-12-28,221.63214111328125,20.487110137939453,28.707746505737305,20.45966339111328,74.98677062988281,56.43142318725586,45.72138977050781,41.454071044921875,20.95159149169922,21.55621337890625,97.44332885742188,121.05999755859375,76.23999786376953,54.33479309082031,21.552104949951172,28.34000015258789
2018-12-31,223.57337951660156,20.68685531616211,28.97892189025879,20.5672550201416,76.09505462646484,56.99777603149414,46.21147155761719,41.62620544433594,20.98727798461914,21.736927032470703,97.81359100341797,121.25,77.27999877929688,54.37499237060547,21.509843826293945,25.420000076293945
2019-01-02,223.80599975585938,20.86054801940918,28.997623443603516,20.972496032714844,74.94276428222656,57.28980255126953,46.56153106689453,41.38029098510742,20.626384735107422,21.84879493713379,98.32879638671875,121.33000183105469,78.80000305175781,54.30128479003906,21.670427322387695,23.219999313354492
2019-01-03,218.46531677246094,20.391576766967773,27.53418731689453,20.764493942260742,73.42105865478516,55.5465087890625,45.5533561706543,41.1425666809082,20.622426986694336,21.229206085205078,99.44770812988281,122.43000030517578,79.5999984741211,54.32808303833008,21.552104949951172,25.450000762939453
2019-01-04,225.782958984375,21.06898307800293,28.75450325012207,21.470996856689453,75.61126708984375,57.652610778808594,47.0609245300293,42.01968765258789,20.92779541015625,22.063919067382812,98.29658508300781,121.44000244140625,81.44000244140625,55.23992919921875,21.518295288085938,21.3799991607666
2019-01-07,227.5631866455078,21.09503173828125,29.011655807495117,21.79016876220703,75.90154266357422,58.12163543701172,48.125083923339844,41.962303161621094,20.78502082824707,22.14137077331543,98.00684356689453,121.86000061035156,82.31999969482422,55.776302337646484,21.425325393676758,21.399999618530273
2019-01-08,229.70126342773438,21.11240005493164,29.25478172302246,21.958721160888672,76.49088287353516,58.91805648803711,48.65715026855469,42.34758377075195,21.04280662536621,22.37371253967285,97.74919891357422,121.52999877929688,84.0,56.138336181640625,21.49294090270996,20.469999313354492
2019-01-09,230.7747344970703,21.216615676879883,29.633495330810547,22.306594848632812,76.83393096923828,59.31626510620117,48.904544830322266,41.9541015625,20.91590118408203,22.382312774658203,97.59624481201172,122.30999755859375,88.4000015258789,56.20537567138672,21.290098190307617,19.979999542236328
2019-01-10,231.58876037597656,21.22530746459961,29.764408111572266,22.37114715576172,76.98345184326172,60.12154006958008,48.76449966430664,42.20003128051758,21.189544677734375,22.580236434936523,96.96836853027344,121.58999633789062,88.80000305175781,56.426639556884766,21.4168758392334,19.5
2019-01-11,231.67825317382812,21.27741241455078,29.70830726623535,22.238452911376953,77.23855590820312,60.059608459472656,48.81117630004883,42.32299041748047,21.110227584838867,22.489885330200195,97.34671783447266,121.80000305175781,87.19999694824219,56.2456169128418,21.433778762817383,18.190000534057617
2019-01-14,230.2648162841797,21.425050735473633,29.432445526123047,22.184659957885742,76.38533020019531,60.050743103027344,48.51247024536133,42.1180534362793,20.634319305419922,22.31777572631836,96.9844741821289,122.08999633789062,85.5199966430664,56.064613342285156,21.433778762817383,19.06999969482422
2019-01-15,232.90382385253906,21.616113662719727,29.876625061035156,22.263553619384766,77.75750732421875,59.86491394042969,48.951202392578125,42.5361213684082,20.888141632080078,22.171485900878906,96.63025665283203,121.87999725341797,88.0,56.252342224121094,21.509843826293945,18.600000381469727
2019-01-16,233.46743774414062,22.076400756835938,29.90467643737793,22.2348690032959,77.61676788330078,59.92686462402344,48.83917999267578,42.30658721923828,20.963489532470703,22.257537841796875,96.72691345214844,122.2699966430664,88.4800033569336,56.339515686035156,21.535200119018555,19.040000915527344
2019-01-17,235.2386474609375,22.197988510131836,30.096372604370117,22.439285278320312,78.3028564453125,60.953372955322266,49.170570373535156,42.486942291259766,21.05073356628418,22.649080276489258,96.75103759765625,122.11000061035156,88.23999786376953,56.493682861328125,21.535200119018555,18.059999465942383
2019-01-18,238.36972045898438,22.580110549926758,30.55457305908203,22.894739151000977,79.23526000976562,62.11262130737305,49.851993560791016,42.99517822265625,21.074533462524414,23.023406982421875,96.24385833740234,121.0199966430664,90.4800033569336,56.65462875366211,21.602811813354492,17.799999237060547
2019-01-22,235.1492462158203,22.319576263427734,30.04026222229004,22.396249771118164,78.68992614746094,60.8294677734375,49.105228424072266,42.60169982910156,21.11418914794922,22.705018997192383,96.89593505859375,121.44999694824219,88.95999908447266,56.27915954589844,21.602811813354492,20.799999237060547
2019-01-23,235.6412811279297,22.345624923706055,30.143123626708984,22.166728973388672,78.77784729003906,60.91796112060547,49.2032356262207,43.10994338989258,21.328344345092773,22.55011558532715,96.85567474365234,121.27999877929688,88.4000015258789,56.39311218261719,21.552104949951172,19.520000457763672
2019-01-24,235.76646423339844,22.397737503051758,30.395610809326172,22.28507423400879,78.11814880371094,61.227691650390625,49.408599853515625,42.57709884643555,21.439390182495117,22.429645538330078,97.4916000366211,121.08999633789062,89.36000061035156,56.453453063964844,21.678878784179688,18.889999389648438
2019-01-25,237.76133728027344,22.580110549926758,30.825756072998047,22.568389892578125,78.21491241455078,62.00643539428711,49.954681396484375,42.40497589111328,21.145919799804688,22.855602264404297,97.02474212646484,122.86000061035156,90.0,56.594276428222656,21.501392364501953,17.420000076293945
2019-01-28,235.95437622070312,22.51063346862793,30.4143123626709,22.342453002929688,77.3265151977539,61.41351318359375,49.66530990600586,42.585296630859375,21.046772003173828,22.82118797302246,96.92813110351562,123.29000091552734,87.5999984741211,56.50714111328125,21.518295288085938,18.8700008392334
2019-01-29,235.6412811279297,22.432476043701172,30.087020874023438,22.410594940185547,77.70476531982422,62.26304626464844,49.34325408935547,42.68367004394531,21.10625648498535,23.057828903198242,97.4191665649414,123.9800033569336,89.27999877929688,56.473594665527344,21.52674674987793,19.1299991607666
2019-01-30,239.3716278076172,22.562742233276367,31.02213478088379,22.726186752319336,78.76905822753906,63.236446380615234,50.31406021118164,42.97056579589844,21.268857955932617,23.303075790405273,97.34671783447266,124.69000244140625,91.19999694824219,56.92280578613281,21.4168758392334,17.65999984741211
2019-01-31,241.4739227294922,22.527999877929688,30.989395141601562,22.873218536376953,79.75423431396484,63.51079177856445,50.771461486816406,43.765743255615234,21.716997146606445,22.954566955566406,98.18389129638672,124.75,90.80000305175781,57.063602447509766,21.45913314819336,16.56999969482422
2019-02-01,241.5902099609375,22.623533248901367,31.171749114990234,23.271297454833984,79.82461547851562,63.60810852050781,50.02936553955078,43.626365661621094,21.633716583251953,23.023406982421875,97.59087371826172,124.5,93.04000091552734,57.035980224609375,21.45913314819336,16.139999389648438
2019-02-04,243.28988647460938,22.719072341918945,31.67203140258789,23.325092315673828,79.59590148925781,64.43110656738281,50.3560676574707,43.905086517333984,21.669410705566406,22.984682083129883,97.15522003173828,123.95999908447266,92.0,57.170711517333984,21.518295288085938,15.729999542236328
2019-02-05,244.30975341796875,22.658275604248047,31.93853759765625,23.360952377319336,79.48155975341797,64.98861694335938,50.827476501464844,43.91328048706055,21.713035583496094,23.15248680114746,97.59895324707031,124.27999877929688,90.31999969482422,57.37276077270508,21.57745933532715,15.569999694824219
2019-02-06,243.98768615722656,22.632217407226562,32.04606246948242,23.188814163208008,79.84220886230469,65.00630950927734,50.6174430847168,43.921470642089844,21.701139450073242,23.01480484008789,97.64740753173828,123.44000244140625,90.55999755859375,57.31888198852539,21.661975860595703,15.380000114440918
2019-02-07,241.66184997558594,22.406415939331055,31.6065731048584,22.67597770690918,78.96258544921875,64.56383514404297,50.202056884765625,43.88867950439453,21.986679077148438,22.696407318115234,98.29276275634766,123.73999786376953,88.55999755859375,57.12355422973633,21.712688446044922,16.3700008392334
2019-02-08,241.95701599121094,22.29351234436035,31.788917541503906,22.571977615356445,79.11212158203125,64.66120910644531,50.0013542175293,44.09361267089844,22.081857681274414,22.674898147583008,98.71240234375,124.20999908447266,88.63999938964844,57.110069274902344,21.7380428314209,15.720000267028809
2019-02-11,242.09117126464844,22.362995147705078,31.774885177612305,22.679567337036133,79.0153579711914,65.00630950927734,50.090030670166016,44.208377838134766,22.073930740356445,22.70931625366211,98.3250961303711,123.5999984741211,88.08000183105469,57.13703918457031,21.822561264038086,15.970000267028809
2019-02-12,245.20425415039062,22.693008422851562,32.1956787109375,22.96646499633789,80.09728240966797,66.01512908935547,50.86015319824219,44.55267333984375,22.12548065185547,23.21702766418457,98.07498931884766,123.86000061035156,89.27999877929688,57.41316223144531,21.746492385864258,15.430000305175781
2019-02-13,246.0004425048828,22.753803253173828,32.237770080566406,23.25336456298828,80.27317810058594,66.40448760986328,51.205528259277344,44.634639739990234,22.062030792236328,23.24714469909668,97.703857421875,123.37000274658203,90.72000122070312,57.332332611083984,21.864822387695312,15.649999618530273
2019-02-14,245.45472717285156,22.475900650024414,32.29386901855469,23.33584976196289,80.45793151855469,66.09477233886719,51.018836975097656,44.134613037109375,22.026338577270508,23.126670837402344,98.26055908203125,124.05999755859375,91.83999633789062,57.33907699584961,21.83946418762207,16.219999313354492
2019-02-15,248.1295928955078,22.953548431396484,32.551025390625,23.712413787841797,81.67178344726562,66.97968292236328,51.36888885498047,44.55267333984375,22.093751907348633,23.440765380859375,98.413818359375,124.80000305175781,93.68000030517578,57.520938873291016,21.79720687866211,14.90999984741211
2019-02-19,248.55899047851562,22.9882869720459,32.56038284301758,23.784135818481445,81.4782485961914,66.9531478881836,51.57892990112305,44.78219223022461,22.224626541137695,23.587059020996094,98.66395568847656,126.69999694824219,94.23999786376953,57.541141510009766,21.712688446044922,14.880000114440918
2019-02-20,249.05995178222656,23.13592529296875,32.597782135009766,23.88454818725586,81.38150787353516,67.27172088623047,51.68160629272461,44.70021057128906,22.323774337768555,23.99150276184082,98.38155364990234,126.4800033569336,95.44000244140625,57.588294982910156,21.729589462280273,14.020000457763672
2019-02-21,248.17428588867188,23.014352798461914,32.61180114746094,23.515167236328125,80.66903686523438,66.99738311767578,51.57892990112305,44.83137512207031,22.48637580871582,23.896841049194336,97.50215911865234,125.05000305175781,95.04000091552734,57.53441619873047,21.746492385864258,14.460000038146973
2019-02-22,249.7128448486328,22.979604721069336,33.02792739868164,23.58330535888672,81.40789031982422,67.43983459472656,51.858970642089844,44.618255615234375,22.625179290771484,24.000104904174805,98.08303833007812,125.5,95.5999984741211,57.64890670776367,21.7380428314209,13.510000228881836
2019-02-25,250.05287170410156,23.07513427734375,33.18690872192383,23.622751235961914,81.52225494384766,67.70530700683594,51.6862678527832,44.3723258972168,22.478443145751953,24.15499496459961,97.7925796508789,125.37000274658203,92.55999755859375,57.6960563659668,21.721141815185547,14.850000381469727
2019-02-26,249.87403869628906,23.005661010742188,33.25703048706055,23.547443389892578,81.23198699951172,67.51947784423828,51.75627517700195,44.39692306518555,22.45068359375,24.017316818237305,98.27671813964844,125.58000183105469,93.04000091552734,57.7701530456543,21.636621475219727,15.170000076293945
2019-02-27,249.7666473388672,23.092504501342773,33.224300384521484,23.63709831237793,80.85375213623047,67.78497314453125,51.71894836425781,44.33134460449219,22.478443145751953,23.97859764099121,97.1633071899414,124.69000244140625,95.12000274658203,57.79034423828125,21.653526306152344,14.699999809265137
2019-02-28,249.30149841308594,23.031713485717773,33.13079833984375,23.400402069091797,80.61624908447266,67.55488586425781,51.43890380859375,44.54447555541992,22.609312057495117,23.686019897460938,96.83248138427734,123.98999786376953,95.5999984741211,57.75667190551758,21.670427322387695,14.779999732971191
2019-03-01,250.8580780029297,23.17935562133789,33.355201721191406,23.830759048461914,81.75975799560547,67.61681365966797,51.85429763793945,44.46250534057617,22.65690803527832,23.655895233154297,95.93746948242188,121.87999725341797,93.27999877929688,57.9203987121582,21.754945755004883,13.569999694824219
2019-03-04,249.9455108642578,23.031713485717773,33.22897720336914,23.87379264831543,80.65144348144531,67.3159408569336,51.690940856933594,44.38872146606445,22.696565628051758,23.76346206665039,96.68940734863281,121.55999755859375,94.4000015258789,57.83244323730469,21.780302047729492,14.630000114440918
2019-03-05,249.60560607910156,22.944868087768555,33.13079833984375,23.79489517211914,80.60747528076172,66.88233947753906,51.821624755859375,44.35593032836914,22.668804168701172,23.651596069335938,96.89154052734375,121.72000122070312,94.55999755859375,57.80539321899414,21.83946418762207,14.739999771118164
2019-03-06,248.09376525878906,22.797225952148438,32.95779800415039,23.493642807006836,79.42880249023438,66.25404357910156,51.57892990112305,44.29035568237305,22.668804168701172,23.70322036743164,97.24725341796875,121.61000061035156,94.0,57.710670471191406,21.83946418762207,15.739999771118164
2019-03-07,246.0183563232422,22.562742233276367,32.644527435302734,23.353788375854492,78.80426025390625,65.85582733154297,50.953495025634766,44.00345230102539,22.744157791137695,23.509607315063477,97.87789154052734,121.51000213623047,94.4800033569336,57.670082092285156,22.033855438232422,16.59000015258789
2019-03-08,245.5262908935547,22.554052352905273,32.63986587524414,22.916255950927734,78.63712310791016,65.72307586669922,50.598785400390625,44.02803421020508,22.823467254638672,23.548328399658203,98.29022979736328,122.83999633789062,93.83999633789062,57.575374603271484,21.966243743896484,16.049999237060547
2019-03-11,249.08677673339844,22.788541793823242,33.341182708740234,23.274885177612305,79.5343246459961,66.2806167602539,51.294212341308594,44.60184860229492,22.986068725585938,23.883934020996094,97.99917602539062,122.23999786376953,94.87999725341797,57.76479721069336,21.915531158447266,14.329999923706055
2019-03-12,250.0260772705078,22.84065055847168,33.537559509277344,23.425506591796875,80.11487579345703,65.73193359375,51.43890380859375,44.618255615234375,23.144702911376953,23.974292755126953,98.68643188476562,122.9800033569336,95.12000274658203,57.86627960205078,21.873271942138672,13.770000457763672
2019-03-13,251.68109130859375,22.996973037719727,33.7573127746582,23.662206649780273,80.97687530517578,66.3071517944336,51.62092971801758,44.872379302978516,23.168500900268555,24.09046745300293,98.50041961669922,123.83999633789062,97.5199966430664,58.02184295654297,21.771848678588867,13.40999984741211
2019-03-14,251.52005004882812,23.083826065063477,33.82744216918945,23.68730926513672,80.84495544433594,66.0859146118164,51.46691131591797,44.83137512207031,23.164535522460938,23.909757614135742,97.78897857666016,122.41000366210938,97.76000213623047,57.98128890991211,21.83946418762207,13.5
2019-03-15,252.76266479492188,23.24530601501465,34.236934661865234,23.67790985107422,81.2166519165039,65.85273742675781,51.797080993652344,45.085243225097656,23.248437881469727,23.93956756591797,98.43579864501953,122.97000122070312,97.5999984741211,58.035404205322266,21.80565643310547,12.880000114440918
2019-03-18,253.67913818359375,23.480989456176758,34.382347106933594,24.00681495666504,81.093017578125,66.49354553222656,52.29819107055664,45.151180267333984,23.16053581237793,23.995742797851562,98.37918090820312,123.04000091552734,98.4800033569336,58.01511764526367,21.780302047729492,13.100000381469727
2019-03-19,253.74203491210938,23.297685623168945,34.45270919799805,23.941762924194336,81.73755645751953,66.25324249267578,52.56045913696289,45.118221282958984,22.8968505859375,23.96549415588379,98.16088104248047,123.37999725341797,98.23999786376953,58.04893493652344,21.754945755004883,13.5600004196167
2019-03-20,252.97842407226562,22.817588806152344,34.3588981628418,24.15139389038086,81.17250061035156,65.79931640625,52.6353874206543,44.92863464355469,22.956783294677734,23.94388771057129,99.18766784667969,124.18000030517578,100.0,58.29930114746094,21.6281681060791,13.90999984741211
2019-03-21,255.835693359375,22.747751235961914,35.22197723388672,24.321273803710938,81.49034881591797,66.43124389648438,53.356605529785156,45.456146240234375,23.200490951538086,24.198843002319336,99.40599822998047,123.68000030517578,99.5199966430664,58.28575134277344,21.763397216796875,13.630000114440918
2019-03-22,250.91171264648438,22.1192684173584,34.3917350769043,23.6634521484375,80.00708770751953,64.9271011352539,52.29819107055664,45.3984489440918,23.368297576904297,23.477197647094727,100.9502182006836,123.97000122070312,97.83999633789062,58.07602310180664,21.80565643310547,16.479999542236328
2019-03-25,250.7230987548828,22.02324867248535,34.24162292480469,23.674291610717773,79.96294403076172,65.07841491699219,52.60728073120117,45.48910903930664,23.388275146484375,23.433984756469727,101.1119384765625,124.91999816894531,98.0,58.05570983886719,21.80565643310547,16.329999923706055
2019-03-26,252.5919952392578,22.285118103027344,34.42925262451172,24.01404571533203,80.51036071777344,65.5145263671875,52.83207702636719,45.87650680541992,23.556066513061523,23.576587677001953,101.03916931152344,124.30000305175781,99.76000213623047,58.197792053222656,21.873271942138672,14.680000305175781
2019-03-27,251.27114868164062,22.18910026550293,34.232242584228516,23.844173431396484,79.83934020996094,65.58572387695312,52.72437286376953,45.719905853271484,23.392261505126953,23.54633903503418,101.96894836425781,123.6500015258789,98.72000122070312,58.23838424682617,21.89862823486328,15.149999618530273
2019-03-28,252.22357177734375,22.381135940551758,34.37296676635742,23.93453025817871,80.04241180419922,66.06633758544922,53.04282760620117,45.942440032958984,23.11659049987793,23.775362014770508,102.32471466064453,121.9000015258789,98.80000305175781,58.353389739990234,21.974693298339844,14.430000305175781
2019-03-29,253.81393432617188,22.442235946655273,34.710689544677734,23.898391723632812,81.0047607421875,66.77835083007812,53.31914520263672,46.24740219116211,23.240442276000977,23.982776641845703,102.22767639160156,122.01000213623047,100.0,58.50225830078125,22.000049591064453,13.710000038146973
2019-04-01,256.823974609375,22.992172241210938,35.184452056884766,24.212833404541016,81.12836456298828,68.15789031982422,53.90456008911133,46.09080505371094,23.08063507080078,24.341442108154297,100.77564239501953,121.52999877929688,102.55999755859375,58.48796463012695,21.98314666748047,13.399999618530273
2019-04-02,256.9497375488281,22.97471046447754,35.30640411376953,24.04657745361328,80.94294738769531,68.13117218017578,53.895179748535156,45.71164321899414,23.112598419189453,24.42354393005371,100.9620132446289,121.9800033569336,104.08000183105469,58.51515197753906,22.008499145507812,13.359999656677246
2019-04-03,257.35406494140625,23.044544219970703,35.592533111572266,23.81525230407715,80.8370132446289,67.9264907836914,54.2745361328125,45.48910903930664,23.076641082763672,24.743314743041992,100.08688354492188,121.80000305175781,103.91999816894531,58.53553009033203,21.974693298339844,13.739999771118164
2019-04-04,258.03704833984375,23.1842041015625,35.442420959472656,24.01404571533203,80.66925811767578,68.34479522705078,54.71476745605469,45.66221237182617,22.996736526489258,24.993947982788086,100.3705062866211,122.11000061035156,103.36000061035156,58.6239013671875,22.000049591064453,13.579999923706055
2019-04-05,259.2859802246094,23.21912384033203,35.611289978027344,24.436927795410156,81.2254638671875,68.54058837890625,55.03790283203125,45.818809509277344,23.212482452392578,24.985309600830078,100.5001449584961,121.9800033569336,105.19999694824219,58.732608795166016,22.02540397644043,12.819999694824219
2019-04-08,259.48358154296875,23.24530601501465,35.747314453125,24.545366287231445,81.20782470703125,68.24690246582031,55.2346076965332,46.00838088989258,23.048675537109375,24.993947982788086,100.14363098144531,122.51000213623047,107.19999694824219,58.698631286621094,21.949337005615234,13.180000305175781
2019-04-09,258.1538391113281,23.05327033996582,35.57845687866211,24.245372772216797,80.99593353271484,67.32125091552734,54.73817825317383,45.950687408447266,23.10460662841797,24.812454223632812,100.45964813232422,123.1500015258789,106.63999938964844,58.657859802246094,21.95779037475586,14.279999732971191
2019-04-10,259.034423828125,23.123106002807617,35.827056884765625,24.33572769165039,81.02239990234375,67.303466796875,55.00043869018555,46.082557678222656,23.032697677612305,24.79949378967285,100.70275115966797,123.52999877929688,107.27999877929688,58.91610336303711,21.923982620239258,13.300000190734863
2019-04-11,258.9624938964844,23.262765884399414,35.78015899658203,24.35379409790039,80.02476501464844,67.88196563720703,55.07068634033203,46.17322540283203,23.148555755615234,24.786527633666992,100.11119079589844,121.94999694824219,106.16000366210938,59.00441360473633,21.991596221923828,13.020000457763672
2019-04-12,260.7145690917969,23.690486907958984,36.02875518798828,24.418859481811523,79.29195404052734,68.78089904785156,55.41256332397461,46.32158660888672,23.256425857543945,25.114940643310547,99.39818572998047,121.83000183105469,106.4000015258789,59.0927734375,21.940885543823242,12.010000228881836
2019-04-15,260.54388427734375,23.54209327697754,36.014686584472656,24.274288177490234,79.60980224609375,68.39818572998047,55.524967193603516,46.59358596801758,23.25242805480957,24.998266220092773,99.64936828613281,121.5999984741211,105.91999816894531,59.05197525024414,21.93243408203125,12.319999694824219
2019-04-16,260.7145690917969,23.87380027770996,36.197628021240234,24.43332290649414,77.97642517089844,68.81649780273438,55.76850509643555,46.6018180847168,22.964773178100586,25.110618591308594,99.0254135131836,120.51000213623047,106.95999908447266,59.01801300048828,21.98314666748047,12.180000305175781
2019-04-17,260.0766296386719,23.934900283813477,36.39930725097656,24.40078353881836,75.73392486572266,68.90550231933594,55.8762092590332,46.832611083984375,22.87687873840332,24.95505142211914,99.06593322753906,120.27999877929688,106.23999786376953,58.87531661987305,21.966243743896484,12.600000381469727
2019-04-18,260.58880615234375,23.865068435668945,36.50251770019531,24.28512954711914,75.85753631591797,69.69760131835938,55.857479095458984,46.873809814453125,22.888864517211914,24.985309600830078,99.58450317382812,120.37000274658203,106.55999755859375,58.90249252319336,22.084566116333008,12.09000015258789
2019-04-22,260.8133850097656,23.79523468017578,36.586952209472656,24.798377990722656,75.90165710449219,69.48400115966797,55.6467399597168,46.89030075073242,22.868886947631836,24.816776275634766,99.10643005371094,120.37000274658203,109.36000061035156,58.80054473876953,22.033855438232422,12.420000076293945
2019-04-23,263.1585693359375,23.943628311157227,36.98564910888672,24.75861358642578,77.1023941040039,70.08924102783203,56.31175994873047,46.7419319152832,22.93280792236328,24.929128646850586,99.31707763671875,120.12000274658203,110.31999969482422,59.00441360473633,22.109920501708984,12.279999732971191
2019-04-24,262.5745544433594,23.917448043823242,36.99971389770508,24.324888229370117,77.01410675048828,69.88451385498047,56.3632698059082,46.840843200683594,23.08063507080078,24.773569107055664,100.12743377685547,120.47000122070312,109.44000244140625,58.92285919189453,22.219797134399414,13.140000343322754
2019-04-25,262.4127502441406,23.961088180541992,36.990333557128906,24.248987197875977,77.80868530273438,68.47827911376953,56.06822967529297,46.54412841796875,23.176517486572266,24.458114624023438,99.9815444946289,120.56999969482422,108.23999786376953,58.9500617980957,22.262054443359375,13.25
2019-04-26,263.634765625,24.179309844970703,36.84962844848633,23.93453025817871,78.58563995361328,68.9945068359375,56.51314163208008,46.9644889831543,23.212482452392578,24.661212921142578,100.3218765258789,121.37000274658203,104.72000122070312,59.099552154541016,22.236698150634766,12.729999542236328
2019-04-29,264.04803466796875,24.423721313476562,36.8589973449707,23.9128475189209,78.4443588256836,69.15470886230469,56.31644058227539,47.02218246459961,23.076641082763672,24.613677978515625,99.68171691894531,120.83000183105469,105.83999633789062,59.07237243652344,22.185989379882812,13.109999656677246
2019-04-30,264.182861328125,24.458635330200195,36.91999053955078,23.894779205322266,78.80638122558594,69.43061828613281,56.23214340209961,47.56616973876953,23.45619010925293,24.825428009033203,100.19223022460938,121.19999694824219,106.31999969482422,59.07917022705078,22.11837387084961,13.119999885559082
2019-05-01,262.19720458984375,24.257877349853516,36.82615661621094,23.41767120361328,78.66510772705078,68.97673034667969,55.54838180541992,46.9809684753418,23.216474533081055,24.37601661682129,100.60555267333984,120.4000015258789,105.76000213623047,58.885379791259766,22.14373016357422,14.800000190734863
2019-05-02,261.6310729980469,24.2840633392334,36.63384246826172,23.00923728942871,79.0005874633789,68.94111633300781,55.59053039550781,46.9644889831543,23.164535522460938,24.250699996948242,100.12645721435547,119.94000244140625,102.55999755859375,58.926326751708984,22.194438934326172,14.420000076293945
2019-05-03,264.1918640136719,24.502286911010742,36.98095703125,23.22249412536621,79.60099029541016,69.7777328491211,56.24618148803711,47.318904876708984,23.29237937927246,24.488357543945312,100.41064453125,120.6500015258789,102.95999908447266,59.07646560668945,22.109920501708984,12.869999885559082
2019-05-06,263.1047058105469,24.33643341064453,36.69482421875,23.24418067932129,80.00708770751953,69.11019897460938,55.90432357788086,47.244728088378906,23.164535522460938,24.138343811035156,100.6867446899414,120.80999755859375,104.55999755859375,59.10374450683594,22.126827239990234,15.4399995803833
2019-05-07,258.71087646484375,23.934900283813477,35.90679931640625,23.041776657104492,78.47087097167969,67.71287536621094,55.05663299560547,46.774906158447266,23.092618942260742,23.714862823486328,101.45809173583984,121.20999908447266,101.83999633789062,58.74889373779297,22.14373016357422,19.31999969482422
2019-05-08,258.3514404296875,23.882524490356445,35.86457824707031,23.041776657104492,78.63863372802734,67.71287536621094,55.07536315917969,46.76667404174805,22.776988983154297,23.69325828552246,101.0196533203125,120.91000366210938,103.12000274658203,58.76935577392578,22.152179718017578,19.399999618530273
2019-05-09,257.56976318359375,23.83015251159668,35.62067413330078,23.041776657104492,78.47087097167969,67.6149673461914,54.85057067871094,46.667755126953125,22.7490291595459,23.507450103759766,101.43375396728516,121.19999694824219,102.4800033569336,58.68064880371094,22.109920501708984,19.100000381469727
2019-05-10,258.86370849609375,23.987276077270508,35.733253479003906,23.150209426879883,78.49734497070312,67.88196563720703,54.9301872253418,47.23647689819336,23.156543731689453,23.82721519470215,101.29572296142578,121.43000030517578,102.72000122070312,58.84444808959961,22.101470947265625,16.040000915527344
2019-05-13,252.35829162597656,23.288951873779297,34.387046813964844,22.75262451171875,77.02296447753906,65.95063781738281,53.29573440551758,46.79138946533203,23.404254913330078,23.2913875579834,102.09150695800781,122.66999816894531,101.44000244140625,58.305335998535156,22.101470947265625,20.549999237060547
2019-05-14,254.64065551757812,23.47226905822754,34.94053649902344,23.03093147277832,77.41140747070312,66.63594818115234,53.834293365478516,47.01393508911133,23.248437881469727,23.490161895751953,101.79103088378906,122.45999908447266,102.95999908447266,58.434974670410156,22.152179718017578,18.059999465942383
2019-05-15,256.1321105957031,23.384977340698242,35.32048416137695,23.150209426879883,77.64096069335938,66.7249526977539,54.1995964050293,47.38483428955078,23.208486557006836,23.429664611816406,102.41625213623047,122.38999938964844,103.76000213623047,58.48956298828125,22.16063117980957,16.440000534057617
2019-05-16,258.5043029785156,23.620655059814453,35.64413070678711,23.27670669555664,78.25017547607422,67.33907318115234,54.70070266723633,47.755733489990234,23.364295959472656,23.758073806762695,102.07526397705078,121.51000213623047,105.12000274658203,58.6670036315918,22.219797134399414,15.289999961853027
2019-05-17,256.8330078125,23.463533401489258,35.358001708984375,23.041776657104492,78.08238983154297,66.5914535522461,54.283905029296875,47.59914016723633,23.484155654907227,23.615478515625,102.30260467529297,120.6500015258789,104.63999938964844,58.646549224853516,22.2705078125,15.960000038146973
2019-05-20,255.13478088378906,23.489717483520508,34.743526458740234,23.052614212036133,78.04705810546875,66.42230987548828,53.89986038208008,47.48374557495117,23.516117095947266,23.278423309326172,102.09150695800781,120.63999938964844,105.19999694824219,58.5919303894043,22.253602981567383,16.309999465942383
2019-05-21,257.4349670410156,23.734134674072266,35.170372009277344,23.32008171081543,78.77987670898438,67.20555114746094,54.2745361328125,47.38483428955078,23.560068130493164,23.637083053588867,101.92908477783203,120.36000061035156,105.04000091552734,58.776180267333984,22.287410736083984,14.949999809265137
2019-05-22,256.64434814453125,23.594472885131836,34.98743438720703,22.958642959594727,79.23014068603516,66.65374755859375,53.71722412109375,47.59914016723633,23.735858917236328,23.472877502441406,102.5136947631836,120.23999786376953,101.91999816894531,58.82395553588867,22.30431365966797,14.75
2019-05-23,253.5084991455078,23.262765884399414,34.37296676635742,22.18878173828125,78.95645904541016,65.63914489746094,53.05220031738281,47.582645416259766,23.93961524963379,23.114215850830078,103.66674041748047,121.16999816894531,96.72000122070312,58.5305290222168,22.262054443359375,16.920000076293945
2019-05-24,254.0835418701172,23.446075439453125,34.382347106933594,22.271907806396484,79.07122802734375,65.66582489013672,53.12245178222656,47.409568786621094,23.90365982055664,23.243852615356445,103.75605773925781,121.30000305175781,97.83999633789062,58.44862747192383,22.185989379882812,15.850000381469727
2019-05-28,251.72047424316406,23.17548179626465,34.283836364746094,22.040590286254883,77.94114685058594,65.06060028076172,52.77120590209961,46.63478088378906,23.512126922607422,23.01050567626953,104.50305938720703,120.83000183105469,97.83999633789062,58.394039154052734,22.27895736694336,17.5
2019-05-29,250.03121948242188,23.131837844848633,34.0821418762207,21.899625778198242,77.190673828125,64.76690673828125,52.302879333496094,46.29685592651367,23.200490951538086,23.01483154296875,104.81979370117188,120.87000274658203,97.91999816894531,58.23707962036133,22.329669952392578,17.899999618530273
2019-05-30,250.71405029296875,23.05327033996582,34.29322052001953,21.62131690979004,77.61448669433594,65.01611328125,52.644752502441406,46.49467086791992,23.164535522460938,23.05371856689453,105.72106170654297,121.69000244140625,94.08000183105469,58.35990524291992,22.33812141418457,17.299999237060547
2019-05-31,247.3356170654297,22.70410919189453,33.72096633911133,21.241809844970703,77.05827331542969,64.12609100341797,51.95631408691406,45.835296630859375,23.27240562438965,22.794445037841797,107.04463958740234,123.33000183105469,88.80000305175781,57.93684768676758,22.24515151977539,18.709999084472656
2019-06-03,246.70675659179688,22.85250473022461,33.12993621826172,21.512887954711914,77.24364471435547,64.56218719482422,51.5207633972168,46.41225814819336,23.504135131835938,23.511770248413086,107.76063537597656,125.11000061035156,87.91999816894531,58.030059814453125,22.126827239990234,18.860000610351562
2019-06-04,252.0618133544922,23.47226905822754,34.236934661865234,21.885169982910156,78.52385711669922,66.10194396972656,52.91637420654297,46.832611083984375,23.524110794067383,24.172916412353516,106.53199005126953,125.1500015258789,89.27999877929688,58.61274337768555,22.101470947265625,16.969999313354492
2019-06-05,254.24520874023438,23.620655059814453,34.68255615234375,21.643003463745117,79.11538696289062,66.74275970458984,53.17864990234375,47.36834716796875,24.027511596679688,24.35008430480957,105.92991638183594,125.47000122070312,86.16000366210938,58.74983215332031,22.177536010742188,16.09000015258789
2019-06-06,255.89854431152344,23.707942962646484,35.0859375,22.044198989868164,79.52149963378906,66.85845947265625,53.450279235839844,47.86288833618164,24.17533302307129,24.639610290527344,106.27165222167969,125.87999725341797,88.4800033569336,58.87324142456055,22.101470947265625,15.930000305175781
2019-06-07,258.45928955078125,23.673036575317383,35.737937927246094,22.145408630371094,80.35142517089844,67.39247131347656,54.22301483154297,48.324459075927734,23.99555206298828,24.859989166259766,107.1910400390625,126.58999633789062,89.83999633789062,59.024078369140625,22.008499145507812,16.299999237060547
2019-06-10,259.6454162597656,23.87380027770996,36.10380172729492,22.21047019958496,80.58980560302734,67.4814682006836,54.68198013305664,48.3409538269043,23.831745147705078,24.9031982421875,106.1821517944336,125.33000183105469,88.87999725341797,59.11320495605469,22.033855438232422,15.9399995803833
2019-06-11,259.5824890136719,23.882524490356445,36.10380172729492,22.25383758544922,80.4573745727539,66.9029541015625,54.89271926879883,48.49753952026367,23.68791961669922,24.88591766357422,106.2472152709961,125.18000030517578,88.87999725341797,59.195465087890625,22.042308807373047,15.989999771118164
2019-06-12,259.124267578125,23.646841049194336,35.9021110534668,21.93938446044922,80.84584045410156,67.04536437988281,54.87866973876953,48.57172775268555,23.99555206298828,24.968017578125,106.32860565185547,125.83000183105469,85.12000274658203,59.05834197998047,22.101470947265625,15.90999984741211
2019-06-13,260.19342041015625,23.725400924682617,36.00999450683594,22.196008682250977,80.74871063232422,67.38359832763672,55.370426177978516,48.67887496948242,24.04349708557129,25.114940643310547,106.69477081298828,126.5999984741211,87.04000091552734,59.195465087890625,22.11837387084961,15.819999694824219
2019-06-14,259.90594482421875,23.777774810791016,35.695709228515625,22.051429748535156,80.56330871582031,67.11654663085938,55.49217987060547,48.70360565185547,24.295196533203125,25.006908416748047,106.96324920654297,126.55999755859375,87.5199966430664,59.154335021972656,22.236698150634766,15.279999732971191
2019-06-17,260.00482177734375,23.559553146362305,35.72386932373047,22.235767364501953,80.92530059814453,66.88516998291016,55.51560592651367,48.563480377197266,24.227275848388672,24.777889251708984,107.1503677368164,126.4800033569336,86.4800033569336,59.06520462036133,22.24515151977539,15.350000381469727
2019-06-18,262.727294921875,23.87380027770996,36.37117004394531,22.542987823486328,81.61395263671875,68.18458557128906,55.937095642089844,48.29972457885742,24.127395629882812,24.97233772277832,107.68740844726562,127.12000274658203,90.0,59.476497650146484,22.27895736694336,15.149999618530273
2019-06-19,263.3202209472656,23.83015251159668,36.50251770019531,22.517688751220703,82.34672546386719,68.13117218017578,56.04012680053711,48.49753952026367,24.311176300048828,24.834062576293945,107.8420181274414,127.88999938964844,90.63999938964844,59.757572174072266,22.177536010742188,14.329999923706055
2019-06-20,265.83612060546875,23.934900283813477,37.037254333496094,23.0164737701416,82.708740234375,69.27043914794922,56.42884826660156,48.9261474609375,24.46699333190918,25.149507522583008,108.12682342529297,131.11000061035156,94.80000305175781,60.05921173095703,22.042308807373047,14.75
2019-06-21,265.4496765136719,23.881383895874023,36.86214065551758,23.18279457092285,83.10594177246094,68.90123748779297,56.16755676269531,48.76752853393555,24.561628341674805,25.06951904296875,106.9388198852539,131.97999572753906,95.76000213623047,59.86726760864258,21.93243408203125,15.399999618530273
2019-06-24,265.1246643066406,23.784873962402344,36.932735443115234,22.97489356994629,82.6714859008789,68.76716613769531,55.86679458618164,48.892093658447266,24.569686889648438,25.165159225463867,107.73617553710938,133.94000244140625,96.08000183105469,59.86039733886719,21.89862823486328,15.260000228881836
2019-06-25,262.52435302734375,23.705917358398438,36.25490951538086,22.792522430419922,82.33455657958984,68.2486801147461,55.331058502197266,48.8671760559082,24.42067527770996,25.17820167541504,108.06987762451172,134.1999969482422,96.0,59.60676574707031,21.949337005615234,16.280000686645508
2019-06-26,262.2624816894531,23.66204261779785,36.645599365234375,23.142675399780273,81.29716491699219,68.41853332519531,55.509639739990234,48.169551849365234,23.88909149169922,25.134733200073242,107.37821197509766,132.97000122070312,98.31999969482422,59.579376220703125,21.966243743896484,16.209999084472656
2019-06-27,263.1925964355469,23.872608184814453,36.73975372314453,22.971248626708984,81.86463165283203,68.48110961914062,55.857383728027344,48.26090621948242,23.921314239501953,25.217321395874023,108.13490295410156,132.83999633789062,98.31999969482422,59.743873596191406,21.966243743896484,15.819999694824219
2019-06-28,264.5467834472656,24.214771270751953,36.73504638671875,23.237506866455078,82.13948822021484,69.20514678955078,56.01715850830078,48.22768020629883,24.01393699645996,25.43033218383789,108.06170654296875,133.1999969482422,96.31999969482422,59.76444625854492,21.949337005615234,15.079999923706055
2019-07-01,266.94854736328125,24.504297256469727,37.3187370300293,23.259389877319336,82.5473403930664,69.26773071289062,56.51061248779297,48.51836395263672,23.953535079956055,25.625951766967773,107.80895233154297,130.6199951171875,98.23999786376953,59.78232955932617,22.109920501708984,14.0600004196167
2019-07-02,267.64373779296875,24.44287872314453,37.41758728027344,22.887359619140625,82.99066162109375,69.1783676147461,56.63279724121094,48.941925048828125,24.279726028442383,25.599864959716797,108.64051818847656,133.41000366210938,93.5999984741211,59.91316604614258,22.093017578125,12.930000305175781
2019-07-03,269.78369140625,24.63590431213379,37.70471954345703,22.978546142578125,83.70000457763672,69.56271362304688,57.12622833251953,49.54819869995117,24.44886589050293,25.730276107788086,109.41499328613281,133.6300048828125,94.16000366210938,60.14040756225586,22.093017578125,12.569999694824219
2019-07-05,269.4765319824219,24.706085205078125,37.63412857055664,23.01136589050293,83.1236801147461,69.28559112548828,57.1920280456543,49.3322639465332,24.43678855895996,25.6129093170166,107.9638671875,132.13999938964844,95.5999984741211,59.899410247802734,22.21134376525879,13.279999732971191
2019-07-08,267.9959411621094,24.583255767822266,37.34697723388672,23.04419708251953,82.50301361083984,68.71351623535156,57.26252365112305,49.39870071411133,24.473033905029297,25.31730842590332,108.110595703125,131.2899932861328,95.44000244140625,59.78232955932617,22.253602981567383,13.960000038146973
2019-07-09,268.3299255371094,24.627132415771484,37.478782653808594,23.06243133544922,82.58280944824219,68.56155395507812,57.3236083984375,49.108028411865234,24.505245208740234,25.06951904296875,108.0698471069336,131.75,96.31999969482422,59.713462829589844,22.2705078125,14.09000015258789
2019-07-10,269.612060546875,24.53938865661621,37.775325775146484,23.35787010192871,82.8665542602539,68.40065002441406,57.530391693115234,49.423622131347656,24.561628341674805,25.01736068725586,107.47474670410156,133.8300018310547,100.23999786376953,59.87873840332031,22.177536010742188,13.029999732971191
2019-07-11,270.2440490722656,24.679765701293945,37.916542053222656,23.405284881591797,82.88428497314453,68.865478515625,57.64786911010742,49.54819869995117,24.569686889648438,25.126035690307617,106.03985595703125,132.6999969482422,100.4000015258789,59.76169967651367,22.177536010742188,12.930000305175781
2019-07-12,271.4539489746094,24.846460342407227,38.194278717041016,23.503759384155273,81.96214294433594,70.07223510742188,58.31049728393555,49.689388275146484,24.408597946166992,25.373817443847656,106.16217041015625,133.52999877929688,100.16000366210938,59.858062744140625,22.135278701782227,12.390000343322754
2019-07-15,271.544189453125,24.706085205078125,38.32137680053711,23.292221069335938,82.13948822021484,69.78617858886719,58.498477935791016,49.80565643310547,24.505245208740234,25.391204833984375,106.7735824584961,133.52999877929688,98.4000015258789,59.899410247802734,22.169084548950195,12.680000305175781
2019-07-16,270.66839599609375,24.64467430114746,37.9636344909668,23.04419708251953,81.73163604736328,70.233154296875,58.423282623291016,49.82225799560547,24.364295959472656,25.45206642150879,106.45561981201172,132.39999389648438,96.55999755859375,59.77544021606445,22.2705078125,12.859999656677246
2019-07-17,268.8265075683594,24.43410873413086,37.864776611328125,22.781578063964844,81.74937438964844,68.73141479492188,57.864051818847656,49.764122009277344,24.45692253112793,25.22601890563965,107.60516357421875,134.5800018310547,94.0,59.6997184753418,22.228246688842773,13.970000267028809
2019-07-18,269.8106994628906,24.61835479736328,38.1472053527832,22.78523063659668,82.21040344238281,68.85653686523438,57.788848876953125,50.0963249206543,24.670358657836914,25.33469581604004,107.61331176757812,136.47999572753906,92.4800033569336,59.72725296020508,22.109920501708984,13.529999732971191
2019-07-19,268.3118591308594,24.513065338134766,37.982452392578125,22.89100456237793,81.35924530029297,69.23199462890625,57.408206939697266,49.78073501586914,24.31194496154785,25.391204833984375,107.36054992675781,134.47000122070312,93.36000061035156,59.62395095825195,22.219797134399414,14.449999809265137
2019-07-22,268.9709777832031,24.565711975097656,38.42021560668945,22.99677848815918,81.1907730102539,69.28559112548828,57.441104888916016,49.49006652832031,24.259592056274414,25.326004028320312,107.56440734863281,134.4499969482422,93.44000244140625,59.82365417480469,22.262054443359375,13.529999732971191
2019-07-23,270.8941650390625,24.820144653320312,38.632049560546875,23.05878448486328,81.6961669921875,70.16162109375,57.83115768432617,49.84718322753906,24.1065616607666,25.847646713256836,106.97736358642578,133.69000244140625,94.4800033569336,59.92694854736328,22.363475799560547,12.609999656677246
2019-07-24,272.1672058105469,25.074583053588867,38.952144622802734,23.157264709472656,81.7405014038086,70.46554565429688,58.12250900268555,49.51497268676758,24.126697540283203,25.83026123046875,107.44207000732422,134.3699951171875,92.72000122070312,59.97513961791992,22.363475799560547,12.069999694824219
2019-07-25,270.8670654296875,24.89910125732422,38.79209518432617,22.894655227661133,81.34151458740234,70.32252502441406,57.798248291015625,49.5814094543457,24.066287994384766,25.643341064453125,106.92852783203125,133.4199981689453,92.80000305175781,59.89250564575195,22.405736923217773,12.739999771118164
2019-07-26,272.68194580078125,25.171083450317383,38.87681579589844,22.777936935424805,81.63410949707031,70.17057800292969,58.06142807006836,50.137855529785156,24.154888153076172,25.673770904541016,107.18119049072266,133.63999938964844,93.19999694824219,60.02333450317383,22.43954086303711,12.15999984741211
2019-07-29,272.1852722167969,24.978065490722656,38.85328674316406,22.686750411987305,81.97103118896484,70.04544067382812,57.779449462890625,50.22921371459961,24.279726028442383,25.58681869506836,107.21380615234375,134.52999877929688,94.55999755859375,59.93384552001953,22.456443786621094,12.829999923706055
2019-07-30,271.5171203613281,24.907875061035156,38.603816986083984,22.94207000732422,81.61637115478516,70.3493423461914,57.3894157409668,50.378700256347656,24.094482421875,25.756359100341797,107.47474670410156,134.97999572753906,96.63999938964844,59.961387634277344,22.456443786621094,13.9399995803833
2019-07-31,268.546630859375,24.78505516052246,38.020111083984375,22.869121551513672,80.80948638916016,69.56271362304688,56.731475830078125,49.357181549072266,23.981718063354492,25.360776901245117,108.33889770507812,133.2100067138672,96.31999969482422,59.858062744140625,22.5916748046875,16.1200008392334
2019-08-01,266.20806884765625,24.223548889160156,37.82710647583008,22.35118865966797,80.91590118408203,68.21295166015625,55.96078109741211,49.182762145996094,24.22737693786621,25.217321395874023,110.49053192138672,136.41000366210938,90.4800033569336,59.82834243774414,22.524059295654297,17.8700008392334
2019-08-02,264.20379638671875,24.214771270751953,37.210472106933594,22.03022003173828,80.7297134399414,67.77491760253906,55.5002326965332,49.19108200073242,24.22334861755371,24.921728134155273,111.51156616210938,135.88999938964844,91.83999633789062,59.738468170166016,22.473350524902344,17.610000610351562
2019-08-05,256.2583312988281,23.407611846923828,35.65709686279297,21.37369155883789,78.832275390625,65.89775848388672,54.01051712036133,47.912078857421875,23.87701416015625,24.452239990234375,113.43946075439453,137.7899932861328,90.95999908447266,59.11608123779297,22.363475799560547,24.59000015258789
2019-08-06,259.8517761230469,23.784873962402344,36.25019836425781,21.348163604736328,79.8519515991211,66.88998413085938,54.832916259765625,48.343955993652344,24.175025939941406,24.482669830322266,114.34614562988281,138.91000366210938,89.12000274658203,59.49643325805664,22.388832092285156,20.170000076293945
2019-08-07,260.0053405761719,23.469026565551758,36.47615051269531,21.18767547607422,79.87852478027344,66.8542251586914,55.05379867553711,48.90869903564453,24.235431671142578,24.821739196777344,114.38702392578125,141.02000427246094,86.72000122070312,59.48951721191406,22.37192726135254,19.489999771118164
2019-08-08,265.1066589355469,23.916473388671875,37.37051773071289,21.796781539916992,80.94252014160156,67.98944091796875,56.1158561706543,49.53989028930664,24.485118865966797,25.29557228088379,114.63213348388672,141.72999572753906,87.68000030517578,59.724632263183594,22.388832092285156,16.90999984741211
2019-08-09,263.3008117675781,23.8375186920166,36.94687271118164,21.55605697631836,81.04005432128906,67.4173583984375,55.589515686035156,49.26582336425781,24.5132999420166,25.095605850219727,114.40335083007812,141.25999450683594,90.23999786376953,59.641632080078125,22.363475799560547,17.969999313354492
2019-08-12,260.09564208984375,23.381296157836914,36.46202850341797,21.300745010375977,80.25090026855469,66.48774719238281,54.781227111816406,48.933616638183594,24.46497917175293,24.704374313354492,116.78863525390625,142.6300048828125,90.87999725341797,59.434200286865234,22.346574783325195,21.09000015258789
2019-08-13,264.1404724121094,23.670820236206055,37.37522888183594,21.49770164489746,81.29716491699219,67.28328704833984,55.68352508544922,49.49006652832031,24.4810848236084,24.969541549682617,116.38831329345703,141.77999877929688,94.95999908447266,59.69698715209961,22.447994232177734,17.520000457763672
2019-08-14,256.33062744140625,22.79347038269043,36.226661682128906,20.655153274536133,79.03620910644531,65.22731018066406,53.94002914428711,48.70938491821289,24.279726028442383,24.178377151489258,119.01054382324219,142.75,91.5199966430664,59.164527893066406,22.498706817626953,22.100000381469727
2019-08-15,257.0077209472656,22.90753173828125,36.1607666015625,20.52750015258789,79.3110580444336,65.15582275390625,53.850738525390625,49.44023132324219,24.593849182128906,24.187063217163086,120.33384704589844,143.6999969482422,90.80000305175781,59.337398529052734,22.515607833862305,21.18000030517578
2019-08-16,260.7998962402344,23.31110191345215,36.848026275634766,20.79740333557129,80.28639221191406,66.41619873046875,54.461666107177734,50.004974365234375,24.71868896484375,24.61308479309082,119.36994934082031,142.77999877929688,91.19999694824219,59.537906646728516,22.532512664794922,18.469999313354492
2019-08-19,263.9418640136719,23.547988891601562,37.40817642211914,21.256975173950195,81.05776977539062,67.04196166992188,55.14778137207031,50.503273010253906,24.875749588012695,24.808700561523438,117.66272735595703,141.11000061035156,93.27999877929688,59.71078872680664,22.583223342895508,16.8799991607666
2019-08-20,261.9193420410156,23.232141494750977,37.21989822387695,21.07825469970703,80.36619567871094,66.64862823486328,55.16188049316406,49.955142974853516,24.835477828979492,24.51744842529297,118.87979125976562,142.2100067138672,93.04000091552734,59.759212493896484,22.532512664794922,17.5
2019-08-21,264.05029296875,23.337421417236328,37.657657623291016,21.21320152282715,80.96024322509766,67.059814453125,56.22394943237305,50.0880241394043,25.00058937072754,24.643510818481445,118.08741760253906,141.75999450683594,92.87999725341797,60.01506423950195,22.55786895751953,15.800000190734863
2019-08-22,263.96893310546875,23.49534797668457,37.56821823120117,21.118370056152344,80.56124877929688,67.15814971923828,56.238040924072266,50.35378646850586,25.024749755859375,24.478322982788086,117.30325317382812,141.39999389648438,92.23999786376953,60.1257209777832,22.54096221923828,16.68000030517578
2019-08-23,257.1882019042969,22.89874839782715,36.32551956176758,20.410781860351562,78.69929504394531,65.36141967773438,54.74363327026367,49.51497268676758,24.758960723876953,23.887123107910156,119.23110961914062,144.1699981689453,89.5199966430664,59.84910202026367,22.414188385009766,19.8700008392334
2019-08-26,260.03240966796875,23.118091583251953,36.82918930053711,20.49831199645996,79.52385711669922,65.84414672851562,55.28406524658203,50.129554748535156,25.044889450073242,23.965370178222656,118.7491226196289,144.19000244140625,89.44000244140625,60.14641189575195,22.532512664794922,19.31999969482422
2019-08-27,259.01220703125,22.97771453857422,36.77269744873047,20.37066078186035,79.05396270751953,65.50444030761719,55.01149368286133,49.98836135864258,25.089187622070312,23.982755661010742,120.57894134521484,145.57000732421875,91.36000061035156,60.118797302246094,22.515607833862305,20.309999465942383
2019-08-28,260.8359069824219,23.188278198242188,36.8056526184082,20.662450790405273,79.6302490234375,66.30894470214844,55.69760513305664,50.470062255859375,25.020727157592773,24.169681549072266,120.73414611816406,145.16000366210938,93.12000274658203,60.26399230957031,22.566322326660156,19.350000381469727
2019-08-29,264.1675720214844,23.53921890258789,37.445838928222656,20.96518325805664,80.23318481445312,67.44417572021484,56.53410339355469,50.4949836730957,25.193893432617188,24.478322982788086,120.27665710449219,144.1199951171875,94.23999786376953,60.32621383666992,22.62548065185547,17.8799991607666
2019-08-30,264.05029296875,23.61817741394043,37.43642044067383,20.96518325805664,80.33072662353516,67.7213134765625,56.19573974609375,50.42853927612305,25.201950073242188,24.643510818481445,120.30936431884766,143.75,91.68000030517578,60.27092742919922,22.71000099182129,18.979999542236328
2019-09-03,262.5063171386719,23.37251853942871,36.979820251464844,20.863059997558594,79.86080169677734,66.80059814453125,55.96547317504883,50.719215393066406,25.648956298828125,24.447893142700195,120.4648208618164,145.75,89.76000213623047,60.09799575805664,22.760709762573242,19.65999984741211
2019-09-04,265.48590087890625,23.600629806518555,37.6105842590332,21.154848098754883,79.91400146484375,67.6497802734375,56.5200080871582,51.17598342895508,25.673126220703125,24.747848510742188,120.64484405517578,146.66000366210938,93.68000030517578,60.22297668457031,22.61703109741211,17.329999923706055
2019-09-05,268.8988037109375,24.083173751831055,38.396690368652344,21.41745948791504,80.70308685302734,68.865478515625,57.600868225097656,50.860389709472656,25.39525032043457,24.786962509155273,118.45995330810547,143.13999938964844,93.5999984741211,60.4591064453125,22.62548065185547,16.270000457763672
2019-09-06,269.10650634765625,24.074398040771484,38.363731384277344,21.530529022216797,80.92476654052734,69.00849914550781,57.74186706542969,51.0265007019043,25.29457664489746,24.882598876953125,119.30278015136719,141.9199981689453,94.16000366210938,60.514671325683594,22.633934020996094,15.0
2019-09-09,269.24188232421875,24.44287872314453,38.07659149169922,21.960918426513672,80.17998504638672,69.21410369873047,57.96274185180664,50.91023635864258,25.169729232788086,24.752185821533203,117.18338012695312,141.38999938964844,96.63999938964844,60.577186584472656,22.5916748046875,15.270000457763672
2019-09-10,269.17864990234375,24.53061866760254,37.88359451293945,22.219881057739258,80.4104995727539,69.8487548828125,57.73246765136719,50.59463119506836,25.201950073242188,24.995624542236328,115.12934875488281,140.17999267578125,95.83999633789062,60.61189270019531,22.61703109741211,15.199999809265137
2019-09-11,271.0928039550781,24.670991897583008,38.27901840209961,22.241769790649414,81.2085189819336,70.50129699707031,57.840553283691406,50.777347564697266,25.451629638671875,25.234708786010742,114.9247817993164,141.02999877929688,93.44000244140625,60.60493850708008,22.68464469909668,14.609999656677246
2019-09-12,272.03179931640625,24.802589416503906,38.48612594604492,22.103166580200195,81.18191528320312,70.54601287841797,58.11781311035156,50.98497009277344,25.50800895690918,25.43033218383789,114.17196655273438,141.32000732421875,91.76000213623047,60.63966751098633,22.61703109741211,14.220000267028809
2019-09-13,271.8512268066406,24.9956111907959,38.20368957519531,22.27824592590332,81.13758087158203,70.93037414550781,58.00033187866211,50.69430160522461,25.346927642822266,25.708541870117188,111.7333984375,140.14999389648438,91.5199966430664,60.52857208251953,22.583223342895508,13.739999771118164
2019-09-16,271.0115051269531,24.907875061035156,38.10954666137695,23.025955200195312,80.96024322509766,70.8677978515625,57.257816314697266,50.20430374145508,25.36705780029297,25.286876678466797,113.15725708007812,141.32000732421875,102.63999938964844,60.74383544921875,22.68464469909668,14.670000076293945
2019-09-17,271.69775390625,24.9341983795166,38.26488494873047,22.704986572265625,81.08438110351562,70.8320541381836,57.60557174682617,50.478363037109375,25.58855438232422,25.491186141967773,113.77098083496094,141.60000610351562,98.31999969482422,60.7785758972168,22.583223342895508,14.4399995803833
2019-09-18,271.8602294921875,25.021934509277344,38.26018142700195,22.59556770324707,81.07550811767578,70.72476196289062,57.577388763427734,50.56141662597656,25.697296142578125,25.504228591918945,114.25381469726562,140.7100067138672,96.80000305175781,60.74383544921875,22.667741775512695,13.949999809265137
2019-09-19,271.84210205078125,24.907875061035156,38.344913482666016,22.537206649780273,81.4567642211914,70.36724090576172,57.42230224609375,50.553123474121094,25.81810188293457,25.547704696655273,114.59747314453125,141.27999877929688,97.5199966430664,60.67440414428711,22.61703109741211,14.050000190734863
2019-09-20,270.5577087402344,24.761497497558594,37.89775085449219,22.55561065673828,81.91083526611328,69.92240905761719,56.76408767700195,50.392704010009766,25.920368194580078,25.48828887939453,116.1113510131836,142.9499969482422,97.5999984741211,60.750762939453125,22.676193237304688,15.319999694824219
2019-09-23,270.49420166015625,24.805583953857422,38.01579284667969,22.562971115112305,81.47457885742188,69.78761291503906,56.96210479736328,50.59320068359375,25.924427032470703,25.427114486694336,116.08679962158203,143.75,97.68000030517578,60.72303009033203,22.71000099182129,14.90999984741211
2019-09-24,268.371826171875,24.56749725341797,37.64748764038086,22.20594024658203,80.72667694091797,69.39220428466797,56.3538818359375,50.802059173583984,26.228801727294922,25.20867347717285,117.48615264892578,144.50999450683594,95.19999694824219,60.63966751098633,22.62548065185547,17.049999237060547
2019-09-25,269.9591064453125,24.770309448242188,38.09606170654297,22.242746353149414,80.3349380493164,69.84150695800781,56.8678092956543,50.835487365722656,26.212570190429688,25.339744567871094,115.7676773071289,141.8300018310547,94.4000015258789,60.577186584472656,22.802968978881836,15.960000038146973
2019-09-26,269.3966979980469,24.65567398071289,38.138553619384766,21.95197105407715,79.8897933959961,69.94036865234375,56.62262725830078,51.11952590942383,26.350547790527344,25.282941818237305,116.51232147216797,141.7899932861328,94.4000015258789,60.53546905517578,22.862133026123047,16.06999969482422
2019-09-27,267.9454650878906,24.75267791748047,37.62861633300781,21.94828987121582,79.53364562988281,69.66178894042969,56.424598693847656,51.06104278564453,26.25720977783203,25.21303939819336,116.79875946044922,141.05999755859375,93.27999877929688,60.46604919433594,22.828327178955078,17.219999313354492
2019-09-30,269.1881103515625,24.690946578979492,38.02523422241211,21.790014266967773,80.24591827392578,69.76065063476562,56.91024398803711,51.311676025390625,26.273441314697266,25.427114486694336,117.08517456054688,138.8699951171875,90.72000122070312,60.53546905517578,22.90439224243164,16.239999771118164
2019-10-01,265.98614501953125,24.17067527770996,37.671104431152344,21.285749435424805,79.46240234375,68.08918762207031,56.43402862548828,51.178016662597656,26.212570190429688,24.82857894897461,117.4376220703125,139.6300048828125,89.5199966430664,60.39603805541992,22.828327178955078,18.559999465942383
2019-10-02,261.28765869140625,23.676860809326172,36.96282196044922,20.76308822631836,78.30499267578125,66.80415344238281,55.42030715942383,50.15043640136719,25.86355972290039,24.382944107055664,117.72463989257812,141.25999450683594,87.83999633789062,60.04045867919922,22.811424255371094,20.559999465942383
2019-10-03,263.4283447265625,23.773855209350586,37.41613006591797,20.987611770629883,79.00834655761719,67.2444839477539,55.68906784057617,50.501319885253906,25.924427032470703,24.47032356262207,118.79842376708984,141.89999389648438,87.44000244140625,60.0753173828125,22.802968978881836,19.1200008392334
2019-10-04,266.9930419921875,24.214763641357422,38.03467559814453,21.12012481689453,80.24591827392578,67.94540405273438,56.212425231933594,51.29496383666992,26.285615921020508,24.601398468017578,119.67560577392578,141.89999389648438,88.31999969482422,60.26356887817383,22.78606414794922,17.040000915527344
2019-10-07,265.8410949707031,24.0913143157959,37.87413787841797,20.93240737915039,79.97882080078125,67.60393524169922,55.96724319458008,50.877262115478516,26.18416404724121,24.514019012451172,118.68366241455078,140.69000244140625,88.31999969482422,60.214752197265625,22.828327178955078,17.860000610351562
2019-10-08,261.7139892578125,23.61513328552246,37.18001937866211,20.575368881225586,78.45632934570312,66.56150817871094,55.377872467041016,50.392704010009766,25.940662384033203,24.085861206054688,119.0033187866211,141.9199981689453,87.12000274658203,59.99164581298828,22.862133026123047,20.280000686645508
2019-10-09,264.1993103027344,23.835588455200195,37.732479095458984,20.76308822631836,79.02616882324219,67.12765502929688,55.849369049072266,50.77701187133789,26.06647300720215,24.356733322143555,118.33121490478516,142.0500030517578,87.91999816894531,60.17291259765625,22.845230102539062,18.639999389648438
2019-10-10,265.98614501953125,24.082490921020508,37.992183685302734,21.02442169189453,79.41789245605469,67.73872375488281,56.22184753417969,50.877262115478516,26.038063049316406,24.579547882080078,116.56875610351562,140.80999755859375,89.5199966430664,60.2496452331543,22.752260208129883,17.56999969482422
2019-10-11,268.74359130859375,24.382314682006836,38.51631546020508,21.307836532592773,80.07674407958984,69.01477813720703,56.85838317871094,50.82712173461914,25.940662384033203,25.05576515197754,115.12592315673828,140.02999877929688,91.36000061035156,60.50062942504883,22.667741775512695,15.579999923706055
2019-10-14,268.4443054199219,24.417591094970703,38.492698669433594,21.296794891357422,80.04113006591797,68.87998962402344,56.83009338378906,50.57651138305664,25.774276733398438,24.876638412475586,115.96210479736328,140.58999633789062,89.44000244140625,60.5424919128418,22.7353572845459,14.569999694824219
2019-10-15,271.1020812988281,24.770309448242188,38.91768264770508,21.3851375579834,81.50127410888672,69.4371337890625,57.329872131347656,50.35928726196289,25.69310760498047,25.051393508911133,114.56034088134766,139.61000061035156,88.4800033569336,60.67496109008789,22.667741775512695,13.539999961853027
2019-10-16,270.66668701171875,24.708587646484375,38.648521423339844,21.086994171142578,81.39443969726562,69.4012222290039,57.565635681152344,50.40941619873047,25.749923706054688,25.10382080078125,114.69972229003906,140.41000366210938,89.12000274658203,60.62613296508789,22.608577728271484,13.680000305175781
2019-10-17,271.4648742675781,24.726226806640625,38.57297134399414,21.10171890258789,81.9998779296875,69.74266815185547,57.716514587402344,50.643341064453125,25.814855575561523,25.16935157775879,114.42096710205078,140.61000061035156,90.23999786376953,60.709800720214844,22.524059295654297,13.789999961853027
2019-10-18,270.2765808105469,24.78795051574707,38.204673767089844,20.991296768188477,81.6971664428711,69.14058685302734,57.603355407714844,50.74357604980469,25.900081634521484,25.12566375732422,114.42096710205078,140.4600067138672,89.76000213623047,60.72374725341797,22.43954086303711,14.25
2019-10-21,272.10882568359375,25.13186264038086,38.61547088623047,21.366729736328125,81.60811614990234,69.553955078125,57.80610275268555,50.91067123413086,26.00153923034668,25.047021865844727,113.5602798461914,139.7899932861328,89.68000030517578,60.744651794433594,22.456443786621094,14.0
2019-10-22,271.219970703125,25.061315536499023,38.09606170654297,21.64278793334961,81.78620910644531,70.10212707519531,57.43832778930664,50.92738723754883,26.11111068725586,24.942169189453125,114.22425842285156,140.1999969482422,90.72000122070312,60.75863265991211,22.507156372070312,14.460000038146973
2019-10-23,272.00897216796875,25.167133331298828,38.129127502441406,21.823139190673828,82.293701171875,70.0931396484375,57.17429733276367,51.16130065917969,26.216625213623047,25.099451065063477,114.33900451660156,140.52999877929688,93.19999694824219,60.814388275146484,22.498706817626953,14.010000228881836
2019-10-24,272.4534912109375,25.13186264038086,38.6862907409668,21.731122970581055,81.8752212524414,70.19200134277344,57.14601135253906,51.33673858642578,26.305910110473633,25.178091049194336,114.1095199584961,141.52999877929688,93.83999633789062,60.88411331176758,22.566322326660156,13.710000038146973
2019-10-25,273.5692443847656,25.25531005859375,39.153770446777344,21.907800674438477,81.96426391601562,70.63230895996094,57.079994201660156,51.03598403930664,26.038063049316406,25.453330993652344,113.55199432373047,141.86000061035156,94.63999938964844,60.932918548583984,22.5916748046875,12.649999618530273
2019-10-28,275.11114501953125,25.387588500976562,39.64955520629883,21.78265953063965,82.81008911132812,70.83000183105469,57.25917053222656,50.93572998046875,25.68092918395996,25.53197479248047,112.5191421508789,140.63999938964844,93.19999694824219,60.92594909667969,22.574771881103516,13.109999656677246
2019-10-29,275.0296936035156,25.44931411743164,39.29070281982422,21.870988845825195,83.9853286743164,71.06367492675781,56.9338264465332,50.93572998046875,25.705280303955078,25.689250946044922,112.59295654296875,140.25,92.63999938964844,60.814388275146484,22.566322326660156,13.199999809265137
2019-10-30,275.8731994628906,25.431676864624023,39.53150939941406,21.425621032714844,84.45719909667969,71.31527709960938,57.287452697753906,51.16965866088867,25.932546615600586,25.711101531982422,114.24061584472656,141.02000427246094,91.76000213623047,60.73771667480469,22.515607833862305,12.329999923706055
2019-10-31,275.13836669921875,25.3082218170166,39.507896423339844,21.333602905273438,84.35924530029297,70.55146026611328,56.9809684753418,51.09447479248047,26.074588775634766,25.422748565673828,115.7817153930664,142.42999267578125,90.4000015258789,60.528541564941406,22.473350524902344,13.220000267028809
2019-11-01,277.6873779296875,25.6785888671875,39.98009490966797,21.81946563720703,84.46611022949219,72.08809661865234,57.358177185058594,51.08610916137695,26.0096492767334,25.781002044677734,115.42536926269531,142.55999755859375,93.5199966430664,60.78828811645508,22.46489715576172,12.300000190734863
2019-11-04,278.802978515625,25.8990421295166,40.187862396240234,22.52984619140625,84.20791625976562,72.923828125,57.38645935058594,50.59320068359375,25.676877975463867,25.981977462768555,113.90620422363281,142.14999389648438,94.4800033569336,60.91432189941406,22.549415588378906,12.829999923706055
2019-11-05,278.4945373535156,25.99604606628418,40.14064025878906,22.559288024902344,83.61137390136719,73.07659912109375,57.47132873535156,50.76029586791992,25.4130859375,26.025665283203125,112.62517547607422,139.85000610351562,95.44000244140625,60.851314544677734,22.633934020996094,13.100000381469727
2019-11-06,278.55804443359375,26.12831687927246,40.121742248535156,22.099199295043945,83.89629364013672,73.12152099609375,57.53263473510742,50.96914291381836,25.51049041748047,26.0081844329834,113.3067398071289,140.4499969482422,94.4800033569336,60.78129959106445,22.633934020996094,12.619999885559082
2019-11-07,279.5377502441406,26.322317123413086,40.43811798095703,22.43046760559082,84.08324432373047,73.37313079833984,57.18842697143555,50.79370880126953,25.165523529052734,26.182945251464844,111.25377655029297,138.27000427246094,95.04000091552734,60.75326919555664,22.68464469909668,12.729999542236328
2019-11-08,280.22698974609375,26.313499450683594,40.664764404296875,22.33844757080078,84.69758605957031,73.47199249267578,57.21200942993164,50.76029586791992,25.060022354125977,26.287796020507812,110.78565979003906,137.38999938964844,95.91999816894531,60.809303283691406,22.7353572845459,12.069999694824219
2019-11-11,279.6917724609375,26.24295425415039,40.683650970458984,22.213300704956055,84.350341796875,73.5079574584961,57.09413146972656,50.68511199951172,24.905792236328125,26.248477935791016,110.85955810546875,137.05999755859375,95.12000274658203,60.7742919921875,22.701547622680664,12.6899995803833
2019-11-12,280.281494140625,26.278221130371094,40.82059097290039,22.099199295043945,84.85782623291016,73.49893188476562,57.05641174316406,50.852195739746094,24.966672897338867,26.383909225463867,111.36869812011719,137.42999267578125,94.95999908447266,60.78828811645508,22.7353572845459,12.680000305175781
2019-11-13,280.3722229003906,26.110679626464844,40.910301208496094,22.003498077392578,84.9557876586914,73.19341278076172,56.87724685668945,51.236488342285156,25.335981369018555,26.231002807617188,112.09139251708984,137.97999572753906,95.68000030517578,60.725284576416016,22.726903915405273,13.0
2019-11-14,280.78033447265625,26.163589477539062,40.86308288574219,21.94460678100586,84.96468353271484,73.42704772949219,57.12242126464844,51.21977615356445,25.425264358520508,26.39265251159668,113.24925231933594,138.55999755859375,95.27999877929688,60.69026184082031,22.71000099182129,13.050000190734863
2019-11-15,282.812255859375,26.2341365814209,41.193603515625,22.113922119140625,86.77207946777344,73.96623229980469,57.226158142089844,51.236488342285156,25.506423950195312,26.370807647705078,113.12606811523438,138.2100067138672,96.63999938964844,60.87232971191406,22.65928840637207,12.050000190734863
2019-11-18,283.0207824707031,26.287044525146484,41.316383361816406,21.845224380493164,86.4782485961914,73.6876449584961,57.424190521240234,51.50382614135742,25.559181213378906,26.305273056030273,113.33135223388672,138.6199951171875,95.19999694824219,60.79532241821289,22.61703109741211,12.460000038146973
2019-11-19,282.93914794921875,26.33995246887207,41.39665603637695,21.52132225036621,87.06588745117188,73.62474822998047,56.79237747192383,51.43699645996094,25.49424934387207,26.248477935791016,114.27571868896484,138.69000244140625,92.55999755859375,60.578224182128906,22.642385482788086,12.859999656677246
2019-11-20,281.8869934082031,26.216495513916016,41.146400451660156,21.738489151000977,86.95013427734375,73.0406494140625,56.660362243652344,51.55393981933594,25.648460388183594,25.920812606811523,115.45820617675781,138.75999450683594,95.19999694824219,60.45220184326172,22.642385482788086,12.779999732971191
2019-11-21,281.4334716796875,26.190052032470703,40.938636779785156,22.095518112182617,87.1727294921875,73.01370239257812,56.33972930908203,51.29496383666992,25.559181213378906,25.877119064331055,114.73558044433594,138.0,97.5999984741211,60.466209411621094,22.676193237304688,13.130000114440918
2019-11-22,282.059326171875,26.384042739868164,40.88668441772461,22.02190399169922,87.48432159423828,73.39110565185547,56.72636032104492,51.211421966552734,25.56730079650879,25.920812606811523,114.88341522216797,137.74000549316406,96.87999725341797,60.69728088378906,22.743806838989258,12.34000015258789
2019-11-25,284.245361328125,26.55159568786621,41.48164749145508,22.04398536682129,88.50822448730469,73.92132568359375,57.226158142089844,51.26990509033203,25.482080459594727,26.091197967529297,115.22012329101562,137.0800018310547,96.87999725341797,60.85831069946289,22.760709762573242,11.869999885559082
2019-11-26,284.8892822265625,26.525135040283203,41.51942825317383,21.841550827026367,88.43700408935547,74.13697052001953,57.61750411987305,51.6876220703125,25.56730079650879,26.222261428833008,115.8934326171875,137.74000549316406,97.5199966430664,60.928321838378906,22.7353572845459,11.539999961853027
2019-11-27,286.15924072265625,26.63095474243164,41.75078201293945,21.896760940551758,88.89105987548828,74.06507110595703,58.11257553100586,51.81291961669922,25.611940383911133,26.327117919921875,115.55677795410156,137.00999450683594,97.12000274658203,61.00535202026367,22.769163131713867,11.75
2019-11-29,285.097900390625,26.58686065673828,41.628028869628906,21.675912857055664,88.57945251464844,73.72361755371094,57.735374450683594,51.79621505737305,25.587594985961914,26.231002807617188,115.3104476928711,137.86000061035156,92.95999908447266,60.87232971191406,22.743806838989258,12.619999885559082
2019-12-02,282.67608642578125,26.4193172454834,41.03307342529297,21.675912857055664,88.18770599365234,72.51046752929688,57.25917053222656,51.91318130493164,25.421201705932617,25.96886444091797,113.77301025390625,137.7899932861328,93.36000061035156,60.83081817626953,22.65083885192871,14.90999984741211
2019-12-03,280.78033447265625,26.04895782470703,40.66948318481445,21.352005004882812,87.9918212890625,71.71964263916016,56.68393325805664,51.82963180541992,25.49019432067871,25.8028507232666,116.15847778320312,139.11000061035156,94.08000183105469,60.746498107910156,22.62548065185547,15.960000038146973
2019-12-04,282.51287841796875,26.29586410522461,40.83475112915039,21.67222785949707,88.81094360351562,71.99823760986328,56.999847412109375,52.172157287597656,25.68499183654785,25.859647750854492,114.99867248535156,138.9199981689453,97.5199966430664,60.92924118041992,22.600126266479492,14.800000190734863
2019-12-05,283.0207824707031,26.4193172454834,40.98584747314453,21.56917381286621,88.81094360351562,72.01622772216797,56.94325637817383,52.15544128417969,25.729631423950195,25.99070930480957,114.43928527832031,139.0,97.5199966430664,61.0206413269043,22.549415588378906,14.520000457763672
2019-12-06,285.6059265136719,26.772045135498047,41.439151763916016,21.981412887573242,89.39857482910156,72.88787841796875,57.40061569213867,52.3559455871582,25.652523040771484,26.257211685180664,113.8058853149414,137.6199951171875,98.55999755859375,61.10495376586914,22.633934020996094,13.619999885559082
2019-12-09,284.70794677734375,26.7103214263916,41.22195053100586,21.955650329589844,88.77531433105469,72.60932922363281,57.47132873535156,52.39773178100586,25.563234329223633,26.20478630065918,114.05261993408203,137.5800018310547,98.63999938964844,61.10495376586914,22.608577728271484,15.859999656677246
2019-12-10,284.39044189453125,26.71913719177246,41.255008697509766,21.999820709228516,88.97119140625,72.51945495605469,57.372318267822266,52.23063659667969,25.559181213378906,26.04750633239746,114.06085968017578,137.97000122070312,99.12000274658203,61.25259780883789,22.583223342895508,15.680000305175781
2019-12-11,285.1977233886719,26.65740966796875,41.53358840942383,21.963008880615234,89.05132293701172,72.97774505615234,57.51848602294922,52.30583190917969,25.628170013427734,26.24410629272461,114.95750427246094,138.9199981689453,98.4000015258789,61.37910461425781,22.498706817626953,14.989999771118164
2019-12-12,287.6559143066406,27.17768096923828,41.977447509765625,22.36789321899414,89.87934875488281,73.62474822998047,58.02299118041992,52.264068603515625,25.518598556518555,26.61109733581543,113.0655746459961,138.42999267578125,98.95999908447266,61.519691467285156,22.532512664794922,13.9399995803833
2019-12-13,287.8282775878906,27.080678939819336,42.25603103637695,22.198577880859375,89.81700897216797,73.42704772949219,58.074859619140625,52.44784927368164,25.717458724975586,26.405759811401367,114.3734359741211,139.0500030517578,99.91999816894531,61.58293914794922,22.532512664794922,12.630000114440918
2019-12-16,289.8055725097656,27.17768096923828,42.633785247802734,22.496723175048828,90.78746032714844,73.39110565185547,58.3294677734375,52.63164138793945,26.038063049316406,26.519351959228516,113.34521484375,139.0399932861328,100.72000122070312,61.70246124267578,22.49025535583496,12.140000343322754
2019-12-17,289.8691711425781,27.28350067138672,42.53463363647461,22.511444091796875,90.68953704833984,73.3192138671875,58.58879089355469,52.548099517822266,26.123289108276367,26.55866813659668,113.18891906738281,139.00999450683594,101.76000213623047,61.89225387573242,22.532512664794922,12.289999961853027
2019-12-18,289.8872375488281,27.168869018554688,42.529903411865234,22.596099853515625,90.81417846679688,73.01370239257812,58.64536666870117,52.464561462402344,26.228801727294922,26.523719787597656,112.25940704345703,139.02000427246094,101.91999816894531,62.00470733642578,22.574771881103516,12.579999923706055
2019-12-19,291.0754699707031,27.16004753112793,42.836822509765625,22.58873748779297,91.17032623291016,73.21138000488281,58.82925033569336,52.74860763549805,26.23692512512207,26.615467071533203,112.43902587890625,139.3800048828125,102.23999786376953,61.97224426269531,22.574771881103516,12.5
2019-12-20,292.3516540527344,27.191957473754883,43.08552551269531,22.805418014526367,91.8157958984375,73.54824829101562,58.919151306152344,53.14699172973633,26.41728973388672,26.74462127685547,112.58731842041016,139.52000427246094,101.04000091552734,61.88056182861328,22.65083885192871,12.510000228881836
2019-12-23,292.7982482910156,27.12990951538086,43.20871353149414,23.039569854736328,92.18236541748047,74.15332794189453,58.78195571899414,52.91958999633789,26.171890258789062,26.819297790527344,112.4225082397461,139.9499969482422,101.5999984741211,61.90879440307617,22.63876724243164,12.609999656677246
2019-12-24,292.80743408203125,27.191957473754883,43.2229118347168,23.02841567993164,92.06612396240234,73.85530090332031,58.91440963745117,52.98695373535156,26.20870018005371,26.85004997253418,112.74382781982422,141.27000427246094,102.16000366210938,61.95815658569336,22.63876724243164,12.670000076293945
2019-12-26,294.3660888671875,27.342626571655273,43.5450439453125,23.020984649658203,92.00355529785156,74.0268783569336,59.63346481323242,53.037498474121094,26.253690719604492,26.96866798400879,113.01577758789062,142.3800048828125,103.12000274658203,62.049835205078125,22.60428237915039,12.649999618530273
2019-12-27,294.2931823730469,27.271724700927734,43.54030990600586,22.92435073852539,92.03036499023438,73.96368408203125,59.628726959228516,53.2733268737793,26.331398010253906,26.867624282836914,113.13935089111328,142.3300018310547,103.27999877929688,62.021636962890625,22.492212295532227,13.430000305175781
2019-12-30,292.6706848144531,27.191957473754883,43.28923797607422,22.852005004882812,91.47789001464844,73.62046813964844,59.24555969238281,52.995391845703125,26.32730484008789,26.784154891967773,112.72740936279297,142.6300048828125,103.12000274658203,61.97932052612305,22.449106216430664,14.819999694824219
2019-12-31,293.3815612792969,27.280580520629883,43.426612854003906,22.982152938842773,91.6578369140625,73.57532501220703,59.33070755004883,53.04591369628906,26.429563522338867,26.981843948364258,111.6233139038086,142.89999389648438,102.4800033569336,62.03575897216797,22.388757705688477,13.779999732971191
2020-01-02,296.125244140625,27.54647445678711,44.241432189941406,23.1888484954834,91.90078735351562,74.96609497070312,60.035552978515625,52.62479782104492,26.09827423095703,26.665544509887695,112.8839111328125,143.9499969482422,102.4800033569336,62.29677200317383,22.466346740722656,12.470000267028809
2020-01-03,293.8830261230469,27.25399398803711,43.7440071105957,23.119951248168945,91.09992980957031,74.82160949707031,59.52465057373047,52.54057312011719,26.151437759399414,26.235034942626953,114.62236022949219,145.86000061035156,105.44000244140625,62.23326110839844,22.492212295532227,14.020000457763672
2020-01-06,295.0040588378906,27.236270904541016,43.84823226928711,23.29985809326172,91.66683197021484,74.84868621826172,59.69021224975586,52.65006637573242,26.175979614257812,26.12080955505371,113.97150421142578,147.38999938964844,105.27999877929688,62.16975021362305,22.44048500061035,13.850000381469727
2020-01-07,294.1746520996094,27.059011459350586,43.82929992675781,23.238611221313477,91.48685455322266,74.6951675415039,59.595619201660156,52.24576950073242,26.139171600341797,26.090063095092773,113.41123962402344,147.97000122070312,105.04000091552734,62.11334991455078,22.518075942993164,13.789999961853027
2020-01-08,295.7425231933594,27.236270904541016,44.29828643798828,22.855836868286133,92.08075714111328,74.94803619384766,59.77538299560547,52.439491271972656,26.126901626586914,26.182313919067383,112.66151428222656,146.86000061035156,101.27999877929688,62.16975021362305,22.578420639038086,13.449999809265137
2020-01-09,297.74774169921875,27.404664993286133,44.80043029785156,23.024255752563477,92.47669982910156,75.26411437988281,60.09231948852539,52.810081481933594,26.270048141479492,26.278966903686523,113.05693054199219,146.02999877929688,99.91999816894531,62.332027435302734,22.621524810791016,12.539999961853027
2020-01-10,296.8909606933594,27.200820922851562,44.69621276855469,22.89411163330078,92.50367736816406,74.7313003540039,59.76591110229492,52.776397705078125,26.339582443237305,26.173532485961914,114.06211853027344,146.91000366210938,99.27999877929688,62.35319519042969,22.60428237915039,12.5600004196167
2020-01-13,298.932861328125,27.386938095092773,45.25520706176758,22.90176773071289,92.17974090576172,75.34539031982422,59.95513916015625,53.12172317504883,26.499088287353516,26.51179313659668,113.7160873413086,145.82000732421875,97.5999984741211,62.35319519042969,22.60428237915039,12.319999694824219
2020-01-14,298.47711181640625,27.333765029907227,45.04202651977539,22.90559196472168,92.73763275146484,75.35441589355469,59.93620300292969,53.13857650756836,26.576799392700195,26.401966094970703,114.30099487304688,145.69000244140625,98.23999786376953,62.34614944458008,22.612905502319336,12.390000343322754
2020-01-15,299.1515197753906,27.183090209960938,45.09414291381836,22.737171173095703,93.53849029541016,75.4718246459961,59.79903030395508,53.51759719848633,26.94898796081543,26.582077026367188,115.05903625488281,146.5399932861328,97.44000244140625,62.360267639160156,22.578420639038086,12.420000076293945
2020-01-16,301.6400451660156,27.422391891479492,45.70050811767578,22.775449752807617,94.02439880371094,76.2214126586914,60.333580017089844,53.66078186035156,27.116682052612305,26.74022674560547,114.69657897949219,146.30999755859375,98.31999969482422,62.38142776489258,22.612905502319336,12.319999694824219
2020-01-17,302.57879638671875,27.50216293334961,46.0084342956543,22.629993438720703,94.02439880371094,76.23045349121094,60.546451568603516,53.75343704223633,27.304819107055664,26.85883903503418,113.7160873413086,146.5800018310547,98.63999938964844,62.332027435302734,22.690494537353516,12.100000381469727
2020-01-21,301.98638916015625,27.271724700927734,45.9894905090332,22.224246978759766,94.12340545654297,75.39054107666016,60.361968994140625,53.93872833251953,27.554309844970703,26.568899154663086,114.91072845458984,146.74000549316406,97.91999816894531,62.1979866027832,22.67325210571289,12.850000381469727
2020-01-22,302.02276611328125,27.351490020751953,46.155296325683594,22.0098876953125,94.2403793334961,74.9931869506836,60.333580017089844,53.980831146240234,27.64019203186035,26.463470458984375,115.31453704833984,146.7899932861328,95.19999694824219,62.31086349487305,22.656009674072266,12.90999984741211
2020-01-23,302.3692321777344,27.280580520629883,46.37321090698242,21.92568016052246,93.76345825195312,75.80598449707031,60.4234733581543,53.93029022216797,27.88559913635254,26.432714462280273,116.12187957763672,147.1199951171875,93.27999877929688,62.12041473388672,22.716358184814453,12.979999542236328
2020-01-24,299.68017578125,26.934925079345703,46.155296325683594,21.673046112060547,92.19772338867188,75.45377349853516,59.5814094543457,53.55971145629883,27.95921516418457,26.243820190429688,117.06114959716797,147.97999572753906,91.44000244140625,61.859397888183594,22.750839233398438,14.5600004196167
2020-01-27,294.87652587890625,26.518360137939453,45.05624771118164,21.072078704833984,91.49586486816406,74.0268783569336,58.69207763671875,53.39125061035156,27.889690399169922,25.677122116088867,118.88198852539062,148.99000549316406,88.80000305175781,61.44319534301758,22.78532600402832,18.229999542236328
2020-01-28,297.9665832519531,26.828571319580078,45.918426513671875,21.167770385742188,91.94578552246094,74.5055160522461,59.26447677612305,53.4586296081543,28.004207611083984,25.967060089111328,117.95098114013672,147.66000366210938,90.0,61.97224426269531,22.78532600402832,16.280000686645508
2020-01-29,297.72052001953125,26.784250259399414,46.036861419677734,20.945756912231445,91.69384765625,74.90288543701172,59.23136901855469,53.189109802246094,28.07783317565918,26.050525665283203,119.10445404052734,148.4600067138672,89.27999877929688,61.93700408935547,22.819807052612305,16.389999389648438
2020-01-30,298.6867370605469,27.12104606628418,46.43479537963867,21.11418342590332,91.02793884277344,74.9841537475586,59.13201904296875,53.82081604003906,28.33959197998047,25.887985229492188,119.12094116210938,148.47000122070312,88.63999938964844,62.00044250488281,22.750839233398438,15.489999771118164
2020-01-31,293.2631530761719,26.553810119628906,45.160457611083984,20.45579719543457,89.21025848388672,73.25021362304688,59.283390045166016,53.21437454223633,28.212799072265625,25.31689453125,120.20854949951172,149.3300018310547,86.72000122070312,61.74653244018555,22.656009674072266,18.84000015258789
2020-02-03,295.441650390625,26.73993682861328,45.757354736328125,20.18785285949707,90.02011108398438,73.2231216430664,59.704410552978516,53.21437454223633,28.302776336669922,25.848447799682617,120.11105346679688,148.36000061035156,83.91999816894531,61.73664855957031,22.768083572387695,17.969999313354492
2020-02-04,299.94451904296875,26.996965408325195,46.95589828491211,20.26058006286621,91.60385131835938,74.60486602783203,60.79243469238281,53.53443908691406,28.020566940307617,26.305322647094727,118.49356842041016,146.42999267578125,83.5199966430664,62.10498046875,22.802568435668945,16.049999237060547
2020-02-05,303.4083251953125,27.537614822387695,47.230648040771484,21.022314071655273,93.36750793457031,75.85114288330078,61.09994125366211,53.963993072509766,28.135086059570312,26.792951583862305,117.1978530883789,146.61000061035156,85.5999984741211,62.359981536865234,22.888776779174805,15.149999618530273
2020-02-06,304.4293212890625,27.50216293334961,47.661739349365234,20.807954788208008,93.4485092163086,76.094970703125,60.96274948120117,54.056636810302734,28.14326286315918,26.779762268066406,117.72605895996094,147.39999389648438,85.91999816894531,62.40958023071289,22.931882858276367,14.960000038146973
2020-02-07,302.80670166015625,27.404664993286133,47.22590637207031,20.66250228881836,92.71964263916016,75.5440902709961,60.69783020019531,54.124027252197266,28.053287506103516,26.397573471069336,119.19506072998047,147.7899932861328,84.63999938964844,62.31748580932617,22.98360824584961,15.470000267028809
2020-02-10,305.06732177734375,27.484439849853516,47.86544418334961,20.55915069580078,93.21456146240234,75.9685287475586,61.38376235961914,54.351436614990234,28.159631729125977,26.384395599365234,119.5251693725586,148.1699981689453,83.36000061035156,62.40249252319336,23.018091201782227,15.039999961853027
2020-02-11,305.5960388183594,27.58193016052246,47.704376220703125,20.788816452026367,93.7724609375,76.25753784179688,61.86628723144531,54.149295806884766,28.261878967285156,26.529361724853516,118.92271423339844,147.66000366210938,84.0,62.44500732421875,22.992229461669922,15.180000305175781
2020-02-12,307.56488037109375,27.599653244018555,48.22075271606445,21.06824493408203,93.88943481445312,76.97097778320312,62.500179290771484,54.124027252197266,28.282329559326172,26.674331665039062,118.32029724121094,147.5399932861328,86.4800033569336,62.60792922973633,23.05257797241211,13.739999771118164
2020-02-13,307.2366943359375,27.590791702270508,48.092838287353516,21.003175735473633,93.4485092163086,76.53749084472656,62.391380310058594,54.444095611572266,28.597261428833008,26.577686309814453,118.7741470336914,148.3800048828125,86.72000122070312,62.62921142578125,23.078441619873047,14.149999618530273
2020-02-14,307.72894287109375,27.626245498657227,48.3012809753418,20.892168045043945,93.52051544189453,76.43815612792969,62.2967643737793,54.57041549682617,28.789485931396484,26.582077026367188,119.29412841796875,149.0,87.5999984741211,62.62210464477539,23.0698184967041,13.680000305175781
2020-02-18,306.9359436035156,27.386938095092773,48.12126159667969,20.719921112060547,93.18756103515625,76.00467681884766,62.29203796386719,54.37670135498047,29.030807495117188,26.51618194580078,120.11105346679688,150.91000366210938,87.5999984741211,62.494598388671875,23.156030654907227,14.829999923706055
2020-02-19,308.40350341796875,27.590791702270508,48.694480895996094,20.995519638061523,93.61947631835938,75.97756958007812,62.57113265991211,54.317745208740234,28.715866088867188,26.586475372314453,120.10286712646484,151.7899932861328,89.44000244140625,62.522926330566406,23.199132919311523,14.380000114440918
2020-02-20,307.1364440917969,27.537614822387695,48.18758010864258,20.972551345825195,93.01659393310547,75.86920166015625,62.59477996826172,54.3598518371582,28.8181209564209,26.63040542602539,121.04368591308594,152.41000366210938,90.23999786376953,62.62921142578125,23.268102645874023,15.5600004196167
2020-02-21,303.9734802246094,27.271724700927734,47.107486724853516,20.72374153137207,93.07059478759766,75.4898910522461,61.63922119140625,54.452510833740234,28.764957427978516,26.507402420043945,122.17427062988281,154.6999969482422,89.27999877929688,62.572532653808594,23.130165100097656,17.079999923706055
2020-02-24,293.89208984375,26.385412216186523,45.160457611083984,19.76679229736328,90.1371078491211,73.34053039550781,59.519927978515625,53.19752883911133,28.429567337036133,25.76058578491211,123.99822235107422,156.08999633789062,85.91999816894531,61.89952850341797,23.13878631591797,25.030000686645508
2020-02-25,284.9864807128906,25.49024200439453,43.715599060058594,18.89405059814453,87.40158081054688,70.35128784179688,57.93046188354492,52.23734664916992,27.832429885864258,24.649158477783203,124.65837860107422,153.3000030517578,83.19999694824219,61.4674186706543,23.0698184967041,27.850000381469727
2020-02-26,283.9382629394531,25.304115295410156,43.914554595947266,18.323711395263672,87.39260864257812,69.81843566894531,57.471595764160156,51.94254684448242,27.550220489501953,24.565685272216797,123.99822235107422,153.97000122070312,81.5199966430664,61.53118896484375,23.087060928344727,27.559999465942383
2020-02-27,271.1861572265625,24.22281837463379,41.54591751098633,17.34379005432129,84.42310333251953,67.22657012939453,55.14888381958008,49.82846450805664,26.310949325561523,23.414722442626953,125.3433837890625,154.0,78.23999786376953,60.702369689941406,22.94912338256836,39.15999984741211
2020-02-28,270.0467224121094,23.56694793701172,41.86333465576172,17.328479766845703,83.33431243896484,65.99834442138672,54.794090270996094,48.843013763427734,25.431604385375977,23.159929275512695,128.17417907714844,148.3800048828125,75.5999984741211,60.95026779174805,22.871536254882812,40.11000061035156
2020-03-02,281.7414855957031,24.7723331451416,44.284053802490234,18.02897071838379,87.23959350585938,68.31930541992188,56.67687225341797,51.45404052734375,26.928539276123047,24.152740478515625,127.2309799194336,149.1999969482422,79.36000061035156,61.412742614746094,22.750839233398438,33.41999816894531
2020-03-03,273.674560546875,23.841703414916992,42.60234069824219,17.477766036987305,85.07099914550781,66.64859008789062,55.30500030517578,50.754947662353516,26.597246170043945,23.941884994506836,129.2064208984375,153.88999938964844,79.12000274658203,61.14948654174805,22.656009674072266,36.81999969482422
2020-03-04,285.1778869628906,24.630523681640625,44.43092346191406,17.89116859436035,89.9751205444336,69.40301513671875,57.21613311767578,53.24806213378906,28.106464385986328,24.93470573425293,127.83439636230469,154.16000366210938,78.87999725341797,61.9891242980957,22.733600616455078,31.989999771118164
2020-03-05,275.6982116699219,23.442874908447266,43.0286865234375,17.236618041992188,87.88750457763672,66.00736236572266,55.08265686035156,52.24576950073242,27.672916412353516,24.143962860107422,131.01646423339844,157.49000549316406,76.87999725341797,61.206417083740234,22.561180114746094,39.619998931884766
2020-03-06,271.1405334472656,22.64518928527832,42.119136810302734,16.268178939819336,87.4195785522461,65.42938232421875,54.235897064208984,51.83306121826172,27.447969436645508,23.515764236450195,137.83497619628906,157.5500030517578,69.83999633789062,60.516258239746094,22.431865692138672,41.939998626708984
2020-03-09,249.96592712402344,20.216699600219727,38.92146301269531,12.99157428741455,82.87538146972656,59.39671325683594,50.82042694091797,49.57578659057617,25.955123901367188,21.31486701965332,141.57080078125,157.80999755859375,52.15999984741211,57.91200637817383,22.190475463867188,54.459999084472656
2020-03-10,262.9004211425781,21.404354095458984,41.517486572265625,13.607853889465332,85.7188949584961,62.47626876831055,53.630367279052734,50.99922180175781,26.19643211364746,22.18029022216797,134.31410217285156,154.47999572753906,57.91999816894531,58.80144500732422,22.518075942993164,47.29999923706055
2020-03-11,250.08445739746094,20.2432918548584,39.55626678466797,12.888224601745605,82.44344329833984,58.80970001220703,50.697425842285156,48.49768829345703,24.87944793701172,21.125961303710938,129.3716278076172,153.92999267578125,55.52000045776367,57.52069091796875,22.552555084228516,53.900001525878906
2020-03-12,226.15708923339844,18.054109573364258,35.695377349853516,11.280545234680176,76.2885513305664,52.72282028198242,45.574214935302734,43.9410285949707,22.368194580078125,19.092004776000977,130.17337036132812,147.7899932861328,52.31999969482422,55.22242736816406,22.7939453125,75.47000122070312
2020-03-13,245.49044799804688,20.429412841796875,39.88312530517578,12.321708679199219,81.57962036132812,56.840938568115234,48.39365005493164,47.68068313598633,23.58700942993164,20.43187141418457,127.2309799194336,143.27999877929688,55.68000030517578,56.95856857299805,23.656047821044922,57.83000183105469
2020-03-16,218.62794494628906,17.628681182861328,34.37367630004883,10.64513111114502,73.5350341796875,50.39282989501953,42.26282501220703,44.446388244628906,20.908061981201172,18.182653427124023,135.47120666503906,141.63999938964844,48.400001525878906,53.827816009521484,22.897397994995117,82.69000244140625
2020-03-17,230.43206787109375,18.585893630981445,36.71389389038086,10.717860221862793,78.15120697021484,52.71377944946289,43.89015197753906,48.19447326660156,23.582916259765625,19.307260513305664,126.43758392333984,143.55999755859375,45.68000030517578,54.332969665527344,23.30258560180664,75.91000366210938
2020-03-18,218.76467895507812,17.008264541625977,35.33061599731445,9.179080963134766,75.55967712402344,48.83047103881836,41.3687629699707,46.95634078979492,22.55632972717285,18.072824478149414,119.30494689941406,140.6999969482422,37.68000030517578,51.93509292602539,23.656047821044922,76.44999694824219
2020-03-19,219.22950744628906,17.380521774291992,35.45851135253906,9.803013801574707,74.01194763183594,48.86659240722656,42.811580657958984,45.38972854614258,21.24344253540039,18.53409194946289,122.55313873291016,138.0399932861328,42.959999084472656,50.768184661865234,24.216413497924805,72.0
2020-03-20,209.781982421875,16.76009750366211,33.833621978759766,9.898707389831543,71.1684341430664,46.41920471191406,41.5390625,42.45022201538086,19.558364868164062,17.870746612548828,131.76852416992188,140.11000061035156,39.52000045776367,49.629722595214844,24.147445678710938,66.04000091552734
2020-03-23,204.41822814941406,15.784936904907227,33.52458953857422,9.224027633666992,67.4720458984375,44.38600540161133,41.607513427734375,41.19398498535156,18.560331344604492,16.959741592407227,137.19863891601562,146.3000030517578,39.040000915527344,48.83281707763672,24.112960815429688,61.59000015258789
2020-03-24,222.9391632080078,17.742412567138672,36.95798873901367,10.703314781188965,72.6712417602539,50.00139617919922,45.51013946533203,43.294761657714844,20.555572509765625,18.954225540161133,134.64479064941406,153.39999389648438,39.84000015258789,50.84646224975586,23.837087631225586,61.66999816894531
2020-03-25,226.27662658691406,18.22507667541504,36.910369873046875,11.208151817321777,73.63872528076172,52.63160705566406,46.3087272644043,43.17618179321289,21.080204010009766,19.396461486816406,134.3389434814453,151.3000030517578,40.63999938964844,52.2766227722168,23.61294174194336,63.95000076293945
2020-03-26,239.48890686035156,19.369173049926758,39.19613265991211,11.893006324768066,78.53050231933594,55.95351028442383,48.22440719604492,45.53955078125,22.877166748046875,20.307466506958008,135.0001678466797,153.24000549316406,38.63999938964844,54.66741180419922,23.233619689941406,61.0
2020-03-27,232.35557556152344,18.77924919128418,37.42466354370117,11.086834907531738,76.84867858886719,53.59632110595703,46.60820388793945,45.327781677246094,23.001094818115234,19.573352813720703,138.60372924804688,152.25,35.7599983215332,54.80974578857422,23.043954849243164,65.54000091552734
2020-03-30,239.9014892578125,19.136777877807617,39.00089645385742,11.200325012207031,80.44742584228516,54.379005432128906,47.58268356323242,47.09819412231445,23.852067947387695,20.196908950805664,137.46310424804688,152.9199981689453,33.84000015258789,55.27933120727539,23.14740753173828,57.08000183105469
2020-03-31,236.32565307617188,18.60942268371582,38.272308349609375,11.372517585754395,80.09480285644531,53.705528259277344,46.62247085571289,46.140987396240234,22.889554977416992,19.918302536010742,136.3473663330078,148.0500030517578,33.68000030517578,54.83820343017578,23.130165100097656,53.540000915527344
2020-04-01,225.6898651123047,17.474266052246094,36.44845962524414,10.808979034423828,77.04761505126953,51.284637451171875,44.540428161621094,45.361656188964844,21.51395606994629,19.020559310913086,138.2576446533203,149.4499969482422,35.040000915527344,53.33287048339844,23.276721954345703,57.060001373291016
2020-04-02,230.89772033691406,17.9122371673584,37.30085372924805,11.79908561706543,79.18154907226562,51.967220306396484,44.70679473876953,46.52217483520508,22.18729591369629,19.30801773071289,139.13499450683594,151.89999389648438,40.880001068115234,53.74761962890625,23.397417068481445,50.90999984741211
2020-04-03,227.56024169921875,17.554706573486328,36.72465133666992,11.673853874206543,78.46722412109375,51.27553939819336,43.927223205566406,46.886417388916016,21.394161224365234,18.843666076660156,139.4660186767578,152.64999389648438,47.20000076293945,52.59632873535156,23.526731491088867,46.79999923706055
2020-04-06,242.8446044921875,18.815004348754883,39.858055114746094,12.292180061340332,82.58135986328125,54.82496643066406,47.58268356323242,48.631431579589844,23.046533584594727,20.245555877685547,139.10183715820312,156.8800048828125,43.84000015258789,53.8763427734375,23.53535270690918,45.2400016784668
2020-04-07,243.09219360351562,19.002702713012695,39.50090408325195,12.554383277893066,81.9032211303711,54.69754409790039,48.290950775146484,48.07235336303711,22.757368087768555,20.78508186340332,137.6451416015625,156.0399932861328,40.720001220703125,53.8763427734375,23.319828033447266,46.70000076293945
2020-04-08,251.25247192382812,19.833959579467773,40.56283950805664,13.391868591308594,85.2759017944336,56.68159103393555,49.81208038330078,48.783897399902344,23.99664878845215,21.80221939086914,136.6436309814453,154.64999389648438,42.959999084472656,55.27797317504883,23.406036376953125,43.349998474121094
2020-04-09,255.07586669921875,20.897607803344727,40.57235336303711,13.270545959472656,85.74609375,57.53709030151367,50.71049118041992,49.24132537841797,25.12852668762207,22.739763259887695,136.8919677734375,158.69000244140625,39.84000015258789,58.89641189575195,23.233619689941406,41.66999816894531
2020-04-13,252.74697875976562,20.137866973876953,40.6628303527832,13.227498054504395,84.99562072753906,55.8533821105957,50.69622802734375,48.87709045410156,24.331260681152344,22.240039825439453,135.6421356201172,161.41000366210938,39.439998626708984,58.05259704589844,23.199132919311523,41.16999816894531
2020-04-14,260.2011413574219,20.227243423461914,42.36763381958008,13.16488265991211,87.81673431396484,56.91822052001953,52.67844009399414,50.95246887207031,25.045909881591797,22.52749252319336,135.60899353027344,162.67999267578125,37.279998779296875,58.29571533203125,23.0698184967041,37.7599983215332
2020-04-15,254.67236328125,19.351295471191406,41.44380187988281,12.546558380126953,87.36461639404297,55.34373092651367,51.523345947265625,50.14772415161133,24.2197265625,21.492658615112305,139.2012176513672,161.85000610351562,35.439998626708984,57.75226593017578,23.242238998413086,40.84000015258789
2020-04-16,255.90103149414062,19.011640548706055,41.94857406616211,12.010412216186523,89.27250671386719,54.85226058959961,52.14129638671875,50.47808074951172,24.223854064941406,21.368833541870117,140.78211975097656,161.7100067138672,34.880001068115234,57.69501495361328,23.345691680908203,40.11000061035156
2020-04-17,262.81427001953125,20.012725830078125,42.50574493408203,13.286199569702148,91.12611389160156,57.42787551879883,53.68143844604492,51.24894332885742,25.00459861755371,22.22677230834961,138.8949432373047,158.57000732421875,33.68000030517578,57.98823547363281,23.28534507751465,38.150001525878906
2020-04-20,258.18402099609375,19.664134979248047,41.82477569580078,12.871371269226074,90.40277862548828,55.89888381958008,52.7450065612793,50.240901947021484,24.058616638183594,21.678396224975586,140.01235961914062,159.6999969482422,30.0,57.11581039428711,23.362934112548828,43.83000183105469
2020-04-21,250.34475708007812,19.029521942138672,40.072349548339844,12.644393920898438,87.65398406982422,54.5792350769043,51.37598419189453,49.17356491088867,23.662046432495117,21.143293380737305,141.77532958984375,158.61000061035156,22.479999542236328,56.07175064086914,23.397417068481445,45.40999984741211
2020-04-22,255.90103149414062,19.2351016998291,41.61522674560547,13.094439506530762,88.99219512939453,55.1525993347168,52.48355484008789,49.64793395996094,24.35191535949707,21.558996200561523,140.3268280029297,161.72999572753906,20.079999923706055,56.565147399902344,23.466384887695312,41.97999954223633
2020-04-23,255.88265991210938,19.154653549194336,41.32952117919922,13.517094612121582,89.48046112060547,55.5894660949707,52.46929168701172,49.207454681396484,23.94295310974121,21.709360122680664,141.07174682617188,163.33999633789062,21.1200008392334,56.53657913208008,23.475006103515625,41.380001068115234
2020-04-24,259.4493713378906,19.431743621826172,42.205726623535156,13.548401832580566,90.68309783935547,56.03541564941406,53.35819625854492,49.7326545715332,24.09166145324707,22.04987907409668,141.40284729003906,162.63999938964844,20.559999465942383,56.00738525390625,23.423280715942383,35.93000030517578
2020-04-27,263.1902160644531,20.093172073364258,42.5676383972168,13.841911315917969,91.84953308105469,57.42787551879883,54.3564338684082,49.87664794921875,24.34365463256836,22.63805389404297,138.77081298828125,161.55999755859375,17.520000457763672,56.236228942871094,23.362934112548828,33.290000915527344
2020-04-28,261.9799499511719,20.307689666748047,42.00095748901367,14.158900260925293,89.99588775634766,58.501808166503906,54.57035446166992,50.156192779541016,24.434534072875977,23.058170318603516,140.36827087402344,160.83999633789062,17.040000915527344,56.407840728759766,23.33707046508789,33.56999969482422
2020-04-29,268.83819580078125,20.897607803344727,43.72480773925781,15.207712173461914,90.59265899658203,59.621246337890625,55.772987365722656,49.94441604614258,24.211462020874023,23.646347045898438,139.63986206054688,161.72999572753906,18.0,57.40180969238281,23.242238998413086,31.229999542236328
2020-04-30,266.33514404296875,20.370256423950195,43.529571533203125,14.871152877807617,90.17670440673828,58.4380989074707,55.42597961425781,49.35145950317383,23.653779983520508,22.94319725036621,138.00930786132812,158.8000030517578,19.1200008392334,57.51628494262695,23.09568214416504,34.150001525878906
2020-05-01,259.2843933105469,19.717763900756836,42.33430099487305,14.029756546020508,88.45870971679688,56.672489166259766,53.353458404541016,48.80931091308594,23.083717346191406,22.461158752441406,139.19113159179688,159.77999877929688,18.860000610351562,56.52415084838867,23.121543884277344,37.189998626708984
2020-05-04,259.99951171875,19.538997650146484,42.8962287902832,14.515026092529297,88.41349792480469,55.95351028442383,53.643402099609375,48.783897399902344,23.257213592529297,22.540761947631836,138.53643798828125,160.33999633789062,19.670000076293945,56.44512939453125,23.250858306884766,35.970001220703125
2020-05-05,262.40167236328125,19.4764347076416,43.4867057800293,14.526764869689941,90.33042907714844,56.17192459106445,53.838294982910156,48.826263427734375,23.44723129272461,22.598249435424805,137.64962768554688,161.02000427246094,21.510000228881836,56.933631896972656,23.268102645874023,33.61000061035156
2020-05-06,260.6230163574219,19.05633544921875,43.82481002807617,14.147161483764648,89.4352798461914,55.39833450317383,53.82878875732422,48.29257583618164,22.649965286254883,22.209083557128906,135.4285430908203,158.9499969482422,20.850000381469727,56.61037063598633,23.38017463684082,34.119998931884766
2020-05-07,263.767822265625,19.503246307373047,44.48197555541992,14.515026092529297,89.42623138427734,56.044517517089844,54.67491912841797,48.15706253051758,22.740846633911133,22.664587020874023,137.69100952148438,161.38999938964844,20.469999313354492,56.754024505615234,23.311208724975586,31.440000534057617
2020-05-08,268.1322021484375,19.92333984375,45.134361267089844,15.176399230957031,89.88738250732422,57.43698501586914,55.739707946777344,49.23286056518555,23.19938087463379,23.208534240722656,135.90093994140625,160.4199981689453,21.469999313354492,57.2928352355957,23.30258560180664,27.979999542236328
2020-05-11,268.1871032714844,19.538997650146484,45.43437194824219,14.91028118133545,91.4335708618164,56.71799850463867,55.61611557006836,49.165096282958984,23.10023307800293,22.854745864868164,134.84010314941406,159.4199981689453,21.170000076293945,57.03421401977539,23.388795852661133,27.56999969482422
2020-05-12,262.841796875,19.029521942138672,44.49625778198242,14.64808464050293,90.04107666015625,55.12529373168945,54.39921188354492,48.750030517578125,22.897823333740234,22.505382537841797,136.2241668701172,160.0399932861328,20.969999313354492,56.96234893798828,23.345691680908203,33.040000915527344
2020-05-13,258.1931457519531,18.46640968322754,43.72957992553711,13.982797622680664,89.06452941894531,53.74192810058594,53.462772369384766,48.30953598022461,22.70366859436035,22.032188415527344,137.17718505859375,161.5800018310547,20.600000381469727,56.6606559753418,23.388795852661133,35.279998779296875
2020-05-14,261.28314208984375,18.94013786315918,44.28672409057617,14.139334678649902,90.04107666015625,54.30619812011719,54.261375427246094,48.190948486328125,22.947389602661133,22.30194664001465,138.5198211669922,163.00999450683594,21.450000762939453,56.4666748046875,23.414657592773438,32.61000061035156
2020-05-15,262.4842529296875,18.815004348754883,44.51055145263672,14.084545135498047,90.80062103271484,54.11507797241211,54.89359664916992,48.614498138427734,22.64170265197754,22.496536254882812,138.1634979248047,163.92999267578125,22.389999389648438,56.54571533203125,23.431900024414062,31.889999389648438
2020-05-18,270.47943115234375,19.780330657958984,45.601043701171875,15.235103607177734,91.55110931396484,57.682701110839844,56.97087478637695,49.38533401489258,23.5711669921875,23.522523880004883,135.1302032470703,162.69000244140625,24.309999465942383,57.54428482055664,23.242238998413086,29.299999237060547
2020-05-19,267.7012634277344,19.297666549682617,45.43437194824219,14.808533668518066,90.4479751586914,56.94552230834961,56.76646423339844,48.47895431518555,23.1828556060791,23.296977996826172,135.6357879638672,164.25999450683594,24.440000534057617,57.61610412597656,23.22499656677246,30.530000686645508
2020-05-20,272.2489929199219,19.726703643798828,46.42963790893555,15.399470329284668,90.55648803710938,58.010353088378906,57.508018493652344,49.054988861083984,23.310909271240234,23.668458938598633,136.04183959960938,164.64999389648438,25.34000015258789,58.22677993774414,23.14740753173828,27.989999771118164
2020-05-21,270.369384765625,19.664134979248047,45.78200149536133,15.152925491333008,89.88738250732422,58.1468620300293,57.71240997314453,48.51284408569336,23.075450897216797,23.442920684814453,136.3816680908203,162.25,26.600000381469727,58.2123908996582,23.199132919311523,29.530000686645508
2020-05-22,270.8828430175781,19.592626571655273,45.948665618896484,15.058996200561523,90.07725524902344,58.10136032104492,57.626861572265625,48.682254791259766,23.331567764282227,23.40753936767578,137.20213317871094,163.2100067138672,25.56999969482422,58.356101989746094,23.268102645874023,28.15999984741211
2020-05-26,274.2202453613281,20.61158561706543,45.90104675292969,15.477736473083496,89.91450500488281,60.54043960571289,58.53954315185547,48.94485092163086,23.48441505432129,24.048782348632812,135.3622589111328,160.88999938964844,25.65999984741211,58.794281005859375,23.09568214416504,28.010000228881836
2020-05-27,278.3004150390625,21.505416870117188,46.16295623779297,15.677318572998047,90.84584045410156,62.560882568359375,59.54252243041992,49.681827545166016,23.76531982421875,24.292011260986328,135.11363220214844,161.17999267578125,25.0,58.91642761230469,23.087060928344727,27.6200008392334
2020-05-28,277.7870178222656,21.165760040283203,46.07247543334961,15.239019393920898,92.03034210205078,61.96931076049805,58.819976806640625,50.12230682373047,24.467580795288086,24.51755714416504,134.61636352539062,161.72000122070312,25.030000686645508,58.97391891479492,22.966365814208984,28.59000015258789
2020-05-29,279.0247497558594,20.924421310424805,46.653446197509766,15.168578147888184,93.14253234863281,61.58707046508789,59.033897399902344,50.17313003540039,24.657596588134766,24.521970748901367,135.57772827148438,162.91000366210938,25.8799991607666,59.21097183227539,22.931882858276367,27.510000228881836
2020-06-01,280.15240478515625,21.165760040283203,46.63916015625,15.434688568115234,92.22021484375,61.72358703613281,59.59480285644531,50.520442962646484,24.95090103149414,24.69002914428711,134.66490173339844,163.66000366210938,26.219999313354492,59.65885925292969,22.802568435668945,28.229999542236328
2020-06-02,282.4722595214844,21.335590362548828,47.07726287841797,15.8651704788208,92.75370025634766,62.52449417114258,60.103424072265625,50.65597915649414,25.11200714111328,25.13668441772461,134.17530822753906,162.60000610351562,27.06999969482422,60.250240325927734,22.776702880859375,26.84000015258789
2020-06-03,286.2314147949219,22.131088256835938,47.44394302368164,16.33086585998535,92.57286834716797,64.96356964111328,61.239524841308594,50.72373962402344,25.413564682006836,25.70716667175293,132.39117431640625,159.60000610351562,27.1200008392334,60.53152847290039,22.63876724243164,25.65999984741211
2020-06-04,285.4795227050781,22.613752365112305,47.05345916748047,16.334787368774414,91.84046936035156,65.6552734375,60.9305534362793,50.47808074951172,24.959157943725586,25.800033569335938,130.47427368164062,161.27999877929688,27.5,60.34402084350586,22.552555084228516,25.809999465942383
2020-06-05,292.79632568359375,23.45395278930664,48.291587829589844,17.547956466674805,93.32337188720703,68.06704711914062,62.389869689941406,51.18116760253906,25.277240753173828,26.458967208862305,129.54490661621094,158.00999450683594,28.8700008392334,60.91377639770508,22.595661163330078,24.520000457763672
2020-06-08,296.33538818359375,23.900861740112305,48.53445053100586,18.338476181030273,93.9653549194336,69.43222045898438,63.34058380126953,51.73177719116211,25.954723358154297,26.494346618652344,130.04273986816406,159.72000122070312,28.3700008392334,60.98591232299805,22.535316467285156,25.809999465942383
2020-06-09,294.1257629394531,23.39137840270996,48.763023376464844,17.64970588684082,92.98880004882812,67.70298767089844,62.84621047973633,51.30823516845703,25.434215545654297,26.1715145111084,131.5198516845703,161.25999450683594,28.420000076293945,60.50989532470703,22.466346740722656,27.56999969482422
2020-06-10,292.4845275878906,22.515430450439453,49.57733154296875,16.780920028686523,92.84413146972656,66.08300018310547,62.25677490234375,51.16423797607422,25.285503387451172,25.87521743774414,133.46990966796875,163.57000732421875,28.43000030517578,60.42335891723633,22.35427474975586,27.56999969482422
2020-06-11,275.6230773925781,20.674150466918945,46.734405517578125,15.199882507324219,87.68111419677734,61.44145202636719,58.995872497558594,49.22439193725586,24.298206329345703,23.87630844116211,135.99269104003906,162.38999938964844,26.360000610351562,58.87271499633789,22.578420639038086,40.790000915527344
2020-06-12,278.92388916015625,21.299833297729492,47.33918380737305,15.58340072631836,88.25074005126953,62.633697509765625,59.58055114746094,49.23286056518555,24.236244201660156,24.340662002563477,134.68153381347656,162.6199951171875,26.43000030517578,59.4569206237793,22.63876724243164,36.09000015258789
2020-06-15,281.5277404785156,21.594791412353516,47.79633331298828,15.63036060333252,88.44967651367188,63.252567291259766,60.146217346191406,49.8004035949707,24.4014835357666,24.597150802612305,134.75616455078125,162.3300018310547,26.979999542236328,60.033897399902344,22.54393768310547,34.400001525878906
2020-06-16,286.9465637207031,21.9344482421875,48.815406799316406,16.080408096313477,90.62883758544922,64.49032592773438,61.41065979003906,50.57973861694336,24.513011932373047,25.110149383544922,132.68984985351562,162.25,27.639999389648438,60.27908706665039,22.612905502319336,33.66999816894531
2020-06-17,285.75457763671875,21.603729248046875,48.805877685546875,15.532525062561035,90.53842163085938,64.02618408203125,61.2490348815918,50.50349044799805,24.43865966796875,24.90229606628418,133.2375946044922,162.55999755859375,27.280000686645508,59.9978141784668,22.630146026611328,33.470001220703125
2020-06-18,285.8647155761719,21.57691764831543,49.024925231933594,15.724287033081055,90.23097229003906,63.78953170776367,61.02561950683594,50.76609802246094,24.434534072875977,24.91998863220215,134.64828491210938,162.24000549316406,27.889999389648438,59.976192474365234,22.716358184814453,32.939998626708984
2020-06-19,284.2309875488281,21.43390655517578,48.68681716918945,15.485563278198242,91.09901428222656,63.00684356689453,60.55025863647461,50.50349044799805,23.748796463012695,24.844810485839844,134.75616455078125,164.02999877929688,28.229999542236328,59.77422332763672,22.742219924926758,35.119998931884766
2020-06-22,286.0544128417969,21.3277645111084,49.60413360595703,15.557307243347168,90.74940490722656,63.11289596557617,61.17253112792969,50.35923385620117,23.980392456054688,24.93685531616211,134.77276611328125,165.08999633789062,28.979999542236328,59.73100280761719,22.621524810791016,31.770000457763672
2020-06-23,287.3712463378906,21.426708221435547,49.96227264404297,15.573163986206055,91.13985443115234,63.122047424316406,61.65373611450195,50.28240203857422,23.738800048828125,24.994657516479492,133.8516387939453,166.47999572753906,28.719999313354492,59.81753921508789,22.54393768310547,31.3700008392334
2020-06-24,280.04083251953125,20.671110153198242,48.83533477783203,14.709088325500488,88.76081085205078,60.92807388305664,60.29583740234375,49.4372444152832,23.52219581604004,24.265405654907227,135.28720092773438,165.89999389648438,27.25,59.20450210571289,22.647390365600586,33.84000015258789
2020-06-25,283.0430603027344,21.219820022583008,49.46087646484375,14.990507125854492,89.63253784179688,61.604549407958984,60.376827239990234,49.787254333496094,23.23061180114746,24.567779541015625,135.67730712890625,165.8000030517578,27.940000534057617,59.226139068603516,22.68187141418457,32.220001220703125
2020-06-26,276.3202819824219,20.311296463012695,48.486751556396484,14.471267700195312,88.5428695678711,60.46184539794922,58.96174621582031,48.77136993408203,22.98485565185547,24.229833602905273,137.12953186035156,166.5399932861328,27.360000610351562,58.66358184814453,22.716358184814453,34.72999954223633
2020-06-29,280.3815612792969,20.536174774169922,49.01679992675781,14.665489196777344,89.34196472167969,62.44554901123047,60.08142852783203,49.69335174560547,23.418060302734375,24.701175689697266,136.697998046875,166.6300048828125,28.270000457763672,58.331809997558594,22.724979400634766,31.780000686645508
2020-06-30,283.97308349609375,20.81503677368164,49.895423889160156,15.002397537231445,90.86746215820312,62.802059173583984,60.84852600097656,50.060428619384766,23.505531311035156,25.05691146850586,136.03408813476562,167.3699951171875,28.059999465942383,58.86552047729492,22.690494537353516,30.43000030517578
2020-07-01,285.9622802734375,20.635129928588867,49.97660446166992,14.63774299621582,91.56663513183594,62.518672943115234,61.46315002441406,50.103118896484375,24.055368423461914,25.110273361206055,135.76995849609375,166.6199951171875,28.350000381469727,59.04872131347656,22.63876724243164,28.6200008392334
2020-07-02,287.5370178222656,20.662105560302734,50.26786422729492,14.800250053405762,92.25676727294922,63.058040618896484,61.70615768432617,50.35923385620117,24.117855072021484,25.58161735534668,135.91114807128906,166.97999572753906,28.75,59.48331832885742,22.656009674072266,27.68000030517578
2020-07-06,291.975830078125,21.057903289794922,51.14649963378906,14.843852043151855,93.19204711914062,63.963050842285156,63.16886901855469,50.60679244995117,23.82210922241211,25.946239471435547,135.35446166992188,167.97999572753906,28.959999084472656,59.9106330871582,22.535316467285156,27.940000534057617
2020-07-07,288.96441650390625,20.626127243041992,50.611690521240234,14.372178077697754,92.38387298583984,62.73805618286133,62.17784881591797,51.067806243896484,23.726299285888672,25.955135345458984,137.25709533691406,169.0399932861328,28.790000915527344,59.51227569580078,22.58704376220703,29.43000030517578
2020-07-08,291.1746520996094,20.842016220092773,51.437782287597656,14.360285758972168,92.39297485351562,62.73805618286133,62.84012985229492,50.939727783203125,23.938743591308594,25.5860652923584,136.70875549316406,170.08999633789062,29.18000030517578,59.67164993286133,22.466346740722656,28.079999923706055
2020-07-09,289.51702880859375,20.4012451171875,51.62400817871094,13.65079116821289,91.66654205322266,61.375999450683594,62.76865768432617,50.53850555419922,23.61800193786621,25.345945358276367,138.88543701171875,169.6300048828125,28.40999984741211,59.5412483215332,22.54393768310547,29.260000228881836
2020-07-10,292.47320556640625,21.102882385253906,51.60969924926758,14.086793899536133,91.4485855102539,62.17130661010742,63.51670837402344,51.46901321411133,24.063695907592773,25.786165237426758,138.18756103515625,169.19000244140625,29.030000686645508,59.744041442871094,22.50945281982422,27.290000915527344
2020-07-13,289.94061279296875,21.19283103942871,50.54006576538086,14.011484146118164,91.9661865234375,62.427284240722656,62.71146774291992,51.39219665527344,24.08869171142578,25.786165237426758,138.64454650878906,169.39999389648438,28.5,59.418128967285156,22.47496795654297,32.189998626708984
2020-07-14,293.69781494140625,21.300777435302734,51.122623443603516,14.502976417541504,93.79135131835938,63.78020095825195,63.33564376831055,52.14344024658203,24.31362533569336,26.435373306274414,138.84397888183594,170.19000244140625,28.8799991607666,59.925132751464844,22.431865692138672,29.520000457763672
2020-07-15,296.39617919921875,21.72355079650879,51.39958953857422,14.816105842590332,95.00811767578125,65.40740966796875,64.24091339111328,52.186119079589844,24.217819213867188,26.880043029785156,138.1959228515625,170.33999633789062,29.290000915527344,60.2654914855957,22.371517181396484,27.760000228881836
2020-07-16,295.4200744628906,21.72355079650879,50.76448440551758,14.748724937438965,94.85374450683594,65.42567443847656,64.06938171386719,52.29711151123047,24.526065826416016,26.968976974487305,138.8522186279297,168.72999572753906,29.15999984741211,60.32343673706055,22.449106216430664,28.0
2020-07-17,296.2764892578125,21.54365348815918,51.012786865234375,14.542612075805664,96.15225982666016,65.81876373291016,63.76920700073242,52.57882308959961,25.080062866210938,27.19575309753418,138.5614776611328,170.1199951171875,29.100000381469727,60.490047454833984,22.35427474975586,25.68000030517578
2020-07-20,298.67083740234375,21.444698333740234,52.316402435302734,14.300833702087402,96.13407897949219,65.01432037353516,64.78883361816406,52.049530029296875,24.750995635986328,26.960081100463867,138.902099609375,170.94000244140625,29.1200008392334,60.8521728515625,22.31978988647461,24.459999084472656
2020-07-21,299.3063659667969,21.867477416992188,51.79114532470703,15.164904594421387,96.07051849365234,65.87360382080078,64.888916015625,52.50198745727539,24.86345863342285,27.19575309753418,138.98512268066406,173.0,29.719999313354492,61.134613037109375,22.181854248046875,24.84000015258789
2020-07-22,301.010009765625,21.867477416992188,52.20658493041992,14.978611946105957,96.93315124511719,66.40381622314453,65.44636535644531,52.92029571533203,25.246685028076172,27.51146697998047,139.4005584716797,175.6300048828125,29.75,61.25776672363281,22.12150764465332,24.31999969482422
2020-07-23,297.41845703125,21.88547134399414,50.850440979003906,14.950865745544434,96.49730682373047,66.20269775390625,64.46484375,53.10811233520508,25.27583885192871,27.426979064941406,141.02894592285156,177.17999267578125,29.40999984741211,61.21430969238281,22.07840347290039,26.079999923706055
2020-07-24,295.50299072265625,21.831499099731445,50.23445129394531,14.867632865905762,95.43492126464844,65.67249298095703,64.57917785644531,53.03982162475586,25.109220504760742,27.333606719970703,141.0206298828125,178.6999969482422,29.440000534057617,61.27225112915039,21.983572006225586,25.84000015258789
2020-07-27,297.6578369140625,21.651594161987305,51.02711868286133,14.883489608764648,96.15225982666016,65.9467544555664,64.97943115234375,53.30447006225586,24.805147171020508,27.729351043701172,140.49722290039062,182.22999572753906,29.719999313354492,61.41707992553711,21.819772720336914,24.739999771118164
2020-07-28,295.77001953125,21.59762191772461,50.43022537231445,14.629814147949219,96.04327392578125,65.48967742919922,64.33619689941406,53.500797271728516,25.180034637451172,27.120166778564453,141.46929931640625,183.75,29.350000381469727,61.25776672363281,21.854257583618164,25.440000534057617
2020-07-29,299.4076232910156,22.00240707397461,51.160823822021484,14.935020446777344,97.05120086669922,66.486083984375,64.98892974853516,53.57763671875,25.296667098999023,27.342493057250977,141.22833251953125,185.1300048828125,29.56999969482422,61.5981559753418,21.750804901123047,24.100000381469727
2020-07-30,298.3393859863281,21.606618881225586,51.44733810424805,14.348394393920898,96.3792724609375,65.81876373291016,64.93653869628906,53.57763671875,25.296667098999023,26.813344955444336,142.15878295898438,183.75999450683594,28.93000030517578,61.72853088378906,21.664594650268555,24.760000228881836
2020-07-31,300.6968994140625,21.61560821533203,52.731849670410156,14.281013488769531,95.8253402709961,65.57194519042969,65.27483367919922,53.52642059326172,25.33832359313965,26.84002113342285,142.06741333007812,185.42999267578125,29.06999969482422,61.84440612792969,21.79391098022461,24.459999084472656
2020-08-03,302.7873840332031,21.678577423095703,54.030677795410156,14.33254337310791,96.81510162353516,65.8461685180664,65.13665771484375,53.38128662109375,25.06340217590332,26.688833236694336,141.3521270751953,185.63999938964844,29.34000015258789,61.85967254638672,21.79391098022461,24.280000686645508
2020-08-04,303.9569396972656,21.5886287689209,54.169166564941406,14.681344032287598,96.38833618164062,66.01071166992188,65.6607437133789,54.04716873168945,25.33832359313965,27.066801071166992,142.6995849609375,189.58999633789062,29.780000686645508,61.83787155151367,21.716320037841797,23.760000228881836
2020-08-05,305.84478759765625,21.88547134399414,54.369720458984375,14.835923194885254,96.8332748413086,67.27227020263672,66.46122741699219,53.93619918823242,25.01341438293457,27.462554931640625,141.45199584960938,191.35000610351562,30.229999542236328,61.946937561035156,21.621488571166992,22.989999771118164
2020-08-06,307.8892822265625,21.876474380493164,55.13374328613281,14.717011451721191,96.3156967163086,67.52822875976562,66.78518676757812,53.92764663696289,25.159210205078125,27.34693717956543,142.24212646484375,193.88999938964844,30.18000030517578,62.08510208129883,21.621488571166992,22.649999618530273
2020-08-07,308.1102600097656,22.34422492980957,54.31240463256836,14.736831665039062,96.62444305419922,68.68004608154297,66.88526153564453,54.2179069519043,25.613239288330078,27.440319061279297,141.2939453125,190.80999755859375,29.850000381469727,61.93239974975586,21.750804901123047,22.209999084472656
2020-08-10,309.0312194824219,22.50613784790039,54.15961837768555,15.192651748657227,96.29756927490234,70.37124633789062,67.68571472167969,54.499629974365234,25.60491180419922,27.707120895385742,140.66180419921875,190.14999389648438,30.15999984741211,61.96147918701172,21.785289764404297,22.1299991607666
2020-08-11,306.4802551269531,22.767000198364258,53.185482025146484,15.141121864318848,95.68913269042969,70.74603271484375,67.55229949951172,54.124000549316406,25.050907135009766,27.658205032348633,138.99005126953125,179.94000244140625,29.81999969482422,61.40156936645508,21.819772720336914,24.030000686645508
2020-08-12,310.75335693359375,22.70403480529785,54.39359664916992,15.291744232177734,97.29638671875,70.97454833984375,68.44805908203125,54.82402420043945,25.413299560546875,27.82273292541504,137.725830078125,179.10000610351562,30.559999465942383,61.41608428955078,21.750804901123047,22.280000686645508
2020-08-13,310.19146728515625,22.560115814208984,54.417476654052734,14.99446964263916,97.16926574707031,70.59979248046875,68.4194564819336,54.78133773803711,25.371644973754883,27.818288803100586,136.2535858154297,183.3300018310547,30.399999618530273,61.24885559082031,21.742183685302734,22.1299991607666
2020-08-14,310.2006530761719,22.650066375732422,54.379268646240234,15.137161254882812,96.97856140136719,70.87399291992188,68.4146728515625,54.7728157043457,25.150880813598633,27.849414825439453,135.72137451171875,182.5399932861328,30.329999923706055,61.13976287841797,21.707700729370117,22.049999237060547
2020-08-17,311.1860656738281,22.27226448059082,54.74217987060547,15.049957275390625,97.55062866210938,70.544921875,69.29615020751953,55.080135345458984,25.1175537109375,27.973918914794922,136.0623321533203,186.5,30.770000457763672,61.50337600708008,21.61286735534668,21.350000381469727
2020-08-18,311.8583984375,22.128345489501953,54.947513580322266,14.859704971313477,97.52338409423828,70.16097259521484,69.72496032714844,55.302093505859375,25.005088806152344,27.858308792114258,137.03546142578125,188.17999267578125,30.600000381469727,61.597896575927734,21.49217414855957,21.510000228881836
2020-08-19,310.55987548828125,22.119342803955078,54.880653381347656,14.68927001953125,97.2055892944336,69.9781723022461,69.39619445800781,54.8667106628418,24.93010902404785,27.77826690673828,136.17877197265625,182.24000549316406,30.65999984741211,61.423370361328125,21.664594650268555,22.540000915527344
2020-08-20,311.52679443359375,21.912452697753906,55.61125564575195,14.372178077697754,96.8968505859375,69.60334777832031,69.2913818359375,54.7557373046875,24.709341049194336,27.68044090270996,137.4097442626953,183.5,30.520000457763672,61.626976013183594,21.604246139526367,22.719999313354492
2020-08-21,312.6319274902344,21.867477416992188,56.317970275878906,14.281013488769531,96.99671173095703,69.88671875,69.64873504638672,54.8923225402832,24.750995635986328,27.52035903930664,138.23316955566406,182.02999877929688,30.18000030517578,61.61970138549805,21.707700729370117,22.540000915527344
2020-08-24,315.79986572265625,22.389204025268555,56.8050422668457,14.67341136932373,96.55178833007812,71.14824676513672,70.70645141601562,55.361846923828125,24.967599868774414,28.005041122436523,138.00860595703125,181.0,30.350000381469727,61.903282165527344,21.742183685302734,22.3700008392334
2020-08-25,316.9048767089844,22.452167510986328,57.091552734375,14.467308044433594,97.2055892944336,71.05684661865234,70.93993377685547,55.242340087890625,24.730167388916016,27.893877029418945,136.95236206054688,181.22000122070312,30.920000076293945,61.96877670288086,21.664594650268555,22.030000686645508
2020-08-26,320.08209228515625,22.34422492980957,58.25189971923828,14.162104606628418,97.0875244140625,71.09342193603516,71.64031982421875,55.31062698364258,24.455245971679688,28.18735694885254,136.4283447265625,183.36000061035156,30.93000030517578,61.96147918701172,21.63873291015625,23.270000457763672
2020-08-27,320.7819519042969,22.72202491760254,58.29965591430664,14.189850807189941,97.85028076171875,71.34938049316406,71.25439453125,55.652122497558594,24.53439712524414,28.11176300048828,134.10777282714844,181.24000549316406,30.670000076293945,61.866939544677734,21.664594650268555,24.469999313354492
2020-08-28,322.8540344238281,22.811979293823242,58.81060791015625,14.443525314331055,98.06820678710938,72.02584075927734,71.72129821777344,56.147254943847656,24.605207443237305,28.44526481628418,134.00794982910156,184.38999938964844,30.719999313354492,61.91785430908203,21.49217414855957,22.959999084472656
2020-08-31,321.6845397949219,22.542116165161133,58.996822357177734,14.130396842956543,98.30428314208984,71.12997436523438,71.51167297363281,55.98504638671875,24.6801815032959,28.009492874145508,134.89794921875,184.8300018310547,30.579999923706055,61.83058547973633,21.466310501098633,26.40999984741211
2020-09-01,324.71429443359375,22.605087280273438,60.123756408691406,14.035265922546387,97.42350769042969,71.85215759277344,72.25970458984375,56.04480743408203,24.396934509277344,28.79654884338379,136.44085693359375,185.0500030517578,30.610000610351562,62.16712951660156,21.509414672851562,26.1200008392334
2020-09-02,329.4110107421875,22.928916931152344,60.658573150634766,13.967883110046387,99.37580871582031,73.04055786132812,73.26026153564453,57.060699462890625,25.155044555664062,29.450204849243164,137.73985290527344,182.6199951171875,29.860000610351562,62.24014663696289,21.587005615234375,26.56999969482422
2020-09-03,318.0744934082031,22.578105926513672,57.20138168334961,13.864831924438477,96.6698226928711,70.99285888671875,70.9351577758789,56.07896423339844,24.871795654296875,28.636472702026367,138.13107299804688,181.13999938964844,29.639999389648438,61.85322570800781,21.595626831054688,33.599998474121094
2020-09-04,315.47747802734375,22.74901008605957,56.40391540527344,13.821229934692383,95.97972106933594,71.15738677978516,70.11564636230469,55.950897216796875,24.730167388916016,28.65426254272461,135.50830078125,181.63999938964844,28.510000228881836,61.68529510498047,21.630109786987305,30.75
2020-09-08,306.85784912109375,22.164321899414062,53.854007720947266,13.317846298217773,94.39972686767578,69.82275390625,69.19608306884766,54.7728157043457,24.592714309692383,28.116212844848633,136.34088134765625,181.2899932861328,26.75,61.342159271240234,21.742183685302734,31.459999084472656
2020-09-09,312.91741943359375,22.389204025268555,55.61125564575195,13.409010887145996,96.07051849365234,70.90142059326172,70.50155639648438,55.56673812866211,24.917613983154297,28.84101676940918,135.97462463378906,183.0500030517578,27.40999984741211,61.823997497558594,21.707700729370117,28.809999465942383
2020-09-10,307.4839782714844,22.07436752319336,54.35539627075195,12.917519569396973,94.59949493408203,69.9964370727539,69.49150085449219,54.88379669189453,24.488574981689453,28.56976890563965,136.66567993164062,182.4600067138672,26.790000915527344,61.531978607177734,21.750804901123047,29.709999084472656
2020-09-11,307.6406555175781,22.22728729248047,53.939964294433594,12.92940902709961,94.9718017578125,70.9471435546875,69.59632110595703,55.19112014770508,24.546894073486328,28.93440055847168,136.95709228515625,182.4499969482422,27.040000915527344,61.656089782714844,21.707700729370117,26.8700008392334
2020-09-14,311.6925354003906,22.53312873840332,55.0716552734375,13.0285005569458,96.3338623046875,71.90699005126953,70.33482360839844,55.5496711730957,24.88429069519043,29.352378845214844,136.94879150390625,183.88999938964844,26.940000534057617,61.590389251708984,21.655975341796875,25.850000381469727
2020-09-15,313.2674255371094,22.22728729248047,55.616031646728516,12.933375358581543,96.46096801757812,71.95271301269531,70.91134643554688,55.472835540771484,25.050907135009766,29.49467658996582,136.61572265625,183.4499969482422,27.520000457763672,61.75831985473633,21.673213958740234,25.59000015258789
2020-09-16,312.024169921875,22.47916030883789,54.75651550292969,13.45261001586914,96.29756927490234,72.68404388427734,70.51588439941406,55.22527313232422,25.017581939697266,29.516910552978516,136.2077178955078,183.97000122070312,28.700000762939453,61.75831985473633,21.699079513549805,26.040000915527344
2020-09-17,309.2798767089844,22.24527931213379,54.3028678894043,13.472432136535645,95.97972106933594,72.8302993774414,69.52483367919922,54.875240325927734,24.813478469848633,29.73479652404785,136.62403869628906,182.9600067138672,29.229999542236328,61.69257354736328,21.621488571166992,26.459999084472656
2020-09-18,305.71917724609375,22.200298309326172,53.366947174072266,13.321812629699707,95.83444213867188,72.01669311523438,68.5576400756836,54.3715705871582,24.376108169555664,29.223426818847656,136.19943237304688,183.1999969482422,29.059999465942383,61.539283752441406,21.64735221862793,25.829999923706055
2020-09-21,302.31658935546875,21.644052505493164,53.81058120727539,12.880249977111816,94.06401824951172,69.62609100341797,67.56734466552734,53.956790924072266,24.224441528320312,28.239660263061523,136.8905029296875,179.52000427246094,28.290000915527344,61.042789459228516,21.80253028869629,27.780000686645508
2020-09-22,305.3955993652344,21.46315574645996,54.66242980957031,12.747295379638672,93.86345672607422,70.31436920166016,68.99500274658203,54.2745361328125,24.375688552856445,28.293277740478516,136.7822723388672,178.64999389648438,28.170000076293945,61.25457000732422,21.88011932373047,26.860000610351562
2020-09-23,298.3131103515625,20.98378562927246,52.95872116088867,12.171168327331543,92.8970947265625,69.05711364746094,67.86338806152344,53.45869827270508,24.00177574157715,27.462310791015625,136.96546936035156,174.7899932861328,28.030000686645508,60.633968353271484,22.000812530517578,28.579999923706055
2020-09-24,299.1083068847656,21.029010772705078,53.255435943603516,12.16714096069336,92.43217468261719,69.1580581665039,67.8347396850586,53.853729248046875,24.270652770996094,27.658876419067383,137.489990234375,175.44000244140625,28.5,60.67047882080078,21.96632957458496,28.510000228881836
2020-09-25,303.9439697265625,21.246084213256836,54.52842330932617,12.159083366394043,93.91814422607422,70.19506072998047,68.7180404663086,54.13711929321289,24.66977882385254,27.904598236083984,137.489990234375,174.94000244140625,28.350000381469727,60.560951232910156,22.026676177978516,26.3799991607666
2020-09-28,308.9922790527344,21.75258445739746,55.57173156738281,12.445131301879883,94.76597595214844,71.46148681640625,70.15525817871094,54.746849060058594,24.7327938079834,28.355825424194336,137.0986785888672,176.6999969482422,28.690000534057617,60.95522689819336,21.95770835876465,26.190000534057617
2020-09-29,307.3094177246094,21.481250762939453,55.38508605957031,12.102677345275879,94.64747619628906,70.82828521728516,69.61093139648438,54.38616943359375,24.72438621520996,28.145845413208008,137.25686645507812,178.19000244140625,27.700000762939453,61.006324768066406,21.854257583618164,26.270000457763672
2020-09-30,309.6394958496094,21.770681381225586,55.84928894042969,12.06641960144043,96.16080474853516,70.6447525024414,70.17913055419922,55.047428131103516,24.947057723999023,28.431766510009766,135.94122314453125,177.1199951171875,28.290000915527344,61.25457000732422,21.854257583618164,26.3700008392334
2020-10-01,311.6274108886719,21.80685806274414,56.43793487548828,11.69576644897461,95.8326187133789,70.43365478515625,71.09588623046875,55.35658264160156,25.199132919311523,28.029685974121094,136.1654815673828,178.6999969482422,27.510000228881836,61.46498107910156,21.819772720336914,26.700000762939453
2020-10-02,308.668701171875,21.97870635986328,55.00699996948242,11.808572769165039,94.95745086669922,71.22289276123047,70.79508209228516,55.047428131103516,25.497425079345703,28.27987289428711,135.6570281982422,178.5399932861328,26.350000381469727,61.46498107910156,21.871498107910156,27.6299991607666
2020-10-05,314.1422119140625,22.340492248535156,56.21300506591797,12.163111686706543,96.90835571289062,72.37001037597656,71.73092651367188,55.41669845581055,25.81671905517578,28.820451736450195,133.00645446777344,179.41000366210938,27.93000030517578,61.9268913269043,21.77666664123535,27.959999084472656
2020-10-06,309.6763916015625,22.114377975463867,55.34199905395508,11.98181438446045,95.62293243408203,71.48902130126953,70.4035415649414,55.05602264404297,26.035184860229492,28.458576202392578,133.72323608398438,177.3000030517578,28.389999389648438,61.78759765625,21.83701515197754,29.479999542236328
2020-10-07,315.0668640136719,22.485210418701172,56.35658264160156,12.151025772094727,97.42799377441406,73.0674819946289,72.01261901855469,55.64856719970703,26.194828033447266,29.191255569458008,132.74798583984375,177.22000122070312,28.389999389648438,62.007564544677734,21.8111515045166,28.059999465942383
2020-10-08,317.8591003417969,22.7927303314209,56.64849853515625,12.606284141540527,97.90206146240234,73.79247283935547,72.4853286743164,56.017845153808594,26.67378044128418,29.486125946044922,133.46493530273438,177.85000610351562,29.139999389648438,62.146873474121094,21.80253028869629,26.360000610351562
2020-10-09,320.6977233886719,22.819868087768555,57.51471710205078,12.4048433303833,98.78634643554688,74.06776428222656,73.23974609375,56.45581817626953,26.669574737548828,29.713970184326172,133.4398956298828,181.0800018310547,28.690000534057617,62.28616714477539,21.673213958740234,25.0
2020-10-12,325.8569641113281,23.073116302490234,59.08442687988281,12.437073707580566,99.46096801757812,74.48989868164062,74.21379089355469,57.108489990234375,26.83762550354004,29.664823532104492,133.8649444580078,180.55999755859375,28.06999969482422,62.60146713256836,21.64735221862793,25.06999969482422
2020-10-13,323.7304382324219,22.629928588867188,58.70635986328125,12.24368667602539,98.70430755615234,73.66397857666016,74.199462890625,57.0655517578125,26.65276527404785,29.401241302490234,134.82351684570312,177.72000122070312,28.459999084472656,62.322818756103516,21.77666664123535,26.06999969482422
2020-10-14,321.6962890625,22.41285514831543,58.395294189453125,12.296064376831055,98.12997436523438,74.07693481445312,73.3781967163086,56.7735710144043,26.619159698486328,29.486125946044922,135.13186645507812,178.27000427246094,28.979999542236328,62.168861389160156,21.724943161010742,26.399999618530273
2020-10-15,321.2986755371094,22.58470344543457,58.132076263427734,12.445131301879883,97.41889190673828,74.34307861328125,73.6503677368164,56.80791473388672,26.60234832763672,29.401241302490234,134.89852905273438,178.9199981689453,28.940000534057617,62.1248664855957,21.828393936157227,26.969999313354492
2020-10-16,321.1045227050781,22.60279655456543,57.96458053588867,12.163111686706543,98.38522338867188,74.884521484375,72.98190307617188,56.82508850097656,26.888038635253906,29.60675048828125,134.52340698242188,178.3000030517578,28.719999313354492,62.05152130126953,21.80253028869629,27.40999984741211
2020-10-19,316.2226867675781,22.25909423828125,56.902137756347656,11.905264854431152,96.82630157470703,73.95763397216797,72.0842514038086,56.0865364074707,26.661170959472656,29.262741088867188,134.01504516601562,178.38999938964844,28.59000015258789,61.83157730102539,21.73356056213379,29.18000030517578
2020-10-20,317.4892578125,22.43998908996582,57.098365783691406,12.046276092529297,96.95394897460938,74.34307861328125,72.6620101928711,56.026432037353516,26.820816040039062,29.329757690429688,132.73968505859375,179.25,29.049999237060547,62.05152130126953,21.664594650268555,29.350000381469727
2020-10-21,316.888427734375,22.322402954101562,57.01222229003906,11.816630363464355,96.47076416015625,73.59056091308594,72.26570129394531,56.07795715332031,26.749399185180664,29.218063354492188,132.28128051757812,180.60000610351562,28.100000381469727,62.0442008972168,21.552522659301758,28.649999618530273
2020-10-22,318.6265869140625,22.765602111816406,56.74421310424805,12.304123878479004,97.92940521240234,74.19625091552734,72.41372680664062,56.052188873291016,27.12751007080078,29.3789005279541,130.90589904785156,178.8300018310547,28.510000228881836,62.15415954589844,21.63873291015625,28.110000610351562
2020-10-23,319.7083435058594,22.83795928955078,56.682003021240234,12.24368667602539,98.2940673828125,74.48989868164062,73.04875946044922,56.15524673461914,27.20313835144043,29.486125946044922,131.70608520507812,178.63999938964844,27.8799991607666,62.227500915527344,21.587005615234375,27.549999237060547
2020-10-26,313.8001708984375,22.322402954101562,55.45207214355469,11.804543495178223,97.2000961303711,72.62696838378906,71.64497375488281,55.43387985229492,27.194732666015625,28.74897003173828,132.93142700195312,178.5500030517578,27.110000610351562,61.677574157714844,21.664594650268555,32.459999084472656
2020-10-27,312.7183532714844,21.915390014648438,55.72964859008789,11.651446342468262,96.53458404541016,71.03933715820312,71.61156463623047,55.28789138793945,27.173725128173828,28.476451873779297,133.82333374023438,179.02000427246094,27.690000534057617,61.70692825317383,21.621488571166992,33.349998474121094
2020-10-28,302.03009033203125,21.3546199798584,53.36550521850586,11.163957595825195,93.471435546875,68.70838928222656,69.34832763671875,53.673397064208984,26.38389015197754,27.67228126525879,133.94825744628906,176.1300048828125,26.309999465942383,61.193695068359375,21.759424209594727,40.279998779296875
2020-10-29,305.0997009277344,21.51742935180664,54.25564956665039,11.506409645080566,92.70565032958984,69.70867156982422,69.7876205444336,53.656219482421875,26.455307006835938,28.244136810302734,132.64805603027344,175.39999389648438,25.600000381469727,61.36964416503906,21.84563446044922,37.59000015258789
2020-10-30,301.9189758300781,21.58073616027832,53.054439544677734,11.570870399475098,92.67830657958984,69.62609100341797,68.26445007324219,53.46728515625,26.20743751525879,28.226261138916016,131.33934020996094,176.1999969482422,25.25,61.50160217285156,21.871498107910156,38.02000045776367
2020-11-02,305.3031311035156,21.98775291442871,53.18843078613281,11.965699195861816,94.34661865234375,71.50736999511719,68.7514877319336,54.31745910644531,26.783004760742188,29.164457321166992,132.32318115234375,177.91000366210938,26.260000228881836,61.64817428588867,21.897361755371094,37.130001068115234
2020-11-03,310.693603515625,22.476165771484375,54.126434326171875,11.897209167480469,95.72321319580078,73.61809539794922,70.26508331298828,55.21059799194336,27.169519424438477,29.620149612426758,131.55548095703125,178.9199981689453,26.719999313354492,62.1783332824707,21.77666664123535,35.54999923706055
2020-11-04,317.6372375488281,22.213869094848633,56.23214340209961,11.913320541381836,99.97150421142578,72.85639953613281,71.75956726074219,55.236358642578125,26.76200294494629,29.115312576293945,134.4091796875,178.82000732421875,27.440000534057617,62.76007080078125,21.742183685302734,29.56999969482422
2020-11-05,323.83203125,22.756549835205078,57.97893524169922,11.913320541381836,100.17206573486328,74.57250213623047,73.1585693359375,55.63998031616211,27.001468658447266,30.30368995666504,134.64280700683594,182.92999267578125,27.15999984741211,62.98095703125,21.535276412963867,27.579999923706055
2020-11-06,323.7581787109375,22.575658798217773,58.184722900390625,11.655475616455078,100.2085189819336,74.64588928222656,72.9389419555664,55.897613525390625,26.94265365600586,30.379650115966797,133.01573181152344,183.19000244140625,26.469999313354492,62.76007080078125,21.45768928527832,24.860000610351562
2020-11-09,327.8263854980469,24.429824829101562,57.76358413696289,13.319396018981934,101.14752197265625,77.18795013427734,72.70018005371094,55.768798828125,27.44260597229004,31.063180923461914,130.22039794921875,175.0800018310547,28.06999969482422,63.23870086669922,21.595626831054688,25.75
2020-11-10,327.3455505371094,24.55645179748535,56.68679428100586,13.750478744506836,101.43925476074219,78.54615783691406,72.44236755371094,56.868038177490234,27.837522506713867,31.429527282714844,129.46942138671875,175.66000366210938,28.90999984741211,63.15033721923828,21.595626831054688,24.799999237060547
2020-11-11,329.77728271484375,24.456968307495117,58.03158187866211,13.609468460083008,101.31161499023438,77.8853988647461,73.07740020751953,57.3575439453125,27.942550659179688,30.960437774658203,129.9366912841797,174.89999389648438,29.040000915527344,63.128238677978516,21.621488571166992,23.450000762939453
2020-11-12,326.57818603515625,24.049949645996094,57.51471710205078,13.170326232910156,100.9378662109375,76.9952392578125,72.09857940673828,57.20295333862305,27.493022918701172,30.308156967163086,132.14793395996094,175.9600067138672,28.65999984741211,62.701133728027344,21.621488571166992,25.350000381469727
2020-11-13,331.0994873046875,24.447917938232422,58.00284957885742,13.649758338928223,102.21417236328125,78.70216369628906,73.26838684082031,57.993011474609375,27.766101837158203,30.83086395263672,131.97268676757812,177.16000366210938,28.1299991607666,62.91470718383789,21.578384399414062,23.100000381469727
2020-11-16,335.232421875,24.9906005859375,58.56279373168945,14.548194885253906,102.04093170166016,80.62017059326172,74.22811126708984,58.52545928955078,28.047584533691406,31.438461303710938,131.6555633544922,177.14999389648438,28.809999465942383,63.26814651489258,21.52665901184082,22.450000762939453
2020-11-17,333.42950439453125,24.954423904418945,58.237361907958984,14.697260856628418,101.37542724609375,80.40908813476562,73.91300201416016,58.11324691772461,27.497220993041992,31.322298049926758,132.51502990722656,176.5,28.8700008392334,63.29025650024414,21.49217414855957,22.709999084472656
2020-11-18,329.4166564941406,24.719257354736328,57.61521911621094,14.2701997756958,99.48832702636719,80.05118560791016,73.4068603515625,57.31459426879883,26.95945930480957,31.063180923461914,132.89889526367188,175.49000549316406,29.0,63.17242431640625,21.500797271728516,23.84000015258789
2020-11-19,330.8035583496094,24.800661087036133,58.07943344116211,14.503876686096191,99.41539764404297,80.25308227539062,73.7697525024414,57.46916961669922,26.690582275390625,31.192750930786133,133.58314514160156,175.16000366210938,29.09000015258789,63.386009216308594,21.466310501098633,23.110000610351562
2020-11-20,328.53826904296875,24.58359146118164,57.4812126159668,14.427326202392578,99.18749237060547,79.52809143066406,73.38298797607422,57.108489990234375,26.69478416442871,31.165939331054688,134.76797485351562,175.69000244140625,29.270000457763672,63.26814651489258,21.49217414855957,23.700000762939453
2020-11-23,330.5076904296875,25.044870376586914,57.466861724853516,15.446626663208008,98.93221282958984,80.85877227783203,74.1899185180664,57.12565994262695,26.698984146118164,31.425067901611328,134.1505584716797,172.22999572753906,29.520000457763672,63.363887786865234,21.52665901184082,22.65999984741211
2020-11-24,335.83343505859375,25.922210693359375,58.26607131958008,16.240310668945312,99.22395324707031,82.27203369140625,75.2928695678711,57.51210403442383,26.984668731689453,32.20688247680664,132.81546020507812,169.58999633789062,30.799999237060547,63.55533981323242,21.423206329345703,21.639999389648438
2020-11-25,335.3156433105469,25.831764221191406,58.39049530029297,15.861600875854492,98.85929870605469,81.64798736572266,75.38359832763672,57.477760314941406,27.056089401245117,31.8718204498291,132.40660095214844,169.50999450683594,31.3700008392334,63.525901794433594,21.388723373413086,21.25
2020-11-27,336.2494201660156,25.75035858154297,58.70158004760742,15.676274299621582,99.77093505859375,81.51033782958984,75.54595184326172,57.46916961669922,26.78721046447754,32.03711700439453,133.6916046142578,167.7899932861328,31.219999313354492,63.62897491455078,21.345617294311523,20.84000015258789
2020-11-30,334.7608947753906,25.216724395751953,59.0940055847168,14.81006908416748,100.04442596435547,80.78536224365234,75.0875473022461,57.4605827331543,26.400691986083984,31.715452194213867,133.52471923828125,166.6699981689453,30.969999313354492,63.562721252441406,21.3973445892334,20.56999969482422
2020-12-01,338.4222717285156,25.605642318725586,59.85014724731445,14.87856388092041,100.88314819335938,80.5834732055664,75.64619445800781,57.96726608276367,26.585546493530273,32.063934326171875,131.55599975585938,170.17999267578125,30.6200008392334,63.72608184814453,21.20768165588379,20.770000457763672
2020-12-02,339.1341857910156,25.88603401184082,59.75922393798828,15.362021446228027,101.63983917236328,80.69356536865234,75.17351531982422,57.48634719848633,26.76200294494629,31.652902603149414,130.51182556152344,171.4600067138672,30.969999313354492,63.90353012084961,21.18181800842285,21.170000076293945
2020-12-03,339.041748046875,25.895076751708984,59.72093963623047,15.523177146911621,101.51217651367188,80.90464782714844,75.38359832763672,57.6323356628418,26.484718322753906,31.433996200561523,131.56431579589844,172.80999755859375,31.25,63.94050598144531,21.069744110107422,21.280000686645508
2020-12-04,341.9635314941406,26.211641311645508,60.31916046142578,16.369234085083008,102.5970687866211,81.86824798583984,75.4552001953125,58.078895568847656,26.22003173828125,32.06838607788086,129.63479614257812,172.32000732421875,31.559999465942383,64.20663452148438,21.095605850219727,20.790000915527344
2020-12-07,341.2608337402344,26.030750274658203,60.49143981933594,15.98649787902832,101.968017578125,81.47364044189453,75.2833251953125,57.855621337890625,26.367080688476562,31.858409881591797,130.80426025390625,174.88999938964844,31.399999618530273,64.17705535888672,21.130094528198242,21.299999237060547
2020-12-08,342.2593994140625,26.02170181274414,60.68764877319336,16.224201202392578,102.742919921875,81.86824798583984,75.12574005126953,58.173370361328125,26.287254333496094,32.03711700439453,131.42234802246094,175.5,31.40999984741211,64.12530517578125,21.155956268310547,20.68000030517578
2020-12-09,339.1896667480469,25.958391189575195,59.524715423583984,16.260456085205078,102.38737487792969,82.0517807006836,75.05415344238281,57.94151306152344,26.241044998168945,32.054988861083984,130.98793029785156,172.5,31.34000015258789,64.02918243408203,21.164573669433594,22.270000457763672
2020-12-10,339.0787658691406,26.00361442565918,59.610862731933594,16.76003074645996,102.21417236328125,81.27172088623047,74.9873046875,57.683868408203125,26.106605529785156,31.858409881591797,132.1490478515625,172.1699981689453,32.11000061035156,64.14747619628906,21.104230880737305,22.520000457763672
2020-12-11,338.68115234375,25.74131202697754,59.48644256591797,16.566650390625,101.81304168701172,81.46444702148438,74.62918853759766,57.81267547607422,26.14861488342285,31.675251007080078,132.61672973632812,172.49000549316406,31.940000534057617,64.08092498779297,21.155956268310547,23.309999465942383
2020-12-14,337.164794921875,25.442840576171875,59.70178985595703,15.98649787902832,101.0472640991211,80.40908813476562,74.739013671875,57.58939743041992,26.014179229736328,31.273149490356445,132.24925231933594,171.5399932861328,32.16999816894531,64.09574127197266,21.095605850219727,24.719999313354492
2020-12-15,341.72314453125,25.876991271972656,60.69721603393555,16.300748825073242,102.1412353515625,81.52867126464844,75.74649047851562,57.7267951965332,26.526729583740234,31.840547561645508,131.8065185546875,173.94000244140625,32.540000915527344,64.29535675048828,21.02663803100586,22.889999389648438
2020-12-16,342.2593994140625,25.922210693359375,61.108787536621094,16.220169067382812,101.84039306640625,81.0239486694336,76.24304962158203,57.838436126708984,26.22003173828125,31.75119400024414,131.45574951171875,174.89999389648438,32.7400016784668,64.19923400878906,21.000776290893555,22.5
2020-12-17,344.1732482910156,25.994571685791016,61.59214782714844,16.143617630004883,102.93436431884766,81.51951599121094,76.76350402832031,58.20772171020508,26.39649772644043,32.1175422668457,131.10784912109375,176.74000549316406,33.15999984741211,64.29499053955078,20.888704299926758,21.93000030517578
2020-12-18,342.7990417480469,25.76845359802246,61.37679672241211,15.873690605163574,103.01641845703125,81.52867126464844,76.39107513427734,58.336524963378906,26.16962432861328,32.260498046875,130.71498107910156,176.44000244140625,33.47999954223633,64.34693908691406,20.914566040039062,21.56999969482422
2020-12-21,341.5732727050781,26.115812301635742,61.43819046020508,15.567481994628906,101.98565673828125,81.03660583496094,75.5280990600586,57.707855224609375,25.852710723876953,32.08943176269531,131.23330688476562,175.8800048828125,32.63999938964844,64.1168212890625,20.957670211791992,25.15999984741211
2020-12-22,340.9976806640625,25.861204147338867,61.97064208984375,15.306182861328125,101.67443084716797,80.6587905883789,75.20282745361328,57.30084228515625,25.8018741607666,31.891883850097656,131.91061401367188,174.49000549316406,32.09000015258789,64.19850158691406,21.069744110107422,24.229999542236328
2020-12-23,341.3040771484375,26.28858757019043,61.50055694580078,15.64505672454834,101.74765014648438,81.0826644897461,75.36547088623047,57.49134063720703,25.751033782958984,31.936769485473633,130.99917602539062,175.64999389648438,32.75,64.48800659179688,20.97491455078125,23.309999465942383
2020-12-24,342.6319274902344,26.32495880126953,61.90827941894531,15.563403129577637,102.04059600830078,81.09188079833984,75.52333068847656,57.77711868286133,25.933208465576172,32.13882064819336,131.51754760742188,176.35000610351562,32.91999816894531,64.62162780761719,20.992156982421875,21.530000686645508
2020-12-28,345.5754089355469,26.45226287841797,62.60862350463867,15.465413093566895,102.29690551757812,81.19326782226562,76.38436889648438,58.236083984375,26.047607421875,32.01311492919922,131.5761260986328,175.7100067138672,32.59000015258789,64.70327758789062,20.992156982421875,21.700000762939453
2020-12-29,344.9161071777344,26.361330032348633,62.31120681762695,15.363341331481934,102.78208923339844,80.7048568725586,76.40828704833984,58.06288528442383,26.04336929321289,31.936769485473633,131.4088897705078,176.35000610351562,32.779998779296875,64.62162780761719,20.923187255859375,23.079999923706055
2020-12-30,345.4083251953125,26.47954559326172,62.277626037597656,15.604228019714355,102.7637710571289,81.22089385986328,76.8675308227539,58.00227737426758,26.174707412719727,32.37679672241211,131.69320678710938,177.6999969482422,32.90999984741211,64.75525665283203,20.836978912353516,22.770000457763672
2020-12-31,347.16326904296875,26.806894302368164,62.36878204345703,15.473578453063965,103.84393310546875,81.59870910644531,76.91056823730469,58.40927505493164,26.564491271972656,32.50250244140625,131.88539123535156,178.36000061035156,33.0099983215332,64.80723571777344,20.897323608398438,22.75
2021-01-04,342.4368591308594,26.443172454833984,61.35184860229492,15.498071670532227,103.39537811279297,79.62672424316406,76.26001739501953,57.77711868286133,25.895078659057617,32.19270324707031,131.7266387939453,182.3300018310547,32.380001068115234,64.67359161376953,20.914566040039062,26.969999313354492
2021-01-05,344.79541015625,26.561382293701172,61.74998092651367,16.192138671875,104.14602661132812,80.41000366210938,76.8292465209961,57.77711868286133,25.890846252441406,32.91558074951172,130.74832153320312,182.8699951171875,33.939998626708984,64.69585418701172,20.793874740600586,25.34000015258789
2021-01-06,346.8568115234375,27.734413146972656,60.685081481933594,16.6861515045166,105.5740737915039,82.3266830444336,77.61375427246094,57.8204231262207,26.534833908081055,34.262550354003906,128.06431579589844,179.89999389648438,34.11000061035156,64.57708740234375,20.768009185791016,25.06999969482422
2021-01-07,352.0102233886719,28.13451385498047,62.32081985473633,16.931116104125977,106.94718933105469,82.77823638916016,79.11103820800781,57.64722442626953,26.187419891357422,34.518470764160156,126.93550872802734,179.47999572753906,34.529998779296875,64.76268005371094,20.888704299926758,22.3700008392334
2021-01-08,354.0158386230469,28.116329193115234,62.7237548828125,16.91069984436035,107.4598159790039,82.57551574707031,80.74221801757812,57.93299865722656,26.407726287841797,34.35235595703125,126.52586364746094,173.33999633789062,35.43000030517578,64.85918426513672,20.923187255859375,21.559999465942383
2021-01-11,351.6295166015625,28.20726203918457,62.205684661865234,17.17607879638672,107.9632797241211,82.54784393310547,79.23538208007812,57.439388275146484,26.16200065612793,34.35235595703125,126.31673431396484,173.0,35.2599983215332,64.5102767944336,21.052501678466797,24.079999923706055
2021-01-12,351.7037353515625,28.498241424560547,61.90827941894531,17.776247024536133,106.79155731201172,83.36798858642578,80.44566345214844,57.2488899230957,26.022180557250977,34.78787612915039,126.2164535522461,174.1199951171875,35.900001525878906,64.59192657470703,20.9404296875,23.329999923706055
2021-01-13,352.6508483886719,28.480056762695312,62.3016242980957,17.637432098388672,107.08451080322266,82.64923095703125,80.44087219238281,57.335479736328125,26.530595779418945,34.43316650390625,127.63788604736328,173.3699951171875,35.79999923706055,64.78494262695312,21.009397506713867,22.209999084472656
2021-01-14,351.4159240722656,28.607364654541016,61.754783630371094,18.16002655029297,106.74579620361328,82.93488311767578,79.92902374267578,57.032386779785156,26.42891502380371,34.31643295288086,126.44223022460938,173.27999877929688,36.2400016784668,64.77009582519531,20.966291427612305,23.25
2021-01-15,348.8531494140625,28.13451385498047,61.1215934753418,17.45370864868164,107.07532501220703,81.85675048828125,79.31192016601562,56.83321762084961,26.687353134155273,33.8270263671875,126.94389343261719,171.1300048828125,35.34000015258789,64.6661605834961,21.104230880737305,24.34000015258789
2021-01-19,351.5923156738281,28.20726203918457,61.91788101196289,17.80482292175293,107.88088989257812,82.12399291992188,79.76158905029297,56.58209228515625,26.585674285888672,33.94376754760742,127.3536148071289,172.5800018310547,35.75,64.85176086425781,21.043882369995117,23.239999771118164
2021-01-20,356.4579162597656,28.08905029296875,63.14585876464844,17.870149612426758,108.47590637207031,82.63079071044922,81.2684326171875,56.68600845336914,26.742435455322266,34.05602264404297,127.47901153564453,175.38999938964844,35.790000915527344,64.97052001953125,21.035261154174805,21.579999923706055
2021-01-21,356.7828674316406,27.788969039916992,63.96133804321289,17.265905380249023,107.9632797241211,81.98574829101562,81.64630126953125,56.49549865722656,26.585674285888672,33.557640075683594,126.58431243896484,175.27999877929688,35.7599983215332,64.93341064453125,20.9404296875,21.31999969482422
2021-01-22,355.52008056640625,27.58892059326172,63.716697692871094,17.17607879638672,107.64287567138672,81.56185913085938,81.36888122558594,56.34828567504883,26.623804092407227,33.39599609375,126.99404907226562,173.89999389648438,35.22999954223633,64.80723571777344,20.98353385925293,21.90999984741211
2021-01-25,356.9222412109375,27.388870239257812,64.24916076660156,17.00052261352539,108.34774017333984,81.00896453857422,81.67023468017578,56.911155700683594,27.157634735107422,33.22089385986328,128.49081420898438,174.0500030517578,35.59000015258789,64.82209777832031,21.009397506713867,23.190000534057617
2021-01-26,356.3651123046875,27.170629501342773,64.29231262207031,16.637161254882812,107.94497680664062,80.26253509521484,81.61762237548828,57.42207717895508,26.88648796081543,32.76292419433594,128.24830627441406,173.6199951171875,35.45000076293945,64.72554779052734,20.949050903320312,23.020000457763672
2021-01-27,347.6553649902344,26.37042236328125,63.07870101928711,16.41260528564453,104.66780853271484,78.66834259033203,79.10144805908203,56.45220184326172,26.16200065612793,31.797592163085938,128.5743408203125,172.52000427246094,35.5,64.53997802734375,21.078365325927734,37.209999084472656
2021-01-28,350.6452941894531,26.861461639404297,63.33775329589844,16.604496002197266,106.19656372070312,79.83866119384766,79.3501968383789,56.66868591308594,26.475515365600586,32.345359802246094,127.8636474609375,172.67999267578125,35.25,64.73299407958984,21.02663803100586,30.209999084472656
2021-01-29,343.6255187988281,26.32495880126953,61.845924377441406,16.053327560424805,105.29944610595703,78.11544036865234,77.49893951416016,55.49962615966797,26.331472396850586,31.71677017211914,127.09434509277344,172.61000061035156,35.18000030517578,64.56224822998047,21.052501678466797,33.09000015258789
2021-02-01,349.3453063964844,26.670501708984375,63.39530944824219,16.167644500732422,105.70221710205078,78.92637634277344,79.51284790039062,55.55159378051758,26.458568572998047,32.08943176269531,127.2416763305664,174.22999572753906,36.119998931884766,64.76936340332031,21.155956268310547,30.239999771118164
2021-02-02,354.28509521484375,27.316123962402344,64.25393676757812,16.343202590942383,106.00431060791016,80.60350036621094,81.20144653320312,55.92396545410156,26.674646377563477,32.51148986816406,126.42131042480469,172.11000061035156,36.81999969482422,64.92585754394531,21.18181800842285,25.559999465942383
2021-02-03,354.5636901855469,27.470712661743164,64.03327941894531,17.041349411010742,105.2536849975586,80.6587905883789,80.74702453613281,56.010562896728516,26.58991050720215,32.5743522644043,125.29963684082031,171.85000610351562,37.439998626708984,64.97801208496094,21.17319679260254,22.90999984741211
2021-02-04,358.5935974121094,28.079952239990234,65.05502319335938,17.229158401489258,105.69306182861328,81.5250015258789,81.60803985595703,56.417564392089844,26.797508239746094,32.457611083984375,124.9647445678711,168.14999389648438,37.810001373291016,65.11212158203125,21.26802635192871,21.770000457763672
2021-02-05,360.0049133300781,28.08905029296875,64.9111099243164,17.376136779785156,105.88531494140625,82.00418090820312,82.38778686523438,56.945796966552734,26.941560745239258,33.01435470581055,123.91835021972656,169.80999755859375,38.189998626708984,65.208984375,21.147335052490234,20.8700008392334
2021-02-08,362.6048889160156,28.452783584594727,65.59226989746094,18.102859497070312,106.0134506225586,82.70452117919922,82.8565902709961,57.162288665771484,26.733959197998047,33.28824234008789,124.46246337890625,171.52000427246094,38.939998626708984,65.4026870727539,21.13871192932129,21.239999771118164
2021-02-09,362.3633728027344,28.461870193481445,65.5155258178711,17.910974502563477,106.16909790039062,82.91648864746094,82.3973617553711,57.11033248901367,26.77208709716797,33.041297912597656,124.55460357666016,172.0800018310547,39.16999816894531,65.28345489501953,21.02663803100586,21.6299991607666
2021-02-10,362.20556640625,28.461870193481445,65.41958618164062,18.253923416137695,106.36133575439453,82.7874526977539,81.58415222167969,57.04970169067383,26.878007888793945,33.005374908447266,125.38329315185547,172.7100067138672,39.279998779296875,65.26858520507812,21.01801872253418,21.989999771118164
2021-02-11,362.79052734375,28.370943069458008,66.13912200927734,17.97221565246582,106.56269836425781,82.61238098144531,81.35930633544922,56.798580169677734,26.72549819946289,33.03681182861328,124.69691467285156,171.2100067138672,38.970001220703125,65.29840087890625,21.009397506713867,21.25
2021-02-12,364.5827331542969,28.66192626953125,66.47968292236328,18.237592697143555,107.35911560058594,83.21136474609375,81.47412109375,56.88518142700195,26.530595779418945,33.37804412841797,123.14822387695312,170.69000244140625,39.939998626708984,65.4026870727539,21.02663803100586,19.969999313354492
2021-02-16,364.26690673828125,29.15296173095703,66.26382446289062,18.694856643676758,106.29722595214844,83.12841033935547,81.12013244628906,56.78126525878906,26.234027862548828,33.315185546875,121.27308654785156,168.24000549316406,40.45000076293945,65.29840087890625,21.02663803100586,21.459999084472656
2021-02-17,364.3504943847656,29.29844856262207,65.67862701416016,18.972484588623047,106.68171691894531,82.8980484008789,81.58892822265625,56.98908615112305,26.255210876464844,33.29722595214844,122.04322814941406,166.3300018310547,40.88999938964844,65.27601623535156,21.11284828186035,21.5
2021-02-18,362.7998962402344,29.12567710876465,65.35722351074219,18.543798446655273,106.0134506225586,82.48336029052734,81.61283111572266,56.95446014404297,26.41196632385254,33.090694427490234,121.54932403564453,166.32000732421875,40.27000045776367,65.1866226196289,21.043882369995117,22.489999771118164
2021-02-19,362.15911865234375,29.47121810913086,65.26126098632812,18.854087829589844,104.73189544677734,83.83797454833984,81.13925170898438,56.23571014404297,26.0179500579834,33.69683074951172,119.93373107910156,167.00999450683594,39.68000030517578,65.19407653808594,20.992156982421875,22.049999237060547
2021-02-22,359.37347412109375,29.744020462036133,63.822227478027344,19.50732421875,104.48475646972656,84.1052017211914,79.42674255371094,56.28766632080078,25.509532928466797,33.8270263671875,119.021240234375,169.50999450683594,41.279998779296875,64.99288177490234,20.93181037902832,23.450000762939453
2021-02-23,359.8099670410156,29.92588233947754,63.644737243652344,19.829862594604492,104.31080627441406,84.36322021484375,78.90531921386719,56.365596771240234,25.721376419067383,33.94376754760742,118.67804718017578,169.1199951171875,41.619998931884766,65.14935302734375,20.949050903320312,23.110000610351562
2021-02-24,363.7747497558594,30.50784683227539,64.61849975585938,20.532089233398438,105.0339584350586,85.95741271972656,79.73289489746094,56.330963134765625,25.420560836791992,34.2401008605957,117.89952850341797,169.0,42.5,65.21638488769531,20.914566040039062,21.34000015258789
2021-02-25,355.0093994140625,29.95315933227539,62.35919189453125,20.136062622070312,103.98124694824219,84.3724136352539,76.76704406738281,55.71612548828125,25.1917781829834,33.44987869262695,115.97412109375,165.82000732421875,42.459999084472656,64.59800720214844,20.98353385925293,28.889999389648438
2021-02-26,353.18017578125,29.38028907775879,62.69017791748047,19.658382415771484,103.08417510986328,83.49699401855469,77.0875473022461,54.815528869628906,24.72574234008789,33.023345947265625,119.80816650390625,161.80999755859375,41.310001373291016,64.4042739868164,21.13871192932129,27.950000762939453
2021-03-01,361.7413635253906,30.2987060546875,64.70963287353516,20.168729782104492,104.42981719970703,85.6348876953125,78.89574432373047,55.3697395324707,25.272275924682617,33.85846710205078,118.22572326660156,161.52999877929688,40.599998474121094,65.12732696533203,21.155956268310547,23.350000381469727
2021-03-02,358.91851806640625,30.189592361450195,63.68312072753906,20.058496475219727,104.12773132324219,85.38607025146484,77.98687744140625,55.27449417114258,25.196022033691406,34.047035217285156,118.23411560058594,162.41000366210938,40.06999969482422,65.03014373779297,21.078365325927734,24.100000381469727
2021-03-03,354.1643981933594,30.42601203918457,62.080955505371094,20.352447509765625,102.80953979492188,85.47823333740234,76.15475463867188,55.01469421386719,24.899442672729492,33.710304260253906,116.9518051147461,160.6199951171875,41.13999938964844,64.82074737548828,21.13871192932129,26.670000076293945
2021-03-04,349.78173828125,30.080476760864258,60.709068298339844,20.838300704956055,101.42728424072266,84.11441802978516,74.54268646240234,54.815528869628906,24.878259658813477,33.054771423339844,116.19752502441406,159.0399932861328,43.06999969482422,64.57400512695312,21.276647567749023,28.56999969482422
2021-03-05,356.2165832519531,30.653343200683594,61.855506896972656,21.618101119995117,103.45947265625,86.10486602783203,75.01628112792969,56.02786636352539,25.284988403320312,33.81356430053711,116.4238052368164,159.13999938964844,44.439998626708984,64.76842498779297,21.354238510131836,24.65999984741211
2021-03-08,354.4430236816406,31.044347763061523,60.35889434814453,21.65892219543457,103.2031478881836,87.00790405273438,75.1071548461914,56.270347595214844,25.64087677001953,34.267051696777344,115.51856231689453,157.49000549316406,43.5,64.29736328125,21.474931716918945,25.469999313354492
2021-03-09,359.50360107421875,30.76247215270996,62.41194534301758,21.279232025146484,103.80733489990234,86.64851379394531,77.94381713867188,56.2183952331543,25.979816436767578,34.47807312011719,117.11943054199219,160.83999633789062,43.11000061035156,64.38707733154297,21.354238510131836,24.030000686645508
2021-03-10,361.7413635253906,31.389892578125,62.162513732910156,21.818153381347656,104.04533386230469,87.92941284179688,78.34086608886719,56.95446014404297,26.157764434814453,35.04829025268555,117.35408782958984,161.66000366210938,43.7400016784668,64.58897399902344,21.319751739501953,22.559999465942383
2021-03-11,365.4090881347656,31.298961639404297,63.49123764038086,21.826318740844727,104.67695617675781,87.99393463134766,79.54153442382812,56.81591033935547,26.089969635009766,35.23686981201172,116.50755310058594,161.52000427246094,44.599998474121094,64.8282470703125,21.2163028717041,21.90999984741211
2021-03-12,365.9012451171875,31.617231369018555,63.035545349121094,21.87122917175293,104.90579986572266,89.17345428466797,79.77595520019531,57.28351974487305,26.44162368774414,35.33115005493164,114.03509521484375,161.49000549316406,44.349998474121094,64.64878845214844,21.2852725982666,20.690000534057617
2021-03-15,368.0832214355469,31.435354232788086,63.70710372924805,21.622182846069336,105.62899017333984,89.91986083984375,80.84744262695312,57.534645080566406,26.780563354492188,35.37156295776367,114.70561218261719,162.1999969482422,44.2599983215332,64.65628814697266,21.3283748626709,20.030000686645508
2021-03-16,367.6189880371094,31.10800552368164,64.18678283691406,21.005691528320312,105.56490325927734,88.63899993896484,80.01032257080078,57.60392379760742,26.8144588470459,35.07971954345703,114.24470520019531,162.35000610351562,43.83000183105469,64.5067367553711,21.3283748626709,19.790000915527344
2021-03-17,368.8725891113281,31.317157745361328,64.134033203125,21.16899871826172,105.18043518066406,89.66183471679688,81.13447570800781,57.517333984375,26.37807273864746,35.394012451171875,113.3897933959961,163.50999450683594,43.81999969482422,64.59646606445312,21.22492218017578,19.229999542236328
2021-03-18,363.50555419921875,31.480838775634766,62.354393005371094,20.21771812438965,104.9607162475586,89.57890319824219,79.1492919921875,57.28351974487305,26.280624389648438,35.19646072387695,112.24156188964844,162.55999755859375,40.470001220703125,64.10295104980469,21.354238510131836,21.579999923706055
2021-03-19,362.8330383300781,31.117097854614258,62.16732406616211,20.221803665161133,105.3360595703125,88.8969955444336,79.62286376953125,57.482688903808594,26.352651596069336,35.0213508605957,112.93722534179688,163.24000549316406,41.77000045776367,64.34969329833984,21.36285972595215,20.950000762939453
2021-03-22,365.7301940917969,30.716144561767578,63.389732360839844,20.027877807617188,106.25279998779297,88.84709167480469,80.14701080322266,58.08953094482422,26.31466293334961,35.04298782348633,114.20274353027344,163.0,41.709999084472656,64.58150482177734,21.319751739501953,18.8799991607666
2021-03-23,362.8515625,30.286863327026367,62.99557113647461,19.734926223754883,105.17807006835938,87.294189453125,79.39483642578125,58.33330535888672,26.70735740661621,34.31255340576172,115.23365020751953,161.80999755859375,39.369998931884766,64.64878845214844,21.449068069458008,20.299999237060547
2021-03-24,361.007080078125,30.396465301513672,62.23125457763672,20.230051040649414,105.05863189697266,87.93196868896484,78.22096252441406,58.10694885253906,26.715892791748047,34.560543060302734,115.8537826538086,162.3699951171875,41.45000076293945,64.68618774414062,21.500797271728516,21.200000762939453
2021-03-25,363.03790283203125,30.907934188842773,62.19279479980469,20.3043212890625,105.49957275390625,89.33698272705078,78.90609741210938,58.6728630065918,27.001876831054688,35.0610237121582,114.94031524658203,161.77999877929688,39.88999938964844,64.7983169555664,21.561140060424805,19.809999465942383
2021-03-26,368.88812255859375,31.39201545715332,63.7742919921875,20.807703018188477,107.49288177490234,90.88060760498047,79.5625,59.70893859863281,27.09151268005371,35.93124008178711,114.53803253173828,162.24000549316406,41.529998779296875,64.99272918701172,21.535276412963867,18.860000610351562
2021-03-29,368.70184326171875,31.118017196655273,63.44258499145508,20.560136795043945,107.99811553955078,90.89910125732422,79.12650299072266,60.3096923828125,27.381763458251953,35.80949783325195,113.5657730102539,160.30999755859375,41.91999816894531,65.03014373779297,21.587005615234375,20.739999771118164
2021-03-30,367.7237548828125,31.337215423583984,62.84171676635742,20.382720947265625,107.02442932128906,91.29656982421875,79.9026870727539,59.66539764404297,27.13419532775879,35.70579147338867,114.16083526611328,157.57000732421875,41.16999816894531,64.87310791015625,21.673213958740234,19.610000610351562
2021-03-31,369.2142639160156,31.099740982055664,63.84158706665039,20.242433547973633,107.23568725585938,91.00077056884766,80.5255355834961,59.47385787963867,27.334808349609375,35.52995300292969,113.52387237548828,159.9600067138672,40.529998779296875,65.18714141845703,21.655975341796875,19.399999618530273
2021-04-01,373.2014465332031,31.483360290527344,65.12506866455078,20.758188247680664,106.91419219970703,91.30579376220703,81.17234802246094,59.18655014038086,27.3091983795166,35.84105682373047,115.40799713134766,161.97999572753906,41.84000015258789,65.32518005371094,21.561140060424805,17.329999923706055
2021-04-05,378.55810546875,31.72997283935547,66.47100830078125,20.263063430786133,107.65824127197266,92.43350982666016,83.01695251464844,59.94401550292969,27.607988357543945,36.282936096191406,114.90447235107422,161.9199981689453,40.279998779296875,65.35521697998047,21.49217414855957,17.90999984741211
2021-04-06,378.33447265625,31.66602897644043,66.1874008178711,20.209421157836914,107.244873046875,92.211669921875,83.37626647949219,60.196502685546875,27.75311279296875,36.36408996582031,115.68498229980469,163.22000122070312,40.70000076293945,65.46778869628906,21.44045066833496,18.1200008392334
2021-04-07,378.7723083496094,31.821298599243164,66.53829956054688,20.279565811157227,107.00604248046875,91.7864761352539,83.1271743774414,60.048492431640625,27.718969345092773,35.737361907958984,114.87931060791016,162.75999450683594,40.86000061035156,65.44524383544922,21.466310501098633,17.15999984741211
2021-04-08,380.57025146484375,31.830434799194336,67.49970245361328,20.0154972076416,107.17140197753906,92.00830078125,83.52002716064453,60.109439849853516,27.69762420654297,35.78244400024414,115.82768249511719,164.50999450683594,40.81999969482422,65.46778869628906,21.371482849121094,16.950000762939453
2021-04-09,383.3370056152344,32.10443878173828,68.14865112304688,19.88346290588379,108.34716796875,92.90491485595703,84.31534576416016,60.00495147705078,27.667741775512695,36.093563079833984,115.40799713134766,163.27000427246094,40.63999938964844,65.4227294921875,21.388723373413086,16.690000534057617
2021-04-12,383.47686767578125,32.24143600463867,67.8217544555664,19.726675033569336,108.4574203491211,93.24689483642578,84.85676574707031,60.32710266113281,27.6933536529541,36.219810485839844,115.35773468017578,162.27999877929688,40.900001525878906,65.35521697998047,21.380098342895508,16.90999984741211
2021-04-13,384.6133117675781,31.940032958984375,68.46109771728516,19.7473087310791,108.90753936767578,92.7939682006836,85.75271606445312,60.00495147705078,28.022022247314453,36.1341438293457,116.22211456298828,163.42999267578125,41.400001525878906,65.40022277832031,21.30251121520996,16.649999618530273
2021-04-14,383.2997741699219,32.1318244934082,67.73523712158203,20.29606819152832,108.89833068847656,92.91413879394531,84.90945434570312,59.95272445678711,28.14580726623535,36.39565658569336,115.85283660888672,162.72000122070312,43.040000915527344,65.37019348144531,21.276647567749023,16.989999771118164
2021-04-15,387.4174499511719,32.10443878173828,68.8985366821289,20.131032943725586,110.76304626464844,93.28387451171875,85.51795196533203,60.43157958984375,28.457399368286133,36.82398986816406,117.79154968261719,165.35000610351562,43.27000045776367,65.63280487060547,21.276647567749023,16.56999969482422
2021-04-16,388.7123107910156,32.33279037475586,68.88410949707031,19.970111846923828,111.58979034423828,93.48723602294922,86.17913055419922,60.77982711791992,28.687889099121094,37.270381927490234,116.87678527832031,166.35000610351562,43.18000030517578,65.49775695800781,21.250783920288086,16.25
2021-04-19,386.8025207519531,32.24143600463867,68.31208038330078,19.949487686157227,111.61734771728516,93.09901428222656,85.21129608154297,60.54475021362305,28.542770385742188,37.09903335571289,116.54103088378906,165.88999938964844,43.31999969482422,65.39273071289062,21.130094528198242,17.290000915527344
2021-04-20,383.9705810546875,31.638629913330078,67.7064208984375,19.421350479125977,112.04907989501953,92.07301330566406,84.13809204101562,60.8755989074707,28.90558433532715,36.74283981323242,117.07820892333984,166.47999572753906,42.7400016784668,65.28018951416016,21.164573669433594,18.68000030517578
2021-04-21,387.60369873046875,32.07703399658203,68.38898468017578,19.668909072875977,113.3718490600586,93.3301010131836,85.25920867919922,61.18032455444336,28.662281036376953,37.410152435302734,117.31319427490234,168.1300048828125,41.77000045776367,65.49775695800781,21.13871192932129,17.5
2021-04-22,384.063720703125,31.720829010009766,67.58624267578125,19.437854766845703,112.86661529541016,92.85868835449219,84.31534576416016,60.72759246826172,28.457399368286133,36.77891540527344,117.82512664794922,167.0399932861328,42.09000015258789,65.37771606445312,21.199060440063477,18.709999084472656
2021-04-23,388.22784423828125,32.31452178955078,68.59568786621094,19.615272521972656,113.61067199707031,93.8754653930664,85.19693756103516,60.57087326049805,28.418983459472656,37.38309860229492,117.54818725585938,166.39999389648438,42.459999084472656,65.55028533935547,21.078365325927734,17.329999923706055
2021-04-26,389.0384216308594,32.4423828125,68.94661712646484,19.7473087310791,113.22488403320312,93.59817504882812,85.5706558227539,59.89177322387695,28.256784439086914,37.604042053222656,117.38033294677734,166.83999633789062,42.33000183105469,65.520263671875,21.078365325927734,17.639999389648438
2021-04-27,388.95452880859375,32.698123931884766,68.77837371826172,19.98661231994629,112.57267761230469,94.3746109008789,85.47003936767578,59.848236083984375,28.039098739624023,37.50483322143555,116.3564224243164,166.4199981689453,43.11000061035156,65.43025970458984,21.086986541748047,17.559999465942383
2021-04-28,388.84271240234375,32.825992584228516,68.13905334472656,20.675674438476562,112.23280334472656,94.18049621582031,85.36941528320312,59.89177322387695,28.000680923461914,37.608551025390625,116.43194580078125,166.91000366210938,43.529998779296875,65.55776977539062,21.009397506713867,17.280000686645508
2021-04-29,391.32073974609375,33.4105339050293,68.08135986328125,20.906728744506836,111.78268432617188,94.84601593017578,85.39338684082031,60.52733612060547,28.256784439086914,37.84300231933594,116.08786010742188,166.22000122070312,44.2599983215332,65.63280487060547,21.01801872253418,17.610000610351562
2021-04-30,388.7495422363281,33.11825180053711,67.15361022949219,20.37859344482422,111.45199584960938,94.21747589111328,85.72394561767578,60.579586029052734,28.478742599487305,37.441715240478516,116.3564224243164,165.66000366210938,43.27000045776367,65.60279846191406,21.190439224243164,18.610000610351562
2021-05-03,389.5879821777344,33.28266525268555,66.96613311767578,20.939739227294922,112.71965026855469,95.18801879882812,85.31671905517578,61.07584762573242,28.474468231201172,38.00080108642578,116.42621612548828,167.80999755859375,43.97999954223633,65.6283950805664,21.095605850219727,18.309999465942383
2021-05-04,387.1845703125,33.54753494262695,65.76435852050781,20.95211410522461,112.83906555175781,95.6039810180664,84.425537109375,60.762413024902344,28.367761611938477,38.4156379699707,117.21623992919922,166.5800018310547,44.869998931884766,65.59074401855469,21.190439224243164,19.479999542236328
2021-05-05,387.30560302734375,33.8215446472168,65.60574340820312,21.628787994384766,113.04114532470703,95.69640350341797,84.16204833984375,60.71889114379883,27.88970184326172,38.902591705322266,117.4095687866211,167.27000427246094,44.65999984741211,65.71873474121094,21.18181800842285,19.149999618530273
2021-05-06,390.39849853515625,34.32388687133789,66.2643051147461,21.740190505981445,113.1881332397461,96.36190795898438,84.34410858154297,61.50246810913086,28.103124618530273,39.23173522949219,117.60289764404297,170.05999755859375,44.40999984741211,65.69615173339844,21.078365325927734,18.389999389648438
2021-05-07,393.23980712890625,34.506561279296875,66.83152770996094,22.128040313720703,113.96891784667969,97.37870025634766,85.10111236572266,61.50246810913086,28.18848991394043,39.6195068359375,117.02294921875,171.58999633789062,44.43000030517578,65.74132537841797,20.923187255859375,16.690000534057617
2021-05-10,389.3457336425781,34.47916793823242,65.14427947998047,22.136293411254883,114.11590576171875,97.47110748291016,83.58710479736328,61.97261047363281,28.474468231201172,39.44365692138672,115.83777618408203,172.11000061035156,44.47999954223633,65.59074401855469,20.923187255859375,19.65999984741211
2021-05-11,385.8709411621094,33.867210388183594,64.94719696044922,21.5669002532959,112.8849868774414,96.02915954589844,82.64321899414062,61.43281936645508,28.124465942382812,39.57441711425781,115.1822738647461,172.13999938964844,44.869998931884766,65.5229721069336,20.905946731567383,21.84000015258789
2021-05-12,377.6730651855469,33.520145416259766,63.12055206298828,21.67005157470703,111.81944274902344,93.72757720947266,79.84516143798828,60.61442565917969,27.46712875366211,38.57795333862305,113.97191619873047,170.42999267578125,45.220001220703125,65.20684814453125,21.061124801635742,27.59000015258789
2021-05-13,382.20989990234375,34.059017181396484,63.95695114135742,21.405982971191406,112.82987213134766,95.48379516601562,80.4105453491211,61.46764373779297,27.99641227722168,39.16861343383789,114.1484146118164,171.1300048828125,43.810001373291016,65.440185546875,21.02663803100586,23.1299991607666
2021-05-14,388.0788269042969,34.5978889465332,65.36539459228516,22.070276260375977,113.3994140625,96.80560302734375,81.80477905273438,61.737545013427734,28.13300132751465,39.637535095214844,115.21582794189453,172.69000244140625,44.709999084472656,65.65098571777344,20.9404296875,18.809999465942383
2021-05-17,387.0914001464844,34.66183853149414,64.88471984863281,22.581907272338867,113.1881332397461,96.50979614257812,81.65623474121094,61.650474548339844,27.902507781982422,39.98471450805664,114.97206115722656,174.6999969482422,45.38999938964844,65.530517578125,20.914566040039062,19.719999313354492
2021-05-18,383.7563781738281,34.17775344848633,64.36555480957031,22.05789566040039,113.22488403320312,95.10481262207031,81.0190200805664,61.458927154541016,27.898239135742188,39.5428466796875,114.67792510986328,175.0399932861328,44.84000015258789,65.37245178222656,20.81973648071289,21.34000015258789
2021-05-19,382.7502136230469,33.967689514160156,64.59146118164062,21.509132385253906,113.031982421875,94.56871032714844,80.33867645263672,61.258689880371094,27.851285934448242,38.938663482666016,114.40057373046875,175.16000366210938,43.43000030517578,65.19931030273438,20.914566040039062,22.18000030517578
2021-05-20,386.86785888671875,33.98595428466797,65.82686614990234,21.47612190246582,114.21693420410156,94.78131866455078,81.16276550292969,61.824607849121094,28.094581604003906,38.96120834350586,115.3419189453125,175.9600067138672,42.47999954223633,65.47785186767578,20.811111450195312,20.670000076293945
2021-05-21,386.5511169433594,34.32388687133789,65.46633911132812,21.52151107788086,114.23530578613281,95.24347686767578,80.7555160522461,61.83330154418945,28.239713668823242,39.046871185302734,115.71170806884766,176.0399932861328,43.70000076293945,65.57568359375,20.880083084106445,20.149999618530273
2021-05-24,390.49163818359375,34.48828887939453,66.62965393066406,21.736068725585938,114.34555053710938,95.83505249023438,81.55562591552734,62.01616287231445,28.18848991394043,39.39405822753906,116.14044189453125,176.35000610351562,45.02000045776367,65.65098571777344,20.82835578918457,18.399999618530273
2021-05-25,389.6253356933594,34.141212463378906,66.64886474609375,21.294578552246094,114.00565338134766,95.54850769042969,81.81436157226562,62.0335693359375,27.847013473510742,39.06040573120117,117.21623992919922,177.9499969482422,44.91999816894531,65.65850067138672,20.802492141723633,18.84000015258789
2021-05-26,390.39849853515625,34.2416877746582,66.64405822753906,21.484375,113.34429931640625,95.853515625,82.5953140258789,61.90296173095703,27.851285934448242,39.07393264770508,117.01446533203125,177.63999938964844,45.20000076293945,65.68106079101562,20.880083084106445,17.360000610351562
2021-05-27,390.6034240722656,34.63441467285156,66.29314422607422,21.500879287719727,113.09626007080078,97.16609954833984,82.92591857910156,61.51987075805664,27.663471221923828,39.38504409790039,116.54386901855469,177.7100067138672,45.54999923706055,65.65098571777344,20.862842559814453,16.739999771118164
2021-05-28,391.3020935058594,34.698368072509766,66.52869415283203,21.542142868041992,113.53718566894531,97.16609954833984,82.81095123291016,61.650474548339844,27.8128719329834,39.344459533691406,116.35891723632812,178.3800048828125,45.41999816894531,65.6283950805664,20.880083084106445,16.760000228881836
2021-06-01,390.9573974609375,34.90843963623047,66.20181274414062,22.371477127075195,111.67244720458984,97.5450668334961,82.6528091430664,61.441524505615234,27.64213752746582,39.89453887939453,116.33284759521484,177.89999389648438,46.33000183105469,65.82550811767578,20.845598220825195,17.899999618530273
2021-06-02,391.57232666015625,34.96324157714844,66.65847778320312,22.7882137298584,111.45199584960938,97.26777648925781,82.26952362060547,61.667903900146484,27.787263870239258,39.56088638305664,116.60221099853516,178.77000427246094,46.900001525878906,65.90861511230469,20.845598220825195,17.479999542236328
2021-06-03,390.1190185546875,35.045448303222656,66.03837585449219,22.850101470947266,111.7918701171875,97.05517578125,81.29212188720703,62.050968170166016,27.953731536865234,39.5518684387207,116.16448974609375,175.27000427246094,46.970001220703125,65.77267456054688,20.97491455078125,18.040000915527344
2021-06-04,393.6868591308594,35.13677215576172,67.30742645263672,23.00276756286621,112.1501235961914,97.36946868896484,81.94371795654297,62.268638610839844,27.911046981811523,39.637535095214844,117.75531005859375,177.16000366210938,47.2599983215332,65.91618347167969,20.897323608398438,16.420000076293945
2021-06-07,393.3050842285156,34.90843963623047,67.29300689697266,22.90373992919922,112.55430603027344,96.6946792602539,81.94371795654297,62.164161682128906,27.962268829345703,39.15509033203125,117.39344787597656,177.8699951171875,47.27000045776367,65.9388198852539,20.862842559814453,16.420000076293945
2021-06-08,393.388916015625,34.817100524902344,67.29781341552734,23.10179328918457,112.20523834228516,96.94424438476562,82.60489654541016,61.64178466796875,27.723237991333008,39.22723388671875,118.21824645996094,177.32000732421875,47.880001068115234,65.98416137695312,20.888704299926758,17.06999969482422
2021-06-09,392.8019714355469,34.48828887939453,67.34587860107422,22.957380294799805,113.2891616821289,95.9552001953125,82.14973449707031,61.345760345458984,27.970806121826172,38.92062759399414,119.26200103759766,176.97999572753906,47.58000183105469,66.03702545166016,20.905946731567383,17.889999389648438
2021-06-10,394.6278381347656,34.086421966552734,67.84101104736328,22.928495407104492,115.2273941040039,95.48379516601562,82.537841796875,61.72883987426758,28.154346466064453,38.6861686706543,119.97744750976562,177.74000549316406,47.83000183105469,66.15787506103516,20.888704299926758,16.100000381469727
2021-06-11,395.27996826171875,34.30562973022461,68.24479675292969,22.850101470947266,114.40987396240234,95.67790985107422,82.98819732666016,61.763675689697266,28.218366622924805,38.83045196533203,119.78388214111328,175.74000549316406,48.06999969482422,66.1805419921875,20.992156982421875,15.649999618530273
2021-06-14,396.1649475097656,33.94941711425781,68.9369888305664,22.751075744628906,114.51089477539062,95.24347686767578,83.01214599609375,61.72883987426758,28.278127670288086,38.35250473022461,118.86639404296875,174.7100067138672,48.31999969482422,66.1200942993164,20.97491455078125,16.389999389648438
2021-06-15,395.4383544921875,34.01335144042969,68.51399993896484,23.184309005737305,114.54763793945312,95.65018463134766,82.57135772705078,61.58082580566406,28.363494873046875,38.2713508605957,118.7232894897461,174.0500030517578,48.97999954223633,66.11253356933594,20.992156982421875,17.020000457763672
2021-06-16,393.23046875,33.9768180847168,68.1438217163086,23.060527801513672,114.10670471191406,94.74433135986328,82.60970306396484,60.762413024902344,27.93665885925293,37.84750747680664,118.62232208251953,171.11000061035156,48.75,66.02192687988281,21.164573669433594,18.149999618530273
2021-06-17,393.10003662109375,32.97212219238281,68.93217468261719,22.276582717895508,114.9793701171875,93.28387451171875,82.92111206054688,60.98008346557617,28.090312957763672,37.00435256958008,120.39830780029297,165.85000610351562,48.040000915527344,66.0672378540039,21.3283748626709,17.75
2021-06-18,387.79705810546875,32.17750930786133,68.302490234375,21.61641502380371,113.665771484375,92.07301330566406,82.48514556884766,59.90047073364258,27.36041831970215,36.40467071533203,122.66248321533203,164.92999267578125,48.36000061035156,66.03702545166016,21.3973445892334,20.700000762939453
2021-06-21,393.3486633300781,32.92851257324219,69.03445434570312,22.537588119506836,115.03153228759766,94.09815979003906,83.12088012695312,60.5875129699707,27.714868545532227,37.16047286987305,120.6087646484375,166.9499969482422,49.36000061035156,66.16544342041016,21.29388999938965,17.889999389648438
2021-06-22,395.4515686035156,32.9835319519043,69.66050720214844,22.68764305114746,115.28050994873047,94.20011901855469,83.90302276611328,60.67512893676758,27.54711151123047,37.309913635253906,120.90331268310547,166.25,49.41999816894531,66.21076202392578,21.259408950805664,16.65999984741211
2021-06-23,394.9748229980469,33.0477180480957,69.58346557617188,22.75016975402832,114.80099487304688,93.98686218261719,84.55078887939453,60.29832458496094,27.25460433959961,37.06990051269531,120.59188842773438,166.13999938964844,49.720001220703125,66.1427993774414,21.29388999938965,16.31999969482422
2021-06-24,397.31158447265625,33.460357666015625,70.0217056274414,22.946073532104492,115.39115905761719,94.71940612792969,84.83867645263672,60.59626388549805,27.228796005249023,37.18764877319336,120.78549194335938,166.0399932861328,49.84000015258789,66.34669494628906,21.276647567749023,15.970000267028809
2021-06-25,398.7228088378906,33.863826751708984,69.93983459472656,23.066953659057617,115.91680145263672,94.90485382080078,85.37608337402344,61.06069564819336,27.521299362182617,37.19216537475586,119.53136444091797,166.58999633789062,50.25,66.41468048095703,21.2852725982666,15.619999885559082
2021-06-28,399.52667236328125,33.616241455078125,70.67183685302734,22.287498474121094,116.09200286865234,94.4041519165039,85.39527893066406,61.11328887939453,27.697662353515625,37.19216537475586,120.76022338867188,166.5800018310547,49.540000915527344,66.40711212158203,21.29388999938965,15.760000228881836
2021-06-29,399.7415771484375,33.49702453613281,71.18714141845703,22.17912483215332,116.22113800048828,94.21867370605469,85.6064224243164,60.841617584228516,27.25029945373535,37.17405319213867,120.96226501464844,164.8300018310547,49.88999938964844,66.4902114868164,21.345617294311523,16.020000457763672
2021-06-30,400.07806396484375,33.643741607666016,71.1100845336914,22.454219818115234,116.1473388671875,94.95122528076172,85.673583984375,61.31484603881836,27.198684692382812,37.273685455322266,121.50092315673828,165.6300048828125,49.880001068115234,66.49776458740234,21.405961990356445,15.829999923706055
2021-07-01,402.2930603027344,33.909671783447266,71.23046875,22.846036911010742,117.18018341064453,95.62810516357422,86.15821075439453,61.13081359863281,27.4954891204834,37.47745895385742,121.50765991210938,166.1999969482422,50.619998931884766,66.62808990478516,21.466310501098633,15.479999542236328
2021-07-02,405.3680419921875,33.87299346923828,72.16957092285156,22.796016693115234,118.30522918701172,95.7764892578125,86.9163589477539,61.279781341552734,27.538501739501953,37.531803131103516,122.24092102050781,167.2899932861328,50.93000030517578,66.7342300415039,21.380098342895508,15.069999694824219
2021-07-06,404.6297302246094,33.341156005859375,72.44403839111328,22.054075241088867,118.194580078125,94.8584976196289,87.0171127319336,61.025657653808594,27.654647827148438,36.97480392456055,123.67369842529297,168.1199951171875,49.900001525878906,66.69629669189453,21.45768928527832,16.440000534057617
2021-07-07,406.0597229003906,33.386985778808594,72.83894348144531,21.69560432434082,118.9415283203125,95.8042984008789,86.96912384033203,61.349891662597656,27.83531379699707,37.359718322753906,124.76933288574219,168.75999450683594,48.65999984741211,66.71904754638672,21.49217414855957,16.200000762939453
2021-07-08,402.7510986328125,32.71760559082031,72.15028381347656,21.570560455322266,118.28678131103516,94.46904754638672,86.7531967163086,61.122047424316406,27.753582000732422,36.8525390625,125.2581787109375,168.64999389648438,49.52000045776367,66.5750503540039,21.405961990356445,19.0
2021-07-09,407.0503234863281,33.662078857421875,72.81486511230469,22.029064178466797,118.6925048828125,95.96194458007812,87.56412506103516,61.47255325317383,27.787994384765625,37.57709884643555,123.49667358398438,169.2100067138672,50.40999984741211,66.6887435913086,21.354238510131836,16.18000030517578
2021-07-12,408.5084533691406,33.9921989440918,72.87266540527344,21.9957218170166,118.92308044433594,96.09173583984375,88.16390228271484,61.37617874145508,27.87832260131836,37.69935607910156,123.33658599853516,169.0,50.310001373291016,66.666015625,21.380098342895508,16.170000076293945
2021-07-13,407.1158142089844,33.62540817260742,73.17123413085938,21.828989028930664,118.81240844726562,95.16447448730469,87.1082763671875,61.358642578125,27.66754913330078,37.355194091796875,122.39262390136719,169.22000122070312,51.150001525878906,66.4689712524414,21.509414672851562,17.1200008392334
2021-07-14,407.7232360839844,33.46952438354492,73.71061706542969,21.178749084472656,118.7017593383789,95.15521240234375,86.94994354248047,61.90195846557617,27.908430099487305,37.27821350097656,123.7832260131836,171.0399932861328,49.70000076293945,66.5750503540039,21.405961990356445,16.329999923706055
2021-07-15,406.3306884765625,33.57956314086914,73.10380554199219,20.882801055908203,118.28678131103516,95.34065246582031,86.47970581054688,62.15607452392578,28.22245216369629,37.28274154663086,125.14862823486328,171.07000732421875,49.040000915527344,66.52959442138672,21.466310501098633,17.010000228881836
2021-07-16,403.14361572265625,33.12106704711914,72.38143157958984,20.29091453552246,118.60955047607422,94.4968490600586,85.41446685791016,62.25246810913086,28.506345748901367,36.72120666503906,124.91270446777344,169.41000366210938,49.13999938964844,66.43865203857422,21.49217414855957,18.450000762939453
2021-07-19,397.19000244140625,32.19493103027344,71.38456726074219,19.5739803314209,117.36461639404297,92.52178955078125,84.43562316894531,62.068450927734375,28.0546932220459,35.933258056640625,127.65168762207031,169.61000061035156,45.84000015258789,65.99154663085938,21.52665901184082,22.5
2021-07-20,402.8819885253906,32.992698669433594,72.44403839111328,19.836580276489258,118.79397583007812,95.1088638305664,85.99506378173828,62.085975646972656,28.17513084411621,36.340824127197266,126.42127990722656,169.38999938964844,46.5099983215332,66.32498168945312,21.552522659301758,19.729999542236328
2021-07-21,406.143798828125,33.56122589111328,73.14234924316406,20.528505325317383,118.98764038085938,96.01756286621094,86.78679656982422,61.928245544433594,27.865421295166016,36.73931884765625,124.81990814208984,168.75999450683594,48.27000045776367,66.484130859375,21.500797271728516,17.90999984741211
2021-07-22,406.9942626953125,33.194427490234375,73.68172454833984,20.29925537109375,119.86370849609375,95.66520690917969,87.16106414794922,61.823089599609375,27.908430099487305,36.75292205810547,125.99981689453125,169.08999633789062,49.16999816894531,66.52201080322266,21.52665901184082,17.690000534057617
2021-07-23,411.1814270019531,33.249446868896484,74.4136962890625,20.224227905273438,121.24693298339844,96.07321166992188,87.93840789794922,62.56794357299805,28.26546859741211,37.01103591918945,125.15702056884766,168.55999755859375,49.470001220703125,66.65084075927734,21.535276412963867,17.200000762939453
2021-07-26,412.19085693359375,33.44200897216797,74.37519836425781,20.724409103393555,120.463134765625,96.02684020996094,88.59095764160156,62.67311096191406,28.274072647094727,37.32350158691406,124.78614807128906,168.16000366210938,49.66999816894531,66.55233764648438,21.466310501098633,17.579999923706055
2021-07-27,410.312255859375,33.432838439941406,73.67208862304688,20.532670974731445,121.025634765625,95.49829864501953,87.69365692138672,62.804534912109375,28.760143280029297,37.373321533203125,126.11791229248047,168.44000244140625,49.470001220703125,66.46139526367188,21.431827545166016,19.360000610351562
2021-07-28,410.14398193359375,33.386985778808594,73.5805892944336,20.720243453979492,121.45906829833984,95.27574920654297,87.41059112548828,62.25246810913086,28.540769577026367,37.48198318481445,126.12620544433594,169.2899932861328,49.720001220703125,66.5144271850586,21.371482849121094,18.309999465942383
2021-07-29,411.8450012207031,33.7537841796875,73.9225082397461,20.920318603515625,121.75418090820312,96.02684020996094,88.39424133300781,62.559165954589844,28.61819076538086,37.89409255981445,125.42670440673828,171.1699981689453,50.63999938964844,66.6584243774414,21.29388999938965,17.700000762939453
2021-07-30,409.8448791503906,33.48786926269531,73.87435150146484,20.58686065673828,121.86480712890625,95.84138488769531,86.57566833496094,62.664337158203125,28.377307891845703,38.04804611206055,126.01676177978516,169.82000732421875,50.65999984741211,66.5675048828125,21.354238510131836,18.239999771118164
2021-08-02,408.9850769042969,33.49702453613281,73.60948181152344,20.43263816833496,122.03079986572266,95.18301391601562,86.8251724243164,62.40143585205078,28.596689224243164,37.586143493652344,127.14070892333984,169.61000061035156,49.18000030517578,66.40249633789062,21.3283748626709,19.459999084472656
2021-08-03,412.3122863769531,33.87299346923828,74.08143615722656,20.782766342163086,123.72760772705078,96.4255599975586,87.4681625366211,62.68185043334961,28.760143280029297,37.97559356689453,127.20816802978516,169.49000549316406,48.849998474121094,66.47853088378906,21.33699607849121,18.040000915527344
2021-08-04,410.28424072265625,33.5887336730957,74.23072052001953,20.220054626464844,123.20194244384766,95.11812591552734,86.61886596679688,61.86690902709961,28.71712875366211,37.61331558227539,127.46979522705078,169.52999877929688,47.20000076293945,66.3569107055664,21.371482849121094,17.969999313354492
2021-08-05,412.8824462890625,34.02888488769531,74.64005279541016,20.449308395385742,122.69476318359375,95.56320190429688,87.44896697998047,62.16484832763672,29.031137466430664,37.55897521972656,126.8200454711914,168.86000061035156,48.099998474121094,66.50894165039062,21.371482849121094,17.280000686645508
2021-08-06,413.5647277832031,34.71660614013672,74.57745361328125,20.636877059936523,122.59333801269531,96.00830078125,86.85396575927734,62.16484832763672,29.013931274414062,38.102394104003906,124.70198059082031,164.63999938964844,47.56999969482422,66.43290710449219,21.49217414855957,16.149999618530273
2021-08-09,413.228271484375,34.80830383300781,74.33665466308594,20.345102310180664,123.06363677978516,95.62810516357422,86.7340087890625,62.39268112182617,29.00533103942871,38.05710220336914,124.25482940673828,161.72000122070312,46.599998474121094,66.28083801269531,21.535276412963867,16.719999313354492
2021-08-10,413.7423095703125,35.17509460449219,73.8021240234375,20.703571319580078,122.77777099609375,96.60172271728516,87.07469940185547,62.839595794677734,29.035444259643555,38.632225036621094,123.68096923828125,161.77000427246094,47.68000030517578,66.12879180908203,21.552522659301758,16.790000915527344
2021-08-11,414.77044677734375,35.57855987548828,73.8117446899414,20.866130828857422,121.56050872802734,97.85354614257812,87.32899475097656,63.04991149902344,29.306440353393555,39.17564010620117,123.60508728027344,164.0,48.29999923706055,66.23523712158203,21.509414672851562,16.170000076293945
2021-08-12,416.0134582519531,35.64275360107422,74.23553466796875,20.845285415649414,122.51956176757812,97.66809844970703,87.36737060546875,63.01486587524414,29.336545944213867,39.11222839355469,123.40241241455078,164.0399932861328,48.099998474121094,66.34930419921875,21.535276412963867,15.59000015258789
2021-08-13,416.7705078125,35.376827239990234,74.64005279541016,20.599361419677734,123.28495025634766,97.36209869384766,87.11787414550781,63.54063415527344,29.54302406311035,39.14845657348633,125.35169982910156,166.38999938964844,47.43000030517578,66.4937515258789,21.431827545166016,15.449999809265137
2021-08-16,417.75189208984375,35.285133361816406,74.97715759277344,20.220054626464844,124.6866455078125,97.6958999633789,86.71480560302734,63.90869140625,29.72369384765625,38.953731536865234,125.6555404663086,167.22000122070312,47.040000915527344,66.51656341552734,21.449068069458008,16.1200008392334
2021-08-17,415.0134582519531,35.03754425048828,74.35591888427734,20.011640548706055,126.162109375,96.63884735107422,84.65634155273438,63.9437255859375,29.74090003967285,38.50542068481445,125.60494232177734,166.97000122070312,46.58000183105469,66.36447143554688,21.578384399414062,17.90999984741211
2021-08-18,410.47113037109375,34.606571197509766,73.33014678955078,19.594820022583008,124.24398040771484,95.58177185058594,84.95864868164062,63.14628982543945,29.59033966064453,38.05710220336914,126.0268783569336,167.10000610351562,45.400001525878906,66.21244049072266,21.578384399414062,21.56999969482422
2021-08-19,411.1066589355469,34.349822998046875,74.04771423339844,19.0863037109375,124.8065414428711,94.91413879394531,84.41645050048828,63.65456008911133,29.710783004760742,37.71746826171875,126.95507049560547,166.61000061035156,44.77000045776367,66.2048110961914,21.68183708190918,21.670000076293945
2021-08-20,414.3778076171875,34.56072235107422,75.00126647949219,19.12798500061035,125.51659393310547,95.16447448730469,85.22734832763672,63.75971221923828,30.080718994140625,37.93936538696289,127.03944396972656,166.6999969482422,43.43000030517578,66.36447143554688,21.655975341796875,18.559999465942383
2021-08-23,418.02294921875,34.84497833251953,75.96923065185547,19.84491729736328,125.56271362304688,95.94338989257812,86.32615661621094,63.558170318603516,29.693578720092773,38.26541519165039,126.95507049560547,168.72999572753906,45.849998474121094,66.56975555419922,21.52665901184082,17.149999618530273
2021-08-24,418.6865539550781,35.055877685546875,75.88253784179688,20.174203872680664,125.12005615234375,96.4255599975586,86.93555450439453,63.07619857788086,29.500015258789062,38.50542068481445,125.96780395507812,168.64999389648438,47.369998931884766,66.66099548339844,21.509414672851562,17.219999313354492
2021-08-25,419.56512451171875,35.46852493286133,75.83917236328125,20.328432083129883,124.77887725830078,97.04682922363281,87.27142333984375,62.971031188964844,29.555927276611328,38.682037353515625,124.92138671875,167.47999572753906,47.810001373291016,66.72941589355469,21.49217414855957,16.790000915527344
2021-08-26,417.0882873535156,35.29429626464844,75.3624267578125,20.01998519897461,124.29010772705078,96.62027740478516,86.46531677246094,62.68185043334961,29.482807159423828,38.41485595703125,125.26736450195312,167.6699981689453,47.47999954223633,66.6914291381836,21.552522659301758,18.84000015258789
2021-08-27,420.8175048828125,35.76194763183594,76.0896224975586,20.553518295288086,124.15180969238281,97.28790283203125,87.2522201538086,62.90095520019531,29.474205017089844,38.92203903198242,126.11970520019531,170.19000244140625,48.150001525878906,66.87386322021484,21.45768928527832,16.389999389648438
2021-08-30,422.6680603027344,35.25762176513672,76.90829467773438,20.31175994873047,124.8526382446289,97.17664337158203,87.90959930419922,63.18135070800781,29.517213821411133,38.88127899169922,126.44880676269531,169.35000610351562,48.400001525878906,66.95750427246094,21.45768928527832,16.190000534057617
2021-08-31,422.04193115234375,35.2117805480957,76.5037612915039,20.174203872680664,124.6866455078125,96.90773010253906,88.1207275390625,63.32156753540039,29.482807159423828,38.76807403564453,125.58804321289062,169.69000244140625,48.040000915527344,66.97270965576172,21.45768928527832,16.479999542236328
2021-09-01,422.2660827636719,35.010040283203125,76.52304077148438,19.878259658813477,124.72354125976562,96.53683471679688,88.11592102050781,63.65456008911133,29.869945526123047,38.66843795776367,125.79840087890625,169.6999969482422,47.93000030517578,67.02989959716797,21.414587020874023,16.110000610351562
2021-09-02,423.5653381347656,35.12924575805664,76.441162109375,20.382617950439453,126.06069946289062,97.57536315917969,88.11112976074219,63.899906158447266,30.14094352722168,38.917510986328125,126.34760284423828,169.25,48.95000076293945,67.11378479003906,21.36285972595215,16.40999984741211
2021-09-03,423.4624938964844,34.9091682434082,76.74458312988281,20.265905380249023,126.19898223876953,96.9819107055664,88.05836486816406,63.8210563659668,29.891456604003906,38.65938949584961,125.19857025146484,171.05999755859375,48.65999984741211,67.12142181396484,21.319751739501953,16.40999984741211
2021-09-07,421.9483947753906,34.69826889038086,76.76382446289062,20.145030975341797,125.46127319335938,95.30357360839844,88.31745147705078,63.08495330810547,29.495704650878906,38.405799865722656,124.14242553710938,167.7100067138672,48.040000915527344,66.94599914550781,21.423206329345703,18.139999389648438
2021-09-08,421.434326171875,34.61574172973633,76.47006225585938,19.886592864990234,125.40593719482422,95.43339538574219,88.41822814941406,63.62826156616211,30.02480125427246,38.038997650146484,124.9873275756836,167.2899932861328,48.59000015258789,67.02227020263672,21.45768928527832,17.959999084472656
2021-09-09,419.6304626464844,34.71660614013672,76.18109893798828,19.92827796936035,123.95814514160156,94.96977233886719,88.30303955078125,63.26023864746094,29.86134147644043,38.05257797241211,126.49967956542969,168.02999877929688,47.75,67.08328247070312,21.405961990356445,18.799999237060547
2021-09-10,416.3218994140625,34.45985412597656,75.42987823486328,19.91994285583496,122.8238525390625,94.54322052001953,87.7608413696289,62.988548278808594,29.444087982177734,38.043521881103516,125.3843994140625,167.17999267578125,48.79999923706055,66.98413848876953,21.44045066833496,20.950000762939453
2021-09-13,417.387451171875,34.854148864746094,75.45392608642578,20.490991592407227,122.06768035888672,94.7935791015625,87.9767837524414,63.14628982543945,29.392473220825195,38.03445816040039,126.14488983154297,167.74000549316406,49.47999954223633,67.15193939208984,21.44045066833496,19.3700008392334
2021-09-14,415.1349182128906,34.386497497558594,75.35762023925781,20.195049285888672,122.04923248291016,93.65304565429688,87.68407440185547,62.85712814331055,29.293535232543945,37.61784744262695,127.67410278320312,168.82000732421875,49.310001373291016,67.12142181396484,21.44045066833496,19.459999084472656
2021-09-15,418.60235595703125,34.71660614013672,76.0173568725586,20.949499130249023,122.84231567382812,94.68231201171875,88.25027465820312,63.08495330810547,29.254819869995117,38.0163459777832,127.22628784179688,167.8300018310547,50.689998626708984,67.2205581665039,21.3973445892334,18.18000030517578
2021-09-16,417.9388427734375,34.61574172973633,76.06072235107422,20.711904525756836,122.52876281738281,94.03324890136719,88.65331268310547,62.87465286254883,29.009634017944336,37.60425567626953,126.64329528808594,164.02999877929688,50.70000076293945,67.19768524169922,21.49217414855957,18.690000534057617
2021-09-17,413.8676452636719,34.45985412597656,74.87603759765625,20.557682037353516,122.64865112304688,93.03180694580078,88.34143829345703,62.532894134521484,28.562278747558594,36.829898834228516,126.03507232666016,163.77000427246094,50.31999969482422,67.11378479003906,21.569765090942383,20.809999465942383
2021-09-20,406.96673583984375,33.66047668457031,73.51221466064453,19.929916381835938,121.3687744140625,91.96480560302734,86.32554626464844,61.90860366821289,28.50983428955078,36.1221809387207,127.59809112548828,164.94000244140625,49.599998474121094,66.87738800048828,21.578384399414062,25.709999084472656
2021-09-21,406.5823059082031,33.61441421508789,73.5411605834961,19.976322174072266,121.55386352539062,91.48106384277344,86.4552993774414,61.83805847167969,28.43181610107422,36.035770416259766,127.4881820678711,166.0399932861328,49.58000183105469,66.99176025390625,21.561140060424805,24.360000610351562
2021-09-22,410.5484619140625,34.17620086669922,74.5494384765625,20.592275619506836,121.75747680664062,92.2066650390625,87.63263702392578,62.01441192626953,28.414478302001953,36.408729553222656,128.2486114501953,165.4199981689453,50.47999954223633,67.11378479003906,21.621488571166992,20.8700008392334
2021-09-23,415.53668212890625,35.01426315307617,75.54805755615234,21.313701629638672,122.6366195678711,93.62064361572266,88.52165985107422,62.243675231933594,28.26278305053711,36.92722702026367,125.35066986083984,163.50999450683594,51.380001068115234,67.14431762695312,21.535276412963867,18.6299991607666
2021-09-24,416.2210998535156,35.19844436645508,75.60111999511719,21.474021911621094,122.13688659667969,93.81599426269531,88.85320281982422,62.2701416015625,28.23244857788086,36.872650146484375,124.12557983398438,163.3000030517578,51.81999969482422,67.04515075683594,21.595626831054688,17.75
2021-09-27,415.0302734375,35.67734146118164,74.86782836914062,22.237632751464844,120.39710998535156,93.90902709960938,89.32897186279297,61.98795700073242,27.898717880249023,37.1591911315918,123.66924285888672,163.63999938964844,52.90999984741211,66.98413848876953,21.621488571166992,18.760000228881836
2021-09-28,406.6667175292969,35.08792495727539,72.64866638183594,22.313570022583008,118.33341979980469,92.82061767578125,87.60860443115234,61.25608825683594,27.54765510559082,36.69981384277344,121.74288177490234,162.0500030517578,52.400001525878906,66.67909240722656,21.699079513549805,23.25
2021-09-29,407.3511962890625,35.115570068359375,72.55699920654297,22.313570022583008,119.26810455322266,92.92294311523438,87.69511413574219,61.811614990234375,27.907386779785156,36.54972839355469,121.9540786743164,161.32000732421875,52.31999969482422,66.8011474609375,21.854257583618164,22.559999465942383
2021-09-30,402.3724060058594,34.5629997253418,72.03597259521484,21.976064682006836,117.8059310913086,91.01593017578125,86.2342529296875,60.70058059692383,27.68634605407715,35.981201171875,121.93718719482422,164.22000122070312,52.560001373291016,66.72486114501953,21.819772720336914,23.139999389648438
2021-10-01,407.1542663574219,35.13397979736328,73.1214599609375,22.71436309814453,117.83369445800781,92.2624740600586,86.88298797607422,60.859291076660156,27.68634605407715,36.55427932739258,122.96337127685547,164.58999633789062,53.2599983215332,66.88477325439453,21.77666664123535,21.100000381469727
2021-10-04,401.90362548828125,34.830078125,71.42814636230469,23.08562660217285,116.03836822509766,91.76013946533203,86.19581604003906,60.66530227661133,28.0677490234375,36.395076751708984,122.65032958984375,165.36000061035156,54.4900016784668,66.6475830078125,21.707700729370117,22.959999084472656
2021-10-05,406.0854187011719,35.511573791503906,72.446044921875,23.220626831054688,116.73243713378906,92.78340911865234,86.54180908203125,60.97392654418945,27.998403549194336,36.7180061340332,121.4659423828125,164.58999633789062,55.630001068115234,66.61695098876953,21.750804901123047,21.299999237060547
2021-10-06,407.7731018066406,35.54840850830078,72.91883850097656,22.975936889648438,116.51962280273438,93.19271087646484,86.81571197509766,61.56471633911133,28.43181610107422,36.649784088134766,122.15120697021484,165.02999877929688,54.15999984741211,66.57868194580078,21.8111515045166,21.0
2021-10-07,411.29852294921875,35.760231018066406,73.5845718383789,23.15312957763672,118.06504821777344,93.91832733154297,88.1660385131836,61.83805847167969,28.280120849609375,37.127349853515625,120.87380981445312,164.16000366210938,55.36000061035156,66.58633422851562,21.80253028869629,19.540000915527344
2021-10-08,410.5484619140625,35.935203552246094,73.30960083007812,23.86611557006836,117.4727783203125,93.90902709960938,87.76239776611328,61.76750564575195,28.072080612182617,36.92268753051758,120.02784729003906,164.22999572753906,55.470001220703125,66.38739013671875,21.785289764404297,18.770000457763672
2021-10-11,407.576171875,35.576045989990234,72.90435028076172,23.777517318725586,116.55660247802734,93.15550994873047,87.40676879882812,61.749874114990234,27.690683364868164,36.92722702026367,119.7232437133789,163.9199981689453,56.18000030517578,66.18079376220703,21.84563446044922,20.0
2021-10-12,406.5728454589844,35.46552658081055,72.528076171875,23.79861068725586,115.99211120605469,92.84852600097656,88.0987548828125,61.776344299316406,27.87704849243164,36.97726821899414,121.77054595947266,164.66000366210938,56.11000061035156,66.30322265625,21.871498107910156,19.850000381469727
2021-10-13,408.0357360839844,35.262916564941406,72.97189331054688,23.777517318725586,116.17719268798828,93.04387664794922,88.5312728881836,61.890968322753906,28.202110290527344,37.254703521728516,122.95489501953125,167.58999633789062,56.15999984741211,66.47920989990234,21.750804901123047,18.639999389648438
2021-10-14,414.8990783691406,35.852317810058594,74.61697387695312,24.068620681762695,117.84294128417969,94.80205535888672,89.45872497558594,62.58755874633789,28.548837661743164,38.15980529785156,123.4117202758789,168.0,56.810001373291016,66.85416412353516,21.750804901123047,16.860000610351562
2021-10-15,418.0588684082031,36.38645935058594,75.21517944335938,24.186750411987305,118.42596435546875,95.71369934082031,90.82828521728516,62.43765640258789,28.466487884521484,38.273502349853516,122.69265747070312,165.3300018310547,57.150001525878906,66.73937225341797,21.724943161010742,16.299999237060547
2021-10-18,419.2966003417969,36.39567947387695,75.85198211669922,24.203624725341797,117.62084197998047,95.7788314819336,91.93834686279297,62.06732940673828,28.193443298339844,38.246212005615234,123.26792907714844,164.9199981689453,56.959999084472656,66.7087631225586,21.73356056213379,16.309999465942383
2021-10-19,422.5312805175781,36.75484848022461,76.60455322265625,24.47784996032715,119.1662826538086,96.34630584716797,91.67886352539062,62.09377670288086,28.548837661743164,38.44633865356445,121.5674819946289,165.4499969482422,57.41999816894531,66.7546615600586,21.68183708190918,15.699999809265137
2021-10-20,424.19097900390625,37.0495491027832,76.39228820800781,24.67613983154297,120.86906433105469,96.95096588134766,91.61156463623047,62.455299377441406,28.999588012695312,38.755619049072266,120.74691009521484,166.89999389648438,58.119998931884766,66.77762603759766,21.64735221862793,15.489999771118164
2021-10-21,425.2973327636719,36.89298629760742,76.68659973144531,24.220500946044922,121.35952758789062,97.14630889892578,92.95711517333984,62.375938415527344,28.999588012695312,38.65555953979492,120.60310363769531,166.75,57.40999984741211,66.60932922363281,21.699079513549805,15.010000228881836
2021-10-22,424.85662841796875,37.408714294433594,76.42123413085938,24.448322296142578,121.8499984741211,97.49049377441406,92.62552642822266,62.860904693603516,29.146949768066406,38.582794189453125,121.93125915527344,167.77000427246094,58.029998779296875,66.44859313964844,21.655975341796875,15.430000305175781
2021-10-25,427.1350402832031,37.3626708984375,76.67208862304688,24.80692481994629,121.99808502197266,97.7137680053711,94.92255401611328,62.816837310791016,29.021257400512695,38.969390869140625,121.7451171875,168.92999267578125,57.83000183105469,66.56336975097656,21.69045639038086,15.239999771118164
2021-10-26,427.51959228515625,37.39029312133789,76.88920593261719,24.950361251831055,122.59959411621094,97.1091079711914,94.93696594238281,63.03724670410156,29.177289962768555,39.078548431396484,122.75187683105469,167.67999267578125,58.45000076293945,66.57868194580078,21.73356056213379,15.979999542236328
2021-10-27,425.62542724609375,36.77326965332031,76.8216552734375,24.2331600189209,121.62792205810547,95.97418975830078,95.14839172363281,62.66691970825195,28.982248306274414,38.51911544799805,124.98528289794922,168.1199951171875,56.900001525878906,66.52513122558594,21.724943161010742,16.979999542236328
2021-10-28,429.73236083984375,37.22452163696289,77.59355163574219,24.406131744384766,122.6458969116211,97.1742172241211,96.41223907470703,62.88736343383789,29.172945022583008,38.90116500854492,124.56231689453125,168.0800018310547,57.400001525878906,66.69344329833984,21.595626831054688,16.530000686645508
2021-10-29,430.60418701171875,37.077178955078125,77.9264144897461,24.245811462402344,123.83966064453125,97.20211029052734,96.662109375,62.825645446777344,28.999588012695312,38.71467971801758,124.94295501708984,166.64999389648438,57.150001525878906,66.51747131347656,21.768047332763672,16.260000228881836
2021-11-01,431.3450012207031,37.0955924987793,77.81063842773438,24.66348648071289,123.69158935546875,97.47187805175781,98.43534851074219,62.922637939453125,29.10360336303711,38.8056640625,124.04341888427734,167.52000427246094,57.529998779296875,66.44609832763672,21.699079513549805,16.40999984741211
2021-11-02,433.0889587402344,37.18769073486328,78.49569702148438,24.43144416809082,124.46894836425781,97.7974853515625,97.7721939086914,63.34586715698242,29.129610061645508,39.24684524536133,124.59394073486328,167.16000366210938,57.529998779296875,66.60730743408203,21.750804901123047,16.030000686645508
2021-11-03,435.73309326171875,37.325828552246094,78.95399475097656,24.228939056396484,125.20004272460938,97.58354187011719,99.53099060058594,63.936676025390625,29.021257400512695,39.65618896484375,123.30648040771484,165.77000427246094,55.34000015258789,66.73777770996094,21.699079513549805,15.100000381469727
2021-11-04,437.78656005859375,36.837730407714844,80.1889877319336,24.26268768310547,124.33943176269531,97.97422790527344,100.87171173095703,63.998382568359375,28.860891342163086,39.63344192504883,124.60246276855469,167.64999389648438,54.91999816894531,66.91433715820312,21.8111515045166,15.4399995803833
2021-11-05,439.3055114746094,36.85615158081055,80.60389709472656,24.579103469848633,122.95126342773438,98.9696044921875,101.52047729492188,64.36872100830078,29.133943557739258,39.942718505859375,126.46599578857422,169.83999633789062,56.54999923706055,67.16766357421875,21.79391098022461,16.479999542236328
2021-11-08,439.6804504394531,37.05875778198242,81.0380630493164,24.802703857421875,123.6823501586914,99.37890625,100.08361053466797,63.8572883605957,28.700532913208008,40.443023681640625,126.22877502441406,170.4499969482422,57.09000015258789,67.08321380615234,21.750804901123047,17.219999313354492
2021-11-09,438.22723388671875,36.85615158081055,80.70519256591797,24.903953552246094,123.22889709472656,99.63006591796875,98.23351287841797,64.07774353027344,28.847888946533203,40.6295051574707,127.87213134765625,171.2899932861328,57.970001220703125,67.1369400024414,21.724943161010742,17.780000686645508
2021-11-10,434.70166015625,36.79167938232422,79.37368774414062,24.245811462402344,123.58055114746094,99.07191467285156,97.86829376220703,64.27172088623047,29.08193016052246,40.352054595947266,125.53424835205078,173.14999389648438,56.31999969482422,66.76083374023438,21.95770835876465,18.729999542236328
2021-11-11,434.84234619140625,36.89298629760742,79.74517059326172,24.3386287689209,123.21965789794922,98.66260528564453,97.60400390625,64.22764587402344,28.90423583984375,40.67498779296875,125.34785461425781,174.1199951171875,56.220001220703125,66.64568328857422,22.009435653686523,17.65999984741211
2021-11-12,438.1240539550781,36.97587203979492,80.71483612060547,24.279563903808594,123.83039855957031,99.44400787353516,97.93077850341797,64.22764587402344,28.886903762817383,40.979713439941406,124.79724884033203,174.4499969482422,55.97999954223633,66.668701171875,21.983572006225586,16.290000915527344
2021-11-15,438.2740173339844,36.97587203979492,80.63282012939453,24.482067108154297,123.06233978271484,99.63006591796875,97.84908294677734,64.53626251220703,29.26829719543457,40.79323959350586,123.23021697998047,174.17999267578125,56.06999969482422,66.5919418334961,22.104265213012695,16.489999771118164
2021-11-16,440.0086364746094,36.939029693603516,81.48188018798828,24.520038604736328,123.58055114746094,99.64867401123047,99.39163208007812,64.13064575195312,29.129610061645508,40.679534912109375,122.91676330566406,172.9199981689453,56.20000076293945,66.62264251708984,22.190475463867188,16.3700008392334
2021-11-17,438.9397888183594,36.51539993286133,81.2358627319336,24.14455795288086,123.75636291503906,99.0533218383789,100.02596282958984,63.98956298828125,29.155616760253906,40.41118621826172,123.890869140625,174.5,55.0,66.5535659790039,22.147371292114258,17.110000610351562
2021-11-18,440.4305725097656,36.33121871948242,82.04632568359375,24.001117706298828,123.8026351928711,98.84866333007812,101.1600341796875,63.76030349731445,29.003921508789062,40.238346099853516,124.35677337646484,173.94000244140625,55.54999923706055,66.49981689453125,22.087024688720703,17.59000015258789
2021-11-19,439.6429748535156,35.935203552246094,82.64453887939453,23.06452751159668,123.05304718017578,98.35565185546875,101.59734344482422,63.53105545043945,29.168615341186523,40.165584564208984,125.66976165771484,172.61000061035156,53.779998779296875,66.44609832763672,22.1990966796875,17.90999984741211
2021-11-22,438.4052734375,36.44172668457031,81.72309875488281,23.47376251220703,122.497802734375,98.6253890991211,101.34265899658203,64.03365325927734,29.346315383911133,40.22926330566406,124.19586944580078,168.74000549316406,54.45000076293945,66.1927490234375,22.311166763305664,19.170000076293945
2021-11-23,438.9866027832031,37.01271057128906,81.53498077392578,24.1951904296875,122.62735748291016,98.7928466796875,100.60740661621094,64.4568862915039,29.37665367126465,40.27019500732422,122.40010833740234,167.27999877929688,56.20000076293945,66.10065460205078,22.30255126953125,19.3799991607666
2021-11-24,440.15869140625,36.92982482910156,82.12835693359375,24.43144416809082,122.58108520507812,98.68122100830078,100.81404113769531,64.2629165649414,29.393991470336914,39.9836540222168,124.36528778076172,167.1199951171875,55.880001068115234,66.08529663085938,22.388757705688477,18.579999923706055
2021-11-26,430.34173583984375,35.70497131347656,80.07804870605469,23.44845199584961,122.12763214111328,96.01139831542969,98.06531524658203,63.45168685913086,28.9345760345459,39.29686737060547,127.50785064697266,166.85000610351562,49.630001068115234,65.60938262939453,22.216339111328125,28.6200008392334
2021-11-29,435.6205139160156,35.81547927856445,82.08009338378906,23.583450317382812,122.46078491210938,96.1788330078125,99.58865356445312,63.61039733886719,29.3636531829834,39.478797912597656,126.48286437988281,166.6199951171875,50.16999816894531,66.0162124633789,22.259443283081055,22.959999084472656
2021-11-30,427.1444396972656,34.959007263183594,81.39506530761719,23.030780792236328,120.0547103881836,93.7415771484375,98.2431411743164,61.97914123535156,28.505491256713867,38.50092315673828,128.4057159423828,165.5,47.90999984741211,65.73986053466797,22.155990600585938,27.190000534057617
2021-12-01,422.40008544921875,34.57220458984375,80.28067779541016,22.786087036132812,119.84186553955078,92.43923950195312,96.46990966796875,61.67934799194336,28.55750846862793,38.109771728515625,129.19786071777344,166.16000366210938,47.040000915527344,65.7491226196289,22.216339111328125,31.1200008392334
2021-12-02,428.86962890625,35.603660583496094,81.01878356933594,23.44845199584961,120.42487335205078,95.1834716796875,97.8442611694336,62.331844329833984,28.921571731567383,38.887516021728516,129.35903930664062,165.24000549316406,48.290000915527344,66.23430633544922,22.224960327148438,27.950000762939453
2021-12-03,425.1379699707031,35.02346420288086,79.66315460205078,23.262819290161133,120.64697265625,95.07182312011719,95.94131469726562,63.10780715942383,29.21195411682129,38.80110549926758,130.90252685546875,166.6300048828125,48.0,66.23430633544922,22.216339111328125,30.670000076293945
2021-12-06,430.17303466796875,35.5576171875,80.42054748535156,23.608766555786133,121.33180236816406,96.68119049072266,97.03693389892578,64.21881866455078,29.658370971679688,39.36963653564453,129.1045379638672,166.22000122070312,50.5099983215332,66.52694702148438,22.250823974609375,27.18000030517578
2021-12-07,439.071044921875,36.19306945800781,83.228271484375,24.161434173583984,122.89572143554688,97.66724395751953,99.30033874511719,64.35989379882812,29.879411697387695,39.970008850097656,128.06137084960938,166.80999755859375,51.59000015258789,66.88126373291016,22.259443283081055,21.889999389648438
2021-12-08,440.233642578125,35.99966812133789,83.6093978881836,24.15721893310547,123.82115173339844,97.90910339355469,99.55022430419922,64.1571044921875,29.84907341003418,40.138282775878906,125.84794616699219,166.89999389648438,52.41999816894531,66.86585998535156,22.155990600585938,19.899999618530273
2021-12-09,437.26141357421875,35.925994873046875,82.70728302001953,23.971586227416992,124.1080322265625,97.60212707519531,97.82506561279297,64.33344268798828,29.810060501098633,39.91542434692383,126.55180358886719,165.8800048828125,51.02000045776367,66.5654525756836,22.23358154296875,21.579999923706055
2021-12-10,441.3775939941406,35.96282958984375,84.3668212890625,24.148780822753906,124.5429916381836,98.00213623046875,98.5074234008789,65.41802215576172,29.970428466796875,40.16102981567383,126.24649810791016,166.5800018310547,52.029998779296875,66.71952056884766,22.1990966796875,18.690000534057617
2021-12-13,437.4676818847656,35.576045989990234,83.11249542236328,23.477983474731445,125.71830749511719,96.98815155029297,95.97013092041016,66.2733383178711,30.338834762573242,39.91996765136719,128.11227416992188,167.0,51.439998626708984,66.71952056884766,22.268062591552734,20.309999465942383
2021-12-14,434.4578857421875,35.7878532409668,81.74722290039062,23.380949020385742,125.20928192138672,96.06720733642578,95.41270446777344,66.31741333007812,30.156795501708984,39.8790397644043,127.80695343017578,165.44000244140625,50.91999816894531,66.60399627685547,22.311166763305664,21.889999389648438
2021-12-15,441.2464294433594,35.889163970947266,83.913330078125,23.267038345336914,127.772705078125,96.90443420410156,96.6236801147461,66.9875717163086,30.6508846282959,39.9654541015625,126.57723999023438,166.14999389648438,51.619998931884766,66.858154296875,22.276687622070312,19.290000915527344
2021-12-16,437.3551940917969,36.34041976928711,81.53498077392578,23.414695739746094,128.5315704345703,96.95096588134766,94.49005889892578,67.4637222290039,30.806917190551758,40.37480163574219,126.6264877319336,168.16000366210938,51.869998931884766,66.80867004394531,22.181854248046875,20.56999969482422
2021-12-17,432.700439453125,35.539207458496094,80.98983764648438,22.937963485717773,127.63386535644531,95.29512023925781,93.84610748291016,66.30859375,30.343164443969727,39.86994552612305,128.0613555908203,167.8000030517578,50.779998779296875,66.74687957763672,22.337032318115234,21.56999969482422
2021-12-20,428.099365234375,34.848880767822266,80.02652740478516,22.653779983520508,126.86095428466797,93.7684097290039,92.33110046386719,66.32814025878906,30.37199592590332,39.15773391723633,127.10197448730469,167.08999633789062,49.900001525878906,66.63095092773438,22.311166763305664,22.8700008392334
2021-12-21,435.70196533203125,35.570655822753906,82.05172729492188,23.299076080322266,127.39049530029297,95.63591003417969,94.72298431396484,66.23934173583984,30.32831573486328,39.65143966674805,126.61800384521484,167.02000427246094,51.56999969482422,66.9864501953125,22.28530502319336,21.010000228881836
2021-12-22,440.05841064453125,35.737220764160156,83.124755859375,23.448650360107422,128.87686157226562,95.9067153930664,96.45075225830078,66.65660858154297,30.459352493286133,39.96685791015625,127.20386505126953,168.58999633789062,52.47999954223633,67.16419982910156,22.1990966796875,18.6299991607666
2021-12-23,442.79656982421875,35.92229461669922,83.58873748779297,23.461467742919922,129.4063720703125,97.03655242919922,97.78864288330078,66.80754852294922,30.454988479614258,40.36913299560547,126.10012817382812,168.97000122070312,53.130001068115234,67.3573989868164,22.181854248046875,17.959999084472656
2021-12-27,449.0630798339844,36.29243469238281,85.38192749023438,23.974287033081055,130.77197265625,98.06370544433594,98.74156951904297,67.51777648925781,30.603506088256836,40.977108001708984,126.4057388305664,169.3699951171875,54.52000045776367,67.42694091796875,22.190475463867188,17.68000030517578
2021-12-28,448.69610595703125,36.310943603515625,84.93724060058594,23.957199096679688,130.42820739746094,98.55860137939453,98.7848892211914,67.89956665039062,30.878704071044922,41.214813232421875,125.9048843383789,168.63999938964844,54.66999816894531,67.39603424072266,22.216339111328125,17.540000915527344
2021-12-29,449.2700500488281,36.264678955078125,85.00977325439453,23.803348541259766,131.17141723632812,98.73599243164062,98.98220825195312,68.21028900146484,31.044696807861328,41.383949279785156,124.52934265136719,168.58999633789062,55.08000183105469,67.28784942626953,22.155990600585938,16.950000762939453
2021-12-30,448.02813720703125,36.19990539550781,84.44908142089844,23.658052444458008,131.44085693359375,98.38117980957031,98.62606048583984,67.99720764160156,31.15826416015625,41.23767852783203,125.57371520996094,169.8000030517578,55.099998474121094,67.25691986083984,22.190475463867188,17.329999923706055
2021-12-31,446.8990173339844,36.1351318359375,84.03824615478516,23.717880249023438,130.88343811035156,98.8013687133789,98.39025115966797,68.45885467529297,31.267475128173828,41.4205322265625,125.81987762451172,170.9600067138672,54.36000061035156,67.24142456054688,22.095643997192383,17.219999313354492
2022-01-03,449.4864501953125,36.57929611206055,84.83575439453125,24.452919006347656,129.53640747070312,97.98899841308594,101.21526336669922,68.44999694824219,30.95733070373535,40.88111877441406,122.51715087890625,168.3300018310547,54.83000183105469,67.21051788330078,22.23358154296875,16.600000381469727
2022-01-04,449.3359069824219,37.54166793823242,83.9367446899414,25.299072265625,127.82711791992188,99.9592514038086,100.59925842285156,68.91165161132812,30.861230850219727,41.383949279785156,122.00768280029297,169.57000732421875,55.59000015258789,67.04052734375,22.250823974609375,16.90999984741211
2022-01-05,440.7076721191406,37.106754302978516,81.35574340820312,25.2947940826416,126.91670227050781,99.00680541992188,97.8849105834961,68.84951782226562,30.843759536743164,41.37937545776367,121.34542846679688,169.05999755859375,55.43000030517578,66.52277374267578,22.224960327148438,19.729999542236328
2022-01-06,440.2936706542969,37.652706146240234,80.94488525390625,25.858898162841797,125.44891357421875,99.46435546875,97.62984466552734,68.66307067871094,30.52487564086914,40.85825729370117,121.65955352783203,166.99000549316406,56.88999938964844,66.53047180175781,22.24220085144043,19.610000610351562
2022-01-07,438.55291748046875,38.09687042236328,80.2005386352539,26.21360206604004,124.80792236328125,99.43633270263672,96.0031509399414,68.73407745361328,30.756393432617188,40.821693420410156,120.78506469726562,167.75,56.66999816894531,66.3604507446289,22.12150764465332,18.760000228881836
2022-01-10,438.00732421875,37.96733093261719,80.21504211425781,26.132402420043945,126.08988952636719,98.31582641601562,95.41602325439453,68.19253540039062,30.555456161499023,40.40570068359375,121.08226013183594,168.25999450683594,56.15999984741211,66.41455841064453,22.173234939575195,19.399999618530273
2022-01-11,441.9967346191406,38.30045700073242,81.17687225341797,27.02128791809082,127.09324645996094,98.90408325195312,96.3352279663086,68.11264038085938,30.280256271362305,40.8491096496582,121.88883209228516,170.2899932861328,58.15999984741211,66.72368621826172,22.07840347290039,18.40999984741211
2022-01-12,443.1917419433594,38.328216552734375,81.55872344970703,27.072568893432617,126.73089599609375,99.22156524658203,96.97052764892578,68.1392593383789,30.37636947631836,41.26053237915039,121.4218521118164,170.74000549316406,58.90999984741211,66.83187866210938,21.931846618652344,17.6200008392334
2022-01-13,437.08514404296875,38.18015670776367,79.4465103149414,26.93581199645996,124.76151275634766,99.43633270263672,95.0213851928711,68.2635498046875,30.52487564086914,40.94053649902344,122.5001220703125,170.16000366210938,58.27000045776367,66.59231567382812,21.92322540283203,20.309999465942383
2022-01-14,437.2639465332031,37.782257080078125,80.11837005615234,27.56829261779785,124.54780578613281,98.83872985839844,94.57859802246094,68.38783264160156,30.31521224975586,40.5931282043457,120.6491928100586,169.6699981689453,59.970001220703125,66.53047180175781,21.983572006225586,19.190000534057617
2022-01-18,429.5201416015625,36.94019317626953,78.19467163085938,27.67940330505371,122.80137634277344,97.69952392578125,92.78832244873047,67.40238189697266,29.952648162841797,40.05827713012695,118.9511489868164,169.38999938964844,60.970001220703125,66.20592498779297,22.12150764465332,22.790000915527344
2022-01-19,425.0601501464844,36.32019805908203,77.10233306884766,27.478553771972656,122.29971313476562,96.60704040527344,91.11348724365234,67.82852935791016,30.088058471679688,39.95771789550781,119.77473449707031,172.0800018310547,61.04999923706055,66.14408874511719,22.069780349731445,23.850000381469727
2022-01-20,420.35565185546875,36.0888557434082,76.10664367675781,27.22641372680664,121.50076293945312,95.37448120117188,89.45311737060547,67.38462829589844,30.12737464904785,39.37715148925781,120.51338958740234,171.64999389648438,60.65999984741211,66.02043914794922,22.138750076293945,25.59000015258789
2022-01-21,412.10369873046875,35.34857177734375,74.59380340576172,26.68795394897461,120.2745361328125,94.4967269897461,86.83021545410156,67.4378890991211,30.07058334350586,38.417179107666016,121.94828033447266,171.08999633789062,60.779998779296875,66.02818298339844,22.07840347290039,28.850000381469727
2022-01-24,413.8538818359375,35.45037078857422,74.98046112060547,26.86743927001953,119.87506103515625,95.0383071899414,87.87455749511719,67.21595001220703,29.78229522705078,38.44003677368164,120.94637298583984,172.02999877929688,60.11000061035156,65.9586181640625,22.147371292114258,29.899999618530273
2022-01-25,408.80108642578125,35.598426818847656,73.24527740478516,27.910175323486328,119.1040267944336,94.10454559326172,86.38743591308594,66.47017669677734,29.31488800048828,38.09262466430664,120.7510986328125,172.5800018310547,60.970001220703125,65.7654037475586,22.155990600585938,31.15999984741211
2022-01-26,407.7754821777344,35.69095230102539,73.67544555664062,27.8631649017334,118.48160552978516,93.28284454345703,85.96873474121094,65.9641342163086,29.07463836669922,37.694915771484375,119.29078674316406,169.7899932861328,61.68000030517578,65.54130554199219,22.276687622070312,31.959999084472656
2022-01-27,405.7619323730469,35.36708450317383,73.1679458618164,28.166582107543945,118.78817749023438,92.45178985595703,83.88485717773438,66.40804290771484,29.332365036010742,37.82291030883789,121.48125457763672,167.60000610351562,61.86000061035156,65.25536346435547,22.466346740722656,30.489999771118164
2022-01-28,415.8392028808594,35.82976150512695,76.36766052246094,28.04692268371582,121.21279907226562,93.09608459472656,85.71366119384766,67.18931579589844,29.686187744140625,38.04234313964844,121.52372741699219,167.10000610351562,61.970001220703125,65.44082641601562,22.457727432250977,27.65999984741211
2022-01-31,423.32891845703125,36.14437484741211,78.28652954101562,28.170856475830078,121.90953826904297,94.06720733642578,89.01034545898438,67.44678497314453,30.249683380126953,38.60460662841797,120.89544677734375,168.08999633789062,62.47999954223633,65.456298828125,22.30255126953125,24.829999923706055
2022-02-01,426.1893005371094,36.644073486328125,78.489501953125,29.175128936767578,122.23466491699219,95.3651351928711,89.54935455322266,67.38462829589844,29.84781265258789,39.198875427246094,120.494140625,168.22999572753906,62.529998779296875,65.71611022949219,22.24220085144043,21.959999084472656
2022-02-02,430.3293762207031,36.893917083740234,79.12753295898438,29.269142150878906,123.87895202636719,96.0280990600586,89.0151596069336,68.19253540039062,30.28899383544922,39.322296142578125,120.9022216796875,168.83999633789062,62.52000045776367,65.8169174194336,22.155990600585938,22.09000015258789
2022-02-03,420.2145080566406,36.486759185791016,76.83167266845703,28.99137306213379,123.34944152832031,94.4967269897461,86.29118347167969,68.21028900146484,30.153583526611328,38.6366081237793,119.95848846435547,168.60000610351562,63.5099983215332,65.22747039794922,22.043916702270508,24.350000381469727
2022-02-04,422.1903991699219,37.106754302978516,77.14100646972656,29.444360733032227,122.90353393554688,93.47891998291016,88.74565124511719,67.37574768066406,29.913333892822266,37.99663162231445,118.1900405883789,168.86000061035156,64.91000366210938,64.97154235839844,22.026676177978516,23.219999313354492
2022-02-07,420.83551025390625,37.217796325683594,76.62867736816406,29.820423126220703,122.68986511230469,93.55364227294922,88.56275177001953,67.50003051757812,29.86964988708496,37.809207916259766,118.26654815673828,170.11000061035156,64.68000030517578,64.92501831054688,22.03529930114746,22.860000610351562
2022-02-08,424.2980651855469,37.735992431640625,77.57601165771484,29.17940330505371,123.69319152832031,94.48741912841797,89.80925750732422,67.75751495361328,29.89149284362793,38.394325256347656,117.47586822509766,170.6300048828125,63.619998931884766,64.85519409179688,22.069780349731445,21.440000534057617
2022-02-09,430.50811767578125,37.97658920288086,79.29669189453125,29.422992706298828,124.65000915527344,95.78533172607422,90.99797821044922,67.7752685546875,30.022539138793945,39.23087692260742,117.6969223022461,171.2100067138672,64.16999816894531,65.19645690917969,22.043916702270508,19.959999084472656
2022-02-10,422.7737731933594,37.643455505371094,77.2231674194336,29.239227294921875,122.69918060302734,94.21659851074219,89.4290542602539,67.04725646972656,29.262481689453125,39.0023193359375,115.82638549804688,170.55999755859375,63.959999084472656,64.3355484008789,22.07840347290039,23.90999984741211
2022-02-11,414.43719482421875,37.115997314453125,74.86447143554688,30.089656829833984,120.99913024902344,92.77860260009766,86.85909271240234,66.80754852294922,29.279949188232422,38.398902893066406,117.54386901855469,173.80999755859375,65.73999786376953,64.11064910888672,22.173234939575195,27.360000610351562
2022-02-14,413.08233642578125,36.699588775634766,74.84029388427734,29.380250930786133,119.7635726928711,92.43311309814453,87.35478973388672,66.62112426757812,29.030960083007812,38.08348083496094,116.08148193359375,174.74000549316406,66.36000061035156,64.00204467773438,22.23358154296875,28.329999923706055
2022-02-15,419.74395751953125,37.199283599853516,76.8074722290039,29.072566986083984,121.1106185913086,93.82442474365234,89.30875396728516,66.73651123046875,28.895549774169922,38.78288650512695,114.76362609863281,173.0800018310547,64.27999877929688,64.11064910888672,22.147371292114258,25.700000762939453
2022-02-16,420.2145080566406,37.227046966552734,76.73016357421875,29.307605743408203,121.29639434814453,94.31932830810547,89.56380462646484,66.8608169555664,28.961074829101562,39.06630325317383,115.44376373291016,174.86000061035156,63.540000915527344,64.46743774414062,22.104265213012695,24.290000915527344
2022-02-17,411.23809814453125,36.301700592041016,74.4343032836914,29.260597229003906,119.3455581665039,92.59185028076172,87.16707611083984,67.37574768066406,28.978540420532227,38.398902893066406,116.30255126953125,177.25,64.16999816894531,64.19595336914062,22.112886428833008,28.110000610351562
2022-02-18,408.5753479003906,36.29243469238281,73.68028259277344,29.08110809326172,118.45375061035156,91.82616424560547,86.62808227539062,67.50003051757812,28.926130294799805,38.334903717041016,117.5268783569336,177.1199951171875,64.73999786376953,64.28901672363281,22.173234939575195,27.75
2022-02-22,404.1906433105469,36.10737228393555,72.998779296875,28.61102294921875,118.15646362304688,90.9391098022461,84.10142517089844,66.97624969482422,28.895549774169922,37.790916442871094,117.83294677734375,177.49000549316406,65.54000091552734,64.14167785644531,22.181854248046875,28.809999465942383
2022-02-23,397.0208740234375,35.47812271118164,71.17176818847656,28.90589714050293,117.56193542480469,89.26766204833984,81.29082489013672,66.43467712402344,28.40631103515625,37.306365966796875,116.20897674560547,178.2899932861328,66.23999786376953,64.02532196044922,22.207717895507812,31.020000457763672
2022-02-24,402.9955749511719,35.052459716796875,73.60295104980469,28.679397583007812,118.03571319580078,90.40684509277344,83.14852142333984,65.28939819335938,28.63345718383789,37.1966552734375,116.2854995727539,177.13999938964844,66.33999633789062,64.48291778564453,22.388757705688477,30.31999969482422
2022-02-25,411.8872375488281,36.181392669677734,74.60346221923828,29.435808181762695,121.64942932128906,92.56385040283203,84.79444885253906,67.39349365234375,29.52018928527832,38.5543212890625,116.37055969238281,176.5500030517578,65.80000305175781,64.84747314453125,22.276687622070312,27.59000015258789
2022-02-28,410.8335266113281,35.644691467285156,74.4681396484375,30.162296295166016,120.72972869873047,93.27350616455078,85.39122009277344,66.4968032836914,29.67308235168457,38.115482330322266,118.92124938964844,178.3800048828125,67.4800033569336,64.8939437866211,22.311166763305664,30.149999618530273
2022-03-01,404.576416015625,34.330684661865234,72.97945404052734,30.465721130371094,120.0608901977539,91.88218688964844,84.09662628173828,66.10618591308594,29.415359497070312,37.237789154052734,120.29619598388672,181.6199951171875,71.81999969482422,64.71259307861328,22.483591079711914,33.31999969482422
2022-03-02,412.01910400390625,35.21901321411133,74.5599594116211,31.162303924560547,121.87239837646484,93.84308624267578,85.86286163330078,66.80754852294922,29.7735538482666,38.056053161621094,116.18414306640625,179.72999572753906,75.41999816894531,64.8683090209961,22.466346740722656,30.739999771118164
2022-03-03,409.9678955078125,35.10797882080078,73.67062377929688,31.247779846191406,122.49475860595703,93.9458236694336,83.91852569580078,67.34911346435547,30.297733306884766,38.10175323486328,117.36752319335938,180.8000030517578,74.52999877929688,64.67366790771484,22.552555084228516,30.479999542236328
2022-03-04,406.6371154785156,34.45098114013672,72.3801040649414,32.14948272705078,123.10791015625,93.74039459228516,82.5854263305664,67.35797882080078,30.966064453125,37.96920394897461,119.39374542236328,183.67999267578125,79.45999908447266,64.25332641601562,22.724979400634766,31.979999542236328
2022-03-07,394.6496276855469,33.19249725341797,69.73140716552734,32.62383270263672,120.96197509765625,91.22856140136719,78.53797912597656,66.13282775878906,31.36793327331543,36.65266799926758,118.4827651977539,186.41000366210938,82.37000274658203,63.692840576171875,22.888776779174805,36.45000076293945
2022-03-08,391.6575012207031,32.998172760009766,69.39305877685547,33.13665008544922,118.49089813232422,90.66830444335938,78.70158386230469,64.34832763671875,30.883071899414062,36.46523666381836,117.2909164428711,191.50999450683594,85.43000030517578,63.46709442138672,22.845672607421875,35.130001068115234
2022-03-09,402.15826416015625,34.210384368896484,72.13841247558594,32.12384033203125,120.72972869873047,92.31172943115234,81.23306274414062,64.78334045410156,30.664657592773438,37.59435272216797,116.14154815673828,185.82000732421875,75.47000122070312,63.996429443359375,22.621524810791016,32.45000076293945
2022-03-10,400.34228515625,33.923526763916016,70.87690734863281,33.10674285888672,120.68328857421875,92.19036865234375,81.81060791015625,64.1707534790039,30.869956970214844,37.694915771484375,114.47286987304688,186.39999389648438,74.05999755859375,63.45928955078125,22.733600616455078,30.229999542236328
2022-03-11,395.2519226074219,33.68293762207031,69.62989807128906,32.84177780151367,119.78219604492188,91.45268249511719,80.23685455322266,63.42498779296875,30.765134811401367,37.41606903076172,114.85602569580078,185.08999633789062,76.4000015258789,63.00002670288086,22.854293823242188,30.75
2022-03-14,392.3631896972656,34.10859680175781,68.33938598632812,31.858877182006836,120.6275405883789,91.76080322265625,78.89894104003906,63.76236343383789,30.730180740356445,37.3612174987793,112.17425537109375,182.3000030517578,72.83999633789062,62.252689361572266,22.845672607421875,31.770000457763672
2022-03-15,400.99151611328125,34.58978271484375,70.6352310180664,30.692214965820312,123.03358459472656,93.21749114990234,81.54107666015625,65.19173431396484,31.123319625854492,37.790916442871094,111.97843933105469,178.88999938964844,68.62999725341797,62.71976852416992,22.819807052612305,29.829999923706055
2022-03-16,409.88311767578125,35.561405181884766,72.93111419677734,30.551193237304688,124.51067352294922,94.45005798339844,84.32282257080078,65.26277923583984,31.066537857055664,38.385189056396484,113.07669067382812,180.00999450683594,68.27999877929688,63.59941101074219,22.656009674072266,26.670000076293945
2022-03-17,415.0111999511719,36.00556945800781,73.44828796386719,31.602462768554688,126.48008728027344,95.66395568847656,85.72811126708984,65.71553802490234,31.197582244873047,39.12116241455078,112.23387908935547,180.88999938964844,73.68000030517578,64.03535461425781,22.60428237915039,25.670000076293945
2022-03-18,419.5566711425781,36.0888557434082,74.95149993896484,31.57255744934082,127.26043701171875,96.0280990600586,87.5328598022461,65.86648559570312,30.931123733520508,39.35887908935547,113.60456085205078,179.3000030517578,74.63999938964844,64.24553680419922,22.630146026611328,23.8700008392334
2022-03-21,419.43402099609375,36.053558349609375,74.80909729003906,32.84529495239258,127.16353607177734,96.24451446533203,86.79973602294922,65.95117950439453,31.13779640197754,39.686031341552734,110.9738540649414,180.6699981689453,79.54000091552734,63.50599670410156,22.716358184814453,23.530000686645508
2022-03-22,424.3419494628906,36.6388053894043,75.88410186767578,32.603694915771484,127.19145965576172,96.76915740966797,88.95429992675781,66.44171142578125,31.181777954101562,39.901695251464844,109.55207824707031,179.36000061035156,78.55999755859375,63.83294677734375,22.707735061645508,22.940000534057617
2022-03-23,418.877197265625,35.96065902709961,74.71709442138672,33.16455841064453,124.90835571289062,95.84165954589844,87.85050201416016,65.90660095214844,31.22574806213379,39.71814727783203,111.95288848876953,181.80999755859375,81.94999694824219,63.63055419921875,22.733600616455078,23.56999969482422
2022-03-24,425.1914367675781,36.2486457824707,76.65886688232422,33.24653625488281,126.39937591552734,96.5724105834961,88.53497314453125,66.370361328125,31.546754837036133,40.51655197143555,111.07598114013672,183.1300048828125,79.75,63.76288986206055,22.759462356567383,21.670000076293945
2022-03-25,427.26788330078125,36.713130950927734,76.61528778076172,33.97565460205078,126.98648071289062,97.1720199584961,88.38069915771484,66.92330932617188,32.004085540771484,40.97081756591797,109.5350570678711,182.3800048828125,80.73999786376953,63.303627014160156,22.768083572387695,20.809999465942383
2022-03-28,430.3070983886719,36.61094284057617,77.52566528320312,33.134361267089844,127.90902709960938,97.20013427734375,90.73773193359375,67.19976043701172,32.21076202392578,40.78728103637695,110.4715347290039,179.05999755859375,74.52999877929688,63.700626373291016,22.837051391601562,19.6299991607666
2022-03-29,435.63031005859375,36.694549560546875,79.17203521728516,33.048072814941406,128.66384887695312,98.09952545166016,92.31869506835938,67.79730224609375,32.5097770690918,41.131412506103516,111.30585479736328,179.13999938964844,76.1500015258789,64.48683166503906,22.699115753173828,18.899999618530273
2022-03-30,432.9403991699219,36.4344367980957,78.11641693115234,33.43204116821289,128.9154510498047,97.98711395263672,90.91605377197266,67.84188842773438,32.77801513671875,40.99375534057617,112.17425537109375,180.5800018310547,77.91000366210938,64.29225158691406,22.578420639038086,19.329999923706055
2022-03-31,426.27685546875,35.598358154296875,76.95907592773438,32.979042053222656,127.65740966796875,96.4787368774414,89.17120361328125,67.68135070800781,32.74283981323242,40.44773864746094,112.44670867919922,180.64999389648438,74.12000274658203,64.05870056152344,22.67325210571289,20.559999465942383
2022-04-01,427.4849548339844,35.50545883178711,76.73152160644531,33.24653625488281,128.66384887695312,95.72926330566406,89.28205108642578,68.35916900634766,33.200157165527344,40.87445831298828,112.87474060058594,179.5,74.16999816894531,64.05400848388672,22.707735061645508,19.6299991607666
2022-04-04,431.1470947265625,35.3475341796875,78.18904113769531,33.2896614074707,127.5921859741211,95.6074447631836,91.2872085571289,68.14510345458984,32.94512176513672,40.88363265991211,112.09027862548828,180.3699951171875,76.86000061035156,64.53862762451172,22.811187744140625,18.56999969482422
2022-04-05,425.701171875,35.12459182739258,76.54266357421875,32.767635345458984,127.86241149902344,94.24898529052734,89.1470947265625,68.20755004882812,33.15180206298828,40.5578498840332,109.55789184570312,179.24000549316406,74.80000305175781,63.70228958129883,22.931882858276367,21.030000686645508
2022-04-06,421.4444274902344,34.8830451965332,74.73162841796875,32.96177291870117,129.81005859375,93.51824188232422,86.87201690673828,69.07262420654297,33.811397552490234,40.0898323059082,108.671142578125,179.66000366210938,73.05000305175781,63.20205307006836,22.94912338256836,22.100000381469727
2022-04-07,423.5680236816406,34.84588623046875,74.84784698486328,33.393218994140625,132.30746459960938,93.8367691040039,87.3154525756836,69.91094970703125,33.72785186767578,40.35137176513672,107.85254669189453,180.33999633789062,73.11000061035156,63.100433349609375,22.992229461669922,21.549999237060547
2022-04-08,422.4354248046875,35.19890594482422,73.8019027709961,34.31217956542969,133.0995635986328,93.31212615966797,86.51052856445312,70.20524597167969,33.842185974121094,40.59914779663086,106.68445587158203,181.47000122070312,74.11000061035156,62.717430114746094,22.992229461669922,21.15999984741211
2022-04-11,415.21502685546875,35.04097366333008,71.94245910644531,33.28105163574219,130.45301818847656,93.01231384277344,84.90543365478516,69.91986083984375,33.380462646484375,40.397254943847656,104.99617004394531,182.3699951171875,72.30000305175781,62.287559509277344,23.043954849243164,24.3700008392334
2022-04-12,413.67657470703125,34.66010284423828,71.62286376953125,33.833290100097656,129.18568420410156,92.8624267578125,85.09341430664062,69.93769836425781,33.50797653198242,40.40642547607422,104.85126495361328,183.77000427246094,75.9800033569336,62.76438522338867,23.121543884277344,24.260000228881836
2022-04-13,418.4146423339844,34.66010284423828,72.77531433105469,34.33806610107422,129.8193359375,93.73370361328125,87.20942687988281,70.33009338378906,33.442020416259766,41.00293731689453,105.06436157226562,184.64999389648438,78.41999816894531,63.13950729370117,23.026714324951172,21.81999969482422
2022-04-14,413.2046813964844,34.269920349121094,71.00787353515625,34.45024108886719,129.19500732421875,93.63066101074219,85.98995208740234,70.312255859375,33.45960998535156,40.86528396606445,102.95832061767578,184.0399932861328,79.56999969482422,62.717430114746094,23.130165100097656,22.700000762939453
2022-04-18,413.37451171875,34.474308013916016,71.24029541015625,34.95501708984375,127.76921844482422,93.30274200439453,86.250244140625,69.7325668334961,33.279319763183594,40.901981353759766,102.44670867919922,184.61000061035156,80.41000366210938,62.61581039428711,23.22499656677246,22.170000076293945
2022-04-19,420.0475158691406,34.94807434082031,72.57679748535156,34.67028045654297,128.989990234375,94.99848937988281,88.75186920166016,70.79386138916016,33.49479293823242,41.28743362426758,101.67935180664062,181.82000732421875,76.86000061035156,62.561119079589844,23.276721954345703,21.3700008392334
2022-04-20,419.7360534667969,35.189613342285156,72.50898742675781,34.804019927978516,130.7232666015625,95.51375579833984,87.6094970703125,71.85514831542969,33.76742172241211,41.548973083496094,103.72573852539062,182.7100067138672,77.23999786376953,62.75652313232422,23.11292266845703,20.31999969482422
2022-04-21,413.45947265625,34.63221740722656,71.279052734375,33.69953536987305,129.27886962890625,94.5394058227539,86.76115417480469,71.79270935058594,33.20896530151367,40.869873046875,102.95832061767578,182.05999755859375,78.12000274658203,62.32665252685547,23.18189239501953,22.68000030517578
2022-04-22,402.1145324707031,33.60105514526367,69.28401947021484,32.87548828125,124.56359100341797,92.21598052978516,84.74637603759766,70.66900634765625,32.650489807128906,39.34189987182617,102.31029510498047,180.2899932861328,76.30999755859375,61.95145034790039,23.319828033447266,28.209999084472656
2022-04-25,404.44586181640625,33.656803131103516,70.32510375976562,31.78826904296875,125.40226745605469,92.21598052978516,85.35852813720703,70.98115539550781,32.426231384277344,39.23176956176758,103.33348083496094,177.0500030517578,74.6500015258789,62.47513961791992,23.431900024414062,27.020000457763672
2022-04-26,392.73272705078125,32.81142807006836,67.70540618896484,31.831418991088867,123.1937255859375,90.20172882080078,81.03974914550781,69.88420104980469,32.100830078125,38.626094818115234,104.37374114990234,177.32000732421875,76.45999908447266,62.10776901245117,23.578458786010742,33.52000045776367
2022-04-27,393.8370361328125,32.7835578918457,68.707763671875,32.297367095947266,122.92351531982422,90.53899383544922,81.04938507080078,70.14281463623047,31.946922302246094,39.195068359375,103.03506469726562,175.97999572753906,76.37000274658203,61.802921295166016,23.725013732910156,31.600000381469727
2022-04-28,403.78509521484375,33.20160675048828,71.4582290649414,33.276729583740234,124.61949920654297,91.5601806640625,82.71231079101562,71.1773452758789,32.3031005859375,39.81451416015625,103.18855285644531,176.92999267578125,78.08000183105469,62.146873474121094,23.862951278686523,29.989999771118164
2022-04-29,388.863037109375,32.0589599609375,68.48018646240234,32.422489166259766,121.41386413574219,89.1336898803711,78.50920867919922,69.24207305908203,31.335683822631836,39.01611328125,101.84986877441406,176.91000366210938,77.16000366210938,61.380889892578125,23.76811981201172,33.400001525878906
2022-05-02,391.2037353515625,32.06824493408203,69.52127838134766,32.94021224975586,120.65902709960938,89.32105255126953,79.6563949584961,68.3323974609375,31.014671325683594,38.896812438964844,100.08441925048828,173.6300048828125,78.37999725341797,61.384796142578125,23.888813018798828,32.34000015258789
2022-05-03,392.9969787597656,32.486297607421875,69.6423568725586,33.86348342895508,121.04109954833984,89.91128540039062,79.45877075195312,68.13619232177734,31.133403778076172,39.33271408081055,100.75916290283203,174.08999633789062,76.69000244140625,61.706512451171875,23.8457088470459,29.25
2022-05-04,404.96490478515625,33.48030090332031,72.08771514892578,35.26996612548828,123.72489929199219,92.51579284667969,81.79167175292969,69.67013549804688,31.828184127807617,40.60832214355469,101.31431579589844,175.8000030517578,80.22000122070312,62.33423614501953,23.64742660522461,25.420000076293945
2022-05-05,390.5713806152344,32.5048713684082,68.62062072753906,34.73929214477539,121.3206558227539,90.09866333007812,77.20779418945312,68.3502426147461,31.50278091430664,39.35106658935547,98.53849029541016,175.1300048828125,80.4800033569336,61.22785186767578,23.8457088470459,31.200000762939453
2022-05-06,388.2400817871094,32.27262878417969,68.06858825683594,35.77474594116211,120.9385986328125,89.48969268798828,76.22932434082031,68.42157745361328,31.75342559814453,38.786678314208984,97.08651733398438,175.4199981689453,82.12999725341797,60.88262176513672,23.888813018798828,30.190000534057617
2022-05-09,375.8096008300781,31.501569747924805,65.43437194824219,32.815093994140625,117.8075180053711,87.32552337646484,72.98058319091797,68.39482879638672,31.515974044799805,37.561553955078125,97.94062805175781,172.8800048828125,76.56999969482422,60.23915100097656,23.89743423461914,34.75
2022-05-10,376.6779479980469,31.222883224487305,66.431884765625,33.1127815246582,118.2268295288086,86.7540283203125,72.76371002197266,67.92216491699219,31.133403778076172,37.327537536621094,98.8288803100586,171.4199981689453,74.52999877929688,60.58441925048828,23.949161529541016,32.9900016784668
2022-05-11,370.69403076171875,30.934898376464844,64.33515930175781,33.55717468261719,117.44407653808594,85.96705627441406,70.15604400634766,67.62784576416016,31.357664108276367,37.34589385986328,100.73356628417969,172.82000732421875,78.18000030517578,60.223453521728516,23.97502326965332,32.560001373291016
2022-05-12,370.3070068359375,30.702655792236328,63.67176055908203,33.69953536987305,118.58094787597656,86.12632751464844,70.63805389404297,67.61002349853516,31.041046142578125,37.277061462402344,100.545654296875,170.1699981689453,79.2300033569336,60.19994354248047,24.181926727294922,31.770000457763672
2022-05-13,379.1602783203125,31.148561477661133,65.7878646850586,34.851470947265625,119.83899688720703,87.22247314453125,73.41924285888672,68.626708984375,31.41043472290039,37.85062789916992,99.05951690673828,168.7899932861328,81.27999877929688,60.270565032958984,24.112960815429688,28.8700008392334
2022-05-16,377.6217956542969,30.888456344604492,65.20677947998047,35.77043533325195,120.72427368164062,87.10067749023438,71.83341979980469,68.9388427734375,31.50718116760254,37.781795501708984,98.95698547363281,170.39999389648438,83.11000061035156,60.18425369262695,24.018131256103516,27.469999313354492
2022-05-17,385.3896484375,31.715234756469727,67.09527587890625,36.18461990356445,122.38301086425781,89.07745361328125,73.6457748413086,68.46617889404297,31.83258628845215,38.85092544555664,97.76123046875,169.3300018310547,81.11000061035156,60.129329681396484,23.81984519958496,26.100000381469727
2022-05-18,369.85400390625,30.84200668334961,64.0252456665039,35.25702667236328,119.22396087646484,85.76094818115234,68.83053588867188,64.06050872802734,31.524763107299805,37.64414596557617,99.84529113769531,169.4199981689453,79.29000091552734,59.63497543334961,23.940540313720703,30.959999084472656
2022-05-19,367.5887756347656,30.63762855529785,63.32311248779297,35.127593994140625,119.48487854003906,84.99272155761719,68.87871551513672,62.91896057128906,31.458810806274414,37.910282135009766,100.08441925048828,171.91000366210938,80.58000183105469,60.035152435302734,23.69053077697754,29.350000381469727
2022-05-20,367.7491760253906,30.581890106201172,63.46352005004883,35.27859115600586,120.9385986328125,84.0745849609375,67.67854309082031,63.05272674560547,31.546754837036133,37.818511962890625,101.22038269042969,172.02999877929688,81.6500015258789,59.99592208862305,23.742258071899414,29.43000030517578
2022-05-23,374.6297912597656,31.575895309448242,64.92107391357422,36.210506439208984,122.00093841552734,85.45178985595703,68.18464660644531,64.35479736328125,31.924928665161133,38.51137161254883,99.55487823486328,172.8300018310547,81.97000122070312,60.231327056884766,23.526731491088867,28.479999542236328
2022-05-24,371.77008056640625,31.5108642578125,63.957454681396484,36.34855651855469,122.3643798828125,85.40496063232422,66.43014526367188,65.40717315673828,32.56254959106445,38.29112243652344,101.51934051513672,174.1300048828125,82.0,60.59225845336914,23.457761764526367,29.450000762939453
2022-05-25,375.0545654296875,31.761686325073242,64.70316314697266,37.099266052246094,122.32707977294922,85.90149688720703,68.30512237548828,65.42501831054688,32.54056167602539,38.46090316772461,101.92074584960938,173.0800018310547,82.4800033569336,61.51032638549805,23.543973922729492,28.3700008392334
2022-05-26,382.54864501953125,32.49557876586914,66.25755310058594,37.509124755859375,122.84894561767578,87.64405822753906,71.65507507324219,66.12065887451172,32.63290786743164,39.16753005981445,101.45955657958984,172.75999450683594,84.58999633789062,62.36563491821289,23.466384887695312,27.5
2022-05-27,391.93988037109375,33.04368209838867,68.49954986572266,38.19511413574219,124.8897705078125,89.44284057617188,74.11331939697266,66.88761901855469,33.14299774169922,40.085227966308594,101.70722198486328,172.85000610351562,85.45999908447266,62.922752380371094,23.414657592773438,25.719999313354492
2022-05-31,389.74072265625,32.95077896118164,68.0104751586914,37.62129592895508,123.22168731689453,88.72146606445312,74.4892807006836,66.41494750976562,32.6856689453125,39.4749641418457,99.55487823486328,171.13999938964844,85.47000122070312,62.38131332397461,23.457761764526367,26.190000534057617
2022-06-01,386.5882568359375,32.4212646484375,67.8071060180664,38.23394775390625,121.45114135742188,88.17807006835938,73.7132568359375,65.54987335205078,32.63290786743164,39.080345153808594,99.4410629272461,172.22999572753906,85.54000091552734,62.15052032470703,23.638805389404297,25.690000534057617
2022-06-02,393.9502868652344,32.86717224121094,69.44866180419922,38.11313247680664,122.41094970703125,89.86444854736328,75.96903228759766,66.50411987304688,32.852779388427734,40.15864944458008,99.49242401123047,174.35000610351562,87.25,62.41046142578125,23.431900024414062,24.719999313354492
2022-06-03,387.4849548339844,32.39339065551758,67.78773498535156,38.617919921875,120.97588348388672,89.51781463623047,73.74699401855469,65.83525085449219,32.69447326660156,39.768619537353516,99.27852630615234,172.5800018310547,89.47000122070312,61.94572448730469,23.53535270690918,24.790000915527344
2022-06-06,388.6647644042969,32.486297607421875,67.7925796508789,38.57478713989258,120.99451446533203,89.89254760742188,74.48445129394531,65.86199951171875,32.839576721191406,40.1448860168457,97.44745635986328,171.82000732421875,88.38999938964844,61.48096466064453,23.587080001831055,25.06999969482422
2022-06-07,392.39288330078125,32.73712158203125,68.60124206542969,39.72671127319336,122.56936645507812,91.10111236572266,74.30130004882812,66.20983123779297,33.03746795654297,40.4339599609375,98.4998779296875,172.94000244140625,90.04000091552734,61.62278747558594,23.561216354370117,24.020000457763672
2022-06-08,388.12677001953125,32.16115188598633,67.82647705078125,39.81300354003906,121.6002426147461,89.45222473144531,73.86266326904297,65.39826965332031,32.391048431396484,39.594268798828125,97.62713623046875,172.77999877929688,91.98999786376953,61.09498977661133,23.630184173583984,23.959999084472656
2022-06-09,378.8959655761719,31.352935791015625,66.01544189453125,38.93286895751953,118.8511962890625,87.69090270996094,72.52750396728516,64.41725158691406,31.612712860107422,38.658206939697266,97.9522933959961,172.22999572753906,91.08000183105469,60.60659408569336,23.8026065826416,26.09000015258789
2022-06-10,367.90966796875,30.21959114074707,63.478065490722656,38.27276611328125,116.94085693359375,85.10514068603516,69.6354751586914,64.1407699584961,31.370853424072266,37.47437286376953,97.34480285644531,174.5399932861328,90.12999725341797,59.57469940185547,23.992265701293945,27.75
2022-06-13,353.9408264160156,29.318483352661133,60.66466522216797,36.27521896362305,113.39974212646484,82.54750061035156,66.42048645019531,62.75843048095703,29.92852020263672,36.01063919067383,94.29020690917969,169.92999267578125,90.36000061035156,57.58176803588867,24.225034713745117,34.02000045776367
2022-06-14,352.8742370605469,29.06766128540039,61.047218322753906,36.34424591064453,112.31877136230469,82.34139251708984,66.36746215820312,62.01821517944336,29.172170639038086,35.73532485961914,93.10088348388672,168.57000732421875,88.44999694824219,57.95988845825195,24.27676010131836,32.689998626708984
2022-06-15,357.90496826171875,29.392799377441406,62.33526611328125,35.54176712036133,113.45565032958984,83.13772583007812,68.23284912109375,62.08061599731445,29.361257553100586,35.72615051269531,94.83780670166016,170.77000427246094,86.93000030517578,59.0863151550293,24.087099075317383,29.6200008392334
2022-06-16,346.0596923828125,28.64961814880371,59.79789352416992,33.5399055480957,111.78759002685547,80.36457824707031,64.89252471923828,61.60795974731445,28.79399871826172,34.436771392822266,95.59074401855469,172.69000244140625,87.66000366210938,58.148948669433594,23.854331970214844,32.95000076293945
2022-06-17,346.8056335449219,28.733226776123047,60.34507751464844,31.706296920776367,111.72236633300781,80.15847778320312,65.6010971069336,61.385005950927734,28.5257568359375,34.37712478637695,95.89877319335938,171.27000427246094,83.33999633789062,58.330108642578125,24.095720291137695,31.1299991607666
2022-06-21,355.5361328125,29.306659698486328,61.88069534301758,33.348876953125,114.73004150390625,81.62077331542969,67.47752380371094,63.02302169799805,29.06874656677246,34.89691162109375,94.27307891845703,170.6300048828125,84.05000305175781,58.290733337402344,24.009510040283203,30.190000534057617
2022-06-22,354.89154052734375,29.241281509399414,61.6185188293457,32.013877868652344,116.3209228515625,81.16910552978516,67.34707641601562,62.97810363769531,29.374591827392578,34.4487419128418,96.86564636230469,171.30999755859375,80.87999725341797,58.274993896484375,23.97502326965332,28.950000762939453
2022-06-23,358.3703918457031,29.129215240478516,62.540950775146484,30.827205657958984,118.93182373046875,80.75505065917969,68.40511322021484,64.20008850097656,30.066078186035156,33.97747802734375,97.661376953125,170.25999450683594,78.9800033569336,58.69247817993164,24.000886917114258,29.049999237060547
2022-06-24,369.7643127441406,30.203227996826172,64.78877258300781,31.232942581176758,120.90637969970703,83.5780029296875,71.01397705078125,65.45804595947266,30.58912467956543,35.32659149169922,96.30948638916016,170.08999633789062,81.2699966430664,59.109954833984375,23.949161529541016,27.229999542236328
2022-06-27,368.3519592285156,30.100496292114258,64.35183715820312,32.14912796020508,121.3555679321289,83.38040924072266,70.26996612548828,65.27832794189453,30.83733367919922,35.035518646240234,95.48807525634766,169.89999389648438,82.93000030517578,58.747596740722656,23.906057357788086,26.950000762939453
2022-06-28,360.82550048828125,29.8016414642334,62.42443084716797,33.017303466796875,119.24064636230469,82.41120910644531,67.46305084228516,64.40676879882812,30.722095489501953,34.661277770996094,95.9330062866211,169.6199951171875,84.72000122070312,58.1016960144043,24.04399299621582,28.360000610351562
2022-06-29,360.5316467285156,29.633535385131836,62.55066680908203,31.869903564453125,120.2793960571289,81.9312973022461,67.4098892211914,64.81110382080078,30.744251251220703,34.41177749633789,97.43035888671875,169.49000549316406,82.94999694824219,58.01502990722656,24.181926727294922,28.15999984741211
2022-06-30,357.60260009765625,29.37203025817871,61.71561813354492,31.198036193847656,120.00801086425781,82.18535614013672,66.41949462890625,64.85604858398438,31.085561752319336,34.00519943237305,98.28598022460938,168.4600067138672,80.3499984741211,57.9835090637207,24.104337692260742,28.709999084472656
2022-07-01,361.3847351074219,29.773622512817383,61.85640335083008,31.66485595703125,121.3555679321289,82.90050506591797,67.64176940917969,65.7905044555664,31.84796714782715,34.245452880859375,99.2950439453125,168.32000732421875,81.66999816894531,58.536617279052734,24.181926727294922,26.700000762939453
2022-07-05,362.0672607421875,29.6708927154541,62.6331901550293,30.408382415771484,120.6537094116211,81.65840911865234,69.15396881103516,65.36820220947266,30.761987686157227,33.55703353881836,100.0751953125,164.75,74.77999877929688,58.48124694824219,24.526769638061523,27.540000915527344
2022-07-06,363.2900695800781,29.596179962158203,63.172088623046875,29.88921546936035,121.46785736083984,82.1288833618164,68.9268798828125,65.55689239501953,31.08112907409668,33.769561767578125,98.39484405517578,162.13999938964844,73.66999816894531,58.25966262817383,24.63884162902832,26.729999542236328
2022-07-07,368.73114013671875,30.025787353515625,64.47807312011719,30.966814041137695,121.9825668334961,83.09811401367188,70.70476531982422,65.61978912353516,31.050107955932617,34.06987762451172,97.52896118164062,162.22999572753906,76.55000305175781,59.20915985107422,24.647462844848633,26.079999923706055
2022-07-08,368.4278259277344,29.960411071777344,64.50717163085938,30.953725814819336,122.3475341796875,82.72171783447266,70.71443176269531,65.50296783447266,30.948156356811523,33.737220764160156,96.44873809814453,162.3000030517578,78.54000091552734,59.25664520263672,24.63022232055664,24.639999389648438
2022-07-11,364.2190856933594,29.717586517333984,63.61874008178711,30.657052993774414,122.0386962890625,82.16653442382812,68.7771224975586,65.41311645507812,31.143184661865234,33.644805908203125,98.11194610595703,161.42999267578125,78.2300033569336,58.92433547973633,24.914714813232422,26.170000076293945
2022-07-12,360.99603271484375,29.530805587768555,62.74971389770508,30.05936050415039,120.48528289794922,81.91248321533203,68.36163330078125,65.22442626953125,30.99247932434082,33.58013153076172,98.6949234008789,160.8300018310547,72.80999755859375,59.16169738769531,24.906091690063477,27.290000915527344
2022-07-13,359.1001892089844,29.269309997558594,62.58464813232422,30.011367797851562,119.31550598144531,80.91502380371094,68.92205810546875,65.26936340332031,30.863935470581055,33.386077880859375,99.82662963867188,161.60000610351562,73.19000244140625,59.0984001159668,24.854366302490234,26.81999969482422
2022-07-14,358.2281494140625,28.708946228027344,63.15752410888672,29.444217681884766,118.96926879882812,80.45394897460938,68.86407470703125,65.32327270507812,30.863935470581055,32.771583557128906,99.01211547851562,159.3300018310547,72.8499984741211,58.98761749267578,25.02678871154785,26.399999618530273
2022-07-15,365.0721435546875,29.680233001708984,64.26930236816406,29.924110412597656,121.84219360351562,81.71487426757812,69.9752426147461,65.53892517089844,30.92156219482422,33.284423828125,99.56938934326172,159.00999450683594,73.73999786376953,59.73929214477539,24.880229949951172,24.229999542236328
2022-07-18,362.05780029296875,29.568157196044922,63.64787292480469,30.609067916870117,119.26873016357422,81.22555541992188,70.17816925048828,64.90096282958984,30.491596221923828,33.36296844482422,98.53205108642578,159.16000366210938,76.80999755859375,59.16169738769531,24.742294311523438,25.299999237060547
2022-07-19,371.84027099609375,30.455392837524414,65.58985137939453,31.551420211791992,121.29940795898438,84.12379455566406,72.32804870605469,65.58382415771484,30.686635971069336,34.37943649291992,98.0004653930664,159.5399932861328,78.05000305175781,59.945011138916016,24.587116241455078,24.5
2022-07-20,374.2100830078125,30.567453384399414,66.61422729492188,31.856807708740234,120.10157775878906,84.77306365966797,73.51652526855469,65.14356994628906,30.278839111328125,34.43950271606445,98.25769805908203,158.0399932861328,77.63999938964844,60.20614242553711,24.656085968017578,23.8799991607666
2022-07-21,378.02081298828125,30.763586044311523,67.55121612548828,31.29837989807129,122.00128936767578,85.38471221923828,75.19779968261719,65.34124755859375,30.35862159729004,34.92925262451172,99.95518493652344,160.27000427246094,75.48999786376953,60.91827392578125,24.587116241455078,23.110000610351562
2022-07-22,374.513427734375,30.58614158630371,66.61908721923828,31.04098129272461,121.49595642089844,85.11182403564453,74.76299285888672,65.77252197265625,30.77528190612793,34.679752349853516,101.63555145263672,160.6699981689453,74.52999877929688,60.839149475097656,24.55263328552246,23.030000686645508
2022-07-25,374.96844482421875,30.782262802124023,66.19669342041016,32.17966842651367,122.13230895996094,85.51644134521484,74.12042236328125,66.09599304199219,31.160917282104492,34.82298278808594,100.64105224609375,160.22999572753906,76.22000122070312,60.82331466674805,24.51814842224121,23.360000610351562
2022-07-26,370.53216552734375,30.3526611328125,65.1237564086914,31.887359619140625,122.75926971435547,85.05535125732422,71.73382568359375,65.94324493408203,31.347082138061523,34.58735656738281,100.71821594238281,160.0399932861328,75.16000366210938,60.396060943603516,24.70781135559082,24.690000534057617
2022-07-27,380.153564453125,30.819616317749023,67.92504119873047,32.607208251953125,123.52665710449219,86.37273406982422,74.4489517211914,66.39252471923828,31.373682022094727,35.003177642822266,100.15234375,161.6699981689453,77.87000274658203,61.06068801879883,24.500905990600586,23.239999771118164
2022-07-28,384.9216003417969,31.043764114379883,68.95912170410156,32.790443420410156,124.3127212524414,88.17941284179688,75.72923278808594,67.45278930664062,32.499549865722656,35.622291564941406,100.94970703125,163.63999938964844,77.12999725341797,61.685787200927734,24.48366355895996,22.329999923706055
2022-07-29,390.53326416015625,31.48271369934082,70.01751708984375,34.21269989013672,123.90096282958984,89.99551391601562,78.66661071777344,66.93163299560547,32.77880096435547,36.09817886352539,100.67534637451172,164.10000610351562,78.05000305175781,61.86775588989258,24.38883399963379,21.329999923706055
2022-08-01,389.3768005371094,31.221208572387695,69.86701965332031,33.505943298339844,122.98389434814453,90.08960723876953,79.05793762207031,67.76726531982422,32.81425476074219,35.807098388671875,103.09996032714844,165.02999877929688,75.12999725341797,61.886810302734375,24.294002532958984,22.84000015258789
2022-08-02,386.80792236328125,30.87565803527832,69.3718032836914,33.42740249633789,122.5440444946289,89.13922119140625,78.51683044433594,67.22815704345703,32.74776840209961,35.44209671020508,100.91838836669922,164.0500030517578,75.93000030517578,61.600868225097656,24.449180603027344,23.93000030517578
2022-08-03,392.8651428222656,31.34262466430664,71.21666717529297,32.46759796142578,123.66700744628906,89.9766845703125,80.42999267578125,67.66844177246094,32.95166778564453,35.479061126708984,102.5073013305664,164.4499969482422,73.52999877929688,62.14101791381836,24.51814842224121,21.950000762939453
2022-08-04,392.5997619628906,31.239885330200195,71.54197692871094,31.263477325439453,123.05875396728516,90.3060302734375,80.75851440429688,67.21916198730469,33.02259826660156,35.502159118652344,102.47298431396484,167.1699981689453,71.52999877929688,62.307830810546875,24.36297035217285,21.440000534057617
2022-08-05,391.9361572265625,31.46402931213379,71.37689208984375,31.88298988342285,123.01192474365234,90.44718170166016,79.38162231445312,67.06642150878906,32.90291213989258,35.62690734863281,100.03373718261719,165.2899932861328,71.54000091552734,61.990089416503906,24.569873809814453,21.149999618530273
2022-08-08,391.481201171875,31.445356369018555,70.77003479003906,32.04877853393555,123.30204010009766,90.41895294189453,79.73912811279297,67.03048706054688,32.95166778564453,35.82558059692383,101.64845275878906,166.69000244140625,73.54000091552734,62.04568099975586,24.535388946533203,21.290000915527344
2022-08-09,389.92657470703125,31.6041202545166,70.06120300292969,32.611572265625,122.9277114868164,90.08960723876953,78.4685287475586,66.93163299560547,33.3195686340332,35.65001678466797,101.25336456298828,167.1999969482422,73.44999694824219,61.584964752197266,24.5095272064209,21.770000457763672
2022-08-10,398.1166076660156,32.31389617919922,71.97403717041016,32.8471565246582,124.26593017578125,92.06565856933594,80.68122100830078,67.42583465576172,33.46583938598633,36.66184616088867,100.5920181274414,166.77999877929688,74.31999969482422,62.506412506103516,24.242277145385742,19.739999771118164
2022-08-11,398.1166076660156,32.696815490722656,71.69245910644531,33.977115631103516,123.46116638183594,92.55497741699219,80.27056884765625,67.26409912109375,33.4614143371582,36.78659439086914,98.24726867675781,166.33999633789062,76.27999877929688,62.148963928222656,24.2595157623291,20.200000762939453
2022-08-12,404.8562927246094,33.21047592163086,73.11980438232422,34.234519958496094,125.04266357421875,93.94762420654297,82.08709716796875,67.84813690185547,34.006622314453125,37.47964096069336,99.24356842041016,167.8699951171875,74.9800033569336,62.70500946044922,24.35434913635254,19.530000686645508
2022-08-15,406.52471923828125,33.201141357421875,73.58102416992188,33.56700897216797,125.66963958740234,94.1734619140625,82.65237426757812,68.52204132080078,34.290306091308594,37.456539154052734,99.1576919555664,165.7100067138672,72.87999725341797,62.59379196166992,24.569873809814453,19.950000762939453
2022-08-16,407.3209228515625,33.44396209716797,73.38197326660156,33.48848342895508,125.33277893066406,94.59690856933594,83.5654525756836,69.29479217529297,34.38782501220703,37.66444778442383,99.5699462890625,165.4199981689453,71.23999786376953,62.29987716674805,24.56125259399414,19.690000534057617
2022-08-17,404.4297180175781,33.275848388671875,72.85762786865234,33.7677001953125,124.6028060913086,93.84413146972656,82.66685485839844,69.09709167480469,34.33019256591797,37.14698028564453,98.53070831298828,164.35000610351562,72.05000305175781,61.65644836425781,24.59573745727539,19.899999618530273
2022-08-18,405.6051940917969,33.313209533691406,73.23632049560547,34.67515182495117,124.05068969726562,94.22051239013672,82.6426773071289,69.3307113647461,34.458744049072266,37.262489318847656,98.67672729492188,163.9199981689453,74.20999908447266,61.75178146362305,24.785400390625,19.559999465942383
2022-08-19,400.1546936035156,32.65011215209961,71.90606689453125,34.66642761230469,124.3875961303711,93.00664520263672,80.93728637695312,69.10608673095703,34.44101333618164,36.57868194580078,97.08782958984375,162.72000122070312,74.05999755859375,61.12424087524414,24.94057846069336,20.600000381469727
2022-08-22,391.82244873046875,31.930997848510742,69.90099334716797,34.600982666015625,122.75926971435547,91.23760223388672,78.6907730102539,68.40523529052734,33.97115707397461,35.99653625488281,96.76142883300781,161.63999938964844,74.68000030517578,60.433204650878906,25.147480010986328,23.799999237060547
2022-08-23,390.87451171875,31.800249099731445,69.71650695800781,35.84873580932617,121.04676055908203,91.406982421875,78.91299438476562,68.10871887207031,33.76726150512695,36.352294921875,96.22889709472656,162.77000427246094,76.83000183105469,60.5840950012207,25.044029235839844,24.110000610351562
2022-08-24,392.1257629394531,31.96834945678711,69.76020050048828,36.289371490478516,121.19647216796875,91.70808410644531,79.25119018554688,68.27944946289062,33.8736457824707,36.43083572387695,95.52462768554688,163.25,78.04000091552734,60.655616760253906,25.061269760131836,22.81999969482422
2022-08-25,397.6616516113281,32.46332931518555,70.93994140625,36.56858825683594,122.53468322753906,93.11015319824219,80.1980972290039,68.59391021728516,34.08197784423828,37.257869720458984,96.85588836669922,163.75,76.5,61.227535247802734,25.018165588378906,21.780000686645508
2022-08-26,384.2011413574219,31.492053985595703,67.91048431396484,36.14104080200195,119.11898803710938,89.8825912475586,77.14476776123047,66.89571380615234,33.558929443359375,36.11666488647461,97.58592224121094,161.75999450683594,75.8499984741211,60.21873092651367,25.11299705505371,25.559999465942383
2022-08-29,381.6607666015625,31.267908096313477,67.0123291015625,36.68638229370117,118.28614044189453,89.47795104980469,76.734130859375,66.7878646850586,33.66088104248047,35.862545013427734,96.77859497070312,161.86000061035156,78.69000244140625,59.98836898803711,25.121618270874023,26.209999084472656
2022-08-30,377.470947265625,31.09979820251465,66.3132095336914,35.44300079345703,117.50003051757812,88.18883514404297,75.87899017333984,66.09599304199219,33.16886520385742,35.27577209472656,97.01908111572266,160.50999450683594,75.47000122070312,59.52763748168945,25.11299705505371,26.209999084472656
2022-08-31,374.5987548828125,30.866317749023438,65.6675033569336,35.12015914916992,116.75138854980469,87.4454574584961,75.13015747070312,65.69166564941406,32.95166778564453,34.84146499633789,96.09150695800781,159.27000427246094,73.11000061035156,59.20197296142578,25.09575653076172,25.8700008392334
2022-09-01,375.7741394042969,30.9597110748291,65.34709167480469,34.25633239746094,118.66979217529297,87.56776428222656,75.81620025634766,66.06005859375,33.42596435546875,34.384056091308594,94.33221435546875,157.8699951171875,70.94999694824219,59.3584098815918,25.319902420043945,25.559999465942383
2022-09-02,371.8118591308594,30.716890335083008,64.49747467041016,34.88456344604492,116.96662139892578,86.72090148925781,75.12049102783203,65.19745635986328,33.066917419433594,34.35171890258789,94.8658447265625,159.25999450683594,71.43000030517578,59.318511962890625,25.328519821166992,25.469999313354492
2022-09-06,370.408935546875,30.642173767089844,64.07025146484375,34.56172180175781,117.07893371582031,86.86204528808594,74.96590423583984,64.82906341552734,33.15114212036133,34.245452880859375,92.51617431640625,158.3300018310547,71.41999816894531,59.15886688232422,25.475078582763672,26.90999984741211
2022-09-07,377.06329345703125,31.249223709106445,65.09463500976562,34.16034698486328,118.98798370361328,88.25468444824219,77.26556396484375,65.99717712402344,34.18836212158203,35.192604064941406,93.97935485839844,159.94000244140625,67.62000274658203,60.01298141479492,25.29404067993164,24.639999389648438
2022-09-08,379.5279541015625,31.800249099731445,65.31794738769531,34.308685302734375,121.05609893798828,88.51817321777344,77.98539733886719,65.82643127441406,34.16176223754883,35.534515380859375,93.01535034179688,158.97999572753906,68.08999633789062,60.27642822265625,25.34576416015625,23.610000610351562
2022-09-09,385.4239807128906,32.08976745605469,66.60934448242188,35.163780212402344,122.12291717529297,89.66616821289062,79.46377563476562,66.47338104248047,34.299171447753906,36.070457458496094,93.22193145751953,159.82000732421875,71.0999984741211,60.515907287597656,25.164724349975586,22.790000915527344
2022-09-12,389.5663757324219,32.35126876831055,67.67742919921875,35.80946731567383,122.93708038330078,90.2025146484375,80.48798370361328,66.73396301269531,34.62717819213867,36.407737731933594,92.45592498779297,160.6300048828125,72.37000274658203,60.699493408203125,25.03540802001953,23.8700008392334
2022-09-13,372.6270751953125,31.146493911743164,64.0848159790039,34.90637969970703,118.87570190429688,86.80558013916016,76.33796691894531,64.50560760498047,33.70520782470703,35.10944366455078,92.67109680175781,158.5399932861328,72.01000213623047,59.318511962890625,25.3802490234375,27.270000457763672
2022-09-14,374.0489501953125,31.05310821533203,64.3178482055664,35.892364501953125,118.9411849975586,86.63619232177734,77.31868743896484,64.47864532470703,33.98002624511719,34.679752349853516,92.98954010009766,157.92999267578125,72.7300033569336,59.40631866455078,25.328519821166992,26.15999984741211
2022-09-15,369.8022766113281,31.15584373474121,62.837100982666016,34.96745300292969,119.6056137084961,85.73287200927734,76.92253112792969,63.93953323364258,33.1334114074707,34.22235107421875,92.9292984008789,154.97999572753906,69.76000213623047,59.03112030029297,25.34576416015625,26.270000457763672
2022-09-16,366.9809875488281,30.87565803527832,62.48756408691406,34.22142028808594,119.26873016357422,83.94500732421875,76.30414581298828,64.09227752685547,33.009300231933594,33.68178176879883,92.15467071533203,155.83999633789062,69.9000015258789,59.23069763183594,25.34576416015625,26.299999237060547
2022-09-19,369.8269958496094,31.225852966308594,62.99711990356445,34.24171829223633,118.62608337402344,85.08430480957031,77.38375091552734,64.51824951171875,33.451534271240234,34.239341735839844,92.36986541748047,155.9600067138672,70.05000305175781,59.4542350769043,25.328519821166992,25.760000228881836
2022-09-20,365.5819396972656,30.765817642211914,62.627227783203125,34.00355911254883,117.23555755615234,84.0253677368164,76.07176971435547,64.16554260253906,32.965118408203125,33.58884811401367,91.44890594482422,155.07000732421875,69.22000122070312,58.8475341796875,25.44921875,27.15999984741211
2022-09-21,359.20477294921875,30.12740707397461,61.64897918701172,33.505191802978516,115.29071807861328,82.9096908569336,74.27079010009766,63.92135238647461,32.5143928527832,32.85470962524414,92.9809341430664,155.7899932861328,68.68000030517578,58.671932220458984,25.69922637939453,27.989999771118164
2022-09-22,356.1875305175781,29.620433807373047,61.02114486694336,33.386104583740234,115.90141296386719,81.66163635253906,72.55696105957031,63.830909729003906,32.39836883544922,32.45977020263672,90.60542297363281,155.6999969482422,68.97000122070312,58.320674896240234,25.73371124267578,27.350000381469727
2022-09-23,350.2196960449219,29.15100860595703,60.22298049926758,31.083932876586914,115.30950927734375,80.12996673583984,70.88668823242188,62.74565887451172,32.02350997924805,31.79533576965332,90.97554779052734,153.00999450683594,65.31999969482422,57.57829284667969,26.138896942138672,29.920000076293945
2022-09-26,346.7550964355469,28.690977096557617,59.80442428588867,30.320938110351562,114.21024322509766,79.28848266601562,70.72693634033203,62.79087448120117,31.251483917236328,31.279584884643555,89.23692321777344,151.22999572753906,63.20000076293945,56.8997917175293,26.432010650634766,32.2599983215332
2022-09-27,345.8699035644531,28.568927764892578,59.88229751586914,30.66053009033203,113.86262512207031,79.02375030517578,70.94963073730469,61.70562744140625,30.724891662597656,31.349287033081055,86.88722229003906,151.5399932861328,64.41999816894531,56.78004837036133,26.44063377380371,32.599998474121094
2022-09-28,352.6753234863281,29.132230758666992,60.51499557495117,32.018917083740234,116.35237884521484,80.76343536376953,72.86679077148438,62.447227478027344,31.055124282836914,32.157752990722656,89.79637908935547,154.69000244140625,67.12999725341797,57.793846130371094,26.095792770385742,30.18000030517578
2022-09-29,345.3083190917969,28.766084671020508,58.9381103515625,32.018917083740234,115.37527465820312,79.36412811279297,70.34931182861328,61.416229248046875,29.810070037841797,31.683826446533203,89.33161163330078,154.66000366210938,66.7699966430664,57.25101852416992,25.992340087890625,31.84000015258789
2022-09-30,339.96856689453125,28.50320816040039,57.808998107910156,31.76311683654785,113.78746032714844,78.3240737915039,68.96467590332031,60.34907913208008,29.23439598083496,31.600181579589844,88.17823791503906,154.6699981689453,65.27999877929688,56.98759078979492,25.992340087890625,31.6200008392334
2022-10-03,348.9442138671875,29.273059844970703,59.60001754760742,33.55811309814453,116.12690734863281,80.68778991699219,69.03247833251953,61.389102935791016,30.091211318969727,32.627044677734375,89.57933807373047,158.42999267578125,67.88999938964844,57.73445510864258,25.871644973754883,30.100000381469727
2022-10-04,359.7568359375,30.36211395263672,61.600318908691406,35.00028610229492,118.82337951660156,83.49590301513672,71.44346618652344,62.320613861083984,30.729360580444336,33.8258171081543,89.32917022705078,160.6999969482422,70.27999877929688,58.977848052978516,25.518184661865234,29.06999969482422
2022-10-05,358.91925048828125,30.12740707397461,61.80472183227539,35.72357940673828,119.2179946899414,83.04203796386719,71.02226257324219,61.958858489990234,30.046585083007812,33.4448127746582,88.47502899169922,159.80999755859375,71.94000244140625,58.7452278137207,25.759572982788086,28.549999237060547
2022-10-06,355.2167053222656,29.704923629760742,61.29856872558594,36.35867691040039,117.69593048095703,82.08711242675781,70.51874542236328,61.05447769165039,29.05589485168457,33.091678619384766,87.98326873779297,159.6300048828125,72.98999786376953,58.56874465942383,26.018203735351562,30.520000457763672
2022-10-07,345.3083190917969,29.000797271728516,58.77750778198242,36.07640838623047,115.2061767578125,80.5176010131836,68.09324645996094,60.14106369018555,28.453441619873047,32.27391815185547,87.12914276123047,157.8800048828125,75.0999984741211,57.85478591918945,26.121654510498047,31.360000610351562
2022-10-10,342.67181396484375,28.869354248046875,57.78953552246094,35.335472106933594,114.48272705078125,80.80123901367188,67.67205810546875,60.35810470581055,28.50252914428711,32.3436164855957,85.7746353149414,155.47999572753906,73.77999877929688,57.14883041381836,26.233728408813477,32.45000076293945
2022-10-11,340.5016174316406,28.50320816040039,56.90376281738281,35.0532112121582,115.09341430664062,80.78236389160156,67.12014770507812,60.85551834106445,28.39988899230957,32.09270477294922,86.15422821044922,155.16000366210938,71.75,57.3253288269043,26.2509708404541,33.630001068115234
2022-10-12,339.3785095214844,28.437490463256836,56.728546142578125,35.335472106933594,114.52970123291016,80.14885711669922,67.29442596435547,61.181087493896484,27.453824996948242,31.851097106933594,86.57698822021484,155.99000549316406,70.93000030517578,57.421607971191406,26.2509708404541,33.56999969482422
2022-10-13,348.3350830078125,29.611040115356445,58.4903678894043,36.777645111083984,117.19796752929688,81.91691589355469,68.03031921386719,62.19398498535156,28.141061782836914,32.78501892089844,85.74874114990234,154.91000366210938,72.5199966430664,57.54991912841797,26.078548431396484,31.940000534057617
2022-10-14,340.3969421386719,29.113454818725586,56.84536361694336,35.406036376953125,116.40878295898438,80.12049865722656,65.48863220214844,61.07255554199219,27.734962463378906,31.67917251586914,85.04129791259766,152.97999572753906,70.16999816894531,57.36542892456055,26.25959014892578,32.02000045776367
2022-10-17,349.1440734863281,29.845746994018555,58.577972412109375,35.84707260131836,118.27845001220703,81.86965942382812,68.1465072631836,61.73276138305664,28.31510353088379,32.469058990478516,84.62716674804688,153.4199981689453,70.12999725341797,58.071380615234375,25.992340087890625,31.3700008392334
2022-10-18,353.2463684082031,30.32455825805664,59.07439422607422,36.16019821166992,118.93611907958984,83.84571838378906,69.08573150634766,62.537654876708984,28.832761764526367,33.105621337890625,84.82559967041016,153.75,68.69999694824219,58.48049545288086,25.97509765625,30.5
2022-10-19,350.74310302734375,29.826974868774414,58.904048919677734,37.22749710083008,117.27314758300781,83.25005340576172,68.31111145019531,62.248260498046875,28.457902908325195,32.71532440185547,83.28128051757812,151.69000244140625,70.04000091552734,57.91896057128906,26.16476058959961,30.760000228881836
2022-10-20,347.8020935058594,29.34816551208496,58.9381103515625,37.26278305053711,116.27723693847656,81.61436462402344,66.98943328857422,61.380062103271484,27.739425659179688,32.478355407714844,81.85773468017578,151.4499969482422,70.18000030517578,57.59809112548828,26.182003021240234,29.979999542236328
2022-10-21,356.2541198730469,30.22127914428711,60.51499557495117,38.33891296386719,118.8891372680664,83.85517883300781,68.94048309326172,62.320613861083984,28.25262451171875,33.602779388427734,80.38240814208984,154.14999389648438,70.56999969482422,58.1515998840332,25.95785903930664,29.690000534057617
2022-10-24,360.6134033203125,30.624988555908203,61.35210418701172,38.51972961425781,121.18163299560547,84.97086334228516,69.22612762451172,63.4420280456543,28.4891414642334,33.40763854980469,79.71810913085938,153.64999389648438,70.37999725341797,58.19169616699219,25.983718872070312,29.850000381469727
2022-10-25,366.3719177246094,30.991134643554688,62.5250244140625,38.55942153930664,122.10238647460938,86.1148910522461,70.9593276977539,64.27406311035156,29.060352325439453,34.23469924926758,82.03893280029297,154.0,70.61000061035156,58.75323486328125,25.69922637939453,28.459999084472656
2022-10-26,363.6116027832031,31.066240310668945,61.13309860229492,39.084251403808594,123.45531463623047,86.41743469238281,70.38804626464844,64.69912719726562,29.046960830688477,34.47631072998047,83.22087860107422,154.97999572753906,72.97000122070312,58.91368865966797,25.431974411010742,27.280000686645508
2022-10-27,361.66998291015625,31.319734573364258,60.43712615966797,39.22537612915039,122.8070297241211,87.42910766601562,70.11692810058594,64.75336456298828,29.279020309448242,34.388031005859375,84.09228515625,154.74000549316406,73.62000274658203,59.34690856933594,25.63025665283203,27.389999389648438
2022-10-28,370.27435302734375,32.09896469116211,63.065250396728516,39.362098693847656,124.8270492553711,89.4619140625,70.17987823486328,66.17325592041016,30.082290649414062,34.73186111450195,83.51419830322266,153.16000366210938,72.81999969482422,59.804141998291016,25.673364639282227,25.75
2022-10-31,367.5997619628906,31.90181541442871,62.23301696777344,39.69287109375,124.72369384765625,89.20663452148438,69.7296142578125,65.78436279296875,29.8011417388916,34.420555114746094,82.91890716552734,151.91000366210938,71.52999877929688,58.905670166015625,25.88888931274414,25.8799991607666
2022-11-01,365.9912109375,31.986310958862305,61.712257385253906,40.07657241821289,124.798828125,89.12153625488281,69.02279663085938,65.57637023925781,29.91716957092285,34.508827209472656,83.69384002685547,153.4600067138672,73.12000274658203,59.259971618652344,25.880268096923828,25.809999465942383
2022-11-02,356.8061218261719,31.58260726928711,59.58055114746094,39.110713958740234,122.67547607421875,87.5520248413086,66.41329956054688,64.43685150146484,29.627098083496094,33.61207962036133,83.33059692382812,152.38999938964844,74.08000183105469,58.72046661376953,25.992340087890625,25.860000610351562
2022-11-03,353.1322326660156,31.26339340209961,57.82847595214844,39.83399963378906,122.15874481201172,88.4691162109375,66.01632690429688,64.21979522705078,29.75651741027832,33.86763381958008,82.88089752197266,151.80999755859375,73.29000091552734,58.30172348022461,26.20786476135254,25.299999237060547
2022-11-04,358.2149658203125,31.83609962463379,58.88459396362305,40.31913375854492,122.9009780883789,89.88736724853516,66.56822967529297,64.97948455810547,29.939483642578125,35.04317092895508,81.4884262084961,156.47000122070312,76.81999969482422,58.704322814941406,25.716466903686523,24.549999237060547
2022-11-07,361.6414489746094,32.155303955078125,59.867706298828125,41.01155090332031,124.21633911132812,90.85177612304688,66.10346221923828,65.55826568603516,29.368270874023438,35.31731033325195,80.67545318603516,155.85000610351562,76.55999755859375,58.69629669189453,25.569910049438477,24.350000381469727
2022-11-08,363.5926208496094,32.34307098388672,60.44198989868164,41.051246643066406,124.8364028930664,91.6459732055664,65.93885040283203,65.74819946289062,29.57354736328125,35.925987243652344,81.55763244628906,159.4499969482422,74.47000122070312,58.639930725097656,25.45783805847168,25.540000915527344
2022-11-09,356.10186767578125,31.798540115356445,58.86998748779297,39.044551849365234,123.49288177490234,90.36957550048828,63.924869537353516,65.03373718261719,29.341495513916016,35.345176696777344,81.82573699951172,158.64999389648438,71.66999816894531,57.93933868408203,25.647502899169922,26.09000015258789
2022-11-10,375.6711730957031,33.403961181640625,63.707672119140625,39.91338348388672,126.63093566894531,94.16097259521484,68.59674072265625,66.56214141845703,30.724891662597656,37.30133056640625,84.97386169433594,163.47999572753906,72.23999786376953,59.74315643310547,25.061269760131836,23.530000686645508
2022-11-11,379.30706787109375,33.67622756958008,64.7978744506836,41.07329177856445,125.08073425292969,94.10423278808594,70.24281311035156,66.48977661132812,30.38127899169922,37.75202178955078,84.66252899169922,164.55999755859375,74.37999725341797,59.95252227783203,24.699188232421875,22.520000457763672
2022-11-14,376.0804138183594,33.19740676879883,64.2430419921875,41.060062408447266,125.1934585571289,93.52749633789062,69.12928771972656,65.96525573730469,30.019807815551758,37.70091247558594,84.45496368408203,164.9199981689453,71.91000366210938,59.5096321105957,24.811264038085938,23.729999542236328
2022-11-15,379.28802490234375,33.272518157958984,65.02175903320312,41.49228286743164,125.03372192382812,94.1704330444336,70.0733642578125,66.51692962646484,30.350040435791016,37.64514923095703,85.82144165039062,165.5,73.25,60.03302764892578,24.725051879882812,24.540000915527344
2022-11-16,376.39447021484375,33.112918853759766,64.13111114501953,40.64550018310547,124.97734832763672,93.48967742919922,69.00341796875,66.84249877929688,30.62226104736328,37.27809143066406,87.6982421875,165.1199951171875,72.04000091552734,59.90419006347656,24.67332649230957,24.110000610351562
2022-11-17,375.2427673339844,32.934547424316406,64.21385192871094,40.733707427978516,124.9209976196289,93.32894134521484,68.16587829589844,66.82438659667969,30.086750030517578,36.92032241821289,86.77281188964844,163.9199981689453,70.13999938964844,59.646514892578125,24.768156051635742,23.93000030517578
2022-11-18,376.94659423828125,33.20680618286133,64.28683471679688,40.4117431640625,126.43363189697266,94.01914978027344,68.25786590576172,67.53884887695312,30.724891662597656,37.16658401489258,86.17604064941406,162.7899932861328,69.02999877929688,59.77537155151367,24.837125778198242,23.1200008392334
2022-11-21,375.57598876953125,33.31007385253906,63.59574508666992,39.8648681640625,126.49002838134766,94.32170867919922,67.27021789550781,68.18095397949219,30.863235473632812,37.29202651977539,86.5392837524414,161.8800048828125,69.02999877929688,59.75119400024414,25.052650451660156,22.360000610351562
2022-11-22,380.6300354003906,33.64805603027344,64.82707214355469,41.11299133300781,127.58927917480469,95.04972076416016,68.03031921386719,68.67837524414062,31.126523971557617,38.13768005371094,87.76742553710938,162.07000732421875,69.9800033569336,60.186058044433594,24.89747428894043,21.290000915527344
2022-11-23,383.0286865234375,33.788883209228516,65.4013671875,40.66754913330078,128.09661865234375,95.40901184082031,69.01311492919922,68.91350555419922,31.474611282348633,38.286354064941406,89.29825592041016,163.0800018310547,67.41000366210938,60.524261474609375,24.63884162902832,20.350000381469727
2022-11-25,382.9429626464844,33.90155029296875,65.02175903320312,40.51759338378906,128.85765075683594,95.7777328491211,69.05183410644531,68.95870971679688,31.657575607299805,38.272422790527344,88.99555969238281,163.22000122070312,66.95999908447266,60.40348434448242,24.63884162902832,20.5
2022-11-28,376.8323669433594,33.31947326660156,63.62982177734375,39.40619659423828,127.88992309570312,94.0380630493164,68.62578582763672,68.69645690917969,31.331811904907227,37.417484283447266,89.24634552001953,161.92999267578125,66.87999725341797,59.76728820800781,24.81988525390625,22.209999084472656
2022-11-29,376.1851501464844,33.516624450683594,63.006858825683594,40.0015869140625,127.57049560546875,94.61481475830078,68.40794372558594,68.4342041015625,31.09975242614746,37.54293441772461,88.19984436035156,162.72999572753906,68.33999633789062,60.024993896484375,24.86298942565918,21.889999389648438
2022-11-30,388.0351867675781,34.08931350708008,66.17034149169922,40.20005416870117,130.61459350585938,96.17484283447266,70.76566314697266,69.80884552001953,31.87624168395996,38.44898986816406,88.84849548339844,164.80999755859375,70.2300033569336,60.92689895629883,24.664705276489258,20.579999923706055
2022-12-01,387.7496643066406,33.89215087890625,66.26280975341797,40.0677375793457,130.9904327392578,96.20323181152344,70.75597381591797,69.4923095703125,31.849470138549805,38.495445251464844,91.68684387207031,167.83999633789062,70.44999694824219,61.152530670166016,24.36297035217285,19.84000015258789
2022-12-02,387.3022766113281,33.73255157470703,65.8783187866211,39.82958984375,131.32862854003906,96.75161743164062,70.66400146484375,69.80884552001953,31.697738647460938,38.91827392578125,92.83987426757812,167.25999450683594,69.83999633789062,61.10400390625,24.337106704711914,19.059999465942383
2022-12-05,380.3350830078125,32.89698791503906,64.78327178955078,38.64763259887695,130.0696563720703,95.13481903076172,68.62578582763672,68.93159484863281,31.51923942565918,38.14697265625,91.53946685791016,164.38999938964844,67.72000122070312,60.52174377441406,24.535388946533203,20.75
2022-12-06,374.8525695800781,32.60593795776367,63.39619827270508,37.62883758544922,129.0831298828125,94.00969696044922,67.55587768554688,68.50655364990234,31.715593338012695,37.80778121948242,92.7184829711914,164.83999633789062,65.2300033569336,60.303409576416016,24.55263328552246,22.170000076293945
2022-12-07,374.2149353027344,32.474510192871094,63.07499694824219,37.5406379699707,130.14483642578125,93.88679504394531,67.1491928100586,68.79594421386719,31.568317413330078,37.724151611328125,94.90319061279297,166.3300018310547,63.650001525878906,60.63499069213867,24.47504234313965,22.68000030517578
2022-12-08,377.14642333984375,32.50267028808594,64.10675811767578,37.373046875,131.3192138671875,94.44461059570312,67.79792785644531,69.16673278808594,31.773601531982422,38.00293731689453,94.6430892944336,166.47000122070312,62.709999084472656,60.68348693847656,24.39745330810547,22.290000915527344
2022-12-09,374.32904052734375,32.418174743652344,63.712554931640625,36.464515686035156,129.63746643066406,93.6693115234375,67.50260162353516,68.63316345214844,31.608488082885742,37.62656784057617,92.18098449707031,167.05999755859375,62.849998474121094,60.68348693847656,24.449180603027344,22.829999923706055
2022-12-12,379.72589111328125,32.85003662109375,65.10449981689453,37.42155838012695,131.0186004638672,95.27664184570312,67.67205810546875,69.35667419433594,32.33142852783203,37.951820373535156,92.47576904296875,165.67999267578125,64.41000366210938,60.91800308227539,24.466421127319336,25.0
2022-12-13,382.600341796875,32.934547424316406,65.87344360351562,38.13161849975586,131.422607421875,95.63592529296875,67.67205810546875,69.25716400146484,32.42959976196289,38.476863861083984,93.36869049072266,168.50999450683594,65.86000061035156,61.54876708984375,24.250896453857422,22.549999237060547
2022-12-14,380.1542053222656,32.52145004272461,65.31863403320312,37.89786911010742,131.62928771972656,95.45630645751953,67.1685562133789,69.21195983886719,32.389442443847656,38.06332778930664,93.76748657226562,168.10000610351562,67.36000061035156,61.201053619384766,24.138824462890625,21.139999389648438
2022-12-15,370.8549499511719,31.88302993774414,62.87545394897461,37.66854476928711,129.2146759033203,93.14929962158203,66.06474304199219,68.0362548828125,31.99673843383789,36.901729583740234,94.13331604003906,165.35000610351562,66.1500015258789,60.970176696777344,24.36297035217285,22.829999923706055
2022-12-16,366.4765930175781,31.638935089111328,62.0432014465332,37.20545196533203,127.33561706542969,92.752197265625,64.83020782470703,67.70166015625,31.452302932739258,36.74375915527344,93.08182525634766,166.7899932861328,64.9000015258789,60.644989013671875,24.40607452392578,22.6200008392334
2022-12-19,363.3689880371094,31.553909301757812,61.21589279174805,37.200992584228516,126.860107421875,92.2638931274414,63.78937530517578,67.65882873535156,31.327220916748047,36.26628494262695,91.5175552368164,166.32000732421875,66.06999969482422,60.336090087890625,24.41216278076172,22.420000076293945
2022-12-20,363.8662109375,31.686168670654297,61.30863571166992,37.762413024902344,126.8318099975586,92.37789154052734,63.04662322998047,67.60417938232422,31.336219787597656,36.504783630371094,89.89247131347656,169.0800018310547,66.22000122070312,60.181610107421875,24.246919631958008,21.479999542236328
2022-12-21,369.30694580078125,32.177425384521484,62.323848724365234,38.47978591918945,128.50164794921875,94.11639404296875,64.0515365600586,68.27822875976562,31.77263832092285,36.822784423828125,90.11841583251953,168.8000030517578,68.05999755859375,60.69377136230469,24.30780029296875,20.06999969482422
2022-12-22,364.038330078125,31.89401626586914,60.7522087097168,37.593101501464844,128.3223876953125,92.91939544677734,62.40581512451172,68.12337493896484,31.57917022705078,36.467376708984375,90.10102081298828,166.75999450683594,67.69999694824219,60.31979751586914,24.342586517333984,21.969999313354492
2022-12-23,366.1323547363281,32.073509216308594,60.8156623840332,38.79169464111328,128.39785766601562,93.47039794921875,62.8330078125,68.47860717773438,31.903112411499023,36.71990966796875,88.78014373779297,167.25999450683594,69.31999969482422,60.47427749633789,24.333890914916992,20.8700008392334
2022-12-27,364.6885986328125,32.064056396484375,60.23971939086914,39.20607376098633,128.06768798828125,93.75540161132812,61.81355285644531,68.80652618408203,32.10106658935547,36.75263977050781,87.02467346191406,168.6699981689453,69.52999877929688,59.84829330444336,24.325193405151367,21.649999618530273
2022-12-28,360.1562194824219,31.950695037841797,59.2684211730957,38.32829666137695,127.23748016357422,92.52989959716797,61.29411315917969,67.95030975341797,31.795127868652344,36.19146728515625,86.51195526123047,167.91000366210938,68.58000183105469,59.043514251708984,24.41216278076172,22.139999389648438
2022-12-29,366.6391906738281,32.394718170166016,60.820552825927734,38.72931671142578,128.62428283691406,93.66989135742188,62.87185287475586,68.24178314208984,32.02458190917969,36.58428955078125,87.49394989013672,168.85000610351562,68.52999877929688,59.80766296386719,24.264314651489258,21.440000534057617
2022-12-30,365.67340087890625,32.3096923828125,60.737571716308594,38.97438049316406,128.16204833984375,93.29938507080078,62.70194625854492,67.90476989746094,31.718643188476562,36.32707977294922,86.52063751220703,169.63999938964844,70.11000061035156,59.85643768310547,24.1860408782959,21.670000076293945
2023-01-03,364.1339416503906,32.423065185546875,60.16162872314453,37.60647201538086,127.79408264160156,93.49888610839844,62.3281364440918,67.64973449707031,31.718643188476562,36.2896614074707,88.17181396484375,171.05999755859375,67.63999938964844,59.97025680541992,24.446949005126953,22.899999618530273
2023-01-04,366.94512939453125,32.94265365600586,60.31781005859375,37.602012634277344,128.1337432861328,94.32540130615234,63.23109436035156,67.91387176513672,32.00658416748047,36.92099380493164,89.37975311279297,172.6699981689453,64.30000305175781,60.66124725341797,24.3599796295166,22.010000228881836
2023-01-05,362.757080078125,32.6970329284668,59.14640426635742,38.2881965637207,126.82238006591797,93.30888366699219,62.64368438720703,67.23072814941406,31.313724517822266,36.336429595947266,89.75342559814453,170.52000427246094,64.77999877929688,60.539310455322266,24.586101531982422,22.459999084472656
2023-01-06,371.0758056640625,33.42447280883789,60.879112243652344,39.01447296142578,127.99220275878906,95.86439514160156,64.1146469116211,69.02513122558594,31.9435977935791,37.585052490234375,91.40458679199219,173.7100067138672,64.83000183105469,61.401023864746094,24.264314651489258,21.1299991607666
2023-01-09,370.865478515625,33.30166244506836,61.58683395385742,38.87635040283203,125.85065460205078,95.43690490722656,64.50299835205078,68.35108947753906,32.15955352783203,37.82356262207031,91.89125061035156,174.10000610351562,65.87999725341797,61.62053298950195,24.11646842956543,21.969999313354492
2023-01-10,373.4662780761719,33.49060821533203,61.96754455566406,39.15261459350586,126.9073257446289,95.95938873291016,65.313720703125,68.260009765625,32.16855239868164,38.202354431152344,90.37045288085938,174.74000549316406,65.9000015258789,61.547340393066406,24.133859634399414,20.579999923706055
2023-01-11,378.18994140625,33.8023567199707,63.04133605957031,39.27291488647461,127.62429809570312,96.88088989257812,67.0759506225586,68.29644012451172,32.42949676513672,38.800941467285156,91.8391342163086,174.6199951171875,68.05000305175781,61.953834533691406,24.133859634399414,21.09000015258789
2023-01-12,379.56671142578125,33.86849594116211,63.5098991394043,40.021480560302734,127.2186050415039,97.45088958740234,67.18756866455078,67.75901794433594,32.209041595458984,38.945919036865234,93.64669036865234,176.63999938964844,68.61000061035156,62.30336380004883,23.899044036865234,18.829999923706055
2023-01-13,381.039306640625,34.12357711791992,63.69050216674805,40.07939910888672,127.78467559814453,97.33689880371094,67.81868743896484,68.07783508300781,32.092079162597656,39.18442153930664,92.76897430419922,178.75999450683594,70.05000305175781,62.30336380004883,23.890348434448242,18.350000381469727
2023-01-17,380.34124755859375,33.8968391418457,63.97846603393555,40.1640625,127.1903076171875,96.51039123535156,67.86723327636719,68.12337493896484,32.047080993652344,38.79159164428711,92.16934967041016,177.58999633789062,70.86000061035156,62.092002868652344,23.959922790527344,19.360000610351562
2023-01-18,374.33642578125,33.26386642456055,63.15359878540039,39.42886734008789,125.3978500366211,94.69590759277344,66.98369598388672,66.26522064208984,31.27773666381836,38.24444580078125,94.40274810791016,177.0800018310547,69.51000213623047,62.16519546508789,23.959922790527344,20.34000015258789
2023-01-19,371.6113586425781,32.87653350830078,62.41659164428711,39.91899490356445,125.69971466064453,92.74839782714844,65.87200164794922,65.63672637939453,30.96279525756836,37.949825286865234,93.81180572509766,179.88999938964844,70.58999633789062,61.79936218261719,23.899044036865234,20.520000457763672
2023-01-20,378.5340881347656,33.3961296081543,64.1053695678711,40.31555938720703,126.33180236816406,94.04039764404297,67.46915435791016,66.14681243896484,31.147262573242188,38.712093353271484,92.29100799560547,179.2899932861328,71.55000305175781,61.921287536621094,23.864259719848633,19.850000381469727
2023-01-23,383.0759582519531,33.78346252441406,65.56475830078125,40.369022369384766,126.76578521728516,95.0663833618164,68.52261352539062,66.3563003540039,31.15626335144043,38.83836364746094,91.85650634765625,179.6300048828125,71.5,61.91318130493164,23.899044036865234,19.809999465942383
2023-01-24,382.66485595703125,33.8023567199707,65.53546142578125,40.213069915771484,125.9261474609375,95.69341278076172,68.44493865966797,66.62956237792969,31.313724517822266,38.86174011230469,93.17740631103516,180.27999877929688,70.22000122070312,61.953834533691406,23.872955322265625,19.200000762939453
2023-01-25,382.8082580566406,34.06688690185547,65.39881896972656,40.217533111572266,125.9638900756836,95.16138458251953,68.7944564819336,66.79352569580078,30.89081573486328,38.941246032714844,93.40336608886719,181.11000061035156,70.51000213623047,61.94567108154297,23.7946834564209,19.079999923706055
2023-01-26,387.0154113769531,34.24637985229492,66.44330596923828,41.487422943115234,126.19973754882812,95.68389892578125,70.20230865478516,66.55667877197266,30.994291305541992,39.12830352783203,92.96884155273438,179.47000122070312,70.93000030517578,62.10015869140625,23.855562210083008,18.729999542236328
2023-01-27,387.9046630859375,34.24637985229492,66.72151947021484,40.649742126464844,125.34123229980469,96.0828857421875,71.79460144042969,66.36542510986328,30.994291305541992,39.002044677734375,92.73420715332031,179.22000122070312,69.5,61.91318130493164,23.890348434448242,18.510000228881836
2023-01-30,383.0376892089844,34.07633590698242,65.4476089477539,39.71849822998047,124.20915222167969,95.14239501953125,70.57124328613281,66.44738006591797,30.854816436767578,38.7354736328125,92.39530944824219,178.75999450683594,68.0999984741211,61.57173538208008,23.977317810058594,19.940000534057617
2023-01-31,388.66961669921875,34.53925323486328,66.36033630371094,40.07048797607422,125.81294250488281,96.75738525390625,72.18782043457031,67.1669692993164,31.08426284790039,39.58660125732422,93.13397216796875,179.41000366210938,69.31999969482422,62.05136489868164,23.92513656616211,19.399999618530273
2023-02-01,392.8003234863281,34.53925323486328,67.92221069335938,39.28182601928711,126.40731048583984,97.46040344238281,73.55681610107422,67.70439147949219,31.13825798034668,39.848480224609375,94.25354766845703,181.6699981689453,67.36000061035156,62.70323181152344,23.699018478393555,17.8700008392334
2023-02-02,398.51837158203125,34.633724212646484,69.77693939208984,38.38622283935547,125.54878997802734,98.22039794921875,75.80935668945312,67.12142944335938,31.20574378967285,39.72222137451172,94.37549591064453,177.89999389648438,66.56999969482422,63.06267547607422,23.855562210083008,18.729999542236328
2023-02-03,394.2824401855469,34.567596435546875,69.19613647460938,38.30156707763672,125.18084716796875,97.7073974609375,73.47429656982422,66.85728454589844,30.553380966186523,39.006717681884766,92.96407318115234,173.4600067138672,64.4000015258789,62.400997161865234,24.168651580810547,18.329999923706055
2023-02-06,391.8728332519531,34.55813980102539,68.3517074584961,38.12779235839844,124.48271179199219,97.46987915039062,73.36748504638672,66.93925476074219,30.814321517944336,38.57646942138672,92.27576446533203,173.82000732421875,65.5,62.000732421875,24.30780029296875,19.43000030517578
2023-02-07,396.9980163574219,34.95493698120117,70.06001281738281,39.366485595703125,125.2846450805664,97.77388000488281,73.53741455078125,66.65689086914062,30.800827026367188,39.09557342529297,91.53521728515625,173.97999572753906,67.76000213623047,62.22129821777344,24.264314651489258,18.65999984741211
2023-02-08,392.65692138671875,34.747093200683594,69.21563720703125,39.01447296142578,124.91670989990234,97.2228775024414,72.9111557006836,66.14681243896484,30.283430099487305,38.78224563598633,91.97081756591797,174.41000366210938,68.68000030517578,61.95988082885742,24.2904052734375,19.6299991607666
2023-02-09,389.2528991699219,34.35975646972656,68.83494567871094,38.680301666259766,123.82233428955078,96.34890747070312,72.77523040771484,65.8553237915039,29.86951446533203,38.2210693359375,91.09954071044922,173.02999877929688,67.91999816894531,61.559608459472656,24.255617141723633,20.709999084472656
2023-02-10,390.1612854003906,34.473114013671875,68.5176773071289,40.19525146484375,124.9921875,97.03289031982422,71.92081451416016,66.46561431884766,30.463397979736328,38.361358642578125,90.0801773071289,173.36000061035156,69.87000274658203,61.08583068847656,24.333890914916992,20.530000686645508
2023-02-13,394.7413635253906,34.869911193847656,69.7037353515625,40.0927734375,126.0299072265625,97.91638946533203,72.97427368164062,67.22162628173828,30.64786148071289,38.56243896484375,90.83818054199219,172.47999572753906,69.5,61.24101257324219,24.264314651489258,20.34000015258789
2023-02-14,394.55975341796875,34.68095779418945,70.00147247314453,40.106143951416016,125.2846450805664,97.65038299560547,73.84809875488281,66.61133575439453,30.51738929748535,38.65129470825195,90.62906646728516,172.61000061035156,69.4000015258789,61.25737380981445,24.246919631958008,18.90999984741211
2023-02-15,395.841064453125,34.718746185302734,70.3284912109375,39.42441177368164,124.6619873046875,98.2583999633789,74.71220397949219,66.73885345458984,30.71534538269043,38.81965637207031,89.783935546875,170.88999938964844,69.0199966430664,61.159358978271484,24.41216278076172,18.229999542236328
2023-02-16,390.3907775878906,34.36920166015625,69.10826873779297,39.03676223754883,123.41670989990234,97.24186706542969,73.08106994628906,66.256103515625,30.48139190673828,38.380062103271484,88.51189422607422,170.75,68.44999694824219,60.66920471191406,24.446949005126953,20.170000076293945
2023-02-17,389.41546630859375,34.37864685058594,68.24434661865234,37.646568298339844,124.52045440673828,97.87838745117188,73.09564208984375,67.11231994628906,30.809829711914062,38.01997756958008,89.20018768310547,171.25999450683594,67.0199966430664,60.906124114990234,24.429555892944336,20.020000457763672
2023-02-21,381.6033935546875,33.67010498046875,66.62390899658203,37.45943069458008,122.90721893310547,95.63639068603516,70.65377044677734,66.85728454589844,30.23394203186035,37.3933219909668,87.46638488769531,170.6199951171875,66.69000244140625,59.96672058105469,24.507829666137695,22.8700008392334
2023-02-22,381.07757568359375,33.63230895996094,66.52628326416016,37.20990753173828,122.49213409423828,95.39888763427734,71.01300811767578,66.757080078125,30.11697006225586,37.673912048339844,88.26795196533203,169.66000366210938,64.91999816894531,60.35880661010742,24.586101531982422,22.290000915527344
2023-02-23,383.1047058105469,33.66065216064453,67.62934875488281,37.77132797241211,122.82231903076172,95.84538269042969,70.95476531982422,66.67507934570312,29.95949935913086,37.715999603271484,89.1305160522461,169.57000732421875,66.37999725341797,60.955116271972656,24.594797134399414,21.139999389648438
2023-02-24,379.01220703125,33.68899154663086,66.42377471923828,37.722312927246094,121.23739624023438,95.29440307617188,69.83820343017578,66.2287826538086,29.9685001373291,37.968528747558594,87.97173309326172,168.35000610351562,67.0999984741211,60.587528228759766,24.77743148803711,21.670000076293945
2023-02-27,380.3030700683594,33.6795539855957,66.78008270263672,37.83371353149414,120.8694839477539,96.13988494873047,70.70232391357422,66.15591430664062,29.766040802001953,38.09479904174805,88.21566772460938,169.00999450683594,66.25,60.9959716796875,24.6469783782959,20.950000762939453
2023-02-28,378.8974914550781,33.74568176269531,66.63365936279297,37.29011154174805,119.97323608398438,95.9214096069336,70.65377044677734,65.6093978881836,29.244144439697266,38.26782989501953,88.61647033691406,169.77999877929688,67.20999908447266,60.881587982177734,24.716552734375,20.700000762939453
2023-03-01,377.4440002441406,33.63230895996094,66.14558410644531,38.025306701660156,119.7751235961914,96.30139923095703,69.76538848876953,65.12664031982422,28.762739181518555,38.5671272277832,87.66446685791016,170.75999450683594,68.06999969482422,60.70903396606445,24.586101531982422,20.579999923706055
2023-03-02,380.3795166015625,33.471710205078125,66.96068572998047,38.3594856262207,120.510986328125,97.431884765625,69.53235626220703,66.019287109375,29.30712890625,39.006717681884766,86.8871078491211,170.66000366210938,68.30000305175781,60.78297805786133,24.716552734375,19.59000015258789
2023-03-03,386.4800109863281,34.000755310058594,68.40054321289062,38.88080978393555,121.86004638671875,98.48638153076172,71.02757263183594,66.07392883300781,29.806528091430664,39.56321716308594,88.99202728271484,172.49000549316406,69.86000061035156,61.4075813293457,24.620887756347656,18.489999771118164
2023-03-06,386.7476806640625,34.02909469604492,68.72756958007812,38.89863204956055,121.8034439086914,98.30589294433594,70.50813293457031,66.24699401855469,29.950498580932617,38.922542572021484,88.30204010009766,171.6199951171875,70.48999786376953,61.4075813293457,24.586101531982422,18.610000610351562
2023-03-07,380.8193664550781,33.15049362182617,67.87340545654297,38.22135925292969,119.84117126464844,97.04240417480469,69.54692077636719,65.59117126464844,29.460102081298828,38.15559005737305,88.84355163574219,168.6199951171875,67.8499984741211,60.97201156616211,24.890491485595703,19.59000015258789
2023-03-08,381.44085693359375,33.027687072753906,68.43470001220703,37.829254150390625,119.19965362548828,97.27040100097656,69.42070007324219,65.70047760009766,29.685054779052734,38.3426513671875,88.93090057373047,168.5399932861328,67.0999984741211,60.684349060058594,24.881793975830078,19.110000610351562
2023-03-09,374.4033508300781,31.686168670654297,67.45364379882812,37.294559478759766,117.99207305908203,95.83589172363281,67.76529693603516,65.0902099609375,29.446598052978516,37.35590362548828,89.14923858642578,170.1999969482422,66.23999786376953,60.347415924072266,24.812219619750977,22.610000610351562
2023-03-10,369.0008850097656,31.109886169433594,66.26759338378906,36.81779861450195,117.1241455078125,94.04989624023438,67.09049224853516,64.77140045166016,28.983192443847656,36.5609016418457,92.2236557006836,173.8699951171875,67.13999938964844,60.35563278198242,24.65567398071289,24.799999237060547
2023-03-13,368.47503662109375,29.88174057006836,66.62876892089844,36.06923294067383,118.21849060058594,93.51791381835938,67.23128509521484,65.09931945800781,29.428607940673828,36.18678283691406,92.43325805664062,177.86000061035156,65.25,60.026878356933594,24.429555892944336,26.520000457763672
2023-03-14,374.56591796875,30.486366271972656,68.16624450683594,36.42569351196289,119.27513122558594,94.50588989257812,68.37211608886719,65.69139099121094,29.815521240234375,36.64975357055664,90.91352844238281,176.8300018310547,62.93000030517578,60.46246337890625,24.429555892944336,23.729999542236328
2023-03-15,372.2232666015625,29.673906326293945,68.2052993774414,34.46962356567383,119.17134094238281,92.17838287353516,68.2701644897461,66.11946868896484,30.220443725585938,35.4619255065918,92.66909790039062,178.2100067138672,60.02000045776367,60.26523208618164,24.69046401977539,26.139999389648438
2023-03-16,378.7539978027344,30.240737915039062,70.11860656738281,34.84390640258789,120.28456115722656,93.36590576171875,69.50323486328125,66.1650161743164,30.422903060913086,35.86879348754883,91.94416046142578,178.57000732421875,60.04999923706055,60.65972900390625,24.66437339782715,22.989999771118164
2023-03-17,374.3253173828125,29.267671585083008,70.02098846435547,34.29585266113281,118.73737335205078,91.83639526367188,68.61483764648438,65.6822738647461,30.130464553833008,35.31227493286133,93.32414245605469,183.77000427246094,58.65999984741211,60.29810333251953,24.525222778320312,25.510000228881836
2023-03-20,377.9247131347656,29.593324661254883,70.20982360839844,34.98244094848633,120.24229431152344,93.0526351928711,68.911865234375,66.59294128417969,30.36614227294922,36.03887939453125,92.50314331054688,183.83999633789062,59.790000915527344,60.13374328613281,24.386072158813477,24.149999618530273
2023-03-21,382.8870849609375,30.34335708618164,70.77721405029297,36.193546295166016,120.9715576171875,94.13053131103516,70.8157958984375,66.53800201416016,29.75428581237793,36.47569274902344,91.70833587646484,180.3699951171875,61.22999954223633,60.79121017456055,24.377376556396484,21.3799991607666
2023-03-22,376.36016845703125,29.640789031982422,70.07283020019531,35.42366409301758,119.14368438720703,92.32765197753906,69.23812103271484,65.9248046875,29.16962432861328,35.8275260925293,92.93112182617188,183.44000244140625,61.61000061035156,60.84873580932617,24.194740295410156,22.260000228881836
2023-03-23,377.3775939941406,29.441410064697266,71.21258544921875,34.93291473388672,118.9163589477539,92.06056213378906,69.16508483886719,65.66852569580078,28.870494842529297,35.785247802734375,92.93112182617188,185.74000549316406,60.9900016784668,60.61042022705078,24.229528427124023,22.610000610351562
2023-03-24,379.8540344238281,29.422422409057617,71.39847564697266,35.0679817199707,120.56432342529297,92.44212341308594,68.94110107421875,66.7851333618164,29.77241325378418,36.076454162597656,93.32414245605469,183.64999389648438,60.959999084472656,60.48711013793945,24.377376556396484,21.739999771118164
2023-03-27,380.5643005371094,29.83067512512207,70.84571075439453,35.815364837646484,121.05680847167969,93.21478271484375,69.08228302001953,67.1420669555664,29.808671951293945,36.344173431396484,91.13186645507812,181.9499969482422,64.1500015258789,60.33919906616211,24.299102783203125,20.600000381469727
2023-03-28,379.7099609375,29.821182250976562,70.5130844116211,36.369136810302734,120.32754516601562,93.69171142578125,68.99951934814453,67.26104736328125,29.89025115966797,36.5179557800293,91.2978286743164,183.44000244140625,64.55000305175781,60.30631637573242,24.212133407592773,19.969999313354492
2023-03-29,385.22906494140625,30.257911682128906,71.99037170410156,36.87338638305664,120.65901947021484,95.05579376220703,70.30939483642578,67.63630676269531,30.325353622436523,37.02521896362305,91.11444091796875,182.52999877929688,64.1500015258789,61.06242370605469,24.273012161254883,19.1200008392334
2023-03-30,387.4847106933594,30.191448211669922,72.82683563232422,37.035465240478516,121.3125,95.25611114501953,70.9229507446289,67.82850646972656,30.456785202026367,37.27885055541992,91.53365325927734,184.17999267578125,65.31999969482422,61.424015045166016,24.15995216369629,19.020000457763672
2023-03-31,392.94610595703125,30.52374839782715,73.8687515258789,37.2921028137207,122.61002349853516,96.51526641845703,72.817138671875,68.37763977050781,30.678869247436523,37.88473892211914,92.90489959716797,183.22000122070312,66.44000244140625,62.08970260620117,24.246919631958008,18.700000762939453
2023-04-03,394.4434509277344,30.580711364746094,73.75135803222656,38.980438232421875,123.98331451416016,96.68695831298828,72.1500244140625,68.73458099365234,30.47037696838379,38.124271392822266,93.34185028076172,184.5399932861328,70.2699966430664,62.04182815551758,24.133859634399414,18.549999237060547
2023-04-04,392.2550354003906,30.29589080810547,73.34534454345703,38.27358627319336,124.00222778320312,94.5216064453125,72.03317260742188,68.5972900390625,30.624481201171875,37.57474899291992,93.80591583251953,187.97999572753906,70.2699966430664,61.860206604003906,24.038196563720703,19.0
2023-04-05,391.22802734375,30.257911682128906,72.5088882446289,38.84986877441406,126.14265441894531,93.29109191894531,70.5577392578125,68.91765594482422,31.417619705200195,37.490203857421875,94.78663635253906,187.8300018310547,70.23999786376953,61.51348114013672,24.107770919799805,19.079999923706055
2023-04-06,392.7541198730469,30.37183952331543,72.91979217529297,38.260074615478516,126.45518493652344,93.26248168945312,70.57233428955078,68.97256469726562,31.639705657958984,37.40096664428711,95.03181457519531,186.49000549316406,70.26000213623047,61.78591537475586,24.125164031982422,18.399999618530273
2023-04-10,393.1572265625,30.438297271728516,72.88066101074219,38.56623077392578,126.36993408203125,94.11144256591797,70.88397979736328,68.97256469726562,31.576255798339844,37.579444885253906,93.49948120117188,185.11000061035156,69.76000213623047,61.728126525878906,24.264314651489258,18.969999313354492
2023-04-11,393.2628479003906,30.704137802124023,72.19580841064453,38.930912017822266,126.79612731933594,94.67424011230469,70.99598693847656,69.17391967773438,31.603456497192383,37.87064743041992,93.69210815429688,186.27999877929688,71.06999969482422,61.860206604003906,24.17734718322754,19.100000381469727
2023-04-12,391.65997314453125,30.637676239013672,71.784912109375,38.95792007446289,126.83402252197266,94.98902893066406,69.89547729492188,68.86270904541016,31.571725845336914,37.89882278442383,93.59578704833984,187.19000244140625,72.43000030517578,61.84367752075195,24.046892166137695,19.09000015258789
2023-04-13,396.8622741699219,30.91301155090332,73.12033081054688,39.201045989990234,128.4819793701172,95.34197235107422,71.4390869140625,69.24712371826172,31.576255798339844,38.28866958618164,92.8602523803711,189.72000122070312,71.80000305175781,62.264732360839844,23.933834075927734,17.799999237060547
2023-04-14,395.892822265625,31.216825485229492,72.71432495117188,39.27308654785156,127.44961547851562,95.22750091552734,71.5316162109375,68.80780792236328,31.222740173339844,38.011558532714844,92.0108871459961,186.36000061035156,72.08999633789062,62.14915466308594,24.072982788085938,17.06999969482422
2023-04-17,397.3133850097656,31.577598571777344,72.97848510742188,38.809349060058594,127.34544372558594,95.9811019897461,72.03804779052734,69.24712371826172,31.39496612548828,38.2323112487793,90.9163818359375,185.52999877929688,70.83999633789062,61.98402404785156,24.194740295410156,16.950000762939453
2023-04-18,397.572509765625,31.672542572021484,73.2034912109375,38.962432861328125,126.47416687011719,96.43894958496094,72.15491485595703,69.45762634277344,31.231801986694336,38.39199447631836,91.24036407470703,186.25,70.7300033569336,62.02530288696289,24.107770919799805,16.829999923706055
2023-04-19,397.50537109375,31.748489379882812,72.99314880371094,38.82735824584961,126.86246490478516,96.36262512207031,72.08671569824219,69.41187286376953,31.472013473510742,38.283973693847656,91.15278625488281,185.36000061035156,69.30000305175781,61.777645111083984,24.15995216369629,16.459999084472656
2023-04-20,395.3360900878906,31.653553009033203,72.51377868652344,38.48519515991211,126.34152221679688,96.19093322753906,70.97650146484375,69.57661437988281,31.462942123413086,38.2416877746582,91.93209838867188,186.08999633789062,67.5999984741211,61.7198371887207,24.15995216369629,17.170000076293945
2023-04-21,395.64324951171875,31.539627075195312,72.27897644042969,38.260074615478516,127.1939468383789,95.97154998779297,71.76045989990234,70.08000946044922,31.5535888671875,37.90353012084961,91.41549682617188,184.25,68.20999908447266,61.90974044799805,24.133859634399414,16.770000457763672
2023-04-24,396.05596923828125,31.463672637939453,71.96100616455078,38.84537124633789,127.90423583984375,96.20046997070312,71.75074768066406,70.36371612548828,31.712221145629883,38.16185760498047,92.29985046386719,184.80999755859375,69.25,62.083091735839844,24.05558967590332,16.889999389648438
2023-04-25,389.7690734863281,30.922502517700195,70.42504119873047,38.11600875854492,126.54043579101562,94.42623138427734,70.3288803100586,70.27218627929688,31.680500030517578,37.335205078125,93.6570816040039,185.75,67.62000274658203,61.98402404785156,24.168651580810547,18.760000228881836
2023-04-26,388.11810302734375,30.628185272216797,71.47184753417969,37.60725402832031,124.74098205566406,92.6424331665039,69.96852111816406,69.7230453491211,30.937206268310547,36.893699645996094,92.65885925292969,184.74000549316406,65.36000061035156,61.7446174621582,24.090377807617188,18.84000015258789
2023-04-27,395.8447570800781,31.121877670288086,72.9882583618164,37.7423210144043,125.39445495605469,94.47393035888672,71.81404113769531,70.50099182128906,31.30885124206543,37.39626693725586,91.73944854736328,184.75,65.80999755859375,61.951026916503906,24.09907341003418,17.030000686645508
2023-04-28,399.2234191894531,31.492149353027344,73.78071594238281,38.32761001586914,126.46466064453125,95.38966369628906,71.99908447265625,70.8762435913086,31.263530731201172,37.83308029174805,93.21925354003906,184.8000030517578,67.5,62.215187072753906,24.133859634399414,15.779999732971191
2023-05-01,398.8203125,31.406707763671875,73.82472229003906,37.89539337158203,127.11815643310547,95.90475463867188,71.28815460205078,70.93118286132812,31.317913055419922,37.81428527832031,90.53132629394531,183.97000122070312,66.55000305175781,61.92998123168945,24.255617141723633,16.079999923706055
2023-05-02,394.3378601074219,30.69464111328125,73.13500213623047,36.24757766723633,126.5688705444336,94.90316772460938,71.36119842529297,70.73897552490234,30.937206268310547,37.44793701171875,92.7873764038086,187.52000427246094,63.04999923706055,61.87192916870117,24.194740295410156,17.780000686645508
2023-05-03,391.63116455078125,30.34335708618164,72.5186538696289,35.563228607177734,126.39835357666016,94.54068756103516,70.79634857177734,70.16236877441406,30.851091384887695,37.03460693359375,93.30531311035156,189.11000061035156,60.310001373291016,61.83876419067383,24.064287185668945,18.34000015258789
2023-05-04,388.857177734375,29.9540958404541,72.17133331298828,35.16703414916992,125.39445495605469,93.510498046875,70.25096893310547,69.98847961425781,31.08677101135254,36.795066833496094,92.3835678100586,190.44000244140625,60.70000076293945,61.656349182128906,24.090377807617188,20.09000015258789
2023-05-05,396.05596923828125,30.69464111328125,73.98126220703125,36.12150955200195,126.52149200439453,94.92225646972656,71.67283630371094,70.63829803466797,31.286190032958984,37.415061950683594,92.07630157470703,187.4600067138672,63.029998779296875,61.98798751831055,24.05558967590332,17.190000534057617
2023-05-08,396.1615295410156,30.742116928100586,73.94213104248047,36.12150955200195,126.246826171875,94.57886505126953,71.91630554199219,70.42778015136719,31.191011428833008,37.292938232421875,90.78592681884766,187.69000244140625,64.26000213623047,61.81389236450195,24.090377807617188,16.979999542236328
2023-05-09,394.4242248535156,30.628185272216797,73.37470245361328,36.135009765625,125.40392303466797,94.78871154785156,71.89681243896484,70.2081298828125,31.15022850036621,36.95476150512695,90.46109771728516,189.02000427246094,64.87000274658203,61.656349182128906,24.168651580810547,17.709999084472656
2023-05-10,396.26715087890625,30.45728874206543,74.2698745727539,35.72531509399414,125.75435638427734,94.44530487060547,72.26202392578125,70.0982894897461,31.43575096130371,36.97825241088867,91.33892822265625,188.75,64.38999938964844,62.029449462890625,24.125164031982422,16.940000534057617
2023-05-11,395.57611083984375,30.40981674194336,73.93724060058594,35.297603607177734,125.36604309082031,93.87297821044922,72.59801483154297,70.3088150024414,31.113969802856445,36.61659240722656,92.3045425415039,187.1300048828125,63.25,61.92998123168945,24.281709671020508,16.93000030517578
2023-05-12,395.0577697753906,30.286394119262695,73.83940124511719,35.35163116455078,125.19556427001953,93.93972778320312,71.98446655273438,70.58338165283203,31.286190032958984,36.682342529296875,91.53205108642578,186.80999755859375,62.06999969482422,61.706077575683594,24.43825340270996,17.030000686645508
2023-05-15,396.4207763671875,30.533241271972656,74.45085906982422,35.53171920776367,124.97773742675781,94.39759826660156,72.07698822021484,70.40948486328125,30.891881942749023,36.99232864379883,90.58399963378906,187.2100067138672,62.9900016784668,61.689517974853516,24.368677139282227,17.1200008392334
2023-05-16,393.7715759277344,30.248416900634766,74.52912139892578,34.65828323364258,123.9359359741211,93.119384765625,71.78482818603516,69.81459045410156,30.2075138092041,36.381752014160156,90.3118667602539,184.8699951171875,62.540000915527344,61.258331298828125,24.429555892944336,17.989999771118164
2023-05-17,398.55157470703125,30.856040954589844,75.52212524414062,35.32461166381836,124.08747863769531,94.7219467163086,73.27973937988281,69.7779769897461,30.098737716674805,36.62129211425781,90.04852294921875,184.22999572753906,64.5999984741211,61.4241943359375,24.473039627075195,16.8700008392334
2023-05-18,402.3908996582031,31.083904266357422,77.0678939819336,35.58124542236328,123.78440856933594,95.40873718261719,74.4191665649414,69.43932342529297,30.008089065551758,36.83734130859375,89.38134765625,181.83999633789062,64.04000091552734,61.45734405517578,24.65567398071289,16.049999237060547
2023-05-19,401.80535888671875,30.950986862182617,77.03364562988281,35.855873107910156,124.36214447021484,95.1798095703125,73.79589080810547,69.4850845336914,29.9627742767334,36.931278228759766,88.74933624267578,183.63999938964844,63.900001525878906,61.523681640625,24.586101531982422,16.809999465942383
2023-05-22,401.96856689453125,31.007951736450195,77.1803970336914,35.70730209350586,124.4852523803711,95.16073608398438,73.56702423095703,68.43256378173828,29.971832275390625,36.738704681396484,88.43328857421875,183.2100067138672,63.90999984741211,61.79728698730469,24.603492736816406,17.209999084472656
2023-05-23,397.45733642578125,30.64716911315918,76.04064178466797,36.089996337890625,123.1214370727539,94.01605987548828,72.89505004882812,67.9291763305664,29.86759376525879,36.17040252685547,88.6878662109375,183.42999267578125,64.87000274658203,61.473941802978516,24.67306900024414,18.530000686645508
2023-05-24,394.5777893066406,30.248416900634766,75.48298645019531,36.24757766723633,122.2785415649414,92.80460357666016,72.62723541259766,67.4898681640625,29.67270851135254,35.7570686340332,88.24896240234375,181.9499969482422,65.66000366210938,61.042762756347656,24.76003646850586,20.030000686645508
2023-05-25,397.994873046875,30.23892593383789,78.37884521484375,35.603755950927734,121.02836608886719,93.10984802246094,72.30097961425781,66.97733306884766,29.273862838745117,35.63025665283203,88.02950286865234,180.1999969482422,64.08999633789062,61.00129699707031,24.873098373413086,19.139999389648438
2023-05-26,403.14910888671875,30.48577117919922,80.60454559326172,35.46418380737305,120.7821273803711,93.80618286132812,74.00041961669922,67.20614624023438,29.273862838745117,35.80873489379883,88.74053955078125,180.9199981689453,64.80000305175781,61.37444305419922,24.86440086364746,17.950000762939453
2023-05-30,403.3026428222656,30.476274490356445,81.03501892089844,35.09949493408203,120.033935546875,93.66311645507812,74.49710083007812,66.43733215332031,29.16055679321289,35.61616516113281,89.6271743774414,182.0399932861328,62.29999923706055,61.63975524902344,24.838308334350586,17.459999084472656
2023-05-31,401.0663146972656,30.153478622436523,80.3599624633789,34.482696533203125,121.0662612915039,92.38489532470703,73.82510375976562,66.51055145263672,29.427959442138672,35.23572540283203,90.40843200683594,182.32000732421875,60.630001068115234,61.44904708862305,24.881793975830078,17.940000534057617
2023-06-01,404.8768615722656,30.476274490356445,81.1768569946289,34.910404205322266,121.86180877685547,93.56771850585938,74.69672393798828,66.45565795898438,29.21041488647461,35.70540237426758,90.76313781738281,183.75999450683594,62.54999923706055,61.81814193725586,24.586101531982422,15.649999618530273
2023-06-02,410.7318115234375,31.140867233276367,81.6415786743164,35.97294235229492,123.42454528808594,96.28634643554688,76.44971466064453,67.37088775634766,29.51407814025879,36.903106689453125,89.76851654052734,181.0500030517578,64.1500015258789,62.13471221923828,24.847007751464844,14.600000381469727
2023-06-05,409.9447937011719,30.979469299316406,81.17198944091797,35.734317779541016,123.86964416503906,95.61859893798828,76.6785659790039,67.12377166748047,29.65457534790039,36.87492370605469,89.60130310058594,182.13999938964844,64.02999877929688,62.08474349975586,24.80352210998535,14.729999542236328
2023-06-06,410.8373718261719,31.368730545043945,81.15240478515625,36.02246856689453,122.83731079101562,96.21955108642578,77.4771728515625,66.7851333618164,29.631914138793945,37.10976028442383,90.12943267822266,182.33999633789062,63.790000915527344,62.184715270996094,24.881793975830078,13.960000038146973
2023-06-07,409.4168701171875,31.492149353027344,79.93928527832031,36.9769287109375,122.35430908203125,97.76485443115234,76.9512710571289,66.56546783447266,30.13499641418457,37.55126190185547,88.79155731201172,180.14999389648438,64.70999908447266,61.84311294555664,24.890491485595703,13.9399995803833
2023-06-08,411.89324951171875,31.463672637939453,80.80510711669922,36.81935501098633,123.14038848876953,97.93655395507812,78.0906982421875,67.0230941772461,30.266429901123047,37.415061950683594,89.83015441894531,182.52999877929688,63.459999084472656,62.23468017578125,24.69046401977539,13.649999618530273
2023-06-09,412.63226318359375,31.473161697387695,81.20621490478516,36.61676025390625,123.51923370361328,97.67901611328125,78.49488067626953,66.91326904296875,30.089672088623047,37.10506057739258,89.70693969726562,182.0399932861328,62.93000030517578,62.25135803222656,24.768733978271484,13.829999923706055
2023-06-12,416.3756103515625,31.463672637939453,82.97209930419922,36.265586853027344,123.96435546875,98.37537384033203,79.84368896484375,66.89495849609375,30.035282135009766,37.27415084838867,89.9709701538086,181.8800048828125,60.2400016784668,62.184715270996094,24.77743148803711,15.010000228881836
2023-06-13,419.1208190917969,31.653553009033203,83.47594451904297,36.43666458129883,124.58940887451172,99.52005004882812,80.6714859008789,67.1695327758789,30.0307559967041,38.138370513916016,89.08201599121094,180.5399932861328,62.13999938964844,62.25968551635742,24.699159622192383,14.609999656677246
2023-06-14,419.6198425292969,31.530120849609375,84.33686828613281,36.062984466552734,123.31087493896484,99.25294494628906,80.61306762695312,67.58137512207031,30.01262664794922,37.97867965698242,89.79496765136719,180.63999938964844,61.83000183105469,62.284664154052734,24.577404022216797,13.880000114440918
2023-06-15,424.8221435546875,31.947874069213867,85.42283630371094,36.45918273925781,125.22396850585938,100.75057220458984,81.13895416259766,68.25867462158203,30.338951110839844,38.302757263183594,90.65750122070312,181.91000366210938,63.40999984741211,62.584617614746094,24.43825340270996,14.5
2023-06-16,423.3752136230469,31.881420135498047,84.71843719482422,36.405155181884766,125.21449279785156,100.5884017944336,81.01722717285156,68.34102630615234,30.50210952758789,38.396697998046875,90.30542755126953,181.6300048828125,64.3499984741211,62.42632293701172,24.48173713684082,13.539999961853027
2023-06-20,421.1785888671875,31.642993927001953,84.14588928222656,35.590335845947266,125.07376098632812,99.84137725830078,81.62420654296875,67.8211898803711,30.144384384155273,37.877037048339844,90.93035888671875,179.75,63.91999816894531,62.25968551635742,24.551311492919922,13.880000114440918
2023-06-21,419.0205993652344,31.604846954345703,82.90080261230469,35.87193298339844,125.0927734375,100.3968505859375,80.64346313476562,68.06082153320312,30.386516571044922,37.999755859375,91.15042877197266,179.49000549316406,65.04000091552734,62.10139465332031,24.43825340270996,13.199999809265137
2023-06-22,420.53314208984375,31.35689353942871,83.57728576660156,35.39048767089844,125.94866180419922,99.66899871826172,81.67298889160156,68.45716094970703,30.153518676757812,37.91007614135742,90.05021667480469,177.7100067138672,62.52000045776367,61.918113708496094,24.525222778320312,12.90999984741211
2023-06-23,417.3538513183594,31.223377227783203,82.67041015625,35.136146545410156,125.53022766113281,98.91240692138672,80.72642517089844,68.00553894042969,29.710351943969727,37.6032829284668,90.94798278808594,178.1999969482422,62.41999816894531,61.809783935546875,24.65567398071289,13.4399995803833
2023-06-26,415.648681640625,31.156618118286133,82.07728576660156,35.76747131347656,124.81700134277344,99.73603057861328,79.69203186035156,68.09770202636719,30.002744674682617,37.99503707885742,91.04476928710938,178.50999450683594,62.72999954223633,61.84311294555664,24.62958335876465,14.25
2023-06-27,420.2055358886719,31.404573440551758,83.69490051269531,35.84922409057617,124.53170013427734,100.93316650390625,81.4046401977539,68.30048370361328,30.011890411376953,38.53309631347656,90.80715942382812,177.69000244140625,61.29999923706055,62.05140686035156,24.568706512451172,13.739999771118164
2023-06-28,420.41754150390625,31.328277587890625,83.74392700195312,36.21256637573242,124.13227081298828,100.93316650390625,81.72664642333984,67.83960723876953,29.568723678588867,38.26878356933594,91.19444274902344,177.27999877929688,62.52000045776367,62.40963363647461,24.681764602661133,13.430000305175781
2023-06-29,422.0745544433594,31.871875762939453,83.8909912109375,36.63043212890625,124.94061279296875,101.91004943847656,81.81448364257812,67.77508544921875,29.568723678588867,38.750213623046875,89.5484848022461,177.08999633789062,62.959999084472656,62.24302673339844,24.7861270904541,13.539999961853027
2023-06-30,427.0553283691406,32.148441314697266,85.22431182861328,36.866607666015625,126.22444915771484,102.78156280517578,82.85375213623047,68.36499786376953,29.897668838500977,39.1136474609375,90.6047134399414,178.27000427246094,63.54999923706055,62.542964935302734,24.681764602661133,13.59000015258789
2023-07-03,427.5466613769531,32.32963943481445,85.0429458618164,36.95290756225586,125.1878662109375,102.80069732666016,83.85399627685547,68.89961242675781,30.12153434753418,39.25995635986328,90.09109497070312,178.47000122070312,63.38999938964844,62.44495391845703,24.707855224609375,13.569999694824219
2023-07-05,426.91082763671875,32.26289367675781,84.51842498779297,36.74851608276367,125.1213150024414,102.24523162841797,83.88814544677734,68.77977752685547,30.464189529418945,38.292381286621094,89.23499298095703,177.83999633789062,64.62999725341797,62.25230026245117,24.8209171295166,14.180000305175781
2023-07-06,423.5678405761719,31.98631477355957,84.29296112060547,35.92189025878906,124.12279510498047,101.47907257080078,82.53660583496094,68.60466003417969,30.09412384033203,38.013912200927734,87.97293090820312,177.30999755859375,64.44000244140625,61.79996871948242,24.76003646850586,15.4399995803833
2023-07-07,422.4984436035156,32.03400421142578,83.92530822753906,36.69401168823242,122.67727661132812,101.70893096923828,82.63907623291016,67.7105712890625,29.87482261657715,38.34430694580078,87.44340515136719,178.63999938964844,65.8499984741211,61.85862350463867,24.551311492919922,14.829999923706055
2023-07-10,423.5678405761719,32.17705535888672,84.14588928222656,36.98015594482422,123.64727783203125,103.15506744384766,82.89278411865234,67.69214630126953,29.74690055847168,38.33486557006836,87.55813598632812,178.77999877929688,65.54000091552734,62.16851806640625,24.490434646606445,15.069999694824219
2023-07-11,426.2653503417969,32.55851745605469,84.32726287841797,37.79315948486328,123.67582702636719,104.37136840820312,83.58563995361328,67.79352569580078,30.116966247558594,38.71245193481445,88.00823974609375,179.4499969482422,67.02999877929688,62.50359344482422,24.429555892944336,14.84000015258789
2023-07-12,429.6950378417969,32.768333435058594,85.28312683105469,38.14289093017578,123.34297180175781,104.18939208984375,84.33704376220703,67.95022583007812,30.555566787719727,39.22220230102539,88.98788452148438,181.8800048828125,67.87000274658203,62.98939895629883,24.142559051513672,13.539999961853027
2023-07-13,433.10546875,32.882774353027344,86.3958511352539,37.99755096435547,123.3905029296875,104.32347106933594,85.1274642944336,68.23595428466797,30.66064453125,39.52900314331055,89.92338562011719,182.00999450683594,69.08999633789062,63.3663330078125,23.977317810058594,13.609999656677246
2023-07-14,432.8357238769531,32.663429260253906,86.2684097290039,36.993778228759766,125.24494934082031,104.01699829101562,85.34703063964844,68.4664077758789,30.541854858398438,39.29772186279297,89.39385223388672,181.42999267578125,67.47000122070312,62.90566635131836,24.020803451538086,13.34000015258789
2023-07-17,434.338623046875,32.97814178466797,87.37133026123047,36.92111587524414,124.67435455322266,104.40966033935547,85.69344329833984,68.26361083984375,30.19007110595703,39.33547592163086,89.43794250488281,181.55999755859375,66.58000183105469,63.02291488647461,23.994712829589844,13.479999542236328
2023-07-18,437.5660705566406,33.35007858276367,88.36151885986328,37.293540954589844,125.59680938720703,104.99386596679688,86.04474639892578,68.18986511230469,29.957063674926758,39.64227294921875,89.84394836425781,183.63999938964844,67.95999908447266,63.19880676269531,24.01210594177246,13.300000190734863
2023-07-19,438.5390625,33.493125915527344,88.14092254638672,37.51155471801758,126.17689514160156,104.94599151611328,86.34725952148438,68.88118743896484,30.263166427612305,39.42987060546875,90.85887908935547,183.6699981689453,67.69000244140625,63.24905776977539,24.107770919799805,13.760000228881836
2023-07-20,435.6295166015625,33.741085052490234,86.38114166259766,37.95212173461914,128.26910400390625,105.41525268554688,83.40509796142578,69.47107696533203,30.815975189208984,39.52427291870117,89.75570678710938,182.74000549316406,68.05000305175781,62.97264099121094,24.246919631958008,13.989999771118164
2023-07-21,435.6295166015625,33.626644134521484,86.3370361328125,38.28822708129883,129.56243896484375,104.91726684570312,83.42461395263672,69.71073150634766,31.27741813659668,39.52900314331055,89.78215789794922,182.17999267578125,68.98999786376953,63.13179397583008,24.31649398803711,13.600000381469727
2023-07-24,437.57568359375,33.950889587402344,86.48899841308594,38.905921936035156,129.27711486816406,105.15669250488281,83.97109985351562,69.9780502319336,31.195178985595703,39.65171813964844,89.45561981201172,181.39999389648438,70.69000244140625,63.02291488647461,24.403465270996094,13.90999984741211
2023-07-25,438.7702941894531,33.73154830932617,87.47917938232422,39.11030960083008,129.22006225585938,105.0226058959961,83.77592468261719,69.95960235595703,31.2500057220459,40.36441421508789,89.28794860839844,182.41000366210938,71.16000366210938,62.98102951049805,24.377376556396484,13.859999656677246
2023-07-26,438.8376770019531,33.931827545166016,86.30270385742188,39.12393569946289,129.1344757080078,105.76004028320312,83.75640869140625,70.04255676269531,31.2500057220459,40.22753143310547,89.3761978149414,183.3000030517578,70.66000366210938,63.23234176635742,24.30780029296875,13.1899995803833
2023-07-27,435.9282531738281,33.50266647338867,86.05271911621094,38.8741340637207,128.1834716796875,104.85020446777344,82.8879165649414,69.42499542236328,30.697193145751953,39.967952728271484,87.6375503540039,180.4199981689453,71.43000030517578,62.72975540161133,24.533918380737305,14.40999984741211
2023-07-28,440.1961669921875,33.56942367553711,87.2242660522461,38.992225646972656,128.5638885498047,105.50145721435547,84.29312133789062,70.14395141601562,30.628662109375,40.24640655517578,88.08766174316406,181.86000061035156,72.08999633789062,63.08990478515625,24.499130249023438,13.329999923706055
2023-07-31,441.03424072265625,33.693397521972656,87.42525482177734,39.7325553894043,127.5748519897461,105.7504653930664,84.77129364013672,69.82134246826172,30.64236831665039,40.45881271362305,88.29949188232422,182.35000610351562,73.16999816894531,63.240699768066406,24.542613983154297,13.630000114440918
2023-08-01,439.7721862792969,33.693397521972656,87.57229614257812,39.54633331298828,126.90916442871094,106.06651306152344,83.8100814819336,69.44342803955078,30.267732620239258,40.279449462890625,86.85250091552734,180.4600067138672,72.95999908447266,62.92760467529297,24.65567398071289,13.930000305175781
2023-08-02,433.6546630859375,33.40729522705078,85.4056625366211,39.02855682373047,126.99474334716797,104.95555114746094,82.30728912353516,69.69229888916016,30.267732620239258,39.779144287109375,85.92329406738281,179.60000610351562,71.4800033569336,62.658302307128906,24.742645263671875,16.09000015258789
2023-08-03,432.411865234375,33.42636489868164,85.0576400756836,39.42369842529297,126.35757446289062,104.29473876953125,82.50244903564453,69.49874114990234,29.577857971191406,39.533714294433594,83.94091796875,179.5399932861328,73.13999938964844,62.456298828125,24.725250244140625,15.920000076293945
2023-08-04,430.45611572265625,33.29285430908203,83.90079498291016,39.47819519042969,125.91062927246094,103.66265106201172,83.70272827148438,68.80743408203125,29.235204696655273,39.444034576416016,85.4277114868164,180.19000244140625,73.79000091552734,62.826629638671875,24.603492736816406,17.100000381469727
2023-08-07,434.21337890625,33.76016616821289,84.1360855102539,39.523616790771484,127.36564636230469,104.9364013671875,84.56148529052734,69.36970520019531,29.230634689331055,39.70362854003906,84.58696746826172,179.77999877929688,73.81999969482422,62.944435119628906,24.620887756347656,15.770000457763672
2023-08-08,432.32513427734375,33.454986572265625,83.4890365600586,39.71892547607422,128.3451690673828,104.45755767822266,83.88814544677734,68.8719482421875,29.367698669433594,39.283565521240234,85.5693130493164,178.63999938964844,74.05999755859375,63.0791015625,24.73394775390625,15.989999771118164
2023-08-09,429.4349365234375,33.2070198059082,82.41060638427734,40.21853256225586,128.30711364746094,104.40009307861328,82.89278411865234,68.97335815429688,29.431659698486328,39.123085021972656,86.01181030273438,177.7899932861328,75.0999984741211,63.08754348754883,24.751340866088867,15.960000038146973
2023-08-10,429.5890808105469,33.235626220703125,82.42042541503906,40.213985443115234,128.22154235839844,104.11277770996094,83.09284973144531,68.83509063720703,29.340282440185547,39.151405334472656,84.59580993652344,177.60000610351562,74.19999694824219,63.07069778442383,24.79482650756836,15.850000381469727
2023-08-11,429.3385925292969,33.30239486694336,81.81257629394531,40.831695556640625,129.02035522460938,104.2851791381836,82.80985260009766,68.9456787109375,29.50019073486328,39.0428466796875,84.401123046875,177.60000610351562,74.25,62.97809982299805,24.847007751464844,14.84000015258789
2023-08-14,431.70855712890625,33.235626220703125,83.11650085449219,40.65909194946289,129.41024780273438,104.32347106933594,83.06356048583984,68.60466003417969,29.267181396484375,39.127803802490234,84.21527099609375,177.05999755859375,73.80999755859375,62.96966552734375,24.933977127075195,14.819999694824219
2023-08-15,426.6795349121094,32.62527847290039,82.29788208007812,39.814308166503906,128.93478393554688,102.99224853515625,81.93157196044922,67.86726379394531,28.792037963867188,38.49061584472656,83.70195770263672,176.58999633789062,72.62000274658203,62.7677001953125,24.942670822143555,16.459999084472656
2023-08-16,423.5486145019531,32.577598571777344,81.5135726928711,39.4691162109375,127.95525360107422,102.4176254272461,80.91670227050781,67.7105712890625,28.919963836669922,38.231021881103516,83.04708862304688,175.57000732421875,71.37000274658203,62.574119567871094,25.01224708557129,16.780000686645508
2023-08-17,420.3211364746094,32.41547775268555,80.73908233642578,39.94148254394531,126.93769073486328,101.55567932128906,79.54566192626953,67.05613708496094,28.856000900268555,38.15550231933594,82.693115234375,175.3000030517578,71.9800033569336,62.313232421875,25.003551483154297,17.889999389648438
2023-08-18,420.5235290527344,32.40593719482422,80.86164093017578,40.33662414550781,126.98523712158203,101.74723815917969,79.3651351928711,67.30501556396484,29.006771087646484,38.15079116821289,82.9851303100586,175.3300018310547,72.79000091552734,62.35531997680664,25.020944595336914,17.299999237060547
2023-08-21,423.259521484375,32.3677864074707,82.40570831298828,40.082271575927734,127.11837768554688,101.62273406982422,80.27752685546875,66.85336303710938,28.824020385742188,38.15550231933594,81.87889862060547,175.80999755859375,72.58000183105469,62.33846664428711,24.994853973388672,17.1299991607666
2023-08-22,422.1131286621094,32.062618255615234,82.31258392333984,39.77342987060547,126.67139434814453,101.38330841064453,80.39464569091797,66.47545623779297,28.90625762939453,38.122467041015625,82.50724792480469,176.10000610351562,72.27999877929688,62.372135162353516,25.081823348999023,16.969999313354492
2023-08-23,426.8144836425781,32.377323150634766,83.79785919189453,39.67349624633789,127.05181121826172,102.42720031738281,81.0386962890625,66.91787719726562,29.020477294921875,38.18383026123047,84.55155944824219,177.88999938964844,71.36000061035156,62.87712097167969,24.994853973388672,15.979999542236328
2023-08-24,420.8992614746094,32.26289367675781,81.86650848388672,39.40099334716797,125.94866180419922,101.18217468261719,79.45294952392578,66.38327026367188,28.8514347076416,38.02334976196289,83.99401092529297,177.85000610351562,71.41000366210938,62.53207015991211,25.194881439208984,17.200000762939453
2023-08-25,423.866455078125,32.41547775268555,82.6998291015625,39.78250503540039,126.8711166381836,102.0345458984375,80.3409652709961,66.75196075439453,29.07073211669922,38.136627197265625,84.26837921142578,177.6199951171875,72.44999694824219,62.792945861816406,25.22966957092285,15.680000305175781
2023-08-28,426.5543518066406,32.5966682434082,83.37628173828125,40.05047607421875,127.16593170166016,102.86775207519531,80.6629867553711,67.05613708496094,29.066162109375,38.415103912353516,84.35688018798828,178.1300048828125,72.41000366210938,63.02861022949219,25.18618392944336,15.079999923706055
2023-08-29,432.7201843261719,32.892311096191406,85.0478286743164,40.159488677978516,128.30711364746094,103.65306854248047,82.67810821533203,67.2957992553711,29.175813674926758,39.052276611328125,85.23301696777344,179.8699951171875,73.31999969482422,63.42417907714844,25.047035217285156,14.449999809265137
2023-08-30,434.50244140625,32.911380767822266,85.68997192382812,40.359336853027344,128.21202087402344,104.12235260009766,83.03429412841797,67.40638732910156,29.043317794799805,39.141963958740234,85.14450073242188,180.32000732421875,73.66000366210938,63.39891052246094,25.003551483154297,13.880000114440918
2023-08-31,433.8666076660156,32.787410736083984,86.10664367675781,40.38657760620117,126.680908203125,103.65306854248047,83.29288482666016,67.06537628173828,28.76462745666504,39.123085021972656,85.52506256103516,180.02000427246094,75.05999755859375,63.356834411621094,25.12530517578125,13.569999694824219
2023-09-01,434.67584228515625,33.08304214477539,86.37134552001953,41.21320724487305,127.02328491210938,104.19898223876953,82.78543090820312,66.49388885498047,28.618425369262695,39.562034606933594,84.19269561767578,180.11000061035156,76.91999816894531,63.47605895996094,25.281850814819336,13.09000015258789
2023-09-05,432.79718017578125,32.749263763427734,86.68016815185547,41.431217193603516,125.71092987060547,102.44634246826172,82.84400939941406,65.92240142822266,28.179832458496094,38.8304557800293,83.01214599609375,178.63999938964844,77.76000213623047,63.061729431152344,25.412302017211914,14.010000228881836
2023-09-06,429.8877258300781,32.73019027709961,85.76351928710938,41.44938659667969,125.0262222290039,102.00582885742188,82.10725402832031,65.84867095947266,28.243791580200195,38.74549102783203,83.21627807617188,177.8300018310547,78.5199966430664,62.90952682495117,25.42099952697754,14.449999809265137
2023-09-07,428.56787109375,32.644351959228516,84.52332305908203,41.40850067138672,125.5873031616211,101.67060089111328,82.3365707397461,66.00536346435547,28.61385726928711,38.57085418701172,83.44707489013672,178.02000427246094,77.94999694824219,63.120933532714844,25.48187828063965,14.399999618530273
2023-09-08,429.21331787109375,32.71110916137695,84.6998062133789,41.808197021484375,125.5873031616211,101.16300964355469,82.3365707397461,66.08831787109375,28.865137100219727,38.608619689941406,83.76663208007812,178.0800018310547,78.30000305175781,63.095577239990234,25.507970809936523,13.84000015258789
2023-09-11,432.0361633300781,32.863704681396484,85.1409683227539,41.258628845214844,126.45267486572266,101.19176483154297,84.55170440673828,66.65979766845703,28.983924865722656,38.77381896972656,83.16304016113281,178.41000366210938,78.37000274658203,63.2054557800293,25.386213302612305,13.800000190734863
2023-09-12,429.6661376953125,33.08304214477539,83.59687042236328,42.2305908203125,126.2910385131836,100.82782745361328,83.78568267822266,66.08831787109375,29.020477294921875,38.684139251708984,83.64234924316406,177.49000549316406,79.69999694824219,63.104007720947266,25.429697036743164,14.229999542236328
2023-09-13,430.1671447753906,33.08304214477539,83.80766296386719,41.912662506103516,126.31006622314453,100.15743255615234,84.4492416381836,66.29109954833984,29.367698669433594,38.457584381103516,83.62462615966797,177.0800018310547,79.68000030517578,63.27311706542969,25.447092056274414,13.479999542236328
2023-09-14,433.87615966796875,33.38821792602539,84.41549682617188,42.4031867980957,126.70948028564453,101.14387512207031,85.27872467041016,66.9639663696289,29.797155380249023,39.0003662109375,83.0210189819336,177.1699981689453,81.12000274658203,63.34923553466797,25.603635787963867,12.819999694824219
2023-09-15,428.64874267578125,33.2165641784668,82.79296875,41.790035247802734,125.71092987060547,100.5596694946289,83.81983947753906,66.41092681884766,29.669233322143555,38.566139221191406,82.51506042480469,178.33999633789062,81.29000091552734,63.11246871948242,25.586240768432617,13.789999961853027
2023-09-18,428.9000549316406,33.30756378173828,83.19087219238281,42.1441650390625,125.51993560791016,100.67123413085938,82.90824127197266,66.38773345947266,29.647125244140625,38.40583801269531,82.98548889160156,179.38999938964844,81.44999694824219,63.15473937988281,25.542757034301758,14.0
2023-09-19,428.0106201171875,33.269248962402344,83.14664459228516,41.75068283081055,125.62496948242188,100.24810028076172,82.49279022216797,66.22998046875,29.485919952392578,38.372642517089844,82.373046875,179.22000122070312,81.5,62.96025085449219,25.560152053833008,14.109999656677246
2023-09-20,424.07574462890625,33.03935241699219,81.83997344970703,41.36177444458008,125.634521484375,99.85384368896484,81.67162322998047,66.29492950439453,29.51355743408203,37.96951675415039,82.63045501708984,179.35000610351562,80.13999938964844,62.90952682495117,25.603635787963867,15.140000343322754
2023-09-21,417.0665588378906,32.493316650390625,80.59222412109375,40.7944221496582,124.53641510009766,98.21910095214844,79.4427490234375,65.44117736816406,29.204975128173828,37.20595169067383,80.50899505615234,178.0500030517578,80.41000366210938,62.46139144897461,25.621028900146484,17.540000915527344
2023-09-22,416.1286926269531,32.24425506591797,80.76415252685547,40.8630485534668,124.2785873413086,97.88253784179688,78.66068267822266,65.08855438232422,29.14970588684082,37.16801834106445,81.1569595336914,178.6199951171875,80.62999725341797,62.57130813598633,25.681907653808594,17.200000762939453
2023-09-25,417.87860107421875,32.32088088989258,81.02450561523438,41.3754997253418,124.95655822753906,98.37297058105469,79.14458465576172,64.85655212402344,29.108253479003906,37.46205139160156,79.1597671508789,177.6999969482422,80.38999938964844,62.486759185791016,25.777572631835938,16.899999618530273
2023-09-26,411.73944091796875,31.889816284179688,79.5655517578125,41.137577056884766,123.8966293334961,96.87284851074219,77.7026596069336,64.37400817871094,28.237768173217773,36.92139434814453,78.88459777832031,176.27999877929688,80.87999725341797,62.21617126464844,25.855844497680664,18.940000534057617
2023-09-27,411.9037780761719,31.841922760009766,79.68834686279297,42.1624755859375,123.27596282958984,97.59403228759766,77.40449523925781,63.845054626464844,27.694293975830078,36.916648864746094,78.47630310058594,174.10000610351562,82.9000015258789,62.131614685058594,25.977603912353516,18.219999313354492
2023-09-28,414.2917785644531,32.07182312011719,80.2532730102539,42.208221435546875,123.86801147460938,98.0075454711914,78.26964569091797,64.03993225097656,27.095544815063477,37.315032958984375,78.71598815917969,173.22999572753906,81.56999969482422,62.42755889892578,25.838449478149414,17.34000015258789
2023-09-29,413.28631591796875,31.774860382080078,80.52835845947266,41.3571891784668,122.93219757080078,97.48828125,78.68511962890625,63.85433578491211,27.141599655151367,37.25338363647461,78.7248306274414,171.4499969482422,80.86000061035156,62.33455276489258,25.855844497680664,17.520000457763672
2023-10-02,413.1219177246094,31.506641387939453,81.39293670654297,40.53361892700195,122.76032257080078,96.5362777709961,78.7486572265625,63.41818618774414,25.87963104248047,36.76015090942383,77.40697479248047,169.64999389648438,79.38999938964844,61.95631790161133,26.055871963500977,17.610000610351562
2023-10-03,407.5918884277344,31.008506774902344,80.01258087158203,40.506168365478516,121.6717529296875,95.86314392089844,76.83262634277344,62.963478088378906,26.17900276184082,36.660545349121094,75.7418212890625,169.16000366210938,79.93000030517578,61.32729721069336,26.08196449279785,19.780000686645508
2023-10-04,410.5599365234375,31.238414764404297,81.0097885131836,39.234195709228516,122.18737030029297,96.17086029052734,78.34785461425781,63.464599609375,26.151371002197266,37.09212875366211,76.81033325195312,169.13999938964844,75.58999633789062,61.641815185546875,26.003692626953125,18.579999923706055
2023-10-05,410.4052734375,31.382104873657227,81.11785125732422,38.991703033447266,122.85581970214844,95.60350799560547,77.95682525634766,62.211830139160156,25.99938201904297,36.641578674316406,76.42747497558594,168.8300018310547,73.98999786376953,61.701297760009766,25.916723251342773,18.489999771118164
2023-10-06,415.2779235839844,31.650327682495117,82.63578033447266,39.22504806518555,124.1448974609375,96.91131591796875,78.5042724609375,61.86846160888672,26.367839813232422,36.987796783447266,75.50139617919922,169.6999969482422,74.16000366210938,61.786312103271484,25.86454200744629,17.450000762939453
2023-10-09,417.9366149902344,31.669490814208984,83.06314086914062,40.53361892700195,124.5746078491211,98.43064880371094,78.58736419677734,61.92414855957031,26.630369186401367,37.03521728515625,77.27339935302734,172.82000732421875,77.12999725341797,62.24531173706055,25.855844497680664,17.700000762939453
2023-10-10,420.1119689941406,31.899396896362305,83.19087219238281,40.583946228027344,125.1666488647461,99.02686309814453,79.44761657714844,62.5551643371582,26.99422264099121,37.428855895996094,77.16654968261719,172.52999877929688,76.70999908447266,62.22832107543945,25.794967651367188,17.030000686645508
2023-10-11,421.8328857421875,31.94728660583496,83.96212005615234,40.06235122680664,124.61280059814453,99.6230697631836,79.73112487792969,62.128292083740234,27.4317684173584,37.51897048950195,78.77827453613281,173.7899932861328,75.66999816894531,62.21980285644531,25.794967651367188,16.09000015258789
2023-10-12,419.2611389160156,31.74611473083496,84.04071044921875,40.10811233520508,123.54335021972656,98.71913146972656,78.861083984375,61.45087814331055,27.00803565979004,36.95933532714844,76.64118194580078,173.25999450683594,75.41999816894531,61.888309478759766,26.012388229370117,16.690000534057617
2023-10-13,417.1728515625,31.813173294067383,82.83718872070312,40.99116134643555,124.3167724609375,97.84407806396484,77.7026596069336,61.989097595214844,27.312013626098633,36.82179641723633,78.01245880126953,178.8300018310547,78.98999786376953,61.83733367919922,26.02978515625,19.31999969482422
2023-10-16,421.56207275390625,32.148460388183594,83.63297271728516,41.265689849853516,125.2525634765625,98.88262939453125,78.95883178710938,62.629417419433594,27.592966079711914,37.18223571777344,76.75692749023438,177.9600067138672,78.38999938964844,61.82029724121094,25.916723251342773,17.209999084472656
2023-10-17,421.542724609375,32.30173110961914,83.24491119384766,41.69578170776367,125.08070373535156,99.19034576416016,79.14458465576172,62.89851379394531,27.51927375793457,37.547428131103516,75.9110107421875,178.2899932861328,78.80000305175781,61.53131103515625,25.9254207611084,17.8799991607666
2023-10-18,415.9256591796875,31.74611473083496,82.39014434814453,42.075531005859375,123.99214172363281,96.79593658447266,77.28717803955078,63.13051986694336,27.279775619506836,36.57518768310547,75.24315643310547,180.8699951171875,79.83999633789062,61.23381042480469,26.021085739135742,19.219999313354492
2023-10-19,412.2711486816406,31.324634552001953,81.91856384277344,42.00233459472656,122.76988220214844,95.9016342163086,75.3124771118164,62.666526794433594,27.00803565979004,36.14834976196289,73.70268249511719,183.08999633789062,81.68000030517578,61.012813568115234,25.942811965942383,21.399999618530273
2023-10-20,407.2052307128906,30.845659255981445,80.53327178955078,41.2977180480957,122.28286743164062,94.91116333007812,74.144287109375,62.42525863647461,26.727087020874023,35.7120246887207,74.12122344970703,183.58999633789062,80.69999694824219,61.14030838012695,25.95151138305664,21.709999084472656
2023-10-23,406.4994201660156,30.654071807861328,80.62661743164062,40.62970733642578,121.51896667480469,94.46882629394531,74.23225402832031,62.304603576660156,26.501407623291016,35.31364059448242,75.01165771484375,182.97000122070312,78.88999938964844,61.38677978515625,25.82105827331543,20.3700008392334
2023-10-24,409.564208984375,30.864818572998047,81.18170928955078,40.05777359008789,121.8913803100586,95.18041229248047,75.02409362792969,62.83356475830078,27.183055877685547,35.73099136352539,76.00005340576172,182.9499969482422,76.93000030517578,61.701297760009766,25.968904495239258,18.969999313354492
2023-10-25,403.6860046386719,30.74986457824707,80.22380828857422,39.98456573486328,120.80279541015625,93.95915985107422,73.50885772705078,63.047000885009766,27.335044860839844,35.31364059448242,74.30818939208984,183.72000122070312,78.45999908447266,61.36979675292969,26.038480758666992,20.190000534057617
2023-10-26,398.85198974609375,30.682811737060547,78.69114685058594,39.67343521118164,119.60918426513672,93.56490325927734,72.36018371582031,62.6386833190918,27.56993865966797,35.56025695800781,75.44795227050781,184.00999450683594,76.88999938964844,61.58232116699219,26.09935760498047,20.68000030517578
2023-10-27,397.04412841796875,30.127208709716797,79.14798736572266,38.72175216674805,117.58483123779297,92.7379150390625,73.1178207397461,61.784942626953125,27.04949188232422,35.54602813720703,75.12740325927734,186.14999389648438,78.36000061035156,61.50579833984375,26.0645694732666,21.270000457763672
2023-10-30,401.79107666015625,30.663650512695312,79.9978256225586,38.84986877441406,118.24369812011719,93.89185333251953,73.7874755859375,62.75004196166992,27.256742477416992,35.91120910644531,74.78904724121094,185.10000610351562,76.05000305175781,61.522796630859375,25.960208892822266,19.75
2023-10-31,404.31439208984375,30.998931884765625,80.56766510009766,38.97798538208008,118.92167663574219,94.58419799804688,74.34468078613281,62.9727668762207,27.491641998291016,36.07246398925781,74.4239501953125,184.08999633789062,75.0199966430664,61.68430709838867,26.11675262451172,18.139999389648438
2023-11-01,408.6263732910156,31.200096130371094,82.1248779296875,38.886474609375,119.1699447631836,94.89192199707031,75.26359558105469,62.907798767089844,27.80483055114746,36.0914306640625,76.03764343261719,183.50999450683594,74.75,62.27225875854492,26.12544822692871,16.8700008392334
2023-11-02,416.45745849609375,31.937707901000977,83.51506805419922,40.06235122680664,121.06062316894531,96.84398651123047,77.2285385131836,63.72442626953125,28.32527732849121,36.78860092163086,77.77104187011719,184.1199951171875,76.18000030517578,62.97298812866211,25.994993209838867,15.65999984741211
2023-11-03,420.25689697265625,32.35919952392578,84.37474822998047,39.65971755981445,121.66220092773438,97.69982147216797,78.31362915039062,63.79867172241211,28.491086959838867,37.36720657348633,78.29820251464844,184.7899932861328,74.8499984741211,63.588253021240234,25.751483917236328,14.90999984741211
2023-11-06,421.2237548828125,32.26341247558594,84.92984008789062,39.211326599121094,122.47384643554688,97.4402084350586,78.4113998413086,63.90073776245117,28.41739273071289,37.18223571777344,77.53871154785156,183.35000610351562,74.91000366210938,63.331912994384766,25.777572631835938,14.890000343322754
2023-11-07,422.4225769042969,32.21551513671875,85.85828399658203,38.34199523925781,122.55980682373047,97.1998062133789,79.28633880615234,64.0584945678711,28.210134506225586,36.46134948730469,78.68241882324219,182.58999633789062,71.80000305175781,63.3404426574707,25.86454200744629,14.8100004196167
2023-11-08,422.7319641113281,32.25382995605469,86.3446044921875,37.861576080322266,122.38792419433594,97.42095947265625,79.0761489868164,63.80794906616211,28.00287628173828,36.57518768310547,80.02268981933594,180.77000427246094,70.19000244140625,63.37464904785156,25.855844497680664,14.449999809265137
2023-11-09,419.4351501464844,32.119720458984375,85.94180297851562,37.74718475341797,119.85746002197266,97.20941162109375,77.5999984741211,63.54812240600586,27.634418487548828,36.262168884277344,78.18205261230469,181.49000549316406,70.25,62.981544494628906,25.968904495239258,15.289999961853027
2023-11-10,425.9803161621094,32.483734130859375,88.18673706054688,38.16355514526367,120.5736083984375,98.61336517333984,78.89041900634766,63.9935302734375,27.781801223754883,36.689002990722656,78.619873046875,179.50999450683594,71.79000091552734,63.289154052734375,25.95151138305664,14.170000076293945
2023-11-13,425.5743103027344,32.43583679199219,87.67094421386719,38.43808364868164,121.27069854736328,98.69991302490234,79.2276611328125,64.19769287109375,27.4501895904541,36.636837005615234,78.44117736816406,180.50999450683594,72.91999816894531,63.22935485839844,25.916723251342773,14.760000228881836
2023-11-14,433.8307189941406,33.04892349243164,89.42466735839844,38.78123474121094,122.0918960571289,100.68083190917969,81.89646911621094,64.85655212402344,28.546350479125977,37.71815872192383,80.21924591064453,182.1199951171875,72.69000244140625,63.87028121948242,25.507970809936523,14.15999984741211
2023-11-15,434.74920654296875,33.23093032836914,89.53764343261719,38.70803451538086,122.18737030029297,100.89237976074219,81.99422454833984,65.37622833251953,28.458845138549805,37.8841438293457,79.0934066772461,181.63999938964844,71.33999633789062,63.665199279785156,25.603635787963867,14.180000305175781
2023-11-16,435.2809753417969,33.365047454833984,89.98466491699219,37.95307922363281,122.71257019042969,100.91162109375,81.15350341796875,64.56887817382812,28.610830307006836,37.99797058105469,80.07628631591797,183.69000244140625,68.05000305175781,63.750633239746094,25.621028900146484,14.319999694824219
2023-11-17,435.82232666015625,33.53746795654297,89.79798889160156,38.749210357666016,122.46430969238281,101.55590057373047,81.6960678100586,64.48536682128906,28.689130783081055,38.06911087036133,80.45156860351562,183.6699981689453,70.75,63.89590072631836,25.48187828063965,13.800000190734863
2023-11-20,439.1771545410156,33.67158508300781,91.09977722167969,38.80411148071289,123.2091293334961,101.86361694335938,82.11641693115234,64.43896484375,28.601621627807617,38.13550567626953,80.9429931640625,183.3699951171875,72.30000305175781,63.96428298950195,25.403608322143555,13.40999984741211
2023-11-21,438.2200012207031,33.652427673339844,90.3629150390625,38.717185974121094,123.95394134521484,101.78667449951172,81.9062271118164,64.63385009765625,28.661495208740234,38.28253173828125,80.90726470947266,185.35000610351562,72.52999877929688,64.04975128173828,25.429697036743164,13.350000381469727
2023-11-22,439.9118957519531,33.78653335571289,90.76573944091797,38.698875427246094,124.54593658447266,102.00785827636719,82.15552520751953,65.09783172607422,28.799665451049805,38.306236267089844,81.19317626953125,184.55999755859375,71.61000061035156,64.16082763671875,25.51666831970215,12.850000381469727
2023-11-24,440.18255615234375,33.891910552978516,90.5888900756836,38.8590202331543,125.21435546875,102.25786590576172,82.23371887207031,65.339111328125,28.87335777282715,38.47224044799805,80.23713684082031,185.52000427246094,70.81999969482422,64.09247589111328,25.403608322143555,12.460000038146973
2023-11-27,439.38983154296875,33.77696228027344,90.5839614868164,38.72175216674805,124.43135070800781,101.68090057373047,82.36569213867188,65.15351104736328,28.919418334960938,38.4248046875,81.577392578125,186.77000427246094,69.95999908447266,64.18646240234375,25.351425170898438,12.6899995803833
2023-11-28,439.8248596191406,33.76738357543945,90.75590515136719,38.73090744018555,123.79159545898438,101.44050598144531,82.83980560302734,65.45046997070312,29.011531829833984,38.50068664550781,81.73822021484375,189.25999450683594,71.26000213623047,64.46851348876953,25.26445770263672,12.6899995803833
2023-11-29,439.5154724121094,34.006858825683594,90.82469177246094,38.442649841308594,123.82978057861328,101.82515716552734,82.6149673461914,64.92152404785156,28.78124237060547,38.69987487792969,82.7657470703125,189.5399932861328,72.5199966430664,64.81885528564453,25.290546417236328,12.979999542236328
2023-11-30,441.2461242675781,34.390037536621094,90.95731353759766,38.698875427246094,125.38627624511719,102.94062805175781,82.49766540527344,65.57111358642578,28.90559959411621,39.08403015136719,81.80968475341797,188.75,70.13999938964844,64.69920349121094,25.473180770874023,12.920000076293945
2023-12-01,443.8564147949219,34.648677825927734,91.16364288330078,38.90019226074219,125.88278198242188,104.56575012207031,83.62677001953125,65.84022521972656,29.260244369506836,39.52983856201172,83.35050201416016,192.00999450683594,69.23999786376953,65.23490142822266,25.39491081237793,12.630000114440918
2023-12-04,441.5264587402344,34.61036682128906,90.0534439086914,38.72175216674805,126.12152099609375,104.73883056640625,83.30905151367188,65.92372131347656,29.145097732543945,39.06980895996094,83.01888275146484,187.86000061035156,68.47000122070312,65.07177734375,25.507970809936523,13.079999923706055
2023-12-05,441.4394836425781,34.43793869018555,90.59380340576172,38.044593811035156,125.95921325683594,103.89263153076172,83.45568084716797,65.4040756225586,28.937841415405273,38.53388977050781,84.80259704589844,187.14999389648438,67.58000183105469,65.13188934326172,25.603635787963867,12.850000381469727
2023-12-06,439.6605529785156,34.265506744384766,89.82746887207031,37.47724533081055,126.05467224121094,104.35419464111328,83.57788848876953,65.2370376586914,29.32472038269043,38.453269958496094,85.93195343017578,187.83999633789062,64.76000213623047,65.1404800415039,25.664514541625977,12.970000267028809
2023-12-07,443.01531982421875,34.42835235595703,90.91800689697266,37.22101593017578,125.90190124511719,104.45035552978516,84.2670669555664,65.51541900634766,29.260244369506836,38.71410369873047,85.43897247314453,188.14999389648438,65.11000061035156,65.2520751953125,25.525362014770508,13.0600004196167
2023-12-08,444.919921875,34.61036682128906,91.69416809082031,37.623661041259766,126.1119613647461,104.77731323242188,84.65322875976562,65.06070709228516,29.204975128173828,38.85638427734375,84.7398452758789,185.63999938964844,66.52999877929688,65.123291015625,25.621028900146484,12.350000381469727
2023-12-11,446.6504821777344,34.821109771728516,92.49488067626953,37.66940689086914,126.94273376464844,105.77738189697266,84.87805938720703,65.68247985839844,29.39380645751953,39.13145446777344,84.560546875,183.58999633789062,66.80000305175781,65.08037567138672,25.65581512451172,12.630000114440918
2023-12-12,448.6904296875,35.07017517089844,93.10892486572266,37.15238571166992,127.48703002929688,106.25817108154297,85.14201354980469,65.89590454101562,29.27406120300293,39.35910415649414,84.81153106689453,183.49000549316406,64.25,65.22633361816406,25.586240768432617,12.069999694824219
2023-12-13,454.8778991699219,35.6353645324707,93.9292984008789,37.66940689086914,129.83604431152344,107.44097137451172,86.25645446777344,67.0929946899414,30.379436492919922,39.83811569213867,86.80139923095703,187.6300048828125,65.33000183105469,66.22213745117188,25.368818283081055,12.1899995803833
2023-12-14,456.3377990722656,35.98979187011719,93.69841003417969,38.77665710449219,129.205810546875,108.82567596435547,87.41487884521484,66.10933685302734,29.983341217041016,40.497344970703125,89.05935668945312,188.72999572753906,67.16000366210938,66.51457977294922,25.134004592895508,12.479999542236328
2023-12-15,455.5863952636719,35.7790412902832,94.16999053955078,38.57076644897461,128.1077117919922,108.68143463134766,87.5957260131836,66.10933685302734,29.462894439697266,40.39299774169922,89.15827941894531,187.0,67.1500015258789,66.36792755126953,25.299243927001953,12.279999732971191
2023-12-18,458.1491394042969,35.89841842651367,94.45162200927734,38.885807037353516,128.3167724609375,108.67660522460938,88.13924407958984,66.7975082397461,29.396411895751953,40.45555877685547,88.4478988647461,187.85000610351562,68.08999633789062,66.41105651855469,25.295543670654297,12.5600004196167
2023-12-19,460.9350891113281,36.16796875,94.8110122680664,39.352359771728516,129.1800537109375,109.51778411865234,88.82967376708984,66.92841339111328,29.56378173828125,40.82807159423828,88.92447662353516,189.1300048828125,69.36000061035156,66.6008529663086,25.18451690673828,12.529999732971191
2023-12-20,454.5477600097656,35.52297592163086,93.37834930419922,38.98743438720703,127.30966186523438,107.74842071533203,87.20890808105469,65.62874603271484,28.96404266357422,40.202449798583984,89.5269546508789,188.10000610351562,68.79000091552734,66.60948944091797,25.295543670654297,13.670000076293945
2023-12-21,458.85772705078125,35.869537353515625,94.42698669433594,39.13987350463867,128.863525390625,108.86031341552734,88.53588104248047,66.08689880371094,29.01518440246582,40.62748336791992,88.96046447753906,189.42999267578125,69.02999877929688,66.91142272949219,25.129003524780273,13.649999618530273
2023-12-22,459.7799072265625,35.946556091308594,94.5500717163086,39.25535202026367,129.5061492919922,109.38243103027344,87.88462829589844,66.59181213378906,29.11281394958496,40.88059997558594,88.55581665039062,190.27000427246094,68.69000244140625,66.83380889892578,25.1197509765625,13.029999732971191
2023-12-26,461.7213439941406,36.09096145629883,94.94392395019531,39.59257507324219,129.7938995361328,110.15592193603516,88.25678253173828,66.87229919433594,29.28948402404785,41.07164001464844,88.80757904052734,191.72000122070312,70.20999908447266,66.96321868896484,25.064237594604492,12.989999771118164
2023-12-27,462.55615234375,36.20648193359375,94.93901062011719,39.41703414916992,130.3406219482422,110.32029724121094,88.56035614013672,67.18085479736328,29.270885467529297,41.17192077636719,90.38124084472656,192.58999633789062,68.91999816894531,67.23926544189453,24.934709548950195,12.430000305175781
2023-12-28,462.73095703125,36.312381744384766,95.05224609375,38.8165168762207,130.6763153076172,110.34929656982422,88.1000747680664,67.20890045166016,29.4800968170166,41.01432418823242,89.72480010986328,191.47000122070312,67.18000030517578,67.02359771728516,25.01797866821289,12.470000267028809
2023-12-29,461.39129638671875,36.19684982299805,94.76176452636719,38.7287483215332,130.81060791015625,110.21395111083984,87.55654907226562,67.34915161132812,29.44290542602539,40.851951599121094,88.91549682617188,191.1699981689453,66.6500015258789,66.76477813720703,25.064237594604492,12.449999809265137
2024-01-02,458.8091735839844,36.35088348388672,92.28048706054688,39.14448928833008,133.11260986328125,109.1020278930664,86.74372100830078,68.10652160644531,29.870624542236328,40.78031921386719,88.40292358398438,190.72000122070312,65.7699966430664,66.54048156738281,25.27703857421875,13.199999809265137
2024-01-03,455.0622253417969,36.04282760620117,91.34013366699219,39.78196716308594,132.89199829101562,107.47769165039062,84.99073028564453,67.57356262207031,29.98220443725586,40.3409423828125,88.7716293334961,189.1300048828125,68.19000244140625,66.35930633544922,25.360309600830078,14.039999961853027
2024-01-04,453.5964660644531,36.18722915649414,90.67059326171875,39.084442138671875,133.5538330078125,107.61305236816406,84.39334106445312,67.48006439208984,29.889217376708984,40.21199417114258,87.42279052734375,189.32000732421875,67.56999969482422,66.10052490234375,25.360309600830078,14.130000114440918
2024-01-05,454.21771240234375,36.34125900268555,90.6459732055664,39.11677551269531,133.438720703125,107.73873901367188,84.52554321289062,67.3304672241211,30.00079917907715,40.27885437011719,86.58650207519531,189.35000610351562,69.02999877929688,66.15225982666016,25.360309600830078,13.350000381469727
2024-01-08,460.7021179199219,36.57229995727539,92.9205093383789,38.66407775878906,134.61849975585938,108.44457244873047,85.96514129638672,67.8260269165039,30.219308853149414,40.45078659057617,87.44075012207031,187.8699951171875,66.4000015258789,66.5232162475586,25.314048767089844,13.079999923706055
2024-01-09,460.003173828125,36.34125900268555,93.06819152832031,38.045082092285156,134.5992889404297,108.10615539550781,85.64686584472656,68.003662109375,29.9729061126709,39.9875373840332,86.88324737548828,187.92999267578125,67.38999938964844,66.62673950195312,25.39731788635254,12.760000228881836
2024-01-10,462.604736328125,36.39902114868164,93.86082458496094,37.67091751098633,135.2131805419922,108.65726470947266,86.33240509033203,67.8634262084961,29.96825408935547,39.93500518798828,86.47859191894531,187.5,66.55999755859375,66.7475357055664,25.351057052612305,12.6899995803833
2024-01-11,462.4008483886719,36.26424026489258,94.33837890625,37.76792526245117,135.1172332763672,108.40589141845703,86.21976470947266,67.85406494140625,29.270885467529297,39.81561279296875,86.96417999267578,187.8699951171875,67.6500015258789,66.96321868896484,25.36956024169922,12.4399995803833
2024-01-12,462.7212219238281,36.19684982299805,94.64361572265625,38.192901611328125,134.7815399169922,108.39622497558594,85.18170166015625,68.06913757324219,29.438255310058594,39.853816986083984,86.7933349609375,189.7100067138672,68.0199966430664,67.03221893310547,25.39731788635254,12.699999809265137
2024-01-16,461.0224609375,35.946556091308594,94.87992095947266,37.28289031982422,133.97584533691406,107.30364990234375,85.0837631225586,67.69511413574219,29.11746597290039,39.39533615112305,85.2646255493164,187.91000366210938,67.25,66.60948944091797,25.61937141418457,13.84000015258789
2024-01-17,458.4598083496094,35.87916946411133,94.4122314453125,36.973392486572266,133.70729064941406,106.5784912109375,84.33946990966797,67.64836120605469,28.694393157958984,39.10879898071289,85.12976837158203,185.83999633789062,67.94000244140625,66.32477569580078,25.637874603271484,14.789999961853027
2024-01-18,462.5367736816406,35.936927795410156,96.32734680175781,36.91333770751953,133.68814086914062,108.0191421508789,84.8193359375,67.56421661376953,28.38755226135254,39.23297119140625,84.33842468261719,187.3699951171875,69.05999755859375,66.46282958984375,25.665632247924805,14.130000114440918
2024-01-19,468.30279541015625,36.5145378112793,98.5477066040039,37.03343963623047,133.76480102539062,108.72494506835938,85.6370849609375,67.36787414550781,28.350357055664062,39.27116775512695,84.60820770263672,187.92999267578125,68.81999969482422,66.57498168945312,25.628623962402344,13.300000190734863
2024-01-22,469.29296875,36.68782424926758,98.98096466064453,37.172027587890625,134.34991455078125,109.56613159179688,85.2600326538086,67.04060363769531,28.206233978271484,39.38579559326172,85.11177825927734,187.22000122070312,69.69000244140625,66.62673950195312,25.637874603271484,13.1899995803833
2024-01-23,470.66168212890625,36.74557876586914,99.3797378540039,37.25054931640625,134.2539825439453,109.4791259765625,85.05436706542969,67.76992797851562,28.257375717163086,39.514732360839844,84.43733978271484,187.9499969482422,69.66000366210938,66.54910278320312,25.702640533447266,12.550000190734863
2024-01-24,471.1761474609375,36.889984130859375,100.06404876708984,37.781776428222656,133.02627563476562,108.80229949951172,84.73119354248047,66.937744140625,27.871501922607422,38.979854583740234,83.9427719116211,186.39999389648438,70.54000091552734,66.51457977294922,25.628623962402344,13.140000343322754
2024-01-25,473.73883056640625,37.07289505004883,100.48252868652344,38.63174057006836,132.82485961914062,109.8465347290039,83.6833267211914,67.58291625976562,28.37360382080078,39.39057159423828,84.49129486083984,187.13999938964844,72.2300033569336,67.02359771728516,25.702640533447266,13.449999809265137
2024-01-26,473.13702392578125,37.20766830444336,99.32556915283203,38.91814422607422,133.5825653076172,109.67249298095703,84.06526184082031,67.91017150878906,28.457286834716797,39.40488815307617,84.32942962646484,187.00999450683594,73.0999984741211,66.97183990478516,25.702640533447266,13.260000228881836
2024-01-29,476.8839416503906,37.30393981933594,100.23635864257812,38.86270523071289,134.52255249023438,110.38796997070312,85.29431915283203,68.30288696289062,28.63860321044922,39.600704193115234,85.30061340332031,188.3300018310547,72.05000305175781,67.11849975585938,25.702640533447266,13.600000381469727
2024-01-30,476.5151062011719,37.775657653808594,99.4092788696289,39.264591217041016,134.82949829101562,110.42665100097656,85.2453384399414,68.68624114990234,28.629304885864258,39.78217697143555,86.07394409179688,188.58999633789062,72.80999755859375,67.03221893310547,25.68413734436035,13.3100004196167
2024-01-31,468.7395935058594,37.31356430053711,97.32183837890625,38.530120849609375,134.64724731445312,109.1503677368164,83.69312286376953,68.18132019042969,28.568870544433594,39.261619567871094,86.91921997070312,188.4499969482422,70.91999816894531,66.84243774414062,25.7489013671875,14.350000381469727
2024-02-01,474.8746032714844,37.3713264465332,98.5477066040039,38.52549743652344,136.39292907714844,111.00675964355469,85.30411529541016,69.5744857788086,29.11281394958496,39.9159049987793,88.62422180175781,190.41000366210938,69.06999969482422,67.22738647460938,25.61937141418457,13.880000114440918
2024-02-02,479.8737487792969,37.52535629272461,99.56681060791016,38.58092498779297,136.1915283203125,111.75126647949219,86.82695770263672,69.35010528564453,28.587465286254883,39.681880950927734,86.6666259765625,188.61000061035156,67.51000213623047,66.92391967773438,25.850677490234375,13.850000381469727
2024-02-05,478.1264953613281,37.30393981933594,99.79327392578125,38.483924865722656,136.61354064941406,111.14213562011719,85.60279846191406,68.91998291015625,27.99237632751465,38.674198150634766,84.91648864746094,187.57000732421875,68.18000030517578,66.61180114746094,25.989459991455078,13.670000076293945
2024-02-06,479.51458740234375,37.380958557128906,99.3354263305664,38.608646392822266,138.10025024414062,112.13803100585938,86.1218490600586,69.07894134521484,28.09465980529785,39.35713577270508,85.74644470214844,188.5500030517578,68.80999755859375,66.85454559326172,25.915441513061523,13.0600004196167
2024-02-07,483.51397705078125,37.66012954711914,100.64990997314453,38.68717575073242,138.4743194580078,112.88250732421875,87.08647918701172,69.01348876953125,28.11325454711914,39.672340393066406,85.33148193359375,188.5,69.41999816894531,66.9672622680664,25.887685775756836,12.829999923706055
2024-02-08,483.72747802734375,37.515724182128906,100.96500396728516,39.084442138671875,138.23451232910156,112.90184783935547,87.46842193603516,68.99478149414062,27.913345336914062,39.61980438232422,84.8353042602539,188.3300018310547,71.5199966430664,66.93257904052734,25.915441513061523,12.789999961853027
2024-02-09,486.5231628417969,37.62162399291992,102.32380676269531,38.483924865722656,138.1290283203125,113.07588958740234,88.09028625488281,68.35897827148438,28.02027130126953,39.70576477050781,84.66390228271484,187.60000610351562,71.66999816894531,67.07131958007812,25.896936416625977,12.930000305175781
2024-02-12,486.3095703125,37.79490661621094,101.5459213256836,38.90890121459961,138.3112335205078,113.24026489257812,88.01683807373047,68.8451919555664,28.34571075439453,40.020973205566406,84.76315307617188,187.11000061035156,72.11000061035156,66.92391967773438,25.924694061279297,13.930000305175781
2024-02-13,479.61163330078125,37.28468322753906,99.82281494140625,38.51625061035156,137.02598571777344,112.08000183105469,86.26384735107422,68.10652160644531,27.87614631652832,39.457427978515625,83.31073760986328,184.52999877929688,72.6500015258789,66.3863754272461,26.12824249267578,15.850000381469727
2024-02-14,483.97015380859375,37.6408805847168,100.86654663085938,38.47930145263672,138.2153778076172,113.95574188232422,87.17462158203125,67.97561645507812,28.029571533203125,39.710548400878906,83.73472595214844,184.4199981689453,71.55000305175781,66.64646911621094,26.081981658935547,14.380000114440918
2024-02-15,487.3094482421875,38.28587341308594,100.65482330322266,39.55099868774414,139.22244262695312,114.80658721923828,88.18331909179688,68.41507720947266,28.499134063720703,40.46034240722656,84.16773223876953,185.66000366210938,72.83999633789062,66.88056182861328,25.980207443237305,14.010000228881836
2024-02-16,484.88262939453125,38.151092529296875,99.72927856445312,39.527896881103516,139.6732635498047,114.12010955810547,87.65939331054688,68.5179443359375,28.466585159301758,40.67524719238281,83.68059539794922,186.33999633789062,73.41000366210938,66.68115997314453,25.989459991455078,14.239999771118164
2024-02-20,482.2132263183594,38.045204162597656,98.71510314941406,39.16758728027344,139.20327758789062,113.76237487792969,86.83185577392578,69.23789978027344,28.44799041748047,40.58928680419922,83.75275421142578,187.47000122070312,72.41999816894531,66.81987762451172,25.952449798583984,15.420000076293945
2024-02-21,482.6499938964844,38.16072082519531,98.09477996826172,39.90206527709961,139.51019287109375,114.21680450439453,87.47330474853516,69.49034118652344,28.824569702148438,40.813743591308594,83.15739440917969,187.47999572753906,73.19999694824219,66.698486328125,25.924694061279297,15.34000015258789
2024-02-22,492.638671875,38.60355758666992,101.3047103881836,39.97135925292969,141.15040588378906,115.6284408569336,89.17245483398438,69.70540618896484,28.601408004760742,41.224464416503906,83.56332397460938,187.55999755859375,73.5999984741211,67.01929473876953,25.924694061279297,14.539999961853027
2024-02-23,492.97845458984375,38.79608917236328,101.0683822631836,39.70805358886719,141.82180786132812,116.23757934570312,88.77091979980469,69.92045593261719,28.805971145629883,41.468021392822266,84.68197631835938,188.6199951171875,71.91999816894531,67.06263732910156,25.943199157714844,13.75
2024-02-26,491.1728820800781,38.60355758666992,101.16686248779297,39.84663772583008,141.0928192138672,116.06352233886719,89.04512786865234,69.63996124267578,28.23878288269043,41.21968460083008,84.42935180664062,188.1999969482422,72.79000091552734,66.84588623046875,25.896936416625977,13.739999771118164
2024-02-27,492.0853271484375,38.70945358276367,101.2554702758789,39.675716400146484,140.74754333496094,116.23757934570312,89.33893585205078,69.64929962158203,28.773427963256836,41.37250900268555,83.8339614868164,188.0,73.8499984741211,66.93257904052734,25.915441513061523,13.430000305175781
2024-02-28,491.4349670410156,38.85386657714844,100.77791595458984,39.59718704223633,140.04734802246094,116.63397979736328,89.69147491455078,69.72410583496094,28.86176300048828,41.501461029052734,84.36621856689453,188.33999633789062,73.62000274658203,66.92391967773438,25.933948516845703,13.84000015258789
2024-02-29,493.2016296386719,38.83460998535156,101.9004135131836,39.79119873046875,138.90597534179688,116.99172973632812,90.29866790771484,69.61189270019531,28.87105941772461,41.816654205322266,84.96160125732422,189.30999755859375,73.36000061035156,67.04530334472656,25.989459991455078,13.399999618530273
2024-03-01,497.8320007324219,38.786468505859375,103.7613754272461,40.25313186645508,140.36387634277344,117.49449920654297,90.59736633300781,69.62126159667969,28.694393157958984,42.00768280029297,85.49101257324219,192.88999938964844,74.95999908447266,67.29641723632812,25.943199157714844,13.109999656677246
2024-03-04,497.2980651855469,38.88273620605469,103.7613754272461,39.82353973388672,140.15284729003906,117.919921875,89.37319946289062,69.6773452758789,29.177902221679688,42.313331604003906,85.14712524414062,196.00999450683594,74.01000213623047,67.27897644042969,25.943199157714844,13.489999771118164
2024-03-05,492.32806396484375,38.89236831665039,101.2111587524414,40.11917495727539,139.10736083984375,116.95306396484375,88.26166534423828,69.84567260742188,29.09421730041504,42.088871002197266,86.3597640991211,197.19000244140625,73.44999694824219,67.2266616821289,25.915441513061523,14.460000038146973
2024-03-06,494.82275390625,39.09453201293945,102.01364135742188,40.24390411376953,140.0569610595703,117.56218719482422,87.94828796386719,70.43472290039062,29.373165130615234,42.3993034362793,86.86653137207031,198.80999755859375,74.33999633789062,67.392333984375,25.822919845581055,14.5
2024-03-07,499.734619140625,39.036766052246094,103.62353515625,40.58573532104492,140.70916748046875,118.50971984863281,88.61912536621094,70.83676147460938,29.56378173828125,42.91987228393555,86.78508758544922,199.94000244140625,74.2300033569336,67.4708023071289,25.693389892578125,14.4399995803833
2024-03-08,496.7351379394531,39.10415267944336,102.08256530761719,40.72892379760742,140.45021057128906,118.2486572265625,88.29104614257812,70.27576446533203,29.638164520263672,42.67151641845703,86.6312484741211,201.6300048828125,73.36000061035156,67.48823547363281,25.702640533447266,14.739999771118164
2024-03-11,496.3079833984375,39.171546936035156,101.80195617675781,41.149295806884766,140.3734588623047,117.63953399658203,88.0511245727539,70.65912628173828,29.786935806274414,43.15386962890625,86.58601379394531,202.0,73.62000274658203,67.47953033447266,25.730396270751953,15.220000267028809
2024-03-12,501.6470031738281,39.3351936340332,103.88938903808594,41.084625244140625,141.02569580078125,118.1616439819336,88.81009674072266,71.0237808227539,29.49869155883789,43.14909744262695,85.86203002929688,199.7899932861328,73.3499984741211,67.54055786132812,25.7489013671875,13.84000015258789
2024-03-13,500.8606262207031,39.624000549316406,102.76689910888672,41.74057388305664,140.47897338867188,118.48072052001953,88.6240234375,71.201416015625,29.698604583740234,43.57413864135742,85.44576263427734,201.19000244140625,75.08999633789062,67.56672668457031,25.721145629882812,13.75
2024-03-14,499.8705139160156,39.30632019042969,102.78659057617188,42.170166015625,139.98020935058594,117.97793579101562,88.0609130859375,70.6497573852539,29.461502075195312,43.34490203857422,84.13358306884766,200.35000610351562,76.30000305175781,67.2441177368164,25.85993003845215,14.399999618530273
2024-03-15,496.43817138671875,39.2678108215332,101.23578643798828,42.29489517211914,139.4238739013672,117.99726867675781,87.18441009521484,70.6217269897461,29.503341674804688,43.364009857177734,84.1064453125,199.7100067138672,76.33000183105469,67.20049285888672,25.887685775756836,14.40999984741211
2024-03-18,499.3885192871094,39.49296188354492,101.73335266113281,42.44111251831055,139.4075164794922,118.20677185058594,87.850341796875,71.07572174072266,29.639278411865234,43.443092346191406,83.85305786132812,200.02999877929688,77.9800033569336,67.35746765136719,25.943199157714844,14.329999923706055
2024-03-19,502.1636657714844,39.686222076416016,102.26100158691406,42.9254150390625,140.33163452148438,119.22512817382812,88.61097717285156,71.3394546508789,29.901782989501953,43.44788360595703,84.08834075927734,199.8000030517578,78.43000030517578,67.62776184082031,26.007963180541992,13.819999694824219
2024-03-20,506.8083190917969,40.15971374511719,103.40507507324219,42.86487579345703,140.01397705078125,120.66050720214844,89.9310302734375,71.55608367919922,29.939285278320312,43.88404083251953,84.0611801147461,202.17999267578125,77.25,67.85447692871094,25.887685775756836,13.039999961853027
2024-03-21,508.4831848144531,40.48826599121094,103.47904205322266,43.12099075317383,140.19686889648438,121.85344696044922,90.45610809326172,71.5937728881836,29.892406463623047,44.06616973876953,84.2421646118164,201.97000122070312,76.81999969482422,67.819580078125,26.0634765625,12.920000076293945
2024-03-22,507.51922607421875,40.02442932128906,103.51355743408203,43.02785873413086,140.00436401367188,121.4364013671875,89.66603088378906,71.24525451660156,29.93459701538086,43.7929801940918,85.04759216308594,200.35000610351562,76.68000030517578,67.74982452392578,26.202259063720703,13.0600004196167
2024-03-25,506.1170654296875,39.86981964111328,102.828125,43.42833709716797,139.81182861328125,120.65083312988281,89.37159729003906,71.04745483398438,30.075223922729492,43.80735397338867,84.62226104736328,200.99000549316406,77.76000213623047,67.64520263671875,26.137495040893555,13.1899995803833
2024-03-26,505.18231201171875,40.005104064941406,102.40401458740234,43.093048095703125,140.32203674316406,120.21437072753906,89.48445892333984,71.08514404296875,29.733030319213867,43.773799896240234,84.85753631591797,201.63999938964844,77.29000091552734,67.56672668457031,26.1560001373291,13.239999771118164
2024-03-27,509.4276123046875,40.47859191894531,102.9267349243164,43.4935302734375,142.1895294189453,122.14441680908203,90.51990509033203,71.82923889160156,30.562721252441406,44.401676177978516,85.69914245605469,203.10000610351562,77.51000213623047,67.92420959472656,26.174503326416016,12.779999732971191
2024-03-28,509.3304443359375,40.700843811035156,102.70482635498047,43.9638557434082,142.20875549316406,122.1637954711914,90.24018859863281,71.92341613769531,30.773664474487305,44.52149963378906,85.62675476074219,205.72000122070312,78.7300033569336,67.77598571777344,26.24852180480957,13.010000228881836
2024-04-01,508.44415283203125,40.47859191894531,102.99085235595703,44.28982925415039,140.995849609375,121.22303771972656,89.56788635253906,71.34886932373047,30.586164474487305,44.416053771972656,84.03059387207031,207.82000732421875,79.66999816894531,67.49992370605469,26.350296020507812,13.649999618530273
2024-04-02,505.21148681640625,40.26601028442383,101.9996337890625,44.9091682434082,138.8010711669922,120.66050720214844,88.24781799316406,70.98152160644531,30.63772964477539,44.25309753417969,83.5675277709961,210.88999938964844,80.79000091552734,67.385986328125,26.31328773498535,14.609999656677246
2024-04-03,505.76641845703125,40.246681213378906,102.27086639404297,45.21650695800781,138.6470489501953,121.2812271118164,88.31161499023438,70.19974517822266,30.515850067138672,44.51670837402344,83.54936981201172,212.74000549316406,81.25,67.4385757446289,26.193008422851562,14.329999923706055
2024-04-04,499.59307861328125,39.79251480102539,100.65338897705078,45.18856430053711,136.64479064941406,120.21437072753906,87.27617645263672,69.89834594726562,30.454914093017578,44.06616973876953,84.14862823486328,211.52000427246094,82.2699966430664,67.385986328125,26.193008422851562,16.350000381469727
2024-04-05,504.8122253417969,40.16938018798828,101.80731201171875,45.67286682128906,137.8673095703125,121.8825454711914,87.76200103759766,70.01136779785156,30.543975830078125,44.46398162841797,82.97736358642578,215.13999938964844,82.4000015258789,67.32464599609375,26.220766067504883,16.030000686645508
2024-04-08,505.09454345703125,40.34331130981445,101.68896484375,45.3841438293457,137.42449951171875,121.66917419433594,88.59622955322266,69.90775299072266,30.745540618896484,44.49753189086914,82.96829986572266,216.47999572753906,82.19999694824219,67.48237609863281,26.18375587463379,15.1899995803833
2024-04-09,505.6788635253906,40.11139678955078,102.20182800292969,45.39811706542969,137.9154510498047,121.38793182373047,89.01335906982422,70.2468490600586,30.914283752441406,44.60297775268555,83.74007415771484,217.6699981689453,81.1500015258789,67.62263488769531,26.174503326416016,14.979999542236328
2024-04-10,500.615478515625,39.51228332519531,100.94926452636719,45.537818908691406,136.29824829101562,120.35015869140625,87.63931274414062,69.99252319335938,30.384599685668945,43.90800094604492,81.9150390625,215.61000061035156,82.08999633789062,67.02667236328125,26.452070236206055,15.800000190734863
2024-04-11,504.39349365234375,39.2320556640625,102.96619415283203,45.505218505859375,135.73988342285156,120.48594665527344,88.34597778320312,69.82298278808594,30.323659896850586,43.87445831298828,81.54280853271484,219.8000030517578,81.55000305175781,66.96533203125,26.4705753326416,14.90999984741211
2024-04-12,497.4313659667969,38.71025085449219,101.29939270019531,44.764808654785156,133.71841430664062,119.19602966308594,86.91304016113281,69.1165542602539,30.093969345092773,43.09800338745117,81.97862243652344,216.88999938964844,81.52999877929688,66.93028259277344,26.68337631225586,17.309999465942383
2024-04-15,491.1994934082031,38.51699447631836,99.37617492675781,44.345706939697266,133.44888305664062,118.34253692626953,85.46538543701172,68.83399963378906,29.817407608032227,42.89190673828125,80.70748138427734,220.9499969482422,81.6500015258789,66.54466247558594,26.72963523864746,19.229999542236328
2024-04-16,490.3035888671875,38.25608825683594,99.49452209472656,43.959197998046875,133.49697875976562,118.07098388671875,84.97957611083984,68.86225128173828,29.423654556274414,42.56119918823242,80.17182159423828,221.22000122070312,81.33000183105469,66.32555389404297,26.766645431518555,18.399999618530273
2024-04-17,487.4018859863281,38.35272216796875,98.05950927734375,43.83346939086914,133.26597595214844,117.45996856689453,84.56735229492188,69.1165542602539,30.037721633911133,42.65705490112305,81.06157684326172,219.58999633789062,78.91000366210938,66.41319274902344,26.68337631225586,18.209999084472656
2024-04-18,486.39892578125,38.488006591796875,96.94009399414062,43.69842529296875,133.25633239746094,117.05262756347656,84.04226684570312,69.43681335449219,30.20647621154785,42.67142868041992,80.65303039550781,220.33999633789062,78.77999877929688,66.46577453613281,26.738889694213867,18.0
2024-04-19,482.1534423828125,39.01947784423828,94.94290924072266,44.224632263183594,133.7569122314453,116.83927154541016,83.3061752319336,70.11497497558594,30.670536041259766,42.637882232666016,80.94357299804688,221.02999877929688,78.8499984741211,66.58845520019531,26.738889694213867,18.709999084472656
2024-04-22,486.59368896484375,39.49296188354492,95.7911148071289,44.513343811035156,134.26710510253906,117.72183990478516,83.67422485351562,70.78372192382812,30.951793670654297,42.6810188293457,80.80735778808594,215.57000732421875,78.77999877929688,66.9565658569336,26.748140335083008,16.940000534057617
2024-04-23,492.3679504394531,39.744197845458984,97.21131896972656,44.76015090942383,136.01907348632812,119.36090850830078,84.67039489746094,70.98152160644531,31.09710121154785,42.31195831298828,80.83460235595703,215.0399932861328,79.9800033569336,67.22821807861328,26.637115478515625,15.6899995803833
2024-04-24,492.1342468261719,39.73453903198242,97.65514373779297,44.792755126953125,135.5955352783203,118.41043853759766,85.48011779785156,71.51840209960938,31.28460121154785,42.34071731567383,80.26260375976562,214.63999938964844,79.63999938964844,67.0792465209961,26.664871215820312,15.970000267028809
2024-04-25,490.2646179199219,39.502620697021484,97.44309997558594,44.99763488769531,134.69065856933594,118.76929473876953,85.55372619628906,71.34886932373047,31.368976593017578,42.642669677734375,79.6996841430664,215.9199981689453,80.44000244140625,66.93901824951172,26.609357833862305,15.369999885559082
2024-04-26,494.9093933105469,39.444637298583984,98.54278564453125,44.583194732666016,134.72915649414062,118.96324920654297,86.32415771484375,71.19815826416016,31.02678871154785,42.90628433227539,80.11731719970703,216.6199951171875,80.38999938964844,67.14936065673828,26.72963523864746,15.029999732971191
2024-04-29,496.6620788574219,39.386661529541016,98.96687316894531,44.8858757019043,135.18157958984375,119.75855255126953,88.33123779296875,71.4242172241211,31.44866371154785,43.265750885009766,80.78921508789062,216.17999267578125,79.5,67.35092163085938,26.646366119384766,14.670000076293945
2024-04-30,488.7943420410156,39.000144958496094,96.78723907470703,43.549407958984375,135.0853271484375,117.85761260986328,86.18185424804688,71.1133804321289,31.28460121154785,42.47971725463867,80.09916687011719,211.8699951171875,78.37999725341797,66.86015319824219,26.81290626525879,15.649999618530273
2024-05-01,487.2071838378906,39.000144958496094,95.79602813720703,42.85556411743164,135.32598876953125,117.56665802001953,85.64205932617188,70.66129302978516,31.64554214477539,42.700191497802734,80.6895751953125,213.7899932861328,75.93000030517578,67.21255493164062,26.7851505279541,15.390000343322754
2024-05-02,491.76422119140625,39.09676742553711,97.17681121826172,43.10236358642578,135.22972106933594,118.24555969238281,86.72164916992188,71.2546615600586,31.81429100036621,42.47971725463867,81.03582000732422,213.1300048828125,75.93000030517578,67.62664794921875,26.581600189208984,14.680000305175781
2024-05-03,497.8597717285156,39.183738708496094,99.88410186767578,43.107025146484375,135.56663513183594,119.06993865966797,87.30561828613281,71.47129821777344,32.06743240356445,42.91108322143555,81.85581970214844,212.9600067138672,75.12999725341797,67.90856170654297,26.50758171081543,13.489999771118164
2024-05-06,503.00115966796875,39.686222076416016,101.05775451660156,43.446964263916016,136.1153564453125,120.2725830078125,88.2380142211914,71.50898742675781,32.23148727416992,43.16989517211914,82.17471313476562,215.1999969482422,75.66000366210938,67.98784637451172,26.53533935546875,13.489999771118164
2024-05-07,503.55609130859375,39.821502685546875,100.72735595703125,43.40505599975586,137.24163818359375,120.60232543945312,87.60496520996094,72.29075622558594,32.59712219238281,43.682735443115234,82.67586517333984,214.2100067138672,75.5,67.99665832519531,26.609357833862305,13.229999542236328
2024-05-08,503.6048583984375,39.966453552246094,101.01337432861328,43.35382843017578,136.76992797851562,120.60232543945312,87.27617645263672,72.07412719726562,32.939300537109375,43.481441497802734,82.17471313476562,213.5800018310547,76.11000061035156,67.83805847167969,26.646366119384766,13.0
2024-05-09,506.5065002441406,40.26601028442383,100.98379516601562,43.935909271240234,137.9443359375,121.80496215820312,87.86996459960938,72.69577026367188,33.44087219238281,43.96552658081055,82.57562255859375,216.9499969482422,76.5199966430664,67.85569763183594,26.553844451904297,12.6899995803833
2024-05-10,507.1590270996094,40.420616149902344,101.35856628417969,43.69376754760742,138.2235107421875,121.8922348022461,87.39887237548828,73.11021423339844,33.408058166503906,44.018245697021484,82.11092376708984,218.7100067138672,75.30000305175781,67.74998474121094,26.590852737426758,12.550000190734863
2024-05-13,507.2270202636719,40.256343841552734,101.83690643310547,43.57735061645508,138.08872985839844,121.37821197509766,87.2859878540039,72.90299987792969,33.408058166503906,43.98948669433594,82.32049560546875,216.25999450683594,76.12999725341797,67.73235321044922,26.581600189208984,13.600000381469727
2024-05-14,509.5542907714844,40.459266662597656,102.73933410644531,43.63323211669922,138.67591857910156,121.34912109375,87.68348693847656,72.76171875,33.49711990356445,44.03261947631836,82.78516387939453,218.08999633789062,75.20999908447266,67.83805847167969,26.52608871459961,13.420000076293945
2024-05-15,515.8641967773438,40.75882339477539,105.05213928222656,43.731021881103516,140.73594665527344,122.14441680908203,87.81597900390625,72.80879974365234,33.99868392944336,44.109310150146484,83.91497802734375,220.88999938964844,75.87999725341797,68.23451232910156,26.359548568725586,12.449999809265137
2024-05-16,514.802734375,40.75882339477539,104.68721008300781,43.609954833984375,140.57229614257812,121.41699981689453,87.24673461914062,73.84490203857422,33.88149642944336,43.7929801940918,83.83296203613281,220.02999877929688,76.25,68.07595825195312,26.424312591552734,12.420000076293945
2024-05-17,515.5427856445312,41.058380126953125,104.45545959472656,44.219970703125,140.8418426513672,121.55280303955078,87.69329833984375,73.66593170166016,33.90962219238281,44.16682815551758,83.26806640625,223.66000366210938,76.97000122070312,68.08477020263672,26.424312591552734,11.989999771118164
2024-05-20,516.1368408203125,40.497920989990234,105.68334197998047,43.93125915527344,140.5434112548828,121.78555297851562,87.04061126708984,73.15731048583984,33.85337448120117,44.2291374206543,83.02207946777344,224.55999755859375,76.7300033569336,68.12000274658203,26.461322784423828,12.149999618530273
2024-05-21,517.4024658203125,40.75882339477539,105.85594177246094,43.7170524597168,140.78407287597656,121.38793182373047,87.60005187988281,73.59058380126953,34.15806579589844,44.2291374206543,83.4502944946289,224.22999572753906,76.16000366210938,68.06713104248047,26.461322784423828,11.859999656677246
2024-05-22,515.912841796875,40.526912689208984,106.09263610839844,42.87884521484375,141.0343475341797,121.53339385986328,86.68730163574219,73.29859924316406,33.75493240356445,43.79776382446289,83.55050659179688,220.11000061035156,74.87000274658203,67.91737365722656,26.544593811035156,12.289999961853027
2024-05-23,512.1444091796875,39.966453552246094,105.22966003417969,42.48768615722656,139.49417114257812,120.0979995727539,85.28382110595703,72.43204498291016,33.18305587768555,43.4095458984375,83.01293182373047,215.72000122070312,74.44999694824219,67.67949676513672,26.600107192993164,12.770000457763672
2024-05-24,515.5330200195312,40.20802688598633,106.11730194091797,42.548221588134766,139.02247619628906,120.70899963378906,86.14259338378906,72.62042236328125,33.515872955322266,43.788177490234375,83.25896453857422,215.9199981689453,75.3499984741211,67.91737365722656,26.516836166381836,11.930000305175781
2024-05-28,515.893310546875,39.76352310180664,106.56605529785156,42.98594665527344,137.33787536621094,119.23482513427734,85.93156433105469,72.05528259277344,33.48305892944336,43.62042999267578,82.06537628173828,218.19000244140625,77.66000366210938,67.64425659179688,26.479827880859375,12.920000076293945
2024-05-29,512.28076171875,39.444637298583984,105.89045715332031,42.22690200805664,136.2693634033203,117.5472640991211,85.36724853515625,71.5372543334961,33.05180740356445,42.99734878540039,81.072265625,216.16000366210938,76.56999969482422,67.4416275024414,26.62786293029785,14.279999732971191
2024-05-30,508.8824157714844,39.6572380065918,103.47411346435547,42.34798812866211,136.3367462158203,118.35224151611328,85.8727035522461,71.72562408447266,33.49711990356445,43.34723663330078,81.85581970214844,216.57000732421875,75.52999877929688,67.71473693847656,26.544593811035156,14.470000267028809
2024-05-31,513.5174560546875,40.23701858520508,103.63684844970703,43.400386810302734,138.3293914794922,119.78765106201172,86.35360717773438,72.84647369384766,34.08774948120117,43.86966323852539,82.4115982055664,215.3000030517578,74.81999969482422,67.95259857177734,26.52608871459961,12.920000076293945
2024-06-03,513.9360961914062,39.98577880859375,103.89820861816406,42.264163970947266,139.30165100097656,118.3231430053711,86.3143539428711,72.8182144165039,33.69868469238281,43.61083984375,83.74456787109375,217.22000122070312,71.83000183105469,68.16327667236328,26.387304306030273,13.109999656677246
2024-06-04,514.5106811523438,39.80217742919922,104.11518096923828,41.85902404785156,139.7059326171875,118.03219604492188,86.40269470214844,73.44929504394531,33.68462371826172,43.12675857543945,84.72280883789062,215.27000427246094,71.08999633789062,68.12785339355469,26.396556854248047,13.15999984741211
2024-06-05,520.6256103515625,39.91813659667969,106.42798614501953,41.8543701171875,140.34127807617188,119.22512817382812,86.90813446044922,73.28916931152344,33.492435455322266,43.423919677734375,85.34451293945312,217.82000732421875,71.88999938964844,68.34917449951172,26.43356704711914,12.630000114440918
2024-06-06,520.615966796875,39.898807525634766,106.07292175292969,42.07323455810547,140.80335998535156,118.51712036132812,87.54116821289062,73.5152359008789,33.14555740356445,43.47184753417969,85.21651458740234,219.42999267578125,73.26000213623047,68.23408508300781,26.396556854248047,12.579999923706055
2024-06-07,519.9830322265625,40.082401275634766,106.31948852539062,41.90559768676758,140.95736694335938,118.6432113647461,87.18292999267578,73.14790344238281,32.78461837768555,43.03569793701172,83.65316772460938,211.60000610351562,73.0199966430664,68.05706024169922,26.618610382080078,12.220000267028809
2024-06-10,521.589599609375,39.927799224853516,106.59070587158203,42.22225570678711,141.47718811035156,119.01176452636719,87.46266174316406,73.09136962890625,33.20649337768555,42.99256134033203,83.09547424316406,213.5399932861328,75.45999908447266,68.11900329589844,26.68337631225586,12.739999771118164
2024-06-11,522.8458251953125,39.473628997802734,108.57310485839844,42.138427734375,140.8899688720703,118.33285522460938,87.23200988769531,73.05369567871094,33.00493240356445,42.97817611694336,83.9548568725586,214.14999389648438,75.51000213623047,68.20753479003906,26.72038459777832,12.850000381469727
2024-06-12,527.1399536132812,39.43498229980469,110.97467041015625,41.686729431152344,140.59153747558594,119.45789337158203,88.1398696899414,72.25308990478516,32.789306640625,43.059654235839844,84.58567810058594,214.72000122070312,75.9800033569336,68.48191833496094,26.600107192993164,12.039999961853027
2024-06-13,528.2012939453125,39.405982971191406,111.85244750976562,41.30488204956055,140.4760284423828,118.69169616699219,88.20856475830078,72.3472671508789,32.86429977416992,43.0452766418457,85.82903289794922,212.97000122070312,75.73999786376953,68.47306060791016,26.701879501342773,11.9399995803833
2024-06-14,528.522705078125,39.28037643432617,112.27159881591797,40.99754333496094,140.4279327392578,117.49877166748047,87.51171875,72.4791488647461,32.78461837768555,42.64746856689453,86.5512924194336,215.72999572753906,76.08000183105469,68.20753479003906,26.822158813476562,12.65999984741211
2024-06-17,532.7291870117188,39.62824630737305,113.97290802001953,41.10464096069336,140.28350830078125,118.79839324951172,89.04771423339844,73.16671752929688,32.42367935180664,42.96379852294922,85.6919174194336,214.61000061035156,77.79000091552734,68.25177001953125,26.75739288330078,12.75
2024-06-18,534.0826416015625,39.879478454589844,114.11592102050781,41.27694320678711,140.46641540527344,119.4384994506836,88.74835205078125,73.26091766357422,32.437740325927734,42.915870666503906,86.47816467285156,215.47000122070312,78.66999816894531,68.4642105102539,26.748140335083008,12.300000190734863
2024-06-20,532.6317138671875,40.092071533203125,112.83377838134766,42.035980224609375,140.928466796875,119.5160903930664,88.86123657226562,73.1008071899414,32.718990325927734,42.959007263183594,85.90219116210938,218.16000366210938,79.41000366210938,68.41996765136719,26.859169006347656,13.279999732971191
2024-06-21,531.9176025390625,39.93745803833008,112.63652801513672,41.79383850097656,141.32315063476562,119.263916015625,89.61205291748047,73.15731048583984,32.52680587768555,42.96379852294922,85.90219116210938,214.77999877929688,78.6500015258789,68.49962615966797,26.923933029174805,13.199999809265137
2024-06-24,530.1885986328125,40.34782791137695,109.87506866455078,42.84765625,142.14749145507812,119.77095794677734,89.22944641113281,73.93740844726562,32.954444885253906,43.24070739746094,86.24959564208984,215.6300048828125,79.69999694824219,68.42879486083984,26.831411361694336,13.329999923706055
2024-06-25,532.2302856445312,40.04708480834961,111.89058685302734,42.946231842041016,141.7029266357422,118.74909210205078,88.87043762207031,73.462890625,32.642574310302734,42.69171142578125,86.39588165283203,214.55999755859375,78.9000015258789,68.51734161376953,26.859169006347656,12.84000015258789
2024-06-26,532.8944702148438,39.79485321044922,111.76215362548828,42.523765563964844,141.20042419433594,118.42792510986328,90.15892028808594,73.3110580444336,32.50553894042969,42.662811279296875,85.1616439819336,212.5800018310547,78.75,68.36685180664062,26.988697052001953,12.550000190734863
2024-06-27,533.7346801757812,39.74634552001953,111.81649017333984,42.62234115600586,140.96849060058594,118.55445861816406,90.70970916748047,72.99787139892578,32.56224822998047,42.54242706298828,85.4999008178711,214.99000549316406,79.91999816894531,68.44649505615234,26.951688766479492,12.239999771118164
2024-06-28,531.6343383789062,39.88216781616211,111.7572021484375,42.78664016723633,140.85252380371094,118.6031265258789,89.70154571533203,72.67522430419922,32.19839096069336,42.52796936035156,83.90914916992188,215.00999450683594,79.58999633789062,68.2783432006836,26.951688766479492,12.4399995803833
2024-07-01,532.7285766601562,39.969478607177734,112.60194396972656,42.81010437011719,140.06007385253906,117.32823181152344,90.00646209716797,72.16275024414062,31.976301193237305,41.873023986816406,82.46097564697266,215.57000732421875,81.54000091552734,68.2649917602539,26.960941314697266,12.220000267028809
2024-07-02,536.3136596679688,40.43513488769531,113.16510772705078,42.777244567871094,139.54788208007812,117.97053527832031,91.7572250366211,72.66573333740234,32.141685485839844,41.95008087158203,83.10296630859375,215.55999755859375,81.11000061035156,68.45185089111328,26.923933029174805,12.029999732971191
2024-07-03,538.7069702148438,40.309024810791016,114.69154357910156,42.96501159667969,138.48484802246094,118.39875030517578,92.34244537353516,72.54235076904297,32.335426330566406,42.26310729980469,84.19437408447266,217.99000549316406,81.2699966430664,68.69209289550781,26.81290626525879,12.09000015258789
2024-07-05,541.8134155273438,40.299320220947266,115.04230499267578,42.293758392333984,139.5575714111328,117.97053527832031,93.0948715209961,73.43441772460938,32.39213180541992,42.330528259277344,84.89139556884766,220.92999267578125,81.30999755859375,68.896728515625,26.72038459777832,12.479999542236328
2024-07-08,542.4386596679688,40.19261169433594,115.8277587890625,42.035579681396484,139.40293884277344,118.11651611328125,93.13912200927734,73.3205337524414,32.42521286010742,42.45573806762695,85.0748519897461,218.19000244140625,80.41999816894531,68.87895965576172,26.766645431518555,12.369999885559082
2024-07-09,542.9661254882812,40.503047943115234,115.73388671875,41.66474914550781,140.0793914794922,117.60071563720703,93.44895935058594,73.1307373046875,32.519710540771484,42.0223274230957,84.69881439208984,218.55999755859375,79.7699966430664,68.79887390136719,26.803653717041016,12.510000228881836
2024-07-10,548.3389892578125,40.65827178955078,117.41348266601562,41.94639587402344,141.40338134765625,118.65177917480469,94.15221405029297,73.45340728759766,32.82686233520508,42.585758209228516,84.96478271484375,219.36000061035156,80.4800033569336,68.95903015136719,26.775897979736328,12.850000381469727
2024-07-11,543.61083984375,40.97841262817383,114.47419738769531,42.3829345703125,142.39877319335938,120.16022491455078,92.9571762084961,73.17819213867188,33.42698287963867,43.16847229003906,85.79022216796875,223.25,80.94000244140625,69.2081527709961,26.637115478515625,12.920000076293945
2024-07-12,547.0396728515625,41.11423110961914,115.49678039550781,42.49091339111328,143.287841796875,120.85118103027344,94.17188262939453,73.5008544921875,33.67269515991211,43.58262634277344,86.15705871582031,223.11000061035156,80.25,69.38612365722656,26.544593811035156,12.460000038146973
2024-07-15,548.5441284179688,41.715721130371094,115.70425415039062,43.133995056152344,142.7853240966797,121.71732330322266,94.06369018554688,73.07379913330078,32.85520935058594,43.47186279296875,85.16656494140625,223.8300018310547,80.12000274658203,69.39502716064453,26.590852737426758,13.119999885559082
2024-07-16,551.7969970703125,42.191078186035156,115.31893157958984,43.32646179199219,144.8244171142578,124.75370788574219,95.75051879882812,73.77606201171875,33.110382080078125,44.31462097167969,86.3680419921875,228.2899932861328,79.05999755859375,69.66197204589844,26.590852737426758,13.1899995803833
2024-07-17,544.0602416992188,42.51122283935547,110.83343505859375,43.7583122253418,145.48155212402344,123.15766143798828,94.15221405029297,74.7250747680664,33.129276275634766,44.223121643066406,86.38636016845703,227.22999572753906,80.62000274658203,69.58189392089844,26.4705753326416,14.479999542236328
2024-07-18,539.879150390625,41.99705505371094,110.84330749511719,43.83810806274414,142.17648315429688,122.19420623779297,93.19322967529297,74.35496520996094,33.10093307495117,43.78488540649414,85.72601318359375,225.77999877929688,79.9000015258789,69.43951416015625,26.590852737426758,15.930000305175781
2024-07-19,536.2940673828125,41.570194244384766,109.109375,43.359317779541016,142.9012908935547,121.52269744873047,92.36210632324219,74.10820770263672,33.13873291015625,43.39480972290039,85.2215805053711,221.72999572753906,78.0,69.38612365722656,26.664871215820312,16.520000457763672
2024-07-22,541.8232421875,41.80303192138672,111.6929931640625,43.087059020996094,143.72271728515625,122.7586441040039,93.38011169433594,74.1556625366211,33.41753005981445,43.53928756713867,84.97393035888672,221.8000030517578,77.62000274658203,69.64415740966797,26.646366119384766,14.90999984741211
2024-07-23,540.9732666015625,41.88064193725586,111.24839782714844,42.40171813964844,143.6357421875,122.52508544921875,92.96208953857422,73.88995361328125,33.209617614746094,43.712650299072266,84.85470581054688,222.5800018310547,76.62000274658203,69.65306091308594,26.692628860473633,14.720000267028809
2024-07-24,528.7135620117188,41.30826187133789,106.64433288574219,42.40641403198242,144.83409118652344,119.88773345947266,89.16059875488281,73.8235092163086,33.582916259765625,43.154022216796875,83.93756866455078,221.8000030517578,76.80999755859375,69.43062591552734,26.68337631225586,18.040000915527344
2024-07-25,525.958740234375,41.46348190307617,105.50320434570312,43.13869857788086,144.1092529296875,120.85118103027344,88.8114242553711,73.73810577392578,33.30412292480469,43.2744140625,84.62543487548828,218.3300018310547,77.45999908447266,69.43951416015625,26.68337631225586,18.459999084472656
2024-07-26,531.849365234375,42.11347198486328,106.84192657470703,43.274818420410156,144.92105102539062,122.91437530517578,89.80482482910156,74.48783111572266,33.630165100097656,43.98232650756836,85.2857666015625,220.6300048828125,76.11000061035156,69.66197204589844,26.664871215820312,16.389999389648438
2024-07-29,532.161865234375,42.055259704589844,106.36769104003906,42.903987884521484,145.00804138183594,122.70025634765625,91.30477905273438,74.51628875732422,33.781375885009766,44.05938720703125,85.74434661865234,220.32000732421875,75.19000244140625,69.59967803955078,26.738889694213867,16.600000381469727
2024-07-30,529.4657592773438,42.54032516479492,103.69515228271484,43.57054901123047,145.1336669921875,123.06033325195312,90.79823303222656,74.01332092285156,33.956214904785156,43.914913177490234,86.07450866699219,222.52000427246094,74.45999908447266,69.6352767944336,26.75739288330078,17.690000534057617
2024-07-31,538.0718994140625,42.43361282348633,108.08680725097656,43.75361633300781,144.60215759277344,124.43254852294922,92.20474243164062,73.88046264648438,34.39566421508789,44.372406005859375,86.95500946044922,226.5500030517578,77.73999786376953,69.88442993164062,26.609357833862305,16.360000610351562
2024-08-01,530.4523315429688,41.832130432128906,104.05577850341797,42.59417724609375,146.0807342529297,122.12606811523438,89.94253540039062,74.5637435913086,35.014686584472656,44.1942253112793,87.7049789428711,225.77000427246094,76.29000091552734,69.73147583007812,26.701879501342773,18.59000015258789
2024-08-02,520.5762329101562,40.803794860839844,101.13130187988281,41.49576187133789,145.79080200195312,119.4400634765625,86.6328125,75.21856689453125,35.071388244628906,43.36109924316406,90.4379653930664,225.33999633789062,73.38999938964844,69.49888610839844,26.43356704711914,23.389999389648438
2024-08-05,505.4151306152344,39.6202278137207,97.76223754882812,40.58041763305664,141.89620971679688,117.36717224121094,84.18372344970703,73.73810577392578,34.145233154296875,42.393131256103516,90.91649627685547,222.47999572753906,73.22000122070312,69.069580078125,26.28553009033203,38.56999969482422
2024-08-06,510.0747985839844,40.26051712036133,99.0910873413086,40.82919692993164,142.55337524414062,118.7782974243164,85.11320495605469,74.25056457519531,34.43347930908203,42.609840393066406,88.8828353881836,220.6999969482422,72.44999694824219,69.32897186279297,26.368799209594727,27.709999084472656
2024-08-07,506.6654052734375,40.309024810791016,97.48560333251953,40.993499755859375,141.10377502441406,118.2041015625,83.62802124023438,74.32648468017578,34.62721252441406,42.03194808959961,88.257080078125,220.5500030517578,74.69000244140625,69.46312713623047,26.424312591552734,27.850000381469727
2024-08-08,518.3782348632812,40.959014892578125,101.12635803222656,41.87598419189453,144.22525024414062,120.92906188964844,85.45252227783203,75.00028991699219,34.665016174316406,42.68207931518555,87.71415710449219,224.00999450683594,75.36000061035156,69.74935913085938,26.461322784423828,23.790000915527344
2024-08-09,520.6641235351562,41.13364028930664,101.58084869384766,41.9698600769043,144.9403839111328,120.9485092163086,85.73776245117188,75.11417388916016,34.783138275146484,42.64836883544922,88.57916259765625,224.55999755859375,76.22000122070312,69.74040222167969,26.43356704711914,20.3700008392334
2024-08-12,520.9376831054688,40.92020797729492,102.41075897216797,42.1764030456543,144.3895263671875,120.33540344238281,85.3984375,74.73456573486328,34.84457778930664,42.46055221557617,88.90123748779297,228.41000366210938,78.62999725341797,69.7851333618164,26.43356704711914,20.709999084472656
2024-08-13,529.5048217773438,41.25975799560547,105.55752563476562,41.76802062988281,146.1387176513672,121.60054779052734,87.5376968383789,75.07621765136719,35.047760009765625,42.884342193603516,89.51778411865234,228.05999755859375,77.63999938964844,70.10711669921875,26.294782638549805,18.1200008392334
2024-08-14,531.17529296875,41.76422119140625,106.1355209350586,42.012107849121094,146.6605682373047,122.09687805175781,87.07050323486328,75.41785430908203,35.02413558959961,42.884342193603516,90.07909393310547,226.1999969482422,76.58999633789062,70.23236846923828,26.322540283203125,16.190000534057617
2024-08-15,540.27978515625,42.15227508544922,109.18842315673828,42.51437759399414,147.5786590576172,123.7415771484375,89.84909057617188,76.196044921875,35.019412994384766,43.563358306884766,89.35211944580078,226.91000366210938,77.41000366210938,70.29495239257812,26.41506004333496,15.229999542236328
2024-08-16,541.4910278320312,42.462711334228516,109.3711929321289,42.467437744140625,147.73324584960938,123.56640625,90.0605697631836,76.40483093261719,35.175350189208984,43.616336822509766,89.66500854492188,231.99000549316406,76.31999969482422,70.51856994628906,26.28553009033203,14.800000190734863
2024-08-19,546.66845703125,42.69554138183594,111.1742935180664,42.75377655029297,148.63204956054688,124.31576538085938,91.16707611083984,76.66106414794922,35.40688705444336,43.82341384887695,90.07909393310547,231.61000061035156,74.37999725341797,70.63484954833984,26.146747589111328,14.649999618530273
2024-08-20,545.7794799804688,42.559730529785156,110.7840347290039,41.62718963623047,149.231201171875,123.97514343261719,91.08348083496094,77.04066467285156,35.3312873840332,43.664493560791016,90.7968521118164,232.4600067138672,73.83000183105469,70.57225799560547,26.05422592163086,15.880000114440918
2024-08-21,547.655029296875,42.4918212890625,111.43611145019531,41.697608947753906,149.48245239257812,124.7245101928711,92.23423767089844,77.56261444091797,35.581729888916016,44.16533279418945,90.85208892822266,232.14999389648438,72.5999984741211,70.73326110839844,25.97095489501953,16.270000457763672
2024-08-22,543.3568725585938,42.734352111816406,108.87225341796875,41.80556869506836,149.5791015625,124.56880187988281,90.64085388183594,77.44873809814453,35.5391960144043,44.073829650878906,89.95027923583984,229.3699951171875,73.58000183105469,70.6438217163086,26.09123420715332,17.549999237060547
2024-08-23,549.1301879882812,43.103004455566406,110.63583374023438,42.42988586425781,150.22657775878906,125.81448364257812,92.39160919189453,77.66700744628906,35.638427734375,44.65653991699219,90.53919982910156,232.02000427246094,75.55000305175781,71.01949310302734,25.869178771972656,15.859999656677246
2024-08-26,547.8211669921875,43.23882293701172,109.2477035522461,42.81010437011719,150.14926147460938,125.67823028564453,91.67362213134766,78.21744537353516,35.86997604370117,44.85398483276367,90.30915069580078,232.75999450683594,77.83000183105469,70.87635803222656,25.924694061279297,16.149999618530273
2024-08-27,548.5733642578125,43.46194839477539,109.90966033935547,42.41110610961914,150.38119506835938,125.75608825683594,91.43264770507812,78.40724182128906,35.58645248413086,44.858802795410156,90.15274047851562,233.38999938964844,76.48999786376953,70.92108917236328,25.84142303466797,15.430000305175781
2024-08-28,545.3887939453125,43.568668365478516,108.39308166503906,42.13884353637695,150.55516052246094,125.69770050048828,90.54743957519531,78.07508850097656,35.58645248413086,44.66617202758789,90.04230499267578,231.75,75.4800033569336,70.88529968261719,25.989459991455078,17.110000610351562
2024-08-29,545.4376220703125,43.956722259521484,107.41496276855469,42.68806076049805,150.87405395507812,126.58330535888672,90.65560913085938,77.68599700927734,35.78019332885742,44.91177749633789,89.7478256225586,232.9499969482422,76.7699966430664,70.95687866210938,26.081981658935547,15.649999618530273
2024-08-30,550.6444091796875,44.373878479003906,108.84261322021484,42.84765625,151.9177703857422,127.93603515625,92.02278137207031,78.30284118652344,36.049537658691406,45.402976989746094,88.79080200195312,231.2899932861328,74.33999633789062,70.96581268310547,26.1560001373291,15.0
2024-09-03,539.3126220703125,44.044036865234375,103.8433609008789,41.782100677490234,151.62786865234375,125.10404205322266,90.7588882446289,78.85326385498047,35.99755859375,44.372406005859375,90.2430191040039,230.2899932861328,71.08999633789062,70.71416473388672,26.202259063720703,20.719999313354492
2024-09-04,538.2088012695312,44.09254455566406,103.57659149169922,41.2047233581543,151.36692810058594,125.23056030273438,90.99494934082031,79.223388671875,36.30470657348633,44.18941116333008,91.40625,230.42999267578125,69.61000061035156,70.97480773925781,26.072731018066406,21.31999969482422
2024-09-05,536.8997192382812,43.60747528076172,103.41851043701172,40.885520935058594,149.28916931152344,123.77076721191406,92.02769470214844,78.91969299316406,36.21492004394531,43.842674255371094,91.92322540283203,232.35000610351562,69.88999938964844,71.21744537353516,26.03571891784668,19.899999618530273
2024-09-06,527.8636474609375,42.967185974121094,100.7361068725586,40.37387466430664,148.7769775390625,122.5153579711914,89.70154571533203,78.75836944580078,35.86997604370117,43.28886032104492,91.91399383544922,230.6300048828125,68.93000030517578,71.1275863647461,26.072731018066406,22.3799991607666
2024-09-09,533.773681640625,43.60747528076172,102.38603973388672,40.66490173339844,149.82069396972656,124.39361572265625,91.00970458984375,79.36573028564453,36.23382568359375,43.70783233642578,92.31097412109375,231.60000610351562,69.2699966430664,71.29837036132812,26.18375587463379,19.450000762939453
2024-09-10,536.0986938476562,43.16122055053711,103.91744995117188,39.96548843383789,150.50685119628906,124.60771179199219,92.05229187011719,79.34676361083984,36.403934478759766,43.72710037231445,92.95722961425781,232.6199951171875,66.95999908447266,71.16353607177734,26.193008422851562,19.079999923706055
2024-09-11,541.5985107421875,42.95748519897461,107.46436309814453,39.59465408325195,150.06228637695312,124.83155059814453,92.97191619873047,78.60652923583984,36.517337799072266,43.83304214477539,92.88337707519531,232.25,67.8499984741211,71.27140045166016,26.220766067504883,17.690000534057617
2024-09-12,546.16064453125,43.054500579833984,108.35356140136719,39.95140838623047,150.60350036621094,125.79500579833984,94.01942443847656,79.09052276611328,36.59767150878906,44.23756790161133,92.44945526123047,236.3300018310547,69.88999938964844,71.37025451660156,26.109737396240234,17.06999969482422
2024-09-13,549.012939453125,43.18061828613281,108.89696502685547,40.17671585083008,150.9127197265625,127.06990814208984,94.65874481201172,79.65043640136719,37.112735748291016,44.637271881103516,92.69872283935547,238.67999267578125,69.83999633789062,71.5679702758789,26.072731018066406,16.559999465942383
2024-09-16,549.8238525390625,43.743289947509766,108.48200225830078,40.63674545288086,151.95645141601562,127.72193145751953,94.49644470214844,79.963623046875,37.39625549316406,45.05143356323242,93.54806518554688,238.66000366210938,70.87999725341797,71.74771881103516,25.989459991455078,17.139999389648438
2024-09-17,550.0485229492188,43.976131439208984,108.26957702636719,41.18594741821289,150.390869140625,128.42263793945312,94.9784164428711,79.20440673828125,37.36790466308594,45.138118743896484,93.095703125,237.33999633789062,71.72000122070312,71.76568603515625,26.072731018066406,17.610000610351562
2024-09-18,548.4171142578125,43.840301513671875,107.2815933227539,41.26575469970703,150.13958740234375,128.3155975341797,94.79151916503906,78.90071868896484,37.08438491821289,44.94548416137695,91.94170379638672,235.50999450683594,70.66000366210938,71.8286361694336,26.100486755371094,18.229999542236328
2024-09-19,557.7755126953125,44.325374603271484,110.46785736083984,41.758628845214844,150.68077087402344,130.52471923828125,96.95046997070312,78.43570709228516,36.86701965332031,45.62450408935547,91.6370620727539,239.1699981689453,72.75,72.0443115234375,25.989459991455078,16.329999923706055
2024-09-20,556.8113403320312,44.296268463134766,109.92941284179688,41.66474914550781,150.06228637695312,129.60992431640625,96.72915649414062,78.81529998779297,37.840431213378906,45.30185317993164,91.28622436523438,242.2100067138672,72.91999816894531,72.13419342041016,26.03571891784668,16.149999618530273
2024-09-23,558.2027587890625,44.24271774291992,109.90912628173828,42.1792106628418,149.76837158203125,130.4798583984375,97.90448760986328,79.27230072021484,38.215789794921875,45.697540283203125,91.09233856201172,242.67999267578125,72.25,71.99938201904297,26.072731018066406,15.890000343322754
2024-09-24,559.7999267578125,43.872737884521484,110.66134643554688,42.07508850097656,149.46768188476562,131.4171600341797,98.761962890625,79.08148956298828,37.94462203979492,46.32154846191406,91.0738754272461,246.07000732421875,73.29000091552734,72.00836181640625,25.924694061279297,15.390000343322754
2024-09-25,558.5652465820312,43.60984420776367,110.97808074951172,41.25156784057617,148.01266479492188,130.8020782470703,98.40713500976562,78.88114166259766,38.14442825317383,46.011966705322266,90.31687927246094,245.72999572753906,71.4800033569336,71.92745971679688,26.100486755371094,15.40999984741211
2024-09-26,560.7798461914062,43.83378601074219,112.44789123535156,40.4422492980957,148.50738525390625,131.4562225341797,98.82601928710938,79.06241607666016,37.88277816772461,46.96489715576172,90.52918243408203,246.97999572753906,69.01000213623047,72.0443115234375,25.980207443237305,15.369999885559082
2024-09-27,559.9664916992188,43.960357666015625,111.39872741699219,41.26576614379883,148.42979431152344,131.64173889160156,98.97386932373047,79.20552062988281,38.258609771728516,46.88266372680664,91.00003051757812,245.02000427246094,70.2699966430664,72.22406768798828,25.97095489501953,16.959999084472656
2024-09-30,562.21044921875,44.12588119506836,111.725341796875,41.554473876953125,149.39979553222656,132.2373046875,98.74224853515625,79.18643951416016,38.42987060546875,46.6214485168457,90.56613159179688,243.05999755859375,69.91999816894531,72.1701431274414,26.072731018066406,16.729999542236328
2024-10-01,557.173828125,43.892208099365234,109.00348663330078,42.50104522705078,148.6140899658203,132.30564880371094,98.34308624267578,78.9193115234375,38.739097595214844,46.50536346435547,91.22000885009766,245.61000061035156,72.11000061035156,72.13402557373047,26.18375587463379,19.260000228881836
2024-10-02,557.4089965820312,43.940887451171875,109.81014251708984,42.936466217041016,148.31336975097656,132.0615692138672,97.51024627685547,78.25146484375,38.75813293457031,46.326377868652344,90.45127868652344,245.66000366210938,72.76000213623047,72.14306640625,26.294782638549805,18.899999618530273
2024-10-03,556.3900146484375,43.70720672607422,110.26544189453125,43.69371795654297,146.97476196289062,131.38787841796875,96.38174438476562,77.46914672851562,38.74386215209961,45.81363296508789,89.59918212890625,245.49000549316406,75.7300033569336,71.97144317626953,26.378053665161133,20.489999771118164
2024-10-04,561.4461059570312,44.44718551635742,111.49275207519531,44.10074996948242,147.0911865234375,132.30564880371094,97.65808868408203,77.72675323486328,38.6820068359375,46.03614807128906,88.49703216552734,245.0,76.3499984741211,71.89015197753906,26.52608871459961,19.209999084472656
2024-10-07,556.3704223632812,43.901939392089844,110.72567749023438,44.25693130493164,146.44126892089844,131.98342895507812,96.14026641845703,76.95394897460938,37.792388916015625,45.90070343017578,87.83016967773438,244.1699981689453,79.19999694824219,71.58309173583984,26.544593811035156,22.639999389648438
2024-10-08,561.63232421875,44.15509033203125,112.79430389404297,43.102115631103516,147.23666381835938,132.27635192871094,97.07659149169922,77.33556365966797,37.81141662597656,45.6878662109375,87.9783706665039,242.3699951171875,75.79000091552734,71.75469970703125,26.544593811035156,21.420000076293945
2024-10-09,565.5224609375,44.564022064208984,114.05625915527344,43.362422943115234,148.7401580810547,133.45773315429688,97.77143096923828,77.8030776977539,37.4879150390625,45.97809982299805,87.47823333740234,241.0500030517578,75.25,71.70955657958984,26.664871215820312,20.860000610351562
2024-10-10,564.53271484375,44.42771530151367,114.02657318115234,43.655860900878906,148.18728637695312,132.77430725097656,97.28849029541016,77.45960998535156,37.373741149902344,46.08451843261719,87.13553619384766,242.82000732421875,77.7699966430664,71.67343139648438,26.65561866760254,20.93000030517578
2024-10-11,567.9132690429688,45.284523010253906,114.22452545166016,43.925628662109375,149.27366638183594,135.14682006835938,96.8745346069336,77.88893127441406,37.70199203491211,46.38442611694336,86.78358459472656,245.47000122070312,77.48999786376953,71.86306762695312,26.674121856689453,20.459999084472656
2024-10-14,572.5579223632812,45.5668830871582,115.71414184570312,43.90670394897461,150.0981903076172,135.9571990966797,97.29834747314453,78.2037582397461,38.177730560302734,46.65047836303711,86.8484115600586,245.07000732421875,75.93000030517578,71.89921569824219,26.75739288330078,19.700000762939453
2024-10-15,568.1093139648438,45.664249420166016,113.17041778564453,42.491573333740234,148.26487731933594,134.91249084472656,97.51024627685547,78.69987487792969,38.3489990234375,46.602108001708984,87.90425872802734,245.9199981689453,72.76000213623047,71.88114166259766,26.775897979736328,20.639999389648438
2024-10-16,570.5784912109375,46.228965759277344,113.52178955078125,42.695091247558594,148.68197631835938,135.9571990966797,98.02275848388672,78.64263153076172,39.110172271728516,46.96489715576172,88.27474975585938,247.14999389648438,72.4000015258789,72.007568359375,26.84991455078125,19.579999923706055
2024-10-17,570.6275634765625,46.35554122924805,113.86820220947266,42.89860534667969,147.8186798095703,135.56668090820312,97.93405151367188,78.28961944580078,38.762882232666016,47.037452697753906,86.876220703125,248.6300048828125,72.62000274658203,71.89921569824219,26.933185577392578,19.110000610351562
2024-10-18,572.8224487304688,46.36527633666992,114.2740249633789,42.75661849975586,148.53648376464844,135.97674560546875,98.31843566894531,78.46135711669922,38.98647689819336,47.22610855102539,86.94104766845703,251.27000427246094,71.37999725341797,72.07080078125,26.859169006347656,18.030000686645508
2024-10-21,571.8817138671875,45.995296478271484,114.8084945678711,42.62883377075195,146.7904510498047,135.49832153320312,97.55461120605469,77.8030776977539,38.83424758911133,46.863319396972656,85.42210388183594,251.22000122070312,72.26000213623047,71.78179168701172,26.979446411132812,18.3700008392334
2024-10-22,571.5780029296875,45.90766143798828,114.6897201538086,42.72821807861328,146.57708740234375,133.85804748535156,97.16036987304688,78.24192810058594,38.696285247802734,46.432796478271484,85.50543975830078,253.92999267578125,73.9800033569336,71.68243408203125,27.0072021484375,18.200000762939453
2024-10-23,566.3553466796875,45.868717193603516,113.04669189453125,42.50577163696289,145.88836669921875,133.46751403808594,95.63267517089844,78.08928680419922,39.06735610961914,46.307037353515625,85.27389526367188,250.8699951171875,73.55000305175781,71.4656982421875,27.09972381591797,19.239999771118164
2024-10-24,567.5801391601562,45.90766143798828,113.3782730102539,42.50104522705078,144.92807006835938,132.5497283935547,98.64861297607422,77.98432159423828,38.815216064453125,45.7410774230957,85.82036590576172,252.8000030517578,73.05999755859375,71.67343139648438,26.99795150756836,19.079999923706055
2024-10-25,567.3840942382812,45.401363372802734,113.96717071533203,42.486839294433594,144.1326446533203,132.1982421875,98.9590835571289,77.33556365966797,38.23957443237305,45.450836181640625,85.3387222290039,253.32000732421875,74.2300033569336,71.60115814208984,27.090473175048828,20.329999923706055
2024-10-28,569.1381225585938,45.96607971191406,113.93254089355469,42.21707534790039,144.34605407714844,132.5887908935547,99.1906967163086,77.47869110107422,38.53929138183594,45.82814407348633,85.107177734375,253.3300018310547,70.43000030517578,71.78179168701172,27.090473175048828,19.799999237060547
2024-10-29,570.0592041015625,45.683719635009766,115.46669006347656,41.573402404785156,143.94834899902344,132.41302490234375,98.67325592041016,76.71543884277344,37.71626663208008,45.5330696105957,85.23686218261719,256.0899963378906,69.66000366210938,71.79985046386719,27.09972381591797,19.34000015258789
2024-10-30,568.334716796875,45.888187408447266,113.63066864013672,41.668060302734375,143.67677307128906,132.18850708007812,98.53527069091797,76.5914077758789,37.625877380371094,45.7797737121582,85.48694610595703,257.5,71.36000061035156,71.67343139648438,27.034957885742188,20.350000381469727
2024-10-31,557.1935424804688,45.25532150268555,109.98336791992188,41.92836380004883,142.46424865722656,130.66537475585938,97.02730560302734,76.43876647949219,38.0159797668457,45.175113677978516,85.62583923339844,253.50999450683594,73.08000183105469,71.47472381591797,27.016454696655273,23.15999984741211
2024-11-01,559.545166015625,45.41109848022461,110.80982208251953,41.663326263427734,143.30816650390625,130.84112548828125,98.60426330566406,76.46737670898438,37.169166564941406,45.049346923828125,84.41867065429688,252.47000122070312,72.0199966430664,71.47926330566406,27.127479553222656,21.8799991607666
2024-11-04,558.3399047851562,45.06058120727539,110.72567749023438,42.392189025878906,142.3672637939453,130.6946563720703,98.26422882080078,76.6772689819336,36.72673797607422,45.247676849365234,85.72900390625,252.8300018310547,74.29000091552734,71.678955078125,27.025707244873047,21.979999542236328
2024-11-05,565.09130859375,45.47925567626953,112.28457641601562,42.67615509033203,143.41485595703125,132.8817138671875,100.00381469726562,77.1638412475586,37.27859115600586,45.31539535522461,86.18435668945312,253.39999389648438,74.7300033569336,71.87864685058594,26.91468048095703,20.489999771118164
2024-11-06,579.1425170898438,48.24442672729492,115.4815444946289,44.28059768676758,143.5991668701172,138.08567810058594,103.20207977294922,75.90449523925781,36.89324951171875,45.93939971923828,83.82391357421875,245.6999969482422,74.54000091552734,72.00572204589844,27.349533081054688,16.270000457763672
2024-11-07,583.6205444335938,47.46550750732422,117.4957275390625,44.077083587646484,144.63706970214844,137.25576782226562,104.52772521972656,76.18116760253906,36.95984649658203,46.118377685546875,84.87403869628906,249.64999389648438,74.66000366210938,72.31432342529297,27.127479553222656,15.199999809265137
2024-11-08,586.148681640625,47.8939094543457,117.36705017089844,44.37051773071289,145.67495727539062,138.73004150390625,106.01104736328125,77.10660552978516,37.6686897277832,45.697540283203125,85.9520492553711,247.9600067138672,73.12999725341797,72.43231964111328,27.31252670288086,14.9399995803833
2024-11-11,586.7072143554688,48.575462341308594,116.71875762939453,44.62136459350586,144.8213653564453,139.80404663085938,108.14979553222656,76.83946990966797,37.77335739135742,45.49921417236328,85.53385162353516,242.13999938964844,70.94000244140625,72.35063171386719,27.46981430053711,14.970000267028809
2024-11-12,584.8847045898438,48.42942428588867,116.86720275878906,44.38471984863281,142.80377197265625,138.6031494140625,106.70588684082031,76.92533111572266,37.34043502807617,44.72525405883789,84.25140380859375,240.0500030517578,70.69000244140625,72.0601806640625,27.590091705322266,14.710000038146973
2024-11-13,585.1688232421875,48.4586296081543,116.46141052246094,44.73021697998047,142.4254608154297,138.89602661132812,107.6175765991211,77.15430450439453,37.273834228515625,44.83167266845703,83.45219421386719,237.6300048828125,70.7300033569336,72.07833099365234,27.747379302978516,14.020000457763672
2024-11-14,581.4061279296875,48.33205795288086,116.06550598144531,44.90060043334961,140.1847381591797,136.5527801513672,106.08988952636719,76.9635009765625,37.1453857421875,44.46403884887695,83.93544006347656,237.00999450683594,71.29000091552734,71.92400360107422,27.858407974243164,14.3100004196167
2024-11-15,573.9590454101562,48.555992126464844,113.18527221679688,44.8343391418457,137.5851593017578,135.82052612304688,105.18313598632812,76.28612518310547,37.70199203491211,44.15445327758789,83.71240997314453,236.58999633789062,69.75,71.91495513916016,27.830650329589844,16.139999389648438
2024-11-18,576.310791015625,48.70204162597656,113.55147552490234,45.43068313598633,137.68215942382812,135.635009765625,106.15396118164062,76.82038879394531,38.030250549316406,44.49789810180664,83.86109924316406,241.08999633789062,72.06999969482422,72.05107116699219,27.69186782836914,15.579999923706055
2024-11-19,578.41748046875,48.380733489990234,114.48187255859375,45.141971588134766,136.9740447998047,135.5178680419922,106.23280334472656,76.92533111572266,38.27287292480469,44.352783203125,84.28855895996094,243.25,72.30999755859375,72.16002655029297,27.682613372802734,16.350000381469727
2024-11-20,578.6134033203125,48.23469161987305,114.38289642333984,45.59633255004883,138.59396362304688,135.664306640625,105.7646484375,76.53417205810547,38.291908264160156,44.715576171875,84.01907348632812,244.6199951171875,72.0199966430664,72.14187622070312,27.821395874023438,17.15999984741211
2024-11-21,581.7196044921875,48.84809112548828,115.54586791992188,45.96549606323242,139.70944213867188,137.3631591796875,105.95191192626953,77.36418914794922,38.95793533325195,45.26218795776367,83.95401000976562,246.66000366210938,73.19999694824219,72.16908264160156,27.91391944885254,16.8700008392334
2024-11-22,583.5226440429688,49.393333435058594,115.60526275634766,46.03647994995117,139.83555603027344,139.2768096923828,107.47958374023438,78.0797348022461,38.74861145019531,45.51372528076172,84.0004653930664,249.83999633789062,74.25,72.15094757080078,28.061954498291016,15.239999771118164
2024-11-25,585.5020141601562,49.714637756347656,115.60031127929688,45.127777099609375,141.02867126464844,140.14576721191406,108.57852935791016,78.50906372070312,38.81996536254883,45.98293685913086,86.17508697509766,242.47999572753906,72.0999984741211,72.42324829101562,27.867658615112305,14.600000381469727
2024-11-26,588.5591430664062,49.812007904052734,116.1793212890625,45.066253662109375,141.78526306152344,140.31175231933594,108.9727783203125,78.83342742919922,39.43843460083008,45.63949203491211,85.84051513671875,242.9499969482422,71.61000061035156,72.28707885742188,27.904666900634766,14.100000381469727
2024-11-27,586.7757568359375,49.90937042236328,114.60559844970703,45.01892852783203,142.5418701171875,139.79428100585938,108.43561553955078,78.99563598632812,39.43843460083008,45.61531066894531,86.43529510498047,243.49000549316406,71.72000122070312,72.50492858886719,27.66411018371582,14.100000381469727
2024-11-29,590.4208374023438,49.98726272583008,115.66959381103516,45.21297073364258,142.98806762695312,140.5851287841797,109.54934692382812,79.39633178710938,39.452701568603516,45.847496032714844,87.32740783691406,245.58999633789062,71.61000061035156,72.65016174316406,27.617849349975586,13.510000228881836
2024-12-02,591.4791259765625,49.490699768066406,116.76823425292969,44.734954833984375,142.7358856201172,139.55018615722656,110.50538635253906,79.3009262084961,38.60589599609375,45.81847381591797,87.53724670410156,243.44000244140625,71.04000091552734,72.62371063232422,27.78438949584961,13.34000015258789
2024-12-03,591.7535400390625,49.12070846557617,117.18889617919922,44.73021697998047,142.41578674316406,138.67147827148438,110.42160034179688,78.89067840576172,38.27287292480469,45.67335510253906,86.78189086914062,243.92999267578125,73.04000091552734,72.62371063232422,27.775136947631836,13.300000190734863
2024-12-04,595.4279174804688,48.93571853637695,119.33175659179688,43.651126861572266,142.33816528320312,139.2768096923828,111.44661712646484,78.67124938964844,38.268123626708984,45.22832489013672,87.71443176269531,244.6699981689453,71.87999725341797,72.79693603515625,27.76588249206543,13.449999809265137
2024-12-05,594.4481201171875,49.081764221191406,118.72798919677734,43.821510314941406,140.74737548828125,137.58770751953125,112.35830688476562,78.98609924316406,38.38705062866211,44.63334655761719,87.8916015625,242.86000061035156,71.47000122070312,72.7331314086914,27.617849349975586,13.539999961853027
2024-12-06,595.5750732421875,49.0720329284668,119.18821716308594,43.078453063964844,139.95196533203125,137.23622131347656,114.72374725341797,78.59491729736328,37.911319732666016,44.45920181274414,88.02215576171875,242.9499969482422,70.23999786376953,72.85166931152344,27.69186782836914,12.770000457763672
2024-12-09,592.5079956054688,48.40020751953125,118.41126251220703,43.00746154785156,140.35935974121094,136.0450897216797,114.35906982421875,78.47089385986328,37.435585021972656,44.44952392578125,87.2108383178711,245.36000061035156,71.16999816894531,72.760498046875,27.738126754760742,14.1899995803833
2024-12-10,590.6658325195312,48.390472412109375,116.76823425292969,42.71402359008789,139.77737426757812,135.71311950683594,114.54633331298828,78.84298706054688,37.1644172668457,43.99481964111328,86.80054473876953,248.58999633789062,71.4000015258789,72.79693603515625,27.802892684936523,14.180000305175781
2024-12-11,595.2319946289062,48.48783493041992,118.46074676513672,42.78501892089844,137.87615966796875,135.40066528320312,116.55695343017578,78.24192810058594,36.93130111694336,43.84003448486328,85.97990417480469,250.9600067138672,73.33000183105469,72.815185546875,27.895414352416992,13.579999923706055
2024-12-12,592.1651000976562,48.27363967895508,117.7975845336914,42.439517974853516,136.780029296875,134.53172302246094,115.59105682373047,78.47089385986328,36.91227340698242,43.5352897644043,84.93547058105469,247.27999877929688,73.20999908447266,72.61459350585938,27.98793601989746,13.920000076293945
2024-12-13,592.0474853515625,48.23469161987305,118.3023910522461,42.226539611816406,136.7606658935547,134.18026733398438,116.04937744140625,78.27054595947266,36.93606185913086,43.16281509399414,84.06822967529297,244.2899932861328,74.20999908447266,72.40489959716797,27.997190475463867,13.8100004196167
2024-12-16,594.5755004882812,48.147064208984375,119.48515319824219,41.29889678955078,135.13104248046875,134.2974090576172,117.62139129638672,77.86029815673828,36.6411018371582,42.780677795410156,84.31997680664062,244.8800048828125,73.69999694824219,72.54166412353516,27.950927734375,14.6899995803833
2024-12-17,592.1258544921875,47.8062858581543,118.76261901855469,40.991268157958984,135.03404235839844,133.0671844482422,117.9909896850586,77.72675323486328,36.48887634277344,42.54364776611328,84.52516174316406,243.94000244140625,73.30000305175781,72.38664245605469,27.97868537902832,15.869999885559082
2024-12-18,574.4784545898438,46.37501525878906,114.93222045898438,39.7796516418457,133.20074462890625,129.3082733154297,112.67369842529297,76.54371643066406,35.62778854370117,41.33433532714844,83.46822357177734,239.25999450683594,72.94000244140625,71.64337158203125,28.302513122558594,27.6200008392334
2024-12-19,574.3020629882812,46.54052734375,115.05593872070312,39.43415069580078,132.19195556640625,129.14227294921875,112.52092742919922,75.9999008178711,35.78954315185547,40.88930892944336,82.20439147949219,239.60000610351562,72.61000061035156,71.5700454711914,28.3580265045166,24.09000015258789
2024-12-20,581.2000122070312,47.23183059692383,116.773193359375,39.82225036621094,133.8603515625,130.65562438964844,112.80675506591797,76.26703643798828,36.36042785644531,41.39722442626953,82.6724624633789,242.10000610351562,73.0999984741211,72.01913452148438,28.219242095947266,18.360000610351562
2024-12-23,584.6803588867188,47.345252990722656,118.01043701171875,40.05610656738281,135.19723510742188,130.6261749267578,113.14891052246094,75.8652114868164,36.48418426513672,41.36513137817383,81.91417694091797,240.9600067138672,73.05999755859375,71.8266830444336,28.322710037231445,16.780000686645508
2024-12-24,591.1791381835938,47.9025993347168,119.22985076904297,40.39495849609375,135.75262451171875,131.64669799804688,115.76569366455078,76.3650894165039,36.68564224243164,41.58879852294922,82.26057434082031,241.44000244140625,73.6500015258789,72.05579376220703,28.400068283081055,14.270000457763672
2024-12-26,591.2184448242188,48.01993179321289,119.30917358398438,40.36154556274414,136.02545166015625,131.74484252929688,115.3361587524414,76.60540008544922,36.59930419921875,41.52559280395508,82.21376037597656,243.07000732421875,73.12999725341797,72.23910522460938,28.34204864501953,14.729999542236328
2024-12-27,584.9950561523438,47.66792678833008,117.72294616699219,40.356773376464844,135.39208984375,130.76353454589844,113.43033599853516,76.23049926757812,36.493778228759766,41.301918029785156,81.53973388671875,241.39999389648438,73.8499984741211,71.99165344238281,28.293699264526367,15.949999809265137
2024-12-30,578.3192138671875,47.20835876464844,116.22594451904297,40.35200500488281,133.72589111328125,129.44866943359375,111.60845947265625,75.33650207519531,36.34027862548828,40.74759292602539,82.19503784179688,240.6300048828125,74.81999969482422,72.09246826171875,28.322710037231445,17.399999618530273
2024-12-31,576.21533203125,47.25725173950195,115.25933074951172,40.88176345825195,134.0474395751953,129.29165649414062,110.76911163330078,75.56721496582031,36.306697845458984,40.91291427612305,81.75503540039062,242.1300048828125,75.55000305175781,72.08329010009766,28.448415756225586,17.350000381469727
2025-01-02,574.7994995117188,47.13991165161133,114.9866943359375,41.35901641845703,134.08641052246094,128.84027099609375,109.31258392333984,75.33650207519531,36.58491134643555,40.4607048034668,81.9797134399414,245.4199981689453,76.93000030517578,72.25741577148438,28.690160751342773,17.93000030517578
2025-01-03,581.9864501953125,47.51148223876953,116.86042785644531,41.7455940246582,135.40182495117188,130.23367309570312,111.5245132446289,75.29805755615234,36.973453521728516,40.45098114013672,81.71760559082031,243.49000549316406,77.91999816894531,72.36740112304688,28.603132247924805,16.1299991607666
2025-01-06,585.339111328125,47.36480712890625,118.3475112915039,41.554691314697266,135.46029663085938,129.94908142089844,111.96395111083984,74.5097885131836,36.56093215942383,40.7232780456543,81.35249328613281,243.19000244140625,77.30000305175781,72.49571990966797,28.41940689086914,16.040000915527344
2025-01-07,578.7223510742188,47.25725173950195,115.97313690185547,41.96990203857422,136.1326446533203,129.821533203125,109.79644775390625,74.25025177001953,36.469791412353516,40.69896697998047,80.43505859375,244.55999755859375,78.16999816894531,72.25741577148438,28.525774002075195,17.81999969482422
2025-01-08,579.56787109375,47.413700103759766,115.93348693847656,42.01285171508789,136.83419799804688,130.33181762695312,110.10751342773438,74.38482666015625,36.46019744873047,40.92264175415039,80.53804016113281,245.86000061035156,77.30000305175781,72.34909057617188,28.63214111328125,17.700000762939453
2025-01-10,570.7192993164062,46.26966857910156,113.40542602539062,42.184661865234375,136.06442260742188,128.8697052001953,109.02623748779297,73.38507080078125,36.25394058227539,40.50447082519531,80.0044174194336,248.2100067138672,80.63999938964844,71.97332000732422,28.77718734741211,19.540000915527344
2025-01-13,571.6043090820312,46.60211944580078,112.60240173339844,43.07236099243164,137.83782958984375,130.380859375,109.64339447021484,73.51005554199219,35.831817626953125,41.40888977050781,79.97632598876953,245.74000549316406,82.2300033569336,71.9549789428711,28.864215850830078,19.190000534057617
2025-01-14,572.3907470703125,47.17902374267578,112.89981079101562,43.535301208496094,136.41519165039062,131.9214324951172,109.43109130859375,73.52926635742188,36.301902770996094,41.924312591552734,79.84527587890625,247.02999877929688,81.66999816894531,72.04662322998047,28.680490493774414,18.709999084472656
2025-01-15,582.802490234375,48.38172149658203,115.14530944824219,44.179595947265625,136.97059631347656,132.75552368164062,112.21574401855469,73.27934265136719,36.83434295654297,42.323036193847656,81.221435546875,248.8800048828125,84.33999633789062,72.67903900146484,28.63214111328125,16.1200008392334
2025-01-16,581.6817016601562,48.70439910888672,114.25801086425781,44.49935531616211,137.51626586914062,134.3647918701172,111.60845947265625,73.8272705078125,37.764915466308594,42.673133850097656,81.48355102539062,250.60000610351562,82.94000244140625,72.76148986816406,28.63214111328125,16.600000381469727
2025-01-17,587.521728515625,49.115074157714844,116.04747772216797,44.84298324584961,136.590576171875,135.16941833496094,113.173583984375,74.25025177001953,37.81768035888672,42.95029830932617,81.62398529052734,249.27000427246094,82.5199966430664,72.82566833496094,28.738508224487305,15.970000267028809
2025-01-21,592.8995971679688,49.525753021240234,117.01408386230469,44.6139030456543,138.85118103027344,137.94642639160156,114.00305938720703,74.5963134765625,38.39809036254883,43.499755859375,82.35419464111328,253.1300048828125,81.11000061035156,73.01812744140625,28.371057510375977,15.0600004196167
2025-01-22,596.2326049804688,49.291080474853516,119.6561508178711,43.80256652832031,138.5393829345703,137.62261962890625,113.57351684570312,74.23101806640625,37.5682487487793,43.149658203125,81.92357635498047,254.42999267578125,80.43000030517578,72.91730499267578,28.41940689086914,15.100000381469727
2025-01-23,599.48681640625,49.57464599609375,119.86930847167969,44.00300979614258,140.3907470703125,139.01597595214844,114.25980377197266,74.50017547607422,37.745731353759766,43.38792037963867,81.28695678710938,254.07000732421875,79.20999908447266,73.00897216796875,28.40973663330078,15.020000457763672
2025-01-24,597.73681640625,49.7213134765625,118.62015533447266,43.578250885009766,140.61485290527344,138.42724609375,113.56364440917969,74.88468933105469,38.12946701049805,43.27607727050781,81.65206146240234,255.64999389648438,79.5999984741211,73.0914535522461,28.235681533813477,14.850000381469727
2025-01-27,589.2815551757812,50.268882751464844,112.80563354492188,43.12486267089844,143.7718963623047,136.57264709472656,114.21043395996094,76.91301727294922,37.24686813354492,43.30039596557617,82.61631774902344,252.99000549316406,77.93000030517578,73.14642333984375,28.245349884033203,17.899999618530273
2025-01-28,594.344970703125,50.18088150024414,115.81450653076172,42.71442413330078,142.7682647705078,135.66989135742188,114.34867095947266,75.71141052246094,36.73361587524414,43.159385681152344,82.56013488769531,255.17999267578125,78.86000061035156,73.11895751953125,28.361387252807617,16.40999984741211
2025-01-29,591.6804809570312,50.14176940917969,114.87269592285156,42.80986785888672,141.9302978515625,135.20867919921875,114.02281951904297,75.89405059814453,36.810359954833984,43.08158493041992,82.39164733886719,254.1999969482422,77.77999877929688,73.07311248779297,28.41940689086914,16.559999465942383
2025-01-30,594.8560791015625,50.62089157104492,115.08583068847656,43.02941131591797,143.5672607421875,136.7198486328125,115.13864135742188,76.64385986328125,37.577842712402344,43.49003601074219,82.7005615234375,258.04998779296875,77.75,73.2105941772461,28.41940689086914,15.84000015258789
2025-01-31,591.6904296875,50.32755661010742,114.41168212890625,41.826725006103516,143.1092987060547,135.75819396972656,114.6301040649414,75.92289733886719,37.35719299316406,43.17396926879883,82.1575927734375,258.55999755859375,78.0199966430664,73.06395721435547,28.535444259643555,16.43000030517578
2025-02-03,587.7085571289062,50.12221145629883,112.87007904052734,42.08921432495117,143.66470336914062,134.4138641357422,113.11434936523438,76.22088623046875,37.558658599853516,43.21773147583008,82.82653045654297,259.94000244140625,77.81999969482422,72.97187805175781,28.661149978637695,18.6200008392334
2025-02-04,591.6510620117188,50.0048828125,114.49595642089844,42.972137451171875,143.27493286132812,134.45309448242188,114.44742584228516,75.57682800292969,37.22768020629883,43.34415817260742,83.0802001953125,262.5,77.51000213623047,73.2020492553711,28.400068283081055,17.209999084472656
2025-02-05,594.0498657226562,50.53289031982422,116.08714294433594,43.06282043457031,144.64883422851562,134.5512237548828,113.14891052246094,76.04785919189453,37.60182571411133,43.310123443603516,84.45186614990234,264.1300048828125,76.08999633789062,73.39539337158203,28.35171890258789,15.770000457763672
2025-02-06,596.1146240234375,50.953346252441406,116.40438842773438,42.27057647705078,143.35289001464844,135.1596221923828,113.59820556640625,76.3939208984375,37.558658599853516,43.460853576660156,84.41429138183594,263.42999267578125,75.44999694824219,73.284912109375,28.332378387451172,15.5
2025-02-07,590.6581420898438,50.66978073120117,115.40804290771484,42.26580047607422,142.68055725097656,134.75732421875,111.37639617919922,76.27857208251953,37.481903076171875,42.930850982666016,83.86936950683594,263.8999938964844,75.86000061035156,73.05474090576172,28.458086013793945,16.540000915527344
2025-02-10,594.6693725585938,50.268882751464844,117.09339904785156,43.19645309448242,142.55389404296875,135.96426391601562,111.75657653808594,76.74959564208984,37.88963317871094,43.149658203125,83.61568450927734,268.3699951171875,77.4000015258789,73.2020492553711,28.545114517211914,15.8100004196167
2025-02-11,595.12158203125,50.39599609375,117.14793395996094,43.54484558105469,142.29078674316406,136.01333618164062,110.4876708984375,77.48979949951172,38.081504821777344,43.40251159667969,83.0802001953125,267.3900146484375,78.2699966430664,73.17445373535156,28.448415756225586,16.020000457763672
2025-02-12,593.2044677734375,50.21999740600586,116.89512634277344,42.4948844909668,142.086181640625,135.16941833496094,110.46793365478516,77.43212890625,38.01434326171875,43.09131622314453,81.95277404785156,267.6700134277344,76.31999969482422,73.01792907714844,28.467756271362305,15.890000343322754
2025-02-13,599.4671630859375,50.552452087402344,118.55075073242188,42.81464385986328,142.64158630371094,135.30682373046875,112.12688446044922,78.2684326171875,38.10069274902344,43.84013366699219,83.31504821777344,270.30999755859375,76.38999938964844,73.34935760498047,28.235681533813477,15.100000381469727
2025-02-14,599.437744140625,50.65022659301758,118.95225524902344,42.98645782470703,141.09230041503906,134.9731903076172,112.07749938964844,77.48979949951172,37.94240188598633,43.68939208984375,83.75663757324219,266.2900085449219,75.81999969482422,73.4322280883789,28.158323287963867,14.770000457763672
2025-02-18,601.197509765625,51.01201248168945,120.03784942626953,43.57347869873047,140.81944274902344,136.03292846679688,111.76644897460938,77.7685775756836,38.297359466552734,44.24371337890625,82.77014923095703,270.70001220703125,76.95999908447266,73.3677749633789,28.21634292602539,15.350000381469727
2025-02-19,602.6133422851562,51.03157043457031,120.04774475097656,43.9171028137207,142.6513214111328,136.17034912109375,111.70226287841797,78.39341735839844,38.49882125854492,43.723426818847656,82.87349700927734,270.8500061035156,77.44999694824219,73.42303466796875,28.245349884033203,15.270000457763672
2025-02-20,600.1063232421875,50.249324798583984,119.66607666015625,44.31800079345703,143.45033264160156,135.27737426757812,110.7394790649414,78.08580017089844,38.494022369384766,43.62131881713867,83.18353271484375,270.989990234375,77.76000213623047,73.46904754638672,28.022947311401367,15.65999984741211
2025-02-21,589.842041015625,49.62354278564453,116.4242172241211,43.39689254760742,142.68055725097656,132.31393432617188,107.82645416259766,78.99903106689453,38.50361633300781,42.823875427246094,84.18881225585938,270.739990234375,75.3499984741211,73.33094787597656,28.119644165039062,18.209999084472656
2025-02-24,587.157958984375,49.838653564453125,114.7586669921875,43.40644073486328,143.840087890625,131.7153778076172,107.4216079711914,79.23934173583984,38.31174850463867,42.77524948120117,84.43307495117188,272.2099914550781,75.97000122070312,73.42303466796875,28.13898468017578,18.979999542236328
2025-02-25,584.2379150390625,49.8288688659668,113.27159118652344,42.78123092651367,145.07757568359375,132.3924560546875,106.85873413085938,80.36407470703125,38.119873046875,43.105899810791016,85.88928985595703,268.6199951171875,74.12999725341797,73.6071548461914,28.032615661621094,19.43000030517578
2025-02-26,584.5328369140625,49.7213134765625,114.50586700439453,42.53783416748047,144.03497314453125,132.470947265625,106.41931915283203,78.82598876953125,38.27817153930664,43.08644104003906,86.39661407470703,269.0299987792969,73.8499984741211,73.70841979980469,28.090635299682617,19.100000381469727
2025-02-27,575.2025756835938,49.99510192871094,110.33706665039062,42.76691818237305,143.45033264160156,132.009765625,104.88379669189453,78.8163833618164,37.429141998291016,42.794700622558594,85.78596496582031,264.92999267578125,75.27999877929688,73.5703125,28.293699264526367,21.1299991607666
2025-02-28,584.1790161132812,51.021793365478516,111.79440307617188,43.430301666259766,145.11656188964844,133.77603149414062,106.6266860961914,79.86418914794922,37.999961853027344,43.159385681152344,86.83819580078125,263.2699890136719,75.22000122070312,73.77287292480469,28.41940689086914,19.6299991607666
2025-03-03,573.9441528320312,50.59156036376953,108.39392852783203,41.91263198852539,145.74990844726562,131.8723907470703,104.66161346435547,80.28715515136719,38.052730560302734,42.293861389160156,87.24344635009766,266.739990234375,73.31999969482422,73.61930847167969,28.14865493774414,22.780000686645508
2025-03-04,567.1505126953125,48.811954498291016,108.30966186523438,41.50696563720703,144.3955078125,129.3014678955078,102.81507110595703,78.92212677001953,37.43394088745117,41.72008514404297,86.16905212402344,269.05999755859375,73.30999755859375,73.61006927490234,27.897239685058594,23.510000228881836
2025-03-05,573.24609375,49.09552001953125,109.83145904541016,40.900840759277344,145.84735107421875,131.34251403808594,104.38019561767578,79.24897003173828,37.17012023925781,42.809288024902344,85.48104095458984,269.6199951171875,71.41999816894531,73.64706420898438,27.55879783630371,21.93000030517578
2025-03-06,563.0703125,48.28394317626953,106.78292083740234,41.024932861328125,145.44784545898438,130.21405029296875,101.7337875366211,79.39315032958984,36.3978385925293,42.585609436035156,85.19831848144531,268.25,71.12999725341797,73.36957550048828,27.539459228515625,24.8700008392334
2025-03-07,566.226318359375,48.02971267700195,108.32949829101562,41.726505279541016,145.45758056640625,131.73500061035156,101.54617309570312,79.65270233154297,37.074180603027344,42.702308654785156,84.92501831054688,268.3900146484375,72.08999633789062,73.48983001708984,27.452430725097656,23.3700008392334
2025-03-10,551.14453125,46.954132080078125,103.7244644165039,42.03671646118164,143.8887939453125,129.67434692382812,97.92216491699219,79.47967529296875,37.481903076171875,41.81248092651367,85.8109130859375,266.0400085449219,70.88999938964844,73.21233367919922,27.471771240234375,27.860000610351562
2025-03-11,546.5629272460938,46.5532341003418,103.3031234741211,41.70263671875,142.32003784179688,127.68235778808594,96.96431732177734,78.31652069091797,37.131744384765625,41.49155044555664,85.19831848144531,269.1600036621094,71.44999694824219,72.95333862304688,27.317054748535156,26.920000076293945
2025-03-12,549.4632568359375,46.62167739868164,104.92901611328125,41.8935432434082,140.89743041992188,127.67256164550781,97.52717590332031,76.61502075195312,37.01662063598633,41.29705047607422,84.68939208984375,270.3299865722656,72.80000305175781,73.03657531738281,27.384742736816406,24.229999542236328
2025-03-13,542.1387329101562,46.36744689941406,102.93632507324219,41.6071891784668,140.1471405029297,126.36747741699219,95.09307098388672,76.25934600830078,37.107757568359375,41.26787567138672,85.4339370727539,275.1300048828125,71.62000274658203,72.62959289550781,27.481441497802734,24.65999984741211
2025-03-14,553.3369750976562,47.44302749633789,106.04927825927734,42.83850860595703,141.2189483642578,128.67347717285156,97.11737823486328,76.43238067626953,37.832069396972656,41.80760955810547,84.98153686523438,275.239990234375,72.27999877929688,72.96257781982422,27.452430725097656,21.770000457763672
2025-03-17,557.6039428710938,48.0003776550293,106.78787231445312,43.52098846435547,143.01185607910156,130.4495391845703,97.27043914794922,77.5474624633789,37.99036407470703,42.332759857177734,85.4056625366211,276.7300109863281,72.70999908447266,73.1383285522461,27.346065521240234,20.510000228881836
2025-03-18,551.5771484375,47.94171142578125,105.1619873046875,43.592567443847656,143.08004760742188,129.40940856933594,95.53743743896484,76.6630859375,37.72654724121094,42.259830474853516,85.49047088623047,279.9599914550781,72.20999908447266,73.00882720947266,27.326725006103516,21.700000762939453
2025-03-19,557.584228515625,48.4697265625,106.53012084960938,44.303680419921875,143.15802001953125,131.12664794921875,97.36919403076172,76.6630859375,37.86564636230469,42.40083694458008,85.9334487915039,281.1099853515625,72.41999816894531,73.48983001708984,27.394412994384766,19.899999618530273
2025-03-20,555.9718627929688,48.538169860839844,105.7717056274414,44.46595001220703,143.24569702148438,130.4691619873047,97.13713836669922,76.2881851196289,38.01914596557617,42.133399963378906,85.98998260498047,280.75,73.7300033569336,73.3880615234375,27.471771240234375,19.799999237060547
2025-03-21,556.1552734375,48.36216735839844,106.0592041015625,44.155731201171875,142.84620666503906,129.7724609375,97.48767852783203,76.25934600830078,37.77450942993164,41.71522521972656,85.48104095458984,278.489990234375,73.79000091552734,73.27706909179688,27.55879783630371,19.280000686645508
2025-03-24,566.1151733398438,49.2149658203125,108.06782531738281,44.65883255004883,143.93685913085938,132.1790313720703,101.14244842529297,76.7309341430664,37.76243209838867,42.28050231933594,84.60458374023438,277.25,74.87999725341797,73.48983001708984,27.607147216796875,17.479999542236328
2025-03-25,567.4759521484375,49.489742279052734,108.42534637451172,44.84161376953125,142.09793090820312,132.3759002685547,101.94945526123047,76.0351333618164,37.1585807800293,42.27072525024414,84.59515380859375,278.4700012207031,74.81999969482422,73.45281982421875,27.57813835144043,17.149999618530273
2025-03-26,560.7013549804688,49.34253692626953,106.00706481933594,45.10614776611328,141.5794677734375,131.49989318847656,100.61763763427734,77.21412658691406,37.40494918823242,42.348899841308594,84.03910064697266,278.239990234375,75.41999816894531,73.15682220458984,27.70384407043457,18.329999923706055
2025-03-27,559.2123413085938,49.24440383911133,105.0288314819336,44.668460845947266,141.80447387695312,130.80104064941406,100.6820068359375,78.0935287475586,37.39529037475586,42.32935333251953,83.7940673828125,281.9700012207031,75.4800033569336,73.0180892944336,27.616817474365234,18.690000534057617
2025-03-28,547.95068359375,48.2924919128418,102.48143768310547,44.45682907104492,141.36427307128906,128.10411071777344,97.55301666259766,77.70699310302734,37.67064666748047,41.55253601074219,84.95327758789062,284.05999755859375,74.7699966430664,72.88858795166016,27.56846809387207,21.649999618530273
2025-03-31,551.6289672851562,48.88130569458008,102.53109741210938,44.947425842285156,142.82176208496094,129.00965881347656,97.7609634399414,78.92462921142578,38.09092330932617,42.006900787353516,85.79205322265625,288.1400146484375,77.33000183105469,72.97183227539062,27.59747886657715,22.280000686645508
2025-04-01,553.18701171875,48.822425842285156,103.28091430664062,45.21195983886719,140.21006774902344,129.73802185058594,98.7808609008789,79.04058837890625,38.18754196166992,42.163246154785156,86.53549194335938,287.57000732421875,77.08000183105469,73.14099884033203,27.62648582458496,21.770000457763672
2025-04-02,556.687744140625,49.22477722167969,104.04562377929688,45.27448654174805,141.14910888671875,130.95852661132812,100.65725708007812,78.80866241455078,38.36628341674805,42.510128021240234,86.4787368774414,288.1600036621094,77.73999786376953,73.28971099853516,27.51045036315918,21.510000228881836
2025-04-03,529.2537841796875,46.80083084106445,96.9447250366211,41.720054626464844,140.004638671875,123.8717041015625,94.57752990722656,79.26287078857422,38.1247444152832,40.59006118774414,86.87600708007812,286.4200134277344,72.25,72.37882995605469,27.026962280273438,30.020000457763672
2025-04-04,498.2696838378906,43.37590026855469,90.55886840820312,37.88185119628906,132.3260498046875,116.0860595703125,90.4979476928711,75.82254028320312,36.00402069091797,38.04951095581055,87.82184600830078,279.7200012207031,67.91999816894531,71.34709930419922,27.326725006103516,45.310001373291016
2025-04-07,497.3822021484375,43.26795196533203,91.10013580322266,37.63655090332031,131.53375244140625,115.5447006225586,89.42855834960938,74.94312286376953,35.45330047607422,37.438812255859375,85.17347717285156,273.7099914550781,65.9800033569336,70.733642578125,27.442760467529297,46.97999954223633
2025-04-08,489.5917663574219,43.10111999511719,89.24793243408203,36.76598358154297,130.07627868652344,114.5899429321289,87.30461883544922,73.78346252441406,35.30838394165039,36.285797119140625,83.5655517578125,275.20001220703125,63.34000015258789,70.4083251953125,27.317054748535156,52.33000183105469
2025-04-09,541.0084838867188,46.349403381347656,101.2300796508789,39.61337661743164,135.73007202148438,124.76741027832031,96.81038665771484,76.64395904541016,36.69965362548828,39.45658874511719,84.05738830566406,285.3800048828125,67.58000183105469,72.29517364501953,27.35573387145996,33.619998931884766
2025-04-10,517.3018798828125,45.054019927978516,96.5176773071289,37.02571487426758,131.94456481933594,121.5488052368164,93.02788543701172,76.6826171875,36.42429733276367,38.19609069824219,81.74005126953125,292.3500061035156,65.31999969482422,71.1147232055664,26.785219192504883,40.720001220703125
2025-04-11,526.531982421875,45.79984664916992,98.49401092529297,37.94438171386719,133.88131713867188,123.69454193115234,93.92893981933594,77.64900970458984,36.86872863769531,39.329559326171875,82.18460083007812,297.92999267578125,66.45999908447266,71.32849884033203,26.543476104736328,37.560001373291016
2025-04-14,531.64013671875,46.270904541015625,99.39278411865234,38.07905197143555,135.51486206054688,124.98394775390625,94.20125579833984,78.97294616699219,37.530555725097656,39.803466796875,82.77104187011719,296.2300109863281,66.66000366210938,71.68171691894531,26.45644760131836,30.889999389648438
2025-04-15,530.1511840820312,46.38866424560547,99.75529479980469,38.021339416503906,134.68341064453125,124.36385345458984,93.52296447753906,78.30614471435547,37.525718688964844,39.490787506103516,83.06424713134766,297.7799987792969,66.4800033569336,71.87689208984375,26.60149383544922,30.1200008392334
2025-04-16,518.3668823242188,45.66246032714844,96.28926086425781,38.33396911621094,133.31399536132812,122.66104888916016,91.21585083007812,77.46539306640625,37.18756866455078,39.18299102783203,83.52770233154297,307.4700012207031,67.75,71.86760711669922,26.37908935546875,32.63999938964844
2025-04-17,519.1064453125,45.78022003173828,95.76786804199219,39.19973373413086,132.53146362304688,123.33035278320312,91.79014587402344,79.11790466308594,37.5692024230957,39.45170593261719,82.7899398803711,306.1199951171875,69.4800033569336,72.28585052490234,26.398427963256836,29.649999618530273
2025-04-21,506.7503662109375,44.798866271972656,93.29495239257812,38.17525100708008,129.67523193359375,120.56452178955078,89.33943939208984,78.36412811279297,36.680328369140625,38.850765228271484,81.34280395507812,315.5899963378906,68.62000274658203,71.8582992553711,26.147014617919922,33.81999969482422
2025-04-22,519.9348754882812,46.28070831298828,95.5692367553711,39.146827697753906,132.11085510253906,122.67088317871094,92.16641998291016,79.4754638671875,37.6803092956543,39.759498596191406,81.79680633544922,311.1099853515625,69.37000274658203,72.13716888427734,26.29206085205078,30.56999969482422
2025-04-23,527.9915161132812,46.83027267456055,98.3400650024414,39.07468032836914,132.76622009277344,124.20636749267578,94.22600555419922,79.02127075195312,37.839725494384766,39.80835723876953,82.5913314819336,303.6499938964844,68.05000305175781,72.4996566772461,26.53380584716797,28.450000762939453
2025-04-24,539.1051635742188,47.35038757324219,102.00970458984375,39.699947357177734,134.38998413085938,126.99188995361328,96.10240173339844,78.32547760009766,37.8976936340332,40.66823196411133,83.46151733398438,308.07000732421875,68.45999908447266,73.15028381347656,26.417766571044922,26.469999313354492
2025-04-25,543.0003051757812,47.12467575073242,103.5192642211914,39.6278076171875,135.03558349609375,126.98201751708984,97.83028411865234,78.1225357055664,37.78175354003906,40.36532211303711,84.07630920410156,304.7300109863281,69.02999877929688,73.21533203125,26.485454559326172,24.84000015258789
2025-04-28,543.2073974609375,47.271881103515625,103.3504409790039,39.90677261352539,135.57357788085938,127.4052734375,97.86493682861328,77.86160278320312,38.01363754272461,40.438602447509766,84.60597229003906,309.07000732421875,67.76000213623047,73.25254821777344,26.321069717407227,25.149999618530273
2025-04-29,546.6292724609375,47.76255798339844,103.83210754394531,39.79133987426758,136.23870849609375,128.23207092285156,98.55807495117188,78.50907897949219,38.30831527709961,40.77571487426758,85.31535339355469,306.05999755859375,65.8499984741211,73.44773864746094,26.408098220825195,24.170000076293945
2025-04-30,546.8462524414062,47.85088348388672,104.26412200927734,38.718753814697266,137.40272521972656,129.1573028564453,97.66194152832031,79.07925415039062,38.115081787109375,40.98579406738281,84.62491607666016,303.7699890136719,63.560001373291016,73.05734252929688,26.50479507446289,24.700000762939453
2025-05-01,550.7216186523438,47.84107208251953,105.79353332519531,38.86305236816406,133.65635681152344,130.1317138671875,98.20159912109375,78.39311981201172,38.2261848449707,40.80502700805664,84.19578552246094,297.4599914550781,64.5199966430664,73.15169525146484,26.65951156616211,24.600000381469727
2025-05-02,558.8966674804688,48.832237243652344,107.56131744384766,39.430606842041016,135.50509643554688,132.46449279785156,99.72647857666016,78.81832122802734,38.525699615478516,41.49390411376953,83.2844467163086,297.9800109863281,64.01000213623047,73.37593078613281,26.620832443237305,22.68000030517578
2025-05-05,555.69189453125,48.51820373535156,106.99026489257812,38.718753814697266,135.12359619140625,132.53335571289062,98.66698455810547,78.75067901611328,38.42908477783203,41.18611145019531,82.81927490234375,306.8800048828125,62.369998931884766,73.347900390625,26.57248306274414,23.639999389648438
2025-05-06,551.047119140625,48.24342346191406,106.1014175415039,38.728370666503906,131.39678955078125,131.3719024658203,97.80552673339844,78.61538696289062,38.897674560546875,40.888084411621094,83.0945816040039,315.4800109863281,64.5999984741211,73.29183197021484,26.408098220825195,24.760000228881836
2025-05-07,553.364501953125,48.52801513671875,107.1640625,38.74280548095703,132.40431213378906,132.0412139892578,98.5679702758789,78.74102020263672,39.0087776184082,40.66334915161133,83.44583892822266,310.75,63.5099983215332,73.35723876953125,26.60149383544922,23.549999237060547
2025-05-08,557.2202758789062,48.93036651611328,108.1869888305664,39.25264358520508,131.21095275878906,133.8621368408203,99.73143768310547,78.64437866210938,38.69477844238281,41.20565414428711,82.5155029296875,304.6300048828125,65.5999984741211,73.33854675292969,26.823896408081055,22.479999542236328
2025-05-09,556.5103149414062,48.93036651611328,108.05291748046875,39.64704513549805,129.78280639648438,133.97042846679688,100.21167755126953,78.190185546875,38.76240921020508,41.313133239746094,82.63890838623047,306.8399963378906,66.61000061035156,73.3852767944336,26.746540069580078,21.899999618530273
2025-05-12,574.9015502929688,49.921539306640625,113.06824493408203,40.68114471435547,132.99119567871094,138.09458923339844,105.19231414794922,78.30614471435547,38.53053665161133,42.27072525024414,81.86994934082031,298.19000244140625,67.5999984741211,74.11397552490234,27.123659133911133,18.389999389648438
2025-05-13,578.6981201171875,50.127628326416016,115.5113525390625,41.253509521484375,128.99050903320312,139.0591583251953,106.5835189819336,77.25277709960938,38.47739028930664,42.060638427734375,81.53768920898438,299.4599914550781,69.58999633789062,74.24476623535156,26.891584396362305,18.219999313354492
2025-05-14,579.437744140625,49.990234375,116.26116943359375,41.00340270996094,125.95819854736328,138.3898468017578,106.99443817138672,76.83724212646484,38.30831527709961,41.674678802490234,80.99656677246094,293.1600036621094,68.7300033569336,73.9738540649414,26.949604034423828,18.6200008392334
2025-05-15,582.2678833007812,50.32389450073242,116.4200668334961,41.17655563354492,127.6113052368164,139.92532348632812,106.75680541992188,78.41244506835938,39.12472152709961,42.099727630615234,81.70856475830078,297.8399963378906,67.58999633789062,74.11397552490234,26.881916046142578,17.829999923706055
2025-05-16,585.9560546875,50.628116607666016,116.63855743408203,41.11402893066406,130.18385314941406,141.51986694335938,107.76679229736328,79.3111801147461,39.699588775634766,42.529666900634766,81.92691802978516,294.239990234375,68.0999984741211,74.19805908203125,26.959272384643555,17.239999771118164
2025-05-19,586.5969848632812,50.65755081176758,116.46973419189453,40.580142974853516,131.4359130859375,142.0021514892578,107.51428985595703,79.5431137084961,39.86866760253906,42.637149810791016,81.6895751953125,298.0299987792969,68.51000213623047,74.16068267822266,26.775548934936523,18.139999389648438
2025-05-20,584.6246948242188,50.38277816772461,116.03274536132812,40.20497512817383,131.7587127685547,141.49034118652344,106.95484161376953,79.82337188720703,39.98460388183594,42.56386947631836,81.10099029541016,303.5799865722656,68.66000366210938,74.12332916259766,26.698190689086914,18.09000015258789
2025-05-21,574.7733764648438,49.35235595703125,113.85282135009766,39.46427536010742,128.70684814453125,139.09852600097656,104.78632354736328,78.89564514160156,39.25515365600586,41.99713134765625,79.71497344970703,305.82000732421875,67.58999633789062,73.62816619873047,26.5821533203125,20.8700008392334
2025-05-22,575.0001831054688,49.29347229003906,113.88261413574219,39.31036376953125,127.6993408203125,139.06900024414062,105.23685455322266,78.56706237792969,38.69477844238281,41.953163146972656,80.13268280029297,303.1099853515625,67.13999938964844,73.77764129638672,26.65951156616211,20.280000686645508
2025-05-23,571.0753173828125,49.11682891845703,112.62630462646484,39.4354133605957,127.49393463134766,138.61622619628906,104.29122924804688,78.85698699951172,39.15853500366211,41.87009811401367,80.26557922363281,309.75,67.98999786376953,73.75897216796875,26.46611785888672,22.290000915527344
2025-05-27,582.9483642578125,49.98042678833008,115.30279541015625,39.77690505981445,129.27418518066406,141.05723571777344,107.37071228027344,79.57211303710938,39.453216552734375,42.60294723510742,81.38578796386719,304.5,67.27999877929688,74.20740509033203,26.611164093017578,18.959999084472656
2025-05-28,579.5757446289062,49.64676284790039,114.82608795166016,39.271881103515625,128.60902404785156,140.3583984375,106.38548278808594,79.03092956542969,38.902503967285156,42.02156448364258,81.0345458984375,303.80999755859375,67.88999938964844,74.16068267822266,26.698190689086914,19.309999465942383
2025-05-29,581.8635864257812,49.901912689208984,115.0197525024414,39.565277099609375,129.4698028564453,140.48635864257812,106.43003845214844,79.34983825683594,39.17302703857422,42.17790222167969,81.78450775146484,305.6099853515625,67.19000244140625,74.27278900146484,26.553142547607422,19.18000030517578
2025-05-30,581.2127075195312,50.00986099243164,114.66222381591797,39.21416091918945,129.7436981201172,140.57496643066406,105.85076904296875,80.04563903808594,39.5739860534668,42.182777404785156,81.90792083740234,303.6000061035156,67.1500015258789,74.33821105957031,26.543476104736328,18.56999969482422
2025-06-02,584.4867553710938,50.02949142456055,115.67521667480469,39.72881317138672,129.82196044921875,140.3977813720703,106.09832763671875,80.09395599365234,39.699588775634766,42.43195343017578,81.14564514160156,311.6700134277344,69.55000305175781,74.32506561279297,26.35974884033203,18.360000610351562
2025-06-03,587.8197631835938,50.127628326416016,117.4132080078125,40.20016860961914,130.12518310546875,141.48048400878906,106.66272735595703,80.01664733886719,39.80586624145508,42.86677551269531,81.00270080566406,308.9100036621094,69.88999938964844,74.46586608886719,26.53380584716797,17.690000534057617
2025-06-04,587.6619873046875,49.84303665161133,117.58700561523438,39.41617202758789,130.37950134277344,141.55923461914062,106.38053131103516,79.45614624023438,39.110225677490234,43.02800750732422,82.31765747070312,310.8999938964844,69.33999633789062,74.60667419433594,26.417766571044922,17.610000610351562
2025-06-05,584.8218994140625,49.70564270019531,117.25430297851562,39.3776969909668,130.20343017578125,141.4608154296875,103.6971206665039,78.69269561767578,39.047428131103516,42.773948669433594,82.37481689453125,309.3299865722656,69.93000030517578,74.44706726074219,26.398427963256836,18.479999542236328
2025-06-06,590.8274536132812,50.32389450073242,118.36164855957031,40.11840057373047,131.44569396972656,142.65176391601562,105.04376983642578,78.94395446777344,39.22134017944336,42.88631820678711,81.32667541503906,305.17999267578125,71.37999725341797,74.43769836425781,26.53380584716797,16.770000457763672
2025-06-09,591.3599243164062,50.04911804199219,118.942626953125,40.19535446166992,131.22073364257812,142.52383422851562,105.88542175292969,78.83765411376953,38.970130920410156,43.17457580566406,81.41242980957031,306.6199951171875,72.05000305175781,74.47525787353516,26.46611785888672,17.15999984741211
2025-06-10,594.7127685546875,50.10800552368164,119.60802459716797,40.91201400756836,132.71731567382812,141.90371704101562,107.15287017822266,79.01161193847656,39.06192398071289,43.44327926635742,81.83168029785156,306.7099914550781,71.5999984741211,74.65360260009766,26.49512481689453,16.950000762939453
2025-06-11,593.0166015625,50.04911804199219,119.34484100341797,41.50362014770508,132.78579711914062,141.9726104736328,106.30625915527344,78.74102020263672,39.08607864379883,43.01335144042969,82.07942962646484,308.3699951171875,74.81999969482422,74.63482666015625,26.398427963256836,17.260000228881836
2025-06-12,595.3734741210938,50.04911804199219,120.45219421386719,41.64791488647461,133.82264709472656,141.5985870361328,105.80622863769531,79.20487976074219,39.55949783325195,43.19411849975586,83.06089782714844,312.20001220703125,75.05000305175781,74.71929168701172,26.205034255981445,18.020000457763672
2025-06-13,588.7171630859375,49.028507232666016,118.76386260986328,42.37419128417969,133.15750122070312,140.40762329101562,104.83089447021484,78.2385025024414,39.33244323730469,42.690895080566406,82.26048278808594,316.2900085449219,80.22000122070312,74.4940185546875,26.272722244262695,20.81999969482422
2025-06-16,594.318359375,49.5878791809082,120.68557739257812,42.24913787841797,132.7466583251953,141.37222290039062,105.95970916748047,78.4897689819336,39.13920974731445,43.052433013916016,81.43148040771484,311.7799987792969,78.58999633789062,74.64420318603516,26.30173110961914,19.110000610351562
2025-06-17,589.2398681640625,49.303287506103516,119.83148956298828,42.64353942871094,130.55557250976562,140.30918884277344,104.13282012939453,77.82294464111328,38.815547943115234,42.63226318359375,82.42247009277344,311.94000244140625,82.30000305175781,74.55973815917969,26.475786209106445,21.600000381469727
2025-06-18,589.1510009765625,49.283660888671875,119.9754867553711,42.36457061767578,130.33059692382812,139.9745330810547,104.18231964111328,77.72630310058594,38.916996002197266,42.510128021240234,82.56539916992188,310.260009765625,82.2699966430664,74.67237854003906,26.52413558959961,20.139999389648438
2025-06-20,587.7673950195312,49.421051025390625,119.44415283203125,42.797454833984375,129.70457458496094,140.13201904296875,104.30607604980469,78.29647827148438,39.02327346801758,42.221866607666016,82.41292572021484,310.1300048828125,83.12000274658203,74.90703582763672,26.49512481689453,20.6200008392334
2025-06-23,593.5730590820312,50.04338836669922,120.80601501464844,41.71517562866211,129.8913116455078,142.02955627441406,106.37351989746094,79.20333099365234,39.517974853515625,42.69230270385742,82.67973327636719,311.0799865722656,76.41000366210938,75.04784393310547,26.38875961303711,19.829999923706055
2025-06-24,600.13037109375,50.79178237915039,122.97463989257812,41.17210006713867,131.48348999023438,143.2143096923828,106.96393585205078,79.13522338867188,39.68822479248047,43.045860290527344,83.28003692626953,306.19000244140625,73.0,75.2543716430664,26.253381729125977,17.479999542236328
2025-06-25,600.4666748046875,50.62437438964844,124.02413177490234,40.9926872253418,131.6014404296875,141.95059204101562,105.7037353515625,78.07463073730469,39.158016204833984,42.63337326049805,83.38484954833984,307.1199951171875,73.30999755859375,75.2355728149414,26.185693740844727,16.760000228881836
2025-06-26,605.1646118164062,50.99856948852539,124.879638671875,41.579402923583984,131.91595458984375,143.49072265625,106.67617797851562,78.00652313232422,39.483924865722656,43.10478210449219,83.80409240722656,306.7799987792969,73.58999633789062,75.45149230957031,26.07932472229004,16.59000015258789
2025-06-27,608.1712646484375,51.14627456665039,124.73042297363281,41.361209869384766,131.6309356689453,144.9222869873047,108.4523696899414,78.37626647949219,39.5617561340332,43.1588020324707,83.27051544189453,301.2200012207031,73.27999877929688,75.41393280029297,26.127676010131836,16.31999969482422
2025-06-30,611.0791015625,51.5697021484375,125.95399475097656,41.12360763549805,132.4761505126953,145.6429901123047,107.82723236083984,78.78492736816406,39.7222785949707,43.11951446533203,84.0899658203125,304.8299865722656,73.11000061035156,75.70492553710938,25.992298126220703,16.729999542236328
2025-07-01,610.8812866210938,51.85527420043945,124.82989501953125,41.43878936767578,134.36322021484375,146.12677001953125,108.28864288330078,79.7676773071289,39.858482360839844,44.23421096801758,84.2984619140625,307.54998779296875,73.93000030517578,75.60966491699219,25.982629776000977,16.829999923706055
2025-07-02,613.650634765625,51.81588363647461,126.1479721069336,42.151580810546875,133.036376953125,146.27487182617188,109.15689849853516,80.0011978149414,39.51311492919922,44.89713668823242,83.76287841796875,309.25,75.58999633789062,75.75114440917969,25.963289260864258,16.639999389648438
2025-07-03,618.4869995117188,52.377174377441406,127.80925750732422,42.20006561279297,133.17398071289062,147.51882934570312,109.75227355957031,79.9622802734375,39.80983352661133,44.86767578125,83.17945861816406,307.1400146484375,75.19000244140625,75.79829406738281,26.0889949798584,16.3799991607666
2025-07-07,613.8780517578125,51.874969482421875,126.79458618164062,41.792762756347656,132.0535430908203,147.00543212890625,108.35810852050781,79.89417266845703,39.89253616333008,44.435543060302734,82.38563537597656,307.3699951171875,76.4800033569336,75.54364776611328,26.176023483276367,17.790000915527344
2025-07-08,613.5418090820312,51.41215133666992,127.47601318359375,42.91770553588867,132.653076171875,146.96595764160156,107.99095916748047,79.15467071533203,39.46933364868164,44.798927307128906,82.28043365478516,304.1600036621094,76.95999908447266,75.43989562988281,26.195363998413086,16.809999465942383
2025-07-09,617.2210083007812,51.599246978759766,128.24200439453125,42.699501037597656,133.1641387939453,147.99270629882812,108.6309814453125,78.63898468017578,39.839027404785156,45.06900405883789,83.1412124633789,305.5199890136719,76.93000030517578,75.64738464355469,26.195363998413086,15.9399995803833
2025-07-10,618.9617309570312,51.904510498046875,127.81922149658203,43.024383544921875,133.9799346923828,148.82203674316406,109.83164978027344,78.92115783691406,40.16493606567383,45.30961990356445,83.1985855102539,306.20001220703125,75.38999938964844,75.57194519042969,26.243711471557617,15.779999732971191
2025-07-11,616.7858276367188,51.362911224365234,127.25715637207031,43.21833801269531,132.8693084716797,148.28890991210938,109.86141967773438,78.6292495727539,40.10655975341797,44.94132995605469,82.05089569091797,309.1400146484375,77.29000091552734,75.47763061523438,26.321069717407227,16.399999618530273
2025-07-14,617.9628295898438,51.74695587158203,127.15270233154297,42.74314498901367,132.71205139160156,149.08860778808594,110.26826477050781,78.69735717773438,40.267086029052734,44.69089126586914,81.87873077392578,308.010009765625,75.62000274658203,75.53421783447266,26.38875961303711,17.200000762939453
2025-07-15,615.3220825195312,50.86071014404297,128.2817840576172,42.1273307800293,130.32376098632812,147.9729766845703,108.69052124023438,77.90921783447266,39.8828010559082,43.77261734008789,81.30488586425781,306.7300109863281,75.26000213623047,75.30786895751953,26.53380584716797,17.3799991607666
2025-07-16,617.3792724609375,51.215206146240234,128.67970275878906,41.76366424560547,131.9454345703125,148.49623107910156,108.88897705078125,78.1816635131836,39.90225601196289,43.89046859741211,81.41966247558594,308.260009765625,75.19000244140625,75.50592041015625,26.43710708618164,17.15999984741211
2025-07-17,621.1573486328125,51.70756530761719,129.84854125976562,42.02065658569336,130.44171142578125,149.86854553222656,109.26109313964844,78.92115783691406,40.06765365600586,44.19983673095703,81.40052795410156,307.5899963378906,76.16000366210938,75.58137512207031,26.553142547607422,16.520000457763672
2025-07-18,620.7024536132812,51.73711013793945,129.76402282714844,41.68122863769531,129.57679748535156,149.5328826904297,110.22857666015625,78.70709228515625,40.738929748535156,44.30295944213867,81.52485656738281,308.3900146484375,75.93000030517578,75.68512725830078,26.51446533203125,16.40999984741211
2025-07-21,621.87939453125,51.58940124511719,129.93310546875,41.24967956542969,128.8396759033203,148.7430419921875,110.74952697753906,78.69735717773438,40.87026596069336,44.528846740722656,82.25173950195312,313.1300048828125,75.58999633789062,75.78884887695312,26.340410232543945,16.649999618530273
2025-07-22,621.9684448242188,51.874969482421875,128.7294464111328,41.443634033203125,131.23779296875,149.09848022460938,111.87081146240234,79.41738891601562,41.37129592895508,45.142662048339844,82.74907684326172,316.1000061035156,75.3499984741211,75.92089080810547,26.205034255981445,16.5
2025-07-23,627.2598266601562,52.28854751586914,129.465576171875,42.093387603759766,133.93075561523438,151.7739715576172,112.40167999267578,79.44657897949219,41.05997848510742,45.29488754272461,82.29000854492188,312.17999267578125,75.27999877929688,75.9586181640625,26.166353225708008,15.369999885559082
2025-07-24,627.4674072265625,52.259010314941406,130.01271057128906,42.39402389526367,133.42950439453125,151.5172882080078,110.54114532470703,79.1644058227539,41.0064697265625,44.82838821411133,82.14653015136719,310.2699890136719,76.08999633789062,75.86431884765625,26.234041213989258,15.390000343322754
2025-07-25,630.1181030273438,52.62335205078125,130.31112670898438,42.234004974365234,134.13714599609375,153.01795959472656,111.56816101074219,79.30062866210938,41.11347961425781,45.358726501464844,82.66299438476562,307.3999938964844,74.8499984741211,75.91145324707031,26.29206085205078,14.930000305175781
2025-07-28,629.9598388671875,52.259010314941406,131.35067749023438,42.71405029296875,132.9675750732422,152.54405212402344,112.21810913085938,78.48330688476562,40.67569351196289,44.700714111328125,82.1274185180664,305.4100036621094,77.16999816894531,75.87374877929688,26.59182357788086,15.029999732971191
2025-07-29,628.29833984375,51.99313735961914,131.35565185546875,43.13105773925781,132.1223602294922,150.80645751953125,111.44412994384766,78.9990005493164,41.14267349243164,44.528846740722656,83.51422882080078,306.25,79.80000305175781,75.92089080810547,26.65951156616211,15.979999542236328
2025-07-30,627.5070190429688,51.89466094970703,131.64910888671875,42.51524353027344,131.886474609375,150.0659942626953,110.7396011352539,78.29842376708984,41.449127197265625,43.630210876464844,83.08381652832031,300.9599914550781,81.04000091552734,75.76056671142578,26.920595169067383,15.479999542236328
2025-07-31,625.153076171875,51.5697021484375,130.68417358398438,42.28734588623047,128.19100952148438,150.07586669921875,109.86141967773438,77.62704467773438,41.672882080078125,43.080238342285156,83.13165283203125,302.9599914550781,79.58999633789062,75.80772399902344,26.978612899780273,16.719999313354492
2025-08-01,614.9066162109375,50.614532470703125,127.86396026611328,41.5018196105957,128.87899780273438,147.83474731445312,107.21200561523438,77.99679565429688,41.736122131347656,42.58427047729492,84.3134765625,309.1099853515625,77.45999908447266,75.81151580810547,26.65951156616211,20.3799991607666
2025-08-04,624.2530517578125,51.11673355102539,130.46035766601562,41.40969467163086,130.7267303466797,149.1971893310547,108.47222137451172,78.37626647949219,42.475502014160156,43.148983001708984,84.54390716552734,310.9100036621094,76.11000061035156,76.06742858886719,26.64984130859375,17.520000457763672
2025-08-05,621.088134765625,50.90994644165039,129.38101196289062,41.46303176879883,130.22549438476562,148.89114379882812,108.61114501953125,78.29842376708984,42.02311706542969,43.45343017578125,84.80313110351562,311.1600036621094,75.0199966430664,76.029541015625,26.64984130859375,17.850000381469727
2025-08-06,625.845458984375,51.156124114990234,130.83836364746094,41.0799674987793,128.26962280273438,149.00961303710938,110.86859893798828,79.41738891601562,41.6485595703125,42.98202133178711,84.3134765625,310.5,73.79000091552734,76.1053466796875,26.49512481689453,16.770000457763672
2025-08-07,625.3212280273438,50.584983825683594,130.95773315429688,40.919952392578125,126.79537963867188,148.79241943359375,110.8338623046875,80.02066040039062,42.100948333740234,43.16862487792969,84.16948699951172,313.1199951171875,73.41999816894531,76.029541015625,26.475786209106445,16.56999969482422
2025-08-08,630.1972045898438,51.057655334472656,132.26588439941406,41.18179702758789,127.9256362915039,148.910888671875,111.0273666381836,80.25418090820312,41.92096710205078,43.38468551635742,83.8046646118164,313.04998779296875,73.30000305175781,76.03900146484375,26.52413558959961,15.149999618530273
2025-08-11,628.9510498046875,51.037960052490234,131.37057495117188,40.85206985473633,128.0534210205078,148.42710876464844,111.31513214111328,80.18608093261719,41.789634704589844,43.286476135253906,83.90066528320312,308.54998779296875,73.80000305175781,76.03900146484375,26.630502700805664,16.25
2025-08-12,635.6468505859375,51.658329010009766,133.40489196777344,41.05087661743164,128.93795776367188,149.96726989746094,112.49596405029297,80.40013122558594,41.96961212158203,43.851192474365234,83.47823333740234,308.2699890136719,72.94999694824219,76.2096176147461,26.49512481689453,14.729999542236328
2025-08-13,637.8228149414062,51.9537467956543,133.4546356201172,41.526065826416016,131.0019073486328,150.53988647460938,114.0389633178711,80.40013122558594,42.06203079223633,44.6761589050293,84.16948699951172,309.2099914550781,72.45999908447266,76.4086685180664,26.42743682861328,14.489999771118164
2025-08-14,637.882080078125,52.199920654296875,133.16616821289062,41.487274169921875,131.66043090820312,149.2070770263672,113.90996551513672,79.68010711669922,41.77016830444336,44.20965576171875,83.54542541503906,307.25,73.73999786376953,76.2096176147461,26.52413558959961,14.829999923706055
2025-08-15,636.388671875,51.658329010009766,132.1564483642578,41.487274169921875,133.87179565429688,148.5258331298828,113.6370849609375,79.80659484863281,41.6485595703125,44.20965576171875,82.9501953125,307.42999267578125,72.80000305175781,76.2664794921875,26.43710708618164,15.09000015258789
2025-08-18,636.2501220703125,51.697715759277344,132.43994140625,41.239986419677734,133.5572967529297,149.10833740234375,114.09355163574219,79.6995620727539,41.46858215332031,43.954315185546875,82.71016693115234,306.95001220703125,73.16999816894531,76.2096176147461,26.50479507446289,14.989999771118164
2025-08-19,632.7984008789062,51.79618835449219,130.12709045410156,41.2545280456543,134.412353515625,149.43414306640625,114.0389633178711,80.51689910888672,41.8723258972168,44.219482421875,83.1902084350586,305.2699890136719,72.30000305175781,76.19065856933594,26.57248306274414,15.569999694824219
2025-08-20,631.116943359375,52.06206130981445,129.2467041015625,41.59880065917969,135.13963317871094,149.29591369628906,112.91271209716797,80.97420501708984,41.916099548339844,44.253849029541016,83.37262725830078,308.3599853515625,73.5199966430664,76.16222381591797,26.553142547607422,15.6899995803833
2025-08-21,628.5851440429688,51.89466094970703,128.77919006347656,41.8848876953125,134.68751525878906,148.76280212402344,112.242919921875,80.24445343017578,41.62910461425781,44.386436462402344,82.95978546142578,307.2900085449219,74.12999725341797,76.02005004882812,26.688520431518555,16.600000381469727
2025-08-22,638.2381591796875,52.75136947631836,130.52500915527344,42.7382926940918,135.7981414794922,151.1914825439453,115.65144348144531,80.24445343017578,41.852867126464844,45.26542282104492,83.57422637939453,310.5799865722656,74.63999938964844,76.63616943359375,26.42743682861328,14.220000267028809
2025-08-25,635.4292602539062,52.446102142333984,130.23153686523438,42.84981918334961,133.86196899414062,149.68096923828125,115.41825103759766,78.87249755859375,41.38102340698242,45.01498794555664,83.334228515625,309.8299865722656,75.75,76.48450469970703,26.64017105102539,14.789999961853027
2025-08-26,638.0897827148438,52.84983825683594,130.8284149169922,42.78194046020508,134.69737243652344,151.22113037109375,115.9491195678711,78.35679626464844,41.473445892333984,45.137752532958984,83.28620147705078,312.0799865722656,74.05000305175781,76.65513610839844,26.57248306274414,14.619999885559082
2025-08-27,639.543701171875,52.958152770996094,131.53469848632812,43.26197814941406,134.61874389648438,151.20135498046875,115.97393798828125,78.59033203125,41.48317337036133,45.250694274902344,83.1902084350586,312.7099914550781,74.68000030517578,76.74990844726562,26.5821533203125,14.850000381469727
2025-08-28,641.80859375,53.02708435058594,132.5742645263672,43.59170150756836,134.08799743652344,151.4679412841797,116.1723861694336,78.09410095214844,41.1669921875,45.250694274902344,83.73744201660156,315.0299987792969,75.23999786376953,76.78783416748047,26.485454559326172,14.430000305175781
2025-08-29,637.98095703125,53.16495132446289,130.53994750976562,43.82930374145508,135.07083129882812,150.07586669921875,114.97667694091797,78.60006713867188,41.01619338989258,45.31453323364258,83.14219665527344,318.07000732421875,74.83999633789062,76.6456527709961,26.46611785888672,15.359999656677246
2025-09-02,633.25341796875,52.77106475830078,129.22183227539062,43.892337799072266,135.1986083984375,148.64430236816406,114.11834716796875,78.47357940673828,40.8799934387207,44.97570037841797,82.52349853515625,325.5899963378906,76.76000213623047,76.56279754638672,26.64017105102539,17.170000076293945
2025-09-03,636.6853637695312,52.682437896728516,129.9927978515625,42.90800857543945,134.5597686767578,147.89398193359375,114.57976531982422,78.4151840209961,40.7778434753418,44.67124938964844,83.42938995361328,328.1400146484375,74.83000183105469,76.77230834960938,26.59182357788086,16.350000381469727
2025-09-04,642.0064086914062,53.23387908935547,130.6344451904297,43.194095611572266,135.07083129882812,149.56248474121094,116.67350006103516,78.46383666992188,40.72920227050781,44.843116760253906,84.0654525756836,326.69000244140625,74.18000030517578,76.98184967041016,26.630502700805664,15.300000190734863
2025-09-05,640.1469116210938,52.259010314941406,130.7438507080078,42.36008071899414,135.53277587890625,149.00961303710938,116.64868927001953,78.6876220703125,40.602725982666016,45.15739059448242,85.34719848632812,331.04998779296875,72.62999725341797,77.01995086669922,26.49512481689453,15.180000305175781
2025-09-08,641.7196044921875,52.29839324951172,131.72372436523438,42.26310729980469,135.483642578125,149.3452911376953,117.10017395019531,78.39572143554688,40.18925857543945,45.196678161621094,86.48438262939453,334.82000732421875,73.04000091552734,77.01995086669922,26.408098220825195,15.109999656677246
2025-09-09,643.203125,52.52488327026367,131.97738647460938,42.466758728027344,136.2109375,148.33827209472656,116.93645477294922,78.5514144897461,40.46652603149414,44.4600944519043,85.99290466308594,334.05999755859375,73.38999938964844,76.9342269897461,26.51446533203125,15.039999961853027
2025-09-10,645.0625,52.347633361816406,134.3698272705078,43.208641052246094,134.9725799560547,149.43414306640625,115.53732299804688,77.78273010253906,41.16212463378906,44.5435791015625,86.48438262939453,335.260009765625,74.70999908447266,76.99136352539062,26.53380584716797,15.350000381469727
2025-09-11,650.4231567382812,53.20433807373047,134.8224639892578,43.21833801269531,137.32154846191406,150.85581970214844,117.78485870361328,78.4151840209961,41.38102340698242,45.47657775878906,87.0626220703125,334.760009765625,73.0,77.18185424804688,26.44677734375,14.710000038146973
2025-09-12,650.2054443359375,52.977848052978516,134.73294067382812,42.96134948730469,135.73916625976562,149.65135192871094,118.3951187133789,78.15247344970703,41.59019470214844,45.0198974609375,86.686767578125,335.4200134277344,73.30999755859375,77.10564422607422,26.485454559326172,14.760000228881836
2025-09-15,653.6671752929688,52.85968780517578,135.94656372070312,42.815879821777344,134.5794219970703,150.34243774414062,119.42213439941406,77.2573013305664,41.687477111816406,44.65652084350586,86.88914489746094,338.9100036621094,74.2300033569336,77.32471466064453,26.398427963256836,15.6899995803833
2025-09-16,652.76708984375,52.741519927978516,135.4740447998047,43.53351593017578,134.5794219970703,149.8981475830078,120.15644073486328,77.60758972167969,40.92863845825195,44.51902389526367,87.07225036621094,339.5899963378906,75.66999816894531,77.26756286621094,26.234041213989258,16.360000610351562
2025-09-17,651.9561157226562,53.25357437133789,135.00648498535156,43.635345458984375,134.8448028564453,149.21694946289062,119.85379028320312,78.07463073730469,41.030784606933594,44.62214660644531,86.85060119628906,336.9700012207031,74.97000122070312,77.19136810302734,26.321069717407227,15.720000267028809
2025-09-18,655.00244140625,53.30281448364258,137.33924865722656,43.49957275390625,135.1101531982422,150.80645751953125,119.31298828125,77.39352416992188,41.05997848510742,44.62214660644531,85.954345703125,335.6199951171875,74.69000244140625,77.36280822753906,26.44677734375,15.699999809265137
2025-09-19,658.2465209960938,53.42097473144531,138.73193359375,42.922550201416016,134.93324279785156,151.1717529296875,119.76448822021484,77.23783874511719,41.32264709472656,44.60250473022461,85.79051208496094,339.17999267578125,73.5199966430664,77.39137268066406,26.52413558959961,15.449999809265137
2025-09-22,661.3606567382812,53.3498420715332,140.77285766601562,42.8731575012207,134.89869689941406,151.67735290527344,119.37432861328125,76.37669372558594,41.72323226928711,44.58720779418945,85.48210906982422,345.04998779296875,73.44999694824219,77.44851684570312,26.42743682861328,16.100000381469727
2025-09-23,657.7606201171875,53.11273193359375,139.5576629638672,43.61159133911133,135.20477294921875,151.71697998046875,118.25105285644531,76.7587661743164,41.93870162963867,44.444129943847656,86.0796127319336,346.4599914550781,75.05000305175781,77.39137268066406,26.408098220825195,16.639999389648438
2025-09-24,655.6677856445312,52.964542388916016,138.6960906982422,44.17886734008789,134.6617431640625,150.93382263183594,119.08605194091797,76.92532348632812,42.2374267578125,43.90140151977539,85.75196838378906,343.32000732421875,76.38999938964844,77.28659057617188,26.60149383544922,16.18000030517578
2025-09-25,652.6429443359375,52.82622528076172,138.45205688476562,44.57498550415039,132.43038940429688,149.91273498535156,117.4061279296875,76.19054412841797,41.83096694946289,43.329078674316406,85.75196838378906,344.75,76.98999786376953,77.06755065917969,26.785219192504883,16.739999771118164
2025-09-26,656.3819580078125,53.21152877807617,138.87039184570312,44.98576354980469,133.78302001953125,151.26097106933594,119.1407241821289,76.37669372558594,42.51166534423828,43.83232498168945,85.67486572265625,346.739990234375,77.0199966430664,77.21995544433594,26.688520431518555,15.289999961853027
2025-09-29,658.2266845703125,53.47827911376953,139.61244201660156,44.15930938720703,134.1779327392578,151.72691345214844,119.66259002685547,76.52364349365234,42.634090423583984,44.00007629394531,86.37837982177734,352.4599914550781,74.58999633789062,77.353271484375,26.630502700805664,16.1200008392334
2025-09-30,660.7061157226562,53.22140884399414,140.37445068359375,43.68983840942383,137.40650939941406,152.89669799804688,119.10592651367188,76.77836608886719,42.70754623413086,44.21717071533203,86.12781524658203,355.4700012207031,73.75,77.32471466064453,26.60149383544922,16.280000686645508
2025-10-01,662.95751953125,52.747188568115234,141.74899291992188,43.68983840942383,141.6520233154297,152.47044372558594,119.8514633178711,76.66080474853516,43.11890411376953,43.75339126586914,86.35025024414062,356.0299987792969,73.13999938964844,77.46918487548828,26.59182357788086,16.290000915527344
2025-10-02,663.7210693359375,52.70766830444336,142.51596069335938,43.249717712402344,141.3755645751953,152.86697387695312,118.98664855957031,76.35710144042969,43.040550231933594,44.261573791503906,86.60167694091797,354.7900085449219,71.54000091552734,77.44048309326172,26.630502700805664,16.6299991607666
2025-10-03,663.7112426757812,53.07321548461914,141.79879760742188,43.479557037353516,142.98492431640625,153.0751495361328,118.22123718261719,76.44526672363281,43.54005432128906,44.33557891845703,86.43727111816406,357.6400146484375,71.70999908447266,77.35436248779297,26.5821533203125,16.649999618530273
2025-10-06,666.0914916992188,53.0534553527832,143.23312377929688,43.69472885131836,142.29379272460938,153.78892517089844,119.23515319824219,75.88684844970703,43.96120071411133,44.296112060546875,85.75065612792969,364.3800048828125,72.87000274658203,77.37349700927734,26.707860946655273,16.3700008392334
2025-10-07,663.6219482421875,53.122615814208984,142.2769012451172,43.7631950378418,142.40237426757812,152.9165496826172,117.14767456054688,76.59222412109375,44.1619873046875,44.11848831176758,86.24385070800781,366.260009765625,73.19999694824219,77.28739166259766,26.862577438354492,17.239999771118164
2025-10-08,667.5791625976562,52.86574172973633,144.77203369140625,43.50890350341797,142.6788330078125,154.2449493408203,117.49559020996094,76.21014404296875,44.46561050415039,44.355316162109375,86.31156158447266,372.29998779296875,73.52999877929688,77.17256164550781,26.920595169067383,16.299999237060547
2025-10-09,665.6452026367188,52.67803192138672,144.5279998779297,42.917171478271484,142.36289978027344,151.96482849121094,116.90910339355469,76.45507049560547,44.35297393798828,43.748451232910156,86.24385070800781,365.42999267578125,72.51000213623047,76.95248413085938,27.104320526123047,16.43000030517578
2025-10-10,647.6542358398438,51.53199768066406,138.64630126953125,41.6750373840332,140.3092498779297,148.60414123535156,113.6933822631836,76.51384735107422,44.17177963256836,42.85049057006836,87.63645935058594,369.1199951171875,69.38999938964844,76.50273895263672,26.968942642211914,21.65999984741211
2025-10-13,657.5919189453125,52.02597427368164,142.02291870117188,42.242313385009766,140.15127563476562,150.15066528320312,116.23316192626953,76.25911712646484,44.50967788696289,43.53136444091797,87.58809661865234,378.0899963378906,70.27999877929688,76.9811782836914,27.065641403198242,19.030000686645508
2025-10-14,656.78857421875,52.59899139404297,140.20013427734375,42.237422943115234,140.5363311767578,151.91526794433594,116.4767074584961,77.48373413085938,44.906341552734375,43.965545654296875,87.86854553222656,380.7900085449219,69.0,77.06729125976562,26.988283157348633,20.809999465942383
2025-10-15,659.7044067382812,52.59899139404297,141.58963012695312,42.21297073364258,140.75355529785156,151.2808074951172,116.64568328857422,77.62090301513672,45.493995666503906,43.768192291259766,87.67514038085938,387.3900146484375,68.98999786376953,77.31608581542969,26.910924911499023,20.639999389648438
2025-10-16,655.2117309570312,51.136810302734375,141.6942138671875,41.704383850097656,140.5166015625,150.28944396972656,115.51744079589844,77.08206939697266,44.999385833740234,43.44255447387695,88.33273315429688,396.45001220703125,67.80999755859375,77.03858947753906,26.80455780029297,25.309999465942383
2025-10-17,658.9308471679688,51.551753997802734,141.9432373046875,42.04670333862305,141.45455932617188,150.41831970214844,116.51148986816406,78.11074829101562,44.842681884765625,43.35867691040039,88.19734954833984,388.989990234375,67.9800033569336,77.23954010009766,26.833566665649414,20.780000686645508
2025-10-20,665.7840576171875,52.15441131591797,143.52696228027344,42.49171829223633,142.95529174804688,152.19285583496094,117.43594360351562,78.04216766357422,44.82798767089844,43.87673568725586,88.53582763671875,403.1499938964844,67.83000183105469,77.39263916015625,26.901254653930664,18.229999542236328
2025-10-21,665.7741088867188,52.09513473510742,143.60165405273438,42.39391326904297,143.29098510742188,153.54110717773438,118.87232971191406,77.67967987060547,44.37255859375,43.708984375,88.97101593017578,377.239990234375,68.2699966430664,77.27781677246094,27.00762367248535,17.8700008392334
2025-10-22,662.3128051757812,51.79874801635742,142.18228149414062,42.936737060546875,144.11048889160156,151.54847717285156,117.94290161132812,78.12053680419922,44.26972198486328,43.575767517089844,89.02904510498047,377.2799987792969,70.62999725341797,77.2012710571289,26.978612899780273,18.600000381469727
2025-10-23,666.2402954101562,51.90742492675781,143.97518920898438,43.50890350341797,144.189453125,153.44195556640625,118.47471618652344,77.73846435546875,44.235443115234375,44.0987548828125,88.41978454589844,378.7900085449219,73.29000091552734,77.37349700927734,26.988283157348633,17.299999237060547
2025-10-24,671.6851806640625,52.470558166503906,146.21133422851562,43.06877517700195,144.17958068847656,153.57083129882812,118.12183380126953,77.48373413085938,44.75453186035156,43.916202545166016,88.45846557617188,377.5199890136719,73.18000030517578,77.58403015136719,26.988283157348633,16.3700008392334
2025-10-27,679.6094970703125,52.68790817260742,148.91065979003906,43.17146682739258,144.51527404785156,154.44322204589844,119.82164764404297,77.6111068725586,44.87696075439453,43.89646911621094,88.75825500488281,367.010009765625,73.12000274658203,77.77538299560547,26.959272384643555,15.789999961853027
2025-10-28,681.41455078125,52.35200500488281,150.3848114013672,42.721561431884766,143.60693359375,153.3428192138672,119.8514633178711,76.83714294433594,44.13749694824219,43.95567321777344,88.9903564453125,364.3800048828125,71.38999938964844,77.69884490966797,26.9399356842041,16.420000076293945
2025-10-29,681.7418823242188,51.46283721923828,151.46556091308594,43.039432525634766,142.1555633544922,153.73934936523438,118.86238861083984,75.02471923828125,44.12281036376953,43.09225082397461,88.09098815917969,363.0,71.80000305175781,77.45960998535156,27.094650268554688,16.920000076293945
2025-10-30,674.2439575195312,51.60115432739258,149.60292053222656,42.785133361816406,142.4715118408203,153.3527374267578,116.17848205566406,74.94634246826172,43.93671798706055,42.514991760253906,87.57842254638672,370.1300048828125,71.70999908447266,77.31608581542969,27.201017379760742,16.90999984741211
2025-10-31,676.4556274414062,51.739463806152344,149.74734497070312,43.09811019897461,142.42214965820312,153.71954345703125,119.25006103515625,74.73080444335938,43.63310241699219,42.26829528808594,87.31732177734375,368.1199951171875,72.55999755859375,77.31608581542969,27.27837562561035,17.440000534057617
2025-11-03,677.7251586914062,51.522117614746094,150.35992431640625,43.103004455566406,142.61959838867188,153.06521606445312,120.36836242675781,74.14299011230469,43.6575813293457,42.006805419921875,87.09893035888672,368.7799987792969,72.73999786376953,77.07565307617188,27.297714233398438,17.170000076293945
2025-11-04,669.6917114257812,51.78886413574219,146.390625,42.638427734375,143.26138305664062,151.29071044921875,118.37034606933594,74.44670104980469,43.500877380371094,41.799583435058594,87.29305267333984,362.32000732421875,71.93000030517578,77.08526611328125,27.384742736816406,19.0
2025-11-05,672.0125122070312,51.966697692871094,146.96336364746094,42.75090408325195,143.8142852783203,151.8756103515625,119.81169891357422,74.39772033691406,43.51066970825195,42.0462760925293,86.34188079833984,366.510009765625,71.02999877929688,77.1622085571289,27.394412994384766,18.010000228881836
2025-11-06,664.8021850585938,51.778987884521484,144.0100555419922,43.16657638549805,144.09071350097656,151.27088928222656,117.04329681396484,74.06462097167969,43.31968307495117,41.83905792236328,87.11835479736328,366.07000732421875,70.87999725341797,77.1910629272461,27.249366760253906,19.5
2025-11-07,665.4567260742188,52.14453125,143.5120086669922,43.78764724731445,144.28819274902344,152.00450134277344,117.2271957397461,75.15206909179688,43.922027587890625,42.342308044433594,86.93392944335938,368.30999755859375,71.26000213623047,77.25839233398438,27.230026245117188,19.079999923706055
2025-11-10,675.8407592773438,52.332244873046875,147.1824951171875,44.18375778198242,145.4137420654297,152.86697387695312,118.76795959472656,74.87776947021484,43.9073371887207,42.741947174072266,86.91453552246094,378.3800048828125,71.68000030517578,77.51806640625,27.249366760253906,17.600000381469727
2025-11-11,677.3878784179688,52.56935501098633,145.92747497558594,44.76081466674805,148.77066040039062,152.9066162109375,119.06120300292969,75.85746002197266,43.931819915771484,43.18599319458008,87.31246185302734,379.8699951171875,72.72000122070312,77.60462188720703,27.2106876373291,17.280000686645508
2025-11-12,677.7647705078125,53.0238151550293,146.38067626953125,44.134857177734375,150.883544921875,153.05532836914062,118.26100158691406,75.74968719482422,44.0346565246582,43.49189376831055,87.46775817871094,385.989990234375,69.79000091552734,77.45074462890625,27.220355987548828,17.510000228881836
2025-11-13,666.5179443359375,52.342124938964844,142.73011779785156,44.24733352661133,150.8045654296875,150.68597412109375,115.30870056152344,75.74968719482422,43.42741775512695,43.20573043823242,86.74952697753906,382.8699951171875,69.8499984741211,77.13335418701172,27.14299964904785,20.0
2025-11-14,666.408935546875,51.81850814819336,143.50704956054688,45.00043869018555,149.90609741210938,150.69590759277344,114.75700378417969,75.69091033935547,43.46659851074219,42.81101989746094,86.25454711914062,375.9599914550781,71.37999725341797,77.152587890625,27.181678771972656,19.829999923706055
2025-11-17,660.2002563476562,50.83054733276367,141.26092529296875,44.17886734008789,149.77774047851562,149.21878051757812,113.678466796875,75.21085357666016,43.85836410522461,42.15975570678711,86.46806335449219,371.6499938964844,71.30000305175781,77.0275650024414,27.249366760253906,22.3799991607666
2025-11-18,654.65625,50.75150680541992,138.96502685546875,44.53096389770508,150.65646362304688,148.55458068847656,111.58104705810547,75.5341567993164,43.69186019897461,42.19429016113281,86.4389419555664,374.3500061035156,72.5,77.04679107666016,27.27837562561035,24.690000534057617
2025-11-19,657.185302734375,50.9392204284668,139.9311981201172,43.953914642333984,150.39976501464844,149.05026245117188,111.58601379394531,74.95613861083984,43.324581146240234,42.302833557128906,86.26423645019531,374.9599914550781,70.87999725341797,77.08526611328125,27.452430725097656,23.65999984741211
2025-11-20,647.1683349609375,50.4946403503418,135.53857421875,43.45510482788086,149.50128173828125,146.5520477294922,109.92100524902344,75.4949722290039,43.104209899902344,41.671302795410156,86.60395050048828,374.8500061035156,70.1500015258789,77.03717041015625,27.471771240234375,26.420000076293945
2025-11-21,653.6148681640625,51.04789733886719,136.0615234375,43.72895812988281,152.65086364746094,148.3364715576172,112.07807159423828,76.31790924072266,43.16787338256836,42.603797912597656,86.86600494384766,374.2699890136719,69.30000305175781,77.2968521118164,27.452430725097656,23.43000030517578
2025-11-24,663.2351684570312,51.26524353027344,139.3036651611328,43.60670471191406,153.29263305664062,148.70327758789062,113.5740966796875,75.43619537353516,43.6575813293457,42.68767166137695,87.36100006103516,380.20001220703125,70.41999816894531,77.5084457397461,27.452430725097656,20.520000457763672
2025-11-25,669.4734497070312,51.90742492675781,139.6772003173828,43.332847595214844,156.75814819335938,150.60667419433594,116.00453186035156,76.47466278076172,43.49108123779297,43.32413864135742,87.58422088623047,380.0799865722656,69.25,77.7777328491211,27.375072479248047,18.559999465942383
2025-11-26,674.09521484375,52.31248474121094,141.33065795898438,43.66049575805664,156.41258239746094,151.47906494140625,116.79975891113281,77.3073959350586,44.06894302368164,43.856998443603516,87.97245788574219,383.1199951171875,70.04000091552734,77.85466766357422,27.297714233398438,17.190000534057617
2025-11-28,677.7747192382812,52.68790817260742,142.54583740234375,44.23265838623047,155.65234375,152.3613739013672,117.5254135131836,77.758056640625,44.38235092163086,44.10862731933594,87.55511474609375,387.8800048828125,71.06999969482422,77.89314270019531,27.27837562561035,16.350000381469727
2025-12-01,674.6803588867188,52.253204345703125,142.610595703125,44.65811538696289,153.32223510742188,150.13084411621094,117.5949935913086,77.67967987060547,43.344173431396484,44.00007629394531,86.46516418457031,389.75,71.05999755859375,77.7530517578125,27.268707275390625,17.239999771118164
2025-12-02,675.9300537109375,52.20381164550781,144.07977294921875,44.0810661315918,152.40403747558594,151.4394073486328,117.51546478271484,77.17023468017578,43.03565216064453,43.600440979003906,86.50411224365234,387.239990234375,70.19999694824219,77.8979721069336,27.259037017822266,16.59000015258789
2025-12-03,678.2706298828125,52.9052619934082,144.4234161376953,44.90752029418945,153.1149139404297,152.87689208984375,118.78286743164062,77.22901916503906,42.89853286743164,43.90633773803711,86.74761962890625,386.8800048828125,70.66000366210938,77.96561431884766,27.123659133911133,16.079999923706055
2025-12-04,678.7665405273438,53.01393508911133,144.96128845214844,45.098243713378906,151.94985961914062,153.6699676513672,118.36040496826172,76.85674285888672,42.81038284301758,43.649776458740234,86.28009033203125,387.1300048828125,71.38999938964844,78.02359771728516,27.181678771972656,15.779999732971191
2025-12-05,680.0557861328125,53.033695220947266,146.02207946777344,44.91240692138672,151.3179473876953,153.24368286132812,119.0164794921875,76.86653900146484,42.4088249206543,43.50669479370117,85.88072967529297,386.44000244140625,71.91999816894531,78.02359771728516,27.152667999267578,15.40999984741211
2025-12-08,678.0127563476562,52.83610153198242,147.0480194091797,44.42338180541992,149.5111541748047,153.05532836914062,117.28683471679688,76.22972869873047,41.840763092041016,42.904762268066406,85.5982666015625,385.4200134277344,70.48999786376953,77.8303451538086,27.191349029541016,16.65999984741211
2025-12-09,677.4275512695312,52.638511657714844,147.43650817871094,44.697242736816406,148.05979919433594,151.93507385253906,117.27690124511719,76.40608215332031,41.870147705078125,42.815956115722656,85.68592834472656,387.3999938964844,69.86000061035156,77.74337768554688,27.230026245117188,16.93000030517578
2025-12-10,681.92041015625,53.24116897583008,148.1436767578125,45.16670608520508,150.212158203125,154.71087646484375,118.99658966064453,76.63141632080078,41.850555419921875,43.65471267700195,86.01709747314453,389.04998779296875,70.54000091552734,78.00426483154297,27.084980010986328,15.770000457763672
2025-12-11,683.5072021484375,54.20936584472656,147.38670349121094,44.951534271240234,151.63392639160156,156.366455078125,119.46378326416016,77.19963073730469,42.154178619384766,44.523067474365234,85.90020751953125,393.239990234375,69.25,77.9946060180664,26.988283157348633,14.850000381469727
2025-12-12,676.1580810546875,54.28841018676758,143.12356567382812,44.51140594482422,152.1078338623047,155.385009765625,119.9806900024414,77.8070297241211,41.94850158691406,44.55267333984375,85.07227325439453,395.44000244140625,68.80999755859375,77.84967041015625,27.026962280273438,15.739999771118164
2025-12-15,675.1365356445312,54.32792282104492,141.73904418945312,44.198429107666016,154.12197875976562,155.63284301757812,121.00454711914062,78.02257537841797,42.33047103881836,44.523067474365234,85.13072967529297,395.79998779296875,67.88999938964844,77.8883285522461,27.00762367248535,16.5
2025-12-16,673.2918701171875,53.98213577270508,141.99801635742188,42.84871292114258,152.11770629882812,154.71087646484375,121.20335388183594,77.66988372802734,42.154178619384766,44.40465545654297,85.5982666015625,395.8900146484375,66.16999816894531,77.93663024902344,26.978612899780273,16.479999542236328
2025-12-17,665.8832397460938,53.972259521484375,138.8404998779297,43.79742431640625,151.84124755859375,152.2027587890625,119.8017578125,78.03237915039062,41.87993621826172,44.59214401245117,85.52034759521484,399.2900085449219,67.9800033569336,77.84000396728516,27.036630630493164,17.6200008392334
2025-12-18,670.9114990234375,53.88334274291992,140.98202514648438,43.16168975830078,151.95973205566406,153.19410705566406,121.61090850830078,77.58171081542969,42.29129409790039,44.57240295410156,85.929443359375,398.57000732421875,67.19000244140625,78.05257415771484,27.055971145629883,16.8700008392334
2025-12-19,676.9923095703125,54.17972946166992,144.0299835205078,43.16168975830078,152.9766845703125,154.5126190185547,121.12383270263672,77.18003845214844,41.75261688232422,44.76976013183594,85.60871124267578,399.0199890136719,68.02999877929688,78.01472473144531,27.14299964904785,14.90999984741211
2025-12-22,681.2098388671875,54.844970703125,144.80706787109375,43.608524322509766,153.98507690429688,156.22557067871094,121.85191345214844,76.91043090820312,41.907535552978516,45.298423767089844,85.42292785644531,408.2300109863281,69.7300033569336,78.08267211914062,27.030000686645508,14.079999923706055
2025-12-23,684.3233032226562,54.95402526855469,145.59515380859375,43.89457702636719,153.6776885986328,156.1658935546875,121.68260192871094,76.54505157470703,42.055545806884766,45.37777328491211,85.55982971191406,413.6400146484375,70.30000305175781,78.14093017578125,26.940000534057617,14.0
2025-12-24,686.7305297851562,55.25144958496094,145.94430541992188,43.76634979248047,154.4808349609375,156.6732177734375,122.10092163085938,77.14745330810547,42.24303436279297,45.467041015625,86.07806396484375,411.92999267578125,70.19999694824219,78.28654479980469,26.950000762939453,13.470000267028809
2025-12-26,686.660888671875,55.142391204833984,146.17373657226562,43.598663330078125,154.72872924804688,156.38475036621094,121.56307983398438,77.2560806274414,42.21342849731445,45.73484420776367,85.79450225830078,416.739990234375,68.4800033569336,78.24771881103516,26.969999313354492,13.600000381469727
2025-12-29,684.2138671875,54.844970703125,145.51535034179688,44.01294708251953,154.49073791503906,156.0465087890625,120.36786651611328,77.30545806884766,42.2923698425293,45.367855072021484,86.1171875,398.6000061035156,69.61000061035156,78.2768325805664,26.979999542236328,14.199999809265137
2025-12-30,683.3782958984375,54.70616912841797,145.0564727783203,44.348323822021484,154.36184692382812,155.59889221191406,119.87981414794922,77.17707824707031,42.39104461669922,45.357933044433594,85.9118423461914,398.8900146484375,69.73999786376953,78.3545150756836,27.049999237060547,14.329999923706055
2025-12-31,678.3152465820312,54.29969024658203,143.61996459960938,44.101722717285156,153.4893035888672,154.3057098388672,118.9336166381836,76.71292877197266,42.1246223449707,44.98102569580078,85.22737121582031,396.30999755859375,69.16000366210938,78.2768325805664,27.030000686645508,14.949999809265137
2026-01-02,679.55859375,54.458316802978516,143.94915771484375,45.028934478759766,154.1932830810547,157.15069580078125,117.87783813476562,76.7228012084961,42.608131408691406,45.74475860595703,85.10023498535156,398.2799987792969,68.95999908447266,78.315673828125,27.110000610351562,14.510000228881836
2026-01-05,684.0845947265625,55.648014068603516,144.26837158203125,46.2520637512207,153.72726440429688,159.01087951660156,119.82006072998047,76.38703155517578,42.134490966796875,46.201019287109375,85.52071380615234,408.760009765625,70.22000122070312,78.51953125,27.06999969482422,14.899999618530273
2026-01-06,688.1529541015625,55.91569900512695,146.29344177246094,45.01906967163086,156.75143432617188,161.16949462890625,120.58698272705078,76.50554656982422,42.341705322265625,47.1135368347168,85.34469604492188,413.17999267578125,68.51000213623047,78.53895568847656,27.15999984741211,14.75
2026-01-07,685.9347534179688,55.13248062133789,146.17373657226562,44.51601028442383,158.3081512451172,158.13551330566406,120.41767120361328,75.66612243652344,41.31547927856445,46.300209045410156,85.84339141845703,409.2300109863281,67.79000091552734,78.51953125,27.200000762939453,15.380000114440918
2026-01-08,685.8651123046875,55.41999053955078,143.88931274414062,45.916690826416016,156.7811737060547,159.32920837402344,122.42960357666016,77.46347045898438,41.433895111083984,47.1135368347168,85.41314697265625,411.489990234375,70.54000091552734,78.57778930664062,27.270000457763672,15.449999809265137
2026-01-09,690.4010009765625,55.25144958496094,145.79466247558594,46.035057067871094,155.97805786132812,161.0799560546875,123.91366577148438,78.26338195800781,41.94700241088867,47.86735153198242,85.98028564453125,414.4700012207031,70.77999877929688,78.63603210449219,27.329999923706055,14.489999771118164
2026-01-12,691.4852294921875,54.81522750854492,146.43310546875,45.70954513549805,156.04745483398438,162.31344604492188,124.02322387695312,79.18180847167969,42.016082763671875,48.12523651123047,85.72604370117188,422.2300109863281,71.6500015258789,78.67487335205078,27.280000686645508,15.119999885559082
2026-01-13,690.1026000976562,53.76432800292969,146.1238555908203,46.360565185546875,155.4128875732422,163.14903259277344,123.71446228027344,80.10022735595703,42.28250503540039,48.333526611328125,85.87273406982422,421.6300048828125,73.4800033569336,78.67487335205078,27.350000381469727,15.979999542236328
2026-01-14,686.7105712890625,53.68501663208008,144.3481903076172,47.40614700317383,156.5233917236328,163.40768432617188,121.76228332519531,81.20629119873047,42.598262786865234,48.353363037109375,86.37142181396484,425.94000244140625,72.61000061035156,78.67487335205078,27.329999923706055,16.75
2026-01-15,688.5806884765625,53.90312576293945,145.10635375976562,46.9622688293457,155.6310272216797,164.9097442626953,122.21048736572266,81.34454345703125,43.03243637084961,48.56165313720703,86.35186004638672,423.3299865722656,71.12999725341797,78.67487335205078,27.43000030517578,15.84000015258789
2026-01-16,688.0037231445312,53.9725227355957,145.2659454345703,47.04117965698242,154.4213409423828,166.02386474609375,121.81208801269531,81.08777618408203,42.81535339355469,48.283931732177734,85.8531723022461,421.2900085449219,71.6500015258789,78.7234115600586,27.43000030517578,15.859999656677246
2026-01-20,673.9981689453125,52.7431755065918,141.49514770507812,46.9524040222168,154.08421325683594,162.6715545654297,118.644775390625,81.33466339111328,42.39104461669922,47.79792022705078,84.72867584228516,437.2300109863281,71.86000061035156,78.51953125,27.209999084472656,20.09000015258789
2026-01-21,681.77685546875,53.000938415527344,143.46034240722656,48.08675765991211,156.9199981689453,165.48670959472656,120.9156723022461,81.4136734008789,42.450252532958984,48.83938217163086,85.37403869628906,443.6000061035156,73.33999633789062,78.75253295898438,27.270000457763672,16.899999618530273
2026-01-22,685.3379516601562,53.34793472290039,144.5277557373047,48.24458312988281,156.9497528076172,164.63121032714844,122.13080596923828,81.24578094482422,42.14435577392578,49.11709976196289,85.74559783935547,451.7900085449219,71.81999969482422,78.810791015625,27.149999618530273,15.640000343322754
2026-01-23,685.5865478515625,52.614288330078125,144.73724365234375,48.52077102661133,156.1466064453125,163.35794067382812,122.63876342773438,81.87782287597656,41.99634552001953,49.56344223022461,85.98028564453125,458.0,73.94999694824219,78.7719497680664,26.90999984741211,16.09000015258789
2026-01-26,689.068115234375,52.95137023925781,145.72483825683594,48.55036544799805,156.76136779785156,163.51712036132812,121.83200073242188,81.74943542480469,42.30223846435547,49.622947692871094,86.3909683227539,464.70001220703125,73.4800033569336,78.810791015625,26.780000686645508,16.149999618530273
2026-01-27,691.8134765625,52.544891357421875,147.69004821777344,48.994239807128906,154.13380432128906,164.1935272216797,122.20052337646484,82.12470245361328,42.85482406616211,49.57335662841797,85.8531723022461,476.1000061035156,75.66000366210938,78.80106353759766,26.469999313354492,16.350000381469727
2026-01-28,691.7438354492188,52.534976959228516,148.86717224121094,49.36907196044922,153.00344848632812,163.27835083007812,121.28419494628906,81.295166015625,42.75614929199219,49.543601989746094,85.65760803222656,494.55999755859375,76.62000274658203,78.67487335205078,26.6299991607666,16.350000381469727
2026-01-29,690.3711547851562,53.09016799926758,146.51290893554688,49.822811126708984,152.51760864257812,164.98931884765625,120.70651245117188,81.1075210571289,42.75614929199219,49.59319305419922,85.67715454101562,495.8999938964844,79.13999938964844,78.6651611328125,26.59000015258789,16.8799991607666
2026-01-30,688.3121337890625,52.981109619140625,143.5301971435547,50.355464935302734,153.4298095703125,164.571533203125,120.68658447265625,82.47035217285156,42.677207946777344,48.86913299560547,85.1980209350586,444.95001220703125,79.5199966430664,78.75253295898438,26.850000381469727,17.440000534057617
2026-02-02,691.73388671875,53.566043853759766,144.9068145751953,49.36907196044922,154.37176513671875,166.6505584716797,121.4833984375,83.4480209350586,42.055545806884766,49.24604415893555,84.95459747314453,427.1300048828125,75.33000183105469,78.80033874511719,26.989999771118164,16.34000015258789
2026-02-03,685.885009765625,53.070335388183594,141.73455810546875,50.9670295715332,152.79522705078125,168.05316162109375,120.5073013305664,84.80096435546875,42.66733932495117,50.28750228881836,85.16072845458984,454.2900085449219,77.47000122070312,78.75157165527344,26.920000076293945,18.0
2026-02-04,682.5626831054688,53.496646881103516,137.7841796875,52.11125183105469,154.70887756347656,168.5008087158203,119.62085723876953,85.90702056884766,42.50946044921875,51.46781921386719,84.94478607177734,453.9700012207031,77.87999725341797,78.65399169921875,27.010000228881836,18.639999389648438
2026-02-05,674.0379638671875,52.832401275634766,135.3002471923828,51.49968719482422,153.52894592285156,167.4861602783203,117.04119110107422,85.837890625,42.52919387817383,50.08912658691406,85.86744689941406,441.8800048828125,76.69000244140625,78.56620025634766,27.09000015258789,21.770000457763672
2026-02-06,686.96923828125,53.794071197509766,140.786865234375,52.525535583496094,156.37466430664062,172.27090454101562,117.51927185058594,86.84519958496094,42.775882720947266,51.09090805053711,85.92634582519531,455.4599914550781,76.98999786376953,78.83935546875,27.010000228881836,20.3700008392334
2026-02-09,690.2816162109375,53.4768180847168,143.00148010253906,52.91022872924805,154.99642944335938,172.7881622314453,117.0810317993164,86.34154510498047,42.90415954589844,51.75545883178711,85.9067153930664,467.0299987792969,78.0199966430664,78.94667053222656,26.790000915527344,17.360000610351562
2026-02-10,688.4613037109375,53.09016799926758,142.20343017578125,52.85104751586914,154.0148162841797,172.99708557128906,117.85792541503906,86.06503295898438,43.614627838134766,52.47951889038086,86.89810180664062,462.3999938964844,78.02999877929688,78.8686294555664,26.799999237060547,17.790000915527344
2026-02-11,688.3021850585938,52.28712463378906,142.62240600585938,54.231998443603516,154.92701721191406,173.92218017578125,117.29019165039062,87.29946899414062,43.99946212768555,53.183738708496094,86.43675994873047,467.6300048828125,78.88999938964844,78.85888671875,26.829999923706055,17.649999618530273
2026-02-12,677.668701171875,51.24613952636719,138.87155151367188,53.24560546875,154.67913818359375,171.84315490722656,115.66669464111328,88.0993881225586,44.650718688964844,52.40017318725586,87.585205078125,451.3900146484375,76.37999725341797,78.81985473632812,26.81999969482422,20.81999969482422
2026-02-13,678.1461181640625,51.206485748291016,139.22068786621094,53.61056900024414,156.33499145507812,173.25570678710938,115.71649932861328,88.3956527709961,45.8841667175293,52.87626647949219,88.066162109375,462.6199951171875,76.22000122070312,78.87838745117188,26.81999969482422,20.600000381469727
2026-02-17,679.2402954101562,51.75175857543945,139.14088439941406,53.018733978271484,156.03753662109375,174.16091918945312,115.57705688476562,87.10195922851562,45.76575469970703,52.2712287902832,88.2134017944336,448.20001220703125,75.7300033569336,78.83935546875,26.90999984741211,20.290000915527344
2026-02-18,682.662109375,52.13841247558594,140.56741333007812,54.03471755981445,156.33499145507812,174.1211395263672,116.55313873291016,86.9439468383789,45.005950927734375,52.588623046875,87.87966918945312,458.2799987792969,79.4000015258789,78.93693542480469,27.079999923706055,19.6200008392334
2026-02-19,680.8616943359375,51.70219039916992,139.86911010742188,54.42927932739258,155.928466796875,175.41432189941406,115.77625274658203,86.57855987548828,45.49932861328125,52.40017318725586,87.96800231933594,459.55999755859375,81.19000244140625,78.96619415283203,27.1200008392334,20.229999542236328
2026-02-20,685.7855834960938,52.03927230834961,140.53749084472656,54.13336181640625,155.49220275878906,176.29965209960938,116.98143005371094,86.79581451416016,45.71641540527344,52.529109954833984,87.76187896728516,468.6199951171875,80.8499984741211,79.02472686767578,27.09000015258789,19.09000015258789
2026-02-23,678.7827758789062,50.29438018798828,138.1832275390625,54.399688720703125,157.1976318359375,173.91224670410156,114.53124237060547,87.86237335205078,46.0617790222168,52.529109954833984,88.08580017089844,481.2799987792969,80.9000015258789,78.89790344238281,27.09000015258789,21.010000228881836
2026-02-24,683.7164916992188,50.542236328125,139.97885131835938,54.35036849975586,156.53330993652344,176.0509490966797,116.27426147460938,88.62278747558594,46.574893951416016,52.92585754394531,88.24285125732422,474.6099853515625,80.76000213623047,78.83935546875,27.110000610351562,19.549999237060547
2026-02-25,689.4859008789062,51.42459487915039,142.66229248046875,54.12349319458008,156.49365234375,174.67820739746094,116.62286376953125,87.9018783569336,46.73277282714844,52.628299713134766,88.25265502929688,473.4200134277344,79.7300033569336,78.94667053222656,27.079999923706055,17.93000030517578
2026-02-26,685.6561889648438,52.0491828918457,140.6671600341797,54.301048278808594,156.0871124267578,175.77243041992188,116.5830307006836,87.75374603271484,46.55515670776367,52.56878662109375,88.60602569580078,477.4800109863281,79.7699966430664,78.87838745117188,27.100000381469727,18.6299991607666
2026-02-27,682.3637084960938,50.988372802734375,138.42262268066406,55.15920639038086,158.84356689453125,176.21011352539062,116.39378356933594,88.8894271850586,47.09787368774414,52.97544860839844,89.14588165283203,483.75,81.94999694824219,78.75157165527344,27.079999923706055,19.860000610351562
2026-03-02,682.7516479492188,50.85948944091797,139.2007293701172,56.26397705078125,157.18771362304688,177.96087646484375,114.95952606201172,87.6056137084961,46.74264144897461,52.81675338745117,88.25067138671875,490.0,87.19000244140625,78.70645904541016,27.329999923706055,21.440000534057617
2026-03-03,676.7337036132812,50.770263671875,137.1656951904297,55.75104522705078,155.4128875732422,174.51905822753906,113.90375518798828,86.6476821899414,46.44661331176758,51.51741027832031,88.07340240478516,468.1400146484375,90.19999694824219,78.54960632324219,27.459999084472656,23.56999969482422
2026-03-04,681.50830078125,51.057769775390625,139.5,55.425537109375,155.7202606201172,175.04624938964844,115.9256591796875,86.07491302490234,46.64396667480469,51.4975700378418,87.79766082763672,471.79998779296875,91.55999755859375,78.82410430908203,27.40999984741211,21.149999618530273
2026-03-05,677.7084350585938,50.79008865356445,139.83917236328125,55.71158981323242,152.60684204101562,171.1567840576172,116.08502960205078,84.3467025756836,46.27886962890625,50.41644287109375,87.443115234375,466.1300048828125,96.30999755859375,78.51038360595703,27.479999542236328,23.75
2026-03-06,668.8256225585938,50.13575744628906,136.95620727539062,55.80036544799805,151.40708923339844,169.04791259765625,113.98344421386719,84.71208190917969,46.12098693847656,49.4543342590332,87.11811065673828,473.510009765625,108.7699966430664,78.12802124023438,27.469999313354492,29.489999771118164
2026-03-09,674.6845092773438,49.89781951904297,139.42019653320312,55.553768157958984,152.95387268066406,170.04266357421875,114.13284301757812,84.89972686767578,46.229530334472656,49.583274841308594,87.87644958496094,472.5299987792969,104.33000183105469,78.59861755371094,27.459999084472656,25.5
2026-03-10,673.6002807617188,49.63013458251953,139.42019653320312,54.843563079833984,151.853271484375,169.1274871826172,113.98344421386719,84.65283203125,45.9433708190918,49.47417449951172,86.94084930419922,477.8599853515625,105.86000061035156,78.4711685180664,27.450000762939453,24.93000030517578
2026-03-11,672.7548217773438,49.213741302490234,140.08856201171875,56.20479202270508,151.55581665039062,168.60028076171875,113.68463897705078,83.53689575195312,45.55853271484375,49.43449783325195,85.81814575195312,476.239990234375,108.05000305175781,78.2947006225586,27.549999237060547,24.229999542236328
2026-03-12,662.5390625,48.41069793701172,137.50486755371094,56.727577209472656,148.8885955810547,164.37258911132812,111.07508850097656,83.20113372802734,45.8841667175293,49.27579879760742,85.65071868896484,466.8800048828125,118.38999938964844,77.79469299316406,27.68000030517578,27.290000915527344
2026-03-13,658.7890014648438,48.470184326171875,136.4674072265625,56.91499328613281,148.52171325683594,163.78567504882812,110.417724609375,83.68502807617188,46.338069915771484,48.7897834777832,85.22724914550781,460.8399963378906,119.88999938964844,77.64762878417969,27.889999389648438,27.190000534057617
2026-03-16,665.493408203125,48.87665939331055,138.44259643554688,57.112274169921875,149.73138427734375,165.1882781982422,111.75236511230469,83.92205047607422,46.63409423828125,48.998077392578125,85.8870849609375,460.42999267578125,115.02999877929688,77.8927230834961,27.729999542236328,23.510000228881836
2026-03-17,667.2440185546875,49.13443374633789,139.2007293701172,57.71397399902344,148.3730010986328,165.6259765625,112.72846221923828,83.6455307006836,46.505821228027344,49.11709976196289,86.12344360351562,459.2699890136719,118.83999633789062,78.24566650390625,27.68000030517578,22.3700008392334
2026-03-18,657.9335327148438,48.54949951171875,137.62457275390625,57.63506317138672,145.89414978027344,164.31289672851562,110.12887573242188,81.61117553710938,46.11111831665039,48.08556365966797,85.640869140625,444.739990234375,121.66999816894531,77.84371185302734,27.850000381469727,25.09000015258789
2026-03-19,656.3121337890625,48.56932830810547,138.0934295654297,58.55241012573242,145.36865234375,163.1987762451172,109.26234436035156,80.94951629638672,45.92363739013672,47.35158157348633,86.16283416748047,426.4100036621094,117.36000061035156,78.09861755371094,27.579999923706055,24.059999465942383
2026-03-20,646.9034423828125,48.65855407714844,134.96107482910156,58.50309371948242,144.0994873046875,160.82131958007812,107.31016540527344,80.27798461914062,44.05866622924805,46.5977668762207,84.52802276611328,413.3800048828125,121.43000030517578,77.37311553955078,27.68000030517578,26.780000686645508
2026-03-23,653.6959228515625,49.0980110168457,136.78689575195312,59.203041076660156,144.13433837890625,162.6498260498047,109.90100860595703,80.62060546875,44.495872497558594,47.372867584228516,85.07952117919922,404.0400085449219,110.55999755859375,77.88292694091797,27.559999465942383,26.149999618530273
2026-03-24,651.5015869140625,49.107975006103516,135.9878387451172,60.40437698364258,144.15423583984375,163.59750366210938,109.46187591552734,80.55108642578125,44.80390548706055,48.26951599121094,84.70529174804688,404.1300048828125,114.54000091552734,77.61821746826172,27.649999618530273,26.950000762939453
2026-03-25,655.1322021484375,49.16776657104492,136.5971221923828,60.13631057739258,145.59788513183594,164.69480895996094,110.50979614257812,80.94833374023438,44.962890625,49.2259407043457,85.52269744873047,416.2900085449219,113.38999938964844,77.86331939697266,27.700000762939453,25.329999923706055
2026-03-26,643.432373046875,48.87877655029297,132.34219360351562,61.07950973510742,145.10008239746094,160.87420654296875,108.61357116699219,80.58087921142578,45.04238510131836,48.90713119506836,84.80376434326172,400.6400146484375,117.26000213623047,77.37311553955078,27.809999465942383,27.440000534057617
2026-03-27,632.4606323242188,47.64310836791992,129.76527404785156,62.112064361572266,142.63095092773438,158.8092803955078,105.46983337402344,81.21646881103516,45.30073165893555,48.72780227661133,84.34089660644531,414.70001220703125,124.19999694824219,77.17703247070312,27.84000015258789,31.049999237060547
2026-03-30,630.3460693359375,48.19118881225586,127.34815216064453,61.516357421875,143.18850708007812,156.2256317138672,105.44987487792969,81.31578063964844,45.62863540649414,48.90713119506836,85.46360778808594,414.5799865722656,129.8300018310547,77.26527404785156,27.979999542236328,30.610000610351562
2026-03-31,648.6688842773438,49.197662353515625,132.74171447753906,60.82136917114258,145.96624755859375,161.33306884765625,108.76327514648438,81.41510009765625,45.59882736206055,49.78385543823242,85.37496948242188,430.2900085449219,127.25,78.00057220458984,27.780000686645508,25.25
2026-04-01,653.5562744140625,49.267417907714844,134.74932861328125,58.547767639160156,147.08132934570312,164.02642822265625,109.5816421508789,80.89867401123047,45.81743240356445,50.27202606201172,85.29092407226562,437.82000732421875,124.08999633789062,78.19169616699219,27.729999542236328,24.540000915527344
2026-04-02,654.144775390625,49.35710144042969,135.8280487060547,58.82576370239258,146.16537475585938,163.36807250976562,107.93492126464844,81.32571411132812,46.04597473144531,50.22221374511719,85.81497955322266,429.4100036621094,137.9199981689453,78.37886810302734,27.860000610351562,23.8700008392334
2026-04-06,657.23681640625,49.70588302612305,136.61709594726562,59.252685546875,145.6376953125,164.2060089111328,108.82315063476562,82.09041595458984,45.877052307128906,50.03292465209961,85.67655181884766,427.6499938964844,138.94000244140625,78.51679992675781,27.829999923706055,24.170000076293945
2026-04-07,657.5260009765625,49.70588302612305,137.2663116455078,59.729248046875,145.9264373779297,163.87681579589844,107.55567169189453,80.70005798339844,45.976417541503906,49.8934440612793,85.66665649414062,431.80999755859375,138.0800018310547,78.5364990234375,27.75,25.780000686645508
2026-04-08,674.27294921875,51.02127456665039,141.52125549316406,57.63435363769531,149.0128173828125,170.02169799804688,110.599609375,82.20957946777344,46.48318099975586,51.55722427368164,85.9435043334961,434.5299987792969,124.58000183105469,78.99952697753906,27.530000686645508,21.040000915527344
2026-04-09,678.162841796875,51.150821685791016,141.9008026123047,56.91950988769531,148.67431640625,171.76739501953125,112.51579284667969,82.87496185302734,46.85083770751953,51.47751998901367,85.72598266601562,437.9100036621094,126.95999908447266,79.08818054199219,27.479999542236328,19.489999771118164
2026-04-10,677.7140502929688,50.5927734375,142.45013427734375,56.53230285644531,146.66317749023438,171.0990447998047,112.66549682617188,81.80240631103516,46.66204071044922,51.76643753051758,85.51834106445312,437.1300048828125,124.81999969482422,78.77294158935547,27.440000534057617,19.229999542236328
2026-04-13,684.3369750976562,51.47966766357422,145.43658447265625,56.70108413696289,147.32028198242188,172.30606079101562,113.69344329833984,80.9880599975586,46.09565734863281,51.995582580566406,85.77542114257812,435.3599853515625,128.47000122070312,79.0684814453125,27.3799991607666,19.1200008392334
2026-04-14,692.675537109375,51.599246978759766,147.76380920410156,55.54939270019531,148.17649841308594,172.924560546875,116.20843505859375,80.90860748291016,46.17515182495117,51.816253662109375,86.23025512695312,445.0899963378906,123.8499984741211,79.30492401123047,27.31999969482422,18.360000610351562
2026-04-15,698.1414184570312,51.987884521484375,150.12100219726562,55.360748291015625,147.12115478515625,170.75987243652344,117.94497680664062,80.50143432617188,45.728004455566406,51.188602447509766,85.85452270507812,440.4599914550781,122.58999633789062,79.26551055908203,27.290000915527344,18.170000076293945
2026-04-16,699.8569946289062,51.84837341308594,151.83895874023438,56.17488098144531,145.96624755859375,169.91195678710938,117.39606475830078,80.86888122558594,46.055908203125,51.55722427368164,85.31070709228516,440.0799865722656,125.83999633789062,79.15714263916016,27.3700008392334,17.940000534057617
2026-04-17,708.3152465820312,52.246978759765625,154.1661834716797,54.62604904174805,148.14663696289062,173.0841522216797,120.17053985595703,81.89178466796875,45.86711502075195,51.68674087524414,86.09182739257812,445.92999267578125,116.04000091552734,79.45269775390625,27.360000610351562,17.479999542236328
2026-04-20,706.8988037109375,52.44628143310547,154.37591552734375,54.675689697265625,146.77268981933594,173.4731903076172,119.6316146850586,81.822265625,45.459716796875,52.03543472290039,86.07205200195312,442.0899963378906,121.31999969482422,79.38373565673828,27.31999969482422,18.8700008392334
2026-04-21,702.2708129882812,52.117431640625,154.50576782226562,55.46996307373047,145.27928161621094,171.0192413330078,118.73340606689453,81.27605438232422,44.664794921875,51.5771484375,85.59744262695312,429.57000732421875,128.25,79.1768569946289,27.469999313354492,19.5
2026-04-22,709.3825073242188,52.027748107910156,157.90171813964844,56.13516616821289,145.7372589111328,170.62020874023438,118.6934814453125,81.54419708251953,44.58530044555664,51.636924743652344,85.76553344726562,435.260009765625,129.39999389648438,79.30492401123047,27.479999542236328,18.920000076293945
2026-04-23,706.6295776367188,51.619178771972656,155.65440368652344,56.57201385498047,145.59788513183594,173.64279174804688,117.50584411621094,82.9047622680664,45.79756164550781,51.617000579833984,85.57766723632812,431.0400085449219,134.72000122070312,79.1768569946289,27.530000686645508,19.309999465942383
2026-04-24,712.10546875,51.24050521850586,160.02919006347656,56.46280288696289,143.5469207763672,172.0467071533203,118.45396423339844,82.65648651123047,45.88698959350586,51.726585388183594,85.73587036132812,433.25,132.39999389648438,79.28522491455078,27.479999542236328,18.709999084472656
2026-04-27,713.332275390625,51.629146575927734,160.37876892089844,56.363521575927734,142.83009338378906,172.08660888671875,117.60564422607422,81.77261352539062,45.89692306518555,51.58710861206055,85.31070709228516,429.8900146484375,134.72000122070312,79.31477355957031,27.450000762939453,18.020000457763672
2026-04-28,709.8612060546875,51.669002532958984,157.66201782226562,57.29678726196289,143.20840454101562,170.56036376953125,116.77730560302734,82.50751495361328,45.956546783447266,51.208526611328125,85.39969635009766,421.9100036621094,139.60000610351562,79.20640563964844,27.530000686645508,17.829999923706055
2026-04-29,709.7515258789062,51.7387580871582,158.92050170898438,58.607337951660156,142.21279907226562,169.512939453125,116.60763549804688,82.34861755371094,45.39016342163086,50.770164489746094,84.7372055053711,417.4100036621094,150.6300048828125,78.9404067993164,27.610000610351562,18.809999465942383
2026-04-30,716.8132934570312,51.948028564453125,159.31004333496094,59.222900390625,145.34898376464844,174.1515350341797,118.11463165283203,83.72903442382812,46.552738189697266,51.27826690673828,84.65811920166016,423.6600036621094,147.08999633789062,79.18669891357422,27.360000610351562,16.889999389648438
2026-05-01,718.7982177734375,51.7387580871582,161.67721557617188,58.42862319946289,144.5226287841797,172.53550720214844,118.39407348632812,83.59000396728516,46.254642486572266,51.15871047973633,84.96080780029297,423.17999267578125,142.8000030517578,79.28473663330078,27.40999984741211,16.989999771118164
2026-05-04,716.1649780273438,51.39994812011719,161.8570098876953,58.964759826660156,144.09449768066406,170.56036376953125,117.48589324951172,82.96434783935547,46.075782775878906,50.46132278442383,84.31572723388672,414.7099914550781,147.61000061035156,79.02725982666016,27.479999542236328,18.290000915527344
2026-05-05,721.9102172851562,51.409912109375,165.4327392578125,59.024330139160156,144.66200256347656,171.9868621826172,117.83518981933594,83.48075866699219,46.075782775878906,51.33803939819336,84.78216552734375,418.2699890136719,144.1699981689453,79.1460952758789,27.5,17.3799991607666
2026-05-06,731.9443359375,51.65903854370117,169.82749938964844,56.59187316894531,144.7615509033203,176.4359130859375,119.6316146850586,83.65951538085938,45.41997146606445,52.21476364135742,85.42723846435547,430.9599914550781,133.9499969482422,79.38377380371094,27.350000381469727,17.389999389648438
2026-05-07,729.7001342773438,51.370052337646484,169.4879150390625,55.54939270019531,144.0845489501953,173.5729522705078,119.64159393310547,83.40131378173828,44.83371353149414,51.208526611328125,85.00049591064453,431.67999267578125,134.97000122070312,79.08667755126953,27.40999984741211,17.079999923706055
2026-05-08,735.724609375,51.061134338378906,175.31097412109375,55.30118179321289,142.85995483398438,172.77491760253906,119.96095275878906,83.59993743896484,44.43625259399414,51.39781951904297,85.42723846435547,433.7699890136719,133.58999633789062,79.36396789550781,27.34000015258789,17.190000534057617
2026-05-11,737.4002685546875,51.0013427734375,177.66815185546875,56.76065444946289,142.41192626953125,174.6103973388672,119.13261413574219,82.79551696777344,44.85358810424805,52.0653190612793,84.91117858886719,434.6499938964844,138.66000366210938,79.20551300048828,27.350000381469727,18.3799991607666
2026-05-12,736.2831420898438,51.39994812011719,174.99134826660156,57.15779113769531,145.2095947265625,173.92210388183594,118.05475616455078,83.85814666748047,44.90327072143555,51.945770263671875,84.34550476074219,432.92999267578125,144.3000030517578,79.09658813476562,27.450000762939453,17.989999771118164
2026-05-13,740.4025268554688,50.812007904052734,176.63938903808594,57.21736145019531,146.06581115722656,173.19387817382812,118.48390197753906,84.13621520996094,44.38656997680664,51.86606979370117,84.15695190429688,430.5,142.0399932861328,79.13619995117188,27.510000228881836,17.8700008392334
2026-05-14,746.2474975585938,51.1109619140625,179.28622436523438,57.654212951660156,145.9861602783203,174.08169555664062,118.43399810791016,84.39442443847656,44.6151123046875,51.47751998901367,84.27603149414062,427.2099914550781,143.0,79.07677459716797,27.6200008392334,17.260000228881836
2026-05-15,737.2706298828125,50.92162322998047,176.05007934570312,59.014400482177734,144.462890625,170.9793243408203,116.29825592041016,84.0567626953125,43.591644287109375,50.11262130737305,83.02558898925781,417.2900085449219,148.22999572753906,78.6905517578125,27.770000457763672,18.43000030517578
2026-05-18,736.751953125,51.559391021728516,174.15234375,60.146240234375,145.0801544189453,170.3309326171875,116.08867645263672,85.3080825805664,43.66120147705078,50.03292465209961,82.92634582519531,418.42999267578125,149.2899932861328,78.769775390625,27.700000762939453,17.81999969482422
2026-05-19,731.8446044921875,50.92162322998047,173.03367614746094,60.851158142089844,146.6731414794922,168.32586669921875,114.80123901367188,85.49677276611328,44.05866241455078,48.85731887817383,82.39044189453125,411.5,152.9600067138672,78.58161163330078,27.790000915527344,18.059999465942383
2026-05-20,739.3452758789062,51.47966766357422,176.9290313720703,59.371822357177734,146.48397827148438,170.31097412109375,117.70545196533203,84.93069458007812,44.22758483886719,49.534786224365234,83.27369689941406,417.3999938964844,144.27000427246094,79.08667755126953,27.729999542236328,17.440000534057617
2026-05-21,740.8114624023438,51.54942321777344,178.38729858398438,58.70662307739258,147.49948120117188,170.11146545410156,118.46393585205078,84.07662963867188,44.7144775390625,49.83366775512695,83.58133697509766,416.989990234375,142.5399932861328,79.12629699707031,27.729999542236328,16.760000228881836
2026-05-22,743.7239990234375,51.758689880371094,180.17515563964844,59.06404495239258,149.23184204101562,171.3484344482422,118.94298553466797,84.21566772460938,45.062252044677734,50.1026611328125,84.03784942626953,413.82000732421875,140.9199981689453,79.13619995117188,27.770000457763672,16.700000762939453
2026-05-26,748.6613159179688,51.669002532958984,184.9195098876953,57.43578338623047,147.85791015625,173.87222290039062,119.21244812011719,83.05371856689453,45.04238510131836,50.80005645751953,84.45466613769531,414.0,137.0,79.40357971191406,27.75,17.010000228881836
2026-05-27,748.5316162109375,51.24050521850586,184.21034240722656,56.581947326660156,148.1366729736328,173.87222290039062,121.30827331542969,83.99717712402344,44.85358810424805,50.98934555053711,84.65316009521484,408.489990234375,131.02999877929688,79.35406494140625,27.75,16.290000915527344
2026-05-28,752.6609497070312,51.09103012084961,186.62747192382812,56.542232513427734,150.21751403808594,173.37344360351562,121.81725311279297,83.84821319580078,44.346824645996094,51.16867446899414,85.08981323242188,412.7699890136719,130.77999877929688,79.45309448242188,27.700000762939453,15.739999771118164
2026-05-29,754.5361328125,51.39994812011719,190.79251098632812,55.886959075927734,148.81369018554688,172.70509338378906,120.62963104248047,82.33869171142578,44.138153076171875,50.95945739746094,85.10967254638672,417.1199951171875,129.08999633789062,79.53231811523438,27.65999984741211,15.319999694824219
2026-06-01,756.5908203125,51.25047302246094,195.52685546875,56.88972473144531,147.1908416748047,171.9768829345703,117.9549560546875,81.46475219726562,42.82653045654297,50.73031234741211,85.1554946899414,411.260009765625,135.5,79.47159576416016,27.760000228881836,16.049999237060547
2026-06-02,757.6182250976562,51.280364990234375,197.9739532470703,57.54499816894531,145.75717163085938,173.7624969482422,117.35614776611328,81.26612854003906,43.621456146240234,51.32807922363281,85.3348388671875,411.95001220703125,137.27000427246094,79.53132629394531,27.760000228881836,15.770000457763672
2026-06-03,752.3018798828125,50.69242477416992,195.9962921142578,58.28962707519531,146.90213012695312,173.62283325195312,116.49786376953125,81.59385681152344,43.43265914916992,51.43767166137695,84.99608612060547,407.8699951171875,140.86000061035156,79.31233978271484,27.860000610351562,16.059999465942383
2026-06-04,755.1445922851562,52.007816314697266,192.93994140625,58.329341888427734,151.4122314453125,175.7276611328125,117.02680969238281,81.47467803955078,43.66120147705078,51.427703857421875,85.18538665771484,411.2699890136719,136.74000549316406,79.4616470336914,27.84000015258789,15.399999618530273
2026-06-05,735.65478515625,52.117431640625,180.08526611328125,57.25707244873047,152.33815002441406,173.75250244140625,114.63157653808594,82.86503601074219,44.068599700927734,50.4413948059082,84.74700164794922,396.239990234375,133.02000427246094,79.06349182128906,28.020000457763672,21.510000228881836
2026-06-08,737.3204345703125,51.7885856628418,183.9606475830078,57.912349700927734,151.97972106933594,173.20387268066406,115.1605224609375,82.4975814819336,43.243865966796875,49.773887634277344,84.30862426757812,397.2699890136719,135.14999389648438,79.17298126220703,28.030000686645508,18.920000076293945
2026-06-09,735.1560668945312,52.27687454223633,180.55471801757812,56.97908020019531,153.8913116455078,175.16903686523438,115.63957214355469,83.5204849243164,43.70094680786133,50.580875396728516,84.8067855834961,390.7799987792969,131.3000030517578,79.25261688232422,28.010000228881836,19.8700008392334
2026-06-10,723.56591796875,52.04767608642578,176.41964721679688,57.832923889160156,152.17886352539062,169.2436065673828,113.26429748535156,84.90090942382812,43.720821380615234,49.41522979736328,84.56766510009766,374.5799865722656,134.3000030517578,79.10330963134766,28.049999237060547,22.219999313354492
2026-06-11,735.8642578125,52.436317443847656,182.99180603027344,56.71101379394531,153.4134063720703,174.72012329101562,116.06871795654297,84.68241882324219,43.770503997802734,51.029197692871094,85.66361999511719,386.32000732421875,128.8300018310547,79.5711441040039,27.950000762939453,19.440000534057617
2026-06-12,739.843994140625,53.153804779052734,184.5799102783203,57.137935638427734,153.13462829589844,175.7476043701172,116.36811828613281,85.22863006591797,44.24745559692383,51.98562240600586,85.45439147949219,386.5400085449219,125.43000030517578,79.5711441040039,27.950000762939453,17.68000030517578
2026-06-15,752.890380859375,53.3730354309082,191.56158447265625,55.15225601196289,152.2186737060547,178.241455078125,118.33419799804688,84.89098358154297,44.45612716674805,52.30442810058594,85.40457916259766,396.54998779296875,121.20999908447266,79.6706771850586,27.969999313354492,16.200000762939453
2026-06-16,748.4019775390625,54.1602783203125,186.21795654296875,54.96361541748047,152.26846313476562,179.40859985351562,118.22441864013672,85.00021362304688,44.77409744262695,52.52360916137695,85.87284851074219,397.6300048828125,115.47000122070312,79.66072082519531,27.93000030517578,16.40999984741211
2026-06-17,739.0560302734375,53.861324310302734,185.57872009277344,54.2785530090332,150.04824829101562,179.15921020507812,115.26032257080078,83.10337829589844,44.17790222167969,51.82621765136719,86.01233673095703,388.6000061035156,114.2300033569336,79.36211395263672,28.18000030517578,18.440000534057617
2026-06-18,746.739990234375,53.382999420166016,191.21200561523438,53.38500213623047,148.74398803710938,180.46600341796875,116.92700958251953,82.72599792480469,44.47599792480469,51.617000579833984,86.4307861328125,387.1199951171875,114.87000274658203,79.64081573486328,28.299999237060547,16.399999618530273
2026-06-22,744.3900146484375,53.70000076293945,192.14999389648438,54.060001373291016,150.05999755859375,181.8000030517578,114.94000244140625,82.18000030517578,44.720001220703125,51.619998931884766,85.77320861816406,384.5899963378906,112.69000244140625,79.5711441040039,28.360000610351562,17.280000686645508
2026-06-23,733.5800170898438,53.880001068115234,184.19000244140625,54.459999084472656,152.17999267578125,178.14999389648438,113.76000213623047,83.72000122070312,45.06999969482422,50.869998931884766,85.88280487060547,377.32000732421875,111.26000213623047,79.50146484375,28.450000762939453,19.489999771118164
2026-06-24,733.239990234375,53.720001220703125,183.0500030517578,53.56999969482422,153.35000610351562,180.2100067138672,115.06999969482422,84.44000244140625,45.540000915527344,51.15999984741211,87.05846405029297,365.9200134277344,106.29000091552734,79.48155212402344,28.530000686645508,18.6299991607666
2026-06-25,734.2999877929688,53.45000076293945,184.57000732421875,54.09000015258789,155.6300048828125,184.1199951171875,113.3499984741211,83.94000244140625,45.849998474121094,51.84000015258789,87.02857971191406,369.4599914550781,109.30999755859375,79.51141357421875,28.479999542236328,18.889999389648438
2026-06-26,728.989990234375,53.56999969482422,181.11000061035156,53.84000015258789,160.33999633789062,181.1999969482422,114.37000274658203,84.70999908447266,46.20000076293945,51.599998474121094,87.03854370117188,373.6300048828125,105.4800033569336,79.4616470336914,28.459999084472656,18.40999984741211
2026-06-29,741.0,53.720001220703125,185.41000366210938,53.58000183105469,160.74000549316406,182.75999450683594,117.12000274658203,84.37000274658203,46.02000045776367,50.65999984741211,87.12820434570312,368.5799865722656,107.08000183105469,79.64081573486328,28.3700008392334,17.649999618530273
2026-06-30,746.77001953125,53.61000061035156,190.52000427246094,53.11000061035156,158.66000366210938,185.22999572753906,117.27999877929688,83.06999969482422,45.34000015258789,50.83000183105469,86.10199737548828,368.3800048828125,106.44000244140625,79.60099792480469,28.40999984741211,16.450000762939453
2026-07-01,745.760009765625,54.779998779296875,185.6199951171875,52.810001373291016,159.5399932861328,183.36000061035156,118.08999633789062,83.30000305175781,44.77000045776367,51.02000045776367,85.5199966430664,370.6000061035156,103.2699966430664,79.58999633789062,28.489999771118164,16.59000015258789
2026-07-02,744.780029296875,55.619998931884766,180.58999633789062,53.220001220703125,163.74000549316406,183.91000366210938,117.12000274658203,84.98999786376953,45.7599983215332,52.0099983215332,85.51000213623047,378.1300048828125,103.9800033569336,79.70999908447266,28.34000015258789,16.149999618530273
2026-07-06,751.280029296875,56.13999938964844,183.57000732421875,53.130001068115234,161.9600067138672,185.55999755859375,118.01000213623047,84.0999984741211,45.29999923706055,51.97999954223633,85.44999694824219,382.1300048828125,104.3499984741211,79.87000274658203,28.31999969482422,15.569999694824219
2026-07-07,747.7100219726562,56.04999923706055,179.17999267578125,54.63999938964844,164.44000244140625,182.3800048828125,117.38999938964844,84.86000061035156,45.70000076293945,51.5099983215332,84.55000305175781,377.489990234375,108.91999816894531,79.76000213623047,28.399999618530273,16.1299991607666
2026-07-08,745.4000244140625,54.970001220703125,181.39999389648438,55.599998474121094,162.3000030517578,180.4199981689453,115.30000305175781,84.38999938964844,45.36000061035156,50.15999984741211,84.36000061035156,374.45001220703125,112.20999908447266,79.66000366210938,28.360000610351562,16.899999618530273
2026-07-09,751.7100219726562,55.540000915527344,185.35000610351562,54.81999969482422,162.1699981689453,181.11000061035156,116.8499984741211,83.19999694824219,45.130001068115234,50.2599983215332,84.48999786376953,378.17999267578125,109.01000213623047,79.75,28.360000610351562,15.84000015258789
2026-07-10,754.9500122070312,55.709999084472656,185.77999877929688,55.08000183105469,160.83999633789062,181.9199981689453,117.23999786376953,84.12000274658203,45.40999984741211,50.88999938964844,84.47000122070312,377.010009765625,108.69999694824219,79.70999908447266,28.389999389648438,15.029999732971191
2026-07-13,749.1699829101562,56.06999969482422,181.27999877929688,56.7400016784668,161.41000366210938,180.3699951171875,116.04000091552734,84.58999633789062,45.720001220703125,50.58000183105469,83.97000122070312,367.1300048828125,117.79000091552734,79.5199966430664,28.5,17.15999984741211
2026-07-14,751.8300170898438,56.18000030517578,183.6199951171875,56.95000076293945,158.2899932861328,180.4499969482422,115.9000015258789,83.41999816894531,45.689998626708984,50.63999938964844,84.08000183105469,372.1499938964844,120.16999816894531,79.68000030517578,28.389999389648438,16.5
2026-07-15,754.8099975585938,56.560001373291016,181.5800018310547,56.5,158.2899932861328,180.05999755859375,117.0,83.47000122070312,45.220001220703125,50.5,84.23999786376953,372.3500061035156,121.37999725341797,79.80999755859375,28.25,15.670000076293945
2026-07-16,750.719970703125,56.75,177.52000427246094,57.02000045776367,161.8000030517578,180.14999389648438,117.33999633789062,85.80999755859375,45.470001220703125,50.88999938964844,84.20999908447266,364.9599914550781,119.30000305175781,79.80000305175781,28.34000015258789,16.729999542236328
2026-07-17,743.2899780273438,56.2599983215332,175.58999633789062,57.68000030517578,161.08999633789062,179.41000366210938,115.44000244140625,85.19000244140625,45.16999816894531,50.529998779296875,84.5199966430664,368.4100036621094,123.95999908447266,79.6500015258789,28.329999923706055,18.770000457763672
2026-07-20,742.0900268554688,56.040000915527344,175.7100067138672,57.939998626708984,159.25,178.1199951171875,114.61000061035156,84.86000061035156,44.939998626708984,50.029998779296875,83.88999938964844,367.6000061035156,125.51000213623047,79.68000030517578,28.389999389648438,18.649999618530273
2026-07-21,748.280029296875,56.11000061035156,180.77999877929688,58.5,160.25,178.66000366210938,114.87000274658203,84.05999755859375,44.91999816894531,50.099998474121094,83.66000366210938,374.80999755859375,128.85000610351562,79.6500015258789,28.479999542236328,17.049999237060547
2026-07-22,747.4099731445312,56.04999923706055,180.27000427246094,59.20000076293945,159.42999267578125,178.85000610351562,114.0199966430664,84.37999725341797,45.93000030517578,50.81999969482422,83.44000244140625,379.1199951171875,131.67999267578125,79.5199966430664,28.450000762939453,16.639999389648438
2026-07-23,738.1799926757812,55.83000183105469,178.4499969482422,59.380001068115234,161.44000244140625,181.94000244140625,108.76000213623047,83.20999908447266,46.189998626708984,50.290000915527344,83.16999816894531,371.5199890136719,139.49000549316406,79.2300033569336,28.559999465942383,18.700000762939453
