,SPY,XLF,XLK,XLE,XLV,XLI,XLY,XLP,XLU,XLB,TLT,GLD,USO,HYG,UUP,^VIX
2016-07-26,0.000461513460671803,0.0008463535966534153,0.0021827503939193527,0.005807555448329893,-0.0017372132422108777,0.008244806061747934,-0.001224514590021819,-0.007786557192922761,-0.008771948858480094,0.007587174290974108,0.001585220623509187,0.0042152110508260066,-0.004948074483441367,-0.003855966928805632,-0.0011926318556918503,0.013889135668433639
2016-07-27,-0.001061807836320483,-0.00042347568655864976,0.008249822484937663,-0.009847755870843855,0.004536571706421633,-0.003942320227871221,-0.0030669784237926656,-0.015018542479075858,-0.011558528085200415,0.0012249592098609874,0.012376222971720807,0.015982694972101363,-0.01801853646613072,0.0030390815046770214,-0.004784710972829398,-0.01700197570338302
2016-07-28,0.0011540353921777324,0.0021132021162806325,0.0006484990680233338,0.0001494738219474101,-0.0009321689265249233,-0.0003434344041948201,0.0018409625592696877,0.004419064413490492,0.0038677734569096955,-0.0014292809046585475,-0.001850114947623105,-0.002894093409240739,-0.023506401253288622,-0.004210224310090105,-0.0003997688330668048,-0.008610593776210873
2016-07-29,0.0016131843826636683,-0.0016897264297219827,0.003666449270032679,0.010143433616668585,0.001996733206476975,-0.0029246279386669904,0.0011035337545619583,0.004948683873186699,0.005965399137280336,-0.005121561908286498,0.008299015119169972,0.010286811942904706,0.009264106521049698,0.0009372058411503126,-0.013687651048190475,-0.06916137992441973
2016-08-01,-0.0008295108219193992,-0.0025401348437759097,0.0019357827476529366,-0.033502211504986334,0.0063625038598784656,-0.0012071399088271484,0.0015915126846079986,0.0010958531568765473,0.0005755162384746271,-0.005560724019152197,-0.010900567364920732,0.001859067119480251,-0.03651948649422465,-0.005625709056732653,0.0028333128638986516,0.04690285459939947
2016-08-02,-0.006427754706060718,-0.008514866251607245,-0.007548808750866165,0.009013729023934491,-0.0038393694591958294,-0.009358642409628803,-0.015036280155833914,-0.0014617695500223071,-0.006540915375754963,-0.0026883041700038746,-0.010356469859654993,0.008092864929715837,-0.00853793069980302,-0.001420182848860918,-0.00689505171169813,0.07209632897453488
2016-08-03,0.002918543239222693,0.01020864749872974,0.003457924893743858,0.01913131889939823,-0.002789439182318887,0.004864029258931257,0.0028521639255001396,-0.0055018465875522615,-0.006001402074282236,0.0024819381578402577,0.000578044302508296,-0.004770787598633142,0.03785937591659572,0.004490546578963084,0.005681770815802789,-0.038891690441796634
2016-08-04,0.0010633113444873388,-0.0025422284067602163,0.005379296697577196,-0.0014931323444353772,-0.0014642031542129175,0.0003463308161104628,-0.0004957180983780063,0.0022048484418157877,-0.0005826804185220524,0.004122795788551237,0.0074854838644098365,0.0016954476164983134,0.015361343972484676,0.006347432913085704,0.0016173194600859198,-0.034813609464362294
2016-08-05,0.008145797885976691,0.018911788198608726,0.009610229130387893,0.009074018938634243,0.0023950008965556435,0.009996665570802588,0.010475478404318395,0.0016499492421759854,-0.01448176899974829,0.0032861757426463356,-0.010451316460160065,-0.01802544401051165,0.0020304072237298243,0.0022233648202409917,0.005238892609865431,-0.08657227504660048
2016-08-08,-0.0005961656436213048,0.0012482848579904449,-0.00021213191982605295,0.013239316843836058,-0.008541323449084537,0.001370754766755411,-0.003315255223605096,-0.0011002735973622002,-0.0003941405725131908,0.0020483537355158177,0.0018814700226084113,-0.0008627837547008355,0.024049327821701993,0.004083281893629387,0.0008035529948084985,0.009611227767642117
2016-08-09,0.0005961656436213048,0.0008314033239251728,0.0021232523368341916,-0.005274577302357475,0.0024092665042818595,-0.00034272604285812136,-0.002956729077978615,0.0031132388940684486,-0.0001969736878222328,-0.003074058359468612,0.00978862179701867,0.0040720231674322704,-0.002974785191462992,0.0034867235615516634,-0.0020100944683387745,0.01381713246670202
2016-08-10,-0.00247840158120205,-0.007925078587140977,-0.0031869322075892548,-0.010930803793874233,-0.0033480522898265974,-0.0005137657616822722,0.0020951395551338514,0.003649273909073436,0.0001969736878222328,0.00020514863884235623,0.003860416543870926,0.00467799451232942,-0.030244163516330858,-0.0018582776265319012,-0.00524514162165568,0.03290050792937693
2016-08-11,0.004629983664340642,0.0020917495594727775,0.0036111500555646714,0.014596626445993355,0.005752189877808789,0.0064923409866310955,0.009922301832229419,0.0,0.002363752377782191,0.004300236393515178,-0.008958868759952665,-0.006946906948685161,0.0440511230041114,0.0024383799974914133,0.002827682645896612,-0.031186672237139224
2016-08-12,-0.0008691299445500178,-0.0029295339423338618,-0.0010607922844050321,0.005546509864304383,-0.0025377095902596736,-0.002728339038902128,-0.00048798190728893687,0.0034550709571368188,0.0013759197522245081,-0.010682285927438695,0.008387828063273872,-0.0021170403750341293,0.02800762125066658,0.0008104285638519393,-0.0016148921605760869,-0.01119255004650066
2016-08-15,0.0028797224451260206,0.006683174788086443,0.004870407825359635,0.00797417476439577,0.0017372132422108777,0.006637364566625337,0.0019496762148460967,-0.0025446933073904887,-0.015442744611799064,0.01006887977093518,-0.009468212895723305,0.003447698256792364,0.024460318841707185,0.003008371287136047,-0.0016173194600859198,0.022261212258253504
2016-08-16,-0.005171158469509329,-0.002501018269275068,-0.007420765596519274,0.0015873318218417865,-0.008984622208662252,-0.004420191284249864,-0.005737040999937548,-0.0043768803528378974,-0.011841869232093849,-0.005329677680673051,-0.0026695376066641074,0.004915970173445139,0.014760401298199,-0.0020813296602213427,-0.008943250036621109,0.06791975014042428
2016-08-17,0.0018790646139548173,0.003333694692340128,-0.00042575285834400844,0.0030226860306084014,0.002018376155117352,0.0028925157084036535,-0.002328431553603405,0.0027376579524354128,0.014830251438328723,-0.0008227723138745091,0.005979701770447043,0.00023348078990270693,0.006389770285773366,0.0013890275337380409,0.0008164374530204022,-0.03625050681016839
2016-08-18,0.0022416326453056357,-0.0008326764230650596,0.00042575285834400844,0.02034658310247872,0.0004031262308501482,0.003053404630791512,-0.0006139536400713297,0.0034574951037060764,0.012257918310452975,0.006357182691493435,0.001578669041812475,0.004735854578728826,0.02781699500832957,0.003921026851983367,-0.0073712006305686195,-0.06437440456389032
2016-08-19,-0.0014630428325439482,-0.00041612766460552564,0.0006382896075249889,-0.008344189317521344,-0.000806233093885389,-0.0003387218383510415,0.0006139536400713297,-0.002364290817205461,-0.012257918310452975,0.0014299597944282816,-0.005248833309786427,-0.008868887925520319,0.003533569157841754,-0.00299769170543307,0.0036923921247500324,-0.007905192750934376
2016-08-22,-4.6067114383596675e-05,0.0,0.0,-0.011571197093092511,0.002014879741958353,-0.0008478831424629796,-0.0009821533327891707,0.0014554770159063146,0.0025828102206011394,-0.0014299597944282816,0.008399146949948921,-0.0014858453674486682,-0.03317201312645679,-0.0016179804519569352,0.0012278672334744556,0.07882098427504403
2016-08-23,0.002011859080385925,0.0012488040876705853,0.0036086703833144718,0.0070154882481441305,0.0009391638079696563,0.0008478831424629796,0.005022814167076728,-0.002001884324297265,-0.004374913721925111,0.008548586039350159,0.001071954945379261,-0.00015650499362607206,0.010879516492455998,0.0033488802409125107,-0.0008183483105899114,0.008924980470093935
2016-08-24,-0.005128114791538074,-0.00041660427217538043,-0.00552458215257845,-0.00400247031284362,-0.01581210595153859,-0.0030545176455207823,-0.004777471237248143,-0.0016408334878059705,-0.00039835707969482215,-0.011619592988197258,-0.002359198762278858,-0.0111768641429979,-0.024647569907777722,-0.0027708199772558118,0.0028611075826954213,0.08289681536635118
2016-08-25,-0.0006888118203107751,0.002079058624771868,0.002128314149564048,-0.0027256841502207863,-0.00848178460110649,-0.00016996074425179586,-0.0033205565085667743,-0.003839357945427224,0.0005979976022523203,0.004908961313063287,-0.0038010562586281438,-0.000870990125855009,0.011943193630250981,0.0018484131273406312,0.0,0.013294162237876161
2016-08-26,-0.0018853470935296102,0.0012445901108328883,0.00042511980275605765,-0.0034530537978829656,0.0038394777645978095,-0.002893761093656355,-0.002837527233794379,-0.005142580102547534,-0.020939239338579885,-0.005729517298173725,-0.005837252395482828,-0.001426988513934191,0.0,-0.0011547646966025837,0.0073201473387447535,0.001466239579774875
2016-08-29,0.004912199108430215,0.008672628092289969,0.0038184159696350584,0.006751184960625878,0.0021872635532700357,0.007134291066742016,0.003453389506549609,0.005874845439327814,0.008105613537956025,0.008988916091507981,0.013282439081791608,0.001981375674593444,-0.009174323698832865,0.00495486945275081,0.0008100621250135553,-0.0534162370395892
2016-08-30,-0.0016497846805396676,0.009005483115474,-0.003393386787505115,-0.0034416643453729634,-0.0034202379425316565,-0.002711999092670503,-0.005556567411034052,-0.005874845439327814,-0.01055026099511469,-0.002443528843417031,-0.0038588924168188043,-0.010106354775587967,-0.011121601164400197,0.0005749914009687274,0.0052493771801622735,0.013814518148433041
2016-08-31,-0.0028479114671702277,0.0008150391156656056,-0.0017008409727110596,-0.015928557586457615,-0.0030184727776862985,-0.0056164335349775385,-0.002603157632879771,0.0012877824185557607,0.004070992232770632,-0.010040089557357135,0.0014303474706434116,-0.0020015218438294013,-0.035091310288493105,-0.003913860705568428,-0.0004029204382303142,0.022608362435316387
2016-09-01,4.565158366087729e-05,-0.004080815166842999,0.0031869322075892548,-0.0029235743716595763,-0.002615263245644428,0.0008532251584090211,0.0019840724385717934,0.0003679347860368054,-0.005091308382132009,0.004110086885267261,0.0011030702300072193,0.004078880664930118,-0.02938499730908095,0.0019786516053748038,-0.0036326849265639893,0.004460934296802499
2016-09-02,0.004497737382233247,0.004487395797755589,0.004444800181060415,0.011209272207403753,0.001102386010987999,0.004932909551047082,0.001980248354608971,0.007690698976453358,0.013183486849055015,0.009999397534489862,-0.008190038809206435,0.01016445482850692,0.017734390876626094,0.004613622601682188,0.002423224925375056,-0.11796851704878542
2016-09-06,0.0030179890692707545,-0.0016291581883964845,0.005055862825833479,0.014942790697582087,0.0035723280916641897,-0.0028888438871317312,0.0018532742281607284,0.002187080302540334,0.010821603859886952,-0.0022362123893486796,0.007259185033865023,0.016766351430797855,0.014542240895091929,0.0011504193391522755,-0.011767206204501335,0.003333412713915518
2016-09-07,-9.119411253877274e-05,-0.00040758937030194176,0.0025185111869507892,0.00568809779253554,0.0,0.0011906118322380088,0.0004931953349820439,-0.00877542777466278,0.00019947171360046312,-0.0014257817499792047,-0.0007164538955173327,-0.003424413203932275,0.012434412668508088,-0.002762079327567335,0.0016312640864444283,-0.006677894369882864
2016-09-08,-0.00228551108120012,-0.0008162540710432431,-0.00820794527956581,0.018545626850561714,0.000822693119129525,-0.0008503143732054852,-0.008671816383266417,-0.005523857525180809,0.0033819306095783652,-0.00428843911978527,-0.012620148889147309,-0.005315481388614707,0.04097403417721246,-0.0018462264839640419,0.0012219596815921108,0.04663426995405162
2016-09-09,-0.024226191407299424,-0.01895377378802987,-0.024819471309989183,-0.03024169431673407,-0.020211140351221957,-0.028647250925369683,-0.024434039852721412,-0.027516929259530087,-0.038259653092191925,-0.02949340779809706,-0.0166119138213503,-0.0066053267601926535,-0.03434211097844031,-0.009631472676029151,0.0028448280569359774,0.33567253815473874
2016-09-12,0.014245492492828582,0.0111686791444785,0.016543688026382064,0.009851325901655716,0.014713733129440243,0.012698994460379254,0.013927354029265704,0.01861455347487695,0.017590804340748445,0.009441064205949257,0.0005161343707884569,-0.0012631537514558033,0.004710342158682046,0.003492188179344602,-0.0016246381720312897,-0.14354051078040708
2016-09-13,-0.014479850995882337,-0.017846745972768918,-0.007271339608709404,-0.028971262556663824,-0.01345618562346651,-0.014802048331020501,-0.014310165930905061,-0.012370934678866075,-0.013883475900117404,-0.018759015216308406,-0.011422734075603458,-0.006657679739988431,-0.02570350497500673,-0.007697157797476706,0.004056795810817082,0.1633431594474395
2016-09-14,-0.00037508788410978156,-0.0025158175803210447,0.004711187877927792,-0.01191600934116721,0.0,-0.0008775463271990525,0.0001270804362025757,-0.003022403980135202,0.0038986219906869124,-0.00234329136357303,0.0014912399467030824,0.003413652381389909,-0.027372161717464927,-0.0002348008094097409,-0.0024321576387857924,0.016115881443765634
2016-09-15,0.009943358768819799,0.005860189716271336,0.01631546635390224,0.012355043172409985,0.01028199562377985,0.007870567692942032,0.0072437082747423,0.008101701194572986,0.007548961937822618,0.006377511253808699,-0.0043297958067931575,-0.006440074325495537,0.004943182533094337,0.005838751970341782,-0.0004060280343018974,-0.10695435003365228
2016-09-16,-0.003873062653843462,-0.009522184367903641,-0.0036788838995516215,-0.00810674286982005,0.000679666143455826,-0.008408450332026973,-0.0021629464665946507,-0.003252664838865549,0.009709853391728362,-0.0040125162678652515,0.008047485864856263,-0.002475784418471072,-0.013902939027251371,0.00023276180803533109,0.008087562853249963,-0.058747510901842936
2016-09-19,0.00018709466184141377,0.006355742155006894,-0.0019082072995679766,-0.0005932274667777016,-0.0036118951322956505,0.004406732944018721,-0.0007646629811186578,-0.002086292639952525,0.009898620062543717,0.0014961166449976027,-0.0032712384897797264,0.002076861031547139,-0.002002048538777501,0.0005818915416986314,-0.0024193161867933632,0.010356069861438666
2016-09-20,4.693522188592425e-05,0.0005182297661932012,-0.0006368193793964139,-0.007295486558525965,0.003056904357717549,0.000878751837687819,0.0007646629811186578,0.002654407460624064,-0.0018110992599713605,-0.002994574260133387,0.0034937355250974633,0.000957112416020145,0.008977631969762534,-0.0011639724108900573,0.0016134049255955851,0.02480256524236024
2016-09-21,0.011182804294792348,0.006191789249761381,0.011192118724981714,0.022897819772000005,0.009941159102383246,0.012919293896271888,0.009633756219369793,0.005475356217925054,0.020134085468715313,0.015092644549358436,0.008054369987864796,0.014483211562644094,0.03224509304251466,0.008234984986587701,-0.004443465918964495,-0.17981213563989495
2016-09-22,0.006281551486977399,0.002055009385709017,0.006071526520488035,0.001167668553056167,0.007527571484896356,0.007086726596365445,0.0072898441471838105,0.008810302089104827,0.006099612658185372,0.003159530375162589,0.007917843795732793,0.002354443530493633,0.012422531319477237,0.003343995822405077,-0.001215246847922291,-0.10119208237811428
2016-09-23,-0.005494175676949986,-0.005146465336413719,-0.008804847167169338,-0.0133637397687707,-0.003140967244418036,-0.005873082641230543,-0.0022568588798641542,-0.0044892420952304946,-0.0007849626140297161,-0.005060306063262576,-0.0009501040950299355,0.0006269244831305087,-0.03282149473165319,-0.0011509441306434276,0.00040518472290873575,0.022213953283479082
2016-09-26,-0.008135208590934084,-0.01612511669892358,-0.005913771399336021,-0.004445004057719082,-0.011694513708490284,-0.004340774953418336,-0.011106881369650878,-0.008471850018958005,-0.002555315649867218,-0.004660831297008006,0.006338754144090686,-0.0007836871273143586,0.023279492216734532,-0.0043902548770078376,-0.0020281235480741344,0.1653627289524886
2016-09-27,0.0061888386936219675,0.007834995708656756,0.010954386795538618,-0.006704901092046356,0.0070330450120170696,0.006936068566079534,0.010102160410241812,0.004150790025083673,-0.013074763042196125,0.002968585127557155,0.007307908528755291,-0.00731797170627857,-0.027212630367531965,0.0028899926603864756,0.0008117060309453805,-0.10153639009959692
2016-09-28,0.0049510704441155795,0.004671557925016945,0.00188384293836652,0.04229793382531133,-0.001513199200691595,0.007745787898107537,0.0027605308532341333,0.0016932157379887514,-0.001396821053797126,0.011368689384168018,-0.002164770329907917,-0.003164070980187006,0.048086188432108656,0.00667297370918396,0.0008112327942200181,-0.05572253597621568
2016-09-29,-0.00908831234769547,-0.014081018243675025,-0.006082900128516311,-0.0017213092940653318,-0.01777344510181944,-0.007918826532490542,-0.00515009302976166,-0.00982297941653787,-0.015089089558855573,-0.00777566752661718,0.0025260291004292057,-0.0011891200048346207,0.02044683426829419,-0.003791235187976305,0.0008102978104940206,0.12359519090648874
2016-09-30,0.007518000011952353,0.013562993197211437,0.0052460060029231315,0.013545554768834123,0.010175340430700786,0.00894719311977843,0.008027992044115528,0.010010399223706834,-0.006916248095196309,0.007356898112631072,-0.008977962114922633,-0.00341663600998654,0.005504639504404274,0.004364602347657787,-0.00040511308758528486,-0.053473044402402525
2016-10-03,-0.0024072648138799835,-0.0046739842017125,-0.0029343473145333476,-0.0007086312433104425,-0.0008321652525111745,0.0008561136376377121,-0.0006252056731854694,-0.006410069210996738,-0.014184621370296746,-0.0012574586477849259,-0.0033050576129101117,-0.0025502061636872853,0.015433812575551542,-0.0006222969637068587,0.0020238339403815253,0.020849581502971226
2016-10-04,-0.005110735198072369,0.004155690666210354,-0.0035747951472488992,-0.010256273141502348,-0.0019450617634433343,-0.00842123528129024,-0.003506362352921677,-0.008547769421639373,-0.02113286627176514,-0.013723331405535166,-0.01176416323817886,-0.03532787258610437,-0.0009013275636027274,-0.0017285735107122058,0.004438179694677302,0.0044118027469197685
2016-10-05,0.004415420520762936,0.01594313885394394,0.0035747951472488992,0.015204573460689819,0.0038863476048369705,0.006365669926490458,0.004131568026107146,-0.0009545200263496589,-0.0021172158367588345,0.006779733579040936,-0.004669912460979475,-0.0015718922897907106,0.023173962415751426,0.0026498177865570405,0.001207118719820599,-0.04809344104203417
2016-10-06,0.0006953146773094332,0.0015291647338107062,0.0023063272446077754,0.0015501114195983767,-0.003747480939630954,0.0,0.0007494785282311511,0.0019081298129917101,-0.00021141828195681,0.008201056474279156,-0.005588869837642285,-0.009316280206748573,0.013998465082188716,0.0005749980095228757,0.005213496584480559,-0.011614502917052238
2016-10-07,-0.003435333814659991,-0.0005096946557543447,-0.002726223492369062,-0.005789780495475405,-0.0006950263036022974,-0.012945983467134159,-0.004505108648843681,-0.0026719475481353783,-0.0012727537238141906,-0.018814841569402496,0.0006724479933648553,0.0006682890904556871,-0.015762174313151966,0.0022983041436064333,-0.0016014075259001004,0.04864176137982401
2016-10-10,0.005195049208633229,0.005084135325926109,0.006905974576091101,0.015597985904890699,0.004580586422683552,0.001041702909367892,0.0016294744398619443,0.0,0.008242669827458471,0.005957690781960956,-0.005916893180700988,0.0035015108361351466,0.02956738452996177,0.00286411973859213,0.003998492840058265,-0.007446008272215643
2016-10-11,-0.012710252894413188,-0.009170019948714803,-0.011325785497384722,-0.011498873603445148,-0.025388585123022445,-0.010467212567233819,-0.012219576477485727,-0.005172800744137618,-0.011430996284150119,-0.013669878514007028,-0.002255774690109291,-0.005089499061391223,-0.0077419872796520295,-0.005622454640354491,0.007553188573174552,0.13800564211456878
2016-10-12,0.0013112296682997737,-0.0010236461735768643,0.0016864902746123178,-0.004240750011686778,-0.0046991599987054045,0.0019270079393747253,0.0046790379827377215,0.005554593099968308,0.009745868111107114,-0.0019368021795447277,0.0009782329784107091,0.0015879882252560762,-0.01303796105016275,-0.0003452355325759271,0.002768411378240465,0.03518112739122037
2016-10-13,-0.0032808015082324005,-0.009781868330894117,-0.006337671825118019,-0.005539414942435705,0.0004283081282432377,-0.00035027549446597916,-0.003665321313842007,0.00019140973803599692,0.012362604118608012,-0.005185227725291064,0.0037538136826205104,0.002418993710638695,0.005235567434310973,-0.002534982507122585,-0.00356082164939453,0.047861936913397685
2016-10-14,0.0005160480471673168,0.00464574321918354,0.0038070468005626523,-0.0058565278272375565,-0.006728295725809019,0.0020990275411123527,-0.0011402763785248737,0.00019061564127698105,-0.00563841048321434,0.0032437666704621115,-0.014110675064372913,-0.005597559798284024,-0.004361122668703921,0.002304955376438045,0.0051394782489255775,-0.03474898053229625
2016-10-17,-0.003478034174660749,-0.00464574321918354,-0.002113236415061781,-0.00488320525028163,-0.003309140998888793,-0.0026242762087034244,-0.008273324793816261,-0.004784887717004693,0.005430214478139295,0.0008630037644778987,0.00636306732105929,0.0026773752071127532,-0.006137651574589675,-0.0013820851855852467,-0.0023687850777789343,0.005567490128307373
2016-10-18,0.006242787635725833,0.008243728455117338,0.005485419645669953,0.004023126843904379,0.01189049000535114,0.0020998140627650486,0.006623805383303871,0.003065192111461723,0.008503478413955268,0.009018738410976113,0.003241624791840536,0.00616410005463397,0.0070114156449019305,0.004026701957326573,0.0007901284782478868,-0.059083513005746546
2016-10-19,0.0026636435449498563,0.00868442766274713,0.0018917624406284972,0.014095668005959183,-0.003709867812450973,0.0031422622177661452,0.004434510365630029,-0.0057549163993457775,-0.002274442860098258,0.0072418356638808135,0.0008275062099567521,0.005713611741873237,0.018174454493724568,0.0028666029123156633,0.0003947851805516933,-0.05862236684026367
2016-10-20,-0.0018683302158697401,0.0,-0.0046305329709221965,-0.0011318199299887866,0.0047061813560160815,-0.0054174310556263094,-0.0018977003088100908,-0.0005774891976688679,-0.0006207518970464676,-0.0008490783927048717,0.0010520836714942305,-0.0030597728971404337,-0.019922663329643875,0.00011387611979962742,0.0031534918464330985,-0.04688357530982268
2016-10-21,0.0004672224932988911,-0.0005089167162877217,0.0027387705302936993,-0.006532151553688248,-0.008285885159146744,-0.001402602071768566,0.007946571353969922,0.005375423275692182,-0.005816523016488606,-0.0004249081702116797,0.001501780549195253,0.0007451585177253861,0.004364846510272358,0.00022954127567720306,0.0035357312598658375,-0.03027177218673005
2016-10-24,0.004243812878645059,0.00304927490905893,0.009631401409532003,-0.0029967884188253358,-0.0018667523887252457,0.001928021746629316,0.007136510012398567,0.006488265973114249,0.0037430903704338547,0.0023343708638092764,-0.0043603398430471785,-0.002237080125500057,-0.004364846510272358,0.0005717593582530434,0.001175715014865908,-0.02428037998692778
2016-10-25,-0.003356041982273794,-0.001015740233172746,-0.0035485012810156924,-0.004582803985999195,-0.0028784846490994553,-0.002630417276379138,-0.011796161341448563,0.0036080383036427577,0.006207123786482693,-0.00915737305722164,0.0026334486285897185,0.007519794693909176,-0.016762680403870966,-0.0005717593582530434,-0.0003918707225625262,0.03323565511175808
2016-10-26,-0.002009872096714993,0.006076024864401397,-0.0056620314452708875,0.0022943125713443813,-0.00607205974914482,0.0035060293831747913,-0.0043005725763811675,-0.0013275502153278218,0.0024721870306083638,-0.001498999707500115,-0.006785961583528177,-0.005613820564916772,-0.0134350089810642,-0.004014578476774666,-0.0003918453446689618,0.056332562859986446
2016-10-27,-0.002670549174662362,0.002521032238897103,-0.0012624268892982293,-0.0037310992443657653,0.00462967190049568,-0.006847891938051909,-0.008402557305806191,-0.004565243303037647,-0.005985126273989838,-0.0012863778924412372,-0.010953718064100393,0.0018196962666161554,0.010762425365681949,-0.0036838039927609145,0.0019579610741313758,0.07571181545711703
2016-10-28,-0.002959173135993254,-0.004542120569822838,-0.001053967702333125,-0.0027348730596501447,-0.021889127675081888,0.005972279831256255,-0.002303942680681459,0.004185538617226925,0.00310034892584099,0.0025713014741892692,-0.002220804454952763,0.004699292917769604,-0.018002268963880574,-0.004855938163699669,-0.005885691281631633,0.05262709530864118
2016-10-31,4.645647377188311e-05,-0.0015184435613266878,-0.0004216669234615722,-0.01087057163280214,-0.006215708732050906,0.0019247054647419937,0.0007683548796872941,0.002465319401292465,0.01981903942288943,0.00042790818592086666,0.0061141009690146575,0.002956643119974345,-0.04457567073610669,-0.003018312811716495,0.0003933871306598391,0.05234271008244029
2016-11-01,-0.007271655143386013,-0.004061110931747436,-0.008683543238658498,0.00014580724573409753,-0.0053588566536006965,-0.008601831014205974,-0.0070670263133929545,-0.004366102803796679,-0.01837587788287287,-0.005791968466848374,7.585913826613222e-05,0.006457707460557849,0.0037914702232431097,-0.003908011162882641,-0.0051270459725638595,0.08427218782453227
2016-11-02,-0.006036674670162334,-0.006634216757368527,-0.00640232208241498,-0.011135680370385703,-0.005237678900502196,-0.0037091909906754594,-0.006078826596116027,-0.002475647353349597,-0.012648913063348477,-0.005393489858727563,0.004341466051519305,0.007387264365792845,-0.027819536958811675,-0.004464945281456689,-0.0035651432240193515,0.040132114405126096
2016-11-03,-0.004587673288533267,0.0010233560797181518,-0.009680499412555221,0.003970181853317101,-0.009497051364426135,-0.001593806177899726,-0.0025984351167065434,-0.006888501512149592,0.0037491120202202133,0.00021649145810265225,-0.00770553742571245,0.005323910740822946,-0.019646978977075236,0.00023617257960451,-0.0027817032786665585,0.1335314049650287
2016-11-04,-0.001102290008899054,-0.003073566985096754,-0.001730823481549848,-0.00544447021950889,0.006943609180981802,0.0008857614652435508,-0.0019524700351016833,-0.009065494306458088,-0.003123265062679792,0.0034542086044058173,0.008920710094095341,0.0007237632468992672,-0.009970210619110631,0.0004703069870832799,-0.0027893716338098784,0.01928744713309527
2016-11-07,0.0218171942637575,0.024830157574972755,0.021423267573851934,0.021314463715631504,0.025250159613628753,0.024316564298096033,0.02280548845504926,0.016716873407804034,0.017366663348831857,0.015185565390124278,-0.00853753602287366,-0.018171976119520927,0.017875382676574958,0.013906299070167272,0.008344971427429737,-0.1849015737331654
2016-11-08,0.0044939951186222515,0.0005003989122616126,0.004863064992508992,0.0012989667442409036,0.002782621797038587,0.006030865749496961,0.004068446941432491,0.0041831502335551995,0.007758475853443247,0.00317894967855592,-0.004065897169862609,-0.004183952404119395,-0.005922965515349432,-0.0022072188697692674,0.002766313393704145,0.001602173243248295
2016-11-09,0.010546088772354523,0.041642020285176606,-0.0012666031792516463,0.01616998371406808,0.034642462151897035,0.024772473832817443,0.0020276060553143793,-0.013756580520539519,-0.03750601178038515,0.020938949395817197,-0.04335904239463506,-0.0006579098268444383,0.01766477243496034,-0.007002921792832684,0.006294323417131764,-0.2648219043454909
2016-11-10,0.0024926267218168263,0.03628194567034937,-0.016180440031144272,0.004249357843902679,0.01095992398478618,0.021060094221073467,0.003665321313842007,-0.027105379680045782,-0.024364915823355204,0.011536776887838496,-0.014880585633017418,-0.015001711673606088,-0.0236231235873694,-0.01320446802843378,0.0019587279919281997,0.02472651098201073
2016-11-11,-0.0023078049840794534,0.002772459621248835,0.0030001988356334053,-0.0184016101228881,-0.015065381168757774,0.0018034599082930036,0.005660278179384637,-0.0009884766791845578,-0.00411973023245249,-0.01381865173698138,-0.005638444227642481,-0.022377978717916136,-0.02726059755538479,-0.00942020453011505,0.0015642782436358083,-0.03943781214647357
2016-11-14,0.0007853583922203811,0.02416378263048191,-0.015309965004941972,0.005598815799748635,-0.003126359843597548,0.00425007907709718,0.00012566522989754247,-0.0017825103110280516,-0.0006520736335415833,0.002281874849142884,-0.005999620165901831,-0.008490234677527297,0.010183328941866243,0.007400549002702483,0.0097220626492871,0.021641296257279397
2016-11-15,0.007772569835471366,-0.0009014524370125621,0.01402546130511606,0.027813024754788973,0.002842461927148321,0.003744461756873374,0.003880750766216412,0.006126178494892276,0.01595899533867806,0.004135648335612974,0.004934441951228052,0.008661050768427714,0.04652004198676707,0.013113804942484819,0.001546736092406853,-0.07975497278973487
2016-11-16,-0.0018802809761453432,-0.014532146209542685,0.009171238991855457,-0.006986029569905572,-0.00426605626284271,-0.005703962372193949,0.0054819184621348604,0.00019662340152359903,-0.006869997447125797,-0.001858872783380594,0.00898275450903796,-0.0029929143246398837,-0.010695348620981093,-0.003998848741085581,0.0027011987590781494,0.02584125920615854
2016-11-17,0.005127496423991573,0.013630086583078516,0.006349387033104392,-0.0067532842954758365,0.003982077725478206,0.0021222149674011703,0.011980590821683457,-0.0017740370083911827,0.0002157736589651904,0.00041340283993829274,-0.014824285787307545,-0.005151539575841468,-0.009823205658531897,-0.0027138105461781414,0.005763829611920013,-0.027338228339710557
2016-11-18,-0.002240121800470618,0.0,-0.0008444018311477564,0.004085671810753144,-0.010702933660996727,-0.0003264108321228143,-0.003073705603871879,-0.0035581327829943277,-0.0030201427227494193,-0.0014473705462569875,-0.002891664517870929,-0.008818980245606234,0.018582400924299414,0.0,0.003442244088217361,-0.03817257239318117
2016-11-21,0.007523070127779086,0.003603571907279335,0.010084124729105248,0.023481439354169353,0.0035802164758962363,0.0053693135161752,0.006505704068282103,0.006710280615947806,0.010529723923951462,0.0117270961439786,0.002479199426522527,0.003727307214024478,0.04268080318976786,0.008002479662190254,-0.0038254675498925472,-0.03403575837942574
2016-11-22,0.0019515706408617106,0.00044956046415967066,0.0031304490418682107,-0.0005493905300495427,-0.014543857242422575,0.004532882226476076,0.011798533247854515,0.005100803067528581,0.003840632722619919,0.0061174164479878,-0.0003299124437345924,-0.00034614845492697555,-0.013084330552186607,0.0073582144135397876,0.0015318387190079719,-0.0008054957272061181
2016-11-23,0.0005438100863601747,0.005825662389977282,-0.003966993228770033,0.004113519036339941,0.003908762564890367,0.007402852996434728,0.0009666499414189289,-0.005494522525457679,-0.010059004934804161,0.00446267147399082,-0.003888158226290628,-0.020019033913875717,0.0037558693442845126,-0.0037307192329971706,0.006104691620445024,0.0016103431532141776
2016-11-25,0.0037086244550019742,0.0013396481913683367,0.004175652464683655,-0.004938445118299217,0.00389367292285403,0.005436474774249245,0.002413357723149545,0.007840245749963781,0.014308974549657183,0.003030914326435319,0.0014903971090944879,-0.005667237234161959,-0.032383796718105096,0.0012840168191927681,-0.001903628860473905,-0.007266899231622048
2016-11-28,-0.00470599730397403,-0.01166962340147748,0.0008327084107540017,-0.013985995042158361,-0.007512628740816041,-0.006880787718732684,-0.007985218342397626,0.0021454071511102235,0.019112115502886606,-0.004043483034742668,0.007339504945355735,0.010512021380101544,0.01059226651544165,-0.00011691699107263531,-0.002671392495852576,0.06357569877211988
2016-11-29,0.0019484101622948558,0.002704959910403648,0.0006243180095197864,-0.01234781665276774,0.006504500166663263,0.0008026696681686651,0.0026686943494862447,0.0013625069296763215,0.004151820669659134,0.0010125687083073487,0.00418131303361946,-0.004668228933025098,-0.037077335878327844,-0.0012840184766438334,-0.002295208863740683,-0.01919444781833901
2016-11-30,-0.002402259612627411,0.013416834343864537,-0.011928677973207513,0.04957652239673793,-0.009554281773210604,0.001282730702695467,-0.008394993991689859,-0.01608168918577846,-0.03199604348042984,0.010669399560348847,-0.016332739807044305,-0.01351008608237958,0.08294412372638504,0.00046685008796076843,0.0053476345417537985,0.032789846670810974
2016-12-01,-0.0036823062498339,0.017177364474949997,-0.020847299929040553,0.0024153874230044003,-0.007299223973149971,0.006547845043471501,0.0004885641025440535,-0.006545739076396995,-0.007945955600704213,0.0004002234402338267,-0.010614497087803265,-0.001880954324207984,0.03594273819673699,-0.004689975204383412,-0.0053476345417537985,0.054027720969335835
2016-12-02,0.0005010399483316164,-0.010976975396746802,0.0036478455351240946,0.0029445772947691573,0.0023417924942865653,-0.00015904400311894662,-0.005509975568037895,0.006347788729521575,0.009015086878390921,0.00040024876050104297,0.007300730835654079,0.005364806083291818,0.01315228271041935,0.005991266116002869,-0.002300751903977716,0.0035473745237388776
2016-12-05,0.005990560109411014,0.01185009760272182,0.009591859303311967,0.008781083226166775,-0.0017557478157250728,-0.0007964612766295787,0.01086889532244939,0.0011859394961617475,0.0012812290200279186,0.007773000899839122,-0.0010874871368047323,-0.005364806083291818,-0.011388573479456099,0.002573474811387033,-0.006547353124731092,-0.15108641004857049
2016-12-06,0.0031629388636700284,0.008688164544721655,0.002965424957257934,-0.0018564092542820987,0.002778211585450663,0.0019103134333171568,0.002304926212178593,0.002958319475307114,-0.001922237686496242,0.001190593615490787,-0.000754291340283153,-0.0009866853717861446,-0.0053004027543366306,0.005010452715312308,0.0038566254840457503,-0.02925410259790162
2016-12-07,0.012995634747308138,0.015450700873612444,0.01885683117723813,0.007931567130232242,-0.008652847717252499,0.018435908551817537,0.01920386595436696,0.014273090489839824,0.0129580301279546,0.01417610211683229,0.008508407007131069,0.003583283615967936,-0.017873559661414795,0.004985912554123839,-0.0030841095845803856,0.03582226428149049
2016-12-08,0.002445683233380791,0.009326203829550739,0.0024873458496199596,0.005383500036918676,0.001912978752306671,-0.005636668496409314,0.0,-0.004085020955484797,0.0016866861990942894,0.0066251728442736635,-0.011864059482419087,-0.0023276835438492682,0.01964351210808868,-0.00011585350505693981,0.008841127728865583,0.033792440285087544
2016-12-09,0.006022426530526204,0.002107677944491293,0.007220515756792167,0.0031382565851769684,0.01212820533875636,0.004542962916842086,0.0022562347530619142,0.01432192234455254,0.010480037377149198,0.00019419775331552813,-0.012517078333035947,-0.010542046205441302,0.01142862204245354,0.0004631139018949071,0.004201062759971119,-0.07301317529015305
2016-12-12,-0.0011488525729861365,-0.009731187530345409,-0.0030883487324468994,0.004688662760218065,0.004781873256560765,-0.003601261887515861,-0.008337539562612406,0.004027239170115937,0.010371772736526008,-0.004475936772144973,0.001870283063016842,0.0037971130210445736,0.015611792303279692,-0.001388006407774256,-0.005732901478979091,0.07301317529015305
2016-12-13,0.006652042670299174,0.0025476005748146235,0.012499058051308243,0.01124116015371035,0.008061714828227373,-0.0014126011585839926,0.008930119491493915,0.004582962089199949,0.010264984374794839,-0.001561799572439071,0.0035617109576193684,-0.0033443584495005396,0.00942188206519834,0.0024274558617172204,0.0011491426753633682,0.006309163024485809
2016-12-14,-0.008288474561436665,-0.004676494755349925,-0.0034674331359823007,-0.02024729224526345,-0.005175115393768692,-0.01010449372731781,-0.006779598579200297,-0.010918824570615993,-0.020844888940586337,-0.011988217972787929,-0.01123627523640458,-0.014775853703027586,-0.03557857782430229,-0.00753608547017004,0.009525728309015769,0.03628335601117083
2016-12-15,0.004108701564037531,0.008485815798384255,0.004485063269242584,0.0022265170504573994,0.0064653154674640945,0.0011102855623286167,-0.0023894955839818266,0.004228460627275332,0.007065728032302321,0.006503176395381782,0.005037764755947194,-0.013785715901108553,0.003527337254886298,0.00046635777601800044,0.010937292918608232,-0.03079532230778881
2016-12-16,-0.0019575162588143513,-0.008652355581458604,-0.0072591317172654435,0.006188082243010484,0.0007907296242875006,-0.0020113687830582982,-0.004922101763646047,0.005703076580976241,0.012115947567940655,-0.0030889245865219905,-0.002302312062280265,0.006592778565066126,0.01658707041071139,0.0009300770146274395,-0.0033815424406982153,-0.04722767650298332
2016-12-19,0.0021748515545203517,0.00042802233026373315,0.007177488106860697,-0.00458483359010442,-0.004176655984569955,0.005577287480086124,0.0026571294483757057,0.001919428996781658,0.0037110529145842897,-0.0019854878776088825,0.01069914552246587,0.004985177307786692,-0.0043384181124386245,0.0025533888104893876,0.0030062844999982907,-0.040992755237938994
2016-12-20,0.003850292532353805,0.012332465471539766,0.003670886499129722,-0.002235016322857497,-0.0007220109450889467,0.005704175807654366,0.007928384298661495,-0.001919428996781658,0.0012344918287165996,0.000794796252881369,-0.004996129841416064,-0.00739439021746513,0.01038070620594489,0.001389834514712529,0.001874541056033685,-0.022453467525084925
2016-12-21,-0.0027864556277901187,-0.0025392392879330927,-0.0020376508663484394,0.0015780019309103999,-0.005648231963524708,-0.0037991662923877456,-0.0004785312983699441,-0.00019244833731768551,-0.004119533867972702,0.00039675016351381487,0.004404270710958613,0.0005564603998493567,-0.015611792303279692,0.0017340141783819263,-0.003000731687786473,-0.015845344672603012
2016-12-22,-0.0017290349834819807,-0.002545606843042947,-0.0020422408108999868,0.004064918141481133,0.0013064822103139306,-0.0019050095152666202,-0.010833065615006188,-0.0015379850188179667,0.003502372720867175,-0.004176822370255628,-0.0017894591783171876,-0.002413686118826419,0.0017467653434302122,0.0021546653775881275,0.001126190631752788,0.014097135836683705
2016-12-23,0.0014634173479235457,0.0016982089212009832,0.0010218991523598397,-0.0009163649602852431,0.007514229381739845,0.0009527450792541359,-0.0021810113255940067,0.0019225610384299152,-0.00020555830140356335,0.0019911433226571518,0.002035715129302673,0.003155199096608996,0.008688184927953202,0.0018494243718447656,-0.000750681392784891,0.0008744447656074961
2016-12-27,0.002478002975447424,0.0012712611583127753,0.004075476692839697,0.0022241190805782907,0.002013617132822887,0.0020617990636178085,0.0038735419599449372,-0.00019212768229426302,0.0008227194485090905,0.005356667851979857,-0.0032246444599053348,0.005820121372820175,0.014598724097094617,-0.0009243940428298458,-0.0003755092389678971,0.04695700067815878
2016-12-28,-0.008299162380579261,-0.010217089420077485,-0.008988747603582148,-0.01090623365655663,-0.00764397288705343,-0.010511233890176275,-0.006910371101573443,-0.006166801130630617,-0.009500520991120531,-0.010142236514224301,0.007282421137823292,0.0027596655752013532,0.0017036169498201303,-0.001387757016845459,0.002626207135650649,0.07702282346695721
2016-12-29,-0.0002227736337312436,-0.007300923100590495,0.00020519153624132258,-0.001983625190403515,0.0017354727937561876,-0.0003201512655999217,-0.0013388011372743591,0.004628449354064035,0.01339835309918147,0.0,0.0035370033307104976,0.013050610006335894,-0.002556433657273871,0.001387757016845459,-0.005635970322000805,0.031917609137335656
2016-12-30,-0.0036619814730425304,0.002152230496456742,-0.00782711678517245,-0.0029164580811396057,-0.0036193464212654902,-0.0035298850336404897,-0.008440958782979457,-0.005015193586293876,-0.005543948429738599,-0.006617822523749872,0.0015122766221447037,-0.0061846518231218894,0.0,0.00034711246172358656,-0.003019021788494225,0.04889701332632246
2017-01-03,0.007621146502597043,0.011121074349164761,0.008852357269896416,0.011221935821619233,0.012969999459440551,0.005929097356427437,0.005879612361582964,0.0036675710827775987,-0.0024734175462950425,0.005818242026151665,0.004271474114269758,0.007815385138246533,-0.02418085766102429,0.004150605658742368,0.009029516662630854,-0.08856655485305565
2017-01-04,0.005931525085022926,0.008049015081164068,0.003478439602008887,-0.0021027970027214238,0.007844347248610717,0.005893865713734403,0.013224529220688286,0.0,0.0037081001912633305,0.014497053987155173,0.003837498936558603,0.003524147562994351,0.012163516284555698,0.005393067474631863,-0.007518909535634055,-0.08101594125491074
2017-01-05,-0.000794683812365804,-0.010177902353256219,0.0016326548238643213,-0.0025025481350362533,0.005101583801737419,-0.0028628990210144423,-0.0007233285800802847,0.0032700982149278524,0.0010276861776210566,-0.0029619707524650707,0.015532766513982388,0.015395946803090865,0.010309359945159358,-0.0014887181545297778,-0.01062222528051393,-0.015306446936599993
2017-01-06,0.0035715043531858726,0.003404124867624869,0.0073140537553730844,0.0009223943016811731,0.002822678360076658,0.005717908982571629,0.004932416363640613,0.0009598064458096189,0.0030768421285651826,0.000988419972124177,-0.009224455624999628,-0.007399862806678037,-0.0017108219734405239,-0.00022900781128143421,0.0072202310592826,-0.030450407020032433
2017-01-09,-0.0033065395737184033,-0.006820071913861803,-0.00020253490234267701,-0.014600712822713469,0.004219134445254902,-0.007790742979300713,-0.0008401194659559685,-0.00809109436379618,-0.013193615620597399,-0.0001972783865915595,0.007994184381535874,0.008198942430912126,-0.03219067629872807,-0.000229349701273307,-0.002654000980187199,0.02097985372720812
2017-01-10,0.0,0.0021362611501563045,0.00020253490234267701,-0.009133583678225143,0.003502961111753855,0.004141095462576683,0.0035970008888970284,-0.0050416424364816415,-0.0031175555343496697,0.0005924457118147153,-0.0006573926272510633,0.004251209640408149,-0.021448608076692466,0.00011482612591340313,0.00037950024892463574,-0.0060738276026794935
2017-01-11,0.0028222952879790597,0.006382019684906481,0.00464506974130785,0.010737261838120293,-0.010120851260976949,0.005232225543456259,0.002152126582319447,0.00194216858727847,0.010354523309474839,0.008064091054353018,0.0033623210782360857,0.0030884513564588545,0.02673957854455633,0.0005729206171283252,-0.002279512190740185,-0.020220428902046006
2017-01-12,-0.0025132062731634264,-0.008518280835062786,-0.002420737617797819,-0.004147328719724008,0.0009881599419987452,-0.004119795903716028,-0.0009559623478039292,-0.0009708039684608316,0.0008236935843028981,-0.0019611412313986776,-0.0022132934442726793,0.0036058581395099765,0.014840960077043164,0.00022919203905980012,-0.0038110627895604487,0.024562614735795574
2017-01-13,0.002292769385087823,0.005544834318329084,0.0030250286610513655,-0.002953337532159761,0.0009879412603428506,0.003803381416234153,0.00369916217909827,0.0005823470834598332,-0.0014420417859404289,-0.0015713429830390702,-0.0047691822153277386,0.002630155985372973,-0.011329107273510886,0.00034311145904242224,-0.0011461568239345965,-0.02723052978654339
2017-01-17,-0.003529464128333437,-0.024107662599647472,-0.003833358414950805,0.00616544315745049,-0.00508970372574602,-0.007780632219860362,0.0016657415292260502,0.014070181361985679,0.010866124283305467,-0.00453160683991527,0.010414719123807537,0.014257386660884386,0.0017513540054503451,-0.0010307005398706437,-0.00921650398719942,0.055425470992607195
2017-01-18,0.0022072279512430626,0.008244313656438518,0.002623987382962323,-0.0022741025486099353,-0.0012760237647011508,0.003818438511562494,-0.0017850718357053097,0.003439094511143992,-0.0012241438409676952,0.006299092569425291,-0.012890886793056389,-0.008495159639561045,-0.023905561225848082,0.0009165840519633761,0.00921650398719942,0.05011312728111239
2017-01-19,-0.003711307081724513,-0.004330321833066364,-0.0014119497217737198,-0.005505922011460829,-0.006406381967044794,0.00727853909283338,-0.003101586204449447,-0.0036307119190315262,-0.00881809522528565,-0.006299092569425291,-0.006882857446857571,-0.000870981624312428,0.0008956766309493602,-0.0032123065503530945,-0.0015301680505945825,0.023754101793616034
2017-01-20,0.0036675462611706067,0.0047626093125394675,0.005436442949593445,0.00376341073013986,-0.0025738454513062337,0.00015766065789568628,0.0028634821904227614,0.006487460731636752,0.0018521619936646694,0.00884680511257896,-0.0019992671221258362,0.002436746563514447,0.019504187690198016,0.0019509545511149362,-0.0034516603535736934,-0.10206217028079223
2017-01-23,-0.0026056546461559194,-0.006500654714704179,0.0018053470118020165,-0.010655036407183793,-0.004160882488329243,-0.005532327803533743,0.0007149405600821446,-0.00038039743142270765,-0.005152739512244597,0.0019554130429684236,0.009955861469113536,0.00641137052410734,-0.006164761785516504,0.0,-0.005392866497041737,0.019734702390271863
2017-01-24,0.006391142023554508,0.012529917464041418,0.006194536324819477,0.010923125858315341,-0.0069252433436020056,0.009936202146992645,0.00818142592494997,0.00663675795145835,-0.0002072791317337952,0.025459427334415974,-0.006875528551499421,-0.00450104004040508,0.004407251881234586,0.0006885492681316663,0.0003860951653944511,-0.06131524101187136
2017-01-25,0.008618282221454443,0.016606896734232546,0.009516505665813746,0.005217282617054231,0.009366434180800631,0.01045971821156888,0.006121984872748065,-0.0001887617897411431,0.0,0.006643441892129953,-0.012630120258212862,-0.008275642538443151,-0.005290970467863865,0.0035466326479203225,-0.0034809424402784117,-0.023767048684151693
2017-01-26,-0.0010459094461099383,0.0025305754443505357,-0.0027661731129473566,0.0008001844996736729,-0.007775323666924905,0.0023269864415977892,0.0015247071688344604,-0.004357458540796166,0.00041366563149614066,0.002645102673501487,0.0033613465748967286,-0.009315451405169206,0.019264983892070653,-0.0004569703407750758,0.006565052024858797,-0.016791467348872047
2017-01-27,-0.0015710729161710901,-0.0037982686544490996,0.0039493730075825795,-0.010452905891557673,0.008205572004072792,-0.0007749680513091661,-0.0031691215689253482,-0.005521205619383629,-0.00020638649976234547,-0.003591617349858467,0.0036007672753894937,0.0020286289430195836,-0.011338989183294679,0.0009138039830007827,0.00038484576287567407,-0.004714783900694908
2017-01-30,-0.006221174606198865,-0.00806629208182752,-0.0081131579950533,-0.018491397260753217,-0.004886247773564278,-0.008565013966950641,-0.0011765214255698986,-0.0007641283624231221,0.0008263519877873549,-0.0102777940272607,-0.003013923754139114,0.004220558088409376,-0.010582099541045942,-0.002057505148040484,-0.0019256235723932313,0.11589090434856741
2017-01-31,-8.776096286666757e-05,-0.006414575925075994,-0.00497976637955766,0.00041163124900434056,0.015865141408691663,-0.008796792662399966,-0.001531253678380029,0.004765385053032034,0.015367473840665724,-0.005948546949337441,0.00693494142078066,0.013768096552716713,0.003539823418899246,-0.001029258492240892,-0.00812864057718965,0.009216626382456017
2017-02-01,0.0003956032114844632,0.0012861721807024828,0.0075593911700400085,-0.007434942552992041,0.00861253633522363,-0.00173706796549844,-0.0018877149408642602,-0.00782709057161357,-0.017434635580565683,0.004991431496197851,-0.006202247311706266,-0.00303364136026385,0.014035305200489567,0.0036954307311094503,0.0007770177016102053,-0.015126284210131846
2017-02-02,0.0006585762082389479,-0.0038637833326991,-0.0019836524225880225,0.005649852443589953,-0.00028049171513266913,-0.0018985921158169994,-0.0008274121210516405,0.009157043663744258,0.010497235579334241,-0.004414285248629302,-0.00041990743247577456,0.005540175253054613,0.002609891602732617,0.0005729734997839131,0.0015523150046474754,0.01010959595046268
2017-02-03,0.00686932745980684,0.020013678358333564,0.006531117180460733,0.008620499615111132,0.004349702177216308,0.0074152237293643175,-0.0013013911965376046,0.006435978156237976,0.001227860756269905,0.0017297964238629504,-0.00041966533080284307,0.002500332582847875,0.002603015155055566,0.001716522420123212,-0.0003878307611864251,-0.08389196306148827
2017-02-06,-0.0017895540225651985,-0.004647896334122326,0.0005916583311034174,-0.008482796534942327,0.0011195078489816268,0.0014133979668300434,-0.0029628991764703017,-0.005486733255885223,-0.002047167634404712,-0.0026917147071685577,0.006031662366911661,0.013428758731216739,-0.0139618190198183,-0.0006863273034642958,0.0007754226736258474,0.035813999068408986
2017-02-07,4.396138519346948e-05,-0.0025448163815013913,0.0039359632079407625,-0.01425359196806486,0.0009783392168234428,0.001725222347768618,-0.000949972867132054,0.008124800229236673,0.002456014669405704,-0.007925275565909384,0.007323836907104919,-0.0020411460379587965,-0.016836953929930232,-0.0014880726088621898,0.005026128270547492,-0.007060922914538192
2017-02-08,0.0013095960006683782,-0.006816972031667312,0.0017657546707128269,0.002366699542260875,-0.0015378738878109033,-0.0014111707577857402,0.006159594933348611,0.0041314976573687545,0.009764283460790057,0.0023261709781881024,0.013507167441135337,0.006195677380773645,0.0035682431632055867,0.0006869893853753695,-0.0011577440871177735,0.014072338559439679
2017-02-09,0.005915003906734384,0.013588075144532308,0.0031317334577307676,0.01119912148383806,0.0036319528467663176,0.0076592214996851204,0.0062391709719347155,0.004114406732090181,-0.008538744335417014,-0.000387260144699475,-0.011602164501099743,-0.007644011341684909,0.010629049549298664,0.0013727081821031106,0.0038535652474043225,-0.05106346139591844
2017-02-10,0.003938555001104405,0.0029478280483883346,0.0029269555859197105,0.007534180013913261,0.0019501641913732826,0.007910064168370923,0.006084023267055372,0.0007461751525368321,0.006309387017900736,0.009061994092230297,-0.0005793348794229658,0.0026395141502790764,0.013129257832125596,0.0006861505637236753,0.0011532060842429637,-0.0027611368012951942
2017-02-13,0.005427865830108125,0.011290376414973213,0.004471593592012546,0.0019087171806124736,0.0061038527560741684,0.009991798809114272,0.001165960576613223,0.0,0.0048572549442300605,0.008219590816895828,-0.003151728920935959,-0.006825925967175905,-0.015775989553159064,0.001484138562379389,0.002302517678210325,0.02007360400775582
2017-02-14,0.003987208308474877,0.011575268900494429,0.003292346923488232,0.0032637222282865253,0.007852860595566113,0.0004588058492442926,0.005692569527952163,0.00018659448552238445,-0.007294706235513981,-0.0001904552143923155,-0.007253426110574779,0.0011123712399383479,0.00528639293845945,0.000684090558479955,0.0022969663374281524,-0.03026365138316356
2017-02-15,0.005206767879489149,0.007778788122186242,0.0032814619630432418,-0.003945187217647472,0.010783295296682205,0.005336557645188478,0.005199680518025218,0.009095009760696549,-0.002443511781804908,-0.0013335009458192992,-0.004612373785885637,0.0044372173593298925,-0.001759055683573152,0.00034158347257218225,-0.0019137428757529662,0.10842847410849243
2017-02-16,-0.000851759820530873,-0.0024498845831262273,0.0023099978069818228,-0.013722890024185919,-0.001358420280550554,0.00030399040757522755,-0.0050835292465967186,0.0012929240530139552,0.009939750976059702,0.0,0.0054486155056281405,0.005349691237603871,0.0043917674298805665,-0.000797496302257894,-0.005763829611920013,-0.01769957994483118
2017-02-17,0.0015751253882667626,0.0004088705160150141,0.003454981999951645,-0.005542700373457166,0.001358420280550554,0.0016706372868240393,0.003238155381021013,0.0049699722024905135,0.0006057034334916445,-0.002864396839234562,0.005918964812018146,-0.003393297472611856,-0.0017543428992503607,0.0010254401417202352,0.004997235772044029,-0.02322688999264777
2017-02-21,0.005937507275056042,0.004891786267860798,0.00515991356941603,0.006785061945647541,0.004469691004040932,0.004995974673226655,0.005756172335295684,0.008956925931111304,0.010435612540823591,0.0032456914016223415,-0.0017470526975964518,0.000594654010076745,0.013083450172761246,0.0032984326185334645,0.00459051131731858,0.006938442888539065
2017-02-22,-0.0008884717503381268,0.0008133458675296801,0.0011433162817180431,-0.015297251023569824,-0.0014874765084016417,-0.0027219022930218273,0.0,0.0001819890657537293,0.004183616102434229,0.002664298849124336,0.0016634400413728656,0.001357919750568648,-0.015720874703391452,0.0004542314792606028,-0.0022926652333672415,0.014586280074939673
2017-02-23,0.0006768632710922873,0.0,-0.000190341935579319,0.004195389284538997,0.007282238345593939,-0.006532465925132236,-0.006796408228792128,0.002362938202451481,0.010284937828453966,-0.005527426173529193,0.002988078808212613,0.008697532157720289,0.014853928050555076,0.0009074882009043606,-0.002297846083951338,-0.0025586140367859223
2017-02-24,0.001268380963184157,-0.007750413579592941,0.002282673540358271,-0.009393575268781706,0.004826048152014373,0.004258393544927408,0.004612910055289188,0.00344258090129701,0.01503801324029741,0.0020998659284399146,0.011044055560500254,0.006369402264058799,-0.006089596506186901,0.0007934038786889808,0.0019152090972087699,-0.0207082264453593
2017-02-27,0.0015614714745266767,0.005309222308377937,-0.0005703398372145507,0.008556204819006652,0.004802571599831218,0.0036360512116910826,0.0011499103312448966,-0.004532522161047492,-0.005637375007943035,-0.002482430005657399,-0.005919592400293716,-0.004857175635851085,0.0008722398066076664,0.0012458118220122216,0.0,0.052643722825794104
2017-02-28,-0.0027026122267557184,-0.00040744522866553723,-0.004764106743360141,-0.003077746228354439,-0.0019983736278854636,-0.0040912420969947405,-0.007497919771016548,0.0012710211781739034,0.00912007622081834,-0.0009563901810780706,0.0037039416968269734,0.0009230175401251373,-0.0017452410797256235,-0.0007920598674977519,-0.0007655385996221398,0.06639782701185837
2017-03-01,0.013900273136712826,0.02812522693380437,0.014036661585076882,0.01983598574021217,0.009951580443225971,0.016713603458152093,0.011168311399788244,0.0047076297449542,-0.008925195471939595,0.01933352786728637,-0.01689866740885293,-0.0014268817535851852,-0.004376391403989821,0.0036787764140155943,0.006870230220067164,-0.029852972096808372
2017-03-02,-0.006317423155044466,-0.015572084679473797,-0.00661457078361094,-0.009521837033152902,-0.003173648954799546,-0.010809383000215611,-0.002407294678541838,-0.0001804961550773143,0.0071852118126374265,-0.010758068576264712,-0.00360574513362355,-0.012508578672613346,-0.020381702026828208,-0.003178642263772513,0.004175375029021211,-0.0599768664228546
2017-03-03,0.0006295207048703233,0.004817345445850663,0.002272889576225623,-0.0018044135540247197,0.003965843974893524,0.00105583530725184,-0.0014930888928539332,-0.0038012671537672738,-0.003100666470992497,-0.0007589677512043203,0.00260081141683699,-0.0005955140219633392,0.01068575487137835,0.00045467019381995044,-0.008750396385347692,-0.074694380739464
2017-03-06,-0.0029824290692825883,-0.007638156905948268,-0.0015146590337637988,0.0022197752228998446,-0.0038332691023299503,-0.0024151423695037977,-0.003223520203023078,-0.004362047129753854,-0.0019429600598743768,-0.0064775372815217835,-0.0047875053463029005,-0.006745539852068383,-0.000886152385596084,-0.0031873977519820684,0.0034332267849985776,0.02522653910195949
2017-03-07,-0.002991350566801998,-0.002828698926660156,0.0,-0.008909531894623957,-0.007043762015739752,-0.0028759642944597985,-0.0032341388732892717,-0.0012759235052035578,-0.0005839050089773146,-0.005558325467834191,-0.0030351420562295672,-0.008086086565358919,-0.0008868537275672495,-0.00651985753827633,0.0011417945713279032,0.018510889239789385
2017-03-08,-0.0018582408637408676,0.0004044586561029462,0.0011360701465576994,-0.026354848327879488,0.0039925797724400525,-0.0034928094025987733,0.004156081267480349,-0.002190976467179695,-0.01450390187659023,0.0,-0.005419222059788176,-0.006238117890961625,-0.05470829620559403,-0.0066779769799851785,0.0034174957741219814,0.03518165127944162
2017-03-09,0.0012673636803848254,0.0036340684550824065,-0.0001891891413938751,0.006582930794897468,0.005431811052735824,-0.004573607151547421,-0.0009219423941910776,0.0016438843048716123,-0.0021738723753683686,-0.003079951281839577,-0.00801309724503163,-0.00514091962225649,-0.013207771676962743,-0.002660293992704066,-0.001897214869390762,0.03642791326364758
2017-03-10,0.0034979197782307736,-0.0008063283177706104,0.005286107402549423,-0.0014274850794149252,0.0038241717711171574,0.006093710309385436,0.0014979060520823317,0.004551322925819168,0.008275459142882635,0.0046162002355814025,0.0035032790865310304,0.0021815968976861555,-0.023055754648252602,-0.00034786702785938317,-0.006859844906756063,-0.05343511004936463
2017-03-13,0.0005049216552723834,0.002417311593343019,0.0009410792677013724,0.00014280789620935153,-0.000790082131665315,-0.0006076550981601869,0.002644590792981738,0.0007267935169132933,0.0029391821410928998,0.0028743853899175775,-0.006331267343325564,0.00017429306368743624,-0.000972312087315963,0.0008104876055998744,0.0015285012124643949,-0.026946390298827616
2017-03-14,-0.003834015806823743,-0.0028208114600976053,-0.002259889755638067,-0.011346521885148508,-0.003694734858942006,-0.009467347631764156,-0.0002297372214923321,-0.0029086463807268537,-0.0009787007106440981,-0.00864806182106248,0.004794281251975008,-0.00541813014292547,-0.008793427996084624,-0.003015079811528487,0.003430609435717713,0.08038150034819225
2017-03-15,0.008615985390822978,-0.0016152619095946008,0.006764012012852039,0.02200084541466385,0.012481265198819536,0.011289138369428464,0.005269786683471445,0.007435975395377437,0.015932123488897165,0.015893284138241537,0.01214141073082775,0.018492494054676456,0.018474082707510497,0.013725050531772531,-0.011866250337045692,-0.05601130151455003
2017-03-16,-0.001968843192236669,0.0016152619095946008,0.0005618765834083383,-0.007090496442564653,-0.009708846602459076,-0.004561295136351617,-0.00011428452654094201,0.001444650869097952,-0.011047970083063241,-0.0068624535308314805,-0.005076283885069088,0.004120559955210545,-0.001928685070804903,-0.002867426422663577,-0.0034716315578875445,-0.03678173588371081
2017-03-17,-0.001757229874722377,-0.009848999278089021,0.0021581987730687757,-0.0007299240392266704,-0.005519576279848337,0.005450413056488301,0.0012715295130214521,-0.002724582752329674,0.0060106919967983785,0.004288937523972969,0.006256858759440043,0.0022248383768923574,-0.002899927946194758,0.00034465491902446743,0.0003864207340709136,0.006224981910135874
2017-03-20,-0.0010978456089549837,-0.008213512552147417,0.0009368793835311529,-0.0014340750260797286,-0.0014643549039430326,-0.0018288750738175708,-0.002406653573051809,0.0019989187819589027,-0.006658905059100828,0.00552521312589116,0.004289578923382997,0.004435011725417937,-0.005825207232515339,-0.001954473084121222,0.0003860951653944511,0.00530508935818208
2017-03-21,-0.012922510927011466,-0.028441943249315926,-0.014716944614621585,-0.007055003813456029,-0.007892760274961219,-0.015370645347426048,-0.01270211332889648,-0.0009078211051236629,0.014049065327506494,-0.016861821877780514,0.008274320626801668,0.0087270095580676,-0.015702069439714528,-0.007159268803986318,-0.006196813182410388,0.09498946935031416
2017-03-22,0.0023504193790220285,-0.00212342715632996,0.006252788276829069,-0.0014456581817681169,0.00026840237285163937,0.0035565013920502153,0.0011611720219160127,-0.002000736083923371,0.0048323681312938405,0.002894658666038552,0.003987432644380284,0.0024434516279079332,0.0009886534772780564,0.0024312950976002057,-0.0007773197661835596,0.02690036755996328
2017-03-23,-0.0010679206468182656,0.00212342715632996,-0.002648061520270417,-0.0040597327129878735,-0.00309251582617609,-0.0013902793364648502,0.00231898448542589,-0.0021870500605531973,-0.0030899334816099078,0.004229531130810038,-0.0014102381452838486,-0.0013473994637172027,-0.010929036358480637,0.0003460506123063034,0.0011658418480773314,0.023911626127706587
2017-03-24,-0.0007264366814556666,-0.001273803910652127,0.0007574745501006674,-0.003930398733223761,0.0005386101899444995,-0.002631038438173583,0.0024286335314678276,-0.0020088722228801537,0.0036684127895694196,-0.008864624625845696,0.0035635285809929584,0.0015998188263157687,0.007960233295754904,0.0034615002135591766,-0.0003885220818937718,-0.012270080925744331
2017-03-27,-0.0010270210362692822,-0.0038304998478899677,0.0,-0.004678337038726443,0.0026879302415547812,-0.003570372247158282,-0.00034604855252906574,-0.0009145653964917067,-0.003861844844252005,0.0021268265056897384,0.004539416352510095,0.005621040603803529,-0.0049677390241180674,-0.0010367237749999703,-0.005453702455366027,-0.03613904955931213
2017-03-28,0.007250765821875227,0.013553780097772083,0.007165844359308782,0.014114126666706195,0.0006713484274349923,0.010519896479038948,0.007598292726900269,0.0018278479949458415,-0.0007744976988810492,0.01152321766663622,-0.006692706788219205,-0.004107796901660521,0.010896557440487342,0.00551765167195617,0.005453702455366027,-0.08077633318676858
2017-03-29,0.0009342220224324294,-0.0063302607848885195,0.0016897843833456605,0.013633359121573374,0.0002682936789293322,-0.000153982010073328,0.005946122543405874,0.0018252271691112654,-0.0027139898521806316,0.000763665536907876,0.005951699574208824,0.0024332009503229557,0.021443343301095652,0.0020613403240883343,0.0019408370865412472,-0.009586100212892301
2017-03-30,0.0031794888493870133,0.013038736175875254,0.0018739341554381284,-0.00028529182835645983,0.00013406008703142902,0.005525670881893596,0.0026190688192651024,-0.002007673865668913,-0.00779587596647735,0.00019078152320872732,-0.008109554082238901,-0.007233005455458574,0.01910275980459808,0.00468047468889754,0.006569949550721876,0.010453046865728677
2017-03-31,-0.0023305514020126594,-0.008392840689908532,-0.0018739341554381284,-0.0034276916910886968,-0.002820241558246117,-0.004141028272459657,0.00011357661075361847,-0.002927092039568091,0.003905485209085846,-0.00019078152320872732,0.0029038599637107865,0.0021080154307044907,0.006600745170408651,-0.00034136170161325197,-0.000385290595239951,0.06945491937858428
2017-04-03,-0.001740876941997982,-0.002109190995689847,-0.0009384427606540235,-0.001717979550778459,0.0008064925782065302,-0.002154496452122956,-0.00398745680489121,-0.0016504981365814686,-0.00019480303550611922,-0.0038234697426693387,0.01003609981460496,0.0052925502986571615,-0.008494638179464609,-0.0005381074693153742,0.0,0.000808099347558322
2017-04-04,0.0006372450247313921,-0.0012674041749547449,0.000750306361838593,0.007282097580682656,-0.0005376094145903565,0.00261504744559371,-0.0015991395214687287,0.002932188877761366,0.0031139893175700095,0.0036326518149256692,-0.0054389859421002384,0.0022597345773736066,0.015052010020256468,0.0003433273270516679,0.001155426724967601,-0.04883056518672291
2017-04-05,-0.0029767895742702777,-0.00764066106240513,-0.004136074129156508,-0.0031348663042503055,-0.00309668026556853,-0.0032314812264617743,-0.0024044723707001836,-0.001831374650888673,0.0056196249278861465,-0.0007639866207846957,0.003052852896637148,0.0,-0.0028050259149061674,-0.000801399422114546,-0.0003849939261582058,0.0892001322721665
2017-04-06,0.0028071570351055897,0.006371360747082999,0.00018852188764562072,0.00796022368483218,0.0017513608896164712,0.00277093023299102,0.0030900491748431236,0.0,-0.002515302445153189,0.005333597260057665,-0.0014839677555773534,-0.0036851166978415506,0.016713420785715805,0.0012591758935291963,0.0023076556732251063,-0.039562120235193454
2017-04-07,-0.0010200501523183192,-0.004242642710671429,-0.0005651990162358622,-0.0038301209241926593,0.0017485984499945317,0.001074928149968457,-0.002975191226170626,0.0027459400473803797,-0.004270795935826133,-0.0009503690241916551,-0.004051046989284934,0.0023466217608154594,0.009166002108156768,-0.0004577764714146504,0.0045994840156384775,0.03800928936525105
2017-04-10,0.0005947933710874764,-0.002554561671907596,-0.0018863071969739131,0.00750479861585962,-0.0018828819523104556,0.0024536043990730505,0.0036607755331812264,0.002920769065748896,0.0017494480353810182,0.00019030311871404137,0.004628325464275385,0.0,0.016289980317623964,0.0013722029632745603,-0.0019137428757529662,0.0877233966392228
2017-04-11,-0.0011902409460029517,-0.002988318828677894,-0.00378356053124973,0.0001410675001594086,-0.0013475530762434573,0.0013775881982667215,-0.0008001010196272418,0.0003642405419821415,-0.00038857891651078447,-0.0026655328758589114,0.00943852057041994,0.014378002485396557,0.002689354593307769,-0.0019444331329085962,-0.003069819929711226,0.07008358303266427
2017-04-12,-0.004391705390291989,-0.008156149223907505,-0.003417670561166375,-0.0042405461793531,0.0,-0.013861134261643926,-0.004007450605355789,0.0038194698647493475,0.007355826669482646,-0.012467829964756927,0.005457749028478176,0.006825356086692658,-0.005386047161963781,0.0006864088611204799,-0.0050087877072160225,0.04540343761459198
2017-04-13,-0.006515880266078966,-0.01301533015448797,-0.004001954908670946,-0.018441072751055998,-0.002564653617950441,-0.0071597989827498765,-0.007023329328416317,-0.004548262227605182,-0.0032841972237043215,-0.009697516943136808,0.0030822530013114857,0.004742072843749945,0.0017986028202559012,-0.0020609273359966096,0.0034702047499748367,0.011976164409377876
2017-04-17,0.008821023401225148,0.01731636720290286,0.009123813340371267,0.00216198288990066,0.00364292534219679,0.010874753531711967,0.010230802976921805,0.0070860515866502105,0.004440651200935619,0.00718541909014947,-0.0030822530013114857,-0.0029407031136141626,-0.006309141535441043,0.0029763087631065055,-0.002698075312458581,-0.08496290836176978
2017-04-18,-0.0029885807055451963,-0.009486859016159421,-0.000189061228402565,-0.009401992821294058,-0.010969378261067142,-0.003250054413752146,0.00011432161128688278,0.004516572336265234,0.002309001568096214,-0.0011614659089103085,0.012994849167679234,0.004733558474010913,-0.0018099966406071033,-0.0002290160821170062,-0.008527014349462014,-0.01650654890240899
2017-04-19,-0.0018406575205203168,-0.0030373974355812905,-0.0007574745501006674,-0.014787024658194259,0.00299153978079314,0.0009297047748448861,0.000914198189196469,-0.0037924811925029722,-0.006943060985218796,0.0013546757211604366,-0.005467719703615259,-0.008914361418129069,-0.03878603235579625,-0.0009150921902922882,0.003497173220284644,0.03475649484389409
2017-04-20,0.008106041427214272,0.016807067438878942,0.009049844804031704,0.004855513658627686,0.006225529532598806,0.012007680565586654,0.010455676557147964,-0.001992047633988747,-0.003878221229591361,0.010967161443805828,-0.0038779671777913194,0.0018876096148856547,-0.007561465543853174,0.003313454635181401,0.0003878307611864251,-0.05365803486128451
2017-04-21,-0.00319181916568656,-0.010309729891717634,-0.002066635228352265,-0.0050027826207479364,-0.005954333542411483,0.0009173508001429909,-0.002263391336584153,-0.00290477176537296,0.005038800184857806,-0.0011488319225732013,0.0,0.002865670925195296,-0.021093809011839326,-0.0007989811053166207,0.0007750336555907289,0.03335962572412354
2017-04-24,0.010938007496681834,0.022204258781605812,0.011779189766245146,0.005883316004720918,0.009858805794394243,0.014118080620269424,0.006438016979735561,0.009049912510162628,0.005205952022261595,0.011428834689769296,-0.004950042694916945,-0.006809117727286207,-0.006806024897701768,0.004669973947978079,-0.009342250097111204,-0.2998312127665046
2017-04-25,0.00580181859891038,0.008828937519380187,0.005190995064933368,0.008469440549657925,0.004291554285162036,0.00481195626369324,0.007850089147416028,0.0039558874437801705,-0.0013470874209038364,0.0159702416701335,-0.012112195534743186,-0.010176758825308774,0.010674498107657193,0.0018160519459189395,-0.0027411283393337094,-0.007407434082689512
2017-04-26,-0.0006292633705831108,-0.0008371708102385966,-0.0011100843444915576,-0.0033503348716497072,0.005471003575266309,0.00014994474076157616,0.0046807362124239305,-0.008108980554581091,-0.003086057169734424,-0.00018657832894231063,0.005501626846223573,0.004894417227160552,-0.009699341641280057,-0.0009076490725594688,0.0023499600217657957,0.008329539139783737
2017-04-27,0.0008386833976707919,-0.004619059678143689,0.0040643245518814375,-0.011002421682729135,0.0021275878930726577,-0.00029971128349703946,0.005322510583702478,-0.001267304217146492,0.003471096434744414,-0.002239344301564472,-0.0003277453884793502,-0.003730858335882381,-0.0019512647911748005,0.0006806373711558678,0.0015638452171811146,-0.046212911452893746
2017-04-28,-0.0021815377146623405,-0.009726815339286432,0.0025776951324361086,0.0007371235470436943,0.0026526923403276115,-0.004662189720957777,-0.0039893175388905355,-0.00036230605179499165,-0.004823975635930733,-0.008443893573967909,0.0022092672359672605,0.003151414614046999,0.0,-0.0003397306308743353,-0.0011726768996132009,0.043444041521475185
2017-05-01,0.002516651610132925,0.006354108308288531,0.007511199788885037,-0.0028044972387566425,0.0022486800446266386,-0.003019079815389958,0.0013317887580903687,-0.003812961445348595,-0.0060143572284183655,0.0005651210507475746,-0.008347607933408163,-0.00914994320663709,-0.00882792935504817,0.0005125553014537765,0.0007818778962302986,-0.06787124613989937
2017-05-02,0.00037719220318521707,-0.0012674041749547449,0.002187940390394605,-0.005038953272206825,0.0027713087248528723,0.004826135409617294,0.0011082083626359207,-0.006753756249574305,0.001167097163899733,0.0016935357833500753,0.005107119081722011,-0.00016711217732279238,-0.02292073891686819,0.0003411809697912993,-0.0015642782436358083,0.046385174948341934
2017-05-03,-0.0012151506123725397,0.00800167139812169,-0.001822849240723734,0.0028190615761483073,-0.00488789280954105,0.0007522899663285898,-0.0058877442181342055,0.0009154025920850017,-0.0035049877730668477,-0.009824368084032642,0.0006569535522764625,-0.014055680078894461,0.001007579802084102,0.000910940718639619,0.003906339624148547,0.008462688084567738
2017-05-04,0.0011731817123559196,0.001676409710549276,-0.0007301627980806913,-0.01854108863643722,0.006599769217639384,0.0010521087548243102,-0.0015608947979011134,0.007655837503976581,0.0035049877730668477,0.0011387602225672033,-0.004939296954900918,-0.010137688898776531,-0.0484881216935511,-0.005361286843531765,-0.006257399428324373,-0.02081439982284472
2017-05-05,0.003929301610976488,-0.001676409710549276,0.0036450374069816327,0.015722027060288912,-0.0005263018188461643,0.005093442295415862,0.006229662747596176,0.0027198698189701,0.005427331834081617,0.014123194932146088,0.0009083291313585207,0.0018819613581211314,0.02092124533234241,0.0017138092325095222,-0.0015704197486203775,0.010461308726549934
2017-05-08,-0.00016679307451461511,-0.0008395928496645055,0.0043565184504923415,0.0071063269639197735,-0.0062055633587316805,-0.0026932766330869384,0.001883515816059056,-0.00036208616831379103,-0.0003867757848059483,-0.008073082266556675,-0.0054572220145789885,-0.00222452293867903,0.0010346849263802582,0.0011415937211189942,0.0054857577964320114,-0.07870325810156542
2017-05-09,-0.0009184489677878105,-0.003785483377812593,0.001266920280759809,-0.008295012207162333,0.00119071216216593,0.0013474783188813788,0.005739477621178768,-0.003629515182215215,-0.007375915301351732,-0.007568747983624835,-8.280646119995794e-05,-0.0060137375316386965,-0.010395143778892724,-0.0006847715176201419,0.00506718169256537,0.019260562517824376
2017-05-10,0.0017942804722448358,0.0033655176253932773,0.003791837558412503,0.013151156632198013,-0.0029143980572197137,-0.0020969741150720367,-0.0034174299903209082,0.0007271177914307536,0.0015575450788949396,0.0032237831433024056,-0.0011614900074095047,-8.619187440839227e-05,0.029852960218724967,0.004327319843976607,0.00038882414646712604,0.024790560486286584
2017-05-11,-0.00204497332389586,-0.006319593923078237,-0.00126250001626671,-0.002057182675692104,0.0005306086718928071,-0.0003002231770636854,-0.005981656472139996,0.0014520296183806458,0.0013608028078344603,-0.0015156109890250846,0.0,0.00395630586279605,0.008080844658731046,0.00011403235035434278,0.00038849561971643354,0.03748640119292013
2017-05-12,-0.0016724507568035563,-0.004235359611643563,0.0025232574675877473,-0.0033894175593389697,-0.001725508587083091,-0.005565068918074623,-0.0014453380150940554,-0.0029067942862552876,0.00484434319942828,-0.00246809384436375,0.007524948115981367,0.0028286293961139464,0.0010055535476460875,-0.0003412196022285485,-0.005063145267078184,-0.01904826763818601
2017-05-15,0.005508344042075564,0.007610912591320851,0.005563738032375198,0.0077923780049071745,0.006488124229222514,0.004664862231260614,0.00022251716661125798,0.003269672280373115,0.004243903866367749,0.00870550803548964,-0.002722438034182595,0.0026498930493215056,0.021869685561163088,0.0022709599734591635,-0.0027371089827967765,0.0019212741795517907
2017-05-16,-0.0009160018349412269,0.0029440409434009496,0.00464299502803156,-0.0049914340650460964,-0.003834491221972769,-0.0010514338942728685,-0.003454079478555805,-0.0009070865073748102,-0.007341812291668415,0.00018840917045492844,0.0037108325898440597,0.004344332691826658,-0.0059172184886815415,0.0014732578578784405,-0.007467103252382312,0.02183281268958348
2017-05-17,-0.01790324749682437,-0.032005962799358745,-0.0276363827658046,-0.009911064756928933,-0.013203508163642574,-0.02019034418965049,-0.01631738077044087,-0.001453265633681422,0.002517836655737682,-0.021325975863716096,0.014461613279490138,0.01802608924299154,0.00788180698171903,-0.004427006527013333,-0.006728575944840998,0.38106983652055426
2017-05-18,0.004020291032350798,0.0038951569908745043,0.0058436014461999974,-0.00029721546482264216,0.004420448873928784,0.0013790720384578847,0.005769366335279358,0.0007268968144424903,0.0034753940781024895,0.0005772782629986928,0.0011348833761397614,-0.008214659464641727,0.006846055995425537,0.0011373229931588291,0.0035677889419494235,-0.06150700680717991
2017-05-19,0.006483344091903653,0.008602407091568232,0.005809727829508837,0.012266589938334072,0.002803105151426344,0.013084290826494538,0.006745616172329161,0.005434418295869214,0.0038476315789899296,0.008618195701784792,0.0023468149505943003,0.004953655816689384,0.021215773162360563,0.0018164256759760633,-0.0071485345900499375,-0.19688824933773263
2017-05-22,0.005064573177516962,0.002566386799509157,0.007933594840359603,-0.0022056893724338167,0.002661751901337439,0.007678621905784944,0.005029167988903183,0.0055855641954933866,0.00860356747412272,0.0011435771118706306,-0.0027521946731123847,0.004178861021673974,0.005708904280803395,0.00305683169277593,-0.001595476286662123,-0.09672310660294325
2017-05-23,0.002210255233555003,0.00765939716517261,0.001794543146218075,0.0023521657479244062,0.0033182022369500075,0.002097803314150326,-0.003797540516022213,0.0010772473852647124,0.0026615546986263894,0.0007617753105111369,-0.006750528516841214,-0.006358807682167011,0.009442976686715454,-0.00011325471084200345,0.00438151725098157,-0.019400149557319057
2017-05-24,0.002330109829862259,-0.00042367683525945665,0.004114880072088489,-0.00530100563280822,0.0025136328476209613,0.0011965718823674365,0.0035748999448186325,0.00394021251593335,0.00567967147332471,0.0066392909349737295,0.0056152650603849,0.003937188086656995,-0.0037664790749429855,0.00169509493572928,-0.0031846031784983353,-0.06752803921034456
2017-05-25,0.0047679841684891144,0.0016948784761336988,0.00711608395902763,-0.01832714031041549,0.004746525288934045,0.006556369354499658,0.008770178963687592,0.006237694087727785,0.008085082318457282,-0.0011347924096871687,0.0003240909868624797,-0.0010874337201158824,-0.05427692664164674,-0.0007908876044973034,0.0011953013294645487,-0.00299857159234751
2017-05-26,-0.00020653649394475337,-0.00042361833533588467,-0.0005318512280867438,0.0016527621817936655,-0.0018431947723067665,0.0011876669877377566,0.0029801400628151065,0.003723453305372715,0.0,0.0018909527058958986,0.0017025825967422747,0.008832634206009438,0.0236231235873694,0.0005656337947721468,0.002386687780686181,-0.0181822533977134
2017-05-30,-0.0008695995917626931,-0.006799900977547679,0.004247797669062692,-0.013451384944044964,-0.001450493972825484,-0.0002968176139752643,0.0007708949788800545,-0.0003539683450242137,0.0031783911981118074,-0.0001890298361479914,0.004927693573269387,-0.00332393130843478,-0.003898636791833887,0.0010149567519928127,-0.0011926318556918503,0.056478572411225336
2017-05-31,-0.00024804273768364027,-0.008565663331330686,-0.0015907733489028963,-0.004269505502163984,0.003951150117178059,0.0019273783767070896,0.0026398511467444763,0.002828936276046523,0.0050273998954479815,0.0030187280815163753,0.002495475459419083,0.003987406451696707,-0.027724521833095928,-0.0001125666380472623,-0.0023893572544588793,0.002885979206179723
2017-06-01,0.007920638060930685,0.012396163179220654,0.0024735507759046094,0.006245321801978676,0.010980047384278713,0.006201304498295812,0.00940090495491086,0.00808863775587998,0.007032977012555008,0.011985541819634182,0.00010392269179604341,0.0008286937780717096,-0.005032742481992258,0.0029065075204957047,0.0011953013294645487,-0.051242687620308036
2017-06-02,0.0033229520247024524,-0.0038304998478899677,0.009133899631779574,-0.011608268770729957,0.0064798737691855735,0.00396590226887561,0.0035839096398047054,0.002972594517753002,0.0011061207346587665,0.0024167311181226836,0.011771759882664767,0.007345383440386044,-0.005058199149740261,0.0005649782874961318,-0.0047903499493493484,-0.01425689533899499
2017-06-05,-0.0007376167018309232,0.0017043632590119095,0.000874202282131975,0.0018422575043981482,-0.002846217559698161,-0.003524476240457375,-0.0027141451704104647,0.0010474919619949397,-0.0031364690825474995,-0.003161767151548922,-0.006228452576763743,0.0009862969865501725,-0.006103728655523888,-0.0009033090321528547,0.0007999260684474763,0.03229339141527454
2017-06-06,-0.0032017948697884435,-0.004266367157385265,-0.0019238884850234506,0.011738613803567333,-0.002464101800961238,-0.006790721421812584,-0.00862491296082979,-0.002445143490271029,-0.002220332925565671,0.0005585300046098141,0.005431926097937634,0.01119151579658162,0.017198205617710016,-0.0015837004834060586,-0.002401974941158791,0.037041283733649344
2017-06-07,0.0018484569572141396,0.00766630765691545,0.003145685823285227,-0.014195481402800691,0.002723383234977561,-0.0011860386916291432,0.0017530300428507672,-0.00034969690865160885,0.003328512145218898,0.001302508344887432,-0.004791658717375746,-0.0052942623192704374,-0.05250822366074104,-0.002038698033240305,0.0012017086558584467,-0.005758122003968413
2017-06-08,0.0004923742891023153,0.01139018726778529,0.002265932110124158,-0.002925131678225501,-0.002853484847530119,0.0032572389781568845,-0.006478984212830774,-0.007550026603738491,-0.00834190869538931,0.0029706972766629924,-0.0026454341174266816,-0.0065546767029749375,-0.0031762580886454117,0.0007936397780841098,0.0035964855650347793,-0.02238541102286895
2017-06-09,-0.0015188004868802452,0.01869965907824067,-0.0250321278782617,0.02376705157790715,0.006730406438992809,0.0038359489052322004,-0.00441666066822588,-0.0012344510680835086,-0.0009312311550795371,0.012710967529368844,-0.0015259532599172232,-0.009166426122606097,0.006342459496032404,0.0007923111400298666,0.003186053321678539,0.051785296510329815
2017-06-12,-0.00020557121251929544,0.002056369954881454,-0.005908365291337869,0.0070513654474542165,-0.0012899854657808518,0.0036747762822617602,-0.0005533525780196946,-0.00017661040611249845,-0.001865067929298636,-0.0038515460700692117,-0.00032134120437810054,-0.0014943988172202438,0.0031563083840691064,0.0016977231124832848,-0.001591848720511102,0.0686189909731274
2017-06-13,0.004878077855659413,0.005326929551933368,0.007157053008148395,0.0074470538277005005,0.002063960008313437,0.004099715717906349,0.006181212806136482,0.001587681694460663,0.0024239486808728117,0.012417921462558379,0.00016052466580163127,0.000996535081683625,0.008368241322527226,0.0018065534199731559,-0.0011953013294645487,-0.09513567096820319
2017-06-14,-0.0012687548343652821,0.0016330996427837974,-0.0048254325190622005,-0.018269563716702297,0.004758241066339153,-0.0010233705904649781,-0.0005502462792166263,0.006323066944530886,0.005385746953675774,-0.010582166037358842,0.015318678730497304,-0.005493177805750982,-0.03930413929065768,0.00011308870810822214,-0.0007978746232009115,0.020893472533577206
2017-06-15,-0.00192620243188113,-0.004088178385725172,-0.004488507136382935,-0.007584795008962253,-0.0010268921697846878,0.005978731077696864,-0.0041930340828075785,-0.0022786678993034215,0.00572526851549604,-0.00884276090253966,-0.0015845527342355226,-0.00418165701990425,-0.005431761043614536,-0.0038433960296897496,0.005967739618835566,0.02414223805720095
2017-06-16,0.00021882856323962585,-0.001111080730988867,-0.001754247147921273,0.01640836846731153,0.0016487382358310043,0.0032671332150036037,-0.000276809344780915,-0.010560873795526504,0.0045755670207601185,0.0043037352472925505,0.001980787562391839,0.00016757431865954686,0.0065146230068835465,-0.0017001542928101188,-0.003576386584654756,-0.0488818654749954
2017-06-19,0.008290605022765796,0.01023982513344368,0.014732731206974492,-0.0063552113255695986,0.010372190478920018,0.006096441794853469,0.0076243351079132715,0.004814463525601553,-0.0033323722712066406,0.007928357213018433,-0.0014260689609475463,-0.007654460097333171,-0.013072069344937098,0.0030575290676129185,0.004369425267839677,-0.0009638775572118341
2017-06-20,-0.006766863263385936,-0.008593937812579444,-0.008058166718133197,-0.012832285878848992,0.0033071982782928444,-0.010766752429979931,-0.012628504717573374,-0.003921029993872782,0.0005562140029664597,-0.005524583597275257,0.00891639469841099,-0.0021131828104241634,-0.018816280562288235,-0.0035116351402972867,0.00158419312540925,0.046169271686608226
2017-06-21,-0.00024725589080176746,-0.00825469612733043,0.0055580963707395625,-0.016275467494252016,0.012616501042421291,-0.006751894314144913,0.0015595090819475743,-0.0028612273090353746,-0.005947858997683131,-0.010582260988481362,0.002040276206580316,0.00287280588176575,-0.027181715731519063,-0.0058049694670079255,-0.001980543323688355,-0.010180528318604054
2017-06-22,-0.0004527624440644473,-0.006235884124190516,0.0003574825886407673,-0.0006253603704107213,0.010352250528821827,-0.0020638549979228316,-0.0023399906520911173,-0.006648030663447102,-0.004671959148003779,0.0011189818357255632,0.002192456254204167,0.0033692883509406357,0.008004581989633941,0.002736246224271266,0.0003963501982791051,-0.02543711936051629
2017-06-23,0.0011936246837933595,-0.0037601871584174162,0.006235976382831243,0.006701283013059278,-0.0014900628503875524,0.003682477122334049,-0.0012282749223611056,0.0003605443338905445,-0.0033769134264125533,0.003907326307495129,-0.000469230858400671,0.0042794455030730205,0.009070348633521519,0.004089821961422491,-0.0031757536288439248,-0.044885493871440474
2017-06-26,0.0006577630202730944,0.005426958137237481,-0.005342716946278969,-0.002177060622797544,-0.00099497827899242,0.0002940966768116837,0.003568265574452223,0.00395682133759756,0.006743028491954739,0.0029669819698061595,0.0037496988250840246,-0.008999595546856476,0.007869703195384936,0.0013591924359337426,0.0015891374902810007,-0.012048422733466957
2017-06-27,-0.008088582424147894,0.004983615224610549,-0.016565187491853983,-0.0015576514313941914,-0.00912177635864797,-0.007524907859709273,-0.007934448000487926,-0.00865362778365908,-0.011263646892416102,-0.006128873583170158,-0.010739582839676132,0.003794725232619811,0.018858026379926507,-0.0031748419707287034,-0.011177729616606236,0.11080031542596736
2017-06-28,0.008910250352305304,0.015618752928636237,0.012449526344289197,0.005441804708770981,0.00525865915466639,0.00899396498132532,0.010046949478139222,0.0036147832332433794,-0.0096749024744609,0.00908707860559188,-0.003315166381888446,0.0007572586086643796,0.010929007880390529,0.004080899818482919,-0.003216707495193649,-0.0977544586833834
2017-06-29,-0.008827683889802707,0.006909209365551838,-0.018093563393533074,0.002168716616433919,-0.009158140222127464,-0.008549586251507257,-0.009710145634961531,-0.010701439020777581,-0.008038004140557664,-0.012071901188476453,-0.008416464719690708,-0.0048900007067285145,0.0010863910861793613,-0.002492008765868192,-0.004844592060081254,0.1315353739210381
2017-06-30,0.0018627341974530864,-0.0008104232520014243,-0.0009130244051571701,0.004477072239936319,-0.0013870898762089467,0.008255856213096102,0.0052576535052191176,0.0018220997935292083,-0.0015386513941302304,0.005403633638034311,-0.0023153550966306113,-0.0025387426380500955,0.031001944197371678,0.0023786828780134606,0.0016173194600859198,-0.02298945424833576
2017-07-03,0.0016943822628627814,0.014487348976314873,-0.006968817954033035,0.01907134553833334,0.001764961926384423,0.0061475653357678794,-0.0010048907291024811,-0.0009102365695059511,-0.004629818680779607,0.008696369528021552,-0.0032247872069914862,-0.016488352380743088,0.012552454174974415,-0.0004883145491239027,0.0060424456046739294,0.00357142887037476
2017-07-05,0.002309296621598733,0.0015968157553758466,0.009888326159707361,-0.020458584414488445,0.005903653020059352,0.0029141818911337936,-0.0024599749523659398,-0.0007291051580304853,-0.004845523829227982,-0.003321187257564695,0.0002413153703031412,0.0036971824767881856,-0.03922070125713528,-0.0007964774704953825,0.0004015344905150542,-0.013459204741185005
2017-07-06,-0.00918658897443958,-0.007607982299035587,-0.009152656772670742,-0.011167740014848881,-0.012983282322021061,-0.008768017188490518,-0.010240505393992017,-0.005667904738057672,-0.0003883551526642215,-0.004446184594100622,-0.00830823218666854,-0.0004291636859008463,0.006465584836251814,-0.002505879947903633,-0.0044257720464373485,0.12468481301002754
2017-07-07,0.006464117933892233,0.0068097579858967805,0.011518487592569127,-0.001561335331039082,0.005062211433428665,0.007749374730603442,0.00889605245007452,-0.0005502443869884743,0.0007771492563848348,0.005185198776445965,-0.006012045446879277,-0.010269798493158788,-0.022814680918032515,-0.0009130434837247847,0.001611638881126698,-0.11390304733817658
2017-07-10,0.0010734350168863926,-0.001198532421547771,0.007245125423920307,0.0032752621407938776,-0.0018951731269343242,0.0029084134228920533,0.002127922075270572,-0.006995497439156839,-0.0007771492563848348,0.00626042194610088,0.0014655157563865373,0.0016468254331298837,0.0032912516989256346,0.0011408235498722163,0.00040250420645682183,-0.007174912075174955
2017-07-11,-0.0007429688143796298,-0.008831859579903512,0.002163371150124327,0.005435217019961414,-0.0011388302826347285,-0.0008717135892837291,-0.0020158230498634744,-0.002774965091512094,-0.0005835538060066092,-0.0014695084725548924,0.0017073919438459484,0.0012982088742115039,0.015217721817477603,-0.0006844081099979249,-0.003628291330540545,-0.02000060427810757
2017-07-12,0.007486630647258963,0.003220634015554502,0.012882780900453472,0.0027838773115478332,0.006813831824497463,0.005508126611807107,0.007593681605721603,0.005542161545561974,0.008520943558518734,0.011514361806162388,0.006880730526138912,0.0035397924292919214,0.006451577723024293,0.006482449531143519,0.0,-0.05570105471775433
2017-07-13,0.0016788335632060836,0.006011166543659741,0.001953742227667199,0.0040071029005646075,0.0008797072168045261,-0.0007233670679962501,0.00011123858240136286,0.0001842853472719952,-0.0034770070041556522,-0.0010908679909542585,-0.006312593881722783,-0.0018115086761429922,0.014893928713345161,0.0007940979188401087,0.00040389660740736133,-0.039609195145290155
2017-07-14,0.004653236218729262,-0.00440454972665183,0.008832525550483972,0.005981049493589907,0.006762008229748595,0.004330265107153508,0.003220547936758411,0.007889028156612632,0.004633197983928472,0.005080594544573547,0.001217400391779755,0.008168900176640292,0.012591969411166914,0.002827285490125675,-0.006074161419177937,-0.04019081798345869
2017-07-17,-0.00012197900875055012,-0.0032155463944461005,0.00017550388132958616,-0.0012236947071135873,-0.0036257842846563193,-0.0005762224739980226,0.002436458550917564,0.001095877683404023,0.0046118304224656015,0.0019889098911813896,0.0027529352915376393,0.0044433489997173226,-0.014706183484425317,0.00033934324005002736,0.0,0.03207719066462156
2017-07-18,0.0005293497003719949,-0.0016117044381163126,0.0045615171963584444,-0.00475735478647632,0.0007514102077141871,-0.0023081518716860927,0.004524459127694502,0.0,0.0028716305830251976,-0.004163135777581761,0.008694674491062315,0.006966890452322794,0.009478760139493225,0.0004512606006530362,-0.005294364490731063,0.007103089059340206
2017-07-19,0.005399343893810027,0.0004033971499590727,0.005063161913398506,0.014507442500101497,0.008102601020086198,0.0010101318671829063,0.004833132917415384,0.0036444235986969886,0.004196671533617913,0.009567706332768822,0.00040143599430564336,-0.00025402243234751154,0.015600901137015732,0.0016913167269017038,0.0024469433649794148,-0.010162727702856422
2017-07-20,0.0004453697767319298,-0.0004033971499590727,0.0020878657286758084,-0.003036479781603596,0.006557850058257486,-0.005643317204455656,-0.002084273680400539,0.00018185090873501508,0.0072080917960835045,-0.00739348044636845,0.0028801412952255134,0.0013540627739274669,-0.008290195341949413,0.0005634603401727389,-0.006128668580609009,-0.021683868627002667
2017-07-21,-0.0008907246559939352,0.0,-0.0012172467755493521,-0.00993379698255703,-0.001110911465825204,-0.0018883341454047908,0.0006585119304993725,0.0016351717514377917,0.007156411850750111,0.0001812064901685062,0.00422542614859811,0.008589562474350387,-0.028497918678842993,-0.0007888918183951432,-0.0032841466113335827,-0.023232330209173035
2017-07-24,-0.00024316612800756587,0.0044259065139793385,0.002433158386319967,-0.0018446762174542108,-0.00037002994704504744,-0.0021829589514039682,-0.003407371167514217,-0.0032729331696699226,-0.00942679102638122,-0.0009052027028251253,-0.0039056944307089836,0.0004191258176557966,0.016985530028710727,0.0007888918183951432,0.0004111086494149596,0.007450875197871909
2017-07-25,0.002427869201377497,0.01236782614055576,-0.0019115276129983982,0.012538500444636114,-0.0071899039395431075,-0.0013125325431673218,0.007022321434007495,0.00689763101907559,-0.005698987981801906,0.010629549945199823,-0.013104761921982622,-0.0032741446924644535,0.03211051774515905,0.0004506643914083952,0.001642746576016041,0.0
2017-07-26,4.0303425193677356e-05,-0.006763340653083816,0.00381868601876878,0.0010628141055555318,-0.003364883226771198,0.0013125325431673218,-0.0004375273894634546,-0.00018089682153510367,0.009480317483994583,-0.006111790528042338,0.0016171421994854995,0.008040236804836454,0.015174759074869648,0.0014623423576853867,-0.005761364166600114,0.017867009202628736
2017-07-27,-0.0009299467569370279,-0.005604485487471944,-0.00381868601876878,0.010118990280519213,-0.006889343038006146,-0.005699149506398271,0.007301936287992916,0.009722945441042796,0.0024503759863265806,-0.00361255671433236,-0.0049410941937164665,-0.0007510021513583709,0.009990130956469834,-0.0007877293860021339,0.003707508941169113,0.05176186086343071
2017-07-28,-0.001173818818947403,0.0,-0.0010438966674302108,-0.0012030402438147902,0.005015022432249161,0.002342247804473452,-0.00763013911517918,-0.008457266552855724,-0.001507535913814806,-0.0036257375714874307,0.005910189386050035,0.00748507747253413,0.010875011179337868,0.00011274862553722897,-0.00618680862604748,0.017647547065119173
2017-07-31,-0.0005670076664516799,0.0072001175298743725,-0.004886197116960922,0.0022543781814863273,-0.0008755236400244115,-0.001316883935053248,-0.0003283105796474395,-0.0003614340118014425,0.0033879096680760057,-0.007657578000231258,0.0012099504641014391,0.0004969976741389104,0.010758016489122113,0.0,-0.004145938328764309,-0.0029196840879750496
2017-08-01,0.002226281397667229,0.0071483782436385646,0.005060219305736968,-0.0001502793196959118,-0.002255875065614532,-0.0029321908368435956,0.0017495634200672683,-0.0010852623506925063,0.005621322861716571,0.0007317968989850598,0.006996328593189993,-0.0008284878144895202,-0.01865538456325133,0.0009937821859189455,0.0016606658306344002,-0.0167080125625918
2017-08-02,0.0004853612649613481,0.0015814840726866564,0.002781402091652563,-0.0037602142543771144,-0.002260417393345371,0.004395100824929443,-0.002734868475032126,-0.0007240458009638573,0.00428852029377369,0.0009139728166145389,0.0005617621299780495,-0.0020742591700591007,0.004943182533094337,0.0002255806145381456,-0.0012453829797314242,0.01865538456325133
2017-08-03,-0.0019419359413328507,-0.0035621537056438335,-0.00225900947521529,-0.014113822522816566,0.0016332713068614169,0.004957468957687894,-0.002743192474206513,-0.0009057070236782039,0.00501047705108304,-0.007519504190069082,0.010290643674859545,0.0015767861990996224,-0.011904890679582003,-0.0019193706580304948,-0.0024946681577713292,0.015444308209867419
2017-08-04,0.0018204580462217734,0.006717993903088804,0.00225900947521529,0.0032044654325438238,-0.00226250725932875,0.001889221975636346,0.00011004074173426304,-0.002722848088519303,-0.004452589209152702,0.004774992187849936,-0.008528349541768954,-0.00782550463999776,0.010918188216105129,0.000225755381784154,0.008704623320511029,-0.04006396691048941
2017-08-07,0.0018573110479040977,-0.001576586141013081,0.006056976343118858,-0.007646392226452914,0.002136785613573444,0.0,0.002303952863020875,0.007424310978377147,0.003155936681610072,0.0005494384040369837,0.0011201310514064033,-0.00117075935353661,-0.002965867941326472,-0.00045273866999817614,-0.00041271142326682053,-0.01002006656104415
2017-08-08,-0.002463927917620623,-0.002764931671877413,-0.0013814081019645208,-0.0023053998775837137,-0.004656352500357563,-0.0030532784948391622,0.0005482090347626034,-0.0037957558661796398,0.004069545012883591,-0.007904867503274904,-0.0036047262077341102,0.002924332368544391,-0.00396825523349964,-0.004304909316888761,0.0016502952513732794,0.09869177621064518
2017-08-09,-4.033113280677014e-05,0.0,-0.0005184933924682333,0.0009229353159665443,0.0011349710656949341,0.0002912057907664689,-0.005822929673620525,0.0016287178333889152,-0.005182301220691077,0.0009223191032483591,0.0054418743523836355,0.012024832535233898,0.008906461521577924,-0.003867000212721017,-0.0008249484757385517,0.013593287748967064
2017-08-10,-0.01421582578721825,-0.017961141503862965,-0.01990273605407955,-0.010663971618185997,-0.01255202076834916,-0.0127463366519045,-0.015097944497888705,-0.004167455585988744,0.0031497860881524176,-0.011498689268362838,0.008503428536107194,0.007391636301004034,-0.023929334960040016,-0.006403600996205405,-0.0016513753112965546,0.36724008676673137
2017-08-11,0.0014758259396510098,-0.0040354048767619055,0.006853420025985546,-0.006547054835329913,0.002802859799945878,0.000589426789226799,0.005132116010258425,0.0007259737773477326,-0.005937105934195941,-0.0024278451332113704,0.000474638946929673,0.0047347176699812366,0.008040236804835565,0.0017193777825488255,-0.0037258322240796282,-0.033600667570634624
2017-08-14,0.009864063323485439,0.013654953950481552,0.0158111534447416,-0.0029762141693820965,0.006720788732633487,0.010408207599423847,0.007097538763902733,0.004886870922197861,0.005751922534225962,0.009305731590972588,-0.005154703664231874,-0.0071105097086192615,-0.027398923804920372,0.005253343936826305,0.004138884629172335,-0.22944968095691154
2017-08-15,-0.00012170777891906681,0.0007974077292636217,0.0015506768620405786,-0.003771777297435275,0.0,-0.002190040948327976,-0.009214041085294777,0.0050422111567969274,0.005534958796792555,0.0001853847837400835,-0.004222644647500218,-0.007739806493236578,0.0030816390653090053,0.0003415541289957247,0.004533196495005054,-0.02380087427626343
2017-08-16,0.0017429458139801568,-0.0019947128280297655,0.0029216850476974088,-0.009651254883218385,0.0027759942487266542,0.0027733462198415992,0.005116887224520195,0.003406755191198485,0.004039562505087968,0.009768577173598025,0.003666053754219689,0.007329654945785968,-0.018634111433689426,0.00011512704135263618,-0.003294873588801206,-0.02523264180826912
2017-08-17,-0.015713764237665018,-0.017321710692797865,-0.019758213427916616,-0.014250492889573696,-0.012554869102336497,-0.01749683039325145,-0.0161060627106151,-0.009171838662208387,-0.007172236368493401,-0.015340786357353586,0.007450023161802655,0.005074451187161877,0.005211079205403202,-0.005595163719428697,0.002060814591808402,0.2810588559870979
2017-08-18,-0.0015641813043654196,0.00040596066718912027,-0.0010507338471490435,0.004986849097710078,-0.0046046788863494115,-0.004012757764377817,-0.004973061701855297,-0.0027136302565522463,0.005889032079628986,0.00037256721696543593,-0.00023691788125379531,-0.001552308913379541,0.03573635797550789,0.0014867476124003076,-0.00329913749801225,-0.08660221985438099
2017-08-21,0.0007825049029266395,-0.0028471224753521263,-0.0003505388163747014,-0.005147850791821007,0.004477211261678882,0.0016370818019524336,0.0018109746435612806,0.003616656675810237,0.0036629030186414724,0.000930556318689213,0.0024450097665651427,0.0037541795070419326,-0.02642432452511656,0.0010291071805221819,-0.0028956181774675294,-0.07799949612079171
2017-08-22,0.010402680291945465,0.010938192921410295,0.014789293126373781,0.006590921871159949,0.012052120544019829,0.011382857210031183,0.010688223911889061,0.00018082313687450835,0.0021915589886591924,0.012936416874184342,-0.0038677747951583186,-0.004490378194735634,0.006160226676838576,0.004102318220403411,0.0041339410836713775,-0.1502411573788991
2017-08-23,-0.0035918422108398573,-0.003228521841577514,-0.002420957157288406,0.0043167604273337545,-0.007594978196354241,-0.009452351308008922,-0.008541401728910714,-0.0028917368790684073,0.003277623114527728,-0.0018375209926899672,0.006778679293025114,0.0037569391595084767,0.011196010434165515,0.00011388171839143979,-0.0041339410836713775,0.07630815945365743
2017-08-24,-0.002333388727079999,0.0,-0.0008658125789948734,0.0006382946695349112,0.0029183633147829013,-0.003120496706573661,-0.0021468221829783474,-0.013851270782339054,-0.0007274430954837818,-0.0018414929745387276,-0.0036988992943358667,-0.0031025274301850203,-0.01735623711100409,0.0014776838161862926,0.0020691539160422323,-0.001634024721228311
2017-08-25,0.002333388727079999,0.0028252873552632174,-0.00017352705411255442,0.004454029521450131,0.0002529335497216678,0.004751753233915856,0.0024851703063619723,0.0032978750216137165,0.0032697477621725923,0.0031282296015704425,0.0038562131649610976,0.0036729988686285964,0.004110998777894892,0.001815369602240935,-0.008302333577760557,-0.08086068987236184
2017-08-28,4.099009529845432e-05,-0.006469934566772917,0.0019045474521925954,-0.004454029521450131,0.005306275501880009,-0.0005928344931440677,0.0005643483698096752,-0.002931025762722861,0.001811917462605006,0.001468615418070307,-0.0006289401707935127,0.015762397031869213,-0.022822595363457765,0.00011266147332111842,-0.0029220206489140033,0.003539823418899246
2017-08-29,0.0011438861172328174,-0.0032504572068661197,0.00431542023130671,-0.0012764616231382142,0.001887904609527702,0.007237284477238148,-0.0009026964931933001,0.0034794825255297646,-0.002174603441249534,-0.004780886269647233,0.003217045319843237,-0.002167752218151797,-0.007372302550061605,-0.0012465076640069128,0.0012534219148596648,0.033017779685540205
2017-08-30,0.0047265143489712,0.004061446206579333,0.0072075561598330395,0.0004785296065081823,0.0051426127041853675,0.004112213848189938,0.007197364232838677,-0.00018272627384163798,-0.0029070617835280643,0.007345889259158245,-0.00031322238806552605,-0.00048233427165644827,-0.008492611877579215,0.002719379096493668,0.00624355659127751,-0.0418909016076765
2017-08-31,0.0059978918514396184,0.0012154344090551383,0.005967208639512389,0.004775850394187042,0.016871971104601258,0.0033655120928566262,0.004695831018258545,0.00036559677907543886,0.00018202546887646776,0.0076560999982078215,0.0029730423971265907,0.011671721617894093,0.026303462475168793,0.0027123497335237445,-0.002908853669484124,-0.057787749871916816
2017-09-01,0.0014133646742546802,0.002829856535607078,-0.0008502003636667865,0.009640840085582525,-0.0007382289451252078,0.000875976158711822,0.004562034320920283,0.004741253559674252,-0.0030972858595155195,0.006515532552588521,-0.007678155317622171,0.001905653001557539,0.004145079661133089,0.001019164764212377,0.0020784260425430467,-0.04440884446417215
2017-09-05,-0.007208244098888095,-0.021629000796900666,-0.00888597315008477,0.0054892519667419926,-0.004318566782830047,-0.010121334720221142,-0.0041161991093918715,0.001454146170736248,0.0025513863632924405,-0.01143063095107788,0.015733606635142117,0.011044617985342065,0.025524611632744332,-0.002266276644226295,-0.005413128964336433,0.18839058271168785
2017-09-06,0.0034080873322075433,0.0024720640660547133,0.0008579286196805924,0.016136981502386405,0.004810707134492276,0.0010315586158125,0.006223681448956686,0.004169281549283088,-0.004560788992039377,0.0025517789816853487,-0.006154466545376103,-0.005112698708954255,0.012024181476380846,-0.0006815159493012146,-0.0008355354323779096,-0.0503039358987869
2017-09-07,-0.00012117472941497454,-0.017434740208705612,0.0034240879580687,0.0018452436890292745,0.011013278360754164,0.0020599303701134275,-0.008679262956477807,0.0014460854911058085,0.007468907235423483,0.0016367069879912322,0.010184716869379606,0.01035552763541947,-0.0009965351132521505,0.00011419531184930776,-0.0071294669766057694,-0.006902522889077556
2017-09-08,-0.0011756733349868043,0.009170462390581502,-0.008237493320087719,-0.01065721258703256,0.004492627451345044,0.0033741786002492447,-0.00347077808616314,-0.004889174334498758,0.0047075800530334,-0.0003632967090623218,-0.0021682450118145624,-0.0012495406412700305,-0.030366726199545724,-0.003185458018891474,-0.00252821256915281,0.04817151771720507
2017-09-11,0.01060940774818242,0.017277137490757433,0.014032009802046996,0.009427342550489826,0.0077236445953223765,0.008605455105971771,0.005257253328311062,0.006152884612766751,0.008454202368115116,0.013003206222035324,-0.012010042050802916,-0.01400714397659808,0.009207242138124627,0.003185458018891474,0.006728226165132689,-0.12181345721828052
2017-09-12,0.003365221653594652,0.011757731680610117,0.0023757452355330777,0.006134194504438639,0.002161975819796602,0.004780728642187704,0.004452460109622525,0.002162614524222839,-0.01679804617320446,0.008398423753029682,-0.005269941437849646,0.0029277577169537494,0.005078750561154699,0.0012478883126254559,-0.00041911271323691324,-0.014078094761562632
2017-09-13,0.0004795721791523988,0.0016107824339366417,-0.0013571302378805328,0.012458321352494917,-0.003725756590530871,-0.001446342263209388,0.00719274839973405,0.0005397706748424547,-0.004930427615140509,-0.00035589465731300507,-0.003951445924768926,-0.007534611170576966,0.020060834574464614,0.0003400065205854119,0.005852700260295052,-0.0075901620555276494
2017-09-14,-0.0003197126305547471,-0.0020141795838957144,-0.0034005858907546482,0.004820278492263963,0.0013239248624605793,0.004764724400533105,-0.005417374307417067,-0.0019809063201376986,0.008385279139101254,0.0033762203284881664,0.004108835746896133,0.004369098124020532,0.005940653132789464,0.001359492607522661,-0.0029220206489140033,-0.005730714902156375
2017-09-15,0.0013453315883662498,0.0029519630491714466,0.004077012212537312,0.002356584223749625,-0.003203374159951977,0.004130228645440326,-0.0028076488801684896,0.0017400435318588592,0.001407446847679239,3.532934117522757e-05,0.000394488237513535,-0.0050062075765593406,0.006886372032909094,0.0009055096435828247,-0.0033500638236336755,-0.026202324698989976
2017-09-18,0.0021245540184535727,0.011639404605421788,0.0008506485417645315,0.004244194296350479,-0.00024282583406964875,0.0056049054246560814,-0.0034648083284896103,0.0014473631840568046,-0.010281223103455694,0.005513957471046993,-0.005770973180118766,-0.009364174007228776,-0.0029454840283973382,-0.0004526868344507662,0.002513671076710189,-0.0019685496577599437
2017-09-19,0.0010007299338639086,0.007553356378723564,0.004412955457134604,0.004074697694969043,-0.0079027853222291,0.0010025474527530776,-0.000896135289613742,-0.0030785378774900174,-0.0020319715364460755,0.005130227657503372,-0.0024608574203384137,0.002088539057238492,-0.0059172184886815415,0.0010172749292749472,-0.0029333270559712687,0.0029513731957795386
2017-09-20,0.0003598556786990059,0.005922795218259669,-0.00407251712766854,0.006755363078526866,0.0009755213361222204,0.007274963577424742,0.0033562586655295767,-0.009660252830339111,-0.007423836236169379,0.0035229257257820557,0.0007149584032575262,-0.00805676270666389,0.012776598185969767,-0.00011265769158530503,0.007941602524319524,-0.040085584357184345
2017-09-21,-0.0026827453838169646,0.002359401238336556,-0.005456140849477542,0.00029932296044199447,-0.005134982866581872,0.002980464082631862,-0.0016765354866747906,-0.00956947652507445,-0.00018639278459398056,-0.002112185707448422,-0.0005561212531297599,-0.00763302471544236,0.0009761083247976643,-0.0012443531911632277,-0.002918460806565104,-0.01131113938820727
2017-09-22,0.00020025287683544946,-0.0011785628049940655,0.0005124868910768576,0.005072285103718599,0.0,0.002547007875346452,0.0016765354866747906,-0.002962807762559194,-0.008232000274895235,-0.0035304681688086426,0.002856940933599006,0.004554314660935255,-0.0009761083247976643,0.0010184480023891496,-0.0008355354323779096,-0.008307412548466342
2017-09-25,-0.002046652929328374,-0.0011808384333424904,-0.011860627070645169,0.014331428938131996,-0.002946484467787336,0.0,-0.002124105318685565,0.00720687909493023,0.009163336492503671,0.0017667520095043798,0.006240283046130557,0.010412984536013248,0.029824280741589604,0.0005655633574974672,0.005833381545811367,0.06264673110631769
2017-09-26,0.000602309173991955,-0.0003938048328850918,0.0036245712958224985,-0.0004401041378296888,-0.0015991954974792222,0.0,0.00011179508298209129,0.002390767474201194,-0.0018635406310116842,-0.00442250483018336,-0.0018129754769589113,-0.01122472640407679,-0.0057034774120543474,0.0012418341778808184,0.0033180111785582334,-0.003925418350479326
2017-09-27,0.0038870139480815524,0.012135971535988332,0.010114064112413779,0.0042468394463708314,-0.0003691990432743708,0.0011302640525228114,0.005468619879989145,-0.007744863273015046,-0.013518550976846289,0.0,-0.015182633897014242,-0.009464790137827528,0.0028558502340647607,0.00045183829610540016,0.004956841692631997,-0.029942375711765834
2017-09-28,0.0011989346273386658,0.0015549650661652592,0.001193178863919453,0.0008761258458513943,0.0008616153843714613,-0.0005648163374214477,-0.0012250147723156246,0.0,0.0035851080819990777,0.007066873934686857,-0.002967209114941305,0.0018837445698105526,-0.008591952551116222,0.0,-0.002888354816476202,-0.032958667385689644
2017-09-29,0.00350872566837257,0.004651135514718963,0.006791309174151383,-0.0001457259934212196,0.005890485066979423,0.0029618886258111488,0.003781452965925247,-0.0007407014326670236,-0.000753502872738121,0.0,0.0022464143280744864,-0.005168371577412678,0.0,0.00146574344051853,-0.0008269002694438754,-0.004197273840086613
2017-10-02,0.004329304856966587,0.008471327918700311,0.001521526725033695,-0.00029216039442703234,0.010104286782879335,0.006877435118356701,0.0018853776960798818,-0.0018543366625460855,0.001695198075833293,0.010856305976918446,-0.0018333502870655494,-0.006684614889873153,-0.021318662359292695,-0.0005094695781515668,0.005773149169541636,-0.006329179302721588
2017-10-03,0.002137953985627661,0.003445125088505918,0.002362608603151628,-0.001023072760492738,-0.0002424854827314249,0.00432739681508032,0.004201478146381277,0.001112907158647758,-0.0028268971389335817,0.004171255301236965,0.000965489386779872,0.0004967317019950457,-0.002942594812459731,0.0018088054916125529,-0.00041118381091687084,0.006329179302721588
2017-10-04,0.0011858951349710267,-0.004595998889922459,-0.0006743915769860109,-0.0007312000281234354,0.004834840212670777,-0.0002790453369554413,0.00517263866532236,0.0031467059200305236,0.009952094139676682,0.0003467154692322616,8.048100873025987e-05,0.0028098889387884185,-0.009871786025972717,-0.0010172565456141314,-0.001234660874181781,0.012539337069036982
2017-10-05,0.005907648544564381,0.010311344585216098,0.009568083821478002,0.004525874073359137,0.0007228144533444336,0.002365938271480239,0.0055826509344862885,0.004425634370925913,-0.0009348183012294342,0.0060495904503437,-0.0037852002998528533,-0.005378816723625945,0.016724450510039013,0.0012434017755893478,0.0053398458290718764,-0.04676734698637297
2017-10-06,-0.0011394835394042957,0.001139074439417076,0.0015022231063039904,-0.008484640889224071,-0.0013261994657352005,-0.0001391913683708168,0.001199933760815064,-0.009985116749012146,-0.0007481459494713683,-0.002242848546989862,-0.002828158687768756,0.004718354115049728,-0.027697094827439983,-0.0014690726450314884,-0.001640145918542224,0.04884198511289917
2017-10-09,-0.0016527413228333288,-0.003802627991454255,0.00249893159077752,0.0020542996159393923,-0.006293080017828245,-0.0027839013707273708,-0.003166729696637116,-0.002791599703493741,0.0013090291377881869,-0.0001724878305400246,0.0031506852503024874,0.008142542011554177,0.0030044822370678403,0.000113219636116213,-0.001642746576016041,0.06809439992552724
2017-10-10,0.0026351863085380955,0.004561574902966825,0.0009975505574639776,0.000879435575171339,0.0023041103002796604,0.0015322123305141488,-0.0009847141138261684,0.008720790049509208,0.009672972061037122,0.0006909492942623885,0.001612021000035213,0.002617800009599769,0.027615141057408366,0.0007916295889280889,-0.00535735754951272,-0.024499020671501004
2017-10-11,0.0015695509038167188,-0.0018980213509296462,0.003319215716142132,0.0023410649553672336,0.0019358452197826281,-0.0005568573807712696,0.0005471326252339814,0.0020300640263921643,0.004248848819639051,0.0005173305452124133,0.0019310485303041247,0.0031812040839058753,0.00775196964062097,-0.0010178755426037966,-0.002896910819879306,-0.02308176116249072
2017-10-12,-0.0014910628472026843,-0.007627628231721584,-0.0024882921156819116,-0.003660023017029168,-0.001088411638062503,0.0052779422595969905,-0.006696746731137182,0.004231489289856061,0.005147999166287498,0.0018958701150610935,0.004250499741274005,0.0008140547013937294,-0.012627668475722942,-0.0011321357958378186,0.0020700105504354305,0.00607283903264344
2017-10-13,0.0012164630021249678,0.0003825427038641749,0.004805157182942388,-0.0005868164293416633,-0.00254467286629545,-0.0018025222853088607,0.004835091086583088,0.0018341808197805953,-0.006993131149362064,0.004810324334390881,0.007177022154132295,0.007539254296556663,0.013592475989315567,0.00045309064919418773,0.0,-0.03074014568790373
2017-10-16,0.0013327618416250075,0.006484781672151385,0.003629635208516113,0.002198747898450204,-0.004377218107356917,0.0011097278519596188,0.001314523019320113,0.00036632666636604583,-0.002218717528157388,-0.0006855069836180228,-0.000715489983060813,-0.006888462515219906,0.008641451078047702,0.000565525007966805,0.00247827558074043,0.03074014568790373
2017-10-17,0.0007047969889235617,-0.004955041839587615,0.0,0.000585770179129419,0.013315751451660418,-0.0026374100368924402,0.0005471326252339814,-0.0036702959913279543,0.005905213617298788,-0.0025761139647424436,0.0012718445977082382,-0.006854404417199866,0.0028639383054400724,0.0014694738712925925,0.0024722428683165987,0.03957000578430714
2017-10-18,0.00097801203302339,0.005335308743679601,0.002467281433599311,-0.007049876667908794,0.0014418177071817695,0.00041715105223172344,-0.002738934920361036,-0.0012880283206868626,-0.001841364106066834,-0.0024097749413947156,-0.006613517168997163,-0.0037735819439879137,-0.0009537653759998932,0.0010168397368159887,-0.0012352633631369514,-0.023553662303807954
2017-10-19,0.00027384142758002383,0.0007598441579150794,-0.002961605949638013,-0.0030995395949524607,0.0061049288739303265,0.0027741412493806905,0.0,-0.005353108504373427,0.010451965158705168,0.0037843201734997223,0.0017573835407169724,0.005900215657302255,-0.012482078644799444,0.00011221012382200968,-0.0024753024113834954,-0.001988022941352696
2017-10-20,0.005147207207039983,0.011704895590022524,0.006732941654297164,0.0019201742489745044,0.0010737736871906378,0.010748310818441631,0.0024106912690236015,-0.002408663185915483,0.0007289083636017324,0.008548983275398214,-0.010670812412112873,-0.006393454395473341,0.0076997417037478755,0.0009031173369375978,0.00576610952347778,-0.007992042726700621
2017-10-23,-0.003896918924354509,-0.0007509143468964474,-0.004757654520967325,-0.005178349685521333,-0.0025069154407884042,-0.0063245457682628015,-0.006809675830604434,-0.0007425303059354071,0.000546858936061767,-0.0018746892057599496,0.0017729461749880215,0.001561172319444637,-0.0009592546250072331,-0.0011285099858682202,0.001231113879553991,0.10465810839574674
2017-10-24,0.001755394289690848,0.007111776598984321,0.002791683903350606,0.0019265163556578813,-0.006715393144298254,0.005639368052375637,0.002421762817785389,-0.0035338032807361586,0.000910554214132997,0.00561263237868026,-0.006218914247292595,-0.0038662591759726084,0.011450495846862196,0.0,0.0016394738661382746,0.008097224127690872
2017-10-25,-0.004962333021903298,-0.005985616424973195,-0.00542617677107593,-0.0069822091101565675,-0.0014448759431724412,-0.009924220933925199,-0.0038551328870801704,-0.002798801785309113,-0.004377892591172827,-0.0052714971590339665,-0.004791396682658267,0.0001647984431061289,-0.005708904280803395,-0.0028253467463654758,-0.002459985541177101,0.006252784707365233
2017-10-26,0.0012917599877990682,0.005612945884056142,0.0041136065226012875,0.0020850791680930847,-0.010051670847509797,0.0013840895288703692,0.0035252459545911385,0.0007473357630716215,0.00018279153200051468,0.013211634029739017,-0.0033435159457795294,-0.008440935931398386,0.008551135797110199,-0.0012463522836414498,0.010616721084706349,0.006214014609706275
2017-10-27,0.008142872061466022,-0.0007465973657412306,0.026572967168226658,0.0017838037459174672,-0.00024312781794844085,0.0004150673539049521,0.016037110985100522,-0.008625857688364214,0.006195479628142042,-0.005230004673479449,0.0065948105203457175,0.004725786574732993,0.025223239077608817,0.002716421685194703,0.0024340383007954713,-0.14242033745821914
2017-10-30,-0.003732000790055423,-0.004115857609698459,0.0022361288477878993,0.005183749617466926,-0.010771482349471562,-0.00693790185287213,-0.004555512873126943,-0.008510602624786756,0.0001814470199521523,-0.0047473692566106784,0.00952913971073599,0.0019005561123002224,0.0027636805171002976,-0.00022650457165429572,-0.0048742015273677275,0.06899285202421046
2017-10-31,0.0015566083772942108,-0.0026284677477677043,0.004298822676750191,0.003245118523959256,-0.0018477487521204594,-0.004045905729394228,0.00010832784783731952,0.008322361920934718,0.0010890846922140263,0.0027156515091100175,0.00032073141522648285,-0.003804794442604731,0.005504639504404274,0.00022650457165429572,0.0008141114455306742,-0.030950216063126756
2017-11-01,0.001321299486616745,0.0015027310120365733,0.00015829194643401934,0.011274289868886456,0.0024630158615410735,-0.0005598435203557628,0.0003261764968662817,0.0031970959380709374,-0.005639931373197626,0.004903045282785623,0.004443424815442576,0.00363969666116315,-0.002748575871503789,-0.0009536019558398223,0.002031966533762919,0.0019626604903777434
2017-11-02,0.0003884131378049105,0.009341082650566879,0.0004765720412338581,-0.002916035249195037,-0.004560807803913214,0.005719183519854454,-0.0075266539419796,-0.0024442547590406427,0.00364273437276319,-0.007279164822409534,0.004398723719692299,0.0006603535530684823,0.00822299335128207,-0.0005676888299444016,0.0,-0.026827192800940924
2017-11-03,0.0033333558291621657,-0.004099488305137289,0.007906296431243298,0.002916035249195037,0.008243506488796903,-0.0009739488676894226,0.004042785935691295,0.00018828077626187323,0.0036286942844228065,-0.0005093411947516557,0.0027103573121509683,-0.004714451332297642,0.01714074743437699,0.00011240859208072607,0.0024332366356594193,-0.08290008576106533
2017-11-06,0.0015465119828697027,-0.0011209422294515825,0.0022027063938394598,0.02260267613124478,-0.003068353493731024,0.0005563949440894334,0.007280221459897707,-0.0107842103734197,-0.003810580117780127,-0.004258817287783767,0.0037336439376804975,0.00850295097934417,0.029089747595733684,0.00011342705490768878,-0.0024332366356594193,0.028049225665349287
2017-11-07,-0.0006959957571979203,-0.013928246417073353,0.0004713592869669547,-0.0012819948379441115,0.002087625839751084,0.0015298112055823765,-0.005972031677059508,0.011160483957640022,0.011928106342336875,0.0010240845228630668,0.0041934611172704805,-0.003623510843532962,-0.001739170678694002,-0.002844506596776597,0.0016229388251653987,0.05081453165467931
2017-11-08,0.0016995396116827877,-0.004940662047265398,0.0054829241019542785,-0.004857925560516563,0.0023281467004929723,-0.0016686657711995068,0.001088069460334129,0.010851606464322039,0.0007185433741607739,0.0010225724544912218,-0.002213321414462399,0.003459056119704762,-0.006986921439761318,-0.0044550129313147835,-0.0004056267201257846,-0.011184723605584423
2017-11-09,-0.003634181151545235,-0.0034336640651351225,-0.007999258975929013,0.003003222642073755,0.00012197959146131865,-0.01260367382118055,0.0015221047951610167,-0.0001861784101317987,0.0012560748007950373,-0.008554756297485255,-0.0028527721166655695,0.004102401645100784,0.004372564114487609,-0.004935084452866612,-0.004063390084333207,0.0710358004203111
2017-11-10,-0.0003101014663036139,-0.0030632531666272556,0.0,-0.0052972313627845935,-0.006505879988663921,0.0014083129855650967,0.0033618574215643626,0.010184147901100893,-0.004672904012166246,-0.0015475599961369824,-0.015193954219888006,-0.008221702339946013,-0.0034965037067049565,0.0021837952810406236,-0.0008146817249325977,0.07254211761926443
2017-11-13,0.000929542678719919,0.0015328425520779732,-0.0003151593126302643,-0.005759146992243114,0.0009847113590435441,-0.0033829398454034987,0.0033502348093481515,0.005695022508625414,0.011819521297396385,0.005149324577470082,0.002092521730352459,0.0014849063034301224,-0.0035087721540900674,-0.0006890935234196149,0.0008146817249325977,0.018429660586462226
2017-11-14,-0.0023252415591459297,-0.0003830334644203681,-0.0020499438032075545,-0.016302874567826198,-0.004068362912437173,-0.002686759370675418,0.0008627086998349576,0.0034744402589512724,0.012385029276615,-0.009115115268848228,0.006731747723623727,0.0020587153071538467,-0.02221326318484884,-0.00425934205309364,-0.0069458554517645155,0.007795635147934021
2017-11-15,-0.0050178170072232575,0.0026774714584365533,-0.007446827835765557,-0.01136479776532573,-0.0028452858575782614,-0.005679091776801037,-0.0043216348276091665,-0.010644133001080025,-0.008653049602450391,-0.006065316682001054,0.010804198410168553,-0.0012346702455863223,-0.0036003604483285656,0.0,-0.0004101907313307507,0.12475702651355425
2017-11-16,0.008465084670599587,0.0003820094705826449,0.013897969331195359,-0.004015551956233043,0.01035252247476226,0.009353745440222383,0.008302667310164047,0.013742573729049301,-0.0031979607147962774,0.012094301043164002,-0.008729651765565727,-8.23865246282196e-05,-0.001805095968603787,0.009758149067711663,0.0012299742359465071,-0.11019573509747094
2017-11-17,-0.002942748855012667,-0.0011460368500495477,-0.006451141495429802,0.004906029468229267,-0.003931325937363006,-0.0055166493131695304,0.004392777795330538,-0.003463584763362615,-0.006963599802335629,0.0013729715032364531,0.007385319420311731,0.011954609509227332,0.024979058384355213,-0.0006857168563714211,-0.0028719527860143756,-0.028462457426959187
2017-11-20,0.0017046701539378262,0.004576459076568007,0.003781340939760458,-0.002375988361519088,-0.004193805571111042,0.004528755020423603,0.0019223843905042948,-0.001096144500157159,-0.0030506686807441064,0.0013708556078904088,-0.00039540377479418964,-0.012696268046166637,-0.0061865551399327146,0.00022920063940468083,0.0049180561219270835,-0.07068164816958245
2017-11-21,0.006521634086854355,0.0030392078859535765,0.010481117409311569,0.002227234993020133,0.008738027795373249,0.007175365325362115,0.006169692056266385,0.003285187393176958,0.0026922597389695824,0.005295295512710574,0.0031607895595282542,0.0016473488437398487,0.010582099541045942,0.002054856973229491,-0.0012270847828363962,-0.09034600718539343
2017-11-22,-0.0008852694712331299,-0.004943735452512588,-0.0018692676641176575,0.003996939776978792,-0.0003678228048356047,0.001120954887864123,0.0009540834038066492,-0.001276256492725114,0.0,-0.0027297043945515576,0.0032294875963660985,0.009175087875408217,0.017391809059447816,0.0015957212586767966,-0.007807893285850742,0.015298674191578598
2017-11-24,0.002307091072989209,-0.000381512628036873,0.005596902238893531,0.0028031665582193277,0.0023262891661470775,0.0,0.002539108369731924,-0.0007302858727848971,0.0016117397267407796,0.005111673930246585,-0.002755917425658616,-0.002531110250715507,0.016246580316103376,0.0006831313211170809,-0.0045482861311758604,-0.021484205987905902
2017-11-27,-0.0004993376832480578,-0.0007626900281896276,0.0,-0.01021712742813774,0.0008558338027206958,0.0016790489575111422,0.0007394591233178538,0.0005475661535765397,0.004285733401572234,-0.005966217492885395,-0.0014207661896188384,0.004160741332319695,-0.017109040796604802,-0.003077738144195763,0.0012426149538926623,0.020471524495606186
2017-11-28,0.010093745844545587,0.025622960235355485,0.0032506174963331524,0.007709281266170542,0.007304769835144498,0.01512320826713065,0.011026767981793917,0.008178064714560396,0.0046224963305934175,0.01105166457285156,0.0013419690563436504,-0.0001628747154764909,-0.0008632049607131265,0.003077738144195763,0.00413061965302175,0.016080733500266398
2017-11-29,-0.0006088726269251055,0.01696837663162576,-0.022346259274109936,0.005449780565501161,0.0049609137991444285,0.008774368996030013,0.004272834924988533,0.00523547395518742,0.0005316741189176355,0.0015207811443289643,-0.009908128896141122,-0.0062895583924209575,-0.009544511134517819,-0.0012524539820697456,-0.0004122950196778774,0.06466314829134046
2017-11-30,0.008716799663802455,0.006561967141446967,0.008810421234931809,0.014871168991364758,0.0074557751522768,0.016918627078370108,0.005082713057856125,0.009140614253663415,0.003362318112760665,0.005556086814105576,-0.0033508985282715287,-0.007732229391441692,0.0,0.00022816760529043023,-0.0024774406236898194,0.05278749875497368
2017-12-01,-0.0020776851597172907,0.0021779242179436054,-0.005182324956839235,0.008358776046342609,-0.0020388430935689428,-0.012424326719036927,-0.000414114993679604,0.002494609107904111,-0.003362318112760665,-0.008260948381788591,0.013403972347138193,0.004038061230928314,0.01728649841416985,-0.00032086910593864815,-0.0008271478696171286,0.013210282109116456
2017-12-04,-0.0012103253700219696,0.015113442203307237,-0.016190643044870612,-0.00043072320151482657,-0.012320379516961744,0.008390018026567247,0.011526465870401736,0.009388176769074441,-0.005688861341679452,0.010273735011066876,0.0004740852684621544,-0.00337765315460814,-0.015544380895503807,-0.0003433805674477597,0.003304588493306948,0.021636499021881583
2017-12-05,-0.003603415057625625,-0.00537118059499031,0.0003196861706000753,-0.004316512004630901,-0.0017030197848999507,-0.008525506907966829,-0.005746540143961809,-0.0015883438485677637,-0.012738979858499366,-0.00503962148217596,0.004963644208223705,-0.007122188370048299,0.004342185833749568,-0.0005727930631884703,0.0016481611357477277,-0.03042393522202813
2017-12-06,0.00019028486006167356,-0.003597124871995927,0.006378561688364925,-0.01306279085397044,-0.00085292206913401,0.0014936251068133899,-0.006504760327366466,0.006337108132943303,0.0037848446011379266,-0.00591141591250377,0.0034523695558767997,-0.0020799541641842723,-0.02990549650317309,-0.0009163923002990515,0.0024669720254655303,-0.02774222304199503
2017-12-07,0.003147880505097511,0.0032378891312649927,0.006180191625187792,0.002917794094622117,0.0002437662610477176,0.009185554173837929,0.0025864454224380218,-0.00969785441570048,0.001797198551750867,0.006753309657090867,-0.00786297999703578,-0.013246352701112407,0.011540307034965558,0.00045868073760324535,0.0020512335828608563,-0.08125341813227838
2017-12-08,0.005438278394046314,0.006087680011227725,0.004728283894703811,0.009134901009661966,0.011144805595679763,0.004293479580083748,0.004741346966307347,0.0026541946762499435,0.0032271100332028624,0.0,7.901286596911916e-05,-8.435250698735075e-05,0.014023003634457964,0.0010305046258842765,0.001638130952753336,-0.05878084311295062
2017-12-11,0.0030084477544525257,-0.002502323478691615,0.008610371629003133,0.00719118312168554,0.004207653662877675,-0.0020104957456439365,0.002156911663624861,-0.0001765452589106431,0.006066966362873405,0.001345114651563506,-0.002054128416985712,-0.003974813553107026,0.00952805905706633,0.00022930112757180154,0.0,-0.025371315441107267
2017-12-12,0.0017637231009057786,0.009971703154115108,-0.0003117064580693274,-0.0027264201837398083,0.003951081016331237,0.0010730041826869652,0.000410078148888271,0.0001765452589106431,-0.01722629604036685,0.00016809805790130028,-0.00039593941116145004,0.0011856318079059847,-0.01388918172577025,-0.0004581720862084637,0.0016352653356217495,0.06024666040991855
2017-12-13,-0.00011276943606652878,-0.012480223312063998,0.0003117064580693274,-0.0014380077719930995,0.0034589319826405784,0.003879162051711127,0.000820588219369256,0.005638908220600314,0.0027115103950130504,0.002684515028124057,0.007488739511586573,0.008596013189973384,-0.009661880965754044,0.0005722515260844219,-0.006968726710625539,0.025872112112647727
2017-12-14,-0.004094759139764648,-0.006479211489772929,-0.0012476037246655913,-0.003604331481164458,-0.010173244830219197,-0.00683180783378301,0.0030694198012768403,-0.004402259031421885,-0.0012645594963491824,-0.011120761853778749,0.004231825084560548,-0.0020159424324850406,0.008787436200146992,-0.0020619161508648176,0.0008222924603318305,0.029997359488804776
2017-12-15,0.008292695278290907,0.008957480988017519,0.01134043565250975,-0.0009015612924989647,0.010942683296049971,0.007029569239008104,0.004316984041444094,0.011279647111206437,0.003659931800175542,0.005907901346998035,0.0037473900188143006,0.002099870574296503,0.002621210109037264,0.00011478527603436817,0.004101911047634577,-0.10758730390173898
2017-12-18,0.006321594765756444,0.008949484130975183,0.00879023569332249,0.007682834293929464,0.0003585110664632296,0.007087165909277715,0.008942283029621745,-0.0005273538703267633,-0.01114889524579521,0.014618455224785887,-0.009157949855403302,0.004604277886820718,-0.0017467653434302122,0.0010309572441942194,-0.001517303302062789,0.011609592958881532
2017-12-19,-0.003848112878933385,-0.004285934146847303,-0.0061605335928902605,0.001443248982062606,-0.0011949401696398354,0.0002659733892445004,-0.0013161738667881728,0.001230340708799016,-0.01836255542430676,-0.001168258459071314,-0.013058620917752783,0.0007513783425441289,0.006100293347397923,-0.002064291965029774,-0.00287640239122533,0.051135885704533646
2017-12-20,-0.0005239006949633307,-0.0017910076190958968,-0.0003093001831508957,0.014032118283254569,-0.003233309313202426,0.003324662009070778,-0.0019264048704541459,-0.001758394572779931,-0.007893219540178631,0.00033381959678546735,-0.01113441032517759,0.0026671102328528207,0.008650523519235342,0.0008034746857976671,-0.001235321441598547,-0.031394929406384886
2017-12-21,0.00205777812431851,0.008568288390988332,-0.002010960060621958,0.02096443232262546,-0.0022817121812730434,0.0007964819941523871,0.006474343336633659,-0.0007041400814951082,-0.01195798614983623,0.0034997481304954725,0.005811660701834143,0.00141400041112405,0.0025807056598701195,0.0010472722224665887,-0.00041201913882060737,-0.01034139316297722
2017-12-22,-0.0002618718983251611,-0.002848079572349782,-0.0006193001119707553,0.0020864296502396407,-0.0032512194443992115,0.00026527539436038694,-0.001917655205355473,0.0015835974495312932,0.0015259422106121967,0.0038189275918507626,0.0013627431712794902,0.005222850279183788,0.0017166960375334384,0.0009208503579953842,0.00041201913882060737,0.028690465826778144
2017-12-26,-0.0011970641667575777,-0.002856054313715717,-0.006685055570544662,0.008715308199772398,0.00024118603294898122,0.0010607476696691265,0.002220361651918523,0.002283598210208737,-0.005927759083223627,-0.0008289684413180787,0.0029612826887692734,0.006839416919106611,0.02456709458053652,0.0014922093384042157,-0.0008243021694336328,0.03474298697616929
2017-12-27,0.00048678696305870517,0.0010721562943554197,0.0010915127811874648,-0.0033109220480818102,0.0016868875275024564,0.002381792352977641,-0.0020182155586274675,-0.00017549578550335454,0.004210245025979109,0.0013260647901880418,0.012941422832045468,0.0037705513021490944,-0.002513594378740436,0.0004594558832158313,-0.002064062929802102,0.021236344802212148
2017-12-28,0.002055352989080994,0.003921036181885995,0.0017126101731261834,0.0015189802573969402,0.0014432488294744417,0.0019807344379856318,0.002723396390086563,-0.0015804284046274653,0.005523442030912484,0.004462484081439566,-0.0008682543873756998,0.005059543293278068,0.004185873840349963,-0.0004594558832158313,-0.002896920984144735,-0.028089009286278444
2017-12-29,-0.0037779583208630285,-0.007140478795782279,-0.005302798859307067,-0.0029020764141027833,-0.006148937757362916,-0.0018486949520646334,-0.005859501175017989,-0.00017588848580585292,0.0005699300100339144,-0.001815543521543006,0.001577832885852004,0.006490919761210634,0.003336113271444674,0.001491704349374956,-0.0041527046748734975,0.08109999629325682
2018-01-02,0.007131912948925567,0.0003581212650654031,0.012277874092846641,0.016334121038048988,0.011185021880105062,0.005929460541605813,0.015084808584849618,-0.006171176030460135,-0.009345042456533115,0.014107641996124354,-0.01085795341646989,0.012058023762451242,0.004983354676116214,0.0009159585381155466,-0.004170212207699642,-0.12220852448490804
2018-01-03,0.006305425739273396,0.005358318920206884,0.008306132486378903,0.014865465370750286,0.009522865240192857,0.005371653877942251,0.004580605003102534,-0.0003539635625751103,-0.007886917448261865,0.006980210720669344,0.004769775461879178,-0.0026403330092135135,0.022123021016935418,0.0047979363844623535,0.003753982193595906,-0.06556267531195115
2018-01-04,0.004206146244736253,0.009219733802458219,0.005042469719731546,0.006017711670953663,0.0014205621952614322,0.007290540017581115,0.00327331029785638,0.002827191884236413,-0.008339094055092033,0.008697030340896195,-0.00015852612894029505,0.0051142783102626765,0.002428146310358592,0.0017074051595784567,-0.0033360917698179726,0.00762122893366346
2018-01-05,0.00664178681210803,0.0028201272707151226,0.010461947968111396,-0.0003999294037591028,0.008481771041688013,0.0068513659187141585,0.007891344191925942,0.004400810991755488,-0.00038972701042139235,0.007985935578276315,-0.0028597896070987616,-0.0010367021379344976,-0.0048622028690807895,0.0006824466282457919,0.0008349717133318002,0.0
2018-01-08,0.0018265635227665555,-0.0014092272299275344,0.00376362152732046,0.005984536912037264,-0.0036435608098477346,0.004114669142733618,0.0011778778297339976,0.0024561383845815854,0.009307939871951554,0.0014309080908154748,-0.0006364832132490506,-0.00015962553903658971,0.005670302216639556,-0.0007963240060409049,0.0045805398130611685,0.03201983035728029
2018-01-09,0.0022611127591529723,0.007724841014813855,-0.002558067448930501,-0.0025224000950343495,0.011704376132971817,0.006394640879489266,0.0019608353720355076,-0.0014026847771049233,-0.009892475829313518,-0.0015899444130393903,-0.013463104075375654,-0.004639219643041592,0.015230721823584759,-0.00307597379259672,0.002075199310256348,0.05715835818668635
2018-01-10,-0.0015309766569702177,0.008359221022586905,-0.003470432329153006,-0.001196815123635897,-0.0017466491650672822,-0.00012760045458293234,-0.0006856280044367224,-0.004925075944657298,-0.010975933620726241,-0.006064297692185416,-0.00121062059948418,0.0024022706924071713,0.008712974752518754,-0.0021712406008713714,-0.002490642681646893,-0.026132163784967855
2018-01-11,0.0072695458204457,0.004844451838808439,0.0040730697977653385,0.020287527962929985,0.004303706566274101,0.012669727204704273,0.01613884770430518,-0.0014121874833792347,-0.0037515967734131905,0.013040364828119433,0.0041108805137550775,0.003273877321212204,0.0015760053694826581,0.0033106795602719785,-0.004165096441670624,0.006091432053454415
2018-01-12,0.006497762029682441,0.00893481558975795,0.005854546350671619,0.009603955231038075,0.007630752799657969,0.009273057109454363,0.012840228239174856,0.00035336078113834546,-0.005753660718129883,0.0015789001731500996,0.0016878572216194598,0.012044492942166585,0.013297034269914576,-0.0017106386987180144,-0.010488795877209078,0.027945903788977322
2018-01-16,-0.0034241298872652592,-0.0027405216628189066,-0.0038991163703534504,-0.012738934116275136,0.004940543116223495,-0.009021416591702192,-0.0071663008526949845,0.004578994934454794,-0.0021908180379872633,-0.011742315730530972,0.004167358147519451,0.0016526906271696618,-0.008583716861875423,-0.0005712521019418659,-0.0054979641281627245,0.13770574070406383
2018-01-17,0.00948641528500005,0.007518912620406049,0.014914600807689471,0.008727138213795005,0.009581451757511239,0.005522770620256523,0.004783288211539727,0.011356753982198597,0.0061623524313705325,0.00461812477171053,-0.0013602663291880646,-0.008132363237353779,0.001566132201023862,0.00011490687125892407,0.0025412785236618163,0.021214202719556763
2018-01-18,-0.0016823190264050325,-0.0013628281692823485,0.0017744550950289373,-0.008203755720352479,0.00022720506765061543,-0.005396808228435468,-0.000859444193951564,-0.0029575141565993945,-0.006362008531348717,-0.0006355600314980059,-0.009332953245262843,-0.0022222134485856415,-0.001566132201023862,-0.001029493521615521,-0.001269831999981541,0.02569560503977053
2018-01-19,0.004539457708593986,0.007134197434455203,0.0019194664821839957,-0.001308467947847003,0.0037380628058896193,0.0028902284001244283,0.00865495802916394,0.01108994737409752,-0.0029961509801315067,0.006023180834830999,-0.005268155320064416,0.004439499612016284,-0.003139716949284832,0.001029493521615521,0.001692751258516978,-0.08092960692565487
2018-01-22,0.008098180481495909,0.008091775637774301,0.009687546700554606,0.021372391627926035,0.006536826329619494,0.0,0.01101844560594989,0.00755359176146797,0.0013996523297525876,-0.002373194140001811,0.0009745776768212977,0.0018177059354300695,0.004705849150308694,0.0009126876639911075,-0.0033885663347485995,-0.021525559613488898
2018-01-23,0.0021202418179209204,0.001007024323221195,0.004372601533930265,-0.001538825774190844,-0.004842170468825735,0.0005017968112657201,0.008394065588511523,-0.0032549400724164457,0.009542754356827388,-0.00015857095374327557,0.004293577643243118,0.004961985943157998,0.014757590861425918,0.0029631739321169803,-0.002548641826891185,0.006326333628840164
2018-01-24,-0.000388629335383861,0.006686734429853125,-0.007737838685015319,-0.002699167616167397,0.0029305447799767848,-0.0008781994268831639,0.004263137939311434,0.0020571523422900917,-0.006152666465115253,0.0042683352492325355,-0.005430585002630828,0.012104345577546027,0.019091835705849824,-0.001480694470841648,-0.0098312638610758,0.03278981173697737
2018-01-25,0.0004238458158170033,-0.002001322244752579,-0.0017602422830145237,-0.007881622417470702,0.008517595418060075,0.0010037194908898428,-0.001758535451126253,0.0005134429786615158,0.01540935576554503,0.006604008500338043,0.00817511943869409,-0.006697849027903047,-0.012176698644190687,-0.0006833378851966998,0.0012876248902329301,0.009544511134518263
2018-01-26,0.011511832947956435,0.007318731927593802,0.015731915981483713,0.005433399792024396,0.02130898257756275,0.011471702282222829,0.009772354136222017,0.004780525812647429,0.0005877604686972404,0.00437840210931828,-0.003715249721695457,0.000781175638679521,0.013688377243513905,0.0007981617407439856,-0.0021471923256095593,-0.044137791123023185
2018-01-29,-0.006652641879357546,-0.003985515833589304,-0.00914705896146728,-0.015210099984069636,-0.0027347623959963485,-0.006717744585457375,-0.002756234430286497,-0.003925045092500579,-0.01281714788226429,-0.011455676246920454,-0.006982694230787345,-0.0056378571834709845,-0.009867261633959679,-0.0035394845024292465,0.0025763910948102264,0.2224212867812576
2018-01-30,-0.010309961853886662,-0.013063393557836367,-0.009084199751114852,-0.020379179439389272,-0.021255970832594784,-0.00789426367602708,-0.004980034100300124,-0.006691150326021855,0.0017846988042946599,-0.007286485353054317,-0.005883639095939586,-0.004328123373075421,-0.016147989791424955,-0.0034360851523684843,-0.0017168236594335973,0.06638831292880765
2018-01-31,0.0004967037205902969,0.0026936881296482085,0.007478761154117386,0.0006684137763670606,-0.014313004301484078,0.003014785915254947,-0.003241276310090857,-0.004658829733814596,0.01103244907796963,0.0007947280942737223,0.005883639095939586,0.006681089570490961,0.00618239421276634,0.001719415354941134,-0.001289579329124102,-0.08830300947669256
2018-02-01,-0.0011358618850563218,0.009370876852968557,0.0008759254160919383,0.010234911735052865,0.00034094957686026106,-0.0017575019741888909,-0.01119346741464744,-0.00433333954657078,-0.01579821405868831,-0.013755976893063071,-0.014599193710678193,0.0032848909860554443,0.019832857212618293,-0.001888181167243097,-0.0051747162325352924,-0.005183254420537686
2018-02-02,-0.022010452170764694,-0.022230711460997643,-0.030078430053121608,-0.04268647185912444,-0.014170346786287702,-0.02030772163453065,-0.009613206446966949,-0.019292219610799854,-0.007191306433279365,-0.02660303181609258,-0.009322247825555685,-0.013204686797240406,-0.01522097964858915,-0.006358233525182833,0.006034653212699581,0.25081932808933116
2018-02-05,-0.042722184540276764,-0.05172366738349554,-0.04271642263547282,-0.04285961140627581,-0.0453202545514273,-0.04645298059091818,-0.0342968262541139,-0.036977438927462636,-0.016575950744228685,-0.03895590215013689,0.009405472131608583,0.002528643755518978,-0.020922847681875467,-0.005583210412584805,0.0042881393590321615,0.7682450294663026
2018-02-06,0.019510587899745246,0.01812774837453146,0.02832313357754712,0.00789150693469498,0.011018130528767323,0.018102813902551418,0.02525897134960342,0.010964831597539249,-0.014991699836148342,0.03215177741366748,-0.006232453207899447,-0.01055189964568104,-0.005496727445197358,0.006046329579994847,0.002137193782121294,-0.2189988903963882
2018-02-07,-0.0054394541654012585,0.0007041683462811754,-0.012901152610667932,-0.016862964193023355,-0.0011920172071588908,0.001844705115042089,-0.0030628043289495643,-0.004371760917207368,-0.004770136283171134,-0.009033404752454288,-0.009548522181804131,-0.0047167720834533355,-0.026327801293144937,-0.0037163935652921865,0.0076562974055574,-0.07801563428568237
2018-02-08,-0.038230521217894164,-0.04499620370481905,-0.04231101902003065,-0.03069842680752055,-0.03531737849434524,-0.03934199553836848,-0.04069406131475839,-0.021775802470391792,-0.011290371618228878,-0.03575174044796636,-0.0010946088259462528,0.001521419504395105,-0.02289549990520623,-0.008765077893324147,0.0,0.18783582507703178
2018-02-09,0.014910046760791218,0.01896484877316551,0.024216562695150934,-0.0007500564044313762,0.014106494483629106,0.010761087868376151,0.006666715788528954,0.002049820594774321,0.02080799796721644,0.01726558973099168,-0.00633943547127469,-0.0016817358427463347,-0.019207312626077666,-0.0028217784668540524,0.0008470925178301059,-0.1409880284324525
2018-02-12,0.014577617654191855,0.013991493858480197,0.017785156830735893,0.016216821720608898,0.009335128807447468,0.015994003421659464,0.013495946199483022,0.010188136171458417,0.007591007829024221,0.01999724467535202,0.004399659024106661,0.004797371517787141,0.0025263749559822912,0.006804651843418608,-0.0033926839943840825,-0.12637971572039808
2018-02-13,0.002484047305407522,0.004265649721829412,0.002470763893738237,-0.004140692992996353,0.0007239453080716274,0.002264117597466253,0.005172705498878827,0.004597078387776232,0.00448603582965168,-0.0025197599817183836,0.00446391594163309,0.0056472535967850845,-0.0016835405972184248,-0.003161728827949073,-0.005537779433830714,-0.02530784725111923
2018-02-14,0.013405900621518363,0.02348931430684642,0.01818945777965464,0.014418510450531219,0.011271149109069789,0.012558847125365702,0.015837965002250876,-0.0005505524704298992,-0.01125351098287819,0.013366967346972292,-0.011155474021535383,0.016908852519764928,0.02578108835684567,0.0017581074281900477,-0.007718677340348812,-0.259644658539091
2018-02-15,0.012679581894730063,0.005528788842941612,0.018905143520067114,-0.002486476234331292,0.011027508498195893,0.014994643234106597,0.008871114470968777,0.01638483445662242,0.02197902023509224,0.007441009982928293,0.003393465292892195,0.0011691607653974145,0.012240023651352239,0.008045402299400983,-0.0043142355086769335,-0.006772678671626675
2018-02-16,0.0002930449954510195,-0.00137927624341172,-0.0014872861528685277,-0.002492352404572351,0.007167754800571302,0.000258446573806026,-0.004855163991142053,0.0039646783772213645,0.00881748720354647,-0.0036310892492119606,0.005405901624802034,-0.0032769459911659027,0.0040469655118808845,0.004057284314626486,0.006893851336578827,0.017103290129087068
2018-02-20,-0.006280916316976359,-0.003110635274579998,0.000892907919589625,-0.00544644296403618,-0.011066793340696712,-0.010142908709899423,-0.003058413544626326,-0.022922479078638425,-0.013053660977263792,-0.004474316598757522,-0.004389881582155475,-0.013532867750938316,0.0008074468502501375,-0.0034764158416979996,0.006419735240759117,0.05693006460225103
2018-02-21,-0.004986534134962639,0.0013838023984056314,-0.006415632864436915,-0.01696971775939149,-0.004152227181429602,0.0002614727799290506,-0.001436808109583687,-0.01203386711241805,-0.01322641722308493,-0.0034936999537977798,-0.012344375106470906,-0.00460496405778521,-0.008103802876676447,-0.004536697106825471,0.0038322097424217105,-0.028559297561090435
2018-02-22,0.0012951518397255057,-0.008330514792857624,0.0011966045201714515,0.0108998478821003,-0.0015462260320715515,0.006641651756091882,0.0012454849812306712,0.0026038974373805424,0.005107791617714685,0.0066445147734675025,0.0029938156753663847,0.005080177401413977,0.02411693970198492,0.0006988447416382826,-0.0034056827127830758,-0.06713936238272877
2018-02-23,0.01581352830308358,0.014876629650736106,0.020713798919297588,0.021448985514039176,0.015827982781663863,0.00827325747326313,0.013881195645677025,0.009613846710941232,0.02575110562788785,0.014627647869355442,0.008842596204678088,-0.0012676571223932953,0.01419584571522492,0.006619965031007702,0.0021299105288963283,-0.12683831167819504
2018-02-26,0.011545498555390665,0.01499672926937512,0.015547349938412225,0.005941841453554364,0.012577396094395787,0.013680519179909645,0.008368027627796426,0.006236343476413442,-0.002984031388046926,0.0043954992059589415,0.00033836936631992387,0.0024545525850454553,0.007022986221275396,0.001735338034698941,-0.0012774990459853974,-0.042744170586721086
2018-02-27,-0.012565363084934944,-0.009517552373511151,-0.010143629693577072,-0.013089045007509181,-0.010470147205216662,-0.01265100274458586,-0.02138796359298656,-0.013252433803824903,-0.01606430232281353,-0.013903738156817447,-0.0014391287808557252,-0.01049377405473173,-0.016464507094705816,-0.002661641571147122,0.006370851187353033,0.16261385783666782
2018-02-28,-0.010181465117433675,-0.014101326599905484,-0.007162354434867346,-0.023251949376479786,-0.01615118373442126,-0.014377710912790498,-0.004506154514690941,-0.010430506384384142,-0.006906315678497865,-0.01794969261035062,0.006335484264647029,-0.0010394376248337167,-0.022383007864911875,-0.0015074222106399304,0.002959378285929848,0.06558021640940215
2018-03-01,-0.01464741811975756,-0.017470975062622518,-0.016715066898616016,-0.0014994040448077506,-0.016053857406441274,-0.01976341978725138,-0.01082036948778331,-0.0022493850493936485,0.00020354376147047049,-0.010282595023130003,0.006803102861711707,-0.0022425027652310803,-0.0016180831906851267,-0.006651428411482918,-0.003382738237312388,0.12397702928809728
2018-03-02,0.005141628575733748,0.002464472224009473,0.009501287436100458,0.0046412956046748555,0.010093698522306127,-0.00026639187220300897,0.0009710593600931183,0.008409030486767666,-0.0026526612367261393,-0.0010169679851004254,-0.008162364182447313,0.005357640797750918,0.0016180831906851267,0.005614436702308545,-0.004244456903122806,-0.13716181589339493
2018-03-05,0.011491378572994648,0.0139668281643468,0.010143705705576433,0.010548864103657962,0.00904566387676109,0.011908221579643552,0.011865328050794766,0.00870773428160998,0.020227149918444542,0.013142559233435769,-0.002707566481920054,-0.00167617140037013,0.017628683023117375,0.0,0.0,-0.044892747729655014
2018-03-06,0.002532061621636217,0.004152228847293937,0.002191296358990069,0.0005910369769348556,-0.0014232742541455679,0.004461981681788352,0.006880635840141647,0.0007375982031088135,-0.013507037886412387,0.010987287466648343,0.0009312684076538957,0.010726720619182117,-0.0015898618519738505,0.0013980048698423175,-0.002555445815758617,-0.019952073579971863
2018-03-07,-0.0003665647389334836,-0.001728026374748115,0.005530516923882178,-0.007561668396513177,0.0050893740912556495,-0.00013082913877049407,-0.006784932780475206,-0.009073150804761454,-0.007537615749690474,-0.0036490071459525097,-0.0011005038941434009,-0.006422202914569297,-0.01765690436182865,-0.002448990611823909,-0.0008532360622162116,-0.033225667984378315
2018-03-08,0.0048273105515281856,0.0031083315766013975,0.004344558918325081,-0.0002977587031169904,0.006706222885509483,0.0052243251448151895,0.0031593227350628084,0.009073150804761454,0.00733469626384009,0.0008303328397878396,0.005745678439291524,-0.002389131123573307,-0.01632695557235042,0.0011674625523880877,0.00638169225741736,-0.07116700550365263
2018-03-09,0.017252737439332755,0.023851040992505013,0.018753676968228383,0.018876836937466113,0.01432016002150327,0.02177774974506974,0.015366041138134445,0.00643092600802353,0.0028382406075717626,0.01793549412146689,-0.0065933547347682975,0.0009563496666089577,0.025996642715770513,0.0036079390444783144,-0.0012731620161305912,-0.12202421296368904
2018-03-12,-0.0012559773056857182,-0.0033724872327005606,0.003115419391267693,-0.00029227689351651875,-0.004286155397806191,-0.012441426976740111,0.003288941230734199,-0.0018330907261310259,0.0042417618999848195,-0.0024493648034211724,0.0057502917216947225,0.0,-0.008051603952734965,-0.001627552306837643,-0.001274591061203978,0.07498576651157718
2018-03-13,-0.006483405789706076,-0.011211341639196348,-0.011518122395707486,-0.0071860668369163605,0.001276019613932533,-0.004916338858574676,-0.0070613596795690015,-0.0007340373817719126,0.0022149393008992213,-0.004095060284394325,0.0050466920857648034,0.001909899228191847,-0.010564918768223741,-0.003147849290028759,-0.002554357935975027,0.03548462217899351
2018-03-14,-0.005145273038890785,-0.011338307733770314,-0.0008583723027419943,-0.005905231715435999,-0.004881046451282067,-0.010955386277303525,-0.0012288833938041144,-0.010150614974027139,0.010205338122572183,-0.012387746570086566,0.008770866045131775,-0.0006362480921948688,0.003262642589294984,-0.001167784150831075,0.0004260663010193788,0.052424103297266544
2018-03-15,-0.0010901064594888155,0.0003454548545773761,0.0005719748252497325,-0.005195502788480244,-0.001632701225195099,0.0028811621613966665,-0.0010409630434726758,-0.007074003244542215,-0.0005977370006426952,-0.013216200337399009,0.0,-0.00638466196975962,0.004874129868570165,0.0007004867132796022,0.0038274178926682723,-0.03785191057207493
2018-03-16,0.0010842349313655575,0.000866242802918471,-0.0010332041375091805,0.008878604414761071,0.0,0.0053289525612933986,-0.001045421101415922,0.0003570839554485339,0.008734608285687173,-6.784215318855757e-05,-0.0035827132987993338,-0.0024048352412036067,0.01687464993324106,0.0021001849284942864,0.0025434332946847604,-0.04879016129518776
2018-03-19,-0.01362287419299868,-0.007300630496568594,-0.02002407990975108,-0.01557113821130729,-0.016293366509811946,-0.0077345843672205206,-0.012532699624384414,-0.009813107213864303,-0.006188285738103261,-0.014474483876592004,-0.0031764396024218655,0.0021646240154513663,0.0,-0.0040868460789225125,-0.004242559552397385,0.18548112907998693
2018-03-20,0.0016991864212263508,0.0024393411008087895,-0.0004398047826361662,0.008414775349121939,0.001427232666085132,0.0034159428512934298,0.005950900973007656,-0.002848974605166976,-0.004615890903213682,-0.0010295575095615739,-0.00402707388254786,-0.004494791958621569,0.020505467889815776,0.001986661150428226,0.005934691332976971,-0.044069445182235434
2018-03-21,-0.0019210380098249047,-0.00034823518186088975,-0.006030010355733584,0.02584872643113245,-0.004288033158410975,0.001179547544088777,-0.0007658839423139163,-0.012439301309102202,-0.003425968689720449,0.011268779359723258,0.0010918118462903692,0.01730579327847348,0.028474403563214956,0.0003510318465274054,-0.00806298296793262,-0.01885802637992695
2018-03-22,-0.02531517516321813,-0.037606200901232345,-0.02615414733043231,-0.020625284566177182,-0.02919111904685323,-0.03356716456914288,-0.021491729441748486,-0.008314798007749147,0.004431271782502133,-0.03033668277424173,0.009860995774278791,-0.003961028602094352,-0.017604778811834976,-0.005972486130924715,0.0012774990459853974,0.26760502377345086
2018-03-23,-0.021545031684611082,-0.03083945397265131,-0.02701197135591471,-0.006121721187402951,-0.020990524079048,-0.014738398209023451,-0.019865234022474088,-0.0125049313334622,-0.014167353614593203,-0.019795714573282996,-0.0007489448704545154,0.012855551688486955,0.025163350523710548,-0.0025875601586364816,-0.00341003778201987,0.06349365816409858
2018-03-26,0.026991594491286186,0.031923312717007324,0.03725617739477993,0.017812760538097994,0.02049888471742456,0.023907903458807667,0.029119013322943754,0.014250978669197334,0.010341494615345947,0.020320535708796328,-0.0038353662010175427,0.005236622780198097,-0.005285002518728099,0.006456389543257668,-0.004708065901960712,-0.16771226919475257
2018-03-27,-0.017158035009009254,-0.019694045178574093,-0.03260007318739788,-0.009460573652777082,-0.011875504056534147,-0.013921887454489301,-0.019779252827158533,-0.0005815230439556451,0.014221790185410033,-0.010196953025426225,0.010635341021916211,-0.006177451915059251,-0.009889781225785654,-0.0009364738199808542,0.004708065901960712,0.06756528684500518
2018-03-28,-0.0029591693773367567,0.001839832432819044,-0.006680576586140852,-0.01964834792172976,0.005336703090856432,-0.0034085592935300113,-0.012238923157244397,0.01367624851170346,-0.00039790057145960844,-0.012804767214205093,0.002641814724668734,-0.013901136089335075,-0.0030627866230572565,-0.0004682871764654095,0.008926763777073798,0.016310735520134845
2018-03-29,0.012696773487472335,0.013511307087947788,0.01960407009220111,0.020835785520572525,0.007522161661754012,0.014507366637882768,0.013918375805478167,0.006863977406603716,0.005357612063011885,0.018970322987281296,0.00485165520131936,0.00047707982436850926,0.0038270380055118736,0.0033917913030423463,-0.0008467338050688333,-0.13559493168663694
2018-04-02,-0.021820946484172765,-0.02237390144036766,-0.02413491025048664,-0.020230068401108525,-0.02298976654072682,-0.02080952127779767,-0.028642129039706532,-0.024816330415425636,-0.00774805062537931,-0.02201767151664935,0.001971479863386527,0.011618397461990781,-0.02710195940022686,-0.0038888197227109345,-0.0004237325664475655,0.16786273325597012
2018-04-03,0.012735204307585235,0.01363068690717828,0.009816956353960737,0.02111974236033687,0.015096323409119705,0.0137854469594334,0.012619596837362579,0.013158163453437233,0.0033845497827984516,0.014083284392774953,-0.007742376614477742,-0.0075722010717775845,0.005479516487195468,0.0028212539012164584,0.0016935645664291066,-0.11282078773868776
2018-04-04,0.010642408782362445,0.010555125211863636,0.013859001375042368,-0.0013351309772677844,0.01413905420353423,0.00432861546959451,0.018192045090483333,0.015450766516168724,0.0021840814715496926,0.006528512464900604,-0.0020695444712526267,0.00118689546265216,0.0007802790222548595,0.0022271820819135257,-0.0004230981949127077,-0.050545302650377266
2018-04-05,0.007861048398463133,0.007933618019368538,0.004120558940750474,0.017798906291376593,-0.0007327563750054722,0.010071719307291893,0.013308896118301217,0.002457620238819125,0.007902443615183774,0.018470629163370944,-0.0074846684615570425,-0.005153580456720874,0.0007797449931574718,0.0008201458224625924,0.0038013585648424275,-0.057451639955505396
2018-04-06,-0.02253812363337193,-0.024360312587591082,-0.02482574179078556,-0.018244077050307173,-0.024362778968148646,-0.028048369581032517,-0.021519129763682088,-0.01024834995719548,-0.007902443615183774,-0.024645124968413423,0.010875876403098061,0.0046789913047762255,-0.025257829906288443,-0.002226118496411189,-0.0038013585648424275,0.12631158404852671
2018-04-09,0.0049166198927945715,0.005505247558391879,0.007776165585733352,0.004740070813630037,0.00984126476121805,-0.003028402828699761,-0.002386534046870281,-0.0005724036141865341,0.001981424300129042,0.005470697699003324,0.0016505040632939227,0.0033963960355940515,0.020570363116520163,0.0037453380553875704,-0.002542548881300455,0.012945196269927628
2018-04-10,0.015775050498079146,0.014896244377573975,0.02433349691349518,0.032565674742359274,0.016718281526878265,0.015184204913166077,0.012073534194289248,0.0022876512030891583,-0.00774939381907247,0.020382106389320143,-0.0018157363600641574,0.002362787969159008,0.03689884654098119,0.0036154941623056658,-0.002548641826891185,-0.06157253014452024
2018-04-11,-0.005255973546930193,-0.01197161728526508,-0.005913977316253316,0.010388124160530143,-0.008201343351322166,-0.007357575536477867,-0.003053979089240766,-0.0019061033265037608,-0.0013976651808196294,-0.007442682651757071,0.0035448991807642827,0.0077577307979446175,0.014981539434586466,0.00034901365379713667,-0.0008510575203630744,-0.011299533018332308
2018-04-12,0.00819335343255645,0.017366226735574752,0.011943488325548923,-0.00014159762201293447,0.00673733240637997,0.014257479281506669,0.004331687201678758,-0.0015275211307033132,-0.013271410046203247,0.01054208203467688,-0.007350791568567772,-0.011698777825105644,0.0051910126062599815,0.0036013520131286114,0.0021261903804843385,-0.09043080009052273
2018-04-13,-0.0029373798856262567,-0.015179472262685678,-0.0033117778813851473,0.010982860328440314,-0.00048823011552823203,-0.002429869292980058,-0.005615434622991522,0.004956094880395057,0.00786335987627984,-0.001031859446335659,0.0023183721041242222,0.006533610069864082,0.002216456929006405,0.0005796039933434471,0.0,-0.06018528800463541
2018-04-16,0.008188331190635445,0.004360831971217394,0.007660898729460186,0.010170568393080615,0.007907705865039638,0.009951416470380003,0.007480233630151378,0.010780093583577788,0.013564936691745633,0.01333343693724931,0.0003310891101611091,0.0014113245973428334,-0.012625498148868708,0.0015059211043357834,-0.003404233493988329,-0.050054628308458415
2018-04-17,0.010641487367629487,0.0,0.01838437388337777,0.0038739046480236183,0.0077260586485286,0.008395113539052979,0.018459745520475135,0.002255000769070037,0.01005441746225122,0.011312829229797039,0.0027247176540825535,0.0009397976090923521,0.0022396226617074078,0.00046293609368230904,0.0,-0.0824106136538365
2018-04-18,0.0007398851376407833,-0.004724769634548487,-0.0026480133642952097,0.015619092319692385,0.0008416863136675445,0.010297156102294203,0.0047062538855087155,-0.007536018251179222,-0.0037340343881595572,0.0071938061936367426,-0.008030678379201461,0.0007824607184669929,0.03444827740875844,-0.0010424222325777777,0.002129100633867065,0.022691435655258108
2018-04-19,-0.0055630434446412025,0.015184315984143382,-0.011108683665401298,0.001222513471376363,-0.00844625426911616,-0.002761613476057967,-0.003167107139637526,-0.029360346909282686,-0.0005909634310010681,-0.01123158556644599,-0.008179774008389096,-0.0019573308498896935,-0.007956617339568872,-0.0031304306118560277,0.002973010379442531,0.022814655703145448
2018-04-20,-0.008515417057036956,0.0003590939418733896,-0.01394858657762521,-0.004763478929691534,-0.005346020359241699,-0.00435557596896885,-0.010240465949666433,-0.01688962761031787,-0.009103417604547026,-0.00540891301870694,-0.00723372576351089,-0.007630932179695016,-0.0014535218715314713,-0.0024423389727088463,0.005919538893591536,0.056043845038367124
2018-04-23,-0.00014980999581482024,-0.0010766282760918955,-0.0036312594294165557,0.006120347220232247,0.003890992154886419,-0.0011916794671611441,0.0021337069798104125,-0.0011886511438481406,0.0005962680627233929,-0.0028854506684519166,0.0002530739742852006,-0.00800792788225202,0.012287836274579966,-0.002681175642115008,0.006304011413628796,-0.0325133406800302
2018-04-24,-0.013559185792517248,-0.006484386653397678,-0.017585828121510882,-0.01076990367660935,-0.0075519883139048005,-0.028340759257276638,-0.015920552323770654,-0.006365728440058227,0.006732550718092867,-0.027399108165200303,-0.004567374385358924,0.004844167468111671,-0.017391725884585263,-0.0019866403044215275,-0.0012575887740098324,0.0978661788131201
2018-04-25,0.002468944035528331,-0.0007230449962167818,0.0001540135226920647,0.007918550511741174,0.004513649018171861,0.0028570236970457685,0.004126883113029667,0.0017941521511883884,0.00019770129678597925,0.005401037862286628,-0.006720576035078807,-0.0065172673215023735,0.0029197072579050243,0.000116632182457721,0.004185826758829503,-0.01003914187828503
2018-04-26,0.010114141704709034,0.0003617893424303631,0.018037930523803425,0.014444952560235702,0.012578699392873816,-0.0036748176790677434,0.01604834920168363,0.005958434602331586,0.010012574905054361,0.006236161203414081,0.006974580054661672,-0.0035146807713912764,0.0036377042236317436,0.003502944079781578,0.004584167585844234,-0.09396581506517343
2018-04-27,0.0009384979213322708,0.0014450450573493256,-0.0018195136323928551,-0.010644878482218179,0.00407829172787455,-0.0020470569680330897,0.004524552953620198,0.005332197410711448,0.010106792781063856,-0.002593643475980567,0.0076841069976696375,0.004232040306177076,-0.0029091595446315566,-0.000466705490133279,-0.0008318458019225261,-0.052460681209673066
2018-04-30,-0.007720251816231816,-0.009066184400090105,-0.006547697182077261,-0.00013527635413179695,-0.015440952959858478,-0.013341983400142254,-0.003945917633319862,-0.006322870604638098,-0.0029048406783305225,-0.013069855133371888,0.0017644266706309253,-0.007277441654352401,0.005085419545045156,-0.0006992570385468966,0.0041527046748734975,0.03318750364910672
2018-05-01,0.0017750690762197152,0.0003639376633310931,0.012449145592821509,-0.006115726320303327,-0.00048625918465372564,-0.004579595106190659,0.0013494576367816258,-0.008759495077457213,-0.0031074286331596035,-0.0008774695991689008,-0.0036080349427454195,-0.007088207443339378,-0.013863814546922981,0.0007377372259016468,0.006609097152664223,-0.02800950342658215
2018-05-02,-0.006740003870522315,-0.011352984754808393,-0.001056791273919444,0.004081500842298524,-0.01383903191802549,-0.008802052639755864,-0.006861098722758641,-0.019790739683998027,-0.0009737882407341303,-0.0022847772767007335,-0.0010984615221616423,-0.0004851031664152572,0.004398864879378017,-0.00035155806639242115,0.004518261933111223,0.030517339294898527
2018-05-03,-0.0022060421739018565,-0.008507665564492228,0.0022629292302029924,-0.0023108985874444876,-0.009042821825251401,0.0023826247737934736,-0.004470396201239346,-0.0010200983783188455,-0.0013641475388790347,0.004564582918886728,0.004470644753363118,0.0050820683949135415,0.010913139940359251,-0.00011693702954307383,-0.004106751560796429,-0.004392893713193846
2018-05-04,0.012863426825025392,0.01291768795092052,0.01880976753237018,0.004886856570161857,0.007932471054854062,0.011552363480422656,0.013063613727825274,0.014391188113115128,0.0044751740697708264,0.012360023159325273,0.0015141535709801701,0.0020898820929318163,0.01934854048276513,0.0007026603617310556,0.00123370355236041,-0.07372095769828979
2018-05-07,0.0033776701419201416,0.006579024705049008,0.0069259473164837715,0.0013532694585065563,-0.0014825328424041828,0.00662088513698933,0.003358974357641653,-0.006258135437254619,-0.005255413139914733,-0.0003461141396767786,-0.0015981734390466684,0.00024084765259058116,0.0007094876986073473,0.00093590610658012,0.0020529522603252026,-0.0013550447502601592
2018-05-08,0.0,0.006897913657072596,0.0022008200205814177,0.007812220484503474,-0.0075705996204629145,0.007123241999862806,-0.004224698426688711,-0.004058209588467587,-0.0252979820290955,-0.0020792824243036634,-0.0009259861376769152,0.00016051246931869656,-0.002840908211478421,-0.0015216294387681017,0.00368481977703361,-0.0027155455792149397
2018-05-09,0.009619009682984014,0.014724724077176177,0.012234633161469777,0.020189712402981286,0.005714228659862819,0.010726157772491085,0.0034576172805889094,0.001422082961876736,-0.0070298850113701405,0.014292137479787748,-0.0060002967609165125,-0.0020889812252642415,0.021808775899821775,0.0016388579890014299,0.0,-0.09178139997798551
2018-05-10,0.009307064629192396,0.008166010928250866,0.012944310434161999,0.007466928487672497,0.01328945679597826,0.00672939752995827,0.0036370464011090675,0.005871301416176866,0.014011088105839953,0.007155212908809716,0.008019695548231454,0.00681336824222889,0.0027797072953470447,0.002918964238165067,-0.004505401359582439,-0.014259193702193418
2018-05-11,0.0030466808569178383,-0.0007076010149615897,-0.0014301806611363155,0.0014346648296230669,0.014802455805768666,0.002144004632016916,0.002099686094226616,0.0,0.001390528761227472,-0.0003395914879362749,0.0025198025509327593,-0.0014389666321497074,-0.011165492707743141,-0.0003493251753692306,-0.0016434673683676237,-0.044829758508615924
2018-05-14,0.00047643918469475466,-0.0007077862979811833,-0.00014323691238526948,0.006883381622355245,0.006602373736509293,-0.001741543451499794,0.0019050587334841218,-0.0004041377213930275,-0.003778294166176366,0.003897937808155838,-0.0052980270353995,-0.004088363068462719,0.009081453536579964,0.00023326394926126426,0.001232877093195306,0.021893031368095173
2018-05-15,-0.006910792925102882,-0.0017721745960943558,-0.009491241677733075,0.0002588779626706561,-0.01300618277616472,-0.0033577431650719802,-0.0058216540034350395,-0.0038439016149496297,-0.008403357663226085,-0.003049366258551345,-0.011448407326745347,-0.016277595476396733,0.001389819839761941,-0.004910351727714257,0.006141222713596406,0.12352400646846418
2018-05-16,0.0041964125574631694,0.0017721745960943558,0.004469609002604624,0.0034878177480339723,0.0055604116310830065,0.0036257260312604345,0.008292582033818885,0.007070041126615578,-0.00786703022295665,0.01180659438381726,-0.0038452551261656254,-0.0015524980696373092,0.004158039277720071,0.0012888388102911819,0.002445967759829415,-0.08632808562575
2018-05-17,-0.0008453338624061502,-0.0021268443002071535,-0.005192161240852311,0.014974058750329977,0.0003613315599153566,0.0038800401437608656,-0.0033277553695012507,0.003415696297355275,-0.008133631154366938,0.0023445173369913697,-0.005064326925762863,0.0005722435830604056,0.0020725211680217015,0.0005846221354897096,0.0012208367593178338,0.0007448960299560881
2018-05-18,-0.002503099911818296,-0.008195266705507187,-0.0042018126897831465,-0.00777871975911637,0.0025273601549749003,0.0058582014248607095,-0.0012389370286047807,-0.006237698087628196,0.00020462284402178454,0.0013374753588859534,0.008568328458824936,0.0004085717333053296,-0.004149346602261517,-0.0010533121527327438,0.0020312673785345403,-0.0007448960299560881
2018-05-21,0.007490454609374808,0.007130106249169987,0.008674229464642469,0.010189782355815247,0.0009610458672950628,0.015019736109644022,0.0055152032696845765,0.004229782413250227,0.00508987684333162,0.005331635441530924,0.0005118367293324155,0.000571682753271574,0.016495203421086124,0.001403962840349493,-0.0008119192444260293,-0.0256617970324462
2018-05-22,-0.002784100178487847,0.006726881213789504,-0.0014404501724523122,-0.01339588114342316,-0.0019230162323049527,-0.012368704662257812,-0.004466772057388546,-0.0018106832738018497,0.0036486480027830837,-0.008343323551782245,-0.0015356372113028982,-0.000571682753271574,-0.007526525767199921,0.0007019667943293229,-0.00040643867616818596,0.010646514426208675
2018-05-23,0.002747433398988086,-0.006371991929265075,0.0073250642259590215,-0.00012853629020392887,0.003242842747896546,-0.0009269284129285182,0.007213282042617397,0.0036180938985239663,0.00906488794572935,-0.002348450462038798,0.007232684976180792,0.0010614187645909823,-0.0034399889181964127,0.0008176156970751691,0.004055310587024685,-0.04962260941479801
2018-05-24,-0.002050538558352244,-0.007843110137943032,-0.0011455244873879167,-0.01657827333531614,-0.0039650339930137335,0.004891325543566971,0.0021729154696141784,-0.0008029966727431948,0.008187538160661312,-0.0035332010486777143,0.007939092538462589,0.008532091201768566,-0.015278093397882664,0.0005831203091846149,-0.0012149042975777569,-0.003982497610774072
2018-05-25,-0.0023857261727853185,-0.003226254089669034,-0.0007166197425823029,-0.026332977429881943,-0.0014456315011335263,-0.0018484123863107271,0.0015086579504051123,0.0016056357033558122,0.004365804184821354,-0.0054083030646685515,0.006205215733130487,-0.003079396764578135,-0.04362505476971368,-0.0016352907790109228,0.0048504183570190484,0.053605107025572085
2018-05-29,-0.011567488211985832,-0.033963494305894404,-0.005462919995988802,-0.0030887305492077743,-0.010301559140766692,-0.016115055765535402,-0.007756532747033251,-0.002208258764031079,0.0,-0.017436492817496152,0.021666108974944365,-0.00016231041385150746,-0.01250476558880731,-0.004215909816783103,0.006831309675846331,0.2526582954184695
2018-05-30,0.013256319544135309,0.01803833471911931,0.0073250642259590215,0.029813427058497766,0.014872680290372031,0.013999071021207676,0.009074646904426942,0.013967032744456098,0.008086005417352382,0.011658146423664029,-0.006730392991527445,0.001460093554237929,0.023409971246344696,0.0030472114906681114,-0.007638080707060624,-0.13034699842298325
2018-05-31,-0.006144480870045044,-0.008426461972462995,0.0002858220759929253,-0.007600730706682768,-0.010981688135485612,-0.014536560261296572,-0.0048103168016262465,-0.016179506909561603,0.001570457318005758,-0.008386951348367422,-0.0016486655248009185,-0.002190971551372378,-0.02045357875802889,-0.0009366893491344896,-0.000807422436281513,0.03227153453527265
2018-06-01,0.009769837741874454,0.010977229300093594,0.016881171592292077,0.004724459453439689,0.011461529109279667,0.01095555725101871,0.0073478687433881085,0.0,-0.015415759653586214,0.015181580319890475,-0.005297848804652006,-0.004967644235411406,-0.022389008969852853,0.002279550887303472,0.0016141934674958058,-0.13659135910246922
2018-06-04,0.004740134111623107,0.003269703038509153,0.007985797809839656,-0.008678427701810154,0.0037118993878086926,-0.0014626676510305359,0.011107803153334928,0.008222234550526064,-0.007997847589746865,0.005739329827680439,-0.007257811353014176,-0.0009801121170811555,-0.009859777638919098,0.0021102304452291776,-0.0008067710312142928,-0.05497569487227061
2018-06-05,0.0007273386864570242,-0.0043620924292895324,0.003483004837903536,-0.002380209583545234,-0.00203379372186685,0.0011969188802121167,0.005830661142744109,-0.004604140652002098,-0.005233751923228169,0.007546030280265015,0.002341913333472334,0.003914822104047921,0.007593079829079308,0.0011713375164275064,-0.0012114704220382855,-0.027050190331106894
2018-06-06,0.008325592773754664,0.018051150343842526,0.006514502945806466,0.004754695524634922,0.011194340446178508,0.008338326703833054,0.009277868693145841,0.0012032872951723839,-0.02410271881202286,0.018373245597870014,-0.008136118912178247,0.0005696358194500206,-0.004548940320044714,0.0024535970424928166,-0.00283217690376647,-0.06324897004892982
2018-06-07,-0.00010803168802731022,0.003214967757481979,-0.008045659413691286,0.015037589514609095,0.0013020189156138784,0.004208825533503102,0.002921450815087656,0.006193121081146558,0.007004610420888291,-0.005097303166441414,0.009637986157173373,-0.00048822166232742603,0.014334499118422883,0.0003502187223665132,-0.0020280645057244584,0.041234260592120986
2018-06-08,0.002952034423699068,0.0014254753130029663,-0.0016725493098301847,-0.00194874357287933,0.005778475608152256,0.0032760209516480288,0.002094599153208865,0.01227235215075817,-0.0004108296454132798,0.0027984500492017617,-0.0030067992581797043,0.0012201695433651238,-0.006010530580521589,-0.0005833775007451081,0.0004060161368717452,0.00411355494673904
2018-06-11,0.001329144916575764,-0.002139532624289675,0.0011153819676765764,0.005188069835944997,0.0018797435201758361,0.0019601077523319077,0.003995236269080493,0.008229134201996668,-0.002055667573087394,0.0014786202275529625,-0.001842962587757846,0.0017868849442264079,0.006759259570440435,0.0018662819737098602,0.0008112605663241901,0.01386080662498923
2018-06-12,0.0012913826993843358,-0.0025009104461952703,0.0048656074798074656,-0.007661734489068817,-0.000587008150809254,-0.001044943165119605,0.0047906612893284795,0.0019491115419123517,0.011458993951417362,0.0013123156878371844,0.00025167091295763555,-0.003332688774722037,0.002989536078287003,0.0008149471031311251,0.00202569210010628,-0.0008100631196739094
2018-06-13,-0.0031958170287857968,-0.00358436869391765,-0.005144135084877988,-0.003787730134106937,0.00023494769171428231,-0.008004781204494549,0.00153211781310425,-0.003120590820441027,-0.002648543439372819,-0.010878646643484924,-0.0005025977206685184,0.0030080323755869998,0.005210331757262487,0.00034977269917213505,-0.0016200773357168963,0.04747722580233038
2018-06-14,0.0025140942803725252,-0.009379708704710943,0.007083700091696343,-0.0014404890875061582,0.005152778976533767,-0.0038283106184744398,0.010390520529580893,0.001756425864447575,0.012367283748845548,0.0014904693627117993,0.008265137208876006,0.0015411027282308254,0.0037050942268397336,0.002905503422169886,0.012887718404004378,-0.06546628544603061
2018-06-15,-0.001276219258427247,-3.6361794036654516e-05,-0.0038268381934760676,-0.021711941130485357,0.0019442106862790354,-0.0024995681536381653,0.0016425911812771865,0.012770622366377271,0.007089893293354521,-0.007007032307403627,0.0009144303889954131,-0.016672509186741458,-0.03538195608867678,-0.0005806712325622243,-0.0008008173329998591,-0.011618416722202873
2018-06-18,-0.00205886720154691,-0.0018217204131572018,0.0011147212343534108,0.00992750773686879,-0.00964115367327878,-0.004134826628044763,-0.0016961210614407918,-0.014658425076650161,0.003224818678536856,-0.0025142862572611335,-0.0009144303889954131,-0.0018972637609842025,0.01822372147040152,-0.00011621564234687298,0.0,0.027173419807181354
2018-06-19,-0.0038400674545098212,-0.0025559481380019733,-0.005166652959376794,-0.002271783996603549,0.002595702852055126,-0.021346544986680094,-0.001251930713634497,0.00530158627089472,0.009810776627777962,-0.018464329052128026,0.005803276055103446,-0.002562917808995202,-0.01135083067027498,-0.001394344487382071,0.002799695049277684,0.08110443913694265
2018-06-20,0.0017045137102620345,-0.0025625791211503213,0.002097916094740082,0.004405369124920622,0.0021187287382673503,0.0006824166953460775,0.004730409303017602,0.0009785440435456927,0.0007965112994114953,-0.0032536459644507687,-0.00880056123939621,-0.004480227388754976,0.01059808475616908,0.001046025878346235,0.0007983062527894269,-0.04285280081258058
2018-06-21,-0.006288794244944107,-0.0029373083951917955,-0.007713470413646117,-0.01868956678022471,-0.005778499568139139,-0.012633916755681263,-0.0071487919499659824,0.0019548665789832498,0.00337888976949996,-0.01069133185576554,0.005239448095711197,-0.0017477352868704443,0.0022565399927474417,-0.0020934889345003427,-0.0027971839690672518,0.13509391937598414
2018-06-22,0.0018218699886469736,-0.0047908050107121625,-0.0032436087049063644,0.01975505028492952,0.004484340219931937,0.0034491141247317003,-0.0017052554366032702,0.0081681932432911,0.0069206524485374565,0.014457841825144868,-8.278182742227358e-05,0.0024126912728643646,0.05196925032376054,0.00011663647759618812,-0.0036079146530174633,-0.06126518600006081
2018-06-25,-0.013706481768005041,-0.010770865510406402,-0.020980894327814248,-0.020298132369381605,-0.009226261835883598,-0.012751602482222957,-0.02197900528993202,0.005022994270354353,0.016416064752881265,-0.015672455411961383,0.0022378899669410757,-0.0037463887322166656,-0.017992568273092147,-0.0023310697565888105,-0.001607613695003618,0.22994675334098202
2018-06-26,0.002211480489640927,-0.003366165233610552,0.00403055287535059,0.01255003305075686,-0.0030947472909543805,0.0037589078984447966,0.007137110734515506,-0.004248631081712695,0.0011622266777804313,0.0038116135055052958,0.0014060050041662109,-0.0052686490212927595,0.03566711758337604,-0.00011663457059185589,0.005215528348021081,-0.08486291411652402
2018-06-27,-0.008318790612081628,-0.012441251447394386,-0.013741162965574372,0.013321156657383426,-0.008499463665595286,-0.008092420566945258,-0.013031243289752581,-0.0021314248807753344,0.004828485432679663,-0.00311741239812946,0.009380001619742728,-0.005718147886605074,0.02628084585669832,-0.002102781984418378,0.005984414201792632,0.11778302234434657
2018-06-28,0.005701047282991034,0.008687377621598547,0.012159757071673383,-0.0013240153439766367,0.0013216838915361961,0.0013999484139626261,0.007820777447437699,0.0,-0.0003855503184313491,0.00380874102539952,0.0002456641182924102,-0.0030405479988209194,0.014232706761607261,-0.0028099165328727693,0.0,-0.06100852811539337
2018-06-29,0.0014388914761740423,0.0,-0.0004317806985616457,0.006208162793251315,0.0020388391411705342,0.0020958288182608698,0.0017396896527279715,-0.0005818867681544049,0.0015412159953895888,0.0034501098359527305,-0.003444643502457545,0.0036306900201950043,0.013369234048948186,-0.0023481728408105695,-0.007987203974362256,-0.04615270894983281
2018-07-02,0.0021354130044235475,0.004877243764135564,0.0088847819744311,-0.014858161194260422,0.003110353738437155,0.0022315130793844062,0.0013715301194361373,-0.005838766555789299,0.0070953886810554145,-0.005352667036223835,-0.0007820834276843769,-0.010080153442110884,-0.006662275138479501,0.0009563172169029244,0.004799973741636876,-0.030927031779012015
2018-07-03,-0.003537405158612117,-0.009022829424695011,-0.011912478329612064,0.006261712431404387,0.0023860540604578873,-0.003208926543706525,-0.005037864664364733,0.002339580733045743,0.0028623716174447367,-0.001732786571275735,0.005341197048648105,0.010080153442110884,-0.0026773752071127532,0.00011757905092757426,-0.0031975124720191594,0.034029686317041286
2018-07-05,0.008125190626683043,0.0022636020616468855,0.014050694425292942,-0.0010631423531455297,0.010313722704894168,0.00487936013105994,0.004946578060835982,0.013732028524974016,0.005321066842211675,0.008633677135831519,0.0028653860132061837,0.0033656028250153014,-0.00942770243599611,0.003767133482250884,-0.0032075861500655556,-0.07525240875658756
2018-07-06,0.008422387352789329,0.004886242430453436,0.01160632274551121,0.006097779742159304,0.014286034800475633,0.0034705396982639414,0.007827361012600509,0.0030687087958534143,0.0077409991263244216,0.004974241221170406,0.003263821205611528,-0.0015972634935632612,0.012105077643108864,0.0025812898401254003,-0.0032180916794586345,-0.11303483371481082
2018-07-09,0.008964202616178696,0.022614759144175878,0.007570714526841105,0.014822763471908917,0.007297717488680355,0.018399241898750418,0.011896352108728525,-0.003837359657930417,-0.03133006798965976,0.008857285150295269,-0.00645653919319944,0.0024368812775596993,0.0046682109022331275,0.0015228128875781621,0.0004029086475010324,-0.05219913389474762
2018-07-10,0.0035920729334000256,-0.0036727813983250535,0.002371591348448554,0.007394732651104352,0.0038020874831810048,0.003124596989015238,0.0021479435873175134,0.011847930936356832,0.009464291147061044,0.00844321726157915,-8.218463630260686e-05,-0.0018481290459551047,0.0026578063893589743,0.00011691716473194447,0.000402562721708577,-0.003947832779252813
2018-07-11,-0.007341377717858144,-0.004794256217473869,-0.003909355970165063,-0.021424932979579037,-0.00796534069985455,-0.016547558023680686,-0.0023271227349423995,-0.0032345320130797717,0.008994487060514533,-0.01695848324549809,0.0038467603986713783,-0.010905978807670635,-0.05174736949617653,-0.0015223606680097035,0.006820529093567007,0.07540683822437222
2018-07-12,0.009025068037833428,0.0018466154002751978,0.015682880042967362,0.0017149969989476155,0.011065058455416832,0.011653026273605427,0.006609071763753693,-0.0013349608107837696,0.0007612503811325055,0.002391476313433394,-8.187581500163077e-05,0.004156581212429344,0.005574921866024596,0.0031585185488349765,0.0007994457820790224,-0.08016500889710043
2018-07-13,0.0007873419895467748,-0.004437816630835645,-0.001101900649194576,0.005259184440828513,0.0018322311534619828,0.0051655848687488515,0.002222639750907529,0.006467594184439651,0.00019059466618065457,-0.0005117702484440656,0.0025295568999519347,-0.0044116186573557314,0.005544014339649905,0.0,-0.001199362848405272,-0.03231295787035959
2018-07-16,-0.0008945024589968043,0.01763414916087891,-0.002346387624770685,-0.011606705261853367,-0.0060824762451821,-0.004076023567007425,0.002483951871919743,-0.004751620326739481,-0.0009518450473131601,-0.008055794692558571,-0.004164472305148159,-0.0005102701051304948,-0.03731518386660326,-0.0007004238629404469,-0.0016013609097171866,0.05199088534378449
2018-07-17,0.00403688712847039,0.001092210356666179,0.00743384153148563,-0.0039875787117256145,0.005510058017883068,0.00394056529586706,0.0009743009156495397,0.008536334085667896,-0.0007628566875195197,0.012993848631624338,-0.001883908211077312,-0.01086273575472596,0.000717119363875085,0.0003502732556679433,0.004397427576219748,-0.06189194658789132
2018-07-18,0.0021011420923491286,0.015878943549077817,-0.001647346239441294,0.0006654138765602724,0.0008009736231064934,0.010924439814704812,-0.0006199329624627659,-0.008155466154403879,-0.005160691852909238,-0.009386374587841306,-0.004025094392430262,0.0002579541677247832,0.010695329844088164,0.0004674775980717527,0.0011960160356787597,0.003311258035992193
2018-07-19,-0.0037783465140774908,-0.015151680651936505,-0.003578511633986814,0.00026673209961725064,-0.005620536281796262,-0.0004024185161206617,-0.002305310815202244,0.0005710300467258733,0.009156819682262896,0.003594277156716341,0.006318119661659516,-0.004308123245285955,0.002125380356868156,-0.0004674775980717527,0.0019900355931219416,0.06169352858684851
2018-07-20,-0.0011436509166404818,0.0018160882408215784,0.00027599547406609304,-0.0034658615895239997,-0.001957777586611087,-0.0010740255234837903,-0.004448514404216564,0.006072573250343272,-0.007050954060601633,-0.0041088235211064195,-0.01234492240511642,0.006455244826308437,0.0014143923346745524,0.0004674775980717527,-0.007984197578493557,-0.0007773206034422664
2018-07-23,0.001857630731449511,0.013693640921851546,0.005087094005087334,-0.004416342257910433,0.002072880879365968,-0.0061986339100919,-0.0010706180849604507,-0.006262700309264346,-0.007101023258288652,-0.005505005980345423,-0.012415349220557204,-0.004815949835094813,-0.004249260390150056,-0.0003507243347149469,0.0016020022192160255,-0.01883884406767633
2018-07-24,0.005019315545290226,0.0028591485194504607,0.005470514375168101,0.01252836965712012,0.00904556552083502,0.004181354962211614,-0.0029499394995937678,0.001901892368736835,0.0034606323777004455,0.01285509265148832,0.0034317955237490594,0.0003447760365951069,0.009887043192739142,0.0021007990316128655,0.000400077063974269,-0.016780261123892082
2018-07-25,0.008486501823063541,0.0021392466226779483,0.01246942636445958,0.008309978676029228,0.012685274311452055,0.01509651103250409,0.0073141280319597435,0.007571602604186101,0.002875177141663521,0.0078029176752405505,-0.0015889997717550841,0.005500180472054694,0.01326375721480133,0.001863784912619515,-0.0048115213519350775,-0.009716666446916378
2018-07-26,-0.0023617267796218755,-0.000356025755420486,-0.015474786384281458,0.010843356674319793,-0.002817361761335846,0.007660877958360679,-0.005257124148573933,0.005265861416461792,0.010660534608106786,0.005728812916594883,-0.0019267534773135253,-0.007829712393953692,0.0034614219497068888,0.0001165498906807727,0.006809600321280751,-0.01228010656239542
2018-07-27,-0.0067992302636987745,0.0021349658820648543,-0.017247632752571906,-0.004297511825658518,-0.007249751859233378,0.00013131573511149242,-0.0025942525068871625,0.0013124541208551221,-0.0032240727794388135,-0.003702960325395299,0.0016754034144854657,0.0005181795313156101,-0.010420418876011084,-0.0003490779071180228,-0.0011984047064204084,0.07074855673172387
2018-07-30,-0.005237291649657472,0.0007109590014300338,-0.015711155828337375,0.008187939857552173,0.0005680520303092962,-0.009915840681603783,-0.00800393869300553,-0.0011246651158418608,-0.006097604887279395,-0.0018569378174664308,-0.003437724326945002,-0.0015552128809899202,0.015246329260444114,0.0003490779071180228,-0.0036035808442784756,0.0902040603934009
2018-07-31,0.00491707688988452,-0.007129976823724515,0.0026831844453170106,-0.0018136170179134936,0.010399242533480013,0.02181719424901818,0.00468443822721909,0.004677738739315096,0.008942957683813813,0.009081912659874902,0.005444991921118358,0.0029355602050307184,-0.018043531269843704,0.0020923196977999936,0.0020035010144270338,-0.10567225835575167
2018-08-01,-0.0016721347182881985,0.0,0.008983615035846881,-0.013971502020628801,0.00022491867937279864,-0.013613021115014057,-0.004955553645864086,-0.008436051075919604,-0.006461774655029728,-0.010265143180562042,-0.008180022350633642,-0.007355188129705148,-0.013394601471836687,0.0008974728075212823,0.0012003226332524264,0.024635556933650715
2018-08-02,0.005433141198496472,0.00035723642948015666,0.012498465706952455,-0.005538212827322919,0.0037031382818835112,-0.0013187169803527965,0.006840756936643988,0.010114578483836123,0.004945087421628802,-0.006618516750166226,0.0014335563284140207,-0.005399323029875447,0.018981202971702693,0.000582163036531469,0.005582201228977013,-0.07580582054451579
2018-08-03,0.004275444079734569,0.005706230660128764,0.0035818483191190076,-0.0051699842297767695,0.005918870296086176,0.0009232384824144901,0.0034030199976555764,0.011671981714022728,0.011131268563831398,0.009489932489435304,0.004961515758959756,0.0034867672609539824,-0.00628707614431967,0.0008148657157542871,0.0007949066920018844,-0.04616843727177944
2018-08-06,0.0036606049750593783,0.005320189759881355,0.0053484375770276316,0.003714691483673871,0.0017799440901331565,0.001449362076887617,0.006682338739056437,0.0009208744394739732,0.0007500531088533435,-0.0003373637404093799,0.0005869247331409255,-0.005147198608389303,0.002799159324189837,0.00185960660516038,0.0015878297816138698,-0.032303103128794586
2018-08-07,0.003297175582678946,0.004587989082471822,0.003823120341015951,0.007387743396313429,0.00011092265936252232,0.007083870278963289,0.004607097493029677,-0.006091610075413367,-0.0015009448797380642,0.0033689035953852198,-0.005210894511185948,0.0022714889105870384,0.0034879168201298327,0.0004646490320627805,-0.0011905226758934795,-0.030633038560200276
2018-08-08,-0.0004207749147200346,0.002461566558210837,0.0027211449127864107,-0.007255629745174019,0.0015549267189776117,-0.004454639787858206,0.0010601408956731895,-0.007619774774057397,-0.005271073301361451,-0.0042129247728053265,0.0010109055579485826,0.002788736658923874,-0.03255772701902693,-0.000580540747949776,-0.0011922137977222746,-0.007346214964410347
2018-08-09,-0.0013671253217362178,-0.005989094051030985,0.0004075003351693418,-0.00931124174236464,-0.0011106789115897797,-0.005529943257182701,0.0037016311748665487,-0.0029899361636398503,0.004519893135580766,0.005389044814898991,0.008382811959080527,-0.0014805645831970082,-0.0014398493690999103,-0.0006967828040123081,0.005946455094402836,0.03797925352461062
2018-08-10,-0.006722650166683053,-0.011729296986640048,-0.008046389685703481,0.006128579536442302,-0.0043414923504636604,-0.00888521324546332,-0.008392393228530803,-0.003749502722597331,-0.004331286647863308,-0.014549453689943537,0.007236245791942153,-0.00043582289228183413,0.014306381987611694,-0.0017456769884667267,0.0070894722651693165,0.15503754563276795
2018-08-13,-0.0037504557475962486,-0.00970004265083313,-0.001370192725178132,-0.012832338079098005,0.00033457841894879436,-0.004807303700648191,-0.005069731688688517,0.0,0.0013202648889301116,-0.010105453807723652,-0.002073866593184981,-0.015199092023381766,-0.004983968625343671,-0.0006982838490801058,0.0003923847690852078,0.11609298315080707
2018-08-14,0.006360965499951909,0.009342457627811385,0.00615102427057046,0.002418368042007124,0.004673741185951208,0.006936551799300084,0.009672197638002977,0.006925770805327858,0.002070884179742105,0.008400010275064762,-0.002244802450232619,0.0009733276081034248,-0.0014286043689475392,0.0017462859105199513,0.0039153136226279805,-0.10475923351971028
2018-08-15,-0.007496098239193394,-0.007899315424612752,-0.009034645025688182,-0.0355179500810574,-0.001666686813002194,-0.004797054083713448,-0.01226128102340951,0.004095462619587931,0.009173432317283847,-0.016003040842220262,0.005809343513842435,-0.016766621575930785,-0.03491260340323343,-0.0017462859105199513,0.0,0.09524186805072965
2018-08-16,0.008059283684277219,0.013250105787823596,0.004390707036988406,0.007205483016578196,0.009737672907175643,0.012608619990570169,0.0049046603624076646,0.01420267883631876,0.010751049674865953,0.006052785752573175,-8.244397593326624e-05,-0.0008097887609235244,0.008843085190925137,0.001280718076653642,-0.0007818551515903494,-0.08477844011735591
2018-08-17,0.0035137689211968137,0.002131931143924959,0.0015051555901250957,0.002482100858368419,0.003078696869885711,0.006048888971061928,0.0008891976326035333,0.007662985811272893,0.005149119619662468,0.007386316949495431,0.0012403055152026,0.009228205066865947,0.004392354544334509,0.0011632427608931906,-0.0050969237893414565,-0.06211267598649606
2018-08-20,0.0021379329483925957,0.0031896736585692587,-0.0015051555901250957,0.006725601865509745,0.003287969099042165,0.006663506521605633,0.007085477361221226,-0.0005453699939135248,-0.003491409596527273,0.0069926350223599165,0.0066731641196904334,0.004981819650891062,0.0051002404900239995,0.00046374165246199084,-0.0023614383406327377,-0.011938110068042018
2018-08-21,0.0023424866330827854,0.003884975970121385,0.0016415997915140146,0.005048616581826426,0.0,0.007395483297591099,0.007911510306416236,-0.0071176158173593684,-0.007204127575274555,0.003901037008597008,-0.0033722097221460245,0.0029240568705191095,0.00507429102106105,0.001509475564014373,-0.00592765635263337,0.029193386300245816
2018-08-22,-0.0005936892650968417,-0.003530950715816328,0.003002338197185761,0.011906582410339261,0.000984372379996934,-0.009742068269632753,0.0010501210267750416,-0.0062467554918406165,-0.007443311986036427,-0.0050914621072539745,0.003946910168870943,0.002209555076481351,0.03131932340737542,0.0003483391418885873,-0.002778310446485577,-0.04859575512178882
2018-08-23,-0.0013286333241184778,-0.0046092146659031386,0.002178185936416721,-0.004718418586284301,-0.00032792082569610415,-0.002876180350469326,-0.0009625027627784277,-0.002398301892873711,-0.0007472502417917859,-0.006829551869681705,0.0015581037028997713,-0.009491353686730264,0.0,-0.0001157169707308725,0.0063392091266645245,0.012976649930220407
2018-08-24,0.006000394492509997,0.00354754870135654,0.010012614747263449,0.007270876103924184,0.004799808684917473,0.004311060689798474,0.005848563097918813,-0.0012942575039227577,0.004289720939201658,0.012936415302413184,0.001964333035852306,0.017318039357996362,0.011149930366993743,0.0017374505206317892,-0.004750567581735865,-0.034429636970927824
2018-08-27,0.007863728321743757,0.013366333984264234,0.009112749350236093,0.007351063725787199,0.0035847742231025492,0.012563746253217545,0.00642020620871131,0.0005548369521704011,-0.006160751354904459,0.013605557796836809,-0.00574081427148343,0.003759503232664052,0.004839255492046668,0.00034772105924663066,-0.003976118808652451,0.014078914039645785
2018-08-28,0.00048352110852789565,-0.001048675749276029,0.0017327419103327912,-0.004270448073040889,0.0005420082086295963,-0.0020614210366796115,0.001987231510102383,-0.0033332978844513583,-0.0020618634938869285,-0.0038447565547401474,-0.006021687679629295,-0.007973022006626529,-0.004839255492046668,-0.0004637223603980445,0.0,0.02757678031858113
2018-08-29,0.005365916709124008,-0.00034998433115474015,0.009014892855039758,0.00613355271081506,0.006481852301556401,0.0007735590432966788,0.011158072126407514,0.0011125387602151093,0.007291769649377056,0.007508251626342055,0.0013228740018886853,0.004563784025624962,0.015813292115572253,-0.0005787246151536252,-0.0015949757970883383,-0.020202707317519497
2018-08-30,-0.0040561382859634065,-0.00772744306824924,-0.003040169410588156,-0.0027954198903481497,-0.0007541396062098471,-0.006984234110709586,-0.005735343476562793,-0.003155047147047174,0.0003727154643176078,-0.01187190410765071,0.0021462017600777372,-0.004915718883920839,0.006120396735775024,-0.0008111690495375967,0.0007978513665647391,0.09938348545590658
2018-08-31,3.443219938148445e-05,-0.001058530021848192,0.0007938089415477911,-0.007761579589827594,-0.00021549215200877825,0.0006491601746771991,0.003941266779376562,-0.0003718217863841744,-0.004292395552578654,-0.003032410391947238,-0.002311247425926588,-0.001144594028062329,-0.0027155455792149397,0.0012742159814163045,0.004376342032850644,-0.050787730334117764
2018-09-04,-0.001723777559304196,0.004929520791493225,-0.00384313999803787,-0.002151734468810673,-0.00800802740010731,-0.0007785902120396315,0.0018790674676609775,-0.0013025981424670263,0.004478200061346804,-0.0069415765061293655,-0.0057980510716326705,-0.005122797149080149,-0.008876815858883447,-0.0020832737717491057,0.004357273085197733,0.023060222189821733
2018-09-05,-0.0026951167084909855,0.0007025494008385813,-0.012560114638054287,-0.001346952184130057,0.004011887760971611,0.007113664148072019,-0.010811497852633689,0.011477613009103216,0.013867242621802056,0.006604098913015832,-0.0026697490658644796,0.0034475118313483932,-0.006191980810987374,-0.001049623547585199,-0.003563718620787082,0.05542608066335042
2018-09-06,-0.0030146076311989844,-0.004573540170483614,-0.007287815244137352,-0.01864122218343134,0.0,0.003088602079068359,-0.0027644711970911118,0.0027566639764300405,0.005676259460571931,0.0020233858343075006,0.0036684730812943656,0.00193953353678733,-0.013199189932779909,0.0008165291248438677,0.0,0.05183231445848957
2018-09-07,-0.001945224653731259,-0.001058530021848192,-0.0033915669997388598,-0.0001373463921967577,0.0015140694133801702,-0.003088602079068359,-8.679335202543825e-05,-0.0020208566231150193,-0.012308454613917164,-0.006590781705405391,-0.008525735683940994,-0.0027340278330774126,-0.0013996123920216874,-0.0010500036509055732,0.002772898014846259,0.015577727671681085
2018-09-10,0.0017371317656751373,-0.0010595732595377605,0.0031210254577942464,-0.00041230095107325226,-0.0025970204853109635,0.005142196850491665,0.0037134815959856127,0.003488403699579923,0.004978355504395182,0.0011862651711997962,0.0036866223159064404,-0.0007067924079828813,-0.0049139934184161405,0.0019817179783263583,-0.001979882371374586,-0.04959695960627508
2018-09-11,0.0032924625490746706,0.0010595732595377605,0.0084989676490963,0.009437455595601385,-0.0008668267008919983,-0.0002568740940951386,0.007984499703784564,-0.003672304786715319,-0.002578439355153339,0.002029852964616552,-0.007639201561287834,0.0006184538252069771,0.027075610048828302,0.00023233742897144083,0.0007924776047754101,-0.06869022286720172
2018-09-12,0.00024126754824926877,-0.009219639758450082,-0.004173072252440679,0.005159587011252853,0.004975061452149987,0.0030736846188350597,0.0018797903315053155,0.011522800678677836,-0.0009224396196376716,0.0005069715512577844,0.0023567885271749134,0.008355710260063098,0.012253342610799578,0.0023266724408896877,-0.003570788051260987,-0.006069815437863557
2018-09-13,0.005897299886748364,-0.0014261638308106228,0.011667921371771417,0.00040596164779893584,0.012330852077556465,0.0059914416498205725,0.001705526979923988,-0.0014558905927120058,0.007539058565144252,0.0038774368313143626,0.0015118694170634939,-0.003597564816940846,-0.019816156916410144,0.001856749148640091,-0.0027859600530679707,-0.06038686203161969
2018-09-14,0.00017219096933551725,0.007109937288491963,-0.0008006005150513751,0.005265688581341799,-0.0033092499207798554,0.004944480786301497,-0.0037564850736382382,-0.002735650642607723,-0.0053263429074701385,-0.0003363425637683548,-0.004796565323330171,-0.006526220333751276,0.0006899088897851513,0.0009268819070618051,0.003580732180188395,-0.02455116732729401
2018-09-17,-0.00530851133967758,-0.0042597986052199666,-0.012622522037250672,0.00161485057291344,-0.0036411918687067057,0.0003792661493555727,-0.012478973250893866,0.003645873650671483,0.0033091118146382215,0.0035286743461573344,0.0,0.005206771454576931,-0.002071090329176073,-0.0006952320662305667,-0.0047772251879325545,0.1252119246769614
2018-09-18,0.0054114799338140784,0.004968082764844173,0.006331232098056638,0.006566223405709337,0.005777529217185773,0.009061247488687307,0.0126501410131028,-0.0041940066754144745,-0.0018370734064214744,0.00100588840956517,-0.010514787139357828,-0.0014974516487722411,0.015089402523647877,-0.00011625503437695528,0.0015949757970883383,-0.06727132189438612
2018-09-19,0.001065321623339166,0.016848029829214184,-0.0025543385385757844,0.00306727413534702,-0.0013879878774636367,-0.000877190115713411,0.00042772092351217594,-0.0018284173417155714,-0.02193793219090967,0.010832362538804485,-0.005984638547531063,0.0038711539862426037,0.01687518999687665,-0.001855794092542773,-0.0003984827893441789,-0.08481037201802089
2018-09-20,0.008071002994414656,0.008664330904408324,0.011776868528330375,0.00026619093560054097,0.009675700124990527,0.0015037202646492887,0.006814927965539397,0.012551121625432149,0.002065623543912043,0.010716278798852397,0.004619702736326836,0.003418801489790013,-0.009414957960316883,0.0013917145088173655,-0.007200068805180315,0.004246307045422171
2018-09-21,-0.0009141981185774029,-0.0038895462873616005,-0.0039593611046151445,0.006586387457571785,0.0013479213728020412,0.006445407467681186,-0.004429479978327766,0.0016006345133741107,0.004249308623802683,-0.0021605671168165586,-0.0004266082216313194,-0.0068493312914386095,0.010752781438702286,0.00023267168338936273,0.003206391828368904,-0.010221544107446245
2018-09-24,-0.0033275503629210945,-0.011196950405284234,0.004947139262664102,0.014540658804520046,0.002013131597057516,-0.01727373216883432,-0.006521150697538669,-0.015384926779341335,-0.008897304234873893,-0.014135203907928329,-0.002564952602954307,-0.00017621292913982955,0.019199527957158402,-0.00046385076226851396,0.0,0.04355793257706164
2018-09-25,-0.0009277631801367647,-0.0038777491762123084,-0.0012013382159530295,0.00640980052198703,-0.0030745578269355534,-0.003056465513945561,0.004209281253450214,-0.00592358213174915,-0.01378539566403525,-0.005205246475715075,-0.0010281211603828666,0.0015850681638402975,0.0013106461550940196,-0.0008125766148143754,0.0007999941303005187,0.01787214654295699
2018-09-26,-0.0029972480610496177,-0.01208277890034104,-0.0037458010467110725,-0.009696152577477246,0.002227067538635552,-0.0006379504329743213,0.0023118694440884546,0.0011134293817485208,-0.009880686362327307,-0.009982144677024074,0.0070028899865723915,-0.005293338005935233,-0.010533395645425436,0.0010437556936935266,0.00039975719659901543,0.03714376093774696
2018-09-27,0.0027905811705748462,-0.0035817075924216013,0.00587978877893125,0.0,0.005073099284394367,0.001403108934822761,0.0034153967745660374,-0.0012989907219012053,0.010266240610677269,-0.008710016680288923,0.0006805865124368538,-0.008884998236125874,0.009878287292031551,0.0018549604033957223,0.007168527247908507,-0.03794925666495308
2018-09-28,0.00010363385389666746,-0.010459699650131604,0.0037245346579775074,-0.002768872611153217,0.003052412004048044,-0.0006376836273380704,-0.0008527037300019025,0.0014843982770194053,0.014540053716387114,-0.006366711722434637,-0.002639795667791489,0.00631645770822864,0.016894503395032956,0.000693944397177404,0.0023780144736855746,-0.023645615722108104
2018-10-01,0.003467659432552672,0.0039802628635503545,0.0047673575696625115,0.01376811774805864,0.004927819935579336,0.008762895482962385,-0.0030756836583565317,-0.000742010852001318,-0.0034245445819069964,0.00996229187458253,-0.007368509422696512,-0.0016864375351177685,0.027329273022401068,0.002889673075727295,0.0015823574051867517,-0.009950321410848062
2018-10-02,-0.0005832089752884073,0.0,0.00013250262291197856,0.001041224896405346,-0.0011510633379669954,0.0022733333117583854,-0.013612880252668269,0.005736017820887174,0.013440779574507289,0.004263743622878735,0.00609435057033636,0.011482223287118565,-0.005028289945385289,-0.0008111261118921576,0.0015798575054430941,0.004158025977282875
2018-10-03,0.0005489811690031488,0.00934616049693604,0.003033335758249045,0.008033254420432456,-0.0018864125173916335,0.00415400286577583,-0.003388736023659078,-0.010758649920385999,-0.012107310618214129,-0.007173526731365065,-0.017523666058533394,-0.003959744500981799,0.01314573167900246,-0.002671160483870949,0.003151977622402047,-0.037197909626780046
2018-10-04,-0.007846658006557483,0.006774700947570711,-0.018207475360276337,-0.0041381840261363045,-0.009803915452097911,-0.0032716992195345185,-0.015791146167401404,-0.0024273897674174094,0.005314696021774701,-0.004638513814976264,-0.007079300710143066,0.0005289130805081754,-0.021371030558327675,-0.0037284823755436847,0.0003932210818420323,0.20278267701498853
2018-10-05,-0.005612402607581224,-0.00498756742696127,-0.012687741050955381,-0.00012946631408583542,-0.001165486551195194,-0.005180786496377543,-0.0075445936789493295,-0.0009356287778961025,0.015218918338903986,-0.007432762315076946,-0.0086321372263507,0.0028159089867125786,-0.0031816884471167484,-0.0044445714671867975,-0.0011803968282491084,0.041328156122291126
2018-10-08,0.0,0.006762488486986129,-0.011338114314676684,-0.0007780552221481329,-0.00042441923274694204,0.0025308789744835636,0.0025805250676644853,0.013752406691696084,0.008355624966847053,-0.0005203963383393351,-0.0033674724747454476,-0.011133826368821431,-0.0006375056157246206,-0.0022298511911555963,0.0011803968282491084,0.057045940724945066
2018-10-09,-0.0014602835079173815,-0.003909292233983397,0.003565725183694024,0.008909740351140893,0.0016959511889185208,-0.015538202441725879,-0.0029367507289790318,-0.0022171356345017657,0.004060045040808369,-0.03371599680235038,0.010068168172745473,0.0005329800140057017,0.008888908663999828,0.001525936054752819,-0.0003932210818420323,0.01643527727182681
2018-10-10,-0.03217554996621175,-0.03147317144283468,-0.04967337029866403,-0.031868937374196715,-0.023903628935815213,-0.032747134399607525,-0.03427067891430147,-0.012096611587543382,-0.005540350090737167,-0.026561638226106687,-0.002727660287936473,0.0024835810584162843,-0.028206971530613245,-0.007181294878801481,-0.0011808613506514298,0.3642947143039259
2018-10-11,-0.022272728358303517,-0.030220469824237206,-0.012741033623036468,-0.03442802026902925,-0.027383661843217055,-0.026746808013607293,-0.017773333646573963,-0.025024884571640538,-0.01850356946683851,-0.01168275622487469,0.01208647263166096,0.025366544894875886,-0.028356684439879487,0.0008261141968732844,-0.00552919914973371,0.08432195479574389
2018-10-12,0.01379274876251202,0.0011354555544871303,0.03155290781856168,0.0027435404926752227,0.015268833638445223,0.00665297497243067,0.018326776763401664,0.0055518725030836436,-0.0011323729896246526,0.002793859485999306,-0.0034885832031692487,-0.004761667949174431,0.01130707610403281,0.005299292984241255,0.0031631948451256164,-0.15889906532306064
2018-10-15,-0.005632760081260457,-0.004550502279310642,-0.01651290891795343,-0.008391377120280819,-0.006941610154098221,0.001892581081677669,-0.002307265688939353,0.006090444200091305,0.004710377332414417,-0.0033536359030774676,-0.00043654402952864046,0.006660030947979401,0.0006611721815623639,-0.0007052910577183269,-0.0023714350291696995,-0.00046938415253894306
2018-10-16,0.021630270100979843,0.016585370816569522,0.029696795647445207,0.0082542941356607,0.027052275380953006,0.016741459454987506,0.01985153850756216,0.011133432528113385,0.010285042691072999,0.015922998131811195,0.0022698818058604076,-0.001725599613775941,0.003957753619039828,0.0034032152491496603,0.0003956449506432591,-0.1896723687590014
2018-10-17,0.00017821880538182455,0.010042999713136158,-0.004608849434138751,-0.006322147137735268,0.005259410186780222,-0.0073321441628166895,-0.008276947963605341,0.004680157140331431,-0.0018618034246911108,-0.00644973140950178,-0.005947777657108411,-8.637796161536926e-05,-0.024659689707362986,-0.001993401119613658,0.005129279968297595,-0.012564483840687757
2018-10-18,-0.014546330596042267,-0.016794808552142992,-0.019791540314718414,-0.0049758026108555065,-0.011412550501761487,-0.01741002235886402,-0.019366318345204636,-0.001308128699106792,0.001490044918306399,-0.011341593485124424,-0.00035089456279990827,0.001122068685606159,-0.01769952768741412,-0.004233922884935737,0.004319539648163229,0.14225757161384145
2018-10-19,-0.0005425272776617973,0.003756705162872187,-0.00042793930561746407,-0.00890750284252162,-0.009137745389825369,-0.003682912020120277,-0.0098255677477459,0.022559930339958623,0.0155126053438428,-0.007130723619016344,-0.0021959269984046514,0.0007761304849287498,0.01092905985290571,0.0005895635058603688,-0.0019610655406818722,-0.008510693731250019
2018-10-22,-0.00449906314834525,-0.02160396338576165,0.008250149908377136,-0.011105893216122542,-0.008229455723764545,-0.0034220771823179064,0.004035487781588465,-0.007524908036552258,-0.006434455930169669,-0.00794112152256865,-0.0013198913495262588,-0.0025893597255199907,0.0013577397919766199,0.00047039515146707345,0.003527225103554077,-0.012648790330171522
2018-10-23,-0.005103818294841744,-0.00807834935844065,-0.003831906026335652,-0.02650004909408521,-0.005413679823053741,-0.016591500381816005,0.00018734065917280773,0.00441197028610496,-0.005548188169794965,-0.009919823638365965,0.003165051984344913,0.0058595627338764444,-0.04865447535260614,-0.0009423037653766286,-0.0015661595628722047,0.05304835935111818
2018-10-24,-0.030767183152135225,-0.025426829341476775,-0.04582983491706161,-0.04028375184478694,-0.03356873158485829,-0.034463790215292,-0.030326826810725738,0.004209307084468428,0.024004327834959316,-0.0321447591636943,0.007520940023384881,0.0023171370069290376,0.0007120134745450812,-0.004961253995503512,0.005081253850044654,0.1974171133088669
2018-10-25,0.017781685150115578,0.0153333401618303,0.03381213086273416,0.012166890751819981,0.012862120928918586,0.007046408212864286,0.02976493014457615,0.0023716793175525552,-0.015693457234084107,0.012786576949095796,-0.004191069663208147,-0.002231204310531254,0.011323535438336307,0.0020108101095770436,0.002725130050181157,-0.040855034734746276
2018-10-26,-0.017743793001125496,-0.014541181883056531,-0.02020819742627289,-0.007492944764116327,-0.01137446587025881,-0.0099364287479915,-0.03160042417688835,-0.01931784331501385,-0.018563860743173954,-0.005881369913709911,0.006019127740235497,0.003173610933107085,0.008409291722482948,-0.004500698006417281,-0.002725130050181157,-0.0024803430237043678
2018-10-29,-0.005555895671985667,0.008671360674787465,-0.017033664260023507,-0.01882830570943872,0.0025135564390552645,-0.01678263936711666,-0.008839066885855118,0.011451739905991243,0.013954901673732145,-0.00236203897836873,-0.0022635058620945614,-0.00394713997893259,-0.015471494983160916,-0.0009511415202716478,0.002725130050181157,0.022104907771277826
2018-10-30,0.014710041072112823,0.01712111988256071,0.011141352559836726,0.022881295480124297,0.010668385650373757,0.020394112060063918,0.014912383676571661,0.019640599981958662,0.0038728944881314398,0.022604231595495072,-0.0049809813540475645,-0.004394427867848272,-0.005685866451179855,0.002374517715320934,0.004267853385335307,-0.05620627407022871
2018-10-31,0.010624027005489367,0.013793430750367985,0.023506658972839656,0.006123828910667761,0.00135403126053113,0.007613166894547163,0.012797471514100156,-0.009408343442955047,-0.011849963886422898,0.013587750509356233,-0.005093650351397194,-0.00562895197466684,-0.01725418604273532,0.0,-0.0003871304737645964,-0.0951817462988882
2018-11-01,0.010585485266360273,0.004555852083577783,0.011620582479404007,0.008451273458174313,0.012547792692471305,0.01744864803209012,0.02019720551586124,0.007064627792067846,-0.004479884646353849,0.027742871266901226,0.0009267907040975132,0.012770867635503613,-0.024221361988251644,0.004575970061127421,-0.006605852961751868,-0.0932397562381464
2018-11-02,-0.005940194677060973,-0.0007579385757678914,-0.019734522856312164,-0.0025132148590532033,-0.006254020360710655,-0.0016890565654259504,0.0040836350166668645,-0.005248430130273096,-0.00562870580571051,-0.0024061170922760056,-0.012511657810321708,0.00017150439484403535,-0.01120666311723717,-0.0005932885406148003,0.0023362547871319528,0.008751668451628891
2018-11-05,0.005501320893533723,0.015795822187258945,-0.0010189619200913214,0.016587703647886975,0.008811385758115797,0.005198321983938214,0.001388376501695987,0.012442608235467834,0.014012532360182739,0.002960781985744898,0.003921495288461863,-0.0024032178261359505,-0.0007516143647690043,0.0008303284074919759,-0.0003887602806775803,0.02280305864867982
2018-11-06,0.006308259050334719,0.005210228186153465,0.006242525125089937,0.004647791617423902,0.005095386205940855,0.010455288089652903,0.004429336496361014,0.006074891604439081,0.006656603835099695,0.016311055776510486,-0.0006231527357849487,-0.0028398265791738098,-0.00906349733985401,0.0026053667037659878,-0.002337520120115677,-0.0025081146029903856
2018-11-07,0.02118262809676441,0.012908109000441925,0.02895468470669771,0.016241678170445972,0.02896556337235001,0.016094916400373194,0.02671200392161044,0.005683774256184382,0.01136170723214569,0.01783670610725041,0.0013341025694399988,-8.619930408748644e-05,-0.009146396250620192,0.0057779766650645215,-0.0019520565900208453,-0.1963827419300701
2018-11-08,-0.0018164536664135866,0.0029272383045038097,-0.0008438600237186122,-0.021909241099382637,0.0005365500410672297,-0.0016388803387421547,0.0002689090282843587,0.0005311077546372722,-0.001640878262167078,-0.004295099408312186,-8.877761648751203e-05,-0.0021569397313125904,-0.016988845832593746,-0.0024723532630117617,0.005844509401876419,0.021766198107086687
2018-11-09,-0.009815995874889794,-0.009175880989360508,-0.017458759726304507,-0.0017499979214488093,-0.002900927546794385,-0.010165916736899483,-0.01399002892381862,0.005824800876251146,0.0014587110042789675,-0.014087214205039444,0.007438044758260709,-0.011291663536045604,-0.010963331699554324,-0.005673461844608596,0.0019407805279096912,0.03756317780146423
2018-11-12,-0.01886212344910909,-0.020112440689525002,-0.03585840859580314,-0.02094816786314846,-0.013648219166610964,-0.019943729398322674,-0.02029175100616376,-0.005293725782468339,-0.0005467009677966317,-0.014842184108608603,0.006507574197508248,-0.007188596482678555,-0.017474652184552575,-0.0061833920582241575,0.008878675183467521,0.1638141754056588
2018-11-13,-0.001872814634215736,0.0056271686514755,0.001186480029465642,-0.02322519824754732,-0.007004550767769402,0.0044978061875617925,-0.000463756261922299,-0.0023030320166821383,0.004184900858191121,-0.002957880396532442,-0.0006138037573624189,0.0003518058272167224,-0.06539358667287853,-0.001671331292107503,-0.003464935638644917,-0.021251123043970033
2018-11-14,-0.006860048724239398,-0.013559555180902017,-0.012079900604610394,-0.001679615030325543,-0.00805007443666117,-0.003371471889929367,-0.007545164771436408,-0.006761312332576264,-0.010404227103910646,-0.0011117334472863227,0.0006138037573624189,0.008233404279792467,0.021997522827821747,-0.0019127634734781296,-0.003476983173653636,0.059625098618033334
2018-11-15,0.010382073178684337,0.01468108344563035,0.024748056170133648,0.014565325563150822,0.008818683873564659,0.01313949694942007,-0.0014972329789175731,-0.0016084307777779472,-0.008290875530191588,0.013623112236774926,-0.0004382735232493218,0.0011333182475068426,0.002507292060202282,-0.00024006622973349323,0.00231927281790556,-0.06162514506111316
2018-11-16,0.0025975040635870528,0.0011209317724389933,-0.0016116659920624166,0.011829284563067421,0.010045699184098922,-0.0002776544763021249,-0.003940617379269984,0.002500812372678851,0.015239070001595856,0.01000691198840542,0.005770382212456404,0.007378878966228797,0.007484455348968133,-0.002997494166281811,-0.007362982128046536,-0.09661233926904611
2018-11-19,-0.017058977243475937,-0.0003736693744449404,-0.03886307396503064,-0.0002976219992434359,-0.012793504630579378,-0.015962212462790504,-0.024746755374181806,-0.0016069110258292163,0.004363760144011852,-0.014404874296614967,0.0027863673971202374,0.0004323180677419103,0.00578280408603149,-0.003127698977441362,-0.0007780269130370776,0.10260042300335659
2018-11-20,-0.018679751336659223,-0.022277447507571768,-0.021724919226540074,-0.033306473359380195,-0.009397893239664334,-0.020966388655965673,-0.02290657266100027,-0.016755592157967847,-0.004181449337694154,-0.01834889283836194,0.000347647214092639,0.0,-0.074361445242066,-0.0031364712461829924,0.005047625087656993,0.11190617061871411
2018-11-21,0.0034019360879398164,0.0007630134389273735,0.007294122510288048,0.015580385646659423,-0.0056812877519050176,0.007038000988989879,0.010397295323056,-0.0080263305640349,-0.014866781169412313,0.00801093772517758,-0.000347647214092639,0.0016412774591652024,0.02194032633459564,0.005062265579903524,0.0,-0.0776730546348472
2018-11-23,-0.0067012317316326175,-0.008044311233169843,-0.009165109920211467,-0.03187612623458058,0.0014510773715175063,-0.0020060213446235764,-0.004498694416902538,0.0034740979560226037,0.0005546507779090604,-0.010820915427198319,0.0010424965751933968,-0.0007771357154267022,-0.061764641035961354,-0.005545860883994891,0.0019345962662651317,0.03402980653763921
2018-11-26,0.016015420803737968,0.020179754467888777,0.022375576118532692,0.01490958619539473,0.009658883697386322,0.007287326877028377,0.02219836843852363,0.0012763763989016574,0.005896409755946408,0.011377472811422429,-0.00226062891126233,-0.0011235233509472309,0.01010570466943328,0.004704192468705237,0.00193086082895233,-0.12982085468311633
2018-11-27,0.0033587030327222323,0.0007537380416162698,0.001982203546341932,-0.00277866729500742,0.010332030271416492,-0.0017097481230283762,0.0029675814800014244,0.0088921078851798,0.007504541603554404,-0.012315973224080512,0.0011312844398387867,-0.005984687209490858,0.0009136802061542326,-0.00048211114601137695,0.002696869258002277,0.006329179302721588
2018-11-28,0.022764289973392415,0.019026591018053374,0.034429089701874194,0.017013024298406343,0.023771879626625747,0.02367659716099979,0.02910774473009692,0.008276611136632805,-0.0007301079321524462,0.015278949126762864,-0.0048813004086571965,0.0037337803634578393,-0.026841034420163723,0.008273267106864601,-0.005014438248947872,-0.028261048164383684
2018-11-29,-0.0021875415110779173,-0.00853586869310341,-0.00975880868358292,0.006513860413138062,0.0033049071929802665,0.0005563383274695965,-0.004653047227201057,0.0016112620285366752,-0.0003648112545024951,0.007185624217661779,0.003924149426349999,0.003115272664462765,0.019508286181337375,0.00023865295637293116,-0.0015478881042718662,0.016094829129202015
2018-11-30,0.006076836927053186,0.00520433604564996,0.009464984704099955,-0.0018136120922491727,0.020123747695452998,0.009697212244836884,0.007249035807261439,0.006419545167375418,0.01467828305779717,0.0025669750173760164,0.003735521707269207,-0.0017294794115239043,-0.012963176624406714,-0.0020308830655011434,0.0038654570952174616,-0.03907177443394838
2018-12-03,0.013154785021623816,0.0062836149249005935,0.02183771970024795,0.02199210009678776,-0.004809914085880607,0.011513106865724154,0.018532650355674196,0.0008883345297379108,0.010023157687519824,0.017426613876797337,0.007075090525527017,0.007501675441847766,0.049100854689011264,0.006897081368685498,0.00038563721395723505,-0.09453566560231463
2018-12-04,-0.03293916486790671,-0.044451966137687204,-0.03861006297393477,-0.029126838396202892,-0.022577411961954397,-0.04344868839814975,-0.03666052743462034,-0.01701479561321495,0.0007123013284711099,-0.030142189014517484,0.016603133578724893,0.006080599945142318,-0.008017873646045004,-0.006224764472887223,-0.0019302037795561056,0.23234676965232293
2018-12-06,-0.0015180375139891567,-0.013964136524667214,0.002242353244692019,-0.018605706173110637,-0.003759299314555875,-0.005566123610257101,0.004797614914730186,0.0010831921548595247,0.001067199775381944,-0.013631086848444607,0.003134929281893406,0.00017072178718180453,-0.02170073638588743,-0.0034880991365122682,-0.0003862942633534594,0.02146520571788013
2018-12-07,-0.023510375926691474,-0.019326497488394878,-0.035880879908080754,-0.00560343933038121,-0.02583381741429136,-0.026687815350181054,-0.030393601971581585,-0.012711156234400445,0.0037264275117889767,-0.024358705597426145,0.0018603654012760984,0.008077219150825599,0.015419814111753638,-0.0019296370595434098,-0.002709572347209921,0.09191512959311332
2018-12-10,0.0018952059149421885,-0.014036489298218768,0.01368298930844647,-0.01573073660684221,0.003857396335519958,0.002495723185658605,0.0007737833829217777,0.0,0.001946549185592783,0.002693225829148993,0.004129226707965117,-0.003477935715566538,-0.032939818175728774,0.0007237227231309262,0.006567485132924489,-0.025726300700615656
2018-12-11,0.00022710818171045588,-0.009740503170851511,0.001220637799835611,0.00031674913869395027,0.0030751439638248,-0.005882373842789335,0.0003865879946793882,0.008189867486898539,0.004057435236578755,-0.0032715117014379125,-0.00016804506140299935,-0.0011903699128756884,0.01843368427012937,0.0018079823960004404,0.00269177183260938,-0.039644793869781925
2018-12-12,0.005022929035367163,0.005693506545543681,0.007748215397966884,0.003954820680300841,0.00851742250868881,0.005589015071052472,0.01047719087391874,-0.0012695406492433392,-0.00635841146664573,0.008636470681622654,-0.004468050346082997,0.002124676769657441,-0.011943193630250981,0.0032460713592037393,-0.0038476100863000795,-0.013882737965695391
2018-12-13,-0.0003389743988497784,-0.007326052611903222,0.0016633868438358235,0.003152735147470054,0.0009780619577810512,-0.0027906348018369442,-0.004984706027401309,0.006151491692522715,0.008644394231856811,-0.01172520113195663,-0.002369299800039748,-0.0022097759847801157,0.03540999527345967,0.002398513134846958,0.0,-0.03847539360658203
2018-12-14,-0.018637689490123677,-0.009852465372662156,-0.02477972149730956,-0.023084693016671487,-0.03425390043152543,-0.013921689986412744,-0.016764502534676318,-0.01710048553943322,-0.0019338871308973715,-0.007764041724517057,0.0034670571456354438,-0.004007006751401754,-0.03540999527345967,-0.004200768408865407,0.0038476100863000795,0.046365900231525536
2018-12-17,-0.019813340065744534,-0.009950226921208394,-0.0214455422237112,-0.018367221524333566,-0.020096968788858582,-0.016541885151374558,-0.025736599669534233,-0.023390804409491484,-0.03273730369437722,-0.01729609084007322,0.0058068574202421175,0.006895742533218119,-0.034794285054870144,-0.006514067278305724,-0.00269177183260938,0.12540792857154504
2018-12-18,-0.001096870533691785,-0.0037568245120089827,0.007880165251767046,-0.023905518723035257,-0.008754788412772996,0.00499109854711044,0.007790864633401728,-0.011903738383537199,-0.00675103523432341,0.005535819053854141,0.00597090961170732,0.0023726710074090107,-0.06524050751278487,-0.0018141309706720676,-0.0003851309967362049,0.04232166343113253
2018-12-19,-0.015089123238865021,-0.012626387741463407,-0.019978405351707806,-0.01183019393786866,-0.01316052871411344,-0.019039397009441572,-0.019997678358099513,-0.009741393202943538,-0.0016491399701017428,-0.013697333711011783,0.01312450227837303,-0.0061126025718980515,0.023221688695819864,-0.009056836633476006,0.0003851309967362049,0.0
2018-12-20,-0.016411967315659304,-0.00893432657374138,-0.018100125837323233,-0.028103105651909654,-0.014167623593213996,-0.018468661051333157,-0.022687588044696394,-0.018011660012014374,-0.0005503775777064845,-0.013482515409853235,-0.003637900394529936,0.01529583691870684,-0.030397495397267882,-0.008766611464518625,-0.007730943750672292,0.10387384899246532
2018-12-21,-0.020702386837164966,-0.020198247396278735,-0.030853454804749436,-0.009754533202912974,-0.01250016797694009,-0.019062193708448305,-0.02292196043987138,-0.010427653369282197,-0.004283727452452979,-0.009033270680271155,-0.0001652493107542341,-0.00437046119321316,-0.015552472368380421,-0.004973013139024207,0.0065751054969815925,0.059172720603768436
2018-12-24,-0.02677823196061091,-0.021287163786191332,-0.027051875258895297,-0.041297276734702404,-0.024239194636250794,-0.031163256407826356,-0.019167133390002977,-0.02932159490415387,-0.04271335254607189,-0.026267796416510336,0.004957513630347243,0.010890577890308784,-0.029694624856559493,-0.007507128656364603,-0.00445196357527422,0.18060412369042567
2018-12-26,0.04928993778786861,0.04427640166756186,0.058642235523665764,0.06036231854423635,0.04269387438522454,0.045517631706970985,0.05756261081016101,0.02752644159460127,0.013485420365206835,0.04380829730117597,-0.010773277547529325,-0.0030039490254063494,0.06359616988874084,0.016688407081377754,0.005075220574675132,-0.1706899897832086
2018-12-27,0.007647963356623322,0.011935038964201894,0.007175289139392138,0.005232227805441081,0.010981597267536891,0.012432317724587527,0.005323143785577411,0.009537433091546532,0.008384202754296854,0.018231618662338356,0.00016637099071559192,0.0075760760319356635,-0.028690465826778144,-0.0006179866498730036,-0.004292691374539803,-0.014908368580889508
2018-12-28,-0.001290743212352119,-0.00042351501146686843,-0.002277300699364826,-0.007683085961580183,0.0011741952477768436,-0.0026623472241924517,0.0001021278641748502,0.0,0.0024637350032992167,-0.00537438456160233,0.008379058484472068,0.004055775698518893,-0.00939956313517154,0.0014818388259323356,-0.0027412256924397305,-0.05558888844397325
2018-12-31,0.008720694672608609,0.009702575062543684,0.009401734908623727,0.005244940631326411,0.014671571182519827,0.009986098017531475,0.010661833483954553,0.004143814946238056,0.0017018342162571365,0.00834842201019459,0.0037925681718995463,0.0015682595209627337,0.013548942782280804,0.0007395706181707595,-0.0019628065345944634,-0.108737970884079
2019-01-02,0.0010399239258633841,0.008361230845180145,0.0006451420616966352,0.019511617600015185,-0.015258598267553936,0.005110391854408647,0.007546617242915943,-0.005925203189404371,-0.017345375251092587,0.0051332475523251375,0.005253393466330358,0.0006595913377136498,0.019477861483308878,-0.0013564614797982877,0.007437852154844382,-0.09052232206419486
2019-01-03,-0.02415233544970441,-0.02273780852990903,-0.05178546867787537,-0.009967360493894795,-0.020513882165363206,-0.03090197590751309,-0.021890384605769864,-0.005761433098892876,-0.00019189636064798066,-0.028767889278546566,0.011315031416126331,0.00902531942317264,0.010101038089280756,0.0004933886548430522,-0.005475045620249919,0.09170182627605739
2019-01-04,0.032946910727047474,0.032680050672270866,0.04336598203433928,0.03345853494826034,0.029394510535210472,0.03721486637032623,0.03255872686232131,0.02109499086907496,0.014699027057879732,0.038565773836127804,-0.011642672779192509,-0.008119106827352951,0.022852509099182683,0.01664477057300573,-0.0015699723533062482,-0.1742599066308066
2019-01-07,0.007853763967745842,0.001235587441366981,0.008903283868616718,0.014755852838302275,0.003831701482579497,0.008102444878225867,0.022360507589815892,-0.0013665906068967004,-0.006845624551366392,0.0035041862847751126,-0.002951978256425569,0.003452516077851797,0.010747505038418481,0.009663043045554431,-0.004329864980225029,0.0009350378584183083
2019-01-08,0.009351666694184857,0.0008229980784340007,0.008345364394127142,0.007705486148496199,0.007734546463177949,0.01360962816593414,0.010995235024320316,0.009139694172262569,0.012326198930176169,0.010438883134611388,-0.0026323049733179005,-0.002711713990728448,0.02020271102470783,0.006469843653056806,0.003150899176949551,-0.04443053807291175
2019-01-09,0.004662449373276978,0.0049240848490987865,0.012862282541310499,0.01571798785479972,0.0044747964733478085,0.00673594804712252,0.005071561985078521,-0.00933516487132735,-0.006049081817811164,0.000384316302924681,-0.0015659861822525656,0.006397649700216057,0.05105518806135745,0.0011934712962169414,-0.009482460181347019,-0.024228615819893218
2019-01-10,0.0035211548013327487,0.00040958501396204383,0.004408000456223693,0.0028896873097021825,0.0019441355506693014,0.013484627659281934,-0.002867751245398953,0.005844761506395013,0.01299819255117507,0.008803990973918374,-0.00645418969614564,-0.005904086348646587,0.004514697460095363,0.003928974717964273,0.0059371109383525855,-0.02431728473961181
2019-01-11,0.0003863551530640663,0.0024518419622014953,-0.0018866083924526933,-0.005949151552529397,0.0033082735898721793,-0.0010306377721880366,0.000956726947392017,0.0029094848061794742,-0.0037502417443211478,-0.0040093623993233685,0.0038941884483278955,0.0017256811414601003,-0.01818238844705533,-0.0032132630599681633,0.0007889225785535636,-0.06954244367971363
2019-01-14,-0.006119547598240516,0.006914772511812828,-0.009329057470587543,-0.002421846480788137,-0.011108096571226689,-0.0001476201900354468,-0.0061384258242176415,-0.00485397560773837,-0.022801967423253355,-0.007682188548035818,-0.00372811042990584,0.002378067354322333,-0.01945406845412112,-0.0032232812070187578,0.0,0.04724438171941525
2019-01-15,0.011395573438562678,0.008878206940804656,0.014978748959253885,0.00354991744326405,0.017804438973520575,-0.0030993335805096223,0.00900304900865967,0.00987715802367184,0.012225936640775537,-0.006576434282573818,-0.0036589976699161753,-0.0017215161032266835,0.028586587014617137,0.0033428444655685396,0.0035425582864281324,-0.024954802381122132
2019-01-16,0.0024170192822650094,0.021070159448224324,0.0009384666341634151,-0.0012892421066368343,-0.001811618805259485,0.001034306191276535,-0.0022910729290659404,-0.005410829357006541,0.003600719001971342,0.003873686220084771,0.0009997747413770242,0.0031947551186357614,0.005439761235844109,0.0015484863817132322,0.0011781284595584474,0.023380476219357238
2019-01-17,0.007557905493195349,0.005492478201213569,0.006389782255095788,0.009151497323818258,0.008800598296981654,0.016984298307692214,0.006762421952986486,0.004253988365486627,0.004153077352281542,0.01743851456402279,0.00024937359013676996,-0.0013094038577046163,-0.0027162249781254033,0.00273265799806488,0.0,-0.05284255903009516
2019-01-18,0.013222395665203557,0.017067777510491933,0.015109712373326811,0.02009392296552681,0.011837318776419359,0.018840015847207958,0.013763205409820234,0.011891186532427156,0.0011299583575947736,0.016392148106602722,-0.00525589472551502,-0.00896648938779876,0.02506851817332656,0.002844867918663674,0.0031346715655584667,-0.014501103981270802
2019-01-22,-0.013602512787244336,-0.011605301912438026,-0.01697580942131305,-0.022013628858236434,-0.006906257869450094,-0.02087487106814301,-0.01509297245096164,-0.009193820478360593,0.0018799193078140597,-0.013925392070698095,0.006752406506639552,0.0035468368649853588,-0.016942048698429524,-0.006649393363065137,0.0,0.15575453559121843
2019-01-23,0.0020902506005517907,0.0011663963237245056,0.0034182691161497303,-0.01030105409300841,0.0011166875582890867,0.0014537204367481849,0.00199387174979071,0.01185952103244503,0.010091622577359072,-0.006845809575312334,-0.00041558690079490646,-0.0014007184915953985,-0.00631483330615179,0.0020227279316022972,-0.0023499934905224507,-0.06351334559153621
2019-01-24,0.0005311033161552459,0.002329400388495273,0.008341391637850304,0.0053246676936402615,-0.00840942268104694,0.005071505806689913,0.00416510904976608,-0.0124371526434226,0.005192984298906467,-0.005356646280369581,0.006544239565532628,-0.001567871305494073,0.01080117468652908,0.0010694324096922614,0.005864969365663164,-0.03280695523336519
2019-01-25,0.008425629253550504,0.008109505200218248,0.014052359949161541,0.012633112383579004,0.0012379163107638647,0.012638611212077322,0.010991727208097046,-0.0040508116851381,-0.013782923203013997,0.01881271758434666,-0.004800201375438462,0.014511460180241187,0.007136508739065128,0.002491397885336255,-0.008220764460887597,-0.08101367339855647
2019-01-28,-0.007628920772053682,-0.0030816584553736703,-0.013437277641576983,-0.010061659108395737,-0.011423411644266857,-0.009608280979215067,-0.005809522778818632,0.004243332912452491,-0.004699770263082659,-0.0015068614810629377,-0.0009962320158569682,0.003493810602621217,-0.027028689806628314,-0.0015408353683801224,0.0007858227419181851,0.07995442805090347
2019-01-29,-0.0013278117976520676,-0.003478063915183238,-0.010819420460881801,0.00304524465024425,0.004879671655374729,0.013738196573446437,-0.006505638290795535,0.0023073683326240157,0.0028223130546023434,0.010315959010265718,0.005053185839843266,0.005580978043919771,0.018996504436613826,-0.0005938436939452174,0.0003926799231899203,0.013684335727209174
2019-01-30,0.015706618907609382,0.0057902398750311335,0.030607096317505356,0.01398402558590739,0.013603672444342685,0.015512726237646213,0.019483503821860815,0.006698952411002157,0.007674422648772161,0.010579999527383865,-0.0007439571261018685,0.005710387238117676,0.021277378657777568,0.007922887651507615,-0.0051169949694598316,-0.07995555304664181
2019-01-31,0.008744214498221048,-0.0015409975793319042,-0.0010559211283815984,0.006448868913462302,0.012429577436605221,0.004329022555119799,0.009049849863810522,0.01833602898646358,0.020851297534515645,-0.01506844743649749,0.008563146008494726,0.000481058043325433,-0.004395544401113227,0.002470412659980603,0.001971140674709382,-0.06370837351439951
2019-02-01,0.00048145670863242174,0.004231684149646142,0.005867153787926238,0.01725400236847996,0.0008820864319529775,0.0015311139527813822,-0.014724271150682089,-0.0031897093202757354,-0.003842181991509097,0.0029944807219441927,-0.006058180090793286,-0.00200601872686601,0.02437019883364222,-0.0004841774666148879,0.0,-0.026293187995383605
2019-02-04,0.007010737243349219,0.00421410429153557,0.01592179375723557,0.0023089722188665007,-0.002869318837056767,0.012855583045337404,0.006508977666535465,0.006368494770681465,0.0016485705598334732,-0.0016833956473072398,-0.004474076012040307,-0.0043467903708815925,-0.011240941001516624,0.00235943013798412,0.0027531743715605295,-0.025730937056847925
2019-02-05,0.0041832206062863975,-0.0026796089591343275,0.008379354519793658,0.0015362221808996601,-0.001437560728440701,0.008615592885575118,0.009317962890603049,0.00018661175400636054,0.0020111771633910536,0.007274198309487723,0.00455686238404418,0.002578149168765087,-0.018429660586462226,0.00352790885229215,0.0027457036047966454,-0.010223721723208179
2019-02-06,-0.0013191439534310234,-0.0011507138988431365,0.003360964136082334,-0.00739591244210569,0.004527255763656868,0.0002722039468778803,-0.0041408424930016174,0.00018649008388482713,-0.0005480299331446226,-0.005964498428959963,0.0004963399621829012,-0.00678184686965988,0.002653671033303162,-0.0009395416587629768,0.003909238523509551,-0.012277994727273978
2019-02-07,-0.009578322598546407,-0.010027096428300464,-0.013809211343618788,-0.022363900916217094,-0.01107815935794676,-0.006829908023166631,-0.008240242225421746,-0.0007468644379917677,0.01307200509021289,-0.013931053512682201,0.00658729200128505,0.0024273450059935087,-0.022332326663321744,-0.0034135580281757782,0.002338351633029756,0.062382471131200656
2019-02-08,0.0012206556569482885,-0.005051633834980418,0.005752615450725251,-0.004596904940879387,0.0018919684271674342,0.001507045037540955,-0.004005910246434485,0.004658517800683715,0.004319578507476329,-0.0009481398836905797,0.004260195126031263,0.003791101346321213,0.000902955280678519,-0.00023609432114479745,0.0011670408072887994,-0.040516638661964866
2019-02-11,0.0005543054613346143,0.0031118805888943335,-0.0004415205988088644,0.00475519342053321,-0.001223868529257821,0.005322862985625676,0.0017719102585584956,0.002599380403430551,-0.00035904425156818576,0.0015167437899479275,-0.003931299526231946,-0.004923141507008566,-0.006337702910273357,0.0004721329149175446,0.00388050351600544,0.015778174959947044
2019-02-12,0.012777157656949534,0.014649287586756987,0.013156038559658967,0.012570706484369865,0.013599687757448464,0.015399609825948346,0.015257772474685627,0.007757844773110367,0.0023326073017315707,0.022110712560867274,-0.002546912809635593,0.0021013677593764157,0.01353197175728571,0.004821005607462681,-0.0034918800889651713,-0.03439829279442286
2019-02-13,0.0032417811034175514,0.0026754293356976433,0.001306506989947387,0.012414725638433932,0.0021936179629582497,0.005880694300396172,0.006767727885518049,0.001838073609195412,-0.0028718477757241345,0.0012963553464109268,-0.003791342606352721,-0.0039639080913298486,0.016000368474913707,-0.0014088506715124183,0.005426586784901932,0.014157206457949822
2019-02-14,-0.0022208152034659534,-0.012288654417542233,0.0017386495338795882,0.0035409605573217817,0.002298914003332264,-0.004674982112300441,-0.0036525830473248533,-0.011265882630457025,-0.0016191219259713563,-0.00519578263414644,0.005681675966296318,0.005577307519395447,0.012270039261206733,0.00011762975263884812,-0.0011604446568513893,0.0357741137429044
2019-02-15,0.010838642152631195,0.02102888733113728,0.007931471629849973,0.016007905020841928,0.014974116374982138,0.013299676867451815,0.0068377970298119095,0.009427809021261613,0.003055904092649886,0.01349008372614291,0.0015585081326721095,0.0059471805227806485,0.019836829850731874,0.003166672545503957,-0.0019367802876217866,-0.08421288781128666
2019-02-19,0.001729041916235019,0.0015122838243160075,0.00028742896862032907,0.0030200966490716574,-0.0023724781347400636,-0.0003962439137037421,0.0040805398332168785,0.005138405793058354,0.00590612828380177,0.006221598123880234,0.0025384644679462554,0.015109582852092629,0.005959974688193093,0.00035116064057039154,-0.0038850260747578247,-0.0020140814468496693
2019-02-20,0.002013434097476008,0.006401792806580264,0.001147954246773164,0.004212934314653971,-0.0011880250361615552,0.004746863962668435,0.0019886866604714726,-0.00183235316233743,0.004451246661199892,0.017001501000277308,-0.0028663655708260904,-0.0017378437981703243,0.012653106134899339,0.0008191384753262199,0.0007780907402561432,-0.059533122838662855
2019-02-21,-0.0035623726730147354,-0.0052685609166034375,0.00042996786550331123,-0.015586103220314396,-0.008793251515533562,-0.004086392805621841,-0.0019886866604714726,0.0029300194697308157,0.007257381825077847,-0.003953439539039927,-0.00897880101204418,-0.011370537714507911,-0.004199938122786406,-0.0009360236144617673,0.0007775734940729251,0.030901305111517008
2019-02-22,0.0061803720656152805,-0.001510984741370347,0.012679267122507998,0.0028934343872117907,0.009117381303012095,0.0065823003789358125,0.0054146772836465296,-0.0047651378400628275,0.006153807811875023,0.004311924817798296,0.005939927222706309,0.0035920768439101636,0.005874938848870137,0.0019879708945698127,-0.00038862342704026887,-0.06795605045495368
2019-02-25,0.0013607452319099878,0.004148528266993523,0.00480199417696392,0.001671221411045476,0.0014038487797423116,0.003928705840567481,-0.00333579702868958,-0.005527109496574756,-0.00650664646354171,0.006432988198639578,-0.002965748316111849,-0.0010363715360961478,-0.03231574758733036,0.000817541738673988,-0.0007777880429564732,0.09456972202313718
2019-02-26,-0.0007154366437172044,-0.003015282996068347,0.0021107054158644445,-0.0031930294394455494,-0.003566951602981483,-0.002748449994302682,0.0013535501517387694,0.0005541821945271863,-0.001235704210109656,-0.00571608528372769,0.004938452661056303,0.0016736332310030022,0.005172461541608442,0.0012834350453889698,-0.0038987457198986775,0.021319907452800102
2019-02-27,-0.0004298743560209317,0.0037677678654777225,-0.000984640492430966,0.003800186550348972,-0.00466710460590658,0.003924418437015298,-0.0007214638071952884,-0.0014781867009605598,0.001235704210109656,-0.001613436730261597,-0.011394011982751806,-0.007112343678443267,0.022109763206884736,0.00034944800873937254,0.0007810013436437835,-0.03147231758017588
2019-02-28,-0.0018640703255883295,-0.002635971013829952,-0.0028182342686990935,-0.010064235525006904,-0.0029417628196064527,-0.0034001439580038095,-0.005429450840945815,0.004796160735308419,0.00580509181114186,-0.012276671179829002,-0.0034106526620094613,-0.005629776625606375,0.005033522838837179,-0.0005828334619213393,0.0007802158241427826,0.005427416643624117
2019-03-01,0.006224351941770401,0.006389925220910975,0.006750420638293342,0.01822393858963478,0.0140849357766335,0.0009162835114304713,0.008043047613322418,-0.0018418833487547914,0.0021029365927232035,-0.0012726425743192493,-0.009285869805257363,-0.017163968380321748,-0.02456709458053652,0.0028307583360742683,0.003892587828172811,-0.08541344609538015
2019-03-04,-0.0036444153716139738,-0.006389925220910975,-0.0037914312699172115,0.0018041721385433362,-0.013648464007596672,-0.004459603636792764,-0.003155276262026163,-0.001660841253947165,0.001748823173949976,0.0045368399794711856,0.007807235397036649,-0.00262898361774333,0.01193537979968351,-0.0015197120053409563,0.0011648628121596616,0.07521277149660488
2019-03-05,-0.0013608410674423865,-0.0037778146292875014,-0.0029589893683761304,-0.003310246278993567,-0.0005453118762126508,-0.0064621228708832135,0.0025249875236705854,-0.0007389997825129058,-0.0012239055006229016,-0.004718594019342159,0.002088358946388702,0.001315387092919451,0.0016934385237679095,-0.0004678402784561442,0.002712631509826924,0.0074906483788721445
2019-03-06,-0.006075336066345471,-0.00645543897537193,-0.005235418526628788,-0.012741203402528267,-0.014730336390120335,-0.009438450231001205,-0.004694274633521456,-0.0014794676891281,0.0,0.002180319656209573,0.0036645255846190494,-0.0009041270457164075,-0.00593974556919008,-0.001639993019276531,0.0,0.0656403572145936
2019-03-07,-0.008400608080849636,-0.010338887656371476,-0.009550666016766574,-0.0059706516703141865,-0.007893994702464546,-0.006028579861137473,-0.012199899363836586,-0.0064988564358774426,0.003318598406311324,-0.008201759869719716,0.006463957461835257,-0.0008226265106170416,0.005093425149729214,-0.0007035554835397306,0.008861537004446252,0.05259488495209119
2019-03-08,-0.0020021196318316115,-0.0003852171041072161,-0.00014280779310738012,-0.01891268845556926,-0.002123167431749451,-0.0020178236276438,-0.006985782422115783,0.0005584799437747812,0.0034809601555743086,0.001645677514132693,0.0042039334556163155,0.010886084259377427,-0.006797042099549344,-0.0016435790711248899,-0.003073254324791108,-0.033091311359080056
2019-03-11,0.014397303972875086,0.010343101703619517,0.021258929987698405,0.015528364281625073,0.011344792927117986,0.008447403218819538,0.013650353894081313,0.012948734477959523,0.007099052646867943,0.014151179166864924,-0.002965559797379669,-0.004896357818092056,0.01102174098127584,0.003284593298976901,-0.0023113289350145116,-0.11335356552484654
2019-03-12,0.0037638848147594217,0.00228401094190378,0.005872639299398852,0.006450564149649729,0.007272867071831612,-0.008312638829078622,0.002816843650425671,0.0003677873561858114,0.0068776135956603035,0.0037761048658175866,0.006988398019307063,0.006035459879401905,0.0025263749559822912,0.0017552792936008643,-0.001930138594152364,-0.03986289053189651
2019-03-13,0.0065975538919147425,0.00682073253474158,0.0065310784924044185,0.010053665188364036,0.010702071747348718,0.008712902515891408,0.003532435333400752,0.005679351164285418,0.0010276978929351088,0.004834099810702597,-0.0018866605133736059,0.006968612448215339,0.02491816949254666,0.0026847177173223713,-0.00464764192074707,-0.02649166006918957
2019-03-14,-0.0006400671700754756,0.003769601737926287,0.002075302921773492,0.0010603114825240567,-0.001630433785758001,-0.003342129532223126,-0.002988102479482002,-0.0009142133242225903,-0.0001711684846692485,-0.007529576887825407,-0.007248931036780704,-0.011614284265949237,0.0024580665250812928,-0.0006991888517235978,0.003100826770258802,0.006688999529461004
2019-03-15,0.004928256410692278,0.006971017872696272,0.012032650629181685,-0.0003968909829308309,0.0045871089393374476,-0.003534634077657195,0.0063946937448431385,0.0056467599040366245,0.0036154740474727554,0.0012459927293315687,0.006592668064237195,0.004564337107022531,-0.0016380394900279427,0.0009328881539669709,-0.0015492114947783797,-0.047013955883011604
2019-03-18,0.0036192683293387873,0.010087914631189854,0.004238244965173887,0.01379520687176683,-0.0015234380388475799,0.009683885318465535,0.009627986707914982,0.0014614287982590568,-0.0037881541957247578,0.0023437944689730372,-0.000575339727765467,0.0005690800870326029,0.008976038178620804,-0.00034961601105720774,-0.001163420015048544,0.016936529765559705
2019-03-19,0.000247907388073898,-0.007837108293901718,0.0020443686501523395,-0.00271340987609614,0.007916722637062001,-0.003620476331128053,0.005002326709096838,-0.0007302360550434095,-0.011450415582805906,-0.001261378892609244,-0.0022214295989053667,0.0027594883221055966,-0.0024400733098479677,0.0005827349892495448,-0.0011648628121596616,0.034512054130501735
2019-03-20,-0.0030139356102392156,-0.020822348739720553,-0.0027266066546953738,0.008717759769618194,-0.0069370562301642735,-0.006874957639780632,0.0014245485694459603,-0.004210850397555532,0.002614089126513175,-0.0009019714275404489,0.010405914563481389,0.006463126873943459,0.017756743334277125,0.004303745476667231,-0.005844578617188567,0.025483681508263523
2019-03-21,0.01123121086401735,-0.0030653836803167245,0.02480921184786089,0.0070093360625209655,0.00390806642362751,0.009558037108035045,0.01360912688440763,0.011672708193915415,0.01055997892222127,0.010591741327555138,0.002198765706632244,-0.00403454108769985,-0.0048115907284689285,-0.00023244497401808673,0.006232987794611233,-0.02033474086100373
2019-03-22,-0.01943428079657128,-0.02801719098950306,-0.023853964891954238,-0.02741967808938872,-0.01836936670464162,-0.022902366898319926,-0.020036002162950428,-0.0012701020522247752,0.007206859228025664,-0.03027518499596482,0.015415050021473142,0.002342023390243142,-0.017025141310279324,-0.0036047657243880593,0.0019398736497855396,0.1898742425997102
2019-03-25,-0.000751996855892223,-0.0043504495278328115,-0.0043743274650465125,0.00045796278440590754,-0.0005518993451287812,0.0023278066140557385,0.005892744196255961,0.0019949952951838767,0.0008545352934210548,-0.0018423284442468102,0.0016006986470777917,0.007633907060241363,0.001634024721228755,-0.0003498313963330446,0.0,-0.009143594394041
2019-03-26,0.007426381986091357,0.011820452826099004,0.005464621358727495,0.014249180083035107,0.006822552963086537,0.006678968512383143,0.004263998577849648,0.008480216198209156,0.007148554018735265,0.0060668632840221726,-0.0007199482503805754,-0.00497549468884273,0.017799844114906094,0.002444352777103198,0.0030960266452666474,-0.10651785833545224
2019-03-27,-0.0052428902536725275,-0.004317916771990671,-0.005738604448921603,-0.007099010383999627,-0.008369512645641564,0.0010861537889139683,-0.0020406938673467323,-0.0034193720078281586,-0.006978125933144508,-0.0012838186518950856,0.009160082509276357,-0.0052430167604846645,-0.010479750263093557,0.0006972437010190902,0.0011585649907055462,0.03151446280094783
2019-03-28,0.0037832540958451233,0.0086172692690063,0.004102440057446977,0.003782310005255418,0.002540273682037686,0.007301303728073805,0.006021823464035236,0.004855529601481834,-0.011854699558639936,0.00967948162448895,0.0034828946797054172,-0.014253957303042242,0.0008100631196734653,0.0019727897866310684,0.003467489446081551,-0.04869111284137606
2019-03-29,0.006285572771593806,0.0027262582610250163,0.009777289933548872,-0.0015110321479272493,0.011951285792382471,0.010719586476520604,0.005195808441127436,0.006615984217482218,0.005343399410635108,0.008686097783453306,-0.0009487865267496787,0.0009019770912033209,0.012072550346033495,0.0025479066493190317,0.0011532208658286969,-0.05118389757783959
2019-04-01,0.01178946997331387,0.024209103855404646,0.013556586539288151,0.01307163379783427,0.001524720435925886,0.020447991517325015,0.010919613379206439,-0.0033918199682196892,-0.0069000052843883886,0.014844401492409176,-0.014305763757918477,-0.003941890257643799,0.025277783379604735,-0.0002443566713070666,-0.0007686082801598992,-0.022870817867667093
2019-04-02,0.0004895654993193332,-0.0007597546992754722,0.0034600850430561714,-0.006890121769163482,-0.002288094715288125,-0.0003920804722046256,-0.00017403271313964908,-0.008260433089741781,0.0013838976436613137,0.0033672479434350144,0.0018476560762872296,0.003695988550421525,0.014711882429315537,0.00046472861047952563,0.001152604335006746,-0.002989536078287003
2019-04-03,0.001572329327215627,0.0030349821863002724,0.00807150466344142,-0.009666448272478423,-0.0013096079117920212,-0.003008747121377553,0.007014124729483928,-0.004880104951383579,-0.0015569575977969485,0.013007758901902644,-0.008705695388382395,-0.0014767440573919544,-0.0015384970545166965,0.00034819298168731194,-0.0015372169206755437,0.028046127725448233
2019-04-04,0.002650351473399759,0.006042140942509544,-0.004226436900373276,0.008312668770479092,-0.002077382950734119,0.006139308866417004,0.008078475647294692,0.0037981575678487367,-0.0034685816639461464,0.010078373737660407,0.002829757797378818,0.0025419025120267946,-0.0054033088030998044,0.0015085647397814483,0.0011532208658286969,-0.011713153623697625
2019-04-05,0.004828450473933543,0.001505053491202002,0.004753286894518816,0.017456525148142887,0.006871230032370335,0.0028606894355149848,0.005888445517031826,0.0034236016867317254,0.009337855014304175,-0.00034567868598589513,0.0012907678555373892,-0.0010651584546348403,0.017645225355108707,0.001852602108219692,0.00115180588157493,-0.05759168882457821
2019-04-08,0.0007618077176410054,0.001126977239804372,0.003812424330235764,0.004427668038284871,-0.00021718651860602733,-0.004294052950929661,0.0035676175720604775,0.004128878366050248,-0.007081863360803631,0.00034567868598589513,-0.0035537045749505225,0.0043355523546013686,0.018832948874306865,-0.0005786792248709816,-0.0034595790672060645,0.027694124540960097
2019-04-09,-0.005137748175157775,-0.008295580185713636,-0.004734835299312845,-0.012297304828710498,-0.0026126557996697386,-0.013656097136070855,-0.009028284789943442,-0.0012547645399734186,0.0024237114269807236,-0.0072880013191301,0.0031506704545698483,0.005210460213683987,-0.005237550021834458,-0.0006948313746777401,0.0003850568119312392,0.08015938598312067
2019-04-10,0.003405280555771384,0.003024737825570778,0.006963076026932136,0.003719760267046013,0.00032670833359649265,-0.00026420287534101305,0.004779738320282334,0.002865711404563598,-0.003117174274231971,-0.0005224722984595864,0.0024169839547178995,0.0030808947099307815,0.005983557447781784,0.004392876945262358,-0.001540856665450896,-0.07109588864326621
2019-04-11,-0.00027772339811971136,0.006021674183176895,-0.001309865055127979,0.0007421065730413012,-0.012389508993644327,0.008558649570269417,0.0012764048639342107,0.0019655733390884222,0.005017547704222025,-0.0005229762715055486,-0.0058916434702522835,-0.012872932029622142,-0.010494803074674763,0.001497792928313757,0.0030792560131134294,-0.02127737762975279
2019-04-12,0.006742963885231212,0.01821951962520707,0.006923853044286332,0.0026681108258270747,-0.009199488247621623,0.013155678796680448,0.006188776594918011,0.0032079925362871187,0.004649082597192766,0.013162648818889178,-0.00714761495279248,-0.0009844542413608437,0.0022581667284269358,0.001496392106611566,-0.002308574366133964,-0.08074701678942553
2019-04-15,-0.0006548951655380719,-0.006283549137147126,-0.00039055890025041506,-0.0059380728532816285,0.0040005678591858995,-0.005579776413249249,0.0020264360955124516,0.005854805594606827,-0.0001719157712098962,-0.004656442536252303,0.0025238460299181753,-0.00188968841218351,-0.004521516346960297,-0.0006906475206172047,-0.0003852665797166033,0.025484278185115006
2019-04-16,0.0006548951655380719,0.013991612821705246,0.005066776467211209,0.006530203005840285,-0.02073068945719303,0.0060972099765557175,0.004376506304348382,0.00017666357701440205,-0.012448118168328026,0.004484336856256377,-0.006281187966797219,-0.009004202217837154,0.009770849332607412,-0.0005752901511328901,0.00230954969172803,-0.011428645997378695
2019-04-17,-0.0024498869172653315,0.002556021755496296,0.005556150485229949,-0.0013326494476939565,-0.029180330731362503,0.0012925244901138555,0.0019294096748110334,0.004940223228451224,-0.003834702447643945,-0.00621454460997839,0.0004091013119680298,-0.0019104067944004655,-0.006754258613625552,-0.0024207722482652017,-0.0007691994932890189,0.03390155689557384
2019-04-18,0.0019673926620376037,-0.0029218386411380415,0.0028314934020952087,-0.00475103379670605,0.0016308501366619765,0.011429868475643978,-0.00033526439564468546,0.0008793150507360181,0.0005237882411601724,0.0012117726741944779,0.0052209412032926394,0.0007480072379886238,0.003007518260451647,0.0004614774888462847,0.0053720990543277836,-0.04131816698510571
2019-04-22,0.0008614419928285599,-0.002930480962299864,0.002310443541101659,0.02091403719861784,0.0005814578849943075,-0.0030693758741611177,-0.003779935655285449,0.0003517537008548288,-0.0008731884854422667,-0.00676814898711342,-0.004812238132237745,0.0,0.025937014115832824,-0.0017322885167505575,-0.0022988447295366754,0.02692940540046118
2019-04-23,0.00895162409734418,0.0062169100658668874,0.010838295646141916,-0.0016047952696629508,0.01569581512277729,0.008672774987077858,0.011879898548812662,-0.003169185555147447,0.0027912074613269944,0.004517057732713159,0.002123212764389315,-0.0020790892290234453,0.008740032721951785,0.0034611288413080032,0.0034462452357013618,-0.011336181674183265
2019-04-24,-0.0022217170894842653,-0.0010940109140453735,0.0003802046355176891,-0.017673418988108036,-0.0011457223942130668,-0.002925224360944334,0.0009143083587952461,0.00211387880108882,0.00642541168055466,-0.006259621902370949,0.008126175984416228,0.0029095034311525936,-0.008008754536357188,-0.0013831308722611624,0.004957255022681739,0.067689138210548
2019-04-25,-0.0006164118747147285,0.0018229525062958274,-0.00025355682146699365,-0.003125181699096924,0.0102644516098378,-0.020327475801672712,-0.005248365613280903,-0.006354679474966041,0.004145631444745668,-0.012815275708829788,-0.0014580985754273357,0.0008297251865103661,-0.011025512055932829,0.00046155820108051415,0.0018999803368449086,0.008336513247703792
2019-04-26,0.004646034976536484,0.00906611362157328,-0.0038110875229451224,-0.013052654552284437,0.009935923717293349,0.007510288600910187,0.007903870201592333,0.008990901770655313,0.001550581951476726,0.008269634976945106,0.0033981682091708265,0.006613259149985673,-0.033060830868005375,0.002532671329414704,-0.0011396407310702017,-0.040036175822356856
2019-04-29,0.0015663543599844232,0.010057542624261284,0.0002542143862802604,-0.0009063293224995661,-0.001799416253570385,0.0023192617832501483,-0.00348669640035304,0.001227695114702776,-0.0058692733503580286,-0.0019293784929725888,-0.006401502913128354,-0.004459139554906066,0.010638351947798164,-0.00046000297601800355,-0.0022830132797460045,0.029413894977880606
2019-04-30,0.0005104838210190366,0.0014284917936846497,0.0016534032310260294,-0.0007558758171843927,0.0046044049061189085,0.003981803760109592,-0.0014979699069419539,0.011502331082180017,0.016313533228934585,0.008566147025429682,0.005108363777564406,0.003057434262503378,0.004524926328366874,0.0001150690102145191,-0.0030523206550308046,0.0007625032055571523
2019-05-01,-0.007544610009613706,-0.008241933001744695,-0.0025447830862286303,-0.020169074782717455,-0.0017942744731298532,-0.006558749531981434,-0.012234154811214815,-0.012379195133788379,-0.010272294753468802,-0.018268727460325707,0.004116808726850607,-0.006622502907560168,-0.005281015232410979,-0.0032855736760142307,0.001145733852989661,0.1204894188642478
2019-05-02,-0.002161516804036978,0.001078901731091264,-0.005235899528935661,-0.017595160420160738,0.004255589552550454,-0.0005164525885641424,0.0007584848775987751,-0.0003508310630944145,-0.0022396680136509417,-0.005154240550536926,-0.004773492468726381,-0.003827907452540913,-0.03072442693453059,0.0006951255235927434,0.002287365215698056,-0.026011056509914532
2019-05-03,0.009740203710655315,0.008946150966046229,0.009430634544989935,0.009225626727451974,0.007571244985387082,0.012062191472175243,0.011725283999687974,0.007518133329980525,0.005503773971959003,0.009752319497927875,0.00283426363163386,0.005902166622600014,0.00389258502810641,0.0025446675116134188,-0.003815359762367354,-0.11371712443167814
2019-05-06,-0.004123522912123256,-0.006791911698045272,-0.007767389669508962,0.0009334240343568112,0.0050886934233886905,-0.009612628050470029,-0.006096432089349513,-0.001568823050002166,-0.005503773971959003,-0.014396196664745453,0.002745936516107328,0.0013252386046360698,0.01542049157083003,0.0004616492152917928,0.0007643753199557679,0.18206250470341523
2019-05-07,-0.01684094282213877,-0.016636888091546176,-0.021709042091832664,-0.008745862634011115,-0.0193877415932171,-0.020425972701574757,-0.015279375740100853,-0.009994206940639572,-0.0031094276756284955,-0.017699630718337467,0.007631664536041249,0.003305527606358716,-0.02635812767692247,-0.006021958382709691,0.00076361922671353,0.2241792955691415
2019-05-08,-0.0013903008643607606,-0.002190658097974474,-0.0011765435091168897,0.0,0.00213561643428406,0.0,0.00034014027546458436,-0.00017600978522791522,-0.0137622689645851,-0.0009114277872250831,-0.004330738676086909,-0.0024780734551379524,0.012490466976035286,0.0003482358939930208,0.00038150495467537127,0.004132233417370568
2019-05-09,-0.003030221819721568,-0.002195307540214575,-0.006823926673445335,0.0,-0.00213561643428406,-0.0014469755098431847,-0.0040898955499750755,-0.002117398321637598,-0.0012283010139855222,-0.00787315054804516,0.004090829885400105,0.0023955509816442344,-0.0062256949203041145,-0.0015105488910140963,-0.0019094995013446692,-0.015584691381073323
2019-05-10,0.005011092778259396,0.006571835241305557,0.0031555218580394673,0.004694882300595449,0.00033731668689096495,0.003941028489943932,0.00145046476466959,0.012112951944770689,0.017754937004514026,0.013511026360069511,-0.0013617262697041,0.0018959191232168493,0.0023391614800010174,0.002787479377242441,-0.00038223427353489825,-0.1746026955086899
2019-05-13,-0.025451831284792448,-0.02954444670365941,-0.0384017778743333,-0.017323325113197896,-0.018961184830100564,-0.028863847134821263,-0.030206757729860367,-0.0094672095503201,0.010640432551645596,-0.02274476342398879,0.00782534928849632,0.010159840539079035,-0.012539337069036982,-0.00920387350254881,0.0,0.247775244300104
2019-05-14,0.009003487373445473,0.007840604668289064,0.015967712091787156,0.012157657179775683,0.005030535721216367,0.010337644063755036,0.010054389196057834,0.004744848810262603,-0.0066798978544877485,0.008498031224746683,-0.0029475431779921735,-0.00171336954431478,0.014873039639397234,0.002220976189314605,0.0022917337748795674,-0.12916138539869282
2019-05-15,0.005840011120413102,-0.003725862069163366,0.010815424040881538,0.005165667933422213,0.00296097883688784,0.0013347919702058064,0.006762774766152724,0.007858176785425997,-0.0017199302275954231,-0.002578752820034058,0.006123417312196011,-0.0005717761663674992,0.007740006200574356,0.0009337359450860561,0.00038144553339014564,-0.09398209630425258
2019-05-16,0.0092189713792461,0.010027721443666593,0.009121413255396504,0.005449320879813424,0.007815940008359945,0.009161663987618418,0.009203093165356169,0.007796906999018027,0.00669103177195618,0.013919484528467141,-0.0033349889687768197,-0.007216080906090383,0.013022020267985823,0.003029122209819768,0.0026663099879469243,-0.07251840466721582
2019-05-17,-0.006486241110362556,-0.006674097895263742,-0.00805977333288821,-0.010144203180408873,-0.0021465228133958902,-0.011164406093931767,-0.007648780479533546,-0.0032844354466425862,0.005116922879070174,-0.006020056119819817,0.0022247104689636643,-0.007102776783024289,-0.004576698988344674,-0.0003487134512170087,0.0022796292415541153,0.042886576965750045
2019-05-20,-0.006634140642074904,0.0011153257443106135,-0.017531457717827603,0.0004702331423409589,-0.00045259529376728835,-0.002543252120221773,-0.007099887104341729,-0.0024272433054264297,0.001360053637823544,-0.014375473042411713,-0.0020655956343906823,-8.290551782685895e-05,0.005337389418485827,-0.0009317561875663571,-0.0007593562877925564,0.02169278947691522
2019-05-21,0.008975175016630033,0.010351522034063088,0.012210758190467352,0.011535687519909299,0.009345638721202754,0.01172285832800224,0.006927281521444062,-0.0020852282469490113,0.0018672306222047297,0.015289901329549771,-0.0015922139339714647,-0.0023236423674717344,-0.0015220325839759852,0.00313969490102739,0.0015180508114767122,-0.08706709681022895
2019-05-22,-0.0030758659080953876,-0.005901808716831436,-0.005215044371381428,-0.015620400213113061,0.0056991981042724404,-0.008244577998631542,-0.01032147189871191,0.004512471552375441,0.007433688574391084,-0.006971188861410571,0.005719072887828247,-0.0009975291545627485,-0.030153064852282085,0.0008125036736847946,0.0007581193426626776,-0.013468204292681474
2019-05-23,-0.012293917447315117,-0.014158433173789398,-0.017718573896498224,-0.034107631104339564,-0.0034602414384226066,-0.015339033499037313,-0.012457356726802704,-0.00034659469856679337,0.008547689416579018,-0.015397772733452442,0.01118493783403629,0.00770477545364745,-0.052367954930709004,-0.005000697267808718,-0.00189646277105604,0.1372532759013465
2019-05-24,0.00226576827117686,0.007849070581376072,0.00027286154643002547,0.00373931065061317,0.001452517647228646,0.00040638207504439805,0.001323319148335056,-0.003644021199276537,-0.0015030507754119071,0.005592860390269294,0.0008612103210587918,0.0010723379767867414,0.011513235021806345,-0.0014002761881704018,-0.0034226540108162062,-0.0653268342963953
2019-05-28,-0.009343875273984281,-0.0116082215088964,-0.002869267077066695,-0.010440378279606755,-0.014395052516790408,-0.009259473481340486,-0.006633960446445375,-0.016477447830738345,-0.016515250473866594,-0.01008981325636027,0.007173802154350817,-0.00388222691557516,0.0,-0.0009343902089717915,0.004181636517428089,0.09903135653868844
2019-05-29,-0.006733454672286143,-0.0018849704399617195,-0.005900451624807346,-0.00641621750106891,-0.009675369935806977,-0.004524373150418093,-0.008914275462305277,-0.007272581400465494,-0.013342887154947025,0.0001879776216022755,0.0030262778384892997,0.00033099640161360355,0.000817346115176143,-0.0026915565948142373,0.0022736681374668777,0.022599810606082738
2019-05-30,0.0027272598464733733,-0.003402290641265626,0.0061741336916179,-0.012789826920767133,0.005475449573196123,0.0038403613849302687,0.006515142309681199,0.00426364880303387,-0.0015509723176765355,0.001688224746341671,0.008561507065406815,0.006761236816409166,-0.040005296451462335,0.0021068412384011026,0.00037841413843331395,-0.034094234132365564
2019-05-31,-0.01356685996698559,-0.015261709863152007,-0.01682789169195953,-0.01770831998497835,-0.0071921620391623975,-0.013783818764230737,-0.013163314267940596,-0.01428323793120212,0.004645882923766553,-0.011310214959042497,0.012441807554162132,0.013386857013474085,-0.05775881924829118,-0.007275515638052177,-0.004170623781143856,0.07835163395029676
2019-06-03,-0.002545776827252766,0.006514797760912572,-0.017682499352436487,0.012680793278208924,0.0024027113916940124,0.006777584825509386,-0.008418352596055723,0.01250914546652071,0.009908017968602412,0.030984289810872756,0.006666488431336326,0.014329650783140302,-0.00995939509577326,0.0016075646021391776,-0.005333301040939098,0.00798521821405318
2019-06-04,0.021473937474167926,0.026758956743994755,0.03286773108947827,0.017157042413927126,0.016437847607272182,0.02356925408182775,0.026727923105049012,0.009016169722485312,0.0008495176904643742,0.02773169252963603,-0.011467112184437411,0.00031967486235551235,0.015350195691257618,0.009990987771662851,-0.0011466095934906662,-0.10559627078371792
2019-06-05,0.008624841549857543,0.006301859374503227,0.012931833807527937,-0.011127001136991943,0.007504890372393547,0.009647666600026916,0.004944175889080693,0.011374446076835909,0.021173603939402597,0.0073024618074168934,-0.005667606877673315,0.0025536658304687876,-0.03557140960852756,0.0023361593312500872,0.0034357201539072513,-0.05324906829612708
2019-06-06,0.006481864572783991,0.003688594441717985,0.011563553157006634,0.018367246348022004,0.005120039440901003,0.0017320170834178583,0.005094863528359639,0.01038620598031148,0.0061333264021721234,0.01182001067660332,0.0032208634226611466,0.0032623544765035817,0.026570500362327998,0.0020983861885186528,-0.0034357201539072513,-0.009993827408434353
2019-06-07,0.009957139670667914,-0.001473434867099499,0.018412402403021666,0.004580706773641641,0.010382408318613479,0.007955470463198111,0.014353584503567163,0.009597401219671564,-0.007464334296051867,0.008904327883389573,0.008614090759524018,0.005624438342681337,0.01525369395356524,0.002558786359911025,-0.004215461458661807,0.022960917927357993
2019-06-10,0.004578722284949599,0.00844493172763583,0.010185359228277235,0.002933618613393474,0.0029623310982067608,0.0013197049102915415,0.008428778108822144,0.000341275139500663,-0.006849960810995093,0.001736588391415772,-0.009456630933893706,-0.010003215486539041,-0.010743155238380098,0.001508864963112977,0.0011514504964953431,-0.022333413969307436
2019-06-11,-0.00024238776753993108,0.0003653636575218222,0.0,0.0019506611831348053,-0.0016446243886889533,-0.008609891875678954,0.003846497352506084,0.0032339584067830884,-0.006053324277379701,-0.0006941508798781193,0.0006125657624069802,-0.0011975692988466236,0.0,0.0013906021437222194,0.0003835800773028808,0.0031318654944949564
2019-06-12,-0.0017667846000444243,-0.009917463455491049,-0.005602073316319345,-0.014231070622748643,0.004816601235199336,0.0021263474389536796,-0.00025597799632581797,0.0015285630344434864,0.012903285088374794,0.003293621190409546,0.0007657539270757852,0.005179100221238464,-0.04322505656872622,-0.002319133273904761,0.0026804308848635827,-0.005015679772797377
2019-06-13,0.004117534862775329,0.0033167080227456402,0.0030004276321546897,0.011629084758649544,-0.0012021424339065945,0.005032169477347637,0.008920884046610844,0.002203528968509616,0.0019960860738073016,0.005867204808874593,0.0034377966196439402,0.006100693501630339,0.02230573576558914,0.002319133273904761,0.0007644949672145351,-0.00567288971000135
2019-06-14,-0.0011054642033014872,0.002205069725091935,-0.008766033230453552,-0.006535042632280774,-0.0022986755592091512,-0.003971029886838728,0.0021964798757103665,0.000507908255097167,0.010414088738706528,-0.004310790439081114,0.0025131613111346596,-0.0003160129284811575,0.005499506691383438,-0.00069505935009051,0.005335333934776809,-0.034730176786336386
2019-06-17,0.0003803612491557473,-0.009219920925282121,0.000788581989560555,0.008324693931427873,0.004483195318472077,-0.0034533419979627666,0.00042206149933932124,-0.0028812495021179885,-0.0027995576417101375,-0.00920043030250195,0.001747843790425918,-0.000632265286402145,-0.011954088169074062,-0.0015078796410303852,0.0003800817324384198,0.004570732621987261
2019-06-18,0.01041641664478643,0.013250242975413773,0.01795735518571817,0.013721921400152048,0.008473721215337626,0.019241253122385338,0.007563598172582786,-0.00544595753034649,-0.0041311566184791815,0.007817028104450952,0.004999510222114978,0.00504732439223865,0.03989645818185661,0.006939240323432294,0.0015185415052436646,-0.013114992108795853
2019-06-19,0.0022542688962303714,-0.0018299438826927528,0.0036048072370293838,-0.0011228892616355068,0.008938456640126269,-0.0007836715978832842,0.0018402168811677555,0.004087206774414209,0.007588231638671061,-0.005552519391533117,0.001434696961366555,0.00603897083808036,0.007085939655686602,0.004714676685745545,-0.0045627319857661774,-0.05564527025984933
2019-06-20,0.009509169290109476,0.004385965638189049,0.01454304366788195,0.021909043355521796,0.004386590283115943,0.016583401980779122,0.006912537678829267,0.008798901359836186,0.006388823649398745,0.01262211297239535,0.0026374680801328765,0.0248661554938181,0.04487383146656221,0.005035024047616687,-0.006116151038770834,0.028887846269820106
2019-06-21,-0.001454750576977304,-0.0022384177776646474,-0.0047392541107158515,0.00720017979914811,0.004790918307381098,-0.005344113176177778,-0.004641213418405066,-0.0032472739871889367,0.003860403334288609,-0.0031855873252819578,-0.011047934996897268,0.006613693416667843,0.010075642105374705,-0.0032010326204767736,-0.004997184600533,0.04312440186299282
2019-06-24,-0.0012251336812898472,-0.004049408100675667,0.0019132712964591292,-0.009008354416645492,-0.0052414477932432035,-0.0019477438388548762,-0.005369119299736269,0.0025510070440040167,0.00032804120988627616,0.003807740045247421,0.0074285253109147575,0.014741593126273322,0.003336113271444674,-0.00011476495070539272,-0.0015425523400223184,-0.00913244379370104
2019-06-25,-0.009856295547911564,-0.0033251362867123824,-0.018523490113472096,-0.007969517211626975,-0.004083847894227333,-0.007568299755079444,-0.009635801668776978,-0.0005097747385285345,-0.006083321897728311,0.0005181398305382778,0.0030926134691888763,0.0019392450876951628,-0.0008330053614971078,-0.004246053330554389,0.002312937126279113,0.06470236189651501
2019-06-26,-0.0009980104008056045,-0.0018525076093638404,0.010718542196269443,0.015245814459815321,-0.012679761015468749,0.0024856480735406805,0.0032223072417689735,-0.014378807716450837,-0.022008189146752954,-0.0017279248871000519,-0.006420739463591119,-0.009207653748306122,0.02387927068603979,-0.0004596092531752305,0.0007699654121822164,-0.004309123483222432
2019-06-27,0.0035402292460746665,0.008859513670593788,0.0025660272959378005,-0.007434958805859537,0.006955905559062003,0.0009141922792146318,0.006245028508196526,0.0018947208024644446,0.0013479388927502,0.0032804329644986474,0.007022255594515414,-0.0009781791081797664,0.0,0.0027571739782459304,0.0,-0.02435333621941016
2019-06-28,0.005132040683471395,0.014231129435962497,-0.00012813471898365236,0.011524274293324588,0.0033518282946101152,0.010517300176696054,0.002856322550377044,-0.0006887035187821411,0.003864499291922119,0.008411526649318546,-0.0006771282315654048,0.0027063662544692946,-0.020551483761718004,0.0003442883739266378,-0.0007699654121822164,-0.04790558552847335
2019-07-01,0.009037822630670433,0.011885670349890631,0.01576429195692919,0.0009412676549365173,0.0049530737837777394,0.0009039160408867986,0.008770406418988408,0.006009230115830988,-0.002518454519895297,0.007662936870182602,-0.0023417200674229477,-0.019559428102496668,0.01973746426165679,0.0002991849975426675,0.007289464972674686,-0.07003544129329597
2019-07-02,0.002600826240345633,-0.002509585663752034,0.002645308256719492,-0.016124139727424325,0.00535613916411215,-0.0012909444416937532,0.0021598217909151174,0.008692027640082589,0.013525766822699126,-0.0010185024338507098,0.007683732801178955,0.0211348135480538,-0.048383075472393955,0.0021861564340959205,-0.0007647873712524067,-0.0837836998413195
2019-07-03,0.007963735406306682,0.007865989020880981,0.0076444314237118505,0.003976227747572558,0.008510941308854214,0.005540492953671539,0.008675077574318735,0.01231151481874937,0.006942147707734936,0.005081280742813998,0.007103497169713258,0.001647702692010533,0.005965134663010296,0.003785673023672942,0.0,-0.028237218061863523
2019-07-05,-0.0011391882572606704,0.002844674118629431,-0.0018739599907759974,0.0014272588072157255,-0.006909411655316333,-0.003991735671988295,0.001151167319828339,-0.004367598834012387,-0.0004941053535927331,-0.004571862623365508,-0.013351322678030186,-0.011212861349997993,0.01517730225184799,-0.0040152949686440564,0.005341526878398728,0.05494612561664569
2019-07-08,-0.005509471236122998,-0.004984026529612162,-0.007659335972952874,0.0014257212574779743,-0.007494799241389849,-0.008291041560696932,0.0012318534009914117,0.0013458144126130556,0.0014821298004528138,-0.011608205249001191,0.001358129380173878,-0.0064533961744341894,-0.0016750007260837307,-0.001956534489124806,0.0019007884692969768,0.049936976126121024
2019-07-09,0.0012454533294361525,0.0017832275336853165,0.0035229994709093937,0.0007909601940543354,0.0009667195176188415,-0.0022139830944647443,0.001066180557948826,-0.005901589636992277,0.00131533034389264,-0.009835561909282031,-0.0003769868924710096,0.0034976216131425986,0.009178175021962609,-0.001152621962395628,0.0007593562877925564,0.009269236673287828
2019-07-10,0.004766824195621133,-0.0035692520191727972,0.007881155260472728,0.012729032188056433,0.0034299931270362904,-0.0023496117908994307,0.003600806553343716,0.0064059578211645984,0.002298216848631185,-0.002082716066474699,-0.005521844963944034,0.015664164068756037,0.03989131088449671,0.002763987571880122,-0.004183398383863501,-0.07821096609673672
2019-07-11,0.0023413231890225816,0.005704178673410443,0.003731350433635594,0.0020278698444649024,0.00021394417114617426,0.0067726870850499665,0.002039924147336336,0.0025174162372270104,0.00032804120988627616,0.004334575679205699,-0.013440882553994449,-0.008479433149487292,0.0015949331789713028,-0.001956508451819161,0.0,-0.007704154257454299
2019-07-12,0.0044670717582153685,0.006731595920019817,0.007298249941267709,0.004198535645371759,-0.01118800885486504,0.017371625132217794,0.011428849975200883,0.002845487778658562,-0.006577997775203848,0.009813246043429036,0.0011528114859702399,0.006235244213343094,-0.0023932785412448254,0.001611156660439761,-0.0019072280577714373,-0.042660493035198144
2019-07-15,0.0003323785956528269,-0.005665723578330617,0.0033221488996293402,-0.009040937006561833,0.0021614086790258114,-0.004090664406797728,0.0032186022312474805,0.002337165860363033,0.003951739716686387,0.0006850146040111582,0.005742706148671672,0.0,-0.017728124349273955,0.000690520671019712,0.0015260733367288282,0.023136249725854263
2019-07-16,-0.003230445925329839,-0.0024887534150566104,-0.009379167047957715,-0.010705460865385596,-0.0049777288929160335,0.006384507297589437,-0.001286250266975486,0.00033327130752169865,-0.005768404479867595,0.0023940873626471237,-0.002982357751884379,-0.00849856515023717,-0.018876268059657697,-0.002071781591546973,0.0045645531049061105,0.014095719035954524
2019-07-17,-0.006828222368756798,-0.008580769366343777,-0.002607411502086876,-0.01146175455932319,0.0002170079852987783,-0.021614113227126808,-0.00961816036590335,-0.001167549075071772,0.003794525645147928,-0.008920976929251534,0.010740452264923483,0.016331233962022296,-0.026869769235445595,-0.0012675731372242538,-0.0018994300778412132,0.08279050027079116
2019-07-18,0.0036543817507093124,0.0075122396080233855,0.007431197920710897,0.00016031724598741803,0.005623699591103204,0.001818794499008014,-0.0013004940134013765,0.006653367715975911,0.008689162698941821,0.004298874268843456,7.572020339186025e-05,0.014019221072833155,-0.016302341046914748,0.00046110999919335427,-0.005337454186394641,-0.03200276993667339
2019-07-19,-0.005570642538957671,-0.004286040180395467,-0.004328226929817269,0.004631472554427862,-0.010407380969318147,0.00543794165724254,-0.006608559912804068,-0.00631958840798319,-0.014634676880543651,0.0022280152977609546,-0.0023515599087788885,-0.014836917525038906,0.009470553292824313,-0.0017310596685673474,0.004957255022681739,0.06578497891215385
2019-07-22,0.0024535270353167604,0.0021453939987141624,0.011459495228489658,0.004610120868163037,-0.002072867811571122,0.0007738584088778921,0.0005728889375955504,-0.005856088874142351,-0.002155703885926119,-0.0025711525947866853,0.0018970108040834432,-0.0001487748968767022,0.0008565506920668042,0.003343782445897503,0.0018999803368449086,-0.06578497891215385
2019-07-23,0.007124725190275072,0.010303959340409286,0.005498462299503348,0.0026926620875133978,0.006205477292803074,0.012564489155862724,0.0067675306337546814,0.007190016606337224,-0.006328016367086686,0.020387865485650636,-0.005472549469059729,-0.005668654760058622,0.011068662211752844,0.0017251587186866146,0.004545448772132588,-0.07041929969604421
2019-07-24,0.004688394983385358,0.010199097882650054,0.00825160026128291,0.004261739174133972,0.0005425271225067974,0.004322422768924028,0.005025316401415125,-0.0066868874894736585,0.0008349375936811398,-0.0006728400639941512,0.004334561851053742,0.005073447292028632,-0.01880399522275855,0.0008038404316215164,0.0,-0.04376711292498481
2019-07-25,-0.0047884376142475205,-0.0070229970013349075,-0.004117338209914667,-0.011405054501401057,-0.004893091491878998,-0.0020317158746596675,-0.00559453828613421,0.0013408517262982755,-0.0025069863121212066,-0.0072627902195212535,-0.0047911715771276064,-0.007095118991376381,0.0008624604805014258,-0.0013787537925935567,0.0018879552996291515,0.05402362235279634
2019-07-26,0.00667791524985617,0.010864144789535679,0.002181584474509002,-0.005111097960394773,0.003590662415644985,-0.0021630539500430146,0.004543085911848266,0.011160368082125949,0.003674744810176378,0.0011859530860922618,0.0023601243133866134,0.0016475793640440273,0.004301016269886659,0.0021820121373066215,0.0015075810828029113,-0.046594768188735536
2019-07-29,-0.0018231000329116398,-0.0076977941517597515,-0.0006054038959022456,-0.004011317399443826,0.00411872349210185,-0.0017849224861175017,-0.00486838791484967,0.0018204817722287103,0.005154914679110334,-0.0033925592175023667,0.00030425767749608923,0.006637600502191532,0.014486838891831333,-0.0014920157299131986,0.000752981564588584,0.053634308691343335
2019-07-30,-0.0024577864689669937,-0.002814038393579299,-0.006441516857084384,0.011191271558964377,-0.004336037919404845,0.004329251279574287,-0.006773275266229284,0.0029716678510691708,-0.007658813156577349,0.006604227816554786,0.0024308765118679077,0.003339374239096138,0.021758200031587016,0.0004594363598560136,0.0,0.08297620254973115
2019-07-31,-0.011000625207743475,-0.004943163949305607,-0.015235898450753904,-0.0031847465645666873,-0.009935504302089448,-0.01124473522155256,-0.011530705581318301,-0.020485193719887107,-0.004691076423477991,-0.015477787967443035,0.008008350183500212,-0.013199706898716634,-0.003316749478623038,-0.001724676843736006,0.006003865578005474,0.14529841390935694
2019-08-01,-0.008746353874258261,-0.022915602424367965,-0.005089310615451481,-0.022908093258497964,0.0013159938816835748,-0.019594246122534464,-0.013678078146684314,-0.0035400788490438373,0.010191479462843933,-0.005672648632037092,0.01966557754331344,0.023738202587374246,-0.06254710948290576,-0.0004966363048870548,-0.0029974269955350685,0.10306258699448634
2019-08-02,-0.007557455373162547,-0.0003624245628381928,-0.01643571825156931,-0.01446435493586229,-0.0023036545335601843,-0.006442274225849864,-0.008263894364111124,0.00016914770035336701,-0.00016628524240269726,-0.011791076582551074,0.009198484598564427,-0.0038193529104750823,0.014919023787118846,-0.001503331636054206,-0.0022538538293774835,-0.014656418967105012
2019-08-05,-0.03053471904205285,-0.03390156797250521,-0.042642032380509676,-0.030254349259690283,-0.023784204608331194,-0.028087752605513217,-0.02720842438503679,-0.026344706079731495,-0.014400741393699068,-0.019018211925359463,0.017140991281071827,0.013885007839557595,-0.009628053319254981,-0.010473181287041555,-0.004901102700113569,0.3338729052658964
2019-08-06,0.013925334307183235,0.015988568762025146,0.016496655869687515,-0.001195077182022608,0.012851815996135052,0.014944814859532585,0.015111886214616899,0.008973567942363037,0.012403868808148921,0.0012436865265215147,0.007960903925229523,0.008095529492026188,-0.020436032379223867,0.006413375950760525,0.001133183812518812,-0.1981435066847177
2019-08-07,0.0005907948651993067,-0.013368297520471195,0.006213783008440554,-0.007546054982578543,0.00033272525068284153,-0.0005347367666983516,0.004020189581458666,0.011614066265381418,0.0024955666825663414,0.013754336320322302,0.0003574321679105097,0.015075486815260497,-0.027299255230182062,-0.00011624979458613183,-0.0007553415974377309,-0.034294853972749006
2019-08-08,0.01943006007731718,0.018885951316456318,0.024223461169983196,0.028342655949210815,0.013232234457356995,0.016837907379474437,0.019107548896322157,0.01282293442172966,0.010249858758610397,0.018909522043128124,0.0021405165791792413,0.005022054446004454,0.011009274912558098,0.00394442030816311,0.0007553415974377309,-0.14199634788895787
2019-08-09,-0.006835082010011817,-0.003306729559521049,-0.011401089461156033,-0.011105479867661305,0.0012042553564564074,-0.008449884737437685,-0.009423797103634612,-0.00554760687015321,0.0011502852476756864,-0.007936606673305313,-0.0019977928798802225,-0.0033216839398715337,0.028778937396714,-0.0013906809757173733,-0.001133183812518812,0.06079850869785064
2019-08-12,-0.012247731983991095,-0.019324361818213287,-0.013209604010052889,-0.01191479412786789,-0.009785549995441123,-0.013884849824216339,-0.014647052366772328,-0.006765985496328231,-0.001973151642539861,-0.015712439423003488,0.020635395762298003,0.009651773675578568,0.007067160673785544,-0.00348403196375191,-0.0007560276412141853,0.16009533914095586
2019-08-13,0.015431636539955385,0.012306682661304968,0.024736751510436417,0.009203980065397133,0.012953163829065417,0.011894192779821289,0.016336759435610304,0.011307356136730728,0.0006580979601658044,0.010676418417741473,-0.0034336357539155316,-0.005977346952418472,0.0439158159094557,0.004411729574929524,0.0045282106460384774,-0.18545589008945695
2019-08-14,-0.030012929468965943,-0.03776896769286875,-0.031212797323847852,-0.039981187661940254,-0.02820505349655278,-0.03103362168530932,-0.03181146572568938,-0.015900252925471037,-0.008259089061314118,-0.03219801646709719,0.022279963745289066,0.006818296719088401,-0.03689824970851774,-0.008959381353293772,0.0022565663679054992,0.23223451414847185
2019-08-15,0.0026380024038559213,0.004991645133870293,-0.0018206227332693281,-0.006199383485964827,0.0034714740450354498,-0.0010965748760947136,-0.0016567400205138583,0.014892771691194628,0.01285469613717094,0.00035918481051755435,0.011057845992024085,0.006632923311853389,-0.007898171734790793,0.0029176025037642717,0.0007509174430566645,-0.04252027120284296
2019-08-16,0.014647305160242041,0.017463970711090848,0.018827320596079833,0.013062681244013774,0.012222580098870672,0.01915930935645882,0.011280962005010498,0.011357995777642849,0.005063217352301308,0.017460291264864036,-0.008042450016157332,-0.006422796323197311,0.004395544401113227,0.0033734223862129653,0.000750523286610516,-0.1369095975470489
2019-08-19,0.011975434626097403,0.010110695366897016,0.01508724527891081,0.021856945712169118,0.009561962841337923,0.009377733417974099,0.012519435910759658,0.009915658481037593,0.006333821001793805,0.00791621705181722,-0.01440519957549391,-0.011765243129746139,0.02255084589771439,0.0028995235655751017,0.0022480271383806816,-0.09001831758469736
2019-08-20,-0.007692265267858822,-0.01350369029682641,-0.005045784675480558,-0.008443158876336287,-0.008568471551733126,-0.005884252141456159,0.0002556280371477371,-0.010912684011515239,-0.0016202282637403087,-0.011809376043881326,0.010290535934149858,0.007765153200510078,-0.0025761914651853957,0.0008106431614098852,-0.0022480271383806816,0.03607144147927732
2019-08-21,0.008102987113509208,0.004521412495920529,0.011692806530648081,0.006381775099376874,0.007364573784241379,0.006150509365256518,0.01907066865532059,0.002656478128943096,0.006626210901064855,0.005128568337051664,-0.006687647748791825,-0.00316943748851628,-0.0017212102322181622,0.004272238442746712,0.001124687549101555,-0.10219092882472092
2019-08-22,-0.0003081700813440946,0.006744301484066462,-0.002377890139993788,-0.004480420725056611,-0.004940460274465153,0.001465307335191568,0.00025060007791566363,0.005291878903677105,0.0009659259660064201,-0.006725663339209653,-0.006662688261772409,-0.0025427378094429187,-0.006914455017016152,0.001842118301008,-0.0007497639576063975,0.054200463121762965
2019-08-23,-0.026023298569285203,-0.02572018916497054,-0.03363792065410909,-0.03407999669074924,-0.023383551649732937,-0.027118110279483965,-0.026932338052844784,-0.01679871692864543,-0.010677852445240887,-0.024448418046019604,0.016301218250810656,0.01940043582556772,-0.029931826296912156,-0.004611291615622903,-0.005640028721063395,0.17500068357341902
2019-08-26,0.010998155794477604,0.009533242470413317,0.013770205782750455,0.004279257320439989,0.010422868287648157,0.007358365077452689,0.009823641314816278,0.012335646941907807,0.011482319807874841,0.0032703474647992614,-0.004050652896719242,0.00013874512727696242,-0.0008939898010407177,0.004955359982559138,0.005265105129568237,-0.028070285811405693
2019-08-27,-0.003931083832476645,-0.006090683315686185,-0.0015350656184214273,-0.006246872433387285,-0.005926374634221965,-0.0051726049893829895,-0.004942576496372197,-0.0028205437945065803,0.0017671885516814534,0.0007251788571784878,0.015291598913494298,0.009525229640209965,0.021239715885061017,-0.00045922830343503307,-0.000750523286610516,0.04997253630846554
2019-08-28,0.007016308739103749,0.009122087810110369,0.000895784476040884,0.014222412870108059,0.007263341994553585,0.012206869343704518,0.01239501074099092,0.009590128368292206,-0.002732413630031516,0.007763961197726044,0.0012863354903922541,-0.002820513317677076,0.01908126088977813,0.00241222317903933,0.002249882115083146,-0.048420910107001
2019-08-29,0.012692143565339542,0.015021018658691876,0.017244156589109938,0.01454504017249425,0.0075431715112106446,0.016975428693124073,0.014906905752146038,0.0004936642679287395,0.006897073379944718,0.012688930526315811,-0.0037964237040872817,-0.007190355573253093,0.011955683757086888,0.001031950016668226,0.0026181012965973416,-0.07900971638161236
2019-08-30,-0.00044405561581495334,0.0033487253880184475,-0.00025155457855730035,0.0,0.0012149905941845063,0.0041007234369550005,-0.006003107148544018,-0.0013167278476009514,0.0003197343325624935,0.006725663339209653,0.0002718962171073258,-0.0025705723222451127,-0.02754044094016006,-0.0009168776434247405,0.003728666149556581,0.05970304625519285
2019-09-03,-0.005864441640011542,-0.010455734162882813,-0.012271673899435953,-0.004882990795926911,-0.005867055264124232,-0.013688918011313334,-0.004105998652428333,0.005747570335894903,0.017581505302529,-0.007969570856338315,0.0012913059134955773,0.013817145553141508,-0.021164790721391213,-0.0028733627508419346,0.0022303936284351344,0.03520033789411414
2019-09-04,0.011286588205380532,0.009712487593872776,0.016913141782851415,0.013888972820484291,0.000665934414935343,0.012632071858984517,0.009859750757003738,0.00896550771306659,0.0009418917734946852,0.012194514201946838,0.001493289179214763,0.0062241824051145755,0.04274525697335818,0.002077459464068454,-0.006332582565074407,-0.1261470076325888
2019-09-05,0.012773379202175583,0.02024001368856254,0.020685760528813546,0.012337349561235111,0.009825750734035132,0.017810908328360853,0.018942940039423206,-0.006185925981924356,-0.01088261117802558,0.0015792532862071162,-0.018276099739523488,-0.024293839589282662,-0.0008543553656821246,0.003913257974190287,0.0003735227870826918,-0.06311614995870451
2019-09-06,0.0007721211785618465,-0.0003644582079225245,-0.000858749486983168,0.0052654291602172165,0.002743089410008004,0.0020746580842621043,0.002444868507939013,0.0032606970128794543,-0.003972150387289819,0.0038509092214860097,0.007089676008359191,-0.008559662387184197,0.005965134663010296,0.0009186269173762085,0.00037355185876908337,-0.08127274826417974
2019-09-09,0.0005029307499180291,0.015189960856705653,-0.007512821305498907,0.01979255599454266,-0.009245994207439878,0.0029749794987772304,0.0038179128168103205,-0.002281108794121689,-0.004947959340788177,-0.005254917748346077,-0.01792457340289033,-0.0037414803722946033,0.025997226026349907,0.0010325263055994682,-0.0018688185612099062,0.01783994810630496
2019-09-10,-0.00023488116957270933,0.0035831640788419605,-0.005081540849467103,0.01172299279235789,0.002870838645682383,0.009127607425670092,-0.003980709408907046,-0.006218542779762082,0.0012793238300798926,0.009786990103549442,-0.017683791233754853,-0.0085947664634487,-0.008312631714299634,0.0005727598043705484,0.001121743915358131,-0.004594733904630832
2019-09-11,0.007085927077058685,0.005706057555292077,0.01038376775663652,0.0009846118738665588,0.009875395875713622,0.009298846812546557,0.001870430710581239,0.003604873254574148,0.009858398517999856,0.009519588402684409,-0.0017784250079797559,0.006045366225015947,-0.025360550948501093,-0.0001147397280325535,0.0029850397673580886,-0.039589213040438054
2019-09-12,0.00345775643832269,0.005319923312342656,0.005395887631263641,-0.006251160702531067,-0.00032765106009957634,0.0006340550966230651,0.004782067282432578,0.004080544172858858,0.0022127056939238443,0.0077222623813630875,-0.006572052738596845,0.002054249269613173,-0.018143049106236653,0.0005728750498121826,-0.0029850397673580886,-0.02705675910995442
2019-09-13,-0.0006640123251777652,0.007752197412725703,-0.007365714622336039,0.007889800888468912,-0.0005462610933841816,0.005433588188499705,-0.002023478273542878,-0.005717375321135254,-0.00633495442376697,0.01088066314184477,-0.021590127702232564,-0.008313640257218147,-0.0026190051500378786,-0.0018337389396805293,-0.0014959101996065982,-0.03433817301735509
2019-09-16,-0.003093682067418335,-0.0035162361088292293,-0.0024672774008456244,0.033011383311445375,-0.0021880332845034545,-0.000882610785827076,-0.012884569946541191,-0.009712754981738847,0.0007938701071128484,-0.016537752369296665,0.0126628442189336,0.008313640257218147,0.11467022340914834,0.0035500836037227756,0.004480949966964687,0.06549332721943157
2019-09-17,0.002528975261169464,0.001056269096038509,0.004067814274454573,-0.014037493481524166,0.001532144657269363,-0.0005044989622096097,0.006055132109961114,0.005444034833253397,0.00869376179104897,0.008047198128374955,0.005408980890472925,0.00197935004540728,-0.04300025220697812,0.0005717537787397475,-0.004480949966964687,-0.015802492950216518
2019-09-18,0.000597822479804222,0.0035125304899978893,-0.00012292760940146863,-0.004830805430875884,-0.00010943502602689392,-0.0015158887970763146,-0.0004893602983635503,0.0016439783984014689,0.004240620837844045,0.0005115146255247893,0.004234930528483005,-0.006305141849163753,-0.015580436344921011,-0.0005717537787397475,0.003735546001239598,-0.03452260981072719
2019-09-19,-6.668149228428177e-05,-0.004568799586036398,0.0022121789763112076,-0.002586195368307287,0.0046914596997842395,-0.005067924688423986,-0.002697165705227711,-0.0001640348038147721,0.00469009136814158,0.0017032113162360751,0.0030033364358486025,0.004042645700960357,0.007410424941033611,-0.0011436718689390446,-0.002239635801633,0.0071429147605655
2019-09-20,-0.004735974038631241,-0.005894094477273626,-0.011730118808249479,0.0008162722614906137,0.0055589017116215445,-0.006341641583038182,-0.011528902176523026,-0.003178330460069656,0.003953207146472515,-0.0023283898261046154,0.013123898514899146,0.011751169204553769,0.0008200270350533501,0.0012577096999830673,0.002612407237878145,0.08653673503716508
2019-09-23,-0.00023475411193984996,0.0017788607532778222,0.00310990849773507,0.0003262717111343072,-0.005340225108767527,-0.0019296566202173793,0.0034823520626527937,0.003970790530245516,0.00015657648491584908,-0.002402982912541596,-0.0002114693129628975,0.005580782257567307,0.0008193551416475486,-0.0004566063001947285,0.0014897816987611279,-0.027127025849637665
2019-09-24,-0.007877232385193444,-0.009644467799028167,-0.009735451936281336,-0.01595028456298575,-0.009221965800904286,-0.0056819976077466805,-0.01073509255958438,0.004119695253563815,0.01167245663903893,-0.00862798322704883,0.011982292953159224,0.005272991620432599,-0.025716923185649776,-0.0013737761948915406,-0.003728666149556581,0.13411804043962539
2019-09-25,0.005897059883093192,0.008221416830206607,0.011844686827305217,0.0016561171002078545,-0.004864469589523246,0.006453957578477443,0.009078313249333725,0.0006577922132562364,-0.0006190355740134379,0.005185973746478112,-0.014735075821112886,-0.018719501081169376,-0.008438820425613613,-0.0010308951261501775,0.007814012213490873,-0.06606456457051868
2019-09-26,-0.0020854828907737044,-0.0046386805129876585,0.0011147670139224353,-0.013159015918626782,-0.005556517956002871,0.001414514011750967,-0.004320759109565309,0.005571855064725462,0.0052499898146671775,-0.0022441627471136982,0.006411630100872756,-0.00028212781803826914,0.0,-0.0006889045694924434,0.0025912163883479167,0.006868566347193461
2019-09-27,-0.00540153570053814,0.003926626073441408,-0.013460842908203485,-0.00016770665104814952,-0.004467954784559858,-0.003991056964995465,-0.0035034697285194483,-0.001144701598596587,-0.0035484542565047406,-0.0027686347710118575,0.0024554181571607714,-0.005161727926225268,-0.01193537979968351,-0.001147421444962049,-0.001479777318287745,0.06911729836568226
2019-09-30,0.004626958870002085,-0.00249704066824874,0.01048516420837009,-0.0072374225861238095,0.008915750486266916,0.00141816068067957,0.008570149393511528,0.004896494757878678,0.0006179834837078957,0.008454806998696274,0.0024492083603018244,-0.015647105922202975,-0.02782785608057825,0.001147421444962049,0.0033265082234961163,-0.058594138484877156
2019-10-01,-0.011966209163833064,-0.021296508182040874,-0.009356657961002934,-0.023413995487255868,-0.009811914784799036,-0.02425167783666282,-0.008403038878586067,-0.002608251328712452,-0.0023195190418703326,-0.02382073745920632,0.00300565898209193,0.005457893373497669,-0.013315826930753616,-0.0023059509448213333,-0.0033265082234961163,0.13353137794357517
2019-10-02,-0.017822280040658,-0.02064189894315893,-0.018980744258045412,-0.024861002490046857,-0.014672618917674463,-0.019053172589543088,-0.01812623917595335,-0.020282861492878723,-0.013404056469510817,-0.01811149079860197,0.0024410206160476733,0.011606023170116941,-0.018945090433871492,-0.005904861384014026,-0.0007407106228929372,0.10233871602800093
2019-10-03,0.00815945348663405,0.004088222191617863,0.012189301026142019,0.010755542242995908,0.008942135130345363,0.0065697361452929925,0.0048377772861565305,0.0069722559897651415,0.002350635404485324,0.003577224325574946,0.009079801648368857,0.004520416059329513,-0.004564064281324498,0.0005804184218716202,-0.0003707284471672345,-0.07261246309518432
2019-10-04,0.013441203627936993,0.018376058725710465,0.01639636274891343,0.006294020741023143,0.015542398572128135,0.010369509080490502,0.009353962900441992,0.01559310425107796,0.013836213505670436,0.005342189419897725,0.0073566582041841855,0.0,0.010013707284229234,0.003128691892904989,-0.0007416183475701388,-0.11517137638691555
2019-10-07,-0.004323855159719336,-0.005111141269538155,-0.004229758093174496,-0.008927818363799744,-0.003334038452539545,-0.005038306127461922,-0.0043712453637914095,-0.00817646957193885,-0.003867064061184866,-0.0035581311220096445,-0.008323142567846276,-0.008563635410989257,0.0,-0.0008103812062456583,0.0018530574176303105,0.04700003449327328
2019-10-08,-0.015646479517022804,-0.019963626265636858,-0.018496997779313684,-0.017203875331582186,-0.019219703713028835,-0.015539739797970853,-0.010586476621437413,-0.009569704068386198,-0.009343088551678758,-0.017620162104555526,0.002689727162768385,0.008704599917037648,-0.013680068922315769,-0.003712059327280137,0.001479777318287745,0.1270716029586696
2019-10-09,0.009451518143248627,0.00929202961709752,0.014749734526625868,0.009082130711362879,0.007236892621860669,0.008469650364684611,0.008478128196164114,0.0075973270554201555,0.004838215665618151,0.011183337383922076,-0.00566378325186534,0.0009156241246355279,0.009140779117864817,0.0030169781266407014,-0.0007396149415548336,-0.08432543606797971
2019-10-10,0.006740439459580472,0.01030528160115285,0.0068592080449638715,0.012507894017015797,0.0049446401180182065,0.009061901309087794,0.006647199307139751,0.0019723770129660423,-0.0010904985573740866,0.009106376463967614,-0.015006318370564209,-0.008767683192965947,0.018034737235417708,0.0012743899027753969,-0.0040778570315209706,-0.059116891683395956
2019-10-11,0.010313511831523847,0.012373002729608285,0.013701483635517597,0.013390217636100044,0.008261787172932245,0.0186626507014509,0.011258243174918192,-0.0009860024322154715,-0.003747717108244064,0.019189236601685256,-0.012454766786207827,-0.005554769940673054,0.0203457260840203,0.004157084595465932,-0.0037216436142126774,-0.12020484928417963
2019-10-14,-0.0011142690349519313,0.0014457576729633992,-0.0006133513531838553,-0.0005183305717486597,-0.00044484745315642726,-0.0019549480854141876,-0.0004976721715541643,-0.004942837925871135,-0.006434745069290759,-0.007174800135159032,0.007236941675365038,0.003991150393420462,-0.021239715885061017,0.0006916954718176882,0.0029784556745626745,-0.06702343628406249
2019-10-15,0.009851969882709533,0.01434191723001943,0.010980135760187526,0.004139587301276393,0.018078024982036922,0.008056083940032543,0.008755818000357962,-0.004304210386635088,-0.0031541993733390505,0.007000308378119602,-0.012161776174237637,-0.006995001671277201,-0.010791460989318935,0.002185646154059917,-0.0029784556745626745,-0.07331633459484888
2019-10-16,-0.0016073070516835486,-0.0024948750840079192,-0.006940195358615675,-0.014039713667694187,-0.0013116910745223365,-0.0005173146944317253,0.004103970384895739,0.0009949307509407035,0.0022088948776053385,0.0020906026097851083,0.001215924168700866,0.005713914835704159,0.007207231283841153,-0.0008050731614188678,-0.002613466887982696,0.010286669835799955
2019-10-17,0.0029446277974347623,0.0007136331389117068,-0.0019567118102301606,0.0006980412992203533,0.007410796312827372,0.004907820347346714,0.0026175603429603456,0.004629765478961989,0.002518459488487945,0.002606989413698635,-0.0024332619307738668,0.0014233647353725232,0.012488957079090035,0.0013791094830137851,-0.0037453398245435032,0.008008754536357632
2019-10-18,-0.004386946399050906,0.0024931744569647307,-0.009593948898220184,-0.005246589532067691,-0.003698439798089481,-0.008670376721980233,-0.001962527637462408,0.00197727716477214,0.0032959968903703007,-0.0017372628731213702,0.0,-0.0010673064134527621,-0.0053332985032374935,0.00022969819291596139,-0.0037594201470589894,0.03281321767572676
2019-10-21,0.00675627264614409,0.013778800199842234,0.010695138281060945,0.01772711482286571,-0.0010905991573730844,0.00596086108825844,0.003513534449904654,0.003287522937507781,0.0039096168237908735,-0.0031348513600892858,-0.007550545112029461,-0.004781550075213303,-0.0008916834068992685,0.00034419719673373095,0.000752981564588584,-0.017699577099401065
2019-10-22,-0.003271889063608313,-0.002811025438066217,-0.013542086825713895,0.012837251057584265,0.0021799169192551204,0.007850353580685088,-0.006382542048195994,0.0003282859830395779,0.004205183138842994,-0.004195020081189327,0.005829899274974792,0.0029287043785162226,0.011530071268318842,0.00023013148332573508,0.002255718259814188,0.032328889753463486
2019-10-23,0.002904860022689526,0.0042134668195528135,0.0008675819191954481,0.008298559550592,0.006185933218341155,-0.00012821298436271888,-0.004607361943357979,0.004582561218011261,0.0040328390883388465,0.0062860631898327135,0.001004064274497729,0.0023510275929137237,0.026969835512198337,0.0009172367144385518,-0.00037548683410504324,-0.03161484268277315
2019-10-24,0.001632873417857894,-0.0014024413814865966,0.014506801430148819,-0.004225366355867344,-0.005098173511271398,0.0014094395173041008,-0.0004948548709702294,0.0034232478955029677,0.0033998733040716544,0.0031282375770156357,-0.002009070847124761,0.007090719694469172,0.006843476372821122,0.001145865287427661,0.0030007995581398106,-0.021645880329306255
2019-10-25,0.004086843473943169,0.004899963962827325,0.012011432650858911,0.008097297295156736,0.0010869500993528902,0.006253310256613354,-0.0011559041727693398,-0.005875694319151581,-0.010234202060634079,0.010872404711202766,-0.0048978568122342026,0.0023289599557347884,0.008489047900755331,0.0008012876144229963,0.0011228345941565188,-0.08046831133882337
2019-10-28,0.005620411166381345,0.005223979944589452,0.012583004510149376,-0.005728549684919315,0.01026655676782351,0.002794991806453595,0.003134122549347751,-0.0019663117777968253,-0.013810769563785463,0.003084961833082822,-0.009137472171897976,-0.008637230479381586,-0.015332524273576453,-0.0001143856339149707,-0.0007484726213098369,0.0357180865699358
2019-10-29,-0.0002961111442463249,0.0024283795278221554,-0.009091808599782425,0.004046829486962444,0.01409222181079084,0.003293639467015552,-0.005698159687565152,0.0,0.0009477687519900968,0.0061410731810189745,0.0006558012222681597,-0.002776885194245793,-0.006026681711101212,-0.0018327672679356866,-0.0003743619728466818,0.006841543554959362
2019-10-30,0.0030622693369570797,-0.0006932747642536263,0.006110138804653165,-0.020573597960394707,0.005602761523210376,0.0035342644564817505,0.006191970247921397,0.004582110558994046,0.00880237580155896,0.0008502115725015358,0.014527728529706962,0.005475210184932244,-0.009544511134517819,-0.0012615431142366518,-0.002249882115083146,-0.06818150415412916
2019-10-31,-0.002667215152762026,-0.004866201724171848,-0.0005974988432901895,-0.004304019625080979,-0.0011604770818332,-0.010768193140954452,-0.005364298451081773,-0.0014703861347111769,0.0054624240367862065,-0.011278478831185268,0.013399765137199537,0.00994884493546877,-0.01493221182442106,-0.003449851926782266,-0.0018785641156728872,0.06969554363380581
2019-11-01,0.009221818338282617,0.014528210711431733,0.011881141618613977,0.02251905972141932,0.001265982152226286,0.021546558819961703,0.006598091598690736,-0.00016374208873148888,-0.0024936347340518417,0.013993479803284803,-0.0030824869666963295,0.0009123470738270356,0.033930996991134776,0.00428212555671692,-0.00037622157857164495,-0.07213157673712
2019-11-04,0.004009421070818142,0.00854845794801573,0.005183316594917553,0.032038437067958725,-0.003061457377418364,0.011526510813185453,0.0004929583979516039,-0.00969543046075838,-0.012876697932616477,0.007765257328331554,-0.013248827779544392,-0.0028801514371741277,0.01021292615127578,0.002071177076600428,0.0037551848194006254,0.04218689479574689
2019-11-05,-0.0011069175254512231,0.003738467478075602,-0.0011757257095577067,0.0013059393661993823,-0.007109371877555226,0.002092748010832146,0.0014778170749369934,0.0032972781680018493,-0.01032666151965378,0.0016800542537183105,-0.01131006578193805,-0.01631233186859138,0.010109595950462236,-0.0010348955945165272,0.0037411361452934777,0.02082608664591401
2019-11-06,0.00022801107985070956,0.005075212028707199,-0.0004709057970315733,-0.020605490078133837,0.0034018742870296492,0.0006145342549928046,0.0010661546561179236,0.004105937117263814,0.003825520740772692,-0.0006719030389921166,0.006033378663701683,0.00428106853055521,-0.010109595950462236,-0.0011512530885546823,0.0,-0.037329411282083225
2019-11-07,0.0035108912349448573,0.007397475073938953,0.007854466430888163,0.014878818770012181,0.0022258754018187332,0.0034350748860090263,-0.006000795171313911,-0.0034479042870643184,-0.013614812619380245,0.006696979839272643,-0.01828478565747549,-0.015643205521890913,0.005909657827675829,-0.0004612744552376924,0.0022379651215063134,0.008678528565025712
2019-11-08,0.0024626054520169305,-0.0003350445907708277,0.005589123510235883,-0.0041108954290351996,0.007279789387764524,0.0013464758931949206,0.0004122791760590161,-0.0006580328301994953,-0.004201102376876431,0.003996547640112702,-0.004216525330154042,-0.006384733806550358,0.009216626382455573,0.0009218971096203177,0.0022330517088375856,-0.05323836678426064
2019-11-11,-0.0019117682217277832,-0.0026845509514994426,0.00046433766200459914,-0.005618059889963778,-0.00410824025454648,0.0004893860223802449,-0.0020624963989508416,-0.0014822530413960422,-0.006173445140008393,-0.00149679789206969,0.000666816264925707,-0.0024048241483871635,-0.008375210372422615,-0.0005759213221514514,-0.0014882029563527688,0.05009123883396027
2019-11-12,0.0021062501832673775,0.001342958578627762,0.003360319120425004,-0.0051498634510132035,0.005998362414363356,-0.00012279116689217773,-0.0006608768889524441,0.0032910837359136913,0.0024414550629701104,0.005146321338671989,0.004582143730258892,0.0026958749275864946,-0.0016835405972184248,0.00023027027423960789,0.0014882029563527688,-0.0007882755830035393
2019-11-13,0.00032365347022533797,-0.006396090494818818,0.0021952598149539426,-0.004339932637421384,0.0011537524513265396,-0.0041654463490115035,-0.0031450764657359187,0.007528638872130955,0.014683722465329119,-0.005812300825213335,0.006468241506508043,0.003994072881030597,0.007553552731644153,-0.001036979561848561,-0.0003718851203142748,0.02492338438496633
2019-11-14,0.001454547925897387,0.002024317892883598,-0.0011548581124487534,-0.0026800396433888096,0.00010470632489667508,0.003186937834754211,0.0043013245565521885,-0.00032623068879500394,0.0035177655825004983,0.006143632989531245,0.010276619143375854,0.004194711040663712,-0.00418938115656875,-0.000576906954678158,-0.0007440174192421267,0.0038387909228640993
2019-11-15,0.0072106348643252716,0.0026927560341132306,0.0080559533146487,0.007685965731168309,0.02104922250225627,0.007316303366599719,0.0018143978077986844,0.00032623068879500394,0.003187000590968214,-0.000828030044798922,-0.0010883184264409707,-0.0025291110010527973,0.014172815635482117,0.0029954611020741595,-0.002235547756745504,-0.07972347261911761
2019-11-18,0.0007370606049583728,0.002014728553606737,0.0029761230479574685,-0.012225036492997443,-0.0033919838027367533,-0.003773523283772562,0.0034545481701666603,0.005204157759891359,0.0020662550374090927,-0.002488211902281101,0.0018130046219404505,0.002962025072170249,-0.015012818129741312,-0.0012658632370410317,-0.0018666411798937688,0.03345884065557847
2019-11-19,-0.00028848163151806716,0.002010677582701348,0.0019409926257467625,-0.014938157564291288,0.006772238051711454,-0.0008539231625555033,-0.011063534914290685,-0.0012984098843689118,-0.002543684285619019,-0.0021614115559098757,0.008298264815997491,0.0005049030061829995,-0.02812285323209096,-0.0035773605318656365,0.0011204027777660386,0.03159817569166323
2019-11-20,-0.0037255915793190653,-0.004698079370751174,-0.006063656039539289,0.01004020673704975,-0.001330373947765473,-0.00796509488081476,-0.0023272296144680737,0.002270945655181933,0.006030635157528774,-0.01256178239400585,0.010294499878314767,0.0005045382424526679,0.02812285323209096,-0.0020824909661127933,0.0,-0.006240264057409295
2019-11-21,-0.0016101734433897619,-0.0010091671719498763,-0.005062167784864791,0.016290404599225816,0.002556761717377398,-0.0003689999162208579,-0.005674929828074937,-0.0050360581552753025,-0.0034869508719097553,-0.0016870771258341577,-0.006278432765504327,-0.00549209735682421,0.024897568044002227,0.00023168627964409438,0.0014920044601121063,0.02701826897557691
2019-11-22,0.0022213407231568283,0.007379740483993036,-0.001269835994072377,-0.0033371935753288007,0.00356804870670846,0.005155624330660302,0.006839053516511484,-0.0016299840826321521,0.00031762729915874033,0.0016870771258341577,0.0012876530343612913,-0.001885795159979331,-0.0074044068905569915,0.0038142141951276187,0.002977263386853668,-0.0620536661881439
2019-11-25,0.007720388203028783,0.006330461387741071,0.014446654620588806,0.0010021981760370835,0.011635884227445992,0.007198609331139139,0.008772092670155551,0.001141342170471571,-0.003338744328775345,0.006551793262079997,0.0029265808891523193,-0.004803179633254828,0.0,0.0026494858488339545,0.0007429119403425943,-0.03883183186216144
2019-11-26,0.0022628078627278114,-0.0009970715758922388,0.0009103680642472689,-0.009225635284721534,-0.0008049994042584885,0.0029129740709104013,0.006815308478636872,0.008114399859688426,0.003338744328775345,0.005010708029466127,0.005826670170289816,0.004803179633254828,0.0065843798555036415,0.0011497345015509808,-0.001114491088878733,-0.028194941206063806
2019-11-27,0.004447820241886724,0.0039814757770972875,0.0055567136030938435,0.002524566706733289,0.005121093281051259,-0.0009702891932468205,0.008555674247181955,0.0024211971368326424,0.0017444416014344988,0.003990784726804808,-0.0029090913304887778,-0.005314014225370478,-0.004110095158507576,0.0012634769329018525,0.0014858239611394986,0.018033982815844674
2019-11-29,-0.003715810190642266,-0.0016571178449535928,-0.0029444706802457254,-0.010137086180386667,-0.0035116558448446966,-0.004620842946881254,-0.006512025691637113,-0.0003224534115351396,-0.0009510008092137312,-0.003657483110886428,-0.0021339569011393777,0.006184806112979224,-0.043778072336495555,-0.0021828830230390395,-0.00111424481260336,0.07142960745468052
2019-12-02,-0.008530960237044027,-0.006321677051810859,-0.014395300858655258,0.0,-0.004432352317566668,-0.016592271981378026,-0.008282247486610217,0.002255654767162163,-0.006524124504786233,-0.010043725555052951,-0.013422710971023655,-0.0005079436043828878,0.004293711260928035,-0.0006821768865421518,-0.0040959948303966875,0.1667492704978688
2019-12-03,-0.006729035418170604,-0.014117695754291226,-0.008900398121536313,-0.015055990944562225,-0.0022236952082792527,-0.010966265151053811,-0.010097007052201512,-0.0016107046853650608,0.0027103030898438796,-0.006413319942977225,0.02075012118713726,0.009534253178573593,0.007682509097143964,-0.0013871022071585415,-0.0011201530072524335,0.0680534758691067
2019-12-04,0.0061515010977899465,0.009433907790859397,0.004055449934251332,0.014885972230653799,0.009266010921169077,0.0038769750734184427,0.005557784327341331,0.006586939005861936,0.00761300432231371,0.002198772887413547,-0.010034861816194507,-0.001366776763793709,0.03591194713693113,0.0030037739812547315,-0.0011212403662383963,-0.07545840075426424
2019-12-05,0.0017961943714936979,0.004683787963431829,0.0036933612887937173,-0.004766461666531274,0.0,0.0002498375750903392,-0.0009933209945351962,-0.000320452186954423,0.0017364553423990792,0.00505538787098514,-0.004876161912005905,0.0005757184354600042,0.0,0.0014989791169846,-0.002246343920285998,-0.01910015273448673
2019-12-06,0.009092650109256084,0.01326279473448011,0.01099930519136283,0.018932070443793858,0.006594859360291139,0.012030869692887691,0.007999759755978886,0.0038369895372034613,-0.003001370490051336,0.010201542438124545,-0.005550186123976175,-0.009977704836757084,0.010608024264459281,0.0013807499123457134,0.0037411361452934777,-0.0639877486041236
2019-12-09,-0.003149074642799121,-0.002308190174756586,-0.005255234366809525,-0.0011727029095469632,-0.0069961209596218765,-0.0038289330656180454,0.0012311631442702975,0.000797799124839127,-0.003486770735964484,-0.0019986048562765646,0.0021656836141090707,-0.0002906488870486612,0.000811377653973544,0.0,-0.0011209057322014715,0.15226090224066802
2019-12-10,-0.001115817307077549,0.00032999643600595263,0.0008016340219971774,0.002009779145238255,0.0022040056841010625,-0.0012385451938436987,-0.0017242658979155223,-0.0031940730602459944,-0.00015856511513412386,-0.006020039899989893,7.224251816406735e-05,0.00283069966065419,0.004854412362131022,0.002413322475429247,-0.001122079113256902,-0.011414160174614718
2019-12-11,0.002834616601575135,-0.002312909131561902,0.0067299307658368335,-0.0016746800676896711,0.0009002404720446222,0.006299662339760204,0.0025444653275856766,0.0014386429261299405,0.0026955425575967418,0.007519404233056193,0.007830369218098987,0.006861935627691551,-0.007290445465445217,0.0020631997729196883,-0.003749467868047862,-0.04500273753946482
2019-12-12,0.00858231787181385,0.019328935574409734,0.010630050868054575,0.018266968534162764,0.009255335833069367,0.008826689915190755,0.00873293947742848,-0.0007987634621398065,-0.004284596176714395,0.013886880215752129,-0.016594575004060808,-0.0035334849047758965,0.005674899267636313,0.0022878485197894705,0.0015014407296671806,-0.07262092161478906
2019-12-13,0.0005990200559171655,-0.003575564500156503,0.0066145800256616205,-0.007598364805466495,-0.0006938347110008181,-0.002688856920271654,0.0008935297563983369,0.003510218561521228,0.007762547610782988,-0.0077461608326552245,0.01150089195767201,0.004468872836715931,0.00965412865937143,0.0010275602708595954,0.0,-0.0986874298073106
2019-12-16,0.00684621458602841,0.003575564500156503,0.008899929848150023,0.01334143453423664,0.010746807084292875,-0.0004896135461036621,0.004374554898954663,0.003498157452499484,0.012389341824422306,0.004292568062641777,-0.009030688655268904,-7.198939739794241e-05,0.007974554363745945,0.0019389503021995935,-0.0018771534148731561,-0.03956913151179364
2019-12-17,0.00021942868397850646,0.003886064610802986,-0.0023283667214015757,0.0006541442661149866,-0.0010791812706676396,-0.0009800509010950975,0.004435980287743391,-0.0015885547343237327,0.003267788555119999,0.0014814487988719094,-0.001379887423310855,-0.00021577975709607955,0.010272718728781882,0.0030712119374562974,0.0018771534148731561,0.01228010656239542
2019-12-18,6.232412780615704e-05,-0.004210352013142238,-0.00011121496168398082,0.0037535123265968195,0.0013734312567210694,-0.004175573429565205,0.000965175691367115,-0.0015910095461229012,0.004030890082868055,-0.001316758925711703,-0.008245945373379193,7.200493236858563e-05,0.0015710532736035177,0.001815274409849188,0.0018737208013193118,0.02332232473355278
2019-12-19,0.004090569199578731,-0.00032474373002511214,0.007190633517421219,-0.00032587771566827684,0.003914049950313192,0.0027037458893675037,0.0031306136059727763,0.0053994545668296645,0.0003096649328777623,0.0034530966890415904,0.0015987550190912359,0.002586212637701202,0.0031347958767051765,-0.0005236953168097358,0.0,-0.006379600899337312
2019-12-20,0.004374791863004823,0.0011741957372271017,0.005789034010752037,0.009546699129528324,0.007054877552048033,0.0045907567587955,0.0015270014144430633,0.007524127085244192,0.006850935474126629,0.004840863706788934,0.0013180017960348067,0.0010039397404915107,-0.011806482631676829,-0.00148050663884014,0.0033638923310030933,0.000799698466474208
2019-12-23,0.0015264270683639225,-0.002284457026147546,0.002855071296604894,0.010215026207720967,0.003984496381910674,0.008193318598863186,-0.002331255036780888,-0.004287911953390733,-0.009332766030241135,0.0027883158422463694,-0.0014649156668724572,0.003077203372165549,0.005527033022613814,0.00045613897368568246,-0.0005330852186173907,0.007961779975868666
2019-12-24,3.137193266056215e-05,0.002284457026147546,0.00032854417096084276,-0.0004842484381812895,-0.0012617902148539528,-0.00402716306047779,0.0022507742524311425,0.0012721357099345632,0.001405479663963316,0.0011459869237886444,0.0028540660545930407,0.009387789011396919,0.005496727445197358,0.0007970194605784187,0.0,0.004746877604070665
2019-12-26,0.005309021559106952,0.005525648866675947,0.0074251741374617986,-0.00032274167675394594,-0.0006798367576026365,0.002320462566354209,0.012131200115823582,0.0009534544446170301,0.0017151544109417216,0.00440806500232549,0.0024091989274497294,0.007826590803155398,0.009353137694660063,0.0014785923836591053,-0.0015244272986856267,-0.0015798153368500323
2019-12-27,-0.0002477035462629118,-0.0025964571182495177,-0.00010872182524268581,-0.004206479408923602,0.00029135599057550365,-0.0008540311990419269,-7.945274082210574e-05,0.004436590266521101,0.0029554898200330193,-0.0037537436388870304,0.0010928190428565188,-0.00035125602256869115,0.001550349453284916,-0.0004545483692632857,-0.00497024503280219,0.05983384824076543
2019-12-30,-0.005528455095004325,-0.0029291917484264296,-0.0057831149833567075,-0.0031608367551703154,-0.006021272936945543,-0.0046511303002230164,-0.006446618602529597,-0.005230808560567457,-0.0001554603494846596,-0.0031115261971184083,-0.003647654790908561,0.0021055808220618033,-0.001550349453284916,-0.0006825179299765338,-0.001918327888364768,0.0984865660171983
2019-12-31,0.0024259844347715998,0.003253864362863901,0.0031683940487692297,0.005679095661153877,0.0019651758872347713,-0.0006133752587640373,0.0014361705640020261,0.0009528712259885275,0.0038766065343787126,0.007353716160071855,-0.009842663811762797,0.0018911434545749728,-0.0062256949203041145,0.0009101868929093371,-0.002691856475942167,-0.07275935306826842
2020-01-02,0.009308468187974483,0.009699445678971852,0.018589277302996532,0.008953539279850098,0.002647117042742231,0.01872623272890994,0.011809930505562782,-0.007970384575788803,-0.012614023278285647,-0.011791929212855212,0.011230021456566597,0.007320953634035732,0.0,0.004198634297844173,0.003459544387501623,-0.09989246510187222
2020-01-03,-0.007600669092346024,-0.010674479772062373,-0.011307106788716048,-0.0029755596573548537,-0.008752563038940231,-0.0019292039885208112,-0.008546414264035462,-0.0016017576542814993,0.002034979515242785,-0.01627653519456329,0.015282945154618588,0.01318126588252877,0.028474403563214956,-0.001020009369546493,0.0011506399768053122,0.11715913315156268
2020-01-06,0.003807297180170366,-0.000650504605033575,0.0023797817847333036,0.007751334976414004,0.006203578519380137,0.0003618182399840464,0.0027775359303783276,0.0020818068163590553,0.000938011386367954,-0.004363431433578313,-0.005694446597837022,0.010434868967012179,-0.00151863792647422,-0.0010210508510724026,-0.002302435459522023,-0.012199654080917277
2020-01-07,-0.0028154692991009256,-0.006529483492784038,-0.000431863040606828,-0.002632098056074561,-0.001965316432753994,-0.0020531600173132603,-0.001585990000198656,-0.0077085782030641425,-0.0014071648130649095,-0.0011777801042005542,-0.004927952858460927,0.003927428056507587,-0.002282217271654119,-0.0009076101720308927,0.003451668282492104,-0.004341571137354894
2020-01-08,0.005315575986402088,0.006529483492784038,0.010643453609067155,-0.016608644545430984,0.006470691148888541,0.0033796241555581474,0.0030118525693278997,0.0037010366299590203,-0.000469519641432381,0.003529624058351999,-0.006632626686030818,-0.0075298025846350924,-0.03645229236741798,0.0009076101720308927,0.0026762492271403815,-0.02496459717211552
2020-01-09,0.006757401948244812,0.00616367999920886,0.011271748792657466,0.007341730635294308,0.004290732023974897,0.00420842989504866,0.005288117231312839,0.0070421519401131505,0.005463939090279979,0.00368474015352227,0.003503627402401399,-0.00566768448635635,-0.013519098850995448,0.0026068272540520354,0.0019072671168300914,-0.07005555970406574
2020-01-10,-0.0028816879739359536,-0.007466100297964129,-0.0023289717431485,-0.005668514590341012,0.0002916800112808815,-0.007104434063958109,-0.005446587882008913,-0.000638032033220437,0.0026434073562131566,-0.004020192019580815,0.008851697430330319,0.006008107616787939,-0.006425718891322596,0.00033953911914430535,-0.0007625041341383643,0.001593662286273556
2020-01-13,0.006854068444512862,0.0068190340391693915,0.012428964219334482,0.0003343574832390672,-0.003508022513690534,0.00818372780432508,0.0031611519448633274,0.006521866320709613,0.006037484532660287,0.012840968319784096,-0.0030383192618126387,-0.007447144703816022,-0.017066650815750428,0.0,0.0,-0.019293261114412985
2020-01-14,-0.00152575156297452,-0.0019434356243572815,-0.004721760116195295,0.00016697028787948653,0.006033976444210332,0.00011978215457641994,-0.0003158886545495676,0.0003172084534144304,0.0029283037655796207,-0.004151177347254009,0.005130394696756468,-0.00089194118264313,0.006535964868772837,-0.00011300373514711026,0.0003814090914313617,0.005665790016104122
2020-01-15,0.002256947574494461,-0.00552765572917302,0.0011563926041713302,-0.007379989486000493,0.008598659508830764,0.0015568746623477736,-0.002291268078712605,0.007107367032870737,0.013907112260407306,0.006798712010257724,0.006610080563804743,0.005817289492434874,-0.0081766136367456,0.00022642290542140842,-0.0015261720741230889,0.002418359297446493
2020-01-16,0.008284202933947604,0.00876480544710967,0.01335704718531927,0.0016821087407805635,0.005181297832277387,0.009883026129427819,0.00889938609821872,0.002671896110126859,0.006203368219381389,0.005931858595162431,-0.0031551574981962816,-0.0015707412123404652,0.008990633136806814,0.0003392630806695607,0.0015261720741230889,-0.008084149313550615
2020-01-17,0.003107324404616918,0.002904751734960076,0.006715317548060096,-0.006407020896318727,0.0,0.00011860573121769136,0.0035220336853365453,0.0017251944074474501,0.006914098285452752,0.004425916061153501,-0.00858531776236493,0.0018437252860081799,0.003249390514545425,-0.0007922213700881642,0.0034253107196065002,-0.018018449205493337
2020-01-21,-0.001959780120760257,-0.008414213485266941,-0.0004118307435532209,-0.01809227060280927,0.0010524349445351078,-0.011079217735851188,-0.003051610744194022,0.003441131905567385,0.009095749887571003,-0.010853640317531,0.010450672481133516,0.0010909837309727166,-0.007326052603901623,-0.0021527482401833,-0.0007601855555114945,0.06013835689846969
2020-01-22,0.00012045166154006637,0.0029205669028660175,0.003598814459251365,-0.009692106019253632,0.0012419998050061665,-0.0052845484802475085,-0.00047042294114252314,0.0007802629302804398,0.003111985914520332,-0.003976018244623791,0.0035079469402559127,0.00034059751071335853,-0.02817089032348008,0.0018131550154896203,-0.0007607638772495484,0.004658352011606137
2020-01-23,0.001146494670292597,-0.0025958942884285463,0.004710223707429684,-0.003833233164354688,-0.005073535845798283,0.010779971928037035,0.0014888299301247798,-0.0009367139758511556,0.008839449101094576,-0.0011628816034958689,0.006976825997579539,0.0022455988755121226,-0.020374200225297123,-0.003061109914039406,0.0026601453341492665,0.005407482969901789
2020-01-24,-0.008933068426185464,-0.012751338237292131,-0.004710223707429684,-0.01158918609073778,-0.01683977107417256,-0.00465704348289897,-0.014034057693932844,-0.006895157285133902,0.002636451437627585,-0.007171887169819868,0.00805611885922719,0.005828553518776758,-0.019922663329643875,-0.004210640842636337,0.0015167442531005548,0.11486839557927153
2020-01-27,-0.01615911288080074,-0.015586446106814478,-0.024100059279191566,-0.02812049379370407,-0.007641659598265349,-0.019091948902613787,-0.015038849380291985,-0.0031502472162929784,-0.0024897462260979886,-0.021830134593445738,0.015434863599202764,0.0068021258430706055,-0.02929636182133244,-0.00675093872669752,0.0015146983521199253,0.22479049199174428
2020-01-28,0.010424631101225046,0.011630085169861193,0.018954827235355243,0.0045308800420422735,0.004905336988811015,0.006444915319343103,0.00970532981852923,0.0012611901219923283,0.004097669914889579,0.011228409739461487,-0.00786218390398119,-0.008966868036617726,0.013422985965498846,0.008573516604037046,0.0,-0.11313116082847641
2020-01-29,-0.0008261493158601141,-0.0016533757773555813,0.0025759251948658246,-0.010543668246369986,-0.0027438306199130125,0.005319250025420885,-0.000558800322624009,-0.005054403987992284,0.002625639361196974,0.0032091319346112535,0.009731749056821393,0.005403248480831735,-0.008032185370014489,-0.0005688061990314353,0.0015121567614579945,0.0067339527648364594
2020-01-30,0.0032401278651752463,0.012495996214981098,0.008606667818784164,0.008008923103388632,-0.007288805285456945,0.0010843942071661061,-0.0016787285417354525,0.01180663514991176,0.009279426768775245,-0.006258976763655166,0.00013841615495557846,6.7318940979888e-05,-0.007194268847012353,0.0010237167669799874,-0.00302685511357792,-0.05647671586379799
2020-01-31,-0.01832498272611449,-0.021136789371552833,-0.02782720628412605,-0.03167869118150213,-0.020170441247949533,-0.0233956435984366,0.0025566112689707765,-0.011331749564713611,-0.004484094051859344,-0.022307029412487633,0.009088857552995933,0.005775708477189667,-0.021898664345528118,-0.004103703078613741,-0.004176889587249821,0.19578763759468787
2020-02-03,0.007401017438819935,0.00698496451827646,0.01313066572864896,-0.013185243816551395,0.009037063458212202,-0.0003699237166987501,0.007076729929576864,0.0,0.0031841608185216863,0.02077861180843321,-0.0008113864775101121,-0.00651687759559838,-0.03282060949871912,-0.00016008464563910252,0.004934567438625859,-0.04727861466255234
2020-02-04,0.015126164288677302,0.009566258162903019,0.025856288770063962,0.00359604941342484,0.017440213900177248,0.01869449280575175,0.01805945554952082,0.0059966100400519196,-0.010021129486729397,0.017520748008414078,-0.013558076208962433,-0.01309430818678159,-0.004777858327833506,0.005948452037648266,0.001513468354926939,-0.11299486054395436
2020-02-05,0.011481985176211573,0.019828414389811755,0.005834177935097884,0.036907319079334755,0.019070088167579158,0.01656704002046272,0.005045552870019954,0.007991861151086521,0.00407863756896365,0.018367551597882947,-0.01099512555241322,0.0012285555646718294,0.024599181380851043,0.004097561607625089,0.0037735131411320566,-0.05770829526499721
2020-02-06,0.0033594400079950404,-0.0012882280919890299,0.009085961185374192,-0.010249093095251904,0.0008671771087902513,0.0032094013247174757,-0.0022478912992065503,0.001715297542858707,0.0002905843473706149,-0.0004923893196386864,0.004496832672922224,0.005373934234125244,0.00373134412738807,0.0007950448131355259,0.0018815133679548346,-0.012620531679595537
2020-02-07,-0.005344292596661582,-0.0035513995697447065,-0.009186360119775916,-0.00701478141709444,-0.007830236202475582,-0.007265711776752504,-0.004355062262844989,0.0012458871683898032,-0.0032021692914434574,-0.014374371051019796,0.012400925654187489,0.0026423634506587135,-0.015009648550555532,-0.0014767354199349825,0.002253070073329866,0.033522706749785414
2020-02-10,0.007437825772151463,0.002906766760560231,0.013451222438908061,-0.005014442755003845,0.0053236035241335244,0.005602696192289258,0.011237392358022902,0.004192831961022492,0.003783626658654171,-0.0004993323367807889,0.0027656546145991,0.0025679490647929626,-0.015238375571908769,0.0013631613502029793,0.0014992038470476032,-0.02818936586072196
2020-02-11,0.0017316158369578005,0.0035408330895103646,-0.003370689919976133,0.011109040371219514,0.0059672711338478734,0.0037971084448109593,0.007830055058234642,-0.0037260770036180446,0.0036244102232192432,0.005479349625327146,-0.005053149660958489,-0.00344789243087007,0.007648213516381119,0.0006810677461821513,-0.0011241713799412523,0.009265476085964064
2020-02-12,0.006421962840841289,0.0006423550399259348,0.010766344315015886,0.01335175590060489,0.0012466451075079377,0.009312171354991072,0.010194026837816672,-0.00046675495740444717,0.0007233488085023332,0.005449632900687895,-0.005078491317329181,-0.0008130784812250269,0.029096413305095048,0.002605648490722423,0.002621296457113509,-0.09966752193515349
2020-02-13,-0.0010676162190543792,-0.000321125942464473,-0.002656208798489601,-0.0030932756468211586,-0.004707283563013753,-0.0056477417121598705,-0.0017422956136208256,0.005896192698167102,0.011073746569345122,-0.003629738928534465,0.0038284351048787357,0.005677303718111482,0.0027713396193016493,0.00033987036335059173,0.0011213127478852947,0.029403326994118295
2020-02-14,0.001600898035613696,0.0012841616666197098,0.0043248076640884925,-0.005299297735460229,0.0007702476843700623,-0.0012986999267452504,-0.001517641547709836,0.0023174885711196858,0.006699289655977658,0.00016518946989885208,0.004368345258659367,0.004169722276595955,0.010096428755926645,-0.00011348034074920577,-0.0003737139058990202,-0.03377966262767984
2020-02-18,-0.002580266825046529,-0.008700056872946504,-0.003733973052793882,-0.008278744002234717,-0.003566581220976417,-0.00568712177607722,-7.587214622262195e-05,-0.003556116978314261,0.008347344873397944,-0.0024820065919315404,0.006824649434416408,0.01273735095184314,0.0,-0.0020381978928982747,0.0037300454071864664,0.08071721650269748
2020-02-19,0.004769928546189739,0.007415895206326795,0.011841586559399708,0.013213454341404418,0.00462419466595243,-0.00035671586253371856,0.004470416047431591,-0.0010848052294432087,-0.01090779812386522,0.0026474557440661073,-6.815875045873554e-05,0.005814285510176376,0.0207870561797332,0.00045318354275458717,0.0018596537473993813,-0.030813790754032677
2020-02-20,-0.004116909457809292,-0.001929201285798321,-0.010464381283731061,-0.0010945604118073327,-0.006460535537334167,-0.0014273327965383942,0.00037785541022206104,0.0007748907165678887,0.003554593744397039,0.0016509822834565036,0.007802919413776976,0.004076339518292116,0.008904727373612253,0.0016984946908928933,0.002968533693536113,0.07886518546665933
2020-02-21,-0.010351630649611643,-0.009702441577255971,-0.022669371549230544,-0.01193452705279796,0.0005803823076622194,-0.0050120728812999005,-0.015383511960831875,0.0017030972713834025,-0.0018464988340092248,-0.004629593529062781,0.009296952216886645,0.014913455926308217,-0.010695279116731626,-0.0009053991421792418,-0.005945823361540814,0.09320463817566615
2020-02-24,-0.03372780288294308,-0.033039150354289504,-0.04221006987260001,-0.0472766039279926,-0.03202635728436487,-0.0288853593171412,-0.0349871950941294,-0.02331701608875214,-0.01172818330874792,-0.028578389515282243,0.014818756365675867,0.00894500265671816,-0.03836087551085399,-0.010813843725287597,0.00037265663717223063,0.38216694898301773
2020-02-25,-0.03077091556632716,-0.03451557742731559,-0.03251687603318931,-0.04515628365583568,-0.030818562073037903,-0.04161230502383706,-0.027067822276835685,-0.018214252752801308,-0.021227823540236113,-0.0441028800014891,0.0053097951029998924,-0.018035934723933167,-0.03216929830201565,-0.007005305874624668,-0.002985066123753377,0.10675784719400694
2020-02-26,-0.003684912534536622,-0.007328670031119255,0.004540808601659396,-0.03065116353831554,-0.00010265979669821235,-0.007602993375729561,-0.007952519167472971,-0.005659452734231074,-0.010191344655775758,-0.0033921995581005504,-0.0053097951029998924,0.004360980385151869,-0.020398963412175952,0.0010369271836365712,0.0007471229709397065,-0.010467553303130206
2020-02-27,-0.045951318425264454,-0.04367194545661013,-0.05544654328074339,-0.054961405423318954,-0.0345696094681216,-0.03782953801220934,-0.04125433253891675,-0.041551842179072374,-0.04602536210491115,-0.047985572777874186,0.010789811689259743,0.00019481624361361582,-0.04106734931220224,-0.013561447224934575,-0.005992588683523259,0.3512903869983255
2020-02-28,-0.004210522090178692,-0.027449877691182234,0.0076111143268802195,-0.0008831431313636173,-0.0129807219176028,-0.01843890102645407,-0.006454160134015119,-0.01997504300339381,-0.033992509004251215,-0.010941389771864873,0.022333071632803403,-0.03717601874476628,-0.03432473542109893,0.0040755128711804645,-0.003386559794291699,0.023969881233118606
2020-03-02,0.04239494275127331,0.04988221218533395,0.05621427698734793,0.03962857116793561,0.04579790343720891,0.03456272567104435,0.033783884387593055,0.05207763807723609,0.057193996135468606,0.04197425206596739,-0.007385938868323727,0.00551108364665609,0.04853820766563555,0.0075590985153013435,-0.005291145048050616,-0.18247122662084658
2020-03-03,-0.029050267508514693,-0.038291139828390275,-0.03871545520447661,-0.03105038744650601,-0.025172089930384445,-0.02475849042756817,-0.024502904883808796,-0.013679888230056836,-0.01237898085555278,-0.008768415718134914,0.015407113392372551,0.03095039019408663,-0.0030287486389521945,-0.004295882665761752,-0.004176889587249821,0.09688669913855863
2020-03-04,0.041173485099720075,0.03255018223621331,0.04202650364591953,0.023377655508214357,0.056047001819428566,0.040496419912227744,0.033972580257376706,0.047952308019826084,0.05519191621940811,0.040631202301527836,-0.010675639623703326,0.0017529903517550238,-0.0030380465539598944,0.013637489714156459,0.0034188889247963594,-0.1406178207099824
2020-03-05,-0.033806318839544325,-0.049419866983047456,-0.03206867966556315,-0.03727113974681817,-0.02347555410848301,-0.05016402554219024,-0.03800099704270288,-0.019002490999810995,-0.015545411165168055,-0.032226273856771126,0.024587348628663186,0.021370951204574773,-0.025681946538163913,-0.012706916780384603,-0.0076132981217234,0.21391066750477972
2020-03-06,-0.016669571428336027,-0.034619171081354594,-0.021364828241110967,-0.057825089252232065,-0.005338371140403808,-0.008794858217204826,-0.015491912412402886,-0.007930727944854166,-0.0081619959853092,-0.026363348934125952,0.0507341484488828,0.0003808885074381152,-0.096038869840819,-0.01133997816043486,-0.0057482118116150005,0.05690597841817757
2020-03-09,-0.08131264300321206,-0.11343846003393221,-0.07895634660766637,-0.22490997188559447,-0.053381217021666316,-0.09673253612246135,-0.06504461777652715,-0.04452565217066917,-0.05592314908812224,-0.09826620344177561,0.02674280589982292,0.0016488747161256256,-0.2918909444026281,-0.043987333044047006,-0.010819359842882736,0.2612264777050175
2020-03-10,0.05045071657641298,0.05708538798631091,0.06456885480968211,0.0463461023341738,0.03373522778243032,0.050547892469930744,0.05381708246145189,0.02830783286057237,0.009254179658280126,0.039799255312925386,-0.05261884779700576,-0.021327151826289636,0.10474680177093054,0.015241702430664361,0.01465519826331585,-0.14095619106651913
2020-03-11,-0.04997664324569939,-0.05577089149180425,-0.04839056780980533,-0.05433304500799396,-0.03896075675498434,-0.06047997743798561,-0.05624032439280091,-0.05029424106380853,-0.05158114402751135,-0.04870138898640208,-0.03749200460181967,-0.0035667044227176703,-0.04231939202037527,-0.02202170442980389,0.0015300051131119652,0.13062022685630348
2020-03-12,-0.10056884748447104,-0.11445013618589295,-0.10270293946237574,-0.133234491612638,-0.07758964353595221,-0.1092584232444822,-0.10653304232533767,-0.09866765699266455,-0.10640201354654755,-0.10123302840819903,0.0061780817159853285,-0.0407056042424383,-0.059364623127498906,-0.04077556145734995,0.010646577190266626,0.33660473624706455
2020-03-13,0.08202819520331239,0.12360233235730966,0.11093211535258263,0.08828305867247765,0.06705660136341152,0.07520843130194477,0.06002651326199748,0.08167787440857488,0.05305604754386728,0.06782635661525793,-0.02286300606319802,-0.030991552565301284,0.06224232019097853,0.030954972728204133,0.03712385984203781,-0.2662275386386179
2020-03-16,-0.11588663456239523,-0.14744848008761657,-0.14866226214528533,-0.14626002502432955,-0.1038175321427044,-0.12040791458148048,-0.13546074957751575,-0.07024264585140472,-0.1205612872759918,-0.11662797472971453,0.06275494672451831,-0.011512126298224956,-0.1401211762580421,-0.05653377664313597,-0.03259552463505244,0.3575910014260417
2020-03-17,0.0525846990479355,0.05287569771788414,0.06586421592616798,0.006808914591466486,0.060883552864211765,0.045027990030233056,0.03778210806004845,0.08096064764412203,0.12038773728131025,0.06001318638113062,-0.06901034212080503,0.013464426338705593,-0.05783927322052351,0.009340859088720066,0.0175410450178366,-0.08555022898742592
2020-03-18,-0.05195947582389682,-0.08870351061540394,-0.03840536678634576,-0.15498444287669688,-0.0337227315077806,-0.07652236646775146,-0.05916388797983707,-0.026026101332638607,-0.04450683860444071,-0.0660718175882038,-0.058065984390060166,-0.020123106842711458,-0.19253111422117852,-0.0451364928900313,0.015054479617215843,0.007088416185266233
2020-03-19,0.002122533495433565,0.021650765491156854,0.003613421980789955,0.06576278249907919,-0.020696234860958285,0.0007394566178349216,0.03428256370315319,-0.03393241465767671,-0.05996746281773646,0.025202444296415827,0.026861927210559244,-0.019086492837834257,0.13113997108214415,-0.022724853752151386,0.023411842908448666,-0.059970773440666036
2020-03-20,-0.04405034778346373,-0.03634922824444464,-0.046908277561711564,0.009714312760730426,-0.039177155229944916,-0.05138071289468593,-0.030174392524450422,-0.06695369318536315,-0.08264519576317708,-0.03644673575614732,0.07250205694651779,0.01488438314668361,-0.0834625444266952,-0.02267997207552863,-0.0028520414680506256,-0.0864054861009036
2020-03-23,-0.025900779326441636,-0.05994478783105528,-0.009175855519440557,-0.07059240312581005,-0.05333600216311574,-0.044789042157949766,0.0016465126178641931,-0.030039892592062856,-0.052376485597747546,-0.05232271456860271,0.040383016357059986,0.04323149614629607,-0.012220099466856649,-0.016187332181917036,-0.0014291163981257071,-0.06976111073872193
2020-03-24,0.08673089034754433,0.11690183868075632,0.09750264240851925,0.14874170732003256,0.07423235487956958,0.1191267025254592,0.08965438431988604,0.049739399612231505,0.10210549272369907,0.11118449637000039,-0.018789664380728155,0.047389520259250695,0.02028465155051551,0.040407979853997134,-0.011506817494149058,0.0012980371357977916
2020-03-25,0.014859338713430148,0.02684052151405103,-0.00128929012253165,0.0460878682591539,0.013225313925299353,0.051265905250896804,0.017395290638613226,-0.0027426539852788423,0.02520232897935859,0.023063761525095927,-0.002274095128946385,-0.013784208180364743,0.019881351705318462,0.027738740023120823,-0.009447730992185654,0.03630398064287377
2020-03-26,0.05674883563990285,0.060884299154384536,0.0600855473588342,0.05930916916524165,0.06431606782634969,0.06120433858469898,0.04053482909367112,0.05329220049638739,0.08180492638137338,0.045897974801374364,0.004909986450695847,0.012740714714697177,-0.05046479470326393,0.04471848180657423,-0.016194586351742313,-0.04722767578178999
2020-03-27,-0.030238246233014188,-0.030930290380006387,-0.04624814517762088,-0.0701921635063818,-0.02164883873712231,-0.04304074281956893,-0.03408869152056626,-0.004661069752452285,0.00540248768198115,-0.03681953575835717,0.0263429711989982,-0.0064814490892439736,-0.07745809018014782,0.0026002513711835817,-0.008196881730854422,0.07178679306634272
2020-03-30,0.03195952601946139,0.018859533094995218,0.041254691744801786,0.010184436782536999,0.04576560078099945,0.014497720177164553,0.02069232962690526,0.038314532368376675,0.036329104381102706,0.03136047957166532,-0.00826344458791528,0.004390990264266925,-0.055186364121200704,0.008531060110738231,0.0044793160512144325,-0.1382068325522754
2020-03-31,-0.015017637879936707,-0.027943978569602734,-0.018858016772382857,0.015256909974004085,-0.004392907159239456,-0.012462206499199269,-0.02038627224988776,-0.02053300641335154,-0.04119022797994143,-0.013890535990876085,-0.008149754741918258,-0.03236482169365207,-0.004739340811956261,-0.008011987160568168,-0.0007451744531059568,-0.06402476949529667
2020-04-01,-0.0460489612018824,-0.06293876097508821,-0.04882741746617558,-0.050822526009568936,-0.03878736075241562,-0.046124700877543834,-0.04568535735959767,-0.017034481666491796,-0.0619788479060035,-0.046118571322652624,0.013913141123009787,0.009411793149400438,0.03958609376108946,-0.027834245857386808,0.006316189289191865,0.06367431466076212
2020-04-02,0.022813064794300786,0.024754832539060523,0.023117016948174918,0.0876448575984079,0.02731969739380613,0.013221898647354013,0.00372822289466912,0.025261906244157473,0.03081802485834384,0.014999972959775398,0.006325710600958878,0.016260501110561876,0.15415067982725805,0.00774653196150199,0.005171831154908713,-0.11404400493580802
2020-04-03,-0.014559841350434866,-0.020162025122189675,-0.015567986452545313,-0.010670408886704674,-0.009062294940433091,-0.013399317471733507,-0.017591251181404033,0.007798948496022362,-0.03640182412011539,-0.02434359583266632,0.002376332533126302,0.004925309776577791,0.14375293673196898,-0.02165305865132927,0.005511650352298503,-0.08417617829556034
2020-04-06,0.06500674907870607,0.0693325603944519,0.08187629256882767,0.05161166331869005,0.05110297706561262,0.06693185838963212,0.07993465789622034,0.03654203658530797,0.07439732653067965,0.0717584663624149,-0.0026146715667572096,0.027333533815435018,-0.07384726263515784,0.02404515058027412,0.0003663762905392609,-0.033901498272168595
2020-04-07,0.0010190178382165627,0.009926561925736266,-0.009000960858976281,0.02110657694778162,-0.00824566741865329,-0.0023268712457547025,0.014775284192543037,-0.011562824472338917,-0.012626406396378353,0.02630020464099747,-0.010527370643026224,-0.005368871400719399,-0.07382724390008155,0.0,-0.009199673979008338,0.03176249266257747
2020-04-08,0.033017528894855985,0.04281438171688556,0.02652880459885587,0.06457783145234641,0.040353583254627345,0.03563067413492682,0.031013344037616353,0.014693049384618018,0.05302522183216851,0.04777626025596193,-0.00730263263371711,-0.008947881947437786,0.053550026669209494,0.02568304209895711,0.0036899666773559936,-0.07443751298438661
2020-04-09,0.015102719549016541,0.05223909442937513,0.0002345185778800385,-0.009100711337442391,0.005498627691170377,0.014980303677630147,0.017875283235021744,0.009332930563125785,0.04608953542165706,0.042103305999594554,0.0018157553265645276,0.025788169295063668,-0.07539799234303635,0.06340565614267923,-0.0073935996525400505,-0.039525266534933934
2020-04-13,-0.009172113020301964,-0.03703272150473946,0.002227533022491901,-0.0032491411680535265,-0.008790796761986464,-0.02969970785065268,-0.0002813058795645418,-0.0074244288259621705,-0.03224175083981695,-0.022220817440284257,-0.009171996455807907,0.0169951055139288,-0.01009094163173252,-0.014430724994575428,-0.0014854504647412448,-0.012071610186211945
2020-04-14,0.029066048174420267,0.004428408334182787,0.04107030139565948,-0.004744968841614572,0.032652344000437594,0.01888542918815972,0.03835475551793843,0.041584426427377696,0.028948564653989095,0.012842193137150737,-0.00024436462338428555,0.007837301543346165,-0.05632353784147481,0.004179151979234241,-0.005589699154585848,-0.08645949447997481
2020-04-15,-0.02147708337715848,-0.04427101342879425,-0.02204637947497501,-0.048106484564975016,-0.0051617243721890915,-0.02805211956191833,-0.02217124114875979,-0.01592008270474743,-0.033543087698240104,-0.047025036169394685,0.026144798080988352,-0.005115017933585264,-0.05061587008607438,-0.009366011690205234,0.007446065136060387,0.0784117002063236
2020-04-16,0.004812904852493638,-0.017707914625500365,0.01210610311538396,-0.04367243706046642,0.021603210995608357,-0.008919990443415848,0.011922247453804324,0.006566064939675709,0.00017040451584859895,-0.005777933128184198,0.01129294989746743,-0.0008653689753943539,-0.015927457323785088,-0.0009918116878511185,0.004441186849447831,-0.018036302033797025
2020-04-17,0.026656811052224505,0.05131691068543365,0.01319480065060663,0.10095191193316344,0.020550849095814172,0.045886421755474416,0.02911001721959794,0.015155802339868352,0.031721899817416244,0.03936403819578027,-0.013495601936334367,-0.019608466717140338,-0.03500943122818345,0.005069379480312719,-0.0025882605782556745,-0.0500998972716129
2020-04-20,-0.017774994710773484,-0.017571945627822494,-0.01615035777781415,-0.03172030652498847,-0.007969410096889007,-0.026985409146096373,-0.01759818345929487,-0.019865525066508738,-0.038566540095888335,-0.02498132315591528,0.0080128583878043,0.007100853720992006,-0.11570681677300909,-0.0151591854084554,0.003326558146678593,0.13879275847971373
2020-04-21,-0.030833594151330246,-0.03280485736485117,-0.042802324912474266,-0.017791615020634755,-0.03087793929424798,-0.02389091204444549,-0.02629827587724698,-0.02147329422344857,-0.01662086440581234,-0.024993441603763156,0.012512916929740214,-0.006848673348053502,-0.28857137699981816,-0.01844883583807988,0.001474880376750587,0.03541378554262842
2020-04-22,0.021951777809879225,0.01074526370058937,0.03777956880971889,0.0349737263089418,0.015151606072226542,0.010450376210099588,0.021329049733390892,0.00960059699750282,0.028738157809804488,0.01947042917274855,-0.01026943097006594,0.019479888950845847,-0.11290171363830792,0.00876089316074058,0.0029433322148531005,-0.07853903826147368
2020-04-23,-7.179432384241125e-05,-0.004191132132664421,-0.006889084686053426,0.03176747702237259,0.0054716192344193,0.007889847905434344,-0.00027180116854275127,-0.008911647604850526,-0.016936458814648336,0.006950323062781205,0.0052944160342836,0.009905643795524277,0.05049620755046025,-0.0005051782904796909,0.0003673182977834699,-0.014395605358408226
2020-04-24,0.013842603071612558,0.014362306720161477,0.020978870666772398,0.002313442466204574,0.013350697432000125,0.00799018856798206,0.016799519567769483,0.010616621047798702,0.006191735686932542,0.015563608105678473,0.0023442859811035888,-0.004294729942651898,-0.02687308396309085,-0.009404285360655962,-0.0022058549279693196,-0.1412250885107036
2020-04-27,0.014315442998905858,0.03347206150637261,0.008538388733949631,0.021432447081074724,0.012780740776210386,0.02454590850702587,0.018535387219248634,0.00289116526956823,0.010405442695869738,0.02632517318676708,-0.018789144785228196,-0.006662589983554845,-0.16000430297509016,0.00407763074426537,-0.0025796759614178377,-0.0763155305305423
2020-04-28,-0.004609051823992516,0.01061955612619947,-0.013401887167760584,0.022642378544982744,-0.020387750463745746,0.018527840930844697,0.003927791713383311,0.005589075667184584,0.0037262369872022028,0.018387876416622095,0.01144573022986961,-0.004466516323335057,-0.027779536507009706,0.0030469765369840474,-0.0011076508595309065,0.008375722812708819
2020-04-29,0.02584172209841018,0.028635077611432802,0.04022320847017147,0.07145925895104144,0.006609205548079977,0.01895433013673209,0.021798878067811778,-0.004231283942215391,-0.009171304259923296,0.025188476747463717,-0.0052027807117287495,0.005518192454017523,0.05480818276686561,0.017467661715294902,-0.0040718335583398435,-0.07225364526404565
2020-04-30,-0.00935424029273868,-0.025558874776517637,-0.0044751113585195235,-0.02237939109380882,-0.004602055526828686,-0.020043937045622684,-0.006241224847698845,-0.011943368002910848,-0.023303225921672333,-0.030187167600149056,-0.011745563261260195,-0.018282683683788825,0.06036319362004994,0.0019922935282323806,-0.006325589897719919,0.08938347406129576
2020-05-01,-0.026829952773917753,-0.03255586818465961,-0.027842856816787,-0.05824274634028104,-0.019235241441476703,-0.030679162583826525,-0.03810962946400309,-0.011046247915675877,-0.024395440139409086,-0.02123393665377371,0.008526904888550568,0.006152293383342666,-0.013691641948678779,-0.017400128632329093,0.0011191386863265151,0.08527724031216222
2020-05-04,0.0027542500483637156,-0.009107602320940877,0.013186259407674594,0.03400385352260793,-0.0005112368254991395,-0.012767720638682256,0.0054196806038984136,-0.0005208049657823288,0.007487853759269303,0.0035377724762448715,-0.004714654848377187,0.003498676361159525,0.04205132671212786,-0.00139899035517832,0.005577229200814937,-0.03335457936639363
2020-05-05,0.009196677376342777,-0.003207089725676404,0.013671362049365587,0.0008084059151318712,0.021449731812772654,0.0038958971823124244,0.003626535534693165,0.0008680659909412469,0.008137073424799635,0.002547132385604556,-0.006421854399176752,0.004232069630407231,0.08942331764069289,0.008617231653517798,0.0007413897226400401,-0.06786163174739857
2020-05-06,-0.0068014489598198224,-0.021805642445388518,0.007744818880674131,-0.026478798903361245,-0.009959147771390064,-0.013867539458455092,-0.00017658555020538813,-0.010990513635851684,-0.034594100068931155,-0.017371070237276687,-0.016267382839473044,-0.012938939248233972,-0.031163987379636104,-0.0056940415552642065,0.004804988013304978,0.01506003142197665
2020-05-07,0.011994273652963017,0.023181313218552102,0.014883967407849585,0.025670392988229374,-0.00010117841294654539,0.01159680040584643,0.015596656366511308,-0.0028100342755021934,0.004004399359847977,0.020302288788336842,0.016567969317871523,0.0152341241085594,-0.018393600411514388,0.0025343750361983552,-0.002954119456484605,-0.08180270677123991
2020-05-08,0.016410895402757752,0.021310971926389755,0.014559783618733224,0.044557143918038555,0.0051435262467514065,0.024542103496740353,0.019287695048408438,0.022093493047552926,0.01996287320593826,0.023716403013984255,-0.013085875719909268,-0.006028427741239462,0.04769621377985711,0.009449006138632754,-0.0003699816070263928,-0.11659103167062446
2020-05-11,0.00020473297412149094,-0.019479552973876935,0.006625062929030534,-0.017690551845550573,0.017055125784855463,-0.012596839777858193,-0.0022197748362815517,-0.0013773516261945673,-0.004282884444295032,-0.015361273966270073,-0.007836582210711818,-0.006253147010599314,-0.014071491158418326,-0.004524242664230904,0.003692773532788074,-0.014761738910366251
2020-05-12,-0.020132565065671848,-0.02642078824997318,-0.020863819120055638,-0.017741401519538513,-0.015346733561366399,-0.02848293208762076,-0.022123341319017165,-0.008478123148795369,-0.008800852319486907,-0.015404287762440738,0.010212159271612009,0.0038815245238019713,-0.00949227658099927,-0.0012608290889266627,-0.0018446413451957966,0.18099076239586198
2020-05-13,-0.017844386603854012,-0.030038170800026798,-0.01738033156379304,-0.046481752796401654,-0.010904816881491364,-0.0254151813612582,-0.017364098194557087,-0.009076849971140888,-0.008515331598304421,-0.02125001065222687,0.006971597190179146,0.009576645345897639,-0.01780171785616247,-0.005310432898201434,0.0018446413451957966,0.0655972201757189
2020-05-14,0.011896723121259889,0.025329977755731647,0.012660190923859727,0.011132774075448548,0.010904816881491364,0.010444885426681427,0.014827087606978928,-0.0024577607925362344,0.010677663718024366,0.012169474077684317,0.009740016703034371,0.008811127536123564,0.04043358662881502,-0.0034294340622151864,0.0011051211327610666,-0.07869718802023451
2020-05-15,0.004586436485934264,-0.006628711495610506,0.005041322151777106,-0.0038825003746154607,0.008400151608014994,-0.0035255136731380254,0.011584049351224479,0.008750589343118342,-0.013410731250682595,0.00868738520187895,-0.0025756770617606506,0.005627947839550451,0.042889722408357756,0.0013987942408055787,0.0007361237749901051,-0.02232654663523803
2020-05-18,0.03000496390010987,0.050033387659690565,0.024204332081042335,0.07852410645943442,0.008231262924469185,0.06384446851391434,0.03714346349976072,0.015731695801277645,0.04023077149932375,0.044597071964375345,-0.022198969310665895,-0.007592898231851386,0.08227336300873667,0.01750539025482656,-0.0081270731023948,-0.08470497189855664
2020-05-19,-0.010324385212244103,-0.02470385839757938,-0.00366169447283049,-0.028398599192156926,-0.012122562790180424,-0.012862259286080757,-0.003594435650096983,-0.018523725703784244,-0.016611204489039633,-0.009634772643801082,0.0037344815877666804,0.009603940342588935,0.0053333897957865695,0.0012472919792632098,-0.0007421329124608356,0.04112233925349962
2020-05-20,0.01684539262499296,0.021989048336802153,0.021669093387740368,0.0391295008009922,0.0011990079084469585,0.01852643430173817,0.012978657208861932,0.011812118423188966,0.005508437068580285,0.015819662852901928,0.0029892188159745814,0.0023714668825753904,0.03616302475943556,0.010543271148940825,-0.003346348283912448,-0.08686253388754128
2020-05-21,-0.006927946967754117,-0.0031768156941565096,-0.014046969924453645,-0.01613949957400518,-0.0074162518742397765,0.002350417997816656,0.0035478377680790985,-0.011113301153157451,-0.010152139356323087,-0.009574755764764742,0.002494855677897867,-0.014683616168536417,0.048527049214005746,-0.0002471511615160793,0.0022321152148987444,0.05355942365821287
2020-05-22,0.0018972980788731775,-0.003643116948917502,0.003633775097658276,-0.006218048250643982,0.0021101124589613107,-0.0007828371116200827,-0.0014834221756458987,0.0034859962916402587,0.011037962567518544,-0.0015103938712783815,0.005997924904726837,0.00589940071477546,-0.03949145276044019,0.0024656947917085503,0.002968533693536113,-0.04750419313706589
2020-05-26,0.012245184872019088,0.05070002616495417,-0.001036886648929869,0.027427067999833632,-0.0018084193217031697,0.04112248794951867,0.01571367146266578,0.005379587190395441,0.006529728691785142,0.02702619960580277,-0.01350067922877507,-0.014316858429626933,0.0035135758727831146,0.007480659444575544,-0.007437757609781492,-0.005340928427787439
2020-05-27,0.014769561178657575,0.042451524548997366,0.005689741547715954,0.012812356122387403,0.010304734572089913,0.032828638711639435,0.016988242798548825,0.014945050410227978,0.011890355793583218,0.010063176327360424,-0.0018384394852200003,0.001800809585778218,-0.02605752837276265,0.002075370231329643,-0.00037335226740076166,-0.014021419077315134
2020-05-28,-0.0018464627406560297,-0.015920067276837813,-0.0019619539222119897,-0.02835578696595764,0.012954319103203105,-0.009500928923727336,-0.012209181182933904,0.008826931696390705,0.02912164070098555,0.009241937428788649,-0.0036871630742245642,0.003344744865694693,0.001199308008382527,0.0009753352796284531,-0.005241537883335479,0.03451683330519284
2020-05-29,0.004445789562346647,-0.011467822993321164,0.012531088531027912,-0.004633142881054209,0.01201259767845464,-0.00618732130316868,0.003630272312014071,0.0010134701560042814,0.007736022569599932,0.00018000192652234404,0.0071161348984807304,0.007331471236597054,0.03339530432824134,0.004011565842011677,-0.001502582927140228,-0.038507428414894296
2020-06-01,0.004033271205003075,0.011467822993321164,-0.00030626309907688665,0.017391419681351383,-0.009951569347697031,0.0022141902344143816,0.009456558746898658,0.006898440372016701,0.011824904002945225,0.006830002806719193,-0.006755632963919567,0.004593203918142663,0.01305201494287589,0.00753579837921059,-0.005655026509086891,0.02583564279346051
2020-06-02,0.008246591486450683,0.007991803769136663,0.009349608091706596,0.027508689811953424,0.005768239175900192,0.012892243009684279,0.008498442960584995,0.0026792067180032575,0.006436168877972381,0.017928825963111628,-0.00364226800135814,-0.006497892824854468,0.03190364020493064,0.009863903073474845,-0.00113497021075748,-0.050491908261319995
2020-06-03,0.013220276899223116,0.03660674115058615,0.007758724218700941,0.02893075766385067,-0.0019514953299069049,0.03826825901021902,0.018725998965191337,0.0013367659416441136,0.011936970163023197,0.02244150212229723,-0.013386233226250432,-0.01862251139241966,0.001845401664747559,0.004657799903375448,-0.00607440866238651,-0.04495996454761064
2020-06-04,-0.002630324081730251,0.02157490445029886,-0.008264482826040531,0.00024009982475714509,-0.007943057119797814,0.01059127834960183,-0.005058064431364251,-0.0048548406759696405,-0.0180422673699816,0.003605981213426368,-0.014584911249803767,0.010471254055873125,0.01391451065514726,-0.0031024931155867463,-0.00381543439540577,0.005828639797671453
2020-06-05,0.025306930915306225,0.036480810190332225,0.025972996048184704,0.07164047442855859,0.016017535835985086,0.03607528239127422,0.02366817011524791,0.013832446627505934,0.012663609196517545,0.025219332694300434,-0.007148480523447631,-0.020483689915413272,0.04861701807171137,0.00939749459778838,0.0019095368890522657,-0.05127286330163283
2020-06-08,0.012014647961011704,0.01887547122808897,0.0050164855411565235,0.0440638737047343,0.006855570621282503,0.019857825058925194,0.01512334052902009,0.010700594440763656,0.026449194804243348,0.0013362493297255362,0.003835574373614925,0.01076400243904363,-0.017470744341757438,0.0011835294161999244,-0.002674204512080003,0.05127286330163283
2020-06-09,-0.007484440101145573,-0.021547004216372123,0.0046984419382107845,-0.03828225658617557,-0.010447093327931256,-0.025220721538312674,-0.0078356194681799,-0.00822096966807262,-0.02025827443603223,-0.01225978818708695,0.01129463896495686,0.00959564535506452,0.0017608469509911018,-0.007835981228130784,-0.003065210289859621,0.06596622092794568
2020-06-10,-0.005595672836062882,-0.03816663818689969,0.016561395969034276,-0.05047659118459835,-0.0015569749359762852,-0.024218779508181854,-0.009423275348973803,-0.0028104579258458884,-0.005864093393475933,-0.011385931959412954,0.014718253084555322,0.01422314285485271,0.00035181104372439265,-0.0014311435309215526,-0.0050009223794442725,0.0
2020-06-11,-0.05937749740703868,-0.08531672176119942,-0.05905307564886497,-0.09895483037973207,-0.057215550727359066,-0.07282680866696545,-0.05379987940537312,-0.03865153924011411,-0.03982870885948575,-0.08039896625787524,0.018725085249912787,-0.007240232329264629,-0.07559720360842892,-0.02599802673674212,0.009977044406360047,0.39170876180778347
2020-06-12,0.011904675165559375,0.02981509609244304,0.012857734588594738,0.02491859369971161,0.006475550973121358,0.019218710351419865,0.00986171399711111,0.0001720264934337301,-0.0025533269943727177,0.0192615966393479,-0.009688159134749519,0.0014153150353442001,0.0026520073739990657,0.009874286709625757,0.002669190281377354,-0.12242115289168387
2020-06-15,0.009292042045323967,0.013752901007556773,0.009610564762503326,0.0030089236569699196,0.0022516816917752536,0.009832284215799625,0.009449355643424973,0.011461790094195567,0.006794724076445213,0.010482329875747709,0.0005539739959656842,-0.0017848491512042486,0.020596093650066205,0.009657332168708344,-0.004197610511512906,-0.04795921414638338
2020-06-16,0.019065021356567513,0.015606232787316987,0.021097048511123706,0.02838642715501205,0.02433869472865613,0.01937951056720877,0.02080487886925475,0.015527985198386496,0.004560144750862083,0.020641507118742908,-0.015452507811139604,-0.0004929560183830617,0.02416814300445358,0.004075869404684518,0.003054592304258641,-0.02144942994569332
2020-06-17,-0.004162687025147882,-0.01519242992165104,-0.00019522615073297445,-0.03466542604217926,-0.0009981490307655605,-0.007223100964164786,-0.002635340034403022,-0.001508621837905011,-0.003037784784514219,-0.008312111600466299,0.00411951106973607,0.0019087937874244787,-0.013110118671734394,-0.0046770975642767,0.0007621291908423977,-0.00595762709580816
2020-06-18,0.0003853541758429557,-0.0012418342523412562,0.004478096998232761,0.01227024533938259,-0.003401567384843318,-0.0037030288995110183,-0.0036543243487194843,0.005186318361940945,-0.00016882854533495362,0.0007102270306851288,0.010532121739871947,-0.001970395110546974,0.022114321609602694,-0.00036043981423716787,0.003802377430152326,-0.015961868635982146
2020-06-19,-0.0057314324266029,-0.00665002928067393,-0.006920548214161215,-0.015298273355126568,0.009574242401082955,-0.012345748534683842,-0.007820026473833508,-0.005186318361940945,-0.028465608563010836,-0.003021340581426113,0.0008008750015315869,0.01097257622136727,0.012117046294740419,-0.0033731713895281956,0.0011378157424974944,0.06408305529479863
2020-06-22,0.006394803393425796,-0.004964364554006284,0.01866587032188116,0.0046222589392881375,-0.003845068406896246,0.001681773591842628,0.01022450953862375,-0.002860455954436514,0.009704661484324362,0.0036979451663805563,0.00012318946600675673,0.00644142707482942,0.02622069504679425,-0.0007233243817301727,-0.005321227320785216,-0.10024827566350991
2020-06-23,0.004592873687599308,0.004628469520981948,0.007194004406875454,0.0010187281852118701,0.004293273006691578,0.0001449908957136259,0.00783557881209429,-0.0015268398982186682,-0.010125673077519437,0.002315260357983462,-0.006858132864054234,0.008384398864595966,-0.009012200824934702,0.001447720250214779,-0.0034356873469656435,-0.012670413734777064
2020-06-24,-0.025839498138997108,-0.03590111091524095,-0.022814049334329844,-0.057083619439145306,-0.02644995527955718,-0.03537606122832049,-0.02227075991351679,-0.016951080162972865,-0.00916636416364236,-0.029610402276414316,0.01066791957415969,-0.0034899960158005783,-0.0525401991625003,-0.010301327782967995,0.004578438726076772,0.07579149029179622
2020-06-25,0.010663619651444911,0.026198570971462942,0.012727858455763297,0.018951586306335422,0.009773166260797161,0.01104167004059331,0.0013423064792190686,0.007054938535430377,-0.01247359507963619,0.012384109264177212,0.00287939164798523,-0.0006028992986149007,0.025005851834008386,0.0003653946802417707,0.0015213596639687132,-0.04905612361179035
2020-06-26,-0.024038407725258892,-0.04375844436762133,-0.019891385774706727,-0.03525199682116886,-0.01223156298925776,-0.018723210326511364,-0.023716511959212205,-0.02061555517931435,-0.010635333982103923,-0.013851142273031858,0.010646642543078677,0.004453219386376439,-0.020977257880741007,-0.009543859907951813,0.0015193005352078792,0.07501643794001067
2020-06-29,0.014590759475096249,0.01101074687354231,0.010872498155402699,0.01333191432412173,0.008984470568128344,0.032282449681777514,0.01881191986750519,0.01872769744541447,0.018671983345864618,0.019266173869160408,-0.0031518684105336092,0.0005403343600223209,0.03271907283553821,-0.005671552266800717,0.0003794437568016562,-0.08876667086055656
2020-06-30,0.012728062882225721,0.013487693180382454,0.017766197927023608,0.02271296415578883,0.016930677854197107,0.005692901131898687,0.0126868113881633,0.007359691619301056,0.0037282359091115325,0.014298855127624854,-0.00486859637825976,0.00443108649793178,-0.007456132256446146,0.009107957784706855,-0.0015186396581898798,-0.04340820877712481
2020-07-01,0.006980457718731792,-0.00868068763697405,0.001625692232939624,-0.024606694422181885,0.007664974992690254,-0.004522583114672685,0.010050212977771089,0.0008524114958636808,0.023122422521376418,0.0021273632557297084,-0.0019435304594432878,-0.004491160110102754,0.010281987987870611,0.0031073597355177895,-0.0022822925123522353,-0.061323170486036194
2020-07-02,0.005491694625350263,0.0013064136246008218,0.005811005615243392,0.011040746404656687,0.007508678161397775,0.008590302728713084,0.003945917692328216,0.005098736144496296,0.002594249629598089,0.01859696183385262,0.0010393773029697684,0.002158277937509112,0.01401072361387623,0.007333020914227717,0.0007613430795911924,-0.03339566167701813
2020-07-06,0.01531941554578431,0.018974569535972208,0.017328065926573988,0.002941699569573686,0.010086748508505217,0.014250004111988623,0.023427874649794234,0.004903809705121276,-0.01233833215542024,0.014152663223723216,-0.00410436976059092,0.005970880083946639,0.007277768660642447,0.007158094322287312,-0.0053414450980247,0.009349231168656047
2020-07-07,-0.01036747088959089,-0.020717357925029933,-0.010511469121525785,-0.032291515923174696,-0.008709958081539071,-0.019337365871268553,-0.01581279302075167,0.009068478444781647,-0.004030000969504677,0.00034279917023161133,0.013958796035482557,0.006290434327038241,-0.00588739947973238,-0.006671397856719885,0.002292757618108876,0.051955199671667174
2020-07-08,0.007619711924837347,0.010412374875283348,0.016190378817533713,-0.0008277967021754762,9.851740398847397e-05,0.0,0.010595071825890479,-0.0025111582045234115,0.008914109769070144,-0.014321605115581004,-0.004002984855957514,0.006192353605402268,0.01345541712875864,0.0026744266261466976,-0.005357967907968497,-0.04695699617433924
2020-07-09,-0.005709149443488215,-0.021375025666786396,0.0036138726670218446,-0.05066898207942527,-0.0078934964552273,-0.021949349868680024,-0.0011380123490383198,-0.007907593707729532,-0.01348900195708369,-0.009429107944574078,0.015796608494363262,-0.0027080639028707054,-0.026742363057853602,-0.0021877106461953844,0.0034477017967802226,0.04116382697373444
2020-07-10,0.010158940845694353,0.03381370294463215,-0.00027721429156235544,0.031440274635284204,-0.002380542217331083,0.012874714479498728,0.011847127856191797,0.018244409463501476,0.018695095639318815,0.01721934617144294,-0.005037498834454368,-0.0025972650920351725,0.021588611194326646,0.003400139566442917,-0.0015308446103992068,-0.06970103514598858
2020-07-13,-0.00869693903775115,0.004253328883485175,-0.02094322155715167,-0.005360466120270413,0.005644064340932786,0.0041088424675992385,-0.012758665761840149,-0.001493596531011221,0.0010381959156799958,0.0,0.003301538197922227,0.0012403879870825918,-0.018425714414896266,-0.0054700797597142525,-0.0015331916890923836,0.16513543438034217
2020-07-14,0.012875279876216617,0.005080605387314474,0.011460724858531446,0.03447660902922145,0.019651676630426884,0.02144038512247093,0.00990393385312327,0.014512042385179669,0.009294399824019806,0.024864894258214587,0.0014374101206824363,0.004652728164010966,0.013245197690691768,0.00849661433797344,-0.001919631117946352,-0.08658778740950623
2020-07-15,0.009145604234735316,0.019653390847216734,0.005403058726576315,0.021360923144885025,0.012889688836537516,0.02519273734029781,0.014192024575256923,0.0008181542347949211,-0.0039482132531021286,0.016681105209148228,-0.0046784395190826444,0.0008809438623460508,0.014096907131679881,0.005663663802407903,-0.002693928153127967,-0.06147187135554466
2020-07-16,-0.003298677977813469,0.0,-0.012433202592044612,-0.004558187551790827,-0.0016261633715108914,0.0002792072166029058,-0.0026737025160956662,0.0021245988043041564,0.012647769925058228,0.00330308798762724,0.004737783119535877,-0.0094966393251541,-0.0044482901893001525,0.0009610377466433562,0.003462205862226231,0.00860836629157724
2020-07-17,0.0028947789981454974,-0.008315690740438697,0.004879339940000449,-0.014073530579698179,0.013596801098781697,0.0059902038567125615,-0.004696160491475254,0.00537229550313878,0.0223367591083532,0.008373620539617654,-0.0020960830495049265,0.008204262794308192,-0.002059714621304387,0.0027581494650297245,-0.004233234467884817,-0.08649201946965146
2020-07-20,0.008048985057810043,-0.004603820570267203,0.02523361984532979,-0.01676526713845483,-0.00018910180863596082,-0.012297401724937096,0.01586284285503048,-0.010117670014035074,-0.013207506466602847,-0.008703530774347268,0.002455256453527177,0.004808590336846663,0.0006870648619412556,0.005968680495176848,-0.001543842961748254,-0.048673397876099145
2020-07-21,0.002125595424565141,0.01952303269539879,-0.010090749015552625,0.05866601354000078,-0.0006613836400628514,0.013130253196578678,0.0015435557389702481,0.008655259406084692,0.004533484917195629,0.008703530774347268,0.0005975307038239563,0.0119789624776665,0.020394944597425635,0.004630676809624923,-0.0061991453503384975,0.015416170378654392
2020-07-22,0.005675835080579006,0.0,0.007989440048811858,-0.012360536629448138,0.008939089053041194,0.008016715805216457,0.00855413413995354,0.007935901990278715,0.015295660246418485,0.011542073858897606,0.002984608243382425,0.015087942737563864,0.0010089352458999556,0.0020124411066726466,-0.0027242465644783387,-0.021156218658487713
2020-07-23,-0.012003425828787329,0.0008225241281323292,-0.026319840414491757,-0.0018541057612826428,-0.004506479107217132,-0.0030333143887721903,-0.015110940616883894,0.003542764052947067,0.001154092268141227,-0.0030757324870647196,0.011613654970521026,0.008786586410813868,-0.011494384614034736,-0.0007096643470996256,-0.001950419551876248,0.06986968958345097
2020-07-24,-0.006461135718660138,-0.0024691679746480233,-0.012187722539820811,-0.005582648334681473,-0.011070536927067387,-0.008041051949894573,0.0017720175633062496,-0.0012867084138807883,-0.006613823885722958,-0.0034102058669329693,-5.8968640656686944e-05,0.008542281441677346,0.0010195646236152989,0.0009460865045243239,-0.004304464884592907,-0.009245049313565623
2020-07-27,0.007265670862002693,-0.00827475465883687,0.015656158210322957,0.0010659594019584162,0.007488412429942137,0.004167504022408508,0.006178741379321728,0.004977210899389739,-0.012183950613677386,0.014374496178201301,-0.003718468156410637,0.01956119696469827,0.009465884744519482,0.0023609039582019875,-0.0074788831949734735,-0.04350232710665214
2020-07-28,-0.006362437255472031,-0.0024958728584132395,-0.011766525189510268,-0.017191007166368788,-0.0011341149342305457,-0.006955132033937161,-0.009948365370604506,0.003676362327387217,0.01500022535446588,-0.022213843969105973,0.006895004836044549,0.008306536040413093,-0.012527637474368358,-0.002597326115626686,0.0015791934111839545,0.027901401751898813
2020-07-29,0.012223742264898085,0.018568647599174426,0.0143833743437769,0.020647309256295543,0.010439823267583748,0.015100128649514488,0.010094533193949928,0.001435199551345523,0.004621247629172043,0.008164401603986793,-0.0017047674129342383,0.007482169283186124,0.0074677642725626825,0.005541289589087839,-0.004744993847173085,-0.05411090313952327
2020-07-30,-0.0035742159319474,-0.018152162390099758,0.0055846439796596314,-0.04007077369795553,-0.006947520697464071,-0.01008770157617711,-0.0008064786021222403,0.0,0.0,-0.019542304627892637,0.006566662576597437,-0.007427778888432712,-0.021881194007124183,0.002114302432591586,-0.003971418669664217,0.02701760073518278
2020-07-31,0.007871061091122122,0.00041595886375667135,0.024660907653959008,-0.004707120024313838,-0.005764000308908557,-0.003757021098790503,0.005196101352545668,-0.0009563807511581146,0.0016453643209568547,0.0009943898070616797,-0.000642936036484798,0.009046884353027806,0.00482757453601268,0.0018754151338580272,0.005951272817740438,-0.012190364230958206
2020-08-03,0.0069280776255764565,0.0029089011024154843,0.024332361505988942,0.003601785006638103,0.010275828399098685,0.004173301805938223,-0.0021190773080634884,-0.0027151281251716064,-0.01090931469672185,-0.005648852400645943,-0.005047554396000464,0.0011318982444246117,0.009245073842691909,0.00024682158742272975,0.0,-0.007386098357863524
2020-08-04,0.003855189300868034,-0.004157827217133647,0.002559871430050542,0.024044862325829808,-0.004417790292309043,0.0024957853853617706,0.008013749471333043,0.012396913579549196,0.01090931469672185,0.014062677082825825,0.009487483693646048,0.021054515412853192,0.014885272397619165,-0.00035248872979298795,-0.0035665645902662746,-0.021649490344071598
2020-08-05,0.0061916975538327534,0.013656277533784955,0.003695525682776424,0.010473908343347382,0.0046054832454700545,0.018931092204988786,0.012117492519490902,-0.0020553087879853216,-0.01290575987863285,0.01451551377983229,-0.008781208427694587,0.00924041727083491,0.014997743335538605,0.0017621877599847124,-0.004376391934706181,-0.03294417530814053
2020-08-06,0.006662501862510162,-0.00041117749582575414,0.013954539867615523,-0.008047416361276927,-0.005359379961382693,0.0037975952123741052,0.004862569711791664,-0.0001585804997406015,0.005811784163866296,-0.004218901475381287,0.005570313912940605,0.013186741026147253,-0.0016553301971136136,0.0022278852756123513,0.0,-0.014899493732265068
2020-08-07,0.0007174608990130338,0.021156065044753536,-0.015009282433263493,0.0013458492483313655,0.00320043928436764,0.01691299268519053,0.001497335993619231,0.005367969413415441,0.017885337060531192,0.003408893912572708,-0.006688282594799588,-0.016012829047696187,-0.010994610833391594,-0.0024625944960785517,0.005963102376896234,-0.01961723840217955
2020-08-10,0.002984599761663098,0.007220169980828306,-0.0028170647450567188,0.030461957811483753,-0.003388665587125139,0.024326040043027852,0.011896512141823301,0.005182671738484412,-0.00032517707205759194,0.009676021803798562,-0.004483981429943107,-0.0034649534714485952,0.010331685462309004,0.0004694249310688292,0.0015841967800902523,-0.0036084805448584056
2020-08-11,-0.008288972883389256,0.0115240625536015,-0.018150117535914667,-0.0033975287456251557,-0.0063383413040174474,0.0053117132170212855,-0.0019730438400369366,-0.006916191634343427,-0.021874160583220892,-0.0017670220465686448,-0.011956100497622302,-0.055189726718978704,-0.011337238977812358,-0.009077493980131024,0.0015816036558988777,0.08236896218281409
2020-08-12,0.013846200180525514,-0.002769474383270687,0.0224609734377057,0.009898745473114978,0.016657117025157042,0.003224878438166101,0.01317309079591844,0.012850775153343097,0.014362601887656368,0.005930987521727715,-0.009137386558725424,-0.004679132411383513,0.02451264771994932,0.00023636542029947805,-0.00316580043598913,-0.07561363244488728
2020-08-13,-0.0018097897909346017,-0.006359093194176602,0.000438926012606089,-0.019631647469315894,-0.0013073875841280724,-0.005294133562667724,-0.00041796039617114644,-0.0007789119766696828,-0.0016404308999469208,-0.00015974265697638046,-0.01074721930150524,0.023343474417206522,-0.005249350958782539,-0.002726594942225269,-0.0003964416432822304,-0.006755329737926807
2020-08-14,2.9612855208860367e-05,0.003979222195426235,-0.0007023741248470827,0.009471288123113375,-0.0019645278532065547,0.003876347579493178,-6.99186730148682e-05,-0.00015557664298082585,-0.008739292495385076,0.0011182794889577075,-0.003913683689045655,-0.004318527254207893,-0.0023052766788014267,-0.001782726901557119,-0.0015872522395286026,-0.003621548847648981
2020-08-17,0.0031716591101114133,-0.016820623312632677,0.006651534914863699,-0.00577757840517279,0.005881573965092812,-0.0046538560888764735,0.012802035094618525,0.005595124025465914,-0.001325965602839485,0.0044606542625147405,0.002509037974746775,0.02146194877539198,0.014402885025869505,0.005929629612673182,-0.004378221694829154,-0.03226080975035783
2020-08-18,0.002158218436632886,-0.006482771079838745,0.003743905978780049,-0.012721967135856715,-0.0002793254484618757,-0.005457486115949983,0.006169012431338494,0.004021633950758385,-0.00448759633877982,-0.004141346052707995,0.0071266294639746874,0.008967673573403445,-0.0055401827862318065,0.0015356557318950692,-0.00559997243869903,0.007466196378288714
2020-08-19,-0.004172515131843468,-0.0004069223056983873,-0.001217542076568101,-0.011535888599042643,-0.003263973269211462,-0.002608841330972389,-0.004726333412802042,-0.007903963611601839,-0.0030030856675495876,-0.00287731369489741,-0.006271212521628655,-0.03207438281593067,0.00195884704222804,-0.0028373359505966533,0.0079904693466748,0.04677359530916769
2020-08-20,0.003108633477369338,-0.009397374165254213,0.013224731456629613,-0.021823036837348653,-0.003181196166892164,-0.005370702721623211,-0.001511492879546772,-0.0020246472893150624,-0.008894918461621604,-0.00352788982485297,0.008998773879588029,0.006890137653281947,-0.004576647051828253,0.0033093094602403283,-0.0027894692241483554,0.007954014401352794
2020-08-21,0.0035411960858438007,-0.0020546079660448413,0.012628051624499648,-0.006363332778219988,0.0010300615725027384,0.0040629611634432905,0.005144000256417591,0.0024913401374355715,0.0016843636510301963,-0.005799999722250426,0.005974597576001273,-0.008043165542872543,-0.011202757963507892,-0.00011804987927455102,0.00477719401100174,-0.007954014401352794
2020-08-24,0.010082128566653914,0.023578395930573315,0.008611422026010729,0.02710617863849052,-0.004597547224082454,0.017890055232492763,0.015072280832463925,0.008517178519228175,0.008713263155859963,0.017458474590479778,-0.0016258485718418925,-0.005674470685926636,0.0056170666229684585,0.004591554868410341,0.0015872522395286026,-0.007570736211464979
2020-08-25,0.003492978748956155,0.0028082783795588817,0.005031073525330498,-0.014145619310231172,0.00674868181847188,-0.0012854695552118045,0.0032966965162311013,-0.0021609829731197294,-0.009555128909499722,-0.003977330625937636,-0.007682902047290163,0.0012147382641174431,0.018606696112157817,0.0010574546682260433,-0.003574977026381987,-0.01531562103515105
2020-08-26,0.009975845911546877,-0.004819262633072086,0.020120537503788505,-0.02132177869138996,-0.001215327632046126,0.0005146007610372649,0.009824525671394468,0.0012353699090210668,-0.011179098093308415,0.010466338833730049,-0.0038336134390393184,0.01173966732513776,0.0003233703769538465,-0.00011776810795982584,-0.0011944459996042767,0.05475980500313016
2020-08-27,0.002184113475239613,0.016766819507788355,0.0008194862347625786,0.0019572695437966026,0.00782567793499922,0.0035938471899585878,-0.005401546628855947,0.00615515735990968,0.0032313451347194544,-0.0026854414016308503,-0.01715577820922931,-0.01162928674736019,-0.008441615949902115,-0.0015269461028593057,0.0011944459996042767,0.050282852407834255
2020-08-28,0.006438700514093121,0.00395109082992251,0.00872605391398995,0.017719261833406552,0.0022246610618079643,0.00943629282292946,0.006531254890703941,0.00885757496720263,0.002882008010741899,0.011793607061821643,-0.0007446262507126988,0.0172309262992405,0.0016289053139937337,0.0008226336319747674,-0.0079904693466748,-0.06369431781739188
2020-08-31,-0.003628940017333271,-0.011900416522754309,0.003161338833815641,-0.021917957572998414,0.00240437414421546,-0.01251612570926941,-0.00292705502180457,-0.002893165811280518,0.003042448055872171,-0.015438223988345712,0.006619435591042944,0.002383417194323556,-0.004567687921710029,-0.001410423338857214,-0.0012041230409716164,0.13998918895490453
2020-09-01,0.009374326392937782,0.0027895927606800264,0.018921460678305024,-0.006755124702783277,-0.009000064765719351,0.010101812848950509,0.010405942807834911,0.0010668772830380036,-0.011543063735838466,0.02771206419795247,0.011372677328218117,0.001189581722410793,0.0009805748909146317,0.005428242984214293,0.002005978306709011,-0.011041383993239506
2020-09-02,0.014360542196569348,0.014223880205725514,0.00885593512321936,-0.004812526082166091,0.019841177376648922,0.016404232807331276,0.0137516897543275,0.017964100534397787,0.030600965645804834,0.022445317770549256,0.009475544006913417,-0.01321861087305809,-0.02480696034544927,0.0011738401643874852,0.0036008107262777145,0.01708141174784883
2020-09-03,-0.035020632498882875,-0.015418189640360236,-0.058682926506579136,-0.007405073948539176,-0.027607428635815445,-0.028435581085875405,-0.032252138316192,-0.017354830976924696,-0.011323998357355425,-0.0280196912428905,0.0028362565120021443,-0.008137254873337163,-0.007395032715757033,-0.006235984654272109,0.00039929089295709375,0.23474327327010025
2020-09-04,-0.008198316930269733,0.007540959340321507,-0.014039475223603937,-0.0031497456023550363,-0.0071643520337190125,0.00231484603862242,-0.011620219254735886,-0.0022863024327532955,-0.005710606660636053,0.0006210372826958022,-0.019170139890509752,0.002756493292222828,-0.03886986888302246,-0.0027186776295584636,0.0015954829666502413,-0.08863602730356801
2020-09-08,-0.027702686241044994,-0.026037757324669286,-0.04626175355332185,-0.037100848385015706,-0.016598750496304326,-0.018934195119621577,-0.013201711768209279,-0.021280463591462073,-0.005573617368808126,-0.018955832420574303,0.0061253314287323946,-0.0019287808618004831,-0.0637204376106899,-0.005578213826242795,0.005168006521434343,0.022826874276290265
2020-09-09,0.01955471187813096,0.010095005096859122,0.03210879581978299,0.006821972509306828,0.017544309650909362,0.015330526072077078,0.018690528150140828,0.014390780062207398,0.013124709471017404,0.025452187798329362,-0.0026899454982851623,0.009661434230238797,0.024373431405809498,0.007824238363569158,-0.0015872522395286026,-0.08799433796961065
2020-09-10,-0.017516337346989097,-0.01416178471316698,-0.022841724391299945,-0.03734243909502766,-0.015430352366898603,-0.012846128120376221,-0.014430330891107346,-0.012366624418214123,-0.017368260762455012,-0.009449439819730454,0.005069366239703221,-0.0032283485242556864,-0.022879187017088576,-0.0047345810896146645,0.001983693882810833,0.030761128099848545
2020-09-11,0.0005094162739576191,0.006903596593162309,-0.007672240287217136,0.0009199900480889589,0.003927886857335139,0.013490801026076582,0.0015072530410167317,0.005583910724879182,0.0023786504103218142,0.012682090476478614,0.002130030781675174,-5.486155779266255e-05,0.009288567302286221,0.002014987638852439,-0.001983693882810833,-0.10047320479855548
2020-09-14,0.013084839479890142,0.013665923281169334,0.02076350468651844,0.007634822123576246,0.014239866543642954,0.013438336254051109,0.010555325058152931,0.006475523138711026,0.01365137667805083,0.014342375954543574,-6.0610463256338676e-05,0.007861603277736329,-0.0037050942268397336,-0.001066164936217362,-0.0023856562354467314,-0.03869983814901179
2020-09-15,0.0050399819791921985,-0.013665923281169334,0.009836338216591578,-0.007328100971369267,0.0013185595391087546,0.0006356604662949294,0.00816342175733098,-0.001384145374945689,0.006673331252948778,0.004836198550515203,-0.0024350308244693863,-0.0023956152677246934,0.021300838892814422,0.002722861195655568,0.0007957046107343047,-0.010108959576996313
2020-09-16,-0.003976567932697073,0.011267980116393073,-0.01557513242893993,0.039361933115727776,-0.0016953727093893534,0.010112742014956488,-0.005592460016228706,-0.004472756113596432,-0.0013311845773475994,0.0007535457065723783,-0.002990982476313242,0.002830573307104345,0.04198411964983384,0.0,0.0011927226256744916,0.01743219636437665
2020-09-17,-0.00883403568621599,-0.010458851163037242,-0.008319325047844828,0.0014723931821833958,-0.0033061470184039266,0.0020101873002404957,-0.014153987196942275,-0.006358444201839397,-0.008191863049312964,0.007354621966069175,0.003051852387781828,-0.005505121062684637,0.018298414113575134,-0.0010651411549496004,-0.003582179495047466,0.016000271587512493
2020-09-18,-0.011579657650846897,-0.002024094210129057,-0.01738545363854005,-0.011242794464073391,-0.0015147886476567507,-0.011234127888954504,-0.014009155475372737,-0.009220833143097629,-0.017783513006111473,-0.017347284227402504,-0.003112684289259704,0.0013108491716185,-0.005832923698026349,-0.0024878286726117693,0.0011954861775440584,-0.02409751993232634
2020-09-21,-0.01119218176362935,-0.02537502049915652,0.008278536995107721,-0.03370761051581139,-0.01864654597349613,-0.0337585731333121,-0.01455005314083646,-0.007657859572225423,-0.006241375232285851,-0.03424329372186774,0.005061131462238855,-0.020291789448273256,-0.026854222088679602,-0.008100646288928814,0.007142883749674311,0.07277975788940427
2020-09-22,0.010133205860959116,-0.008392926763292508,0.015706508124503138,-0.010376006633587398,-0.0021344574507642378,0.009836808414116938,0.020909278755508076,0.005871610932937976,0.0062241608226663026,0.001896858553159575,-0.0007909489451884966,-0.004858095828926601,-0.0042508330790789195,0.003463374200571856,0.0035523997430297882,-0.03367814822492843
2020-09-23,-0.023464342489539547,-0.02258775228358534,-0.03166386859605197,-0.04624921902103907,-0.010348766016331723,-0.018042280011226097,-0.01653739267666232,-0.01514580826139289,-0.015458447963991429,-0.02980969279577428,0.0013384369689823927,-0.021843335368817662,-0.004982194923117689,-0.010183189088747824,0.005500954790155443,0.06206895601370421
2020-09-24,0.0026620974068709558,0.0021529231460055698,0.00558711875431106,-0.0003309487628975205,-0.0050172433172868125,0.0014606867779587418,-0.000422236877784421,0.007362292863937192,0.011140098742705717,0.007132156299098025,0.0038222705672614765,0.0037119030895915728,0.016628697601101194,0.0006019642227856892,-0.0015685787773267457,-0.0024522588795288236
2020-09-25,0.01603763612410347,0.010269656327911658,0.02362221150457966,-0.0006624615875976403,0.015948467905372077,0.014883365571090934,0.012937314060915917,0.005248420574774482,0.01631104952607787,0.008844782312287691,0.0,-0.0028540460781512067,-0.005277043645121715,-0.0018069178536004316,0.002743465249152255,-0.07764879547678216
2020-09-28,0.01647291539217921,0.023559970030085697,0.018952552585718596,0.023252993693204438,0.008986844588847909,0.017880710069144712,0.020698997439245304,0.011199741329563029,0.0025510824618670824,0.016041004823454497,-0.00285016794090609,0.010010290107421937,0.011921604978555322,0.006489293112333705,-0.003136016405040909,-0.0072284365646413384
2020-09-29,-0.005461174354877585,-0.012552078970420766,-0.003364294107374377,-0.027902790005694733,-0.0012512286743664447,-0.008900229017712036,-0.007789144655640179,-0.0066099324412172145,-0.0003399948339346537,-0.007432735159101256,0.0011531597344980327,0.008397048385655914,-0.03511620787180547,0.0008379341221020908,-0.004722498303118883,0.003049942211506007
2020-09-30,0.007553588806476164,0.013383676715780446,0.008346441029098095,-0.0030003413958641367,0.01586262689403828,-0.002594597822493938,0.008129365978924774,0.012085260111496243,0.008965835609803463,0.010107302912303773,-0.009631498397472349,-0.006022969047958959,0.021075976939467278,0.00406091548512677,0.0,0.0037994110677161963
2020-10-01,0.006399574166949584,0.0016603365077925147,0.010484742743176234,-0.031199420580123594,-0.003418724963417219,-0.0029926319539654855,0.01297849492987524,0.005600436367910966,0.010053697611803525,-0.014242897245841935,0.0016483127371937911,0.008880963695329314,-0.027958834419266942,0.0034291402812334226,-0.0015791934111839545,0.01243656179021091
2020-10-02,-0.009539741093840703,0.007849581558082352,-0.025681087276062442,0.009598839200302134,-0.009174208981492349,0.011143094424825861,-0.004239939897106915,-0.005600436367910966,0.011767883823689207,0.008886184566553101,-0.0037410732657079393,-0.0008957769408937111,-0.04308129379203285,0.0,0.0023677686988037294,0.034238514580617885
2020-10-05,0.01757725033710056,0.01632673588586231,0.021687687689611046,0.02958196553534398,0.02033683979016576,0.01597769796763071,0.013132450424221176,0.006685821210087539,0.012444837658920793,0.018934918382969013,-0.019732192151749928,0.0048610816963101655,0.05823310141913618,0.007486917840719087,-0.004345273916206427,0.011872776060093404
2020-10-06,-0.014317933384368153,-0.010172843691343303,-0.015616040160787215,-0.015017706747456838,-0.013353075137715109,-0.01224810257579545,-0.018678418519060713,-0.0065297041602327965,0.008426579595990358,-0.012635701472234029,0.0053746048305516325,-0.011830479550693163,0.016335558102520853,-0.0022518579781687365,0.002767413654441331,0.05293716717176933
2020-10-07,0.017257028831658694,0.016629794251234564,0.018166953892717608,0.014023559566402,0.018700909460378057,0.02183953535287486,0.022597799586815626,0.010705070407968087,0.006113100936732785,0.025419634241013345,-0.007319774281924651,-0.00045132478533460585,0.0,0.003553727238017501,-0.0011850967620934405,-0.04936699615158302
2020-10-08,0.00882332089443949,0.013583861645421358,0.005166432160985224,0.03678183910966837,0.004854026363000585,0.009873307328899017,0.006542810463892046,0.006613972679488711,0.018119089001145117,0.010050648177341692,0.005386299005850859,0.0035486272055740287,0.02607483083551143,0.0022441241751929297,-0.0003953445606121875,-0.06249732285284626
2020-10-09,0.008890803887563692,0.0011899238583308325,0.01517538176568678,-0.016108443509321724,0.008991795100000033,0.00372367536159679,0.010354074760519083,0.007788049632520888,-0.0001576842600159445,0.007697465989850993,-0.00018762997160770567,0.017998399966815626,-0.015563131213530479,0.0022388543773459446,-0.005948913057845395,-0.05297190792056572
2020-10-12,0.0159595168961868,0.011036579498109766,0.026926520463435466,0.002594839619860956,0.006805884739809365,0.005683120307106826,0.013211740972327135,0.011494438886984426,0.006281446900328724,-0.0016553607902207723,0.003180258062157826,-0.0028758136916344768,-0.021847269106202383,0.005049349513628343,-0.0011939706918289161,0.002796075129054554
2020-10-13,-0.006547335948382305,-0.019394839317133705,-0.0064193189522763205,-0.01567139637538295,-0.007636697565178707,-0.011149605752430958,-0.00019308252610716892,-0.0007521540586417075,-0.006911931761051093,-0.008925056376204221,0.007135226052507271,-0.01585383405158325,0.013798180990953757,-0.004461083553190193,0.0059559114179386086,0.039113316242141316
2020-10-14,-0.0063032899595585334,-0.009638619246087998,-0.005312758526033079,0.00426881105938115,-0.005835719420927532,0.005590290512857976,-0.01113006744491507,-0.0051297194947261815,-0.0012616619368119864,0.002882951176574,0.00228444967241348,0.0030899939936110954,0.018106360603898253,-0.0024733772610527893,-0.0023780041627889936,0.012578779463263245
2020-10-15,-0.0012367548673397621,0.007638153623350075,-0.00451770897575976,0.01205024452288539,-0.007272715063881385,0.0035863638325244196,0.0037022918969062957,0.0006047415263639166,-0.000631751035709005,-0.002882951176574,-0.0017282310754849206,0.003639489400711682,-0.0013811814393900335,-0.0007079183504110631,0.004750541593126378,0.02136111598937518
2020-10-16,-0.000604457880888809,0.0008008015534279878,-0.0028854550745700536,-0.02292174724603635,0.009870470045653335,0.007256636797937865,-0.009117628579096149,0.00030226724158843865,0.010682032432757893,0.006965497739006121,-0.0027846456619835536,-0.0034712263457636894,-0.007631019385544668,-0.0011813065939945133,-0.001185565098601682,0.016182793055790068
2020-10-19,-0.015320015672678267,-0.015322985059996075,-0.01849923275261034,-0.021427012072145146,-0.015971956108998597,-0.01245479805170735,-0.012375914048627479,-0.013082136178612203,-0.008473291570822106,-0.011687320748835717,-0.003786142502976375,0.0005046193567768142,-0.004536708600425765,-0.0035508351634936375,-0.0031683958257153755,0.06257564880520317
2020-10-20,0.00399731373930301,0.008093939552103802,0.0034425851649464434,0.011774847191590165,0.001317445075060597,0.005198161253769484,0.00798309885257531,-0.0010722109441765326,0.005970068192727052,0.002287549846239134,-0.009562115910341618,0.004809318137998453,0.0159614453636161,0.0035508351634936375,-0.0031782903942709773,0.005809005718342419
2020-10-21,-0.0018942351582289518,-0.005253803515259392,-0.0015098250122216328,-0.019247682108209485,-0.004996112561753918,-0.010173807572875226,-0.005469069823615946,0.0009192346520405792,-0.00266629121676365,-0.003815495417179182,-0.003459386672873599,0.007503195298922627,-0.03324886711980879,-0.00011797995823759067,-0.005186474673331443,-0.024139129425446715
2020-10-22,0.005470094250210167,0.019659926499322466,-0.004711991558857598,0.04042658875745886,0.015006863743032284,0.008196853105114421,0.0020462558677376563,-0.0004596137862300509,0.014036332029002896,0.005489621533954825,-0.010451831222323626,-0.009849030639626832,0.014485321037570387,0.00177069450867684,0.003992028673727166,-0.019028023214514356
2020-10-23,0.003389310456925365,0.003173315251273401,-0.0010969261140978404,-0.004924050104924582,0.0037168090585124602,0.003949905874809367,0.008731277794305825,0.0018369173085277524,0.002784002462085766,0.0036430982233888187,0.00609407553069552,-0.001063040023779216,-0.02234535516201097,0.0011792956912888286,-0.0023933573550554144,-0.020122898725388527
2020-10-26,-0.01865276873965538,-0.022833241750595867,-0.021937670632283357,-0.03652593142830218,-0.011191972711793952,-0.025327209830681596,-0.01940415414477048,-0.012929161705889314,-0.00030904464952330457,-0.02531790418444535,0.00926059607811247,-0.0005039129828938727,-0.028006869766230125,-0.008876639934678465,0.003587803354659691,0.16400602597563818
2020-10-27,-0.0034534292614836204,-0.018401660541261577,0.004993213298315702,-0.01305417745236026,-0.006870372430457294,-0.02210255009895601,-0.00046642365693383425,-0.0026370342042021377,-0.0007727840641273964,-0.009524445919546931,0.0066871163570043635,0.0026288641762706177,0.021168670445427473,0.00047581495956539044,-0.001991683707232017,0.027049192726482207
2020-10-28,-0.03477630637424678,-0.025921021646573728,-0.043347728435730204,-0.04273980450286263,-0.03224544058414747,-0.03336246159015488,-0.03211454654722079,-0.02963644272178456,-0.029496916124796435,-0.028646259861055512,0.0009330617528497953,-0.01627516884164315,-0.0511222817163457,-0.008352051509542768,0.006359299260277229,0.18879731093677954
2020-10-29,0.01011196220625088,0.007595165481689925,0.016542558928922535,0.030213723172334284,-0.00822646387836734,0.014453416287421916,0.006314606299276271,-0.0003200902506961256,0.0027031787834208565,0.020454653675719747,-0.009754161322569566,-0.004153341326592397,-0.027356708366867988,0.002871155741193121,0.003954145037779799,-0.06911697590956623
2020-10-30,-0.010479922053967528,0.0029377980826370553,-0.022388578872525322,0.005586526827928928,-0.00029499586322589977,-0.001185354961681817,-0.02206750360208254,-0.0035274148789818938,-0.009413536048291427,-0.0006330988494136491,-0.00991506837397349,0.004550651041840048,-0.013766210665309142,0.0021479078706834187,0.0011832272136320654,0.011374287465003796
2020-11-02,0.01114646608894887,0.018684540314808817,0.002522358668940683,0.03355338904406935,0.01784100512411868,0.02666115341003561,0.007109241709908787,0.015775731307787755,0.02172429052915037,0.03269796217348242,0.007462915120096447,0.009658128848512249,0.03922072186926906,0.002380388929016597,0.001181828841422039,-0.02368705214446365
2020-11-03,0.017502073340330604,0.02196983606795655,0.017481779951854737,-0.005740307543996792,0.014485398345638778,0.029090335658358946,0.021776618199082165,0.016309221697024423,0.0143281999145084,0.015504107050094973,-0.005818601285305647,0.005660943299978349,0.017365445379995847,0.008562984557482167,-0.005527102757628466,-0.0434851621676704
2020-11-04,0.02210274033634807,-0.011738620896092566,0.03816585383294502,0.0013532984404167614,0.043424356319085256,-0.010400482735275496,0.021046193114815814,0.00046648005317440067,-0.015112654629253264,-0.017190618737019214,0.021460055944928058,-0.0005590140649358588,0.026589499349791712,0.009312456433002048,-0.001584736861868663,-0.18417981124429117
2020-11-05,0.019314990106856555,0.024136180989116074,0.030591219033580863,0.0,0.002004177207639124,0.023281461020781435,0.01930808069083767,0.007280605768158033,0.00890817835741764,0.04000524469779654,0.0017366709008559411,0.022723771699055817,-0.010256525248041104,0.0035133553699893127,-0.009561968209268912,-0.06966945394505553
2020-11-06,-0.00022808417498154654,-0.007980727281942546,0.003543068068954547,-0.021881067724017544,0.0003638401147885162,0.0009836207348890014,-0.0030065884610133153,0.0046196741124235885,-0.002180590701017504,0.0025034943325166203,-0.012157992379874472,0.001420352959710769,-0.02573330677389274,-0.0035133553699893127,-0.0036092979701654038,-0.10383075896476157
2020-11-09,0.012487280620607777,0.07893243340217726,-0.007264282267459343,0.13344524057614837,0.009326859956871658,0.0334879025829844,-0.0032788183898011525,-0.0023071351839716314,0.018386099602701655,0.022250244512640904,-0.02123902174365533,-0.04528085614346544,0.05868938920334443,0.007597413241724915,0.006407776691349731,0.03517451647562897
2020-11-10,-0.0014678133198930965,0.005169907130878393,-0.018817266381943476,0.03185232112486913,0.002880079286978088,0.017443091403359645,-0.0035525457613232447,0.019518911896145852,0.014288072902597815,0.01172458568166368,-0.005783658811198578,0.003307306555601741,0.029486171248386928,-0.0013982804710979124,0.0,-0.037591004702496544
2020-11-11,0.007401183325327132,-0.004059444388640809,0.02344609899098149,-0.010307880488506171,-0.0012590800476139918,-0.008447948941255667,0.008727840824906075,0.008570913018520088,0.003765799168910622,-0.01503762174559542,0.0036026167466536307,-0.004335982209302536,0.004486670732795517,-0.0003499966851601144,0.0011968287544705802,-0.05597309498022929
2020-11-12,-0.009748138516795457,-0.01678227483896233,-0.008946512846509158,-0.03279947443993558,-0.003695922506429916,-0.011494908844887242,-0.013484815267026384,-0.0026988482799614744,-0.016218379820537532,-0.021293305507166682,0.016874665159889446,0.0060423875087805,-0.013171804407064336,-0.0067886628070636945,0.0,0.07790821765828815
2020-11-13,0.01374950885986781,0.016412153566395027,0.008451275354826038,0.03575553100609774,0.012565199479587008,0.021927055888067315,0.016094890289716446,0.01371698262263088,0.009883657863732687,0.017099381497729382,-0.0013270241272147487,0.006796565090032125,-0.018665824408294895,0.003400425615974534,-0.0019955700372893403,-0.09294611104371864
2020-11-16,0.012405191809851779,0.0219547212143949,0.009607435672430498,0.06374510568549319,-0.0016963170047157305,0.024078225693707545,0.013013705181823987,0.009139349626257065,0.010086597081219839,0.019515761021247524,-0.002405839024459233,-5.65028686549951e-05,0.023885937891547027,0.00560203300241735,-0.0023999703193577915,-0.028541985869385833
2020-11-17,-0.005392626015534141,-0.0014486603306114176,-0.0055724697294836645,0.010194217086227475,-0.006543297043139162,-0.0026216674045862476,-0.00425418334167027,-0.007068221200278835,-0.01981757061222922,-0.0037017839691944054,0.006506928531396561,-0.003675920484188744,0.0020804921850308133,0.00034940367529490146,-0.0016032452827956511,0.011514667631421727
2020-11-18,-0.012108079257433957,-0.009468527424098205,-0.010740352383212581,-0.029487709049022648,-0.018790405973569513,-0.004460956123692128,-0.006871356597103251,-0.013838349324299948,-0.019750714384265233,-0.008307016978684079,0.0028925808911415274,-0.005738783845972151,0.004492807242236996,-0.0018635097275545576,0.0004011410702591256,0.04855953279402314
2020-11-19,0.004201337263932459,0.003287719696897451,0.008024862098797492,0.016242540265519967,-0.0007333134229963179,0.002518919513478046,0.004931393368305059,0.00269333285665585,-0.010023450967004965,0.004162501164049814,0.005135440877625186,-0.001882229686957615,0.0030986477660088774,0.0033752804410243087,-0.001605264111230742,-0.03109939790064642
2020-11-20,-0.0068713924270715765,-0.008791102938422668,-0.010353458368551394,-0.005291910097474428,-0.0022950861738229023,-0.009074859113107792,-0.005256652587123156,-0.006295831474846025,0.00015741725970919163,-0.000859915475165618,0.008830500958010745,0.003021229432643935,0.00616863859065786,-0.0018611743887646526,0.0012041230409716164,0.025209629635621678
2020-11-23,0.005976600632108031,0.018589824563222557,-0.00024969345976622037,0.06826657929622737,-0.0025770246531990892,0.016593770215287407,0.010936134599360159,0.00030060980069368526,0.00015732104442189865,0.008280104842618652,-0.004591855080124496,-0.019890324232127554,0.008504898896030344,0.0015121180156869585,0.0016032452827956511,-0.04487383146656221
2020-11-24,0.015985379959452928,0.03443112576704088,0.013811493034063815,0.050105823858325405,0.002944552612705209,0.017327159805017978,0.014757164754803043,0.006742028842949388,0.010643362258025757,0.02457425600130181,-0.010002092428661236,-0.015447030279528207,0.042446649969595907,0.0030169135945739,-0.004817378668979355,-0.04605782309256634
2020-11-25,-0.0015430010037036368,-0.003495250921215831,0.0021331680075924453,-0.023595315350962487,-0.0036818352824417033,-0.007614071015023427,0.001204285871552635,-0.0005973347424648168,0.002643216476061916,-0.010457923317061635,-0.003083149079106562,-0.0004718480371508349,0.018337383746557467,-0.00046329448710036303,-0.0016109044198198141,-0.018186530403068613
2020-11-27,0.002780899448245222,-0.003156353512004273,0.005313518926143956,-0.011752770814358104,0.009179294978584274,-0.0016873128432228768,0.002151382258298362,-0.00014947242633223112,-0.009987544318937225,0.005172889105790723,0.009658191029063623,-0.010198732236164965,-0.004793155861809062,0.0016212220146174516,-0.002017398328735265,-0.01948267116338398
2020-11-30,-0.0044366764539054415,-0.020941111623350217,0.006662847113747539,-0.05684108528024279,0.0027374379541864613,-0.008934067972880655,-0.006086374660460692,-0.0001494283836054322,-0.014534330732840939,-0.010091123976161853,-0.0012490658898967055,-0.00669735892011758,-0.008039921279715756,-0.0010417923512031635,0.0024203900663501976,-0.013040535378140206
2020-12-01,0.010877910319627482,0.015305289389295318,0.012714401352280191,0.004614218402065884,0.00834855150145053,-0.0025022073544773704,0.007412404244496074,0.00877927829754288,0.006977481803726704,0.010927844210393722,-0.014854008908739225,0.02084085881536435,-0.011365554176248072,0.0025667722755375877,-0.008903371406878247,0.009675971098775715
2020-12-02,0.0021014169862327847,0.010890865652545934,-0.0015203378454158312,0.031976812264316035,0.007472677645495196,0.0013652554778973425,-0.0062681553558245895,-0.008330993758254301,0.006615377718306892,-0.012902003444258625,-0.007968774637683751,0.007493385024314847,0.011365554176248072,0.0027806773726846146,-0.001220285725248793,0.01907542882296731
2020-12-03,-0.00027260697438791226,0.0003492679020107303,-0.000640847851606452,0.010435883245871747,-0.001256819186015612,0.002612437035926618,0.0027907435134908454,0.002536313637151011,-0.010415181334992862,-0.006939865021552194,0.008031985568579536,0.00784266853055371,0.009000404368610937,0.0005784526639498466,-0.0053050895894131145,0.005182607989974386
2020-12-04,0.008580847940035774,0.012150773125849224,0.009967098946509267,0.0530693956936803,0.010630606058901648,0.011839949282236084,0.0009493827019966261,0.007718561427069837,-0.010044210794297737,0.019980698674606945,-0.014774588919527432,-0.002839455026540705,0.009871102873284965,0.00415348983343744,0.001226682258280487,-0.023295550833789314
2020-12-07,-0.002057005099461051,-0.006925094905080531,0.0028520589135379026,-0.023659119162377618,-0.006150152036815015,-0.004831685435077837,-0.0022804399079738857,-0.003851734806042728,0.005592599657296304,-0.006569293776569118,0.008980772605221787,0.0148039454595148,-0.005082598290205631,-0.0004607931606983584,0.0016335400165643499,0.024234890989795144
2020-12-08,0.002921834163198689,-0.0003476670797373238,0.003238333075505473,0.01475954545030067,0.007570734171831184,0.004831685435077837,-0.002095421595034175,0.005477076256768854,-0.00303209284115713,0.0055937433335411235,0.004714158622415532,0.0034818415347377396,0.00031842792712533097,-0.0008066910958799411,0.0012231808291214286,-0.029539972499347478
2020-12-09,-0.009009487525402093,-0.00243595772222438,-0.019348585938749885,0.002232124386875256,-0.0034665323358158417,0.0022392967230100425,-0.0009533448538716627,-0.0039935898159289,-0.0017594077034752686,0.0005576929299273559,-0.003310984038071396,-0.017241806434506124,-0.0022310668959502067,-0.001500107589168742,0.00040724448653239875,0.07407343742717032
2020-12-10,-0.0003270117686788865,0.0017406274821993861,0.0014462064934459562,0.030260776319679827,-0.0016930718106236142,-0.009552400462427002,-0.0008910705099678395,-0.004456548838410512,-0.005136420167935807,-0.006151436263468479,0.008825252140623796,-0.0019148863181888132,0.02427228531290293,0.0018457930961242042,-0.00285519452617633,0.011163321774025459
2020-12-11,-0.001173316864338858,-0.010138371563122028,-0.0020893875133092266,-0.011605267589824386,-0.003932134200653081,0.0023685727374980203,-0.004787130430388586,0.0022304930856202887,0.0016078532386121225,-0.005765743052029038,0.003532800767848343,0.0018569454695862575,-0.0053083676020500015,-0.001038010516501764,0.0024479500396439313,0.034478606538097534
2020-12-14,-0.004487294693215738,-0.0116627830609497,0.003613570232479546,-0.03564717856703137,-0.007549838026385203,-0.013039485905520287,0.0014705292350551957,-0.0038695721599610877,-0.005154476619574577,-0.012775765000785366,-0.0027748195515826524,-0.005522859199322383,0.0071751248253337785,0.0002311853581158374,-0.0028567208456857784,0.05873017467599695
2020-12-15,0.013429073779826162,0.01691981588835345,0.016535831877389384,0.019466563536325143,0.01076814707671403,0.013827546741010721,0.013389885819852232,0.002382975504166218,0.0195111438109401,0.01798067248716473,-0.003353338410722273,0.013893989774039994,0.011435845593483318,0.0031094934528876905,-0.0032746536978836005,-0.07691249751264317
2020-12-16,0.0015680370718094139,0.0017459509474302415,0.006757845376088589,-0.004955574923281247,-0.002949701947364325,-0.006209979481377914,0.006534145829466098,0.0019320856909414985,-0.011629199374705745,-0.002810227177668434,-0.0026647893989188987,0.005503920929852413,0.0061274932832007245,-0.0014961370601129786,-0.0012307082790532498,-0.017184798089550313
2020-12-17,0.0055762319653887005,0.002787577965078114,0.007878714036521295,-0.004730693652053919,0.010684731595064001,0.006097678037232157,0.006803060412921447,0.0063644818048533836,0.006707650679063093,0.011472037990974293,-0.0026500291436830636,0.01046541004295598,0.012746702455993297,0.0014904412836376224,-0.005350854524162951,-0.025659732864673046
2020-12-18,-0.004000767995661292,-0.00873671988186775,-0.003502531890159588,-0.016861718558240923,0.0007968325385245834,0.00011230144414575705,-0.004863447507363894,0.0022103760467286904,-0.00863197807524374,0.004441142175225732,-0.003001024292220933,-0.0016988680965654979,0.009603906282995123,0.0008076456927836873,0.0012373071867992635,-0.01655213009279466
2020-12-21,-0.0035821739945767206,0.013389951170206249,0.0009997760748126083,-0.019478808648701662,-0.010056194838463206,-0.0060537765658468246,-0.01136111173789267,-0.010835094093933684,-0.012183902349850229,-0.005316763752829079,0.0039574718061832215,-0.0031789169989817623,-0.025409720552114656,-0.0035826141677706147,0.0020588433213668544,0.1539519795146318
2020-12-22,-0.0016865416689944013,-0.00979702984770281,0.008629121961079456,-0.01692739581171887,-0.0030563291715166585,-0.0046731810864049095,-0.004315930630538922,-0.007077980143574081,-0.0019683278700992624,-0.006175194694375108,0.005147818899370549,-0.007934507183398942,-0.016994051519645836,0.0012731185497303343,0.0053333837346531965,-0.03766390983153789
2020-12-23,0.0008981260899956212,0.016390975966769528,-0.007614527420925832,0.021898147492387388,0.0007198756607023071,0.005241388134612279,0.002160394952580802,0.003319015669471348,-0.001972357964547644,0.0014064417915551353,-0.0069334933435873936,0.006625879072275964,0.020358502204496975,0.004499391542868381,-0.00451090450714986,-0.038709085799429666
2020-12-24,0.0038829715095438644,0.0013825806995040324,0.00660769469414646,-0.005232797880661888,0.0028750045120489176,0.00011365912680449952,0.0020923999421160744,0.004958487913619081,0.007049554337660524,0.006306670980260609,0.0039492512979224514,0.003977347328631531,0.005177358106261298,0.0020698883417882286,0.0008217124512572838,-0.07943508686780021
2020-12-28,0.008554106409637718,0.004824214689326478,0.011249098788873368,-0.006316087669296699,0.0025086892204067013,0.00124949248872408,0.011336455383326616,0.007912335586319763,0.004401590819336221,-0.0039190050542159405,0.0004453052128070567,-0.0036357443125671907,-0.010074822656005455,0.0012627079195990376,0.0,0.007864952436142936
2020-12-29,-0.0019096598373442575,-0.0034435428803214485,-0.004761729954561922,-0.006621878630479472,0.004731685189254264,-0.006033577378429911,0.0003130798650357036,-0.0029785101120802793,-0.0001627202613092571,-0.0023876659260446687,-0.001271831781861188,0.0036357443125671907,0.005813038544900895,-0.0012627079195990376,-0.0032909088574366585,0.06165414262935531
2020-12-30,0.0014260486168833353,0.004474405722440622,-0.0005390656621928613,0.01555766577510731,-0.0001782393115785652,0.006373769853986744,0.005992401867900732,-0.001044377387267481,0.00503038046393911,0.013684021248096201,0.002161268427684604,0.00762602669465462,0.003958022242310566,0.002065730571438884,-0.004128741519905166,-0.013522538154814523
2020-12-31,0.005067916785463034,0.012286533975791158,0.0014626337575798232,-0.008407950956150323,0.010456259549266989,0.004640914457678669,0.0005597340055247813,0.0069924218083254885,0.014781830833414222,0.0038750688714475068,0.0014582707681247697,0.0037072651943423907,0.003033936699150086,0.000802378323835562,0.002891853197700023,-0.0008787547824948838
2021-01-04,-0.013707897458306917,-0.013661109791107684,-0.016439559654886082,0.001581654350129913,-0.004328866859265368,-0.02446367386786985,-0.008494512851767944,-0.010881869895297491,-0.02552247192104362,-0.009577264931375229,-0.0012044401811257543,0.022014258912347984,-0.019269513781507985,-0.0020643079630717764,0.0008247621795143267,0.17015996629507546
2021-01-05,0.0068639392845391,0.004460372713600336,0.006468363855963055,0.043810249456830874,0.007233754371163137,0.009788823899913979,0.007436599206939398,0.0,-0.00016345779795834403,0.022206305043468877,-0.007454591401929278,0.0029572490918932104,0.047053238107392925,0.00034417050060220333,-0.005787396222368013,-0.06234093077742031
2021-01-06,0.005960820789042032,0.04321562654450162,-0.017395773365212364,0.030053266887250185,0.013618811446921342,0.02355667985488452,0.010159275524312505,0.0007492277899228128,0.024568877218808183,0.040106806600657574,-0.020741660759755476,-0.01637438415631909,0.004996394980416596,-0.0018374582743048151,-0.0012446768868641378,-0.010712280917359429
2021-01-07,0.014748171015979139,0.014323079734318345,0.026597663779307723,0.014573994433222826,0.012922327177744997,0.005469909341825563,0.019107755285208583,-0.002999954247226988,-0.013179218271321513,0.007441633957243621,-0.00885345269002702,-0.002337349726099447,0.012237861725762134,0.0028698486536118395,0.005794765922432887,-0.11395108697919598
2021-01-08,0.005681435111745792,-0.0006465560874588938,0.006444684602188389,-0.0012065701363992432,0.0047818178702536684,-0.002451964240739457,0.020409173612071285,0.0049450469237877215,0.008377491116795088,-0.004823962109065771,-0.003232409210188081,-0.03480879472366194,0.025730451440924007,0.0014890115917296498,0.0016494333294900798,-0.03688109174802445
2021-01-11,-0.006763542339697892,0.0032289462758323673,-0.00829385279535444,0.015571099678529876,0.004674193917017178,-0.00033516534883393234,-0.018838643663840138,-0.008556872351343614,-0.009348628407768178,0.0,-0.0016542258533318588,-0.001963368081677963,-0.004809798123718068,-0.005393982688058685,0.006161415571136253,0.11054189600223241
2021-01-12,0.00021104860340237508,0.010262917057694665,-0.00479246335170469,0.034345481168012615,-0.010912294740101025,0.009886354074025938,0.015159025849798446,-0.0033220226205470382,-0.0053587286497509545,0.012598335856639942,-0.0007941987176982579,0.00645309414351658,0.017988208630675295,0.0012648860984381116,-0.005337672479900579,-0.03164153450913609
2021-01-13,0.0026893091343387354,-0.000638301355469828,0.006333572159213041,-0.007839661992313118,0.0027394712929149634,-0.008658886375545016,-5.956073014878882e-05,0.0015113724493573955,0.01934935202119803,-0.010248696538303292,0.011198921028280573,-0.004316677807614688,-0.0027894659023264268,0.0029837821341356374,0.003288112774946672,-0.04919748607819807
2021-01-14,-0.0035079785926992457,0.004460110466557143,-0.008816057448170156,0.029199367864401804,-0.003168071800934591,0.0034502397239171145,-0.006383369955602625,-0.005300329110855095,-0.003839947877725791,-0.0033959081690810855,-0.009411713645699038,-0.0005192346256865932,0.012215655394589575,-0.0002291968263090638,-0.002053860000821306,0.045762535348432554
2021-01-15,-0.00731943247746436,-0.016667116357155454,-0.010306224428656918,-0.03967067911507405,0.00308228735880256,-0.013084984821491119,-0.00775060296331187,-0.0034983235386603084,0.009731110964693368,-0.014364254634562368,0.003959679056091403,-0.012485246085867097,-0.025148056280825504,-0.0016059683263653923,0.006557558112290529,0.04581596179503311
2021-01-19,0.007821251930755224,0.0025823901883734734,0.01294379153559877,0.019917215180273118,0.007495188282564236,0.0032594396474072695,0.005653613656171785,-0.004428427631196108,-0.0038172777729927887,0.003445180118031743,0.00322238099684391,0.008437377567923399,0.011534797930755847,0.0028660189374791756,-0.0028636419202712204,-0.04624617169330403
2021-01-20,0.013743875664546046,-0.004199632802205144,0.019638261576353955,0.003662330146339432,0.005500340085332844,0.006152165999040449,0.01871561010862255,0.0018348713660829574,0.005879136602505497,0.003301633669502202,0.000984149796172673,0.016151154600027695,0.001118281218452477,0.001829565581377146,-0.00040976194945541167,-0.07410796584050638
2021-01-21,0.0009111963359034192,-0.010740686283032819,0.012831538857902558,-0.0343979317257852,-0.004736920478578988,-0.007836949127534076,0.0046388601072751,-0.0033664505965065317,-0.005879136602505497,-0.014742333861792911,-0.007043147993277543,-0.000627373967170719,-0.0008386469901475735,-0.000571335691225805,-0.004518407016689263,-0.012121371311005547
2021-01-22,-0.003545649198065881,-0.007224880477461504,-0.0038321493327728717,-0.0052161215258546,-0.0029721256149191078,-0.005183690743256086,-0.0034036131790342594,-0.0026091479750238733,0.0014331962728215686,-0.004828544205815355,0.0032316400141487733,-0.00790430206051873,-0.014931924008751096,-0.0019450337280382257,0.0020563030445948094,0.027297561659489045
2021-01-25,0.003936213254230658,-0.007277529122331039,0.008322003277238643,-0.010273562596741836,0.0065268298942964265,-0.006801918222387293,0.0036967054942325106,0.009939562703960014,0.019852506258305258,-0.005257004260339038,0.011717189363093183,0.0008622455288582742,0.010166724449911957,0.00022930088755579447,0.0012318097303518627,0.05677802765401996
2021-01-26,-0.0015621446722713372,-0.008000143071092758,0.000671407538006541,-0.021605262379439605,-0.0037242477495382786,-0.009256871488818597,-0.0006444117456965159,0.008937469296767198,-0.01003435844167111,-0.013881494981109466,-0.0018891394987763377,-0.002473656951146097,-0.003941429309781697,-0.001490571368475635,-0.0028764955469249287,-0.007357751117878841
2021-01-27,-0.02474414306347139,-0.029893575108621118,-0.019056899938950878,-0.013589168601077617,-0.03083001655678519,-0.020062130130551026,-0.031314017843061315,-0.0170345541906336,-0.02731585277487758,-0.02990694734528132,0.0025389873107686256,-0.0063557782954406505,0.0014094219816693787,-0.002871142781303959,0.006153832060137976,0.4802140945749822
2021-01-28,0.008563496057790054,0.018449589522295362,0.004098400649196421,0.01162384762161972,0.01450014487660578,0.014767043003520719,0.0031397463094196,0.0038274864775660333,0.011912356075326702,0.01708000454740599,-0.005542822915461265,0.0009269317276352496,-0.007067167223092419,0.0029861802127957304,-0.0024570629056692717,-0.20840455266105495
2021-01-29,-0.020222698376960224,-0.020175113554473878,-0.0238353685443089,-0.03375734947257403,-0.008483592631731263,-0.02182012596016314,-0.02360667502681313,-0.020845496639759986,-0.0054554645930378065,-0.019625004815662983,-0.0060347565116893875,-0.00040541033768271006,-0.0019877812741704304,-0.0026411791465363876,0.0012292860974101316,0.09105816145167989
2021-02-01,0.016508393395037402,0.013040656737623557,0.024743673844512593,0.007095839303294493,0.003817709103953071,0.010327735619757306,0.025654364835511423,0.0009359217246061036,0.004815166625430134,0.011681178842715134,0.0011585559406652735,0.009341522978241201,0.026368950993380214,0.0032028573336138066,0.004902088446159247,-0.09006558280233135
2021-02-02,0.014041093063456245,0.02391899942376785,0.013453119305310679,0.01080007519705628,0.0028538913198890015,0.021026604522679015,0.0210144440443365,0.0066808018035260375,0.008133480948115501,0.013066813910302955,-0.006468178715495654,-0.012242430084677736,0.01919446853912854,0.0024132611121912007,0.001221686485446849,-0.16813693512742756
2021-02-03,0.0007860491286324489,0.0056432938686947764,-0.003440055413105547,0.041830641828107584,-0.00710627559470467,0.0006857179568413585,-0.005611947883152446,0.0015472877079076852,-0.0031817008082111187,0.0019316771121782317,-0.00891209905479684,-0.0015117720158048797,0.0166984474129932,0.0008029713659327697,-0.0004070930434032505,-0.10945511880997527
2021-02-04,0.011301714758136683,0.021935435256221325,0.015830483342357482,0.01096049534283372,0.004165766697644457,0.01068194500448616,0.010606671188945427,0.007240239308950791,0.007777067472301891,-0.003590274683686445,-0.002676309516812303,-0.021765636924135023,0.009834039294073005,0.0020617942467771044,0.004468755144665604,-0.05104059353135959
2021-02-05,0.003927972884627096,0.0003239528084102439,-0.002214628140580821,0.00849461108974836,0.0018173233828546742,0.005860492257798278,0.009509423512117365,0.00931934958917946,0.005361196360440079,0.017007494279784208,-0.008408771312373275,0.00982374869269087,0.01000001105430215,0.0014865253037008586,-0.005690939375534221,-0.04222013497218846
2021-02-08,0.007196101679167732,0.012866165962949871,0.010439057743739433,0.04097209357194931,0.0012094048441433358,0.008504037525086439,0.005674077044581338,0.0037945068971758644,-0.007735466099073385,0.008261793787264438,0.004381288729042865,0.010019752210912891,0.01944829939922199,0.002966087756445468,-0.00040784721694064885,0.017573424296219553
2021-02-09,-0.0006662805393533588,0.00031930648297917585,-0.001170702137675228,-0.010656283378162712,0.0014671075150483048,0.0025596702280257233,-0.005557866448812732,-0.0009093373340514077,0.0014251811996417452,-0.007446020807563514,0.0007400312202321402,0.0032595928083516412,0.005889136254178418,-0.0018247108533735457,-0.0053159365378037116,0.018195015567699535
2021-02-10,-0.0004355869826593306,0.0,-0.0014654534132976238,0.01896641295029111,0.0018090388573996918,-0.0015574279614813946,-0.009918388732280903,-0.0010622071809320843,0.003948583102190817,-0.0010878067329782581,0.006631188168582547,0.0036544306292798368,0.002804351477916356,-0.00022779712970066868,-0.0004100073235440149,0.016506592992762137
2021-02-11,0.001613694389472009,-0.0031998135015718354,0.010938736207514843,-0.015553048135284353,0.00189140385890596,-0.0021169523305557547,-0.002759804301853741,-0.004411518982267992,-0.0056903031900930046,0.0009520254883619295,-0.005489280487098291,-0.008723013798523027,-0.007923301734507948,0.00045671076955411394,-0.0004102662839997606,-0.03423089878779306
2021-02-12,0.004927894754248818,0.01020414116682744,0.005135948282294578,0.014658006118742684,0.007445906531106772,0.007224373893825131,0.0014102113938294636,0.0015235469491763354,-0.00731947372158448,0.010275872695749921,-0.012497408355812034,-0.00304185235154808,0.02458614292902439,0.0015957972135201004,0.0008202736075437755,-0.06212578232655375
2021-02-16,-0.0008666435942243922,0.01698687953485356,-0.0032522667811045736,0.024763443622944692,-0.00994024688759687,-0.0009974092314690708,-0.0043542646685788,-0.0018284410253652794,-0.011241283246724354,-0.00188500693283844,-0.015343785814791566,-0.014457496034196105,0.012688368761979874,-0.0015957972135201004,0.0,0.07195958149664117
2021-02-17,0.0002294418077912752,0.004978053784394643,-0.008870553479135346,0.014741309758976584,0.003610604685269969,-0.002775004514973922,0.005762396656271207,0.003653344142932724,0.0008071374466434023,-0.0005392266923709421,0.006330394855769583,-0.01141778623419576,0.010818857084082811,-0.0003428641577531977,0.004091666922096504,0.0018622405931036923
2021-02-18,-0.004264868766777674,-0.005914404554731245,-0.0049055910527302515,-0.022854332381445186,-0.006283814560133827,-0.005014940708714555,0.00029292445540018974,-0.000607774802028338,0.005952698382599486,-0.006221981040088753,-0.004055171524493417,-6.0090224343056775e-05,-0.015278733219155516,-0.0013704096513373898,-0.003271884338442277,0.04501782066055826
2021-02-19,-0.0017677627054650813,0.011793969779542834,-0.0014693562254821657,0.016594333755919344,-0.012162270693394817,0.016289482195263716,-0.005819658159006202,-0.012700036739930809,-0.015030490639796223,0.018151682158806803,-0.013380790309261315,0.004139970385630853,-0.014759496123130766,0.0001143408267223478,-0.00246100319994369,-0.019758188501749707
2021-02-22,-0.00772150391963855,0.009213989152359048,-0.022297090729663793,0.03406024464158275,-0.002362518372579281,0.003182354940681087,-0.021331715987471078,0.0009234735409204831,-0.01973446402410417,0.003856289749423869,-0.00763738268463765,0.014858231751961881,0.039530801494416234,-0.0030908614190803263,-0.002878861370722241,0.06155796013459369
2021-02-23,0.001213857128891327,0.006095617120721819,-0.0027848839026507477,0.01639901732914062,-0.0016662254050920922,0.003063110491907217,-0.0065864767885859266,0.001383545593473201,0.008270190817828205,0.003445180118031743,-0.002887625759462331,-0.00230339647421296,0.008202703699969227,0.002404620269120805,0.0008233128325429995,-0.014605076730017874
2021-02-24,0.010958833989405115,0.01926018767580029,0.015184104875233473,0.034799977413219274,0.006908747281366701,0.018720445490145288,0.010433591876910953,-0.0006146352221190199,-0.011764085119061463,0.008692237201918473,-0.006581532376736199,-0.0007097783269722768,0.020923280628391883,0.0010283663074517335,-0.0016474864619482332,-0.07968219767307128
2021-02-25,-0.024390590389372413,-0.01834911782821802,-0.03558965833049221,-0.019476622969221147,-0.010073146461022198,-0.018611477156551537,-0.03790680026354565,-0.010974739731304695,-0.009040649632153563,-0.023349336924851194,-0.016465736214700044,-0.01899580806530743,-0.0009416412173752775,-0.00952717727129393,0.0032921722785212992,0.3029122403274722
2021-02-26,-0.005165926652666464,-0.01931079591789686,0.005293697943270281,-0.024008534386333213,-0.00866467652476377,-0.010429864080054863,0.0041663195829748645,-0.01629608376306546,-0.018672777778028227,-0.012833395752270604,0.032524778972473634,-0.024480114534154218,-0.02745780006077414,-0.0030035648857040798,0.00736801987569935,-0.033078266453713034
2021-03-01,0.023951151379314695,0.03078099717016647,0.03170529230761865,0.025629540983254984,0.012969351480234259,0.025282135218026802,0.023185534866825286,0.010059699351850249,0.02186308071338816,0.02497433974668617,-0.013296144946193245,-0.0017319159550748253,-0.017336605627759738,0.01116423302578351,0.0008154380057656674,-0.17982022644575002
2021-03-02,-0.007834097521738137,-0.00360776594634471,-0.015990528906328016,-0.005480546040981693,-0.0028969086936907473,-0.002909790968240067,-0.01158671419652535,-0.001721651127513546,-0.0030218553865566378,0.005553853325478197,7.098316592024645e-05,0.00543314836651998,-0.013140111992475223,-0.001493317979735842,-0.0036743116379001073,0.03161485587328938
2021-03-03,-0.013334186543676019,0.007800660536891879,-0.025480279461703503,0.014548347066875689,-0.012740183061629828,0.001078787001612902,-0.023773059410650887,-0.004711258494543458,-0.011840705652080175,-0.009939402338078551,-0.010904761551638664,-0.011082728374519846,0.026352952356860193,-0.003225184548490745,0.00285887363213444,0.10132748472935971
2021-03-04,-0.012451851958517501,-0.011421553009442587,-0.02234618500656893,0.02359149808449601,-0.013536017961851776,-0.016083771279976844,-0.021395581245607254,-0.003626789729793245,-0.0008511045790600136,-0.01963762929989432,-0.0064703829209245,-0.00988559566723346,0.04584582259159564,-0.0038137952712311574,0.0065040648632446185,0.06881786450640703
2021-03-05,0.01822957073487874,0.01886538440939045,0.018708048937509325,0.03673830507503384,0.019837837168700467,0.023387934436973623,0.0063332377341591695,0.021875653256276273,0.016216559873333036,0.02269610693092261,0.0019454818138902041,0.0006286134207726946,0.03131324188884799,0.0030062835079514016,0.0036401320825469874,-0.14717471401246485
2021-03-08,-0.00499131577227363,0.012675022064237762,-0.02449281509768131,0.0018865016315188221,-0.0024806121090588107,0.010433039869309546,0.0012106534702116534,0.0043185300993062725,0.013976950973262792,0.013322267924942288,-0.007805796981991797,-0.010422315048140618,-0.02137899577465241,-0.0072995920070138,0.005636043174869432,0.03231877048384346
2021-03-09,0.014176583994295555,-0.009121244710617482,0.033448372727079345,-0.017685905419509318,0.005837276636035504,-0.004139101524028632,0.037072448906508626,-0.0009236900412989968,0.013132118791725045,0.006139259669498465,0.013762958276236859,0.021048060194488905,-0.009005935177591073,0.0013943265308613562,-0.005636043174869432,-0.058198183709485374
2021-03-10,0.00620529706703099,0.02019043819750399,-0.004004543873423749,0.025010772409522097,0.0022900746748542034,0.014674501619917457,0.005081109629366587,0.013007983007742752,0.006826119894416394,0.016403271806983977,0.0020015681734051327,0.0050853276984303974,0.014508050705300146,0.003130764670003394,-0.0016162902946685875,-0.06312467536579724
2021-03-11,0.010088024303002818,-0.002901026143425689,0.021149761501538578,0.00037417611877543777,0.0060522931439104255,0.0007335216544088752,0.015209947126549217,-0.002435605555129783,-0.0025951302600883963,0.005366140211446435,-0.007239651813392811,-0.000866386502682559,0.019470771191139047,0.0036977048640682852,-0.004864065212559776,-0.029235256314019686
2021-03-12,0.0013459595313882744,0.010117345924794297,-0.007203127287240818,0.0020555133579005513,0.0021838035173535886,0.013315510130444963,0.0029428149551842253,0.008196570712925677,0.013388488083267092,0.00267204037162605,-0.02144985060623572,-0.00018574519969138947,-0.005621150463285485,-0.0027720550189860305,0.003245516729212472,-0.05729262907326582
2021-03-15,0.005945582898597479,-0.005769077950870116,0.01059729569826029,-0.011452265347006385,0.0068700584059371295,0.0083354409551184,0.01334180866897583,0.004374320674931376,0.012736953054851341,0.0011431784018225422,0.005862698388428456,0.004386867610048029,-0.002031377650181021,0.0001160000060309585,0.0020229331057666222,-0.03241933361122529
2021-03-16,-0.0012620145870840815,-0.01046799211247329,0.007501239813445082,-0.028926345156692346,-0.0006069012222651438,-0.014346897886273524,-0.010408295955049773,0.0012033973685205979,0.0012648748215977612,-0.008285018336782635,-0.00402626744815926,0.0009244132771240032,-0.009762740493015176,-0.002315700774970786,0.0,-0.012054378081987949
2021-03-17,0.0034042542339234316,0.0067009197363603334,-0.0008221524517715295,0.0077443606667015885,-0.003648654893003922,0.01147326090665235,0.013952313514966619,-0.0015043238969072448,-0.016408164302520234,0.008919493334875295,-0.007511302802997832,0.0071195808075623646,-0.00022822900398766777,0.001390040240213608,-0.004862273595738209,-0.02870527008056767
2021-03-18,-0.014656720819480107,0.005212949775739162,-0.02814103540736035,-0.045978432007610426,-0.002091156460124033,-0.0009253646848055297,-0.02477213085268115,-0.004073394146544729,-0.003701134496437941,-0.005597136104906308,-0.010178030595136889,-0.005826967579591447,-0.0795293381520823,-0.007669303322182408,0.006074179267987478,0.11529542049856323
2021-03-19,-0.0018517976828933413,-0.011621629547721835,-0.0030046016765732375,0.00020205682978380324,0.0035696574030703587,-0.007641490832024367,0.005965443745076016,0.003470871107950302,0.0027369473031741975,-0.0049876298431712485,0.006178785079339555,0.0041743948168262435,0.03161740041729866,0.0038417667968326796,0.0004036423958257984,-0.02962827350928432
2021-03-22,0.007953107990262609,-0.012969040504985596,0.019472373032698442,-0.00963621827826966,0.008665353703076306,-0.0005615249623307506,0.006561298436229102,0.01050161741081368,-0.0014425899496579575,0.0006176312796162264,0.011143184440345344,-0.0014713433816879729,-0.001437503209208213,0.0035958988453330676,-0.002019932690494386,-0.10403556651887191
2021-03-23,-0.0079020550399731,-0.01407433291642235,-0.006237473683982309,-0.01473522260896365,-0.010166341136901735,-0.017632918838797806,-0.009429249611052626,0.004187748350113374,0.014812775940496348,-0.021064255647504027,0.008986487262828469,-0.007327408483150499,-0.05773680843356077,0.0010412982087428801,0.006047243043683981,0.07251773219808477
2021-03-24,-0.005096261356665188,0.0036122637351083675,-0.012207065786631333,0.024779203431746666,-0.0011362258170892758,0.00727953016843319,-0.014895659116646698,-0.003887947394427549,0.00031953822250674335,0.0072013816422145105,0.005367093547423707,0.0034548592032761505,0.05148382216209857,0.0005783322367163279,0.002408819067180268,0.0433803692011594
2021-03-25,0.005609673783828484,0.016686592133996037,-0.0006182049089273889,0.0036645605819951577,0.004188309852321659,0.015852110015125653,0.008720830519882483,0.009692061924324591,0.01064775188002054,0.014377420567596388,-0.007915905869978701,-0.0036402714825332083,-0.03836224937111421,0.0017319329399958505,0.0028026062890864623,-0.06781438391420824
2021-03-26,0.01598616284158716,0.0155406549648891,0.02511100851112147,0.024489520785972996,0.01871772614600431,0.017131098314170146,0.00828437119688985,0.01750441423783311,0.003314117745297551,0.024517036425944827,-0.0035060660914343345,0.0028393742167223124,0.040290377632927754,0.0029957748646314286,-0.0012002691955577127,-0.0491435241839322
2021-03-29,-0.0005051025894262651,-0.00876659325442608,-0.005214838790502441,-0.011969161541931062,0.004689148936208198,0.0002034732316751331,-0.005495000890276103,0.01001109238878417,0.010656730993709562,-0.0033939535314209124,-0.008524762724906765,-0.011967328788776932,0.009346968083669527,0.0005755072314936882,0.002399187828227234,0.09502088219807714
2021-03-30,-0.002656314382572411,0.007019399904833801,-0.0095161908673278,-0.00866656447672387,-0.009056658447388344,0.004363102537777053,0.00976160722687247,-0.01074057843898757,-0.009082471916670443,-0.002900259051248799,0.005226122803499322,-0.017239575016029463,-0.01805320502669394,-0.00241773630975306,0.0039855765168006485,-0.05602452043285222
2021-03-31,0.004045146342405381,-0.007606891825477469,0.01578568024201843,-0.006906457768207197,0.0019719769260371223,-0.0032452422436497486,0.007764863686480439,-0.0032153957750731266,0.007366168478152524,-0.0049368144849593065,-0.005595145663788159,0.015053975494509153,-0.01566738078464347,0.004829056074976634,-0.0007957046107343047,-0.010766624926866086
2021-04-01,0.01074120845131965,0.01225967091677349,0.01990474152395727,0.025159711407655383,-0.0030025260672301712,0.0033462698296569116,0.00800030123416473,-0.0048425301328585135,-0.0009373387312101578,0.008717987652517412,0.016460506799893082,0.012549018493591468,0.03181041288189679,0.002115335704240273,-0.004388790538735865,-0.11283394708080019
2021-04-05,0.014251231211766857,0.007802588086144535,0.020456332776394248,-0.02414108992982955,0.006935206377081116,0.012275329263728096,0.022470186530557434,0.012716729182576714,0.010881581670701301,0.012253475812585624,-0.004372542951331937,-0.0003704696536619423,-0.03799778585868463,0.00045970057453637025,-0.003203747359345588,0.03292010822782254
2021-04-06,-0.0005909235351770903,-0.0020172844585832905,-0.004275762341395151,-0.0026508036215422415,-0.0038470241458767873,-0.002402878990136692,0.00431886017382066,0.0042032040172097496,0.0052428425314201554,0.0022341975380300028,0.006769719202891267,0.007996616729269768,0.010373073649069475,0.0017209777976114893,-0.0024095198218057057,0.011657139377224457
2021-04-07,0.0011566023529372416,0.004891367720353479,0.005287590259134944,0.003464879155912648,-0.002229448259232214,-0.004621726387898484,-0.0029920377212322435,-0.00246181271018564,-0.0012310139036331158,-0.01738505471641094,-0.006988722850064022,-0.0028223021365771928,0.003923493133115574,-0.0003444250068413979,0.0012053967808340893,-0.05443526176239333
2021-04-08,0.004735534580392553,0.00028706838058045747,0.014345474656932922,-0.013106934900787515,0.0015441358014625095,0.0024138308761996186,0.004714792775550869,0.0010144552637099125,-0.0007703519194302011,0.0012606884955448372,0.008221486625736851,0.010694635856861368,-0.000979454421540904,0.0003444250068413979,-0.004427296527387714,-0.012313206330112347
2021-04-09,0.007243722906727257,0.008571399136620528,0.009568175407242308,-0.00661845739090694,0.010911149386068075,0.009697750358699686,0.009477436641946113,-0.0017398148216090092,-0.0010794630687223083,0.008657159331223685,-0.003629940027232159,-0.007566026934119563,-0.0044193616538317215,-0.000688502215517417,0.0008063817623558123,-0.015458109165233491
2021-04-12,0.0003647875109447085,0.00425815735218027,-0.004808359523806871,-0.007916594050244363,0.0010170669424525158,0.003674209407429352,0.006400840263853347,0.005354383020320874,0.0009252663470769029,0.003491678732334247,-0.00043561452189777583,-0.006082067490100762,0.006377312104574706,-0.0010324755820940723,-0.00040333262822711546,0.013095384214556915
2021-04-13,0.0029591445158088092,-0.009392283043896388,0.009382661748932541,0.0010454328355633535,0.004141602791396082,-0.004869118785968851,0.010503033526096495,-0.005354383020320874,0.011798265795432084,-0.0023679893472405844,0.00746510458313665,0.007061488473290467,0.01215081733193868,0.0006883966005597486,-0.0036355421538476484,-0.015494960371601252
2021-04-14,-0.0034210613227205755,0.0059867815571976735,-0.010659133655327224,0.02740996686079855,-8.455859525113851e-05,0.0012941880888188706,-0.009882314041434803,-0.000870757509380482,0.004407691035888561,0.007211212166767567,-0.0031824052005466896,-0.004353779487220599,0.03884901943682806,-0.00045926744384061635,-0.0012148502404052408,0.02021472869692076
2021-04-15,0.010685410501547032,-0.0008526558654815553,0.017028405757383958,-0.00816463015919311,0.016978500243147288,0.003971430169131374,0.007140872686035138,0.007955483273281772,0.011009809092596079,0.011700088418625576,0.016595798436076947,0.016033536538392568,0.005329627690957572,0.004009247791775472,0.0,-0.025031109191175016
2021-04-16,0.003336715345085395,0.007087596779822736,-0.00020941948077446426,-0.008025803823417998,0.00743636017484306,0.002177655752146457,0.00770172500777111,0.0057461338951361185,0.008066841096480815,0.012049429650873744,-0.00779627160065921,0.006029562814785727,-0.00208213266184476,-0.002059748062696265,-0.0012163278968251312,-0.01950090424535711
2021-04-19,-0.004925228563023687,-0.002829439427642466,-0.008338896714838562,-0.0010332850450822662,0.00024692197056275234,-0.004161317356554228,-0.0112940352542239,-0.0038751785276565087,-0.005071373480879604,-0.004608046851716896,-0.0028768551742848203,-0.0027691247303618383,0.003236982933916721,-0.0016047960325638044,-0.0056954797897752485,0.06203544387071469
2021-04-20,-0.007348342680630893,-0.018873618131416414,-0.008905604488280261,-0.02683046203422368,0.003860505293856953,-0.011081711311216935,-0.012674606262429222,0.005449655104072804,0.012631128432089245,-0.009647542509916285,0.004598756392717007,0.0035502419969404286,-0.013479125925536017,-0.001722487357906921,0.0016304253156538273,0.0773250964912684
2021-04-21,0.00941748480321003,0.013761482656410085,0.01003075014756849,0.012666168312413628,0.011736127199506008,0.013560796715266221,0.013236728126092778,0.004993223949398384,-0.008452797269499879,0.01799875141053464,0.0020050686764285786,0.009862362310854245,-0.022956899694334787,0.0033272833904707255,-0.0012226824922980661,-0.06525256820826097
2021-04-22,-0.009174944466974644,-0.01116679058696679,-0.011807317347741986,-0.0118167279490482,-0.004466389974679075,-0.005063824386363436,-0.011132244051760942,-0.007427477699155638,-0.0071737987781905765,-0.017017393040374085,0.0043543151953553405,-0.006504254231621154,0.007631796939522317,-0.0018344296978680674,0.0028508137408547185,0.06685721042401394
2021-04-23,0.010783916538598781,0.018543188529282606,0.014825222038481023,0.00908603167104971,0.006570719629924504,0.010890210141137224,0.010401603094449818,-0.002584027654857657,-0.0013508564625719366,0.016293963217164364,-0.002353193871413417,-0.003838772793776535,0.00875224830524024,0.002636095762312607,-0.005709687372989158,-0.07661899202838818
2021-04-26,0.0020857143092909425,0.00394895926212957,0.005102866667339612,0.006708742166703363,-0.003401480284526137,-0.002958181702717333,0.00437692949744406,-0.011274984414781919,-0.005723767642623834,0.005892852784202152,-0.0014289822070159275,0.002640755671589723,-0.0030663369234984472,-0.0004580993706362335,0.0,0.017729916653121514
2021-04-27,-0.00021566473717626877,0.007852024681000103,-0.0024431802951685455,0.012045450132641022,-0.005776928944491999,0.008261198704204276,-0.0011765207873155603,-0.0007271945619979903,-0.007733666198829869,-0.0026417354572432217,-0.00876128421009259,-0.002520544909244471,0.018258905127549685,-0.0013746257615023794,0.00040892417867155473,-0.0045454581845496556
2021-04-28,-0.0002875207087287279,0.0039029542544510853,-0.009338840697105333,0.033895195930115474,-0.0030237209972270307,-0.0020589710520573234,-0.0011779959882733948,0.0007271945619979903,-0.0013710911217539312,0.0027616348514487576,0.0006488587010631264,0.0029400644612769256,0.009695324604357403,0.0019468971566833915,-0.003686260691884602,-0.016073754681327657
2021-04-29,0.00635260641970703,0.017650578238747716,-0.0008470607823936049,0.011113195310159973,-0.004018647362304506,0.007041577995754444,0.00028075854315456894,0.010555945842851244,0.0091047573205838,0.006214638085707769,-0.0029596269718226154,-0.0041425474621679115,0.016630969178615285,0.001143909973706947,0.0004102662839997606,0.01891715405514871
2021-04-30,-0.0065922440084458245,-0.008786692313211386,-0.013720773375750284,-0.025586047687556235,-0.00296270022372358,-0.006649008210057872,0.0038635383487068964,0.0008628724231733997,0.007824349375059825,-0.010660619906420532,0.002310768270759489,-0.003374702192485479,-0.02262173188398764,-0.00045729068107025483,0.008169995738653402,0.05523214628363915
2021-05-03,0.0021544387606047266,0.004952154140295928,-0.0027956694405180116,0.027163743069522184,0.011309797230537377,0.010248397533952236,-0.004761760400609383,0.008158523370927817,-0.00015010104722179562,0.01482177711893673,0.0005996469813904781,0.01289485518814093,0.016275409902132054,0.0003900996140631108,-0.004485334717225786,-0.016251773932245417
2021-05-04,-0.006188219517346383,0.007926688115015068,-0.018108987983035618,0.0005908011847273187,0.0010588399914022162,0.00436038071504008,-0.01050051006098851,-0.005145104511429466,-0.0037544883409204033,0.01085737476987525,0.006762699108441517,-0.007356686965197312,0.020034421465064067,-0.0005738654178575331,0.004485334717225786,0.061940945196345965
2021-05-05,0.0003125480993704244,0.008134628445018777,-0.0024147836844470305,0.03178565162754987,0.0017892654347875236,0.0009662551674800568,-0.003125840890030318,-0.000716519850742614,-0.016995834752972172,0.01259625772476225,0.0016479764287993248,0.004133613366980704,-0.004691153187873276,0.0019494520029992302,-0.0004069273860931588,-0.017085579008662144
2021-05-06,0.007953955258017231,0.014743507009825851,0.00998812374601954,0.005137439730974247,0.0012994598811912894,0.0069302610659880415,0.0021608743071208636,0.01282243473751521,0.007623255417710695,0.008425118229992368,0.0016452650701319627,0.016542002735280725,-0.005613577127234759,-0.0003436902567219846,-0.004895998123346956,-0.04049569027965383
2021-05-07,0.007251613465717455,0.005307965929720826,0.008523573087058978,0.017682952183486034,0.006874430514425711,0.010496525661920941,0.008935145132318745,0.0,0.0030329689975339136,0.009835602390994236,-0.004943612259048713,0.008956587353821988,0.00045025794838426947,0.000687378482770562,-0.007389192379395393,-0.0969972357545088
2021-05-10,-0.009951897709763458,-0.0007941741810930658,-0.025570446561769877,0.00037290056961403195,0.0012888883448010091,0.0009484970456217212,-0.01795084741377373,0.0076152150201931335,0.010094098678647967,-0.00444834727494392,-0.010179331585005613,0.0030259218728545534,0.0011247158343725694,-0.0022931402290478076,0.0,0.16377633728528096
2021-05-11,-0.008964760085545365,-0.017908012665924122,-0.0030299090408947293,-0.02605875364214194,-0.010845163952891035,-0.014904109963381096,-0.01135648329452632,-0.008748311164642253,-0.012367962593980764,0.003309630456712398,-0.005674867426898267,0.0001742848474819425,0.008729756532351196,-0.001033788373322686,-0.0008243309686237765,0.10515705090564609
2021-05-12,-0.02147404978142564,-0.010300687318216983,-0.028528162557892145,0.00477145186011807,-0.009484033020992655,-0.024259430805372517,-0.03444349888013143,-0.013411297790830723,-0.02364989996755762,-0.02550192075532065,-0.010563794808695626,-0.009983483413452454,0.007770097661356612,-0.004836304034810723,0.007395263554093923,0.23371023589641604
2021-05-13,0.011941019428711286,0.015948205511804314,0.013163795876235618,-0.012260734504184967,0.008995675741980236,0.018564089152230068,0.007056051459724877,0.013978006351406336,0.01908639734764561,0.015194792106616895,0.0015474153283712155,0.004098917859921336,-0.0316773606722589,0.0035720313558558203,-0.001638803111744025,-0.17632295379972707
2021-05-14,0.015238547229159849,0.015697847786142916,0.021782765126792114,0.030561276605642895,0.005035096419173435,0.013748326158070867,0.017190336886886648,0.004381336697339755,0.004866942700368249,0.011900776893821519,0.009307649912871696,0.009074563611958908,0.020335036596547784,0.003216087713014737,-0.004108386382490448,-0.2067418250392974
2021-05-17,-0.0025476398794133104,0.0018466605475566666,-0.0073808292275572285,0.022917284833735785,-0.0018648940464967012,-0.0030603574977243753,-0.0018174896749494351,-0.0014113279368572762,-0.008226742262670506,0.00872071851386691,-0.0021179817647833943,0.011572105937362132,0.015094633252671574,-0.0018366640187323924,-0.0012358692339264898,0.0472446994340161
2021-05-18,-0.008652921822009496,-0.014064379194195453,-0.0080335277053738,-0.023478404851245305,0.0003246349898287093,-0.014664943442343592,-0.007834232937734775,-0.003111826484727409,-0.00015299602547846902,-0.011112433697400892,-0.0025616044048888398,0.0019442812059784487,-0.012191201414645025,-0.0024150082079001933,-0.004544449855407251,0.0789499386691932
2021-05-19,-0.0026253267472231556,-0.006165184069888863,0.003503595386736613,-0.02519301058175838,-0.0017051562773744422,-0.005652910476894313,-0.008432788447705342,-0.0032633855955372937,-0.0016844345251945114,-0.01539713320890801,-0.0024214539235938304,0.0006853819629943914,-0.031950148033327075,-0.002652052453123943,0.004544449855407251,0.038607742657343014
2021-05-20,0.010700592152896427,0.0005375656087469594,0.018945832948673136,-0.0015358982899762452,0.010428762779809198,0.0022456656371625527,0.010205434611227915,0.009195755510449821,0.00869759337005771,0.0005788163944502323,0.008194831281732817,0.00455687179574138,-0.02211708741587115,0.004263055336646282,-0.004958807528606446,-0.07050761829654917
2021-05-21,-0.0008190695366048217,0.009894192045346806,-0.0054919513013178545,0.0021112414395165757,0.00016083521064746975,0.004864197991303776,-0.00503031906624507,0.00014060879931321324,0.005152541101474117,0.0021962565095177133,0.0032008970734986875,0.0004544691684227331,0.02831475340241063,0.0014930042734446758,0.003308693723148348,-0.02547910792353214
2021-05-24,0.01014244066751857,0.004778291605115115,0.017613628815654536,0.009920083749199726,0.0009646018594740013,0.006191983104137044,0.009859043988113214,0.002952963290808519,-0.0018155378233117858,0.008852248743873137,0.003698342365399121,0.0017594874877140398,0.029758726086480003,0.001147665069665571,-0.0024804247217242725,-0.09085362557830257
2021-05-25,-0.0022209562805075578,-0.010114582451698606,0.0002882807485171668,-0.020520521697254157,-0.002976970569483761,-0.0029944579738145904,0.00316748353893459,0.00028063686115853415,-0.012188011060914494,-0.008505685745693548,0.009220268712109458,0.009031903514378214,-0.0022237565389220393,0.00011446170155871016,-0.0012425233726371943,0.023631633364472826
2021-05-26,0.0019824088984892185,0.00293861135557405,-7.211963620434858e-05,0.008873414486949116,-0.005817955293901278,0.003187094759661946,0.00950015045480157,-0.0021076538483839613,0.00015341441269445255,0.0003462476785416335,-0.0017228710202896735,-0.0017435678186670245,0.006214014609705831,0.00034353883322868484,0.003722948094361467,-0.08181353285665827
2021-05-27,0.0005247760239255328,0.011403988914521435,-0.005279407269719094,0.000767904659596752,-0.002190767815459793,0.013600733330383363,0.003994714003288102,-0.006207801189328954,-0.006766324440804272,0.00793059236031013,-0.0040298022473175266,0.0003940189892901458,0.007713503239096475,-0.000458000534787395,-0.0008260333939871245,-0.036367693002124835
2021-05-28,0.0017870947418385796,0.0018448247788125371,0.0035468591094902635,0.0019173185755279043,0.0038910951826123252,0.0,-0.0013873480869035504,0.0021207026562475306,0.005386118253028815,-0.0010309875188290185,-0.0015882319321187666,0.003763087633854134,-0.0028581105929030848,-0.0003441612428796148,0.0008260333939871245,0.001194057321792119
2021-06-01,-0.000881283183423065,0.006035967125294306,-0.0049255002062968956,0.037775654954112614,-0.016560402474208757,0.0038926145913631416,-0.0019115018011985896,-0.0033950255911099347,-0.006157602230822512,0.013884279039475533,-0.00022407016630943133,-0.0026945732480543327,0.019837242586995263,0.002998970438259363,-0.0016529326809942013,0.06580558282518023
2021-06-02,0.0015716446464333345,0.001568645585841022,0.00687439167329007,0.018456655696869273,-0.0019760401298620778,-0.002846737687004719,-0.004648081385954406,0.0036776980060730935,0.005236451079483118,-0.00839853179123784,0.0023127778618974304,0.004878526963101315,0.012227969036399333,0.0012617384716522295,0.0,-0.023743347496015144
2021-06-03,-0.0037183724467553247,0.002348473139484941,-0.0093462116940497,0.002712097444921735,0.003044872285241418,-0.002188118185206811,-0.011951620623226411,0.006192515139042953,0.005972916712899234,-0.00022797700308396784,-0.003761034263223273,-0.019772420864664575,0.0014914180409344446,-0.0020646912008208673,0.00618436903532249,0.03153422134479289
2021-06-04,0.00910395116998064,0.00260247975871275,0.01903455365243456,0.006658979438459944,0.0031995230432837474,0.0032330590840263795,0.007983535121271146,0.0035017913705273074,-0.0015281386409107256,0.002163589725117987,0.013601626193768368,0.010725633264657475,0.0061551102152717085,0.002179515717370073,-0.0037060847283845177,-0.0940914567136435
2021-06-07,-0.0009702130638382656,-0.006519598484038713,-0.00021425719606416038,-0.004314324599293595,0.0035974624145653777,-0.006954320572716277,0.0,-0.0016792510176744102,0.0018334999861751022,-0.012246090031245327,-0.0030777323379345134,0.003999619209611005,0.00021161824599502665,0.000343353126090129,-0.0016513850199308955,0.0
2021-06-08,0.00021312425771835564,-0.0026199628820249288,7.142416615923963e-05,0.008610033169810904,-0.0031061459002090785,0.002577635301768133,0.00803631375732028,-0.008438691831774925,-0.00858508146116188,0.001840812345860865,0.007001366851074664,-0.003096867753862753,0.012822048508777328,0.0006873934025861672,0.0012388400126459587,0.038822410257761675
2021-06-09,-0.00149313531482953,-0.009488846840478793,0.0007139612241564564,-0.00627077979793178,0.009613823564895263,-0.010254595171539371,-0.005525346431193512,-0.004813900369189383,0.008890349589338875,-0.007846865164149897,0.008790299904785748,-0.0019193434836646261,-0.006285359639427224,0.0008008423314818103,0.0008251023608663033,0.0469193444752678
2021-06-10,0.004637543434110825,-0.01172069144439769,0.007325187547030154,-0.001258988351810153,0.016964012928184502,-0.0049248689506331544,0.004713264072703893,0.006225179935469782,0.006540418691138861,-0.006042244956387943,0.005981025364307335,0.004285131517665519,0.005240552616245786,0.0018283555957427922,-0.0008251023608663033,-0.10542256771952596
2021-06-11,0.0016511554129019501,0.006410350585607905,0.005934298323469811,-0.0034249198592353203,-0.007120129953204213,0.0020308957985140097,0.005441520179264359,0.0005641769656179463,0.002271318191906513,0.0037226458046850652,-0.0016146507945036248,-0.011316177890912549,0.005005179582536989,0.0003425601103401732,0.004940342186926738,-0.02834840307308939
2021-06-14,0.0022363643994687266,-0.010437787869651771,0.010091688910622842,-0.004343128314797884,0.0008825832632206598,-0.004550917428939094,0.00028853759119229494,-0.0005641769656179463,0.0021155673604145164,-0.012384945194904518,-0.0076890136733940295,-0.00587816641004224,0.005187271753536837,-0.0009137929910503217,-0.0008217124512572838,0.0462004629053725
2021-06-15,-0.0018357508610460371,0.0018814520476846397,-0.006154778960388185,0.01886328413709215,0.0003208189971548592,0.004261098832296639,-0.005324072752871167,-0.002400689984438209,0.003014294561582087,-0.002118241097307738,-0.0012046362316775472,-0.0037848631237418218,0.013566494867255585,-0.00011435498349499085,0.0008217124512572838,0.03771779452438828
2021-06-16,-0.005599033320621061,-0.0010746659255036484,-0.005417606157925192,-0.005353311131746086,-0.00385677148300001,-0.009515611328811069,0.00046428249605856564,-0.013379161720307842,-0.01516316257406869,-0.01113647192022249,-0.0008508049729529787,-0.017036003680355627,-0.004706844734235105,-0.001371431848230742,0.00817983964639124,0.0642813896523835
2021-06-17,-0.00033174887458020663,-0.03001604864471652,0.011502548646857846,-0.03458637837677836,0.00761870512689633,-0.015534756736081512,0.0037625545881319056,0.003575919319847465,0.005485018331580438,-0.0225295823135383,0.014860795932659876,-0.031222825916410457,-0.014671181174468195,0.0006860665065095972,0.00770960878124427,-0.02228502377181929
2021-06-18,-0.01358196892054142,-0.024394682580533456,-0.009176819393818647,-0.03008304350938884,-0.011490408905198812,-0.013065372915624707,-0.005271475305910656,-0.017862946547073655,-0.026327400205646168,-0.01633845997507999,0.01863106673531334,-0.005562705142465596,0.006639022098203995,-0.00045740238981650805,0.0032284903497972195,0.1537482212068766
2021-06-21,0.014214245933097835,0.02307118620871762,0.01065949216104034,0.04173151755139903,0.011943971503832529,0.021756605317981403,0.007677711947161825,0.011404451492548873,0.012871657680053605,0.02054855633732089,-0.01688458768388479,0.012173251058175794,0.020467353594847637,0.001942747518044463,-0.004846652637399362,-0.14589187372458623
2021-06-22,0.005331920986648697,0.0016694791319999958,0.009027827708840697,0.006635918862119894,0.0021620906636510284,0.0010829545455797174,0.009365705660504986,0.0014450614082930358,-0.006071355005437873,0.0040134333387791266,0.0024392004239439657,-0.004201668574228101,0.0012147715471400033,0.0006846941281324348,-0.0016206055455763035,-0.07123123582395552
2021-06-23,-0.0012062999625168658,0.0019441133223363494,-0.0011065704647856833,0.0027521897947235807,-0.00416822525840832,-0.002266436560735663,0.007690764605229994,-0.006229557963382426,-0.010675211348062597,-0.0064537390518641935,-0.002579135540332622,-0.000661876798756289,0.006052127684481601,-0.0010269863800891343,0.0016206055455763035,-0.020619296743295212
2021-06-24,0.005898796769356451,0.012408866391893536,0.006278298819457184,0.008574226858963918,0.005127589863953119,0.007763892864391053,0.003399123432695106,0.004928920433757256,-0.0009473834642315104,0.0031713505311659063,0.0016041565853788242,-0.0006021199876098393,0.0024105863466914457,0.0030779154355826677,-0.0008100641226955752,-0.021679351888891585
2021-06-25,0.003545640378192161,0.011986002341112023,-0.0011699077035425276,0.005254181801158886,0.004544965064725126,0.0019559496453052105,0.006314478340014418,0.00763514098426743,0.010685137183543691,0.00012144697105753721,-0.010437377606860032,0.003306999189259585,0.00819266939843244,0.0010241765030212235,0.0004052933045310958,-0.022159841862595897
2021-06-28,0.0020140665695587145,-0.0073380603840220715,0.01041177966930995,-0.034375101018957466,0.001510300006339449,-0.005289796646467337,0.00022481002039675957,0.0008609563591344127,0.006387790916160707,0.0,0.010228153818767183,-5.9996439618181796e-05,-0.014230104397403576,-0.00011396261464113877,0.00040477081816447935,0.008922961867715351
2021-06-29,0.0005377538528934522,-0.003552711750158366,0.007265057710601042,-0.004874391104457754,0.001111733452987096,-0.001966657742707767,0.0024694912305802674,-0.004455281913991804,-0.016283507885515025,-0.0004871078111632343,0.0016716828819856033,-0.010561034647227352,0.007040127097218463,0.0012505801292057583,0.0024262625710491648,0.01636287126203184
2021-06-30,0.0008414067846338469,0.0043704388106791114,-0.0010830413844287179,0.01232703807583535,-0.0006351905970802818,0.007744945051180174,0.0007842312119077377,0.007747945673988177,-0.0018958949417471338,0.002676570826042113,0.004443223174164679,0.004841763592293269,-0.00020042741346681936,0.00011359072928218694,0.002823041259825132,-0.01193110114138296
2021-07-01,0.00552114077273913,0.007873223161615872,0.0016914960948879454,0.017299101257602256,0.008853231539394102,0.007103422259207015,0.0056407262199078545,-0.0030059469531638072,0.010853344000357978,0.00545206377532903,5.544458790485152e-05,0.0034354496150825753,0.01472659179078839,0.001957927098582779,0.0028152718339420346,-0.022358030483057068
2021-07-02,0.0076145713552948635,-0.0010822329765920458,0.013097842936123705,-0.002191848699664156,0.0095551934519289,0.001550476093981068,0.008760998729847813,0.002433903969370377,0.0015631295170281945,0.0014489993700497195,0.0060165545787418395,0.00653692915069648,0.0061054128722553,0.0015917563397511714,-0.004024247393259017,-0.026842846202429715
2021-07-06,-0.0018229975374577378,-0.015825494102401194,0.003795877844739337,-0.033088411249083904,-0.000935722673976791,-0.009630957558509401,0.0011585325639282829,-0.0041555642256065894,0.0042087201039553435,-0.014951951389300167,0.011652772988476556,0.004949187883217299,-0.020431113552368707,-0.0005685857885744383,0.003622550627853105,0.08701142972543563
2021-07-07,0.003527846953908842,0.00137362674666619,0.005436370562210691,-0.016387728677416558,0.006299763604762809,0.009921270001647109,-0.000551640103998885,0.005299012250318924,0.006511686184105248,0.010356368127823146,0.008820062751841995,0.0037995736126816837,-0.025163699116628635,0.0003410530451741778,0.0016058198063775286,-0.014706132779924719
2021-07-08,-0.008181499641782608,-0.020252846417154746,-0.009499531235429792,-0.005780231171832018,-0.005519987667746307,-0.014035310800075251,-0.002485889372507266,-0.0037207625328310456,-0.0029405820708063857,-0.013668554883842443,0.003910341265852324,-0.0006520293887515294,0.017519303400777453,-0.0021605945149554273,-0.004019394874913651,0.1594276898330751
2021-07-09,0.010618072847168314,0.028458617033420897,0.009168906590699244,0.02103323733923368,0.003424130224275679,0.015679460596842887,0.009304114891040882,0.005718143898110206,0.0012391577868706705,0.019470272694770863,-0.014162815759748426,0.0033150614410244472,0.01781292744724583,0.001706288880465756,-0.0024192358710228845,-0.16066304867479797
2021-07-12,0.0035757850393087764,0.009759108143690742,0.0007934830907769808,-0.0015147089109537326,0.0019407450363804202,0.0013516146031786747,0.006826225272615893,-0.0015689951361279597,0.003245348380261248,0.003248222575866322,-0.0012971315791583393,-0.0012418718351820957,-0.001985673267794308,-0.00034086472297190085,0.0012102603117059019,-0.0006182521843864919
2021-07-13,-0.0034149070077491572,-0.010849078658671907,0.0040887588251052875,-0.007609113184457339,-0.0009310516118654633,-0.009696611852395343,-0.012045707285917473,-0.00028575693940613434,-0.00758920413262576,-0.009171046891944812,-0.0076829835648437594,0.0013009357869862015,0.016558630429281518,-0.0029600711436668092,0.006030225699968028,0.05708974142698153
2021-07-14,0.0014909005337813142,-0.004646671920062406,0.007344479318081021,-0.030240581139027167,-0.0009317264559243199,-9.733186429272678e-05,-0.0018193092915819165,0.00881578382116377,0.008668582287274518,-0.0020628997282274852,0.011297752428170327,0.010697757313475442,-0.0287575737756125,0.001594646986172954,-0.0048212501406510455,-0.04724351742387478
2021-07-15,-0.003421269583578024,0.0032823371706043325,-0.00826642189685689,-0.014072373057314902,-0.003502097192866316,0.0019469201830784044,-0.0054228199854300385,0.004096734530337542,0.01118903989022213,0.00012145889646841823,0.010970198402956655,0.0001754642548270624,-0.01336863815653011,-0.0006830104908956969,0.0028152718339420346,0.0407975175531301
2021-07-16,-0.007874466689844262,-0.013748095456833642,-0.009930628196192615,-0.028752678167811574,0.002724984066507119,-0.00888980265776329,-0.01239428391021935,0.001549629992515733,0.01000888316453974,-0.015176099993750913,-0.0018869277752013858,-0.009751038308664306,0.0020370443754189616,-0.0013678814215252189,0.0012041230409716164,0.08126299197477449
2021-07-19,-0.014878103253511021,-0.028360527866106544,-0.013868095427123528,-0.03597207586522,-0.010551541712556123,-0.02112231117500496,-0.011526099579701743,-0.0029603596436036383,-0.015970786079344546,-0.02169115155480217,0.02169023522329283,0.0011798535126086307,-0.06951627893717571,-0.006752343664635063,0.0016032452827956511,0.19845089737210708
2021-07-20,0.01422892485253957,0.024477265806910786,0.014732678368729601,0.013326571732599657,0.012105228753122255,0.027577991087737175,0.018300508704863994,0.00028230518779182034,0.004283769627469791,0.011278466043748825,-0.009685543058593815,-0.0012979424872483492,0.014510231412515395,0.005039971477994065,0.0012007493905477062,-0.13137501237725324
2021-07-21,0.008063594579312827,0.01708512472740198,0.009593152474888456,0.03428670205954498,0.0016289282299437602,0.009508950681466288,0.00916460012561604,-0.002543743549326294,-0.011053163835290647,0.010905798862960392,-0.012747857656660422,-0.003726190289075504,0.03714295200809481,0.002396661539961542,-0.002402853603084232,-0.09678108928020412
2021-07-22,0.0020918075725191443,-0.010989394117618456,0.007347265576261641,-0.011230219815333786,0.007335709410708269,-0.003676453072159802,0.004303222288897679,-0.0016994720907232974,0.0015422572324035322,0.0003701944705158944,0.009408490149800386,0.0019535411866025143,0.018473385028781042,0.0005695969283570079,0.0012021042125365256,-0.012359669191420508
2021-07-23,0.010235456552529776,0.001656116286655962,0.00988521720810187,-0.0037029171967999375,0.011473899732937554,0.004255854195426956,0.008878940042165162,0.01197615064565305,0.012712071414533899,0.006998401974209312,-0.0067113401939238315,-0.0031393408805522327,0.006082805730659224,0.0019347786689447588,0.000400232880992224,-0.02809011018514518
2021-07-26,0.002451941745091446,0.005774731889272466,-0.0005174838586379238,0.024430902367796214,-0.006485463947487169,-0.00048278446994487467,0.007393135005439255,0.001679439925277748,0.000304355131281131,0.00840706133633251,-0.0029676567818635036,-0.0023758261058626218,0.004034642339618699,-0.001478990695679805,-0.0032076012047594915,0.021852459740864916
2021-07-27,-0.004568017583630457,-0.0002742595352041022,-0.009498519585657839,-0.00929486569210125,0.004658610157343368,-0.0055193058189209054,-0.010180224427259965,0.0020947794698944477,0.017045290923522582,0.0013339242981249555,0.010615824441012833,0.0016636888817753714,-0.004034642339618699,-0.001367413649602689,-0.0016076671356906047,0.09644722545763784
2021-07-28,-0.00041019598703595506,-0.0013724270863053611,-0.001242752820301618,0.009093843404734958,0.0035749388629593426,-0.002333121742040589,-0.003233114508988777,-0.008829099944963836,-0.007656938218376208,0.0029032472273007315,6.575496731375807e-05,0.0050335632022413535,0.005040841278820096,0.0007976175401163133,-0.0028196293916971094,-0.05576178385597297
2021-07-29,0.004138794436713944,0.010926358166379213,0.0046361000337693525,0.009609701662620651,0.0024267818933312313,0.007852427560961495,0.011190368984623333,0.004914581321978417,0.0027089798427906153,0.010934861686239916,-0.005561476835836743,0.01104402302009877,0.018334474589103866,0.0021625616154086202,-0.0036372791374286173,-0.0338826468351745
2021-07-30,-0.004868323362444471,-0.00790927318425938,-0.0006516612067368754,-0.016067828597439604,0.000908190524871344,-0.0019331536519544557,-0.020788014248893205,0.0016797362432363627,-0.00845274849573574,0.004054501646695741,0.004693368772948681,-0.007918108309763028,0.0003948757783649448,-0.001364892093430825,0.0028300679598514122,0.030052289414132627
2021-08-02,-0.002100075982164995,0.00027335337791223324,-0.003591850967758603,-0.007519507527078861,0.0013611787804723718,-0.006893083633856101,0.002877774530431587,-0.004204214903331227,0.007701141845374959,-0.012214274082874788,0.0088794893175006,-0.0012374082182162738,-0.029649598568201263,-0.002481892578905409,-0.0012119056722492694,0.06474405761339286
2021-08-03,0.00810237028281513,0.011161428995702938,0.0063911303236308115,0.01699056946531563,0.013808966628721997,0.01296981104890893,0.007378285915866201,0.004483653402370891,0.005699565025946374,0.010308220455155226,0.0005304454954560001,-0.0007077270423847537,-0.006732695740543804,0.0011444004578597955,0.0004041317699798874,-0.0757694643269029
2021-08-04,-0.004930849320460062,-0.008427340672341188,0.002013110948603014,-0.02744918684085107,-0.0042576198508008645,-0.013651761804016616,-0.009757226774602223,-0.013086489822336844,-0.0014967493367561424,-0.00958555329399502,0.0020545734381824943,0.00023593466942628538,-0.03436043849730375,-0.0018311410080169566,0.001614985079846587,-0.0038879027995193383
2021-08-05,0.0063127292095828125,0.013019016075839662,0.005499176202600431,0.011274147426127978,-0.004125146599056606,0.004668278768002132,0.009537745048933566,0.004804251426382855,0.010875194291697365,-0.00144575538231706,-0.0051103195323287665,-0.003959922253452319,0.018888236633179734,0.002288488855180404,0.0,-0.039153859472471186
2021-08-06,0.0016511198066817556,0.02000841612576032,-0.0008390327289049537,0.009130561309552032,-0.0008269881513554012,0.004646825562582002,-0.006827234889176026,0.0,-0.0005928563061021741,0.014364747385894994,-0.01684238141562666,-0.02530870447734479,-0.011079841359769915,-0.0011438768890492668,0.0056314195683593304,-0.06762977706408968
2021-08-09,-0.0008138828405632736,0.002637838612876031,-0.003234067783941974,-0.014239413726053751,0.003828910960555376,-0.003967890282878805,-0.001382088703111961,0.00365827821548681,-0.0002964613718048348,-0.0011893961533400166,-0.003592202719177706,-0.017894816057729912,-0.020601795641473686,-0.00229168664053514,0.002003478163787875,0.03468554054099071
2021-08-10,0.0012431836486523906,0.010482318327424078,-0.007216651362343285,0.017466002702225758,-0.002325612394746379,0.010129810653423554,0.003920298961670454,0.007137402291172101,0.0010376575006678657,0.014999052308863448,-0.004629111216273962,0.00030914743149335067,0.022911520770175997,-0.0022966044183823087,0.0008005165095554823,0.004177959028341061
2021-08-11,0.00248188751931977,0.01140491320902326,0.00013034908713382976,0.007821097073881234,-0.009963828345072478,0.0128753592123374,0.0029161713640082354,0.0033412776733028338,0.009289999613507405,0.01396835407969732,-0.0006137180677132648,0.013690828071884376,0.012919515705085871,0.0016083725511615299,-0.002002139407605963,-0.03762584731032481
2021-08-12,0.0029923844085466555,0.0018026554084977775,0.005725078331663802,-0.0009995064574752632,0.007858552099498262,-0.0018969536479493954,0.0004393434864100598,-0.0005559939169694772,0.0010267414866049762,-0.0016199630346096505,-0.001641042571233875,0.00024383177142706103,-0.004149399474018267,0.0017206697650209435,0.0012016228980504806,-0.03652798545002156
2021-08-13,0.0018181180232454963,-0.007488853095463988,0.005434324456392581,-0.01186772725222962,0.006227639648835215,-0.003137975671835491,-0.0028598020463963536,0.008308944372325655,0.007013603029680127,0.0009258335148665253,0.01567272434446121,0.014224167163591872,-0.014027199064935214,0.0021747073311466636,-0.004815268340450096,-0.009020701858778235
2021-08-16,0.002351967376444719,-0.0025952840498590923,0.004506237844309702,-0.018585161076028367,0.011305409207066575,0.0034225881294567273,-0.00463743946678008,0.005775758679535059,0.006096856737275225,-0.004986427264329407,0.002420972281540479,0.004975891262676946,-0.008256623270613161,0.00034300933551190127,0.0008041121797410788,0.0424517981416499
2021-08-17,-0.0065767474771964984,-0.007041544570218772,-0.008320223583101694,-0.010360783517237682,0.011763908364368802,-0.010878785723038575,-0.02402461665892819,0.0005480409582947487,0.000578703775540923,-0.011575542594111088,-0.00040275450125548673,-0.0014961551501162518,-0.009827019287028005,-0.0022891460254932383,0.006010893599074585,0.10529841841281096
2021-08-18,-0.011005350771526423,-0.012376596402097206,-0.013891474263664882,-0.02104888493195789,-0.015320445974587926,-0.010998676012345499,0.0035646312698700555,-0.01254931354370914,-0.005075258935080207,-0.011711307010377148,0.0033536015394641794,0.0007783092556952198,-0.025659165109114923,-0.0022934764319959555,0.0,0.18594423869998966
2021-08-19,0.0015470931650929387,-0.007446717274725234,0.009737868485816037,-0.026294252116598305,0.004517653589003245,-0.007009450102246184,-0.006402358266788255,0.008016870332197001,0.004062098804160197,-0.008964385122441687,0.0073380437450154545,-0.002936716523141314,-0.01397385617930924,-0.0001152326369604495,0.004782817848002274,0.0046253728160783325
2021-08-20,0.007925444842712182,0.006120979319730768,0.01279532743076306,0.0021814513684468295,0.0056731024364413685,0.002634024246867206,0.009560078337644384,0.0016505553435166576,0.012374357476534037,0.005865901355110115,0.0006643724365629211,0.0005400158455302062,-0.030387828904086867,0.002408709068956405,-0.001193495552074264,-0.154920120485587
2021-08-23,0.008758196990943823,0.008191187986097859,0.012823398677484832,0.03679547280002149,0.0003673714963525754,0.008151623911171413,0.012810269488475079,-0.0031659663978231833,-0.01295358380434708,0.008557253018390387,-0.0006643724365629211,0.012104007439095454,0.054224711849098384,0.00308850905418101,-0.005989292615285802,-0.0790105472145819
2021-08-24,0.0015862252620593154,0.006034260665325419,-0.0011418084930747696,0.01645683349896876,-0.003531618317288654,0.0050129827604701305,0.0070344497600496325,-0.007612057803551231,-0.006540037129637799,0.006252537759318333,-0.007806898106508697,-0.0004742535717268126,0.03261392896464077,0.0013696529179947348,-0.0008013900170582566,0.0040733077558838815
2021-08-25,0.002096198315890696,0.011702387859463759,-0.0005716450155741626,0.007615749061291144,-0.0027305367123222624,0.006422325831540121,0.003855979315674496,-0.0016686985269611654,0.0018935278018652468,0.004576312821398698,-0.008341716925759357,-0.006961609676564784,0.009245756974627373,0.0010258670837055561,-0.0008018552657373945,-0.02528793350711922
2021-08-26,-0.005920837371376386,-0.0049243096115825225,-0.006306113005901892,-0.01528946678234755,-0.003924777375960531,-0.004405007293296848,-0.009279699291344201,-0.004602859280862681,-0.002477023102631204,-0.006931082554037182,0.0027657358858510506,0.0011338353884635666,-0.006926291261661888,-0.0005694276091343653,0.0028039946733433574,0.11519875162978144
2021-08-27,0.008901339952949172,0.013163040820889815,0.009603056964016865,0.026301098296587444,-0.0011133229882416273,0.006886022699115202,0.00905963528479159,0.003489410641184243,-0.00029181066263195277,0.013116387625884851,0.0067811281256249245,0.014917723322636078,0.014012609833968348,0.0027317605084578034,-0.004409814479720886,-0.13931092173088988
2021-08-30,0.0043878839554460924,-0.014202686626113348,0.010701844950365746,-0.011832106738452364,0.005629059308838613,-0.0011442648519839338,0.007505999181993239,0.0044478242692536085,0.0014581379050859766,-0.0010477713559655655,0.0026060394163822664,-0.00494785904714945,0.005178675314762682,0.001249947074486002,0.0,-0.01227755484004689
2021-08-31,-0.0014824715497532281,-0.001301024898817893,-0.005273827031258449,-0.006795273837078675,-0.0013303938266036042,-0.0027710983250344157,0.0023987723011975604,0.0022168166041005577,-0.0011663272424540239,-0.0029158011456851263,-0.006830484482722277,0.0020056420675675923,-0.007465828979621225,0.00022706427355156933,0.0,0.017753696027978272
2021-09-01,0.0005309711927399263,-0.00574581568896404,0.0002519752072522863,-0.014778097212729158,0.00029586403587167354,-0.0038346473117503166,-5.454618656397514e-05,0.005244975151143194,0.01304552323580177,-0.002573363140981666,0.001673580418183107,5.889688474436383e-05,-0.002292396730733781,0.0008535646462011215,-0.002010729666813038,-0.022707261629018483
2021-09-02,0.0030721402890963034,0.0033991104374200276,-0.0010705598877045475,0.025055821303509695,0.010663914693742171,0.010700392483125931,-5.4375985361510004e-05,0.0038469271852799025,0.009031688998838217,0.0064205925841656075,0.004356228738326529,-0.002655242464544294,0.021057765023962283,0.0012506769019902109,-0.0024184388769201703,0.01845066072814472
2021-09-03,-0.00024283555958248826,-0.006284500930378023,0.00396148371170657,-0.005742540262748452,0.0010963526854332883,-0.00610056136539594,-0.0005990241870996726,-0.0012347198289051065,-0.008311790266775532,-0.006654621193356469,-0.009135822425397677,0.010637446088029634,-0.005942050343036964,0.00011378570685316447,-0.002019932690494386,0.0
2021-09-07,-0.0035819286461356015,-0.006059697269773068,0.00025068767776748047,-0.005982279862454032,-0.0058627545869738285,-0.017457165069679093,0.0029378947818159418,-0.011600889747752419,-0.013328059570449025,-0.006581195673935003,-0.008471539366138536,-0.019778020504278793,-0.012823317950191537,-0.0026169335893007073,0.004840787654421419,0.10022851523673681
2021-09-08,-0.0012190637877953492,-0.0023812559366538366,-0.003834172364896915,-0.012911876963336066,-0.00044115768933661315,0.0013612651818419863,0.0011404226186639832,0.00857545265650117,0.01777910091329593,-0.009596598919397348,0.006782853250611787,-0.0025075441660513675,0.011383735288738706,0.0011386437361702306,0.0016083135798061754,-0.009972399142124555
2021-09-09,-0.004289482368645459,0.002909593707898228,-0.003785934686129089,0.002093947247733041,-0.011612003684028593,-0.004869918591092315,-0.0013036191562534327,-0.005800745537021257,-0.005459031966910999,0.0003569468051805025,0.012027422316227998,0.004413734414974613,-0.017438684631387424,0.0009099141841595326,-0.0024135750685361224,0.04570981735587498
2021-09-10,-0.007915715436375592,-0.007423137644066546,-0.009909926906733979,-0.0004183430765212215,-0.009192733676679943,-0.0045015651193054396,-0.006159126929768277,-0.004304053839822686,-0.014071574324701963,-0.0002380172273950265,-0.008855561211503549,-0.005071495164425954,0.021751230298356905,-0.001479017039294206,0.0016098750531079453,0.10828185353128683
2021-09-13,0.002556172213392216,0.011377181374085499,0.0003187598811456027,0.028263971578646352,-0.006175587816041883,0.0026445860282544587,0.0024575555899986057,0.0025011587795233936,-0.0017545136404217843,-0.0002382744847078122,0.006046951725401151,0.0033441618437191067,0.013838241047702038,0.0025019516524427132,0.0,-0.07841316203994708
2021-09-14,-0.005411358393534016,-0.013508206604881057,-0.0012771682620487113,-0.01454786553603915,-0.00015113967972890663,-0.012104725940726091,-0.0033326675570224396,-0.004589751522763308,-0.003371777519828978,-0.011013938727227668,0.012049779561254859,0.006417907636002695,-0.003441610186611488,-0.00045455894417756326,0.0,0.004635508965875168
2021-09-15,0.008317866654921957,0.009554162874862104,0.008716642910314931,0.036677248706380006,0.00647703826045376,0.010930253537086543,0.006436516963500338,0.0036179394635826867,-0.00132250916781107,0.01053762074045883,-0.0035136501833150646,-0.005881528710091288,0.02760169730611972,0.0014758807417996067,-0.0020125262465828797,-0.06803892417555257
2021-09-16,-0.0015863255120995845,-0.002909593707898228,0.0005703054629888626,-0.011406105389769383,-0.0025557456000626644,-0.006878772121878818,0.004556591850963798,-0.003339175904972791,-0.008416359649900507,-0.010898997674678501,-0.00459285883203453,-0.02290224274781849,0.00019730025294650844,-0.0003403247125621789,0.004422046068388585,0.027666544506303126
2021-09-17,-0.00978888738561956,-0.004513543936168318,-0.015698085505454706,-0.007473939971249788,0.000977971937077271,-0.010706986594423817,-0.003524112559284198,-0.0054503828876875104,-0.01554105996483024,-0.020807243248070595,-0.004814216126868942,-0.001586299932490931,-0.007523319317769062,-0.0012493417360905923,0.0036036940148713725,0.10744496470005149
2021-09-20,-0.016814773301179642,-0.02347064753594763,-0.018382335800671612,-0.031012754234197804,-0.010490139734393722,-0.011535488785224146,-0.023083716117903386,-0.01003356138783662,-0.0018378318228799984,-0.01940287653337114,0.012325190949500353,0.007118755657040232,-0.014411803360289799,-0.0035285463945387008,0.0003995215872820701,0.21144637092598728
2021-09-21,-0.0009450689276890856,-0.0013693809403325652,0.00039367914102417245,0.002325742281574339,0.00152385260356791,-0.005273957739936996,0.0015019389065074051,-0.0011401552648839797,-0.0027402871803801077,-0.0023950392754805705,-0.0008617403284212344,0.006646896542603642,-0.00040323942883313535,0.0017087175460099857,-0.0007994682428078548,-0.05393751777084255
2021-09-22,0.009707594692743626,0.016574551266270277,0.01361725159859617,0.030368354645182727,0.0016736854805259327,0.007900418550905286,0.013525987159009212,0.0028478006649077514,-0.0006099887351296296,0.010296500966778144,0.005946986454433478,-0.003740999554961988,0.01798964562637817,0.001819828848528715,0.002795038280097195,-0.15462970659564101
2021-09-23,0.012076916959776085,0.02422597639529478,0.013306468671918203,0.03443409935380215,0.007194499100958041,0.015218493738924366,0.010093768826759941,0.003690119026671823,-0.005352962019340879,0.01414056980912548,-0.022855488579449634,-0.011613566243419804,0.017671803305539413,0.00045483791131850637,-0.003995307475654908,-0.11353962173545984
2021-09-24,0.001645714398847531,0.005246390357106723,0.000702120143878382,0.007493786486854059,-0.004083233298819877,0.0020844453882187253,0.0037383352958935134,0.00042511539201939286,-0.001073877376800425,-0.001479050801271864,-0.009821374787855497,-0.0012850982867504968,0.008527156774535083,-0.001478012982155441,0.0027984787211843276,-0.04838762364465321
2021-09-27,-0.0028651434906628026,0.013513906825985078,-0.009746827358118715,0.03494210129533881,-0.014346907879379422,0.0009911608357295876,0.005340266774705782,-0.004541918621055352,-0.01189124157527699,0.007741058740377227,-0.0036831882605339317,0.0020798706668898603,0.020816184787312952,-0.0009104319305750508,0.0011968287544705802,0.0553414398571781
2021-09-28,-0.020357491481061807,-0.016658741345944694,-0.030089237373860378,0.003408991898316671,-0.017289297633094947,-0.011657728493887909,-0.019446651000884607,-0.01187687965743578,-0.01266331581658342,-0.012439463885079327,-0.01569931112642564,-0.009763940911599711,-0.00968573358530378,-0.004564405769690083,0.003582179495047466,0.21457817625476272
2021-09-29,0.001681729380808683,0.0007875708325588704,-0.0012625841712017305,0.0,0.007867706888133874,0.0011017927013865503,0.000986969498645962,0.009028047033448061,0.012973995075014955,-0.004097927568384563,0.0017332752275498464,-0.004514933012786493,-0.0015279191307500106,0.0018288113334188338,0.007125916729021853,-0.030126729076274117
2021-09-30,-0.01229766062186588,-0.01586088602783242,-0.007206835296962311,-0.015241122493456771,-0.012335319625067953,-0.020736032974225438,-0.016798722202818972,-0.018138028586863086,-0.007952043485181637,-0.015677142677819056,-0.00013851647748808205,0.017816984307014394,0.004576698988345562,-0.0011426436694179642,-0.0015791934111839545,0.025384292431966937
2021-10-01,0.011814103556851308,0.01638500979689672,0.014956279963747932,0.03304356790493079,0.00023564259842068225,0.013602945869550354,0.007494783069624589,0.0026112329296239523,0.0,0.015801648405634694,0.008380463436718166,0.002250511092103835,0.013230148566782507,0.0023937223756442805,-0.0019775052174026975,-0.09228963682790381
2021-10-04,-0.01297982416098975,-0.008687420161320958,-0.0234298951681442,0.016212738855596154,-0.015353364392765023,-0.005459501230031805,-0.007940608910961267,-0.0031925877629728205,0.013681826185332646,-0.0043647493819882754,-0.0025490585859930803,0.004667408258472783,0.022831680527013898,-0.0035525546418728737,-0.0031719891013972656,0.08448047301532613
2021-10-05,0.010351206076228081,0.019377338230528895,0.014150078404830069,0.005830772362241721,0.005963556852497831,0.011089850047493854,0.004006000481443728,0.005074430885859904,-0.002473703167519492,0.008833753674824418,-0.009703544059687097,-0.004667408258472783,0.020705413889332558,-0.00045971750568263303,0.001983693882810833,-0.07504649467985569
2021-10-06,0.00414736832520024,0.001036721904618343,0.006504944456027673,-0.010593525146012528,-0.0018247589338686865,0.0044016663931207844,0.003159979668801327,0.009642580636088915,0.015361310915484871,-0.0018597279638519204,0.00562576482454169,0.0026697573525336082,-0.02678001750088166,-0.0005746291102592949,0.002770612110934323,-0.014184599173201917
2021-10-07,0.008608387366246362,0.005941022973049659,0.00908836071766661,0.007682512266771191,0.013176033765707196,0.007756037265850502,0.01543421916736687,0.004430088059707238,-0.005349689021530324,0.012946353705285407,-0.010512571395707049,-0.005285683868044622,0.02191469654788536,0.00011492932518031296,-0.0003953445606121875,-0.07205874425477798
2021-10-08,-0.0018253063093780497,0.004881004839709657,-0.003743801737984498,0.030329736058040346,-0.005029095788676052,-9.902957925689293e-05,-0.004588700540599788,-0.001141580220818561,-0.00738360444433539,-0.005527690501059279,-0.007023330698435082,0.0004262740437868118,0.0019850337391380535,-0.002992233859480109,-0.0007910707702318831,-0.040203818482179354
2021-10-11,-0.007266137685056684,-0.010044869428194048,-0.005543268394605505,-0.003719210652038285,-0.007829619678617838,-0.008056270186270531,-0.004060411576554124,-0.00028549068828453983,-0.013679493899517947,0.0001229382533325385,-0.0025409998284411373,-0.0018893655741347715,0.012718471034515844,-0.0031168344573577755,0.0027661451410705418,0.06347239856752518
2021-10-12,-0.0024647255049803363,-0.0031114034878525487,-0.00517456742848843,0.0008867207482592399,-0.004854831245940439,-0.0033008340374474088,0.00788567397000417,0.0004285759747384432,0.006707699598237582,0.0013542127908721113,0.016955726257067205,0.004504271350483258,-0.0012467664675561707,0.0018482067830181137,0.0011832272136320654,-0.007528247203173244
2021-10-13,0.003591644455366527,-0.0057292529304784345,0.006100599425872488,-0.0008867207482592399,0.0015943668524291965,0.002101761191966922,0.004897455719470756,0.0018537486394993863,0.011593092543781491,0.007474854513483731,0.009679077921556534,0.01763773443447203,0.0008906963598862561,0.0026507625039391414,-0.0055335691347928595,-0.06289424983755554
2021-10-14,0.016680546994185974,0.01657632844156698,0.022293669326153065,0.012168461957525523,0.014236183022171112,0.018719916218985055,0.0104214898874746,0.011192254786344336,0.012219414758336544,0.02400453841551453,0.0037085039250115415,0.002443480858075553,0.011507633741903334,0.0056243264642565904,0.0,-0.10036578773839322
2021-10-15,0.007586950117253188,0.014788491616092081,0.007985051695039047,0.004896033893116325,0.004935260127362895,0.009570346994134837,0.015193402850802507,-0.0023979549309629533,-0.002888691196512916,0.0029750677907940393,-0.005843576273894868,-0.01602049176485476,0.005967026197924774,-0.0017185247352795585,-0.001189708944202561,-0.03377892776825453
2021-10-18,0.0029562900852289076,0.0002533622531371016,0.008430772626474514,0.0006974243944410929,-0.00682174446892958,0.0006802577974722723,0.012147461305971774,-0.005948807359730246,-0.009638087944445317,-0.0007132892647399025,0.004677762917232542,-0.002482990902389126,-0.0033301659098050607,-0.0004587419870638598,0.00039658066880932097,0.0006133228821250114
2021-10-19,0.007684934578316316,0.00982007656615913,0.009872679016581287,0.011266221383626984,0.013053603492766186,0.005907358333006485,-0.0028263528194223397,0.000426015801102686,0.012526779140958233,0.0052189450076394195,-0.013890755566751345,0.0032085191864092977,0.008043391773562725,0.0006878055080417056,-0.0023827262907900604,-0.03811768368319424
2021-10-20,0.003920295216721215,0.007986033311333074,-0.0027747651370439996,0.008068152664540307,0.014187995748060622,0.0062562911626251605,-0.0007343415895686434,0.005805321103399486,0.01566540052679999,0.008012285161543176,-0.006772813030533342,0.008725778175469046,0.012117177520204692,0.0003439539332195096,-0.0015917616331688755,-0.013466060552870918
2021-10-21,0.0026047548152634548,-0.004234721957971921,0.0038452315670065573,-0.0186373569661904,0.004049595658533356,0.0020128369525238554,0.01458074443477031,-0.001271492200334734,0.0,-0.002585145112784293,-0.0011916839971437554,-0.0008991093021597507,-0.012291318802642337,-0.0025234387116963575,0.0023866933175034077,-0.031477978758680525
2021-10-22,-0.0010367637046968525,0.013882220059872719,-0.003466391752901643,0.009362174754571129,0.004033325166783008,0.003536692234169081,-0.003573492597335637,0.007744824768022518,0.005068644720267912,-0.0018841771828550513,0.010952417454425323,0.006098334452754983,0.010741595645108681,-0.0024160329474121056,-0.0019884272364087963,0.027597025259156194
2021-10-25,0.005348449709709158,-0.0012315781417493454,0.0032771477185731257,0.01456124498328304,0.0012145805202417037,0.0022875968617617204,0.024496571208571183,-0.0007012758809263886,-0.004321692873200611,0.009970057755699813,-0.0015277804666462558,0.006890365329616621,-0.0034523933339523083,0.0017258092779250944,0.001590952448867089,-0.012390150913142772
2021-10-26,0.0008999004118166454,0.0007390268605340644,0.00282776274940133,0.005765460318833071,0.004918364793280006,-0.0062072995549282695,0.00015181673587250089,0.0035026216332054716,0.00536209040187563,0.00279719450398197,0.008235400501444445,-0.007427027125168628,0.010663997138093961,0.00023001290270929786,0.0019852693939972355,0.04741437645208402
2021-10-27,-0.004440436521444546,-0.016639915397907767,-0.0008789315601820391,-0.029166357179699176,-0.007957147500841977,-0.01175587217259455,0.0022245360824602045,-0.005892057165401532,-0.0067071504855436,-0.01441905975013924,0.018030937130604663,0.0026206236403645278,-0.026876333021795595,-0.0008046459651041005,-0.00039658066880932097,0.060698242232118726
2021-10-28,0.009602917542414602,0.012196514776768197,0.009997756144979775,0.007112457783411408,0.008334751148241892,0.01242612274918553,0.013195463850864897,0.0035115321690470935,0.006558224257751544,0.009869575763075566,-0.0033898655711492864,-0.0002379136626089462,0.008748961959638812,0.0025268572781467213,-0.005970222187164254,-0.02685920055192481
2021-10-29,0.002026710297208467,-0.003966070058930793,0.004280651167530181,-0.006590522462505355,0.009686353054638275,0.00028700065439402067,0.002588333891054617,-0.0009818871184235078,-0.005960116021150874,-0.0048053499909599395,0.003051145291943058,-0.00854429930170042,-0.00436491296841357,-0.0026420070417811914,0.007952343231308667,-0.016468835176246976
2021-11-01,0.0017189282187537458,0.000496504140765186,-0.0014868148738003129,0.01707999050152509,-0.00119638475323125,0.002771484122807699,0.01817848357776164,0.001542645502566664,0.0035803699932408506,0.002347367976541559,-0.007225616666577395,0.005207004497418843,0.006627112716289574,-0.0010735721504406825,-0.003173334981790621,0.009182777607491754
2021-11-02,0.004034917567699026,0.0024796503133663883,0.008765645720460569,-0.009452871709259014,0.006264989256937525,0.0033349583970769814,-0.006759751628984567,0.006703663786418623,0.0008931913184229145,0.011304848116431732,0.00442831882605077,-0.0021513131388868345,0.0,0.0024232252366278573,0.002380922881848768,-0.023428886347040656
2021-11-03,0.006086730139442942,0.003707729200169485,0.0058215296409835915,-0.00832325055185823,0.005856525848932925,-0.002190013738760044,0.0178288382390841,0.00928349004945428,-0.0037266094645964642,0.010375960724142264,-0.010387008594251235,-0.008350148277322944,-0.038810552540592624,0.0019568822858841983,-0.002380922881848768,-0.05976724037271497
2021-11-04,0.004701601324559768,-0.01316293874781227,0.015520857454925263,0.0013919364817041036,-0.0068976211142510735,0.003995612706950702,0.013380469603784917,0.0009646542305468131,-0.005541137368218152,-0.0005737708742916681,0.010455404715341565,0.011277125295739765,-0.007618429556688788,0.0026420764254035944,0.005151534992783091,0.022266748335608266
2021-11-05,0.0034636111392085667,0.00049993766055767,0.0051608040259703,0.012956945516636953,-0.011227134245745951,0.010108314134537721,0.006410996285530324,0.005770005820717294,0.009416501786212894,0.007773135481379256,0.014845092481039934,0.012978359326946354,0.02924764151134429,0.0037786834333832786,-0.0007907579628581018,0.06518597928502112
2021-11-08,0.0008531171232073476,0.0054821607804691475,0.005371959091527323,0.009056044232957028,0.005928542031671924,0.0041271027168257035,-0.014254582888296063,-0.00797709235843147,-0.014988248694196127,0.012447770517879153,-0.001877528633321468,0.0035851848469015124,0.009503783578212577,-0.0012580890472095874,-0.001979854148076221,0.04392396242029628
2021-11-09,-0.003310639389518144,-0.0054821607804691475,-0.004116041217101518,0.004073894328609828,-0.003673008652325116,0.002524105306205726,-0.018658513178601233,0.0034463646840556805,0.005121125848766006,0.004600369752420175,0.012934855362803255,0.004916006634196002,0.015296683760210428,0.0008005682847773699,-0.001189708944202561,0.032002809580040203
2021-11-10,-0.008077617602531895,-0.0017508245419461943,-0.016635992550421363,-0.026782688800315757,0.0028496015302348354,-0.005617988421433573,-0.003724795245128476,0.0030226460940303568,0.008080207774509685,-0.006852217911325731,-0.018452174188079873,0.010800248284572156,-0.028875949977955173,-0.005617826807010395,0.010657201094494528,0.05205222331112491
2021-11-11,0.00032358577681357303,0.0027497438763126603,0.004669258288100053,0.003820870179710223,-0.0029245802354820327,-0.004139995099571081,-0.0027041173624651194,-0.0006859958153366819,-0.006128871389973867,0.0079710402197124,-0.0014859072838149245,0.005586453042739414,-0.001777119239828373,-0.001726309670949,0.0023529988108097477,-0.05882430548036188
2021-11-12,0.007518555633581947,0.002244133152680128,0.012086218254208525,-0.0024297445430816467,0.00494427659359431,0.007888748667219225,0.0033423710846012256,0.0,-0.0005998178151593869,0.007463797111864068,-0.004402298150635531,0.00189346149789138,-0.004278111281319497,0.00034531732824838457,-0.0011758073301391114,-0.08075070771974957
2021-11-15,0.000342226632582765,0.0,-0.0010166369959270227,0.008305889869940408,-0.006221821344024825,0.0018692348537854286,-0.0008345655245358685,0.004793536216791239,0.013116587833332805,-0.004560778662142884,-0.012636122422859053,-0.0015489449243064612,0.0016064287827814994,-0.001152018257409182,0.0054751385371840655,0.012202643875715236
2021-11-16,0.003950029955625212,-0.0009968855637634277,0.010474902281033316,0.0015497907132671074,0.004202124985912548,0.0001867544257097009,0.01564160404650483,-0.006304932781929118,-0.004749738510677393,-0.0027912331673753954,-0.002546883519679355,-0.0072601560044773805,0.0023158657822639483,0.0004609207661001591,0.0038925776917539956,-0.007303680041878202
2021-11-17,-0.0024321067137904606,-0.011534619757885611,-0.0030238576211711887,-0.015431674346159774,0.0014216381558318503,-0.005992430542609561,0.006361854772614528,-0.002202350777978701,0.000892394239582206,-0.006618505044277523,0.007893685323804078,0.009095692432078195,-0.021583585242609615,-0.001037370639405566,-0.0019443517665518328,0.04421268092672381
2021-11-18,0.003390573949578979,-0.0050566960896261115,0.009927226177316228,-0.0059586107795652765,0.00037382828921295186,-0.002068282246726838,0.011273979092806918,-0.0035891972867014843,-0.005216533692549152,-0.0042862091831774585,0.003753548498031556,-0.0032143154449517652,0.009950317118883945,-0.0008079326693630762,-0.0027284939465714864,0.027667443847847917
2021-11-19,-0.0017898455620404263,-0.010959976125196391,0.007264711717061445,-0.039804568640804394,-0.006073105624995634,-0.005000017380547561,0.0043136279267219635,-0.003601945907807824,0.005662268876005072,-0.0018099004589924306,0.010502888029584767,-0.007675708262916636,-0.03238187420872407,-0.0008081266690780353,0.005061280001286139,0.018028640128754603
2021-11-22,-0.002819212356931722,0.013997040226858548,-0.01121205841522599,0.017587476851358197,-0.004522447324778689,0.002738714456411273,-0.002509949530741018,0.00787992877624255,0.006073683649502115,0.0015841501404452174,-0.011797615386447191,-0.02267561664312101,0.012381235248082323,-0.0038201419472931875,0.005035706903311343,0.06798735348449769
2021-11-23,0.001325130643500927,0.015546927017651146,-0.0023045482925807548,0.030270562265937162,0.0010570498800168693,0.0016964757087212234,-0.007281558704073987,0.006587793379394746,0.0010332682608131805,0.0010169436178948388,-0.0145646564788251,-0.008690053468478176,0.03163390708436742,-0.001392275559316758,-0.00038622622195161327,0.010895002121107833
2021-11-24,0.0026664291448543764,-0.0022418970746591604,0.0072512117613809934,0.009717127221664068,-0.0003774117878982963,-0.0011305351085617588,0.0020517635661772005,-0.003013831113470644,0.0005900156288385361,-0.007140896198476021,0.015927849047503884,-0.0009569597921075257,-0.005710216971873905,-0.00023236919078417628,0.0038578661065162834,-0.0421558338790704
2021-11-26,-0.022555696611609832,-0.03372955396156074,-0.025281583970525823,-0.04106651831431485,-0.0037060680787739386,-0.0274277481245635,-0.027643904159301513,-0.012703960149205606,-0.01575299912204775,-0.017325916122882923,0.02495483216980965,-0.001616846252669113,-0.11861104238229325,-0.007227567216207653,-0.007730930562312999,0.4320200741721716
2021-11-29,0.012191855856433342,0.0030902504700622835,0.024693751235959738,0.005740728554158636,0.002724192592955532,0.0017423854853566567,0.015414499287575545,0.002498157704211579,0.014720340640635321,0.004618961066018112,-0.008071096860095217,-0.0013795005365553337,0.010821690878243473,0.0061816416359157245,0.0019383216180979268,-0.22035227187514295
2021-11-30,-0.019649261121621464,-0.02420402801713939,-0.008380870724224998,-0.023713591772554388,-0.019843296784292974,-0.02566748529311713,-0.013602799683638978,-0.025979040404140008,-0.02966087883002011,-0.025081546989186077,0.015088067405698347,-0.006744546424564568,-0.0460929542890125,-0.004194908480125825,-0.004658419856957696,0.16909574670959104
2021-12-01,-0.011169287612848855,-0.011126130359015551,-0.013785681629316038,-0.010681484536457564,-0.0017744722171153526,-0.013990258628887808,-0.018214295574225048,-0.004848738370212935,0.0018231507832631166,-0.010211494040952118,0.006150126349200313,0.003980006790396118,-0.0183259246570322,0.00014088001525358607,0.0027200982388597694,0.13500144799177294
2021-12-02,0.015200042732466557,0.029398434287812414,0.009152056921464258,0.028654347754853315,0.004853014274275758,0.02925475147873069,0.01414590004959404,0.010523281763322068,0.01266784820589395,0.02020254916327513,0.0012467554316275553,-0.005552205835400947,0.026226195791280826,0.007352224521190109,0.00038798217142099745,-0.10743349938015534
2021-12-03,-0.00873922595206178,-0.01643021528649191,-0.016873845907898755,-0.007948132338157166,0.0018425989655410646,-0.0011736711191572269,-0.01964034354949984,0.012372048522908408,0.009990269682025765,-0.0022245357531942567,0.011861187707164156,0.008376819081740372,-0.006023507936502082,0.0,-0.00038798217142099745,0.0928677537160465
2021-12-06,0.011773782481536266,0.015136157510588166,0.009462531473198865,0.014761759879021508,0.0056602612378462425,0.01678623068727969,0.011354968568791257,0.017451804691656747,0.015166398731739417,0.014546134427442237,-0.013830528437597245,-0.002463595385072459,0.05097029234168371,0.004408532649327945,0.0015510263215086084,-0.12080356066278464
2021-12-07,0.020473699568036352,0.017713248891293443,0.03431738233083781,0.023139625510159245,0.012807241541349157,0.010147361677040223,0.023057314499210335,0.002194378652336404,0.007425259436217857,0.015134521241775278,-0.0081128392225569,0.0035432060613329597,0.021156554964686602,0.005311780174687364,0.0003872952965893184,-0.21645153629884595
2021-12-08,0.0026443583213993094,-0.0053579295044206,0.004568837100395129,-0.00017447673799608765,0.007501997137252303,0.0024733007094477344,0.002513301313181948,-0.0031558389573502765,-0.0010158734114229517,0.004201167441369336,-0.017435207020096932,0.0005393685677796967,0.01596030475053878,-0.00023034136658051096,-0.004658419856957696,-0.0953101710909916
2021-12-09,-0.006774375194235738,-0.0020485949239672507,-0.010848265012567637,-0.007714034270956738,0.0023142142172725144,-0.0031402448839852326,-0.01748144487672132,0.0027447669945832587,-0.0013078605718490621,-0.005567737277298868,0.005577337117893322,-0.006130129283900665,-0.027070441278895352,-0.004502809894808557,0.003495912109915178,0.0810472437334746
2021-12-10,0.009369514662925127,0.0010247690178712965,0.01986654793360021,0.00736467350914527,0.003498556720302304,0.004089989718285558,0.00695107100195802,0.016718188583522142,0.005365240504393132,0.006134293569482363,-0.002415408864238522,0.004211020685246147,0.01960273015478231,0.0023118594414617277,-0.0015522300966184233,-0.14377830625260568
2021-12-13,-0.008897898215179723,-0.010813347723076738,-0.014979154973053355,-0.028170786700155492,0.00939277868325572,-0.010400454626543265,-0.026094903005026815,0.012989890695560113,0.012217389453606842,-0.006020476768824334,0.014670691396289293,0.0025181269175167387,-0.011404398608271915,0.0,0.003101883200672617,0.08312469925500698
2021-12-14,-0.00690381887836633,0.005935994955321711,-0.016563218088052167,-0.004141562254099895,-0.004057156673360929,-0.009540799126787292,-0.0058252666996168045,0.000664827874985896,-0.006018279651575753,-0.0010257744269521751,-0.002386072257775318,-0.009385206339642238,-0.010160315502650175,-0.001732992402808442,0.0019338237026387262,0.0749165343551157
2021-12-15,0.015504502088597327,0.002826869794178677,0.026152642839820217,-0.004883850639560983,0.020266351174153208,0.008677255520226801,0.01261210683145908,0.010054598210110122,0.016251236675096425,0.0021645668151739628,-0.009668234510347595,0.004282351988517341,0.013653435868814956,0.0038086952168070454,-0.0015465713066098452,-0.12644300927322716
2021-12-16,-0.008857850224669228,0.012495203382744346,-0.028752341291018446,0.006326152605200086,0.0059216146310996365,0.00048006584412174647,-0.02232921481166983,0.007082899529292419,0.00507772464652545,0.010190434989455266,0.0003889969769659274,0.012024970840539773,0.004831394172570391,-0.0007404119224698746,-0.004266155112854886,0.06424681445002367
2021-12-17,-0.010700003239763056,-0.022294091573147323,-0.006708454464710023,-0.020570516233318514,-0.007008820297887297,-0.017226739169982963,-0.006838345898278142,-0.017270496994757245,-0.01516798098580896,-0.012583073379146104,0.011267778009141693,-0.0021431166861889395,-0.02123801553367155,-0.0009253149104244685,0.006971364762569543,0.04746975742400483
2021-12-20,-0.010690332438284322,-0.019615501501942134,-0.011965513377981907,-0.012466607377795924,-0.006074099655349663,-0.016150589129040327,-0.01627525170605626,0.0002947374884740839,0.0009497293237830107,-0.018024846399052663,-0.007519776639257181,-0.004240244730916665,-0.01748151890127092,-0.001738350048976045,-0.001158638343104812,0.05852259847760255
2021-12-21,0.01760311346023702,0.020500002325230415,0.02499169678127533,0.028086981885737217,0.0041654966544131256,0.019720361484344195,0.025575642807387666,-0.0013396729709862498,-0.0014392083791525678,0.012529308091506763,-0.0038150029198025237,-0.0004189761834467731,0.03291906880895956,0.005321164809580559,-0.001159811167804392,-0.0848275189796528
2021-12-22,0.009949025707233439,0.004671720778075983,0.012992692891320878,0.0063992327156219275,0.011600251845720777,0.002827626892107915,0.018075861452890862,0.006279622756033554,0.004311300801979279,0.007923301631285629,0.004616326000718374,0.009356118800107005,0.017492033768034876,0.002650001886348008,-0.003875895735506951,-0.1202253861847784
2021-12-23,0.006202984680251156,0.005165378611720506,0.005566230028061447,0.0005464656091169751,0.004100237033745735,0.011711732296577182,0.01377590557471109,0.002261880778074321,-0.00014328362121762694,0.010014899752838868,-0.008714776651317813,0.002251481491211571,0.012309624653455753,0.0028723906383794073,-0.0007770195161533877,-0.036626127667935826
2021-12-27,0.014052913235791387,0.01025118616722187,0.021225664535549527,0.021622477490220504,0.010497515678091318,0.01052958634232315,0.009697583817766642,0.010574842604021306,0.004864774429681695,0.01494811117040884,0.0024206234064099164,0.002364450476828317,0.025825854657925973,0.001031899364158484,0.0003885852279905677,-0.015712937427571294
2021-12-28,-0.0008175330382593771,0.0005098636445910465,-0.0052218186019450386,-0.0007130151182481725,-0.0026321992366087343,0.005033986104119315,0.0004386217737035736,0.005638733767409754,0.00895217722233177,0.005784166859153395,-0.003970147144594982,-0.004319380340024992,0.0027474641894627005,-0.0004584779078058432,0.0011648505137258347,-0.007950035329993277
2021-12-29,0.0012783202710151542,-0.0012749364889548254,0.0008535914408538403,-0.006442601485375565,0.005682055847730183,0.001798235791678593,0.001995469405762229,0.0045657662241751495,0.005361240889647068,0.004095370889725558,-0.010985363595684916,-0.0002965516280148961,0.007471627689955795,-0.0016065001212464125,-0.0027200982388597694,-0.034216160302941834
2021-12-30,-0.002768118006803988,-0.0017877305832101342,-0.006617463344306351,-0.0061227248958495295,0.002051996942346257,-0.003600021258809427,-0.0036045875408818873,-0.003128778355677042,0.003651513584419064,-0.0035407412961703244,0.008351586244848441,0.0071515817441829554,0.0003629813619632216,-0.0004597661601914993,0.0015552477251339347,0.022171220487458676
2021-12-31,-0.0025233796213495197,-0.0017909322884883672,-0.00487675941280763,0.0025256636848021152,-0.004249851597782239,0.004261934364727438,-0.002393806246876906,0.006766262885270713,0.003498911848845321,0.004424339586794446,0.0019583831906784255,0.006808358432550676,-0.013521087955069344,-0.0002304162245003738,-0.004282678761357683,-0.0063676402003944865
2022-01-03,0.005773052199624651,0.012216827195620894,0.009445079360004272,0.030520390976852774,-0.01034516129256513,-0.008256246754281271,0.028307843692728873,-0.00012939597342498388,-0.009968596562654586,-0.013108392590303719,-0.026600314158478078,-0.015503300973700007,0.00860892230018484,-0.000459743120533318,0.006223343146138927,-0.036668740782098475
2022-01-04,-0.00033497879329758007,0.0259690607794969,-0.010653610185780593,0.03401813016071831,-0.013283270666416769,0.019907405703348147,-0.006104683165977676,0.00672176558941473,-0.0031090963138638017,0.012224794299679598,-0.004167010836051865,0.007339514803168967,0.013765808899177223,-0.0025324291533346255,0.0007752124504531999,0.01850243554435771
2022-01-05,-0.019388949858646143,-0.011652451404038366,-0.03123204338119212,-0.00016911864233293272,-0.007147726094583362,-0.009574027593846068,-0.027352479353401016,-0.0009020508976673725,-0.0005662852820780273,-0.0001105277498369972,-0.00544275735708144,-0.0030121970522101194,-0.002882362772938407,-0.007752970918089019,-0.001163044150087611,0.15423514294616192
2022-01-06,-0.0009398430518041678,0.01460581832994201,-0.005062938268599382,0.022056157581315183,-0.011632371090894544,0.004610754100184522,-0.0026091745591969584,-0.0027117118489083936,-0.010392499849759318,-0.0126736415391977,0.002585339884177529,-0.012319703780208968,0.025998599096609176,0.00011571396186749183,0.0007754272905629023,-0.00610062550036039
2022-01-07,-0.003961454647073204,0.011727309556484489,-0.009238263111254419,0.013623674217377424,-0.005122678149970028,-0.00028177646398663825,-0.016802218963386295,0.0010335990548435703,0.007555943169492707,-0.0008952962241943752,-0.007213957805442206,0.004540812572282782,-0.0038746301632315294,-0.0025588075790095033,-0.005441091768178641,-0.04431271555415783
2022-01-10,-0.0012448507386508822,-0.0034060599512892864,0.00018082381992634566,-0.003102422502818669,0.010219127140170592,-0.01133255164952196,-0.0061344902280335845,-0.007910001796410882,-0.006554621720095799,-0.010242760545476681,0.002457509168323213,0.003035593623995858,-0.009040180870163006,0.000815027908566357,0.002335596299625209,0.03354609062729175
2022-01-11,0.009066862113655816,0.008735750587142377,0.011919327312004846,0.03344898038665667,0.0079259796064175,0.00596550907528659,0.009587543729032255,-0.0011722963302478462,-0.009047375508101307,0.010914144424349015,0.006639266555227508,0.011992457136645207,0.034993073601141234,0.004643719976701988,-0.004286015851501457,-0.0523790594492235
2022-01-12,0.002700008149294497,0.0007245213032924802,0.004692911780544762,0.0018960005341317476,-0.0028551319548331122,0.003204857813978279,0.0065730269429415955,0.00039073154815483235,0.003169094363931979,0.010021385126593785,-0.003838553620355789,0.002639137142411485,0.012813022341733316,0.001620186588430883,-0.00666014829204542,-0.04385931881904748
2022-01-13,-0.013874488716066224,-0.0038704268171296796,-0.02623932492870118,-0.005064295096569804,-0.015661892189783977,0.002162184760257091,-0.020305120103118135,0.0018224038271421605,0.00487695969477242,-0.0077857259264155765,0.008841163128398222,-0.00340277134129785,-0.010923463932519972,-0.003591001570738328,-0.0003931684767111143,0.14207868115936595
2022-01-14,0.0004089956623820612,-0.010476319723659255,0.008421197824270088,0.023209591933905926,-0.001714392577117252,-0.00602803646732486,-0.004670759647630085,0.001818977151300416,-0.006892305003724619,-0.008521888434993574,-0.015224924771455761,-0.002883829150556849,0.0287570685247589,-0.0009291253239513964,0.002748851884163628,-0.0567240114473857
2022-01-18,-0.017868373618290967,-0.022539398794038323,-0.02430365929126843,0.004022279488848923,-0.014121400767117542,-0.011592844336352215,-0.01911041772104749,-0.01451456643680249,-0.0120319008623615,-0.013263474154804555,-0.01417420559288729,-0.001651618267930921,0.016537502405449267,-0.004890105028588998,0.006254884436469155,0.171932545580316
2022-01-19,-0.010437947121767266,-0.0169261973311019,-0.01406796710920144,-0.007282736034814885,-0.0040935265494423945,-0.011245065615013594,-0.018214954106881898,0.006302536418633764,0.004510624408444741,-0.002513479649358441,0.006899869973749695,0.01575575060513401,0.0013112281186549168,-0.0009344350700262183,-0.002341064082724831,0.045462349898968135
2022-01-20,-0.011129545581471945,-0.00638989437594395,-0.012997977422253726,-0.009218242590373293,-0.006554155005880524,-0.01284057058336252,-0.018391182312052834,-0.0065659683495225,0.0013058507069545477,-0.014636105777447561,0.006148097579548484,-0.0025020112544043016,-0.006408688314778921,-0.0018711470500578642,0.003120202452031151,0.07041742280560337
2022-01-21,-0.01982612945783302,-0.020726123322677648,-0.020078123491775735,-0.019975294351756823,-0.010143611241446138,-0.009245851150761375,-0.02975999437148147,0.0007900876948800928,-0.0018868188983254264,-0.024681004502189463,0.011836159498578525,-0.0032677719138094474,0.001976267659713038,0.0001172876374333498,-0.0027295579211825682,0.11990835004213807
2022-01-24,0.004237955474050814,0.002875723215507886,0.005170121709813458,0.006702816737795825,-0.0033268884963586487,0.005714845031310922,0.011955649098725374,-0.0032964420376631054,-0.009633299275683793,0.0005948086052147694,-0.008249774273025423,0.005479160681096218,-0.011084540199705728,-0.0010541179144070156,0.0031188995777933215,0.03574846146182642
2022-01-25,-0.012284272617930192,0.004167733996080614,-0.023413787674445352,0.03807621189328758,-0.006452756373687585,-0.00987369249164427,-0.017068066937488524,-0.011157194394268544,-0.015818587198710432,-0.00907885572379108,-0.00161585799146291,0.003192034576976255,0.014205732736116694,-0.002933626718490956,0.0003891040414178981,0.041276748467176105
2022-01-26,-0.002511962323615613,0.0025957733192067955,0.005855802672416921,-0.001685767167467045,-0.0052395650570726815,-0.00877013459633158,-0.0048585669306620005,-0.007642202988865421,-0.008229249475202316,-0.010495459842604582,-0.012167292412850195,-0.01629856790431372,0.011577774261703588,-0.0034133583022502023,0.005432817609998253,0.025349876146404604
2022-01-27,-0.00495012000748396,-0.00911564842106971,-0.00691214920225125,0.010830681486042604,0.0025841649716378257,-0.008948898909222791,-0.024538570007644367,0.0067070039204866205,0.008825254748593192,0.0033897866651804165,0.01819586907924986,-0.012982115320597565,0.002914042920782123,-0.004372321334221496,0.008477755578676138,-0.047086338758656865
2022-01-28,0.02453203985012209,0.012997303706757446,0.04280188796918161,-0.004257325886590557,0.02020578506507853,0.006944809583222522,0.02156710943759954,0.011696066481006184,0.011990363386024772,0.00578482065935404,0.0003495635310795109,-0.0029877523376660164,0.0017766395487237574,0.0028380793092317447,-0.00038372782238127456,-0.09741143277332176
2022-01-31,0.01785080788619009,0.00874245561156295,0.024816236715094142,0.004409067549037804,0.005731609129766113,0.010377370975546363,0.03774038402633728,0.0038246724263819587,0.01880383913413297,0.014671779543919516,-0.005183435249759505,0.0059070563312300095,0.008196081532560129,0.00023640568351002145,-0.006933682671636632,-0.10793472427263451
2022-02-01,0.0067341531369056185,0.013730378947039323,0.0025893310805180647,0.03502861233540688,0.0026634000390117762,0.01370355399990153,0.006037316722690811,-0.0009219911019577864,-0.013374158466016084,0.015276446249309572,-0.003324969617618301,0.0008325368758193008,0.0007999238524600827,0.003961377899384999,-0.0027096549938128156,-0.12283002149677502
2022-02-02,0.00966729165161162,0.006794979215072328,0.008096009307742236,0.0032171945496384247,0.013362215347378026,0.006927794718720293,-0.0059832329221851666,0.011918182171341662,0.014672847590238014,0.0031436315710986484,0.0033810073982039057,0.0036194338899537826,-0.0001599091821757881,0.0015328045203606422,-0.003883507700843669,0.005902449388932585
2022-02-03,-0.023785592311345916,-0.011097256037058578,-0.029443932396379324,-0.009535487024711298,-0.0042835800540661495,-0.016075648311502988,-0.03107925641301268,0.0002603113425596604,-0.004480634059300659,-0.017591465859941202,-0.007836380157040246,-0.0014224174555623748,0.015710834511345695,-0.008996203602581687,-0.005071238622081697,0.09740684085512541
2022-02-04,0.00469108078508107,0.016849576985879633,0.004018040332539385,0.015504100502605311,-0.003621544708606983,-0.010829242723079169,0.02804699562362334,-0.012310292125812694,-0.007999442130940615,-0.0167027097361534,-0.014851911030497433,0.0015408910869814108,0.021804404077140127,-0.0039313411639012585,-0.0007824049573521563,-0.04751791849625775
2022-02-07,-0.0032143498021453,0.002988033008858082,-0.006663615149000712,0.012691092962474393,-0.0017400213359204386,0.0007990297851172556,-0.002063066801792246,0.0018429235219272755,-0.001461419646532125,-0.004944845650271201,0.0006471172694757499,0.0073753173535777705,-0.003549712036490682,-0.0007163245832115805,0.0003914088365428725,-0.01562526163224076
2022-02-08,0.008194146834078708,0.01382730268522181,0.012286866418006248,-0.02173040445821872,0.00814448830858261,0.009931708787990878,0.013976699978550222,0.0038073254423389713,0.0007310086962051265,0.015357000261377873,-0.006708024026091053,0.003052207946077523,-0.016524169895133944,-0.0010760380830747707,0.0015635865928311787,-0.06413032395420304
2022-02-09,0.01452998789706772,0.006355550845443592,0.02193816015735539,0.00831333941025214,0.0077056457251583055,0.013642865026435302,0.013149228525723977,0.00026198238855901224,0.004374484567515768,0.021554444448578458,0.0018799295765097312,0.0033934142753979657,0.008607913695976244,0.005248124080452499,-0.001172590472021895,-0.07152813609679143
2022-02-10,-0.018128959243816745,-0.00881078168853655,-0.026496903316796327,-0.006265225301239852,-0.01577420977477484,-0.016513188689909697,-0.01739166769591538,-0.010799666608468428,-0.025642197117941468,-0.0058429988255279675,-0.01602047203437884,-0.0038037857675305986,-0.0032779095762967003,-0.013292794826502252,0.0015632350028704778,0.1805665500732596
2022-02-11,-0.019915778068518186,-0.014111043442699867,-0.031020076787258155,0.028670277555622903,-0.01395231609632308,-0.015380333281732383,-0.029158439456178797,-0.0035816152141503466,0.000596746634390577,-0.015592225821136285,0.014719224028636013,0.01887560786556186,0.027449662089241045,-0.0035018478737329772,0.004286015851501457,0.1347853399740475
2022-02-14,-0.003274507870531629,-0.01128252116125461,-0.0003230030978382814,-0.023858774205630873,-0.01026378577510112,-0.0037307564629642798,0.005690687243070869,-0.0027943675490407216,-0.00854010412926165,-0.008248274465693317,-0.012519242275025988,0.005336451777181672,0.009386938778892961,-0.0016954519331084938,0.002717899877624941,0.03483919608686037
2022-02-15,0.015997965530194946,0.013523953051036042,0.025945501836840634,-0.01052769729301728,0.011184759430226343,0.014939932526903732,0.022121642933519148,0.0017304894654808223,-0.004675253379548661,0.018198465647211837,-0.011417787131074775,-0.009545260370239284,-0.03184595264091783,0.0016954519331084938,-0.003885016151333076,-0.09743028956184707
2022-02-16,0.0011204139385894152,0.0007460630606326291,-0.0010070320662949328,0.008052049736701594,0.0015327592296463521,0.00526092094891073,0.0028517603151154702,0.0018609019006223804,0.002265084885136215,0.007281206164380993,0.005908929454578882,0.010231731307338343,-0.011578878628861311,0.0055497722783499626,-0.0019482259252021628,-0.056426240881920275
2022-02-17,-0.021592953386858404,-0.02517097764678855,-0.030377996781045802,-0.0016052575326899188,-0.016213955209321007,-0.01848500693636801,-0.02712458005993401,0.007672026652731034,0.0006028894698193454,-0.017231397345899513,0.0074114789502468525,0.01357550816897568,0.009866139977941835,-0.00422007807438618,0.0003899489500991393,0.14606062592579594
2022-02-18,-0.006496013503031861,-0.00025527956692972253,-0.01018167387545521,-0.006153049556535173,-0.007500541037622099,-0.008303857265572923,-0.006202653382383794,0.0018429235219272755,-0.0018102215036153169,-0.001668083304934509,0.01047206314505189,-0.0007337240197315964,0.008843432273036633,0.0014486265700899281,0.0027253932488111587,-0.012889566438965883
2022-02-22,-0.01078969143685704,-0.0051122459914578755,-0.009292508298540447,-0.016296695558291496,-0.0025128851237887773,-0.009707111084612308,-0.02960052571818661,-0.007789975610142719,-0.0010577528513402434,-0.014292037384200373,0.0026008567330269017,0.002086858856896079,0.012281441738628551,-0.0022944504397184318,0.0003886502648531298,0.037486690366762776
2022-02-23,-0.01789779732984531,-0.01758081802341449,-0.025346493469365683,0.010253566230647326,-0.0050444043514721315,-0.018550864321528415,-0.03399035777625947,-0.00811890837729301,-0.017076256180409644,-0.01290478656480376,-0.013877822153476771,0.004497100140273602,0.010623820587493782,-0.001815692465744867,0.0011653029817022542,0.07390964194623573
2022-02-24,0.014936722907287425,-0.012070456469583934,0.03358889513781005,-0.007866616872701737,0.004021928167947664,0.012680689403976153,0.02259526823512914,-0.017389498286894067,0.007964525680904444,-0.0029451362061294617,0.0006582765416496272,-0.006471023453826774,0.0015085004896260301,0.007121687451995484,0.008119063322327147,-0.02282462179643563
2022-02-25,0.02182403500195207,0.03169918364345614,0.013501795861931676,0.02603288785836666,0.030156145189129013,0.023578696429322754,0.019601655570140153,0.0317188121942813,0.030498546105924618,0.03584934419020458,0.0007312091822369027,-0.003336237275936682,-0.008173093606205661,0.00563759719280732,-0.005018211191174515,-0.09435415694926119
2022-02-28,-0.0025615289161446952,-0.014944743207080169,-0.0018155383892839438,0.024380778756492028,-0.007588977897786897,0.0076374225759039405,0.007013207280620826,-0.013394604326171233,0.00516590491432245,-0.011447629456060149,0.021681924508522243,0.010311993951243714,0.025211422714287224,0.0007163578936673076,0.0015465713066098452,0.08873151676105362
2022-03-01,-0.015347454297613083,-0.03756067800931939,-0.02019342815519387,0.010009476853126476,-0.005555367764643826,-0.015028924466695237,-0.015276835672958455,-0.005891548943851355,-0.008723346931204468,-0.023296476826644152,0.011495497188770187,0.01800043176575361,0.06233167712390575,-0.002798482711569683,0.007698452956802715,0.09997289761890604
2022-03-02,0.018229083811491797,0.025546534090001405,0.021425675971292968,0.022607002595904202,0.014975550032000129,0.021116913030622797,0.02078494068522385,0.010553749358350295,0.0121035749363414,0.02173607292049118,-0.034780628716489126,-0.010460864384516988,0.04890948300334408,0.00240337912167643,-0.0007672686847364218,-0.08059307747498812
2022-03-03,-0.004990864223058722,-0.0031576634335288567,-0.011999498137143405,0.0027391719385954083,0.005093659743728551,0.0010941800243253752,-0.022904995341595402,0.008073663658046293,0.017452356629303445,0.0012001416766018735,0.010133862653799675,0.005935763844875375,-0.011870755037183933,-0.0030050685402596145,0.0038298779128873583,-0.008494014864764754
2022-03-04,-0.008157673430261525,-0.018890944296999557,-0.017672671975206278,0.028448032456683592,0.004993046917864952,-0.0021890702587139543,-0.016013167677654927,0.0001316241974755883,0.02181900844498541,-0.0034848889757803647,0.01711658085273804,0.015803608419049375,0.06405202634966667,-0.006520635701889432,0.007616366565947885,0.04803997729179521
2022-03-07,-0.029922826812916803,-0.03721361313334626,-0.0372806346609007,0.014646724579830739,-0.017585048280216675,-0.027161180606700697,-0.050250909972418434,-0.018356102477385505,0.012894227957863436,-0.035289186372310155,-0.007659307560752282,0.014753495270293016,0.035967587433014536,-0.008761332024246116,0.007181959843733932,0.1308307862940432
2022-03-08,-0.00761061625209436,-0.005871675016189126,-0.004863976345800047,0.015596837393761831,-0.020640092201596794,-0.0061601801341177875,0.002080962224244587,-0.027354316224017516,-0.015577938949374648,-0.005126835810099983,-0.010110194647198867,0.0269914293684268,0.036476004438156906,-0.003550589923606573,-0.0018849766464437145,-0.036885982703408704
2022-03-09,0.02645796658566102,0.03607704547310231,0.038799824186712684,-0.031041479217001733,0.018718251552863663,0.017963371684072804,0.03165906040966693,0.006737533393737394,-0.007097425861160467,0.030494458977495142,-0.009847624035403513,-0.030161495266206373,-0.12396208826430222,0.008305718356628411,-0.009859838532379595,-0.07935503002105193
2022-03-10,-0.004525808998308456,-0.008420455986069886,-0.017641995942450528,0.03013852943543993,-0.00038473588217602384,-0.001315549227593138,0.007084575308402563,-0.009500924933337096,0.006672671654396112,0.002671379630381665,-0.01447183936744878,0.0031163668784781606,-0.01885969995123915,-0.008428700992248572,0.004942155168934814,-0.07086567301265845
2022-03-11,-0.012796553725408444,-0.0071173713832384244,-0.017750628038978533,-0.008035555019405116,-0.007494603631079677,-0.008033956312627488,-0.01942397385204142,-0.01168964059215405,-0.0034013824541925253,-0.007424959811795251,0.003341542968905209,-0.00705269602424341,0.03110717362449389,-0.007263440616902095,0.005294979742235917,0.017055200603855347
2022-03-14,-0.0073354251796446945,0.012558051011130722,-0.01870778313397725,-0.030385356752272497,0.007032560655014564,0.003363518976994051,-0.016815136186060897,0.0053051884311088315,-0.0011368044702471103,-0.0014670642481453555,-0.02362587980758324,-0.01518847505814147,-0.04771751156138215,-0.011933413239543889,-0.00037729637879113653,0.032632468437574946
2022-03-15,0.021752355078016983,0.014008883056421784,0.03304278099004598,-0.03730702335374847,0.01974974227794135,0.01575015106622235,0.03293909516147853,0.022169585117967294,0.01271210771744613,0.011435566876594194,-0.0017471669489541597,-0.01888261003368097,-0.059535487682924604,0.007474948405900683,-0.0011328275874133986,-0.0630078667210694
2022-03-16,0.021931769958073666,0.02770258447000229,0.03198631155130993,-0.00460529490092787,0.011934079750221649,0.013135830487751576,0.033545657366715886,0.0010891908139525341,-0.0018260786203909696,0.01560291553198434,0.009759920252951915,0.0062412859954879,-0.005112836852067204,0.013927524052756546,-0.007203744700827741,-0.11197525491444393
2022-03-17,0.012433467484583183,0.012412707991065197,0.007066238984485551,0.0338313099107066,0.01569343963462977,0.012770381085790206,0.016528232525550912,0.006913519762611564,0.004209312878533211,0.018991875263222546,-0.007481366865550676,0.004876733952654533,0.07611451604062136,0.006831137216177119,-0.002285770378276819,-0.03821634319943401
2022-03-18,0.010893101198260702,0.0023104788537642307,0.020259643392992466,-0.000946745132631932,0.006150788832938403,0.003799258243378567,0.020833472193207747,0.0022943504418533323,-0.008577682116963636,0.006058034559141667,0.012138753648528677,-0.008828710707897258,0.01294515227285764,0.003276908597961814,0.0011435382822737594,-0.07270052234591606
2022-03-21,-0.0002923754661576794,-0.000978547697888743,-0.001901737766522693,0.03952019829764675,-0.0007617280985936503,0.0022511317935247632,-0.008410683011528697,0.0012850162424209444,0.0066594821308529895,0.008277677043324161,-0.023429029224817377,0.007611755019546251,0.06358350292800363,-0.0115779175550621,0.003802377430152326,-0.014346243588263086
2022-03-22,0.011633381347516014,0.016102370460483684,0.014267701792779697,-0.00738288351016303,0.0002195638738422545,0.0054363427350931914,0.02451917343366894,0.007410279549335819,0.001411484589889156,0.005419540097621578,-0.012894587977443805,-0.007277189924242755,-0.012397418320573728,0.005135126501961906,-0.00037967178456321804,-0.025394096939122424
2022-03-23,-0.012961823100953396,-0.018682399166654484,-0.015498293961411669,0.01705616504321572,-0.018113193464521338,-0.009630871697545729,-0.01248622482140771,-0.008086440694930808,0.0014091286136395098,-0.004610616975715853,0.02167810768439349,0.01356720957605173,0.04224663498132575,-0.0031756973042371683,0.001138415375210311,0.02709256901855106
2022-03-24,0.014961715280797705,0.007976486771141822,0.02565637182099767,0.002468800922162284,0.011866230207028927,0.007595645686637731,0.00776112166279308,0.007011988605735375,0.010227713038165831,0.019902387751027817,-0.007863662393819304,0.0072341375131088625,-0.0272125262856191,0.0020775905921670557,0.0011369532499281298,-0.08404588493141896
2022-03-25,0.004871670919752269,0.012732459768872939,-0.0005686425455433408,0.021693638130105164,0.004634085389260356,0.006189713817343012,-0.0017440402414674594,0.008296735579637726,0.014392841882469032,0.01114946531926675,-0.01396982802638913,-0.004103860537691517,0.01233734730169811,-0.007228731204261152,0.0003787252639013694,-0.04049520432695086
2022-03-28,0.007087958200128419,-0.00278730221130008,0.011812410264308681,-0.025073378349306896,0.007238655737340061,0.0002892834022878432,0.02631966821684717,0.004122355726341453,0.00643705325605648,-0.00448975308838051,0.008513229621152973,-0.01837151770682066,-0.08003237645173034,0.006251769394940432,0.0030245660645356054,-0.05837464920625823
2022-03-29,0.012294834878046501,0.0022810502592363058,0.02101409929749032,-0.0026075952702209193,0.005883895186849841,0.009210436246141818,0.01727338908324949,0.008852721676759323,0.009240255934312547,0.008401830625407225,0.00752397713814279,0.00044668806848946474,0.02150338686405462,0.012266647020781285,-0.006058307888657577,-0.037897063653762775
2022-03-30,-0.006193898688539257,-0.0071138374085553124,-0.013422907038437515,0.011551503145695197,0.001953590625825896,-0.0011465494199844883,-0.015310073042614114,0.0006574233158573861,0.00821714344691582,-0.003352377792524397,0.007771653091804609,0.008006283379257795,0.02284926196814574,-0.0030219228354031458,-0.005331358975472433,0.022496387391307326
2022-03-31,-0.01551104162421968,-0.023214875753039266,-0.01492643963054796,-0.013642486130730713,-0.009806582507247086,-0.015513338918896835,-0.01937843672468631,-0.0023691552215021616,-0.0010737139157463993,-0.013409009279487183,0.0024258950438778015,0.0003875207880481568,-0.04986892287408029,-0.0036392606248405457,0.004191297238218095,0.061689125338078465
2022-04-01,0.002830063741403599,-0.002613062963649604,-0.0029612024576639584,0.008078318474458168,0.00785299188142119,-0.0077986074412503825,0.0012423139895920698,0.009965029666202163,0.013870303291812824,0.010494639789745186,0.0037993048387656714,-0.0063862158789014245,0.0006742925881564332,-7.324921428608633e-05,0.0015197096723365,-0.04628844907562302
2022-04-04,0.008530224560436395,-0.004457819124145335,0.018816902175047723,0.0012962916470100616,-0.008364050048649041,-0.0012733422683988138,0.022210202351281794,-0.0031363960025343474,-0.007711409441061967,0.00022442664336130846,-0.0069741078622858055,0.00483506168268466,0.03562586201658213,0.007537312393622209,0.004545488084596538,-0.05551160660496768
2022-04-05,-0.01271169329794919,-0.00632712843140304,-0.021281219666994033,-0.015805579555354665,0.002115645037266134,-0.01431063099529073,-0.023722919177712853,0.0009159572182824149,0.006253875657228569,-0.008000456362214248,-0.0228515035573702,-0.006284549046099208,-0.027167667298447995,-0.013043417321648043,0.005277100668457102,0.12440266343456097
2022-04-06,-0.010049701525339572,-0.006900606837533907,-0.023944870768906945,0.005907192622100155,0.015117518660187734,-0.007783542511155872,-0.025851789649723678,0.012603212563575106,0.01970087531405751,-0.011606603424131112,-0.008126820983068939,0.0023404756196958587,-0.0236737458063363,-0.007883719212612661,0.0007515321269524478,0.049627603419411415
2022-04-07,0.00502619969470075,-0.0010658121047195657,0.001553937663811844,0.013004361639162632,0.019056197009351017,0.0034002563037613953,0.005091487099540437,0.01206380932701201,-0.0024739904024513315,0.006502647090759428,-0.0075612953864894195,0.003777741580450744,0.0008209846806295218,-0.001609148723309417,0.001876570413483769,-0.025201844638247373
2022-04-08,-0.00267752940163124,0.010079912936391544,-0.014072831975768807,0.027147525270771133,0.00596895535261055,-0.005606704949533636,-0.00926132859179063,0.0042007520400222376,0.003384169055271169,0.006121685360873652,-0.010889518816558308,0.006246419748616283,0.01358531954539366,-0.0060882359208696,0.0,-0.018263181367582426
2022-04-11,-0.017240071371732668,-0.0044969481304484304,-0.025517893653817403,-0.030512165428285165,-0.020084298586840355,-0.003218177665208266,-0.018728032124349703,-0.0040732961125380385,-0.013737351867523007,-0.004985240432478832,-0.015951593296223088,0.004947206140849758,-0.0247263128246491,-0.006877682263036533,0.002247163187572454,0.1412403022953157
2022-04-12,-0.003712075046071739,-0.010928801363228047,-0.0044522710421830425,0.016457016897863497,-0.009762366225260166,-0.0016127755386801113,0.0022115529690571734,0.0002550813071859892,0.003812737792547427,0.0002269830338983425,-0.0013810520330190812,0.007647435301758598,0.04964602056691447,0.007626079322923474,0.0033613460361943126,-0.004523989123826677
2022-04-13,0.011388460157363944,0.0,0.015962459456993372,0.0148093056822316,0.004892978500973477,0.009338705854563756,0.024562786608835374,0.005594955737921126,-0.0019703103828705437,0.014654887255586058,0.0020303080373818005,0.004777109287769754,0.031608781573567946,0.005958881378596459,-0.004109784268406358,-0.10600194653157269
2022-04-14,-0.012529841361239136,-0.011321239846482811,-0.024586043085584208,0.0032614579951211198,-0.004820812736062052,-0.0010999168719667551,-0.014081978257898697,-0.0002536579430829633,0.0005258338067850588,-0.003362806187640288,-0.020248877586969805,-0.003309019437270244,0.014558160039278789,-0.0067072784384833994,0.004482579830320521,0.03953799167815708
2022-04-18,0.0004109232994728984,0.005946339697341152,0.0032678393480205514,0.014546013213034836,-0.011097291907014473,-0.0035084082076224377,0.003022433288773385,-0.008278668579713155,-0.00540286340871976,0.0008976059066103659,-0.00498150408697029,0.0030924062818558085,0.010501458548885623,-0.0016215928402427693,0.004091522737018405,-0.023624931027489193
2022-04-19,0.016013847805392167,0.013649018252153589,0.018586671781755548,-0.008179159894696753,0.009509150575230052,0.018011493673651735,0.028591603037487978,0.015104841806993008,0.006453816134242896,0.009379677335850989,-0.0075184960262033584,-0.015228268112133847,-0.04515299902523662,-0.0008738242487202896,0.00222466655217346,-0.03675191846691206
2022-04-20,-0.0007417683031620825,0.006887593940035686,-0.0009347581993974785,0.003850046301880905,0.013347813832849553,0.005409286677421576,-0.012955083450262528,0.01487997021968912,0.008106491245983172,0.006314622728933461,0.019926034201736442,0.004883006193092676,0.004931836825484481,0.003118542731080254,-0.007061919441381903,-0.05038250091083496
2022-04-21,-0.015066570441391924,-0.015966575797526694,-0.017108024971038915,-0.032248845261713566,-0.011110768955230554,-0.010253536471423352,-0.009730417165238592,-0.0008693337971141801,-0.016676604645514015,-0.016479614492841854,-0.007426034088562794,-0.003563943502360445,0.011328711263713487,-0.006873383180127313,0.002979589722683862,0.10987788462348558
2022-04-22,-0.02782254447119481,-0.030226918150981774,-0.028388213385272643,-0.02475670696992216,-0.037155494528883004,-0.024883300254089136,-0.02349600421741016,-0.015775835671273164,-0.016960021310987283,-0.03810308586900124,-0.006313947831311673,-0.00976966135240076,-0.02344218185870428,-0.006038124339390549,0.005932513537436179,0.21819300024463084
2022-04-25,0.0057809330951696936,0.0016577393344143765,0.014914549478620032,-0.03363001934255827,0.006710353204677055,0.0,0.0071973791131867415,0.004407330698249723,-0.0068921514934223715,-0.002803238870497715,0.009951131938771063,-0.01813443252023017,-0.02199341488263329,0.008417692109660813,0.004794355643944037,-0.043099143086191116
2022-04-26,-0.029388591112448736,-0.025438337465905292,-0.03796279799627378,0.0013564968980559478,-0.017768588705129318,-0.02208484674900557,-0.05192059934595861,-0.015574823331746757,-0.01008581693298094,-0.015558786943265623,0.010016686013858411,0.0015238553873304639,0.02395717186868751,-0.005897625514289295,0.006235189014755171,0.2155649397966033
2022-04-27,0.0028079131929183987,-0.0008497655572616836,0.014696169356876787,0.014531892244075806,-0.0021957858270029718,0.0037320356048882175,0.00011889662253938837,0.0036937712226619013,-0.0048060413177966055,0.014622852101455752,-0.012908758009847254,-0.007585723242633513,-0.0011777314298875297,-0.0049204524900963165,0.0061963914280718235,-0.05898515660562342
2022-04-28,0.024945584031999424,0.012671164930248668,0.039250868933941696,0.029872628556079306,0.013702753253975963,0.01121583924164593,0.020309790667751848,0.014641210720777842,0.01108737137876803,0.015680591479383388,0.0014885607123193978,0.005383804789462765,0.02214398069140433,0.005549877068179221,0.0057971771665861205,-0.05229314753571401
2022-04-29,-0.037655601964815766,-0.03502156459019057,-0.04256861539787593,-0.026006049319830193,-0.026060014332469628,-0.026859092113676653,-0.052152525861909105,-0.027565913404488995,-0.03040571258994662,-0.020256801342803943,-0.013058070709602632,-0.00011298334784104469,-0.011852730057076322,-0.012401963389480741,-0.003981921456092774,0.1076919605386717
2022-05-02,0.006001294632572041,0.00028957985069233416,0.01508841476893874,0.01584187616997257,-0.006236464387230356,0.0020998348061853633,0.014506395451797438,-0.013224675371610317,-0.010297145304936084,-0.0030624170359385694,-0.01748583188900188,-0.018714522902945063,0.015687522230843243,6.363748906501598e-05,0.005065095785726115,-0.032251086800449524
2022-05-03,0.004573437645761125,0.01295210224206711,0.0017400885158140866,0.027643080564093925,0.0031615437879590758,0.006586255465903079,-0.002484041131841863,-0.0028754642319190893,0.0038209581438963802,0.011144287141543252,0.006719121254848304,0.002645759356915356,-0.021797404118103714,0.00522729094088259,-0.0018059962385237327,-0.10042528518933569
2022-05-04,0.029998484294797123,0.030138844782253926,0.034510685501143,0.04069453499425579,0.02193039325892787,0.0285558970051234,0.028937145870555625,0.0222632234441269,0.02207087134416197,0.03191643254225385,0.005494578440782938,0.009774616775434453,0.045001521947341416,0.010121336088119826,-0.008349981191499545,-0.14034330491522207
2022-05-05,-0.03618966305644644,-0.02956726677297361,-0.0492905602310314,-0.015160399006061365,-0.019623458338704935,-0.026474034322688134,-0.05767501317631307,-0.01912664113751905,-0.010276365658660858,-0.03144994481831853,-0.027780485788608367,-0.0038184194446895248,0.003235872503980275,-0.01790862982091479,0.008349981191499545,0.20488185050598062
2022-05-06,-0.005986829685726391,-0.007170501447706812,-0.00807723559303497,0.029370839035204988,-0.003154121047228564,-0.006781875948591143,-0.012754190405718013,0.0010431219720530294,0.007924787444896442,-0.014446234432919702,-0.014844724022683664,0.001654504919470945,0.02029457624738562,-0.005654404771096466,0.0018059962385237327,-0.032907357859992103
2022-05-09,-0.03254128139336743,-0.024182087057170953,-0.03946816230538186,-0.08635363155583464,-0.026230878224541954,-0.024480669044304904,-0.043552800449671025,-0.00039101535116348174,-0.0075060825468238335,-0.03209581916627746,0.008758946623874664,-0.014585347642546154,-0.07009797317076227,-0.0106252873164836,0.0003608241454124972,0.14066881060216918
2022-05-10,0.0023079386622795184,-0.008886115192926702,0.015129448120277722,0.009030764341298791,0.0035529741236439705,-0.006565930389239583,-0.002976079875730342,-0.006934803369363252,-0.01221321058357372,-0.006249700069643982,0.009028413998778184,-0.008481065653521469,-0.02700363862453159,0.005715262156534173,0.002162215064565487,-0.051975035892264376
2022-05-11,-0.016013565612060354,-0.00926631875351891,-0.03207085071750537,0.013331334377550963,-0.006642787454233634,-0.00911269742968912,-0.036495381046770525,-0.004342598187625946,0.007177387121500178,0.0004916426972392252,0.019089200847733245,0.008133958004822084,0.04781215175338893,-0.005975882112395858,0.0010792773098202701,-0.01311995280695566
2022-05-12,-0.0010445976222346331,-0.007535785168966136,-0.010365137803484359,0.004233359013618543,0.009633555874135169,0.0018509867398917024,0.006847045124978024,-0.0002635691589247813,-0.010148308570674835,-0.0018448054405020287,-0.001867177757904237,-0.0154527061706764,0.013341193078315605,-0.0003904553453883963,0.008592933347036702,-0.024562120621479444
2022-05-13,0.023626603836302884,0.014418904932697263,0.032694249084343596,0.03361129425262632,0.010553317495856085,0.01264687423025812,0.03861705926654846,0.014925554090186921,0.011829755931347385,0.01526940561444956,-0.014891045585812002,-0.008142627698811467,0.025544911465052778,0.0011724279975782181,-0.0028560355869324816,-0.09571943994586452
2022-05-16,-0.004065859481450218,-0.008385530650548034,-0.008871950762336489,0.02602637927041007,0.007360066136994803,-0.0013973551266319717,-0.021836240966880638,0.004537972199092799,0.003075339698838331,-0.0018201827568038453,-0.0010355848228416065,0.00949327965207658,0.022265070097156503,-0.001433090946747484,-0.003940474979851061,-0.049708547633251055
2022-05-17,0.020361742202338107,0.026414624098636708,0.028550194028579945,0.011512440466610485,0.013646344878964989,0.02244159445690208,0.024916948603920908,-0.00687989038589798,0.010274997740500336,0.02790451138749761,-0.012157183579022401,-0.006299094085683521,-0.024358773301596415,-0.000913014366384246,-0.00828994898113411,-0.0511591461666403
2022-05-18,-0.041146552617616905,-0.02791954299096311,-0.046836168191461525,-0.025969316392669306,-0.02615181182105175,-0.03794250311043612,-0.06761929112388998,-0.06651179898614501,-0.009717123781335157,-0.031554441007699996,0.021093817415655636,0.0005313437048437564,-0.022694236776363397,-0.008255499085887408,0.005054204222515235,0.17076069020588358
2022-05-19,-0.006143487898801148,-0.006648669275035157,-0.011027080421260216,-0.003677872322026765,0.0021860754559472895,-0.008998129388115395,0.0006997297267901104,-0.01798052737220246,-0.002094270649718677,0.007044915217718994,0.0023921229751993067,0.014590277160261067,0.01613847365576415,0.006688026506346922,-0.010497846344178718,-0.05340345987885886
2022-05-20,0.0004362630619212382,-0.0018209376916664688,0.0022148647194786264,0.004289321827350978,0.012093143534285034,-0.010861303009503942,-0.017578023160966794,0.0021237506211573276,0.0027916291831524553,-0.0024236545196472115,0.011286124194684888,0.0006977677571926577,0.013191335617880107,-0.0006536698639445504,0.0021810783925308996,0.0027220133435581495
2022-05-23,0.01853719614177063,0.0319860156796814,0.022707031199657557,0.026073012728109024,0.008745769149062,0.016248034498746122,0.00745022780236404,0.020440173534511885,0.011916441548554424,0.01815484702857173,-0.016591114386466543,0.004639589893868923,0.003911503452491694,0.003916005244477994,-0.009119216484306136,-0.03281250214431619
2022-05-24,-0.007662714837286977,-0.0020616394031196528,-0.014954192917842057,0.003805182710248989,0.0029745770618898604,-0.0005481694421982652,-0.026068468040079118,0.016220451381009582,0.019775674997184023,-0.005735485091327153,0.01954029510612454,0.007493711725538255,0.0003659057072420424,0.005974536653297058,-0.0029358527174530025,0.033491865533246123
2022-05-25,0.00879592299772991,0.007928347405343317,0.011591998056426966,0.020442693899569875,-0.0003048746384903822,0.0057970686291888285,0.027833813548824082,0.00027279454267503667,-0.0006754797258428091,0.004424144035070743,0.003946182510511598,-0.006048248796559186,0.005836633144420844,0.015037932804147225,0.003668471116104577,-0.037361657601378884
2022-05-26,0.019784298504316844,0.02284331126141037,0.02373937767827261,0.010987043740734226,0.004257077192028724,0.020082564543164594,0.04787922127214461,0.010576509445484383,0.0028338602763979814,0.018205865568428514,-0.004535248055071328,-0.0018506096399271144,0.0252601326147861,0.013809331782860035,-0.0033009365360969767,-0.031146273729953933
2022-05-27,0.02425263992636939,0.016726343990795645,0.03327770651002915,0.018123375026531274,0.016475996069103438,0.020315949165598646,0.033731281882480424,0.011532645287498866,0.015510241795303248,0.02315979779792343,0.0024380514344146675,0.0005208853826914606,0.01023240647948409,0.008893420151216525,-0.002206747682069743,-0.06691713200005589
2022-05-31,-0.005626757293215157,-0.002815484726606865,-0.007165434179754904,-0.015137334074795561,-0.013446443295050514,-0.008097900947587,0.005059966724895837,-0.007091738772833978,-0.013894741521715215,-0.015341234786432345,-0.021389280995979476,-0.009942270255165475,0.00011703195722301274,-0.008642056794194275,0.0018392131020621427,0.018108806238811948
2022-06-01,-0.008121513511300193,-0.016200377545895428,-0.002994741783141741,0.016153534471496922,-0.014473015864049366,-0.006143574111169059,-0.010472573144200581,-0.013110866120878306,-0.001615500273588033,-0.010046992648643727,-0.001143895894188951,0.006348836617416254,0.0008186620415102652,-0.0037065745639219827,0.007688225600738008,-0.019275847000948865
2022-06-02,0.0188645350443446,0.013659831588070492,0.02392080255628759,-0.003164898450100484,0.007871771308182396,0.018944114312675175,0.030143128671053177,0.014452620594712862,0.006715126814117234,0.027218186333614725,0.0005163643981314081,0.012234040087981235,0.019793447580858547,0.004173722377072586,-0.008791314927810046,-0.038489227097765255
2022-06-03,-0.016547704063426316,-0.014519945539386736,-0.024206521875743015,0.013157508249090899,-0.011792608786509895,-0.0038647560403610726,-0.02968555202907197,-0.010108476568384539,-0.0048302994621711726,-0.009759697988119598,-0.0021522037028116614,-0.010203900438868097,0.025125826120683037,-0.007474322224108043,0.004405318335064301,0.002827778165847672
2022-06-06,0.003040162097017962,0.0028639784775954524,7.14656186246998e-05,-0.0011175352727788024,0.000153993890492643,0.004177389883699867,0.009950160820447529,0.0004062143669667506,0.004428345012796431,0.009416912884324447,-0.01861597336176679,-0.0044134478528645715,-0.012144553035573047,-0.007530980964712164,0.002195443347273507,0.011231517018839732
2022-06-07,0.009546407286481262,0.007691262254989617,0.011857896198440798,0.029424909336415617,0.01293191692623541,0.013354973000209824,-0.0024619472761830963,0.0052673235209512725,0.0060079146403806405,0.007174964612932655,0.010741985274284716,0.006497267812168417,0.01849519203889205,0.002304119496355561,-0.0010971191773214706,-0.0427850642878127
2022-06-08,-0.010931578074124815,-0.01775038958833175,-0.011358004790365861,0.0021697915539080626,-0.007938161780925768,-0.018265333697945252,-0.005920981748060328,-0.01233315982764882,-0.019760208374740795,-0.020985644474996956,-0.008899818962079031,-0.0009256257836884885,0.021425826060107234,-0.008601866252695878,0.002922899831053982,-0.002501100672851475
2022-06-09,-0.024070342873450556,-0.025451352678779404,-0.027063952928500612,-0.02235472684596651,-0.022866705424671174,-0.01988651880443104,-0.018241612129116902,-0.015114321192066349,-0.024322756254291367,-0.0239252880253229,0.003325068139615084,-0.0031883338247284954,-0.009941590967300407,-0.008026161981739222,0.007270209733414301,0.08516636996056626
2022-06-10,-0.029424229680053315,-0.03681748101378535,-0.03919426187649666,-0.017100278474090125,-0.016203948595100215,-0.02993072072379377,-0.04069171694281959,-0.004301280485807801,-0.007680118453975204,-0.031101783399490657,-0.006221213838208506,0.013323135228160865,-0.010485219204587892,-0.01717272318824392,0.007936421004579142,0.06168373519528636
2022-06-13,-0.03870769841605792,-0.030272279045559625,-0.0453330138615291,-0.05360374075488661,-0.030749193423360133,-0.03051354872080836,-0.047268598270118645,-0.021787279253124403,-0.04706734823624892,-0.03984288119020851,-0.03188201035735716,-0.026767358824472787,0.002548656259710569,-0.03402498682071631,0.009655074783578854,0.2037127602309945
2022-06-14,-0.0030180176404330794,-0.008591888085735633,0.006286228578701092,0.00190105966574583,-0.009578115782248098,-0.002499964633122964,-0.0007986311313059602,-0.011864784168692744,-0.025596684182426,-0.0076747364417912856,-0.012693660005894891,-0.00803540720328666,-0.02136431225130586,0.006545202547987294,0.0021329275496024813,-0.039879421696833894
2022-06-15,0.014155774875086458,0.011123465016599887,0.020879699270913044,-0.022327351126732342,0.010071013073792656,0.009624651958782593,0.027719198914524235,0.0010056633497432799,0.006460840502539256,-0.0002567634358632276,0.018484460768444677,0.012966509676610727,-0.017334185501597155,0.019248150549024956,-0.007843129207369515,-0.09861934155361629
2022-06-16,-0.0336562178639932,-0.025609610279958783,-0.04155689988287481,-0.057972603210178164,-0.014811461554373295,-0.033925069911631134,-0.050193672001786815,-0.0076427195939858805,-0.019509047429029813,-0.03675799867933094,0.007907860851129378,0.011180446816136502,0.00836253616538496,-0.01599154436902772,-0.009710554277801098,0.10654144692998813
2022-06-17,0.002153207621730324,0.002914065574622704,0.009108943605995456,-0.05622063810309985,-0.0005836312329110527,-0.002567862613817695,0.010859984446865312,-0.0036254762917717898,-0.00935955982100678,-0.0017335632683166402,0.003217193765729931,-0.008256810144045446,-0.050537154714440646,0.0031106041446138377,0.010068408634423598,-0.056819326608450904
2022-06-21,0.024862394357707096,0.019760603152408684,0.02512888400681934,0.05050879503499406,0.02656498178559019,0.01807815708960181,0.02820214174108493,0.026334480841142316,0.018856168114021354,0.015006967016657935,-0.017097523732234166,-0.0037437854344899435,0.008483314110952378,-0.0006752704920236496,-0.003584239907144404,-0.030661196085893128
2022-06-22,-0.0018146603411786089,-0.002233322467440235,-0.004245806894897619,-0.040854605044017056,0.01377104392064954,-0.0055491035173460546,-0.00193506864752635,-0.0007129787465922632,0.010466481246981907,-0.012925855488465032,0.027129263818561178,0.003977268335422224,-0.03844535540997551,-0.0002700526370338352,-0.0014374121905089687,-0.04194053103593376
2022-06-23,0.009754842497057936,-0.0038398304916249515,0.014859098881021993,-0.037771891499425614,0.022197471623490728,-0.005114193988304372,0.015588083421200771,0.019217484543170293,0.023267488552292992,-0.013774583407367924,0.008181228660229856,-0.006148118298448857,-0.023771842391393072,0.007138498402796678,0.0010781931959518154,0.003448226662245535
2022-06-24,0.03129874443833991,0.036207175280499104,0.0353107711518561,0.013075789074377564,0.016466105521767638,0.034359855607437595,0.037429141021095624,0.019404828503267524,0.01724697747689552,0.038938086234706404,-0.013939335326263347,-0.0009989609969460744,0.028582205097081648,0.0070877721467139665,-0.0021574705057720855,-0.06469916716028079
2022-06-27,-0.0038269180424528315,-0.003407146251896087,-0.00676684263699201,0.028911936459786958,0.0037082897381157665,-0.0023669820364178307,-0.010532234395334683,-0.0027493210254947442,0.008081545222370146,-0.008273615026045178,-0.008565449401891634,-0.0011176944418576085,0.020219978683858386,-0.00614910508821076,-0.0018014412810933855,-0.010335964210215653
2022-06-28,-0.02064442872724559,-0.009978185042252008,-0.030408764363536456,0.026646445306682143,-0.01758112488916197,-0.01169192007171116,-0.040764430067702584,-0.013441363533653217,-0.0037439698796495335,-0.010739215897016319,0.004648723410783262,-0.0016493806069401984,0.021354833558794972,-0.01105539091703811,0.0057533211285383246,0.05099639752104368
2022-06-29,-0.0008147247924377155,-0.005656802462354893,0.002020178534980488,-0.035369669001976245,0.008673647487746017,-0.005840402204481343,-0.0007883215687574108,0.0062582107788955454,0.0007209070931692985,-0.007224274612231074,0.015487758289149944,-0.0007666517068587453,-0.021113735855704086,-0.0014927414217522639,0.005720330809412033,-0.007077197314253603
2022-06-30,-0.00815742428723265,-0.008863802464703419,-0.01343986819045817,-0.02130695219150258,-0.0022588392104276878,0.0030960787404081813,-0.014801124304328006,0.0006932328527309295,0.011040433454545973,-0.011885437458057702,0.008743539683534252,-0.006095587698334626,-0.031845906653005684,-0.0005434696774857528,-0.0032137131643894534,0.01934293637293827
2022-07-01,0.010520824806903306,0.013579981197965552,0.0022785947256824812,0.014852270663707756,0.01116631661184364,0.008664017549625314,0.01823507570042704,0.01430534194118227,0.024230095117605988,0.007040355885888694,0.010214265241285325,-0.0008313996785860311,0.016294641756902983,0.009493851184991797,0.0032137131643894534,-0.07258186826346069
2022-07-05,0.0018868586752871508,-0.003456328956105814,0.012479707964279996,-0.04048911322877835,-0.005800277542595822,-0.015096350663018399,0.022109767792808377,-0.006439583252604741,-0.034693792431735204,-0.02030730836436856,0.007826196648689887,-0.021437799680384728,-0.08813626172497901,-0.0009463569568390895,0.014159634648178265,0.0309759325633423
2022-07-06,0.003371607193182413,-0.002521224332394656,0.008567236119173316,-0.017220579074419096,0.006725142485750624,0.005744957743917922,-0.003289219831854595,0.0028824163428486926,0.010321091099410484,0.006313372411496321,-0.01693345166584681,-0.015969017587404544,-0.014954817385141261,-0.0037961771409165124,0.004558966407158582,-0.029853013518694294
2022-07-07,0.014866156039211376,0.014411293217524879,0.020462646487228398,0.03541838758279825,0.004228460404381629,0.011732244545388681,0.0254667417464578,0.0009589621052690234,-0.0009985676199160132,0.008853782443430713,-0.00883903321490287,0.0005548992912700612,0.03834852612999384,0.016166296417388537,0.00034984225335099595,-0.024617778892292108
2022-07-08,-0.0008229275911029177,-0.0021797116449726595,0.0004511913171469928,-0.0004227426486824726,0.002987496146618085,-0.004539828818612257,0.00013670623346140331,-0.0017818618626082028,-0.003288856297784637,-0.009811938192507252,-0.011137715873259957,0.0004314382372543335,0.02566389883679765,0.0008016719100352176,-0.000699729499775259,-0.056797620238513424
2022-07-11,-0.011489263012691708,-0.008137870047193019,-0.013868323378411596,-0.009630623724782517,-0.0025274587233372614,-0.0067340820352068675,-0.02777851103844764,-0.0013726562933831232,0.006282001426584305,-0.0027430137817447964,0.017097478153791812,-0.005374926525164803,-0.0039548121986268114,-0.005623757677444274,0.011484346774544463,0.0602426055628178
2022-07-12,-0.0088886017873957,-0.0063050334935392804,-0.013754063715341935,-0.019688639781260342,-0.01281056529387925,-0.003096695911160907,-0.00605941720318004,-0.0028887609614951515,-0.004850857732078051,-0.0019241192289229936,0.005924376537309151,-0.00372364890598309,-0.07179997373264069,0.004020157538964675,-0.0003461655424823462,0.04190664881096007
2022-07-13,-0.005265540433264881,-0.008894448983337355,-0.002634008074765326,-0.001597873635518443,-0.009756316489140993,-0.012251884305379157,0.00816452285157343,0.000688724508316696,-0.0041562072171621445,-0.005795585408709947,0.011401467296346723,0.004776265963685411,0.00520555809481138,-0.0010704756567792018,-0.0020789762912292176,-0.017372501793467165
2022-07-14,-0.0024313558451733996,-0.019330737262904574,0.009111977788861303,-0.019078689232260082,-0.00290608098322398,-0.005714556843324559,-0.0008416435047085002,0.0008256101787429415,0.0,-0.018577198248369342,-0.008192756553616398,-0.014146649261641109,-0.0046563212745116545,-0.0018763043760046116,0.006913356186133424,-0.01578387077220844
2022-07-15,0.01892491534160179,0.03327247927551413,0.017450116303655783,0.016166976520287868,0.023861498020836258,0.015551086566638617,0.0160068726111966,0.003295874049742409,0.0018653808136428474,0.015527749724563389,0.005612560224357743,-0.002010475816356383,0.012142852140508253,0.0126624149115111,-0.005873289442205554,-0.08577247976665925
2022-07-18,-0.008291119228507782,-0.00378325686043679,-0.00971619848140648,0.022631778441087658,-0.021347528597254417,-0.006006125300505261,0.0028957807711673667,-0.009781784359708112,-0.0140026342687114,0.002357021044146368,-0.010472894452171033,0.0009429497894322125,0.04078944438935217,-0.009715634878727286,-0.005559410600153747,0.043212849641764084
2022-07-19,0.026660514623235265,0.029565071285507116,0.030055073260932375,0.030322300399152624,0.016882751342263802,0.035059539084342006,0.030174719510195125,0.010466623394903785,0.0063761374898931855,0.030012053580350084,-0.00540965942185867,0.002384623832616839,0.016014877835891284,0.013153332071947688,-0.006291523867802518,-0.032131248027083004
2022-07-20,0.006352975960731477,0.0036727448743816282,0.01549719837940966,0.00963249938509625,-0.009924069096272525,0.007688388157409243,0.01629821169320067,-0.00673548002464841,-0.013378160058551636,0.0017456310454040391,0.0026213718582788204,-0.009446509339211318,-0.005266935621969893,0.004346719777958086,0.00280118954765074,-0.025631864170057916
2022-07-21,0.010131895937813162,0.006395891227197303,0.013967889803179645,-0.01768476623453763,0.01569374722289396,0.007189224128338445,0.022611756454773868,0.003029896769793261,0.0026314601920307545,0.014120421895077229,0.01712833547740278,0.014011796602265036,-0.0280825815861645,0.011758813411768543,-0.00280118954765074,-0.032775802683622235
2022-07-22,-0.009321597506395385,-0.00578470222040206,-0.013894936212911269,-0.008258027134166568,-0.00415063152455275,-0.003201102176185522,-0.005798956311586778,0.006578652585742972,0.01363128269724001,-0.007168651332539078,0.01667145490669064,0.0024926409954950657,-0.012798456338420472,-0.001299706574135584,-0.0014034650939285243,-0.003467707049145119
2022-07-25,0.0012142178814649185,0.006391624010770425,-0.006360618006002738,0.036026529170775756,0.00522397501976446,0.004742685124184298,-0.00863191490424331,0.0049059734704739455,0.012452826117318239,0.004121582861682516,-0.00983314136759006,-0.0027423043036360895,0.02242219894631514,-0.0002603072122644434,-0.001405515370169308,0.014227440440233163
2022-07-26,-0.01190161778858112,-0.014054445909040147,-0.01634110892407481,-0.009125156718821525,0.005120324084462169,-0.005406418071460806,-0.032728696557392745,-0.002313678545730724,0.005956530623760781,-0.006789395585935942,0.0007664280940282708,-0.0011865143173865889,-0.014004688191793235,-0.007049293733262907,0.0077058475942966,0.05537314089952172
2022-07-27,0.025635030563219807,0.015267185544154405,0.042115357405625886,0.022323694874832878,0.006231698931767227,0.015369812289348417,0.03715127550969122,0.006790023777860199,0.0008482003044489872,0.01195064900828502,-0.0056342123025459045,0.010133467249785255,0.035421581590826534,0.010944368508160274,-0.008409346776738325,-0.06052340285251656
2022-07-28,0.012464390006349468,0.007246573851948934,0.015109128120017523,0.005603737848839163,0.006343356644728182,0.020701473165970263,0.01705057346497707,0.015843464877138835,0.035256849648614086,0.017532762288222425,0.007929978402849258,0.01211168004371821,-0.009548530524138954,0.01018529591169326,-0.000703994441976441,-0.039943859699684836
2022-07-29,0.014473471085141298,0.014040669217588952,0.015231564919242935,0.04245980315217146,-0.0033177767944723158,0.020386302435094983,0.03805455295299787,-0.007756240117751112,0.00855575542376874,0.013270807621172054,-0.0027214953840548617,0.002807145958569457,0.01185741172534538,0.002945586439422776,-0.0038806970411950914,-0.04581653352898796
2022-08-01,-0.002965635457176319,-0.008340997934485284,-0.0021517388282372707,-0.020874081968980107,-0.007429153086606632,0.0010449872894886525,0.004962166148373193,0.012407570588263361,0.0010810229664541815,-0.00809626430743604,0.02379805896992071,0.005651232868696177,-0.03812977623813474,0.0003079387464817174,-0.003895894051169968,0.06839886256211836
2022-08-02,-0.006619268526125488,-0.011129518212908973,-0.0071132238446027785,-0.002346837353410791,-0.003582894281789706,-0.010605380434480338,-0.006867968918241374,-0.00798710256847368,-0.002028197978848123,-0.010245866526450431,-0.021386851992167166,-0.005955990148902579,0.010591957420973408,-0.004631111250935405,0.00636719164987376,0.04661952320459495
2022-08-03,0.015538159768301973,0.01501087388005784,0.026246388352578975,-0.02913339142023519,0.009122017307682029,0.009351145873132793,0.024074147480068753,0.00652775972568076,0.00620705595119686,0.0010424088094014294,0.015621874303930916,0.0024352760679882124,-0.03211839763761404,0.008730319802826791,0.002816893066909465,-0.08636574039389355
2022-08-04,-0.0006757294128769686,-0.0032833271280310328,0.004557486778262287,-0.03779204858809493,-0.0049306137128679595,0.0036536621914837752,0.004076248230774127,-0.006661567617583408,0.0021502477414498955,0.0006508198275207988,-0.00033483236511511194,0.016404693683583993,-0.0275765445520193,0.0026808282815498075,-0.006349224210165705,-0.023508813167236742
2022-08-05,-0.0016917132239848698,0.007149312381139694,-0.002310190577662574,0.01962207745281841,-0.0003806160444916884,0.00156181409306555,-0.017196513617504294,-0.0022748613873257995,-0.0036309543138739464,0.0035076618907443624,-0.02409169525257937,-0.011309781450743017,0.00013982157360903358,-0.00511258894068245,0.008456679526780864,-0.013618473656111796
2022-08-08,-0.0011614654716414208,-0.000593645716340685,-0.00853850308387294,0.005186436297553332,0.0023556560488673384,-0.0003121508628520786,0.004493523301460023,-0.000535947464944897,0.001480706572424051,0.005561003290344146,0.01601281778002761,0.008434348290836446,0.027572741694214642,0.000896379919884005,-0.001404528436041108,0.006597634452187862
2022-08-09,-0.003979045420348548,0.005036178872915187,-0.010066485020581162,0.017408131481459588,-0.003040484744379235,-0.003649090860349702,-0.016062771038450663,-0.0014758512756163356,0.011102995740482235,-0.004912562378340368,-0.003894383010941027,0.0030548677970774207,-0.0012246272513989354,-0.007453142017673997,-0.001054614607908455,0.022295374365645326
2022-08-10,0.020786495041745567,0.02220986008150172,0.02693627047065661,0.007197978956781537,0.010827396315697513,0.02169719160214978,0.027808210207567186,0.007356552599508959,0.004380327684372354,0.027986982463816812,-0.006553023837997607,-0.002515111058863262,0.011775229328236492,0.01485138952765741,-0.01096380910006145,-0.09788587386321534
2022-08-11,0.0,0.011780327580333871,-0.003919889909084873,0.03382204651664722,-0.00649720306036361,0.005300815814094584,-0.0051028081400108505,-0.0024015991079551213,-0.00013223458571554048,0.003396895808763567,-0.023585461212978664,-0.002641706914864095,0.026030674329950543,-0.0057350042624717545,0.0007108445538106523,0.023035619765927606
2022-08-12,0.01678722490130191,0.015587678402275706,0.019713682624277418,0.007547262193731363,0.01272832329516227,0.014934619274196592,0.022377805359264258,0.0086452779640247,0.01616231544865121,0.018664381882815384,0.010089665022806393,0.009155976822721179,-0.017189308650475077,0.008907192833817135,0.0039014998916391264,-0.03373086212935128
2022-08-15,0.004112565713537464,-0.0002811123912622726,0.0062879168684562,-0.019690781738399554,0.005001568030734482,0.002400983543818569,0.0068627064690787165,0.009883537787279906,0.008307413377655504,-0.0006165728580538321,-0.0008656847244221666,-0.012950528089989533,-0.02840724081347723,-0.001775236901313093,0.008810607698561235,0.021277401531363704
2022-08-16,0.001956645894806819,0.0072870113977150375,-0.0027088590803217016,-0.0023421072993965453,-0.002684124407808852,0.004486375318697,0.010986637353474826,0.011214289768819441,0.0028398846873640693,0.005535314955223747,0.004148944037248192,-0.0017516299628299592,-0.02275978683027091,-0.004706649096833715,-0.0003509472116696166,-0.013118261804125009
2022-08-17,-0.00712341183144094,-0.005039404730043717,-0.007171075972390639,0.008303128588473374,-0.00584130438966568,-0.007989566431970907,-0.010811453971191654,-0.0028571131409655948,-0.0016773609551856694,-0.013834136441189582,-0.010492115857062778,-0.00648934594710493,0.011305936366571068,-0.010381633671316948,0.0014030504675890398,0.010608792786787724
2022-08-18,0.0029022870045691818,0.0011221407872601397,0.005184245882198901,0.026518614630619997,-0.004440856941573479,0.0040026813674209905,-0.0002925124900565734,0.0033753322181153678,0.003737567089392879,0.0031046888682477736,0.001480867170834621,-0.0026198444873024584,0.02953853484341984,0.0015450042264095742,0.0076816320660890725,-0.017233075258001662
2022-08-19,-0.013529051786774104,-0.02010571032543451,-0.01833083875861785,-0.0002516300540982286,0.0027121958156079984,-0.012966967095886517,-0.020851608984843395,-0.003245160737708197,-0.0005146814431546964,-0.018521562143932524,-0.016233097773548977,-0.007347552958115067,-0.002023357124842917,-0.010214296206266127,0.006241348180251016,0.05180445701037106
2022-08-22,-0.02104240608296326,-0.022271033330433454,-0.028280780671189554,-0.0018896322383019637,-0.01317718492622788,-0.019203827090366943,-0.028148706545837676,-0.01019345169108643,-0.013736259126466699,-0.016042891529069347,-0.0033675761048108654,-0.006659303367833047,0.008336780239750041,-0.011369828737664456,0.008261559078760694,0.14439445430766584
2022-08-23,-0.0024222336947721246,-0.004103134285847965,-0.0026427417211918325,0.03542622067339973,-0.014048358999261268,0.0018547523526599718,0.0028200026617524188,-0.004344125647566699,-0.006020104658983172,0.009834617328490225,-0.005518754241332857,0.006966551217581163,0.028382889952123236,0.002493700139876154,-0.004122247893842079,0.012941168887217191
2022-08-24,0.0031960455859261216,0.005272210782109266,0.0006265353506824667,0.012216598906336973,0.0012360438412430952,0.0032886639166784803,0.004276522110594705,0.0025035995729405514,0.003145562924230294,0.0021582152839902946,-0.007345602399996487,0.002944580504679273,0.01562631477433296,0.0011798406032266229,0.0006881717230657891,-0.054989386447608535
2022-08-25,0.014018909983943395,0.015364789667582368,0.016769969639552684,0.007664725564017871,0.010981152613005918,0.015172701674583067,0.011877358508103342,0.0045949234884714585,0.00613143411322703,0.02244763887755452,0.013840091069962313,0.0030581063588206447,-0.01993078665393444,0.009384770178841428,-0.0017214324441674478,-0.04664518202951973
2022-08-26,-0.034435301078845626,-0.030375863945475423,-0.043643192579576606,-0.011760543636692766,-0.028271225283034163,-0.03527895826470662,-0.03881603179536608,-0.025068862034240524,-0.015465754303273904,-0.0311088001508133,0.007509056848725493,-0.012227153201929575,-0.008533055155007574,-0.016613561805367105,0.003783338537933556,0.1600364595838233
2022-08-29,-0.006634052552856318,-0.007142988455765664,-0.013313811900228067,0.014976547615821456,-0.007016284923446747,-0.004512039036675297,-0.005337156430069712,-0.0016134987663951605,0.003033381872369123,-0.007060953550484861,-0.008307400188911629,0.0006180465249858713,0.03675842789503214,-0.0038327556465791446,0.00034323805802083385,0.025112373789793807
2022-08-30,-0.011038563673204216,-0.0053909406297765194,-0.010487502737975163,-0.034479836881189385,-0.006668014784847465,-0.01451186861286402,-0.011206764269037883,-0.010413272264759854,-0.014724722328850692,-0.016497051101203475,0.0024818281964460454,-0.00837555613648,-0.041780871101057215,-0.007709993033813589,-0.00034323805802083385,0.0
2022-08-31,-0.007638138695161167,-0.007535781606198277,-0.009784934700420855,-0.009150494315040003,-0.006391803469756319,-0.008465113658788326,-0.009917794417182435,-0.006136062590562652,-0.006569765536114325,-0.012388185008839425,-0.009606736748384748,-0.007755309612976546,-0.03177007781783203,-0.00548583181178941,-0.0006867537526149547,-0.013056953766507728
2022-09-01,0.00313280368133384,0.0030211675768039292,-0.004891246213490241,-0.024903865203183884,0.016297990554414277,0.0013976868995930758,0.009089951155965892,0.005592244147396563,0.014291098577849493,-0.013215229144812213,-0.018478187994235284,-0.0088290234746502,-0.029989804060369885,0.0026389424055572874,0.008891974074220599,-0.012055420023286079
2022-09-02,-0.010600298516485473,-0.007874039385368459,-0.0130868646128528,0.01817298808928447,-0.014456173485950075,-0.009718009533198568,-0.00921862205331081,-0.013143851653945937,-0.010799665051775431,-0.0009409129702633301,0.0056409858401726964,0.008766173723187443,0.006742592846001649,-0.0006723787503792877,0.0003402831055687727,-0.003527346582687052
2022-09-06,-0.0037803447836806114,-0.0024353893272608396,-0.006645910149898349,-0.009297659877474107,0.0009597475624820717,0.0016262407402907186,-0.0020599714769096167,-0.00566644297926544,0.0025438602983181013,-0.00309826495675658,-0.025080246081530255,-0.005856578259355594,-0.00014003691079711444,-0.0026949478245414937,0.005769637299859021,0.054996697036135966
2022-09-07,0.01780543398278578,0.019617246808277145,0.015861973805558094,-0.011681236842268294,0.016174156262981576,0.015905602191559787,0.03021497077652846,0.01785795795681011,0.030808128173259952,0.027282155444185108,0.015691642274757278,0.010117286090114419,-0.05467407863082574,0.014334411517193502,-0.007131842064915794,-0.08812684517395253
2022-09-08,0.006515193959098831,0.017479588515072475,0.003424709366025347,0.00433301143604492,0.017231555008939026,0.0029811020554273426,0.009273224801174429,-0.002590521488079034,-0.000778341974517538,0.009668539652142094,-0.01031059201056106,-0.006020378897494183,0.006926467813873849,0.00438022316129949,0.002042800061134553,-0.04270073694573595
2022-09-09,0.015415722493694162,0.00906308539798939,0.01957803158783733,0.0246180436698058,0.008773989616728706,0.012885653927693141,0.018779669867633686,0.009780133675352687,0.004014242497946796,0.01496968896683537,0.002218473105417118,0.005269846503476394,0.04325700963666179,0.003965141955310614,-0.007168435339655943,-0.03534849351890168
2022-09-12,0.010690286492422985,0.008116031740006857,0.015907854683387512,0.018195726993217587,0.006644627533108682,0.005963773311525422,0.01280663709365637,0.003912431472298472,0.009517672767107577,0.009307149749924193,-0.008250965732766069,0.005055386193322242,0.017704571481807818,0.0030290913518342677,-0.005152042829115633,0.04630059207931847
2022-09-13,-0.04445614234766371,-0.037951556319881785,-0.054545274268089194,-0.025542696683218402,-0.03359425748537159,-0.03838639834828239,-0.052937487481205636,-0.033961854288371285,-0.026986510328269375,-0.03631118254855226,0.002324586748910562,-0.013096728906648814,-0.0049868589034556265,-0.02301392016109638,0.0136801304035723,0.13316473813460528
2022-09-14,0.0038085506172613748,-0.003002776975625565,0.0036297141323178295,0.027854972983917037,0.0005507018090238347,-0.001953253461763005,0.012765263458435427,-0.00041807088933243364,0.008120528336224009,-0.012314133677228334,0.0034303836928275544,-0.003855034555311221,0.009948972396032651,0.0014791634943707166,-0.002040247530878503,-0.04155569288771588
2022-09-15,-0.011418196459872298,0.003302920547164856,-0.02329149078452808,-0.026106870256099146,0.005570650562166435,-0.010481330693063562,-0.005136852338676334,-0.008396245208563968,-0.025230707259096707,-0.01327704009315056,-0.0006480430042774543,-0.018855801737618805,-0.0416931900992612,-0.006335827972298702,0.0006805952960777795,0.004196100366660183
2022-09-16,-0.007658433596832381,-0.009033719865459311,-0.00557811667621344,-0.021565942426512663,-0.002820593980985109,-0.02107441302408386,-0.008071553656312958,0.002386037731908708,-0.0037528343826132016,-0.01592187993711658,-0.0083706029455346,0.005533767627080799,0.002004860845925549,0.00337518100931522,0.0,0.0011412890518260888
2022-09-19,0.007725275835805512,0.011278264809306826,0.00812144719518848,0.000592961560514027,-0.005402794144536038,0.013480676511057332,0.014049549561835128,0.006624240679644622,0.013308306151631921,0.016418235235168055,0.0023324247736047354,0.0007697907679808935,0.002143645279217843,0.0037669096538577307,-0.0006805952960777795,-0.020746000053296854
2022-09-20,-0.011544878222064625,-0.014842115548321377,-0.005888877373303458,-0.006979534864499204,-0.011791166405322961,-0.01252383613132313,-0.01709958903786557,-0.005481774924673388,-0.014647668627146615,-0.01918121557499264,-0.010020382268878691,-0.005722932055293839,-0.011919460506117474,-0.010256925487980517,0.004754018573987384,0.052922386951067324
2022-09-21,-0.01759781522201287,-0.02096896537623749,-0.015743460882850613,-0.014764792902088875,-0.016728301565390957,-0.013366796655506441,-0.023959493188306702,-0.003812888304056017,-0.013767136183627127,-0.022099008267258746,0.016614051580900124,0.004632228320962994,-0.00783181536959976,-0.0029884766379417727,0.009775844399633637,0.030101998277705988
2022-09-22,-0.008435260786682441,-0.016970836998164707,-0.010236230002405478,-0.00356062302532667,0.005283019823290047,-0.015167629166463747,-0.023345816667002417,-0.0014159071797701372,-0.0035747713661304914,-0.012093619581633686,-0.025880395442920978,-0.0005778441890038621,0.0042136046695251395,-0.006004796171865223,0.001340964371980835,-0.023130752534395338
2022-09-23,-0.016896702727790647,-0.015974941745789284,-0.013166425931127712,-0.07144872506644173,-0.005120043411795727,-0.018934423633857556,-0.023289261387422933,-0.017148157203878966,-0.011637757045095398,-0.020681877541987692,0.004076697331697687,-0.017427816406674346,-0.0543733817119918,-0.012811023556916545,0.015622655372796501,0.08981061284051295
2022-09-26,-0.009941903735623647,-0.01590682628919282,-0.006974372406698848,-0.024852557314051893,-0.009578909401541935,-0.010557020072613277,-0.0022561665282854193,0.0007203577705396924,-0.024403459494377167,-0.016353960480430807,-0.01929587345394168,-0.01170141432179772,-0.03299395020561402,-0.01185395574623449,0.011151291059409818,0.07530086501150457
2022-09-27,-0.00255605371748846,-0.004263001022990043,0.0013012845501485515,0.01113766199650712,-0.0030483097329758735,-0.0033444365306403157,0.003143703789147523,-0.017434618848560568,-0.016993730994947942,0.002225880016091697,-0.02668390913652896,0.0020477436877319732,0.019119802254714102,-0.002106677689929448,0.00032618467789014005,0.010484220898846708
2022-09-28,0.01948516710377035,0.0195254620317189,0.010510267583533128,0.04335072439397791,0.021630656178569296,0.02177588641742556,0.02666279120539805,0.01194670645974849,0.010690698615034133,0.025462047524456022,0.032933670330424825,0.020573557832177514,0.04120688155693042,0.017697298742203493,-0.01312788016294908,-0.07713277811500152
2022-09-29,-0.02111017373108215,-0.012648069846612486,-0.026403278815354092,0.0,-0.008433261746668919,-0.017477851302578173,-0.03515998884641025,-0.01664771949032051,-0.04091757086471226,-0.01484722822878215,-0.005189233654919079,-0.00019394717180531984,-0.005377169442582819,-0.009436868586206515,-0.003972222187511587,0.053543902316957936
2022-09-30,-0.015584533439197301,-0.009180429647246413,-0.019343476082609,-0.008021118266339222,-0.01385774821569008,-0.013191467601976647,-0.019878571323949323,-0.017528431589421523,-0.019500296570915676,-0.002643477183613907,-0.012995221984124505,6.462035224608087e-05,-0.0225681356373455,-0.004611894400203376,0.0,-0.0069335074459693224
2022-10-03,0.0260589007467793,0.026650985874091315,0.03051142832477627,0.05497288655611898,0.020351296786463635,0.029732250112649794,0.000982664244500775,0.01708665414841537,0.028887185770046564,0.03197866902759694,0.01576449462115992,0.024019005945364214,0.03920304736689939,0.013020598868639155,-0.004654302282106837,-0.049264673894303446
2022-10-04,0.03051628372500126,0.03652794579179863,0.03301117912101503,0.04207758051646815,0.022954562883860774,0.03421030328132435,0.03432935991571462,0.015059908873267247,0.02098542189949404,0.03608279490148458,-0.002796602711657492,0.014226444596111776,0.034598506626502434,0.02130777911529158,-0.013756258321525827,-0.03481848035542123
2022-10-05,-0.002330913312037275,-0.0077602881476130925,0.0033127189827082404,0.02045472253608427,0.003315520557254814,-0.0054506038955493,-0.005913068977469571,-0.005821659618582942,-0.022469554901473288,-0.011327630147218937,-0.009607734906984078,-0.005553659432976588,0.02334522625442137,-0.003951995652604623,0.009415002336635503,-0.018049794693725918
2022-10-06,-0.010369393424229045,-0.014122480640587742,-0.008223272613730792,0.01762192170097565,-0.012849267086012972,-0.011565931029374532,-0.007114818271221068,-0.014704049511458095,-0.03352762976269208,-0.010614850998386771,-0.005573685491895297,-0.0011269264553863678,0.01448994399192216,-0.0030087343171585346,0.009990112358980063,0.06672531203596987
2022-10-07,-0.028290344296316938,-0.02398948911155152,-0.04199723297391156,-0.0077937356411239556,-0.021381073801774342,-0.019305223389698867,-0.03500052967884226,-0.015073678225406617,-0.020952259518904448,-0.025022433073117245,-0.009755250844976082,-0.011023386142689162,0.028498122256026548,-0.012265006683004565,0.003968208367930437,0.027150993529882594
2022-10-10,-0.007664517933045012,-0.004542695889634185,-0.01695154804702259,-0.02075180946290356,-0.006299408350985303,0.003516493085660599,-0.006204673676844408,0.003602369264900318,0.0017237011645772071,0.0021572584333728884,-0.015668080488946856,-0.0153182032171566,-0.017732862828774287,-0.01227725519087386,0.004281281627722233,0.034167251716381575
2022-10-11,-0.006353302787733384,-0.012763977876503407,-0.015446243659271275,-0.008020107620498873,0.005320140783362071,-0.00023362670242210726,-0.008189100866637489,0.00820726936240046,-0.003607588804058537,-0.007787936242630522,0.00441570431530014,-0.0020602123309396703,-0.027899820983622092,0.0030836400828704313,0.0006570460537096423,0.03571809085163391
2022-10-12,-0.0033038439784540685,-0.0023082866178927297,-0.0030839259586707968,0.008020107620498873,-0.004909908175990019,-0.007873053385845097,0.002593146742641217,0.005335610950220726,-0.03387973403886191,-0.007556911184519954,0.004895013914137714,0.005335071671709102,-0.011494375123242584,0.0016781130645879827,0.0,-0.00178575561174954
2022-10-13,0.026048866940945103,0.04043890730847055,0.030584545872775593,0.04000285584252472,0.023030346322197026,0.021819893149911174,0.010876067086244667,0.016420176771572592,0.02472428073006805,0.02889984335351281,-0.009612649846800991,-0.0069476110871145025,0.022168860080398645,0.002232051947722802,-0.006589895547856717,-0.04977364239369608
2022-10-14,-0.02305248518963854,-0.01694683643719186,-0.028527427018495644,-0.038007866056879,-0.006756547667496449,-0.02217377814098409,-0.03807690318415968,-0.018195698182979392,-0.014535983025550703,-0.03431222431080139,-0.008284409175778329,-0.012537160793022473,-0.032941496427241646,-0.0032108915908688473,0.0069181841201624295,0.0025015623572302026
2022-10-17,0.025372241511433025,0.024841918200726454,0.030024066311950648,0.012379582118569044,0.015933603078969405,0.021596728758929373,0.039783332692267415,0.010752176177344808,0.020701555852497666,0.024628158278884982,-0.004881661277427618,0.002872080630747398,-0.0005702197849792867,0.012231115782601165,-0.010229378713650927,-0.02050867290942371
2022-10-18,0.011681085968234584,0.01591553737578666,0.008438840189322505,0.008697110181838497,0.005544944014019393,0.023849960743637766,0.013688312844510442,0.012954084704919211,0.018116945921444305,0.019415492098922904,0.002342045128688852,0.002148660090393051,-0.02060146857787437,0.007020333463830575,-0.0006635860077706113,-0.02812536534195864
2022-10-19,-0.007111685707998916,-0.016544706794488828,-0.002887738136402973,0.029088640578742275,-0.014080725925758486,-0.00712965378933017,-0.01127577965800075,-0.004638262204769816,-0.013086397513223602,-0.011859492633054192,-0.018373579906048043,-0.013488925988339062,0.019317365682351983,-0.009648485603377388,0.0072751931545895765,0.008488468464969312
2022-10-20,-0.008420434106293229,-0.01618314053294645,0.0005780856875663432,0.0009473974933267293,-0.00852849532272959,-0.019843486834531632,-0.01953754444977207,-0.014045530173323328,-0.025571194119607732,-0.007269724257349619,-0.01724100265703221,-0.0015834633753089022,0.001996854014397975,-0.005555375008539976,0.0006587773942392516,-0.025684674672852292
2022-10-21,0.024010674889053618,0.02931624321481241,0.026403278815354092,0.028470329583656806,0.022214126018854863,0.02708596589058132,0.028708673666945295,0.015207190685162075,0.01833164610212412,0.034034903429133845,-0.018187449542155676,0.01767059741452659,0.0055417461847566685,0.009563964669015768,-0.008597850238080795,-0.009720170642020243
2022-10-24,0.012162183502688606,0.013270011491910427,0.013738273578164595,0.004705182863320445,0.01909907992267179,0.013217164090922218,0.004134789682193052,0.017834293088644593,0.008336657073300113,-0.00582421051078752,-0.008298571857968007,-0.003248865884512675,-0.002696027819895974,0.0006892753756755354,0.0009957277364351924,0.0053745458547034275
2022-10-25,0.01584250652337893,0.011884889164922807,0.018937398586863274,0.0010299005104030812,0.0075694069613758685,0.013373933626351864,0.024728505381632182,0.013029632028975335,0.019851768717227714,0.024455154712807126,0.0286971486515446,0.0022753535606359065,0.003262693303835107,0.009603545996205831,-0.011009255171029242,-0.04768529212537631
2022-10-26,-0.007562713458902692,0.0024205246786421775,-0.022513435742652632,0.013519140402695307,0.011019339613541845,0.0035070987298366774,-0.008083412203404805,0.00659153464260509,-0.00046092287736909654,0.007032715036746406,0.01430433623574956,0.0063434463543528,0.032876628334126856,0.0027272557323039237,-0.010453672043923667,-0.04234570234723911
2022-10-27,-0.005354126037826923,0.008126687393851029,-0.011449843864476783,0.0036042791305481714,-0.005265006400767547,0.011638820998863153,-0.003859201452152128,0.0008379501724347094,0.007957369896489652,-0.002563874721064785,0.01041656753018394,-0.0015497241473587664,0.008868350752063492,0.007326562823136484,0.0077663366571183445,0.00402410284569843
2022-10-28,0.023512078934164293,0.024575380586464135,0.042566323360730074,0.003479503647272786,0.016314913893697103,0.02298472663831852,0.0008973851956586287,0.021690730607298647,0.027065418934375973,0.009948885454674539,-0.006898171639161177,-0.01026317410117894,-0.010926126701964023,0.00767489117686182,0.0016805050212669315,-0.0617433338815041
2022-10-31,-0.007249482597915247,-0.006160859289339182,-0.013284232658096862,0.008368210905334017,-0.0008283318441710819,-0.0028575786477400555,-0.006436525835686879,-0.005894229634349379,-0.00938994192789755,-0.009003535080757352,-0.00715354886395847,-0.008194886192774753,-0.017873713501781907,-0.015137569045006849,0.008359833488094104,0.005035810095079363
2022-11-01,-0.004385423656437126,0.0026451110243899123,-0.008403106121884107,0.009620332470358317,0.000602224432652676,-0.0009544007846944425,-0.01018827329113492,-0.0031667412738425327,0.003885842566068387,0.002561234121210898,0.009302270833837056,0.010151726172797026,0.021985039653876548,0.005996709517654963,-0.00033306379054165447,-0.0027084441661897607
2022-11-02,-0.02541676113783531,-0.012701462544180142,-0.035153374418858796,-0.024395490865738,-0.017160603122578166,-0.017767827786864032,-0.03853950497366654,-0.017529723557760057,-0.009743130397698696,-0.026329637583794252,-0.004349587190223048,-0.00699697020289225,0.013043650346626023,-0.009145732521581351,0.00432105379960257,0.0019354039072250195
2022-11-03,-0.010349974566210562,-0.010158692963318394,-0.029847879895701368,0.018324366025358252,-0.0042210768378234675,0.0104203354499246,-0.005995242241126242,-0.003374197693928771,0.004358762281721162,0.007574288862501,-0.005411184114012535,-0.0038132974339371017,-0.010721428625579676,-0.007156675506973187,0.008257664841909484,-0.021893031368095173
2022-11-04,0.014290685803030279,0.018152981014590175,0.01809817596555785,0.012105329597601688,0.0060575890418110845,0.01590388982320068,0.008325343056391432,0.01176009785365828,0.006129951822750002,0.03412095278833549,-0.016943607176139075,0.03023458325284345,0.04704083251554625,0.0068817114383401545,-0.018928025182746833,-0.030092542414198675
2022-11-07,0.009519979157923686,0.009976558105082578,0.016557738985512493,0.017027617006069917,0.010645740739798626,0.010671933146968016,-0.00700630783611178,0.008867701788968674,-0.01926326284260993,0.007792464934301968,-0.010026645100143838,-0.003970260739379228,-0.0033903036892484195,-0.00013673050607554416,-0.005715250789138704,-0.008179957968859508
2022-11-08,0.005380818866369985,0.005822396593171852,0.009546827558764903,0.0009674479552024273,0.004979387561991899,0.008703691953304116,-0.002493320488185624,0.0028929864056408405,0.006965422016077305,0.017087690817805257,0.01087556156608116,0.02283632894068699,-0.02767833914147033,-0.0009607599012415591,-0.004392597177963253,0.04771402125648905
2022-11-09,-0.020817232327337898,-0.016979428534280583,-0.026352649900779568,-0.050117855080060725,-0.01082058629365612,-0.014025380112522079,-0.03101932319895173,-0.010926117265063873,-0.007877548349092045,-0.016298973461787547,0.003281910451189418,-0.00502989475916138,-0.03832415165701608,-0.012019297748422808,0.007422539716114951,0.02130621854596182
2022-11-10,0.05349738604091314,0.0492541107929636,0.07897358625587536,0.022008344064063934,0.025093320477487246,0.04109813552178654,0.07053654196692793,0.023229799925656103,0.04607038615137116,0.0538670592232231,0.03775187235327504,0.029990153003992326,0.007921655080017409,0.03065806909726998,-0.02312259703435382,-0.10327587307618202
2022-11-11,0.009631861389864937,0.008117683868511971,0.016967804376850637,0.028646381881909377,-0.012317434595356502,-0.0006027646875192971,0.02371297622981494,-0.0010877680733338835,-0.01124653333757486,0.012010033564830547,-0.0036705927417211015,0.006584597947117743,0.029193172033138204,0.003498306045834454,-0.014553238974726934,-0.04387240832250194
2022-11-14,-0.008543095445883608,-0.014320411573445657,-0.008599379063788604,-0.0003221436738471972,0.0009008065158946366,-0.006147555845030794,-0.015979512087462844,-0.007920025483564075,-0.011969171769587117,-0.001354733842477529,-0.0024546888504168862,0.002185266227277438,-0.03377166352988237,-0.00741476995175816,0.004527367129953497,0.05233622755869449
2022-11-15,0.008492889561518169,0.00226001221494343,0.0120485461653983,0.010471523420640061,-0.0012767330446834535,0.006850786508413975,0.01356426762899332,0.008328320918914223,0.01094042551616381,-0.0014801902991918858,0.016050459829604513,0.0035106980811026034,0.018462859856487768,0.00875668792810913,-0.003480769356754898,0.03356442543314975
2022-11-16,-0.007658160266537983,-0.0048082717798076935,-0.01379236877761425,-0.02061932167930358,-0.0004509688078213614,-0.007255229677403108,-0.015386714893555364,0.004882591407492143,0.008929379856555286,-0.009798314480857773,0.021632977746553372,-0.0022987420952169657,-0.016656714880824097,-0.002148417938365732,-0.0020942147569300573,-0.01767775908195146
2022-11-17,-0.00306452028892501,-0.0054013234163203805,0.0012893500948125691,0.0021678087562118087,-0.0004509890511625869,-0.0017207719947966993,-0.012211917742864564,-0.00027100478442498854,-0.017642353159757374,-0.00964365049326421,-0.010608510182525954,-0.007293959961672591,-0.026728297006225255,-0.0043107327558127295,0.0038360368958603175,-0.007493802835230934
2022-11-18,0.004530321499947476,0.008232679902523632,0.0011359129330532625,-0.007935526912280721,0.012036003004219253,0.007368226210055617,0.0013485573840883447,0.010634888503540552,0.020988252894200254,0.006647935930848892,-0.006901157191336438,-0.006917507382314447,-0.01595206097840496,0.0021580082643053444,0.0027807430362614127,-0.03443483456993679
2022-11-21,-0.003642699940906269,0.003105008911735485,-0.0108082955300155,-0.01362497621863179,0.0004459565803180965,0.0032128892441942725,-0.014575067639750472,0.009462287446903694,0.00449255563211004,0.003369459157610777,0.004206269939833085,-0.0056056352070879,0.0,-0.000404555280035801,0.008640087429146792,-0.03342440451971873
2022-11-22,0.013367050044612583,0.010095414816486237,0.019176729150488292,0.030828723494222388,0.008652870339020069,0.007688759319074201,0.011235865446563409,0.007269120165711129,0.008494631484094572,0.022423233631352346,0.014091965979564414,0.0011730356909014361,0.013668359877717862,0.00725155766682839,-0.006213264240496841,-0.04903615367539871
2022-11-23,0.006282018243211063,0.004176565106761121,0.008819867146697469,-0.010893706554544025,0.003968464023074603,0.0037729065813847384,0.014343081376216205,0.003417796712721355,0.011120913281789324,0.0038907707633715205,0.017291532874478044,0.006212503317279072,-0.03741610571818743,0.005603569214101434,-0.010442238395454773,-0.04515659127403593
2022-11-25,-0.00022383041827644945,0.0033288954422290296,-0.005821195017421843,-0.0036941715047449364,0.0059235001737034665,0.0038571865015830653,0.0005608835338959395,0.0006557400144568959,0.005796245820437473,-0.00036393670693346536,-0.0033954797344986076,0.0008581023409730548,-0.006698016682783248,-0.0019975096611242193,0.0,0.007343955510317635
2022-11-28,-0.01608561695227717,-0.017318735848362632,-0.021639711915924842,-0.027813206421086534,-0.007538394457980324,-0.01833059786852953,-0.006189090703162314,-0.0038102910531332412,-0.010343539433425697,-0.02259151587150976,0.0028139958762976036,-0.00793489366537159,-0.0011954847993393969,-0.010588299745828422,0.007321030884172686,0.08011771054057037
2022-11-29,-0.0017189957512560028,0.005899559149395994,-0.009838665604402053,0.014996048275478735,-0.0025007996020161016,0.006114441640910684,-0.003179396580197391,-0.0038248649194150275,-0.007434077617170853,0.0033471064748678003,-0.011795274877688833,0.004928261563008185,0.021595265391397334,0.00430254907080041,0.0017351726463439299,-0.014512713032827751
2022-11-30,0.03101458026370363,0.01694238028658912,0.04898875811973191,0.0049492169256444285,0.023581834093262977,0.01635374646801324,0.03388494503299366,0.019887968782477117,0.024661098931306302,0.023847228433627965,0.007327422847916765,0.0127009210150133,0.027280424869539743,0.0149137273544806,-0.00800704372532346,-0.06171015695339044
2022-12-01,-0.0007360867473344967,-0.005800498202320981,0.0013964521100060523,-0.0032968817585330434,0.0028733354046908133,0.0002951373466970608,-0.00013693073762777175,-0.004544635603418001,-0.000840211783264877,0.0012075048409450062,0.03144627850751558,0.018217842396307304,0.003127577056553754,0.003696478128640379,-0.012308914509076452,-0.03661961715106621
2022-12-02,-0.0011544716460489823,-0.004720156828185829,-0.005819415289227692,-0.005961361876484883,0.002578508679562219,0.005684097588098069,-0.0013006983470100764,0.004544635603418001,-0.004775403431051206,0.010923977909775395,0.01249732736907383,-0.0034616677176240174,-0.00869633593097685,-0.0007938514964882515,-0.001062160532613099,-0.04010823934140495
2022-12-05,-0.018152803108832494,-0.025082192408140358,-0.01676196701945276,-0.030124578604709296,-0.009632671486021316,-0.016852016155467275,-0.029267919368158424,-0.012646094536283847,-0.005647207494508422,-0.020017506168845234,-0.014106016048727632,-0.017307805302720247,-0.03082528380496985,-0.00957469271342326,0.008114311623352854,0.08495437647046389
2022-12-06,-0.014519860673394724,-0.008886683115969074,-0.02164352314325857,-0.026714807370072258,-0.007613510692968006,-0.011897097151202907,-0.015713277814215054,-0.006185219437800704,0.0062103285438066536,-0.008931467071193744,0.012797626434695175,0.0027336344458790407,-0.037462038019638655,-0.003614056007194222,0.0007025884895952572,0.06619378039282742
2022-12-07,-0.0017024752167156265,-0.0040389378774290385,-0.005079449348222909,-0.0023466880752507357,0.008191342119606482,-0.0013081876379938961,-0.006038170792216135,0.004215378408875203,-0.004654459208225159,-0.0022144181723984246,0.023289488339042208,0.008998493556537923,-0.024520188294660628,0.005483484911896319,-0.003165192155909491,0.02274346524573856
2022-12-08,0.0078031772013016365,0.0008667688185122202,0.016225343078040133,-0.004474252598851258,0.008983149595304774,0.005923782930031152,0.0096147296920579,0.005375214152694596,0.006481800387464709,0.007362938916365636,-0.002744464114466716,0.0008413425277824516,-0.01487843902082897,0.0007994866053078198,-0.003175164238528705,-0.017345303844040316
2022-12-09,-0.0074983047310723805,-0.0026030342674250306,-0.006168151376411579,-0.024610158083840705,-0.012889271256788959,-0.00824291422320833,-0.004365492183373121,-0.007744156811333447,-0.0052101097834902355,-0.009953062169789195,-0.02635899432989497,0.0035378943750199454,0.0022300008026050477,0.0,0.002117947957359423,0.023937268728642547
2022-12-12,0.014314455119960101,0.013233645323939669,0.021612030591270148,0.0259073508897667,0.010597466427473279,0.017014062141645248,0.0025072239285481857,0.010486531250822217,0.022614081848068235,0.008607077991023893,0.003192786515128887,-0.00829484183350182,0.024518046656869963,0.0038571309366206563,0.0007049090431689997,0.09080036766832489
2022-12-13,0.007541297104224576,0.002569320789660434,0.0117417116333014,0.018796854228216198,0.0030788402507599955,0.0037638577365868287,0.0,-0.0014357904125779086,0.00303180205506548,0.013739651611267334,0.009609415541134148,0.016936889733695004,0.022262328800605857,0.010301073251358872,-0.008848027364253941,-0.10314079275274901
2022-12-14,-0.006413976474683558,-0.012622307571819924,-0.00845802410950558,-0.006148933354404917,0.0015714035458289644,-0.00187991826462941,-0.007468139103137261,-0.0006529132697572493,-0.0012390594456923587,-0.010805828591827993,0.004262101443945454,-0.0024359858905977916,0.02252009277948286,-0.005665416022512915,-0.004632066035040516,-0.0645680805452411
2022-12-15,-0.024765958207582095,-0.019825981577538343,-0.038121507702566504,-0.00606949656731004,-0.018514369711600587,-0.02446504058987653,-0.016570008146031157,-0.01713295459351638,-0.012198545536382888,-0.03099287125665473,0.0038938623456408195,-0.016494600382901403,-0.018126465367193312,-0.003779567363807246,0.009242853212869218,0.07690850562966522
2022-12-16,-0.011876362644265726,-0.007685406142367679,-0.013324908339109598,-0.01237008118437588,-0.014648920634100726,-0.0042721867933801505,-0.018863551516952626,-0.004930021271694507,-0.017161767990611754,-0.004290029802238138,-0.011233085454585456,0.008671019495159804,-0.01907726640664098,-0.005347827406490424,0.0017676861659463583,-0.009240949410513899
2022-12-19,-0.008515839079610288,-0.0026909957759397862,-0.013424097973792293,-0.00011986545347930644,-0.003741291866072416,-0.005278516813717715,-0.01618501965302066,-0.0006328496990315458,-0.003984808225136138,-0.013079872114555524,-0.016948133395485954,-0.002821808248999247,0.01786713420154218,-0.005106576984457156,0.0002494255099585452,-0.00888108674240673
2022-12-20,0.0013674337506506262,0.004182776681081801,0.00151386728464864,0.014978800201827625,-0.000223084950609298,0.001234806387685694,-0.011712141257884667,-0.0008080458472923269,0.0002872127929882673,0.006554790148076695,-0.017916621542118705,0.016458298941439686,0.002267769130336994,-0.0025636079152357993,-0.006791898894531023,-0.042831172717449295
2022-12-21,0.014841881995621087,0.015384865537043435,0.016423447876889874,0.018818818854707597,0.01307985073080875,0.018644569813254463,0.015813514105557758,0.009921150434337278,0.013830879004165464,0.008673485170054729,0.002510344138407561,-0.0016573862871149814,0.02740708264822267,0.008474253626123307,0.002507714718962273,-0.06789610072682883
2022-12-22,-0.014368965193666483,-0.008846717344063393,-0.025540718185545153,-0.023312499494084538,-0.001395977464239806,-0.01279984907752496,-0.026029555932403525,-0.00227055816251287,-0.006107756029222866,-0.009698723411305732,-0.00019304265854014346,-0.01215898016893302,-0.005303498360812675,-0.006180712467579674,0.0014300494846688494,0.09045170754006326
2022-12-23,0.005735728488201808,0.005612017040723671,0.0010439218768576453,0.031385605217321366,0.0005879549762113356,0.005912384980798713,0.006822075372312497,0.005200993924500352,0.010205839575219144,0.0069010336004975414,-0.014768475889939126,0.0029938350392546553,0.02364732560442029,0.002557742416936293,-0.0003572815030254972,-0.05136509384120247
2022-12-27,-0.003951057984992623,-0.00029476703090791645,-0.009515435503510972,0.01062550960167341,-0.0025747697164959504,0.003044493685362859,-0.01635789519888764,0.004777205250943162,0.006185683876723136,0.0008909478425414008,-0.0199713369807073,0.008394677302770326,0.0030248361094455944,-0.01040519389769301,-0.00035748760913945077,0.03669267552711197
2022-12-28,-0.012505954677624942,-0.0035417298232531813,-0.016255287725628342,-0.022643238056124115,-0.006503673678392552,-0.013157449201965932,-0.00843883726639394,-0.012521898631439932,-0.009576190296264109,-0.015386672876294138,-0.005909065957309778,-0.0045159890327513,-0.013757322820113771,-0.013538213626568485,0.003568903803064849,0.022380462884019625
2022-12-29,0.017840352453850628,0.013801455559858677,0.025851134180577162,0.010408411391582106,0.010840355649065714,0.012244976200219249,0.025414768447024727,0.004280334158734078,0.007190726188347707,0.01079552031506159,0.011287031360232902,0.005582639597805361,-0.0007293859492669696,0.012859094201094656,-0.006074744588576042,-0.03212753860066453
2022-12-30,-0.0026376450876099966,-0.0026281310830840177,-0.0013652912599875222,0.006307668825988877,-0.00360015265771807,-0.003963290425908816,-0.002706085522103052,-0.004950752339338393,-0.009599171345176849,-0.0070554386014656245,-0.011186677422923452,0.004667758029330393,0.022793858139453782,0.0008151938914950918,-0.0032310946095424065,0.010670457956980073
2023-01-03,-0.0042188161782723554,0.0035027989819389482,-0.00952772802396673,-0.03572835618560699,-0.0028752267064415804,0.0021360059939583564,-0.005979535807142611,-0.0037628510015395022,0.0,-0.0010305714132039512,0.018904372942559533,0.008335816871946733,-0.03586593091765433,0.0018997295557747762,0.010729779542977713,0.05520807483314227
2023-01-04,0.007690554171280617,0.015898223827599978,0.002592665180298326,-0.00011858718147328418,0.0026543486838530583,0.008800997401470667,0.014383227377340546,0.003896880727915608,0.00903701565519155,0.017247436072489908,0.013606838901758067,0.009367889939565721,-0.050639836302035945,0.011456344028121457,-0.0035638164535880534,-0.03963998796476398
2023-01-05,-0.011478916326812083,-0.00748394414238307,-0.019611619156315818,0.01808408850269716,-0.010287062474832354,-0.010835200873345663,-0.009333311138642664,-0.010109903537824927,-0.021885152430738852,-0.015959518898508662,0.004172013582776302,-0.012529630867487818,0.0074372161945426285,-0.002012149804287766,0.009239698288591391,0.020239002610362267
2023-01-06,0.022672960307521528,0.022004012848829024,0.028874332888663368,0.01879101389013149,0.009181820745614466,0.027019322796784095,0.023209970390769996,0.02634025180177435,0.019915294258729066,0.03378562303522559,0.0182294660563187,0.018534663811199614,0.0007715925314890626,0.014133596709131169,-0.013174566768438645,-0.061042116637385124
2023-01-09,-0.0005669644176879984,-0.00368103148715182,0.011557981801369799,-0.003546571917085295,-0.01687342310283757,-0.004469294728727924,0.006038870014005937,-0.009813156216743835,0.006737782676577986,0.0063258270115085224,0.005310158362850537,0.002242601067979244,0.01606637618791318,0.0035686324141135373,-0.006111793680427358,0.03898406323239989
2023-01-10,0.006988308968394641,0.005657728728380995,0.006162659895927902,0.00708109725803352,0.00836117852382312,0.0054597203908137715,0.012490423376268822,-0.0013334161852682769,0.00027978037838050085,0.00996488982259125,-0.016688453975216788,0.0036693044744913195,0.0003036010441626047,-0.001188501563614608,0.0007208740866615493,-0.06535812844402544
2023-01-11,0.012568845684730157,0.009265477757207208,0.01717986608777533,0.0030678884317727473,0.005633675191677234,0.009557216784950917,0.026623436567023262,0.0005335575109093327,0.008079060874990773,0.015547362919025698,0.016121140131184042,-0.0006870298860048862,0.03210430928036967,0.006582862208163398,0.0,0.02447927502705083
2023-01-12,0.003633809163817503,0.0019547335270724275,0.007405146544480878,0.0188812313448552,-0.003183870470122585,0.005866269850160144,0.0016626715625900346,-0.007900086963150699,-0.0068211946018390535,0.0037294814653967556,0.01949058239518653,0.011501603213231348,0.00819553165546516,0.005625914521719899,-0.0097773588610095,-0.11334766310842781
2023-01-13,0.003872167771050705,0.007503297429383604,0.00283966319052098,0.0014461403898944347,0.004439719246305707,-0.0011704100923939365,0.009349542606460481,0.004694127064779785,-0.0036379633972178915,0.006105265675689697,-0.009416832561435662,0.01193033370259311,0.020771010749681018,0.0,-0.00036391349892861413,-0.02582174332821774
2023-01-17,-0.0018336672082668315,-0.006666787071937907,0.004511109623382303,0.0021101637649092453,-0.004662175481327857,-0.008527460731139413,0.000715561927395747,0.0006687144357488961,-0.001403142049831274,-0.010075745151290949,-0.0064846130547264735,-0.006566591290623869,0.011496791702374054,-0.0033982155518179624,0.002908004628920491,0.05357951808573391
2023-01-18,-0.015913942382251633,-0.018850053893775254,-0.012976723456705308,-0.01847440649998422,-0.014192966816408692,-0.018979898922277805,-0.013104098585279722,-0.027655214572111397,-0.024299546813451922,-0.014205171039237907,0.023942541821723395,-0.0028758838411491183,-0.01923545020571016,0.00117808233055694,0.0,0.04938028474742273
2023-01-19,-0.007306353925055298,-0.011712579441594428,-0.011738703297267783,0.012354051723973303,0.002404362382483427,-0.02078035758329122,-0.01673575620905332,-0.009529791384788489,-0.01012022502123422,-0.007733441846781375,-0.006279475339222351,0.015743931377470766,0.015417781683693121,-0.00590224095402192,-0.0025440911299918767,0.008810644488463026
2023-01-20,0.01845755661894266,0.015680877222333134,0.026696997259954003,0.009885210092158037,0.00501595229228613,0.0138340248818416,0.023957030914343314,0.0077413099011627295,0.005940031760107267,0.019887140910226808,-0.016343993437488713,-0.0033409804213135885,0.013508109125766055,0.001970978874608953,-0.0014565291941819325,-0.03319601625992208
2023-01-23,0.011927163990112177,0.011531395056896265,0.022510201542686126,0.0013252343592369265,0.0034293750374034815,0.01085096768318472,0.015493294288010162,0.0031620100866627254,0.00028893319045009136,0.00325647096510151,-0.00471906944654954,0.0018946378029900401,-0.0006990989545982984,-0.00013092044205187392,0.0014565291941819325,-0.0020171925993497375
2023-01-24,-0.0010737375539884297,0.0005591171716221588,-0.00044693861762823417,-0.003870652744220049,-0.006645569073489455,0.006574044320371897,-0.001134208399149017,0.004109645986571486,0.005041188744338676,0.0006017100214261717,0.01427762493019813,0.0036119840879402787,-0.018064261575695184,0.0006564012210059644,-0.0010922179328107795,-0.031276514981303016
2023-01-25,0.00037467573625171724,0.007795328408827018,-0.0020871922195988546,0.00011098252748009685,0.00029967532974062294,-0.005575228746518057,0.00509356045430831,0.0024577965144851888,-0.013597570123529135,0.002043776261666519,0.002422113333482301,0.004593393795208733,0.004121385903526509,-0.00013177537908237724,-0.0032840702077030492,-0.006269656748658647
2023-01-26,0.010930282799491486,0.0052550074686057435,0.015844842492163558,0.031087272097989338,0.0018705912834269256,0.005475803638040233,0.0202580300088,-0.003552258113566964,0.0033441217785417088,0.004792082294224009,-0.004662984132330017,-0.009096515003608197,0.005938905488695134,0.0024908163380956694,0.0025552349598552127,-0.01851417000564126
2023-01-27,0.002295080818334405,0.0,0.004178489399940588,-0.020397827471225316,-0.006825994055633444,0.004161173091717707,0.022428087064093383,-0.00287768231928176,0.0,-0.003232008122438401,-0.00252698623858727,-0.00139396157562377,-0.02036672694574193,-0.0030154421800192566,0.001457139681730002,-0.01181535306515169
2023-01-30,-0.012626206150121888,-0.0049776796640781384,-0.019277572438596735,-0.0231754626719769,-0.009073020234578344,-0.009836547784952465,-0.017186541746379902,0.0012341425414277296,-0.004510173559324926,-0.0068582608649805366,-0.003661199897875278,-0.0025700149312912757,-0.02034956182172465,-0.0055301781336787315,0.0036337460390147847,0.07441665236620931
2023-01-31,0.01459627876417624,0.01349327047100024,0.013849573990528441,0.00882307311477959,0.012829364401280685,0.01683199804914981,0.02264859699769506,0.010771241172978563,0.00740881082886613,0.02173489739407941,0.00796280367468949,0.00362961650726934,0.017756269695963667,0.007759584124596763,-0.002178646802792894,-0.02745474491102806
2023-02-01,0.010571731670769857,0.0,0.023263556784943518,-0.019878133005605036,0.004713095591229788,0.007239514605314135,0.018786776153013385,0.007969446166615768,0.0017355499353266524,0.006593558190279403,0.011949449177698135,0.01251813452838757,-0.028682081449875163,0.010450482189725108,-0.009496012547566046,-0.08214967027130227
2023-02-02,0.014452198985075881,0.002731443404774936,0.02694048401608029,-0.02306335466695364,-0.0068148683749083006,0.007767735238082274,0.030163608425452182,-0.008647685808002237,0.0021649503968004247,-0.003173503652080356,0.0012929955733582688,-0.020970284008537732,-0.011797357966782052,0.005716090330015966,0.006583773629614154,0.047003115881272706
2023-02-03,-0.0106860932604107,-0.0019111715385853323,-0.008358544205055551,-0.0022078037767818692,-0.002934978715491532,-0.0052366399521357465,-0.0312860856809829,-0.003943092627762823,-0.021126824276315403,-0.018176883906804164,-0.015068353601420448,-0.025274496401227253,-0.033140364224248486,-0.010547825278180767,0.013038997698718191,-0.021587434326495902
2023-02-06,-0.0061301235538886445,-0.0002736067663167141,-0.012278485810739426,-0.004547336781759892,-0.005592623917894279,-0.0024338737779361352,-0.001454784068946502,0.0012252966410644106,0.008504216838235656,-0.011091389443419253,-0.007431575112636146,0.0020732591842405057,0.016936485837127258,-0.006435057174432934,0.005740894349723025,0.05827922140640185
2023-02-07,0.012993901903625371,0.01141659982184251,0.024685656755492502,0.03197136049052496,0.006421463991694409,0.0031140672713529938,0.0023134637530901614,-0.004227132612625084,-0.00043802513218649253,0.01336675884640881,-0.008057746930338894,0.0009200023760849163,0.03392193922901576,0.0035511579798495063,-0.0017905604130072916,-0.04043609185384511
2023-02-08,-0.010995027058666729,-0.005963797496412404,-0.012125392422128733,-0.008982156060015178,-0.0029411147347104816,-0.005651416731240033,-0.008552663457015441,-0.007681727628567003,-0.016940839595431356,-0.008046693749962586,0.00474753976659148,0.002468544755507729,0.013485958602497128,-0.004210264020473531,0.0010746895255380196,0.05067677829384998
2023-02-09,-0.008706998256583276,-0.011209910129728495,-0.00551526093341792,-0.008602209284530371,-0.008799444215822128,-0.009029993400481828,-0.0018659990962781592,-0.00441643036350392,-0.013762324360073741,-0.01457563834339215,-0.009518563704404848,-0.007943887464013422,-0.011127525428618945,-0.006481143547750534,-0.0014332023897294377,0.053557665664698106
2023-02-10,0.0023309471645429625,0.0032937067894800443,-0.004619772508956288,0.038418396303874225,0.009403485153763214,0.007073940869084083,-0.01180994027550053,0.009224463846142505,0.019687519550153798,0.0036637507394265967,-0.011252629936473468,0.0019053779351274613,0.02830589683014839,-0.007726012984831776,0.003221841258842062,-0.008729366723674747
2023-02-13,0.011670568613485699,0.011444597635620113,0.017162133321521722,-0.0025527613394156212,0.008268002378178707,0.00906394930150256,0.014541248335979695,0.011310279406128387,0.006036990984636059,0.005228051305898429,0.008379555057418386,-0.005089097798950171,-0.005309659303502912,0.002537169502178749,-0.002863328394650644,-0.009297866354522455
2023-02-14,-0.00046017953535937295,-0.005433544319034755,0.004262368983757092,0.0003334337787892494,-0.0059309285814093116,-0.002720366352884973,0.011903300243701231,-0.00912024583968929,-0.0042662256577949975,0.0023015538403550195,-0.0023047042451498356,0.0007534549847427741,-0.0014398630712602056,0.00026712575002196814,-0.0007171543059549812,-0.0728985235210744
2023-02-15,0.0032421832786289073,0.001089007378446638,0.004660719937130686,-0.017144325719327558,-0.004982336093035222,0.006207163464271304,0.011633188055031773,0.0019125243064257447,0.006465717263039128,0.00434645312915416,-0.00936891568631637,-0.010014646847400499,-0.005490620466743756,-0.0016013309660412034,0.006791898894531023,-0.03662231102109015
2023-02-16,-0.013864547021881002,-0.010118914184064742,-0.01750261012689336,-0.009881388986276551,-0.010039458270034274,-0.010399393051093497,-0.022074079857810958,-0.007259704731228389,-0.007645983301645121,-0.011388617180835503,-0.014269126826965461,-0.0008195726363133815,-0.008292761882037425,-0.00804666650005803,0.0014239403448592647,0.10112779216855383
2023-02-17,-0.0025014208221154632,0.00027477777686790716,-0.012579789761141491,-0.03626202097935316,0.008903480051046131,0.006524413831524356,0.00019937708818318356,0.012840043720584227,0.010717389546491152,-0.009426361597300481,0.007746202636425892,0.002982339072148399,-0.021112474930076175,0.003897496396219502,-0.000711716721687683,-0.007464558996273407
2023-02-21,-0.020264977958350805,-0.02082528946726958,-0.024031090141742872,-0.004983303425543983,-0.013040241719134649,-0.023172360347699872,-0.03397727357240665,-0.0038073667447315884,-0.018868583945413686,-0.01661961501027376,-0.019628596816166244,-0.0037440046605539123,-0.004935978968133803,-0.015543978479887421,0.00319893835963736,0.13309424797811653
2023-02-22,-0.0013788673786612193,-0.001123169950920655,-0.001466400434851245,-0.006683441894219655,-0.0033829366671751515,-0.0024864849698102987,0.005071597512661619,-0.0014999058947200439,-0.003876399279435283,0.007475734725854277,0.009122549991222861,-0.005642376897915469,-0.026899338810890683,0.006517111139286769,0.003188660197053661,-0.025687856259275943
2023-02-23,0.005305370016645661,0.0008423823796026575,0.01644493537917846,0.01497523823840119,0.0026919338156226047,0.0046693777193071995,-0.0008205073547165043,-0.0012291001374649113,-0.005242354128971893,0.001116530272604166,0.009724671179079714,-0.000530591852650808,0.022240050473573802,0.009830932020499894,0.00035361706448622243,-0.05297123690102268
2023-02-24,-0.010739922046123063,0.0008415601359987868,-0.01798699661314984,-0.0012985213448222233,-0.01298817438273403,-0.00576521667800467,-0.01586137871079707,-0.006716108361906059,0.00030038640840857056,0.006673228648557128,-0.013086219980207758,-0.0072206822499252254,0.010788256322086909,-0.006048727431768874,0.007398296239422564,0.024761867498774404
2023-02-27,0.003400074566195954,-0.00028017707736882613,0.005349827551667907,0.0029488232823648985,-0.003039257499810155,0.008833186350062583,0.012297255307642807,-0.0011008576701092565,-0.006778661303747935,0.0033201389908259493,0.0027690378095224233,0.0039126704061276385,-0.012748556370933528,0.0067187568661850605,-0.0052789062342673,-0.033790136283680994
2023-02-28,-0.0037027902519213285,0.0019615147820593037,-0.0021950272343405075,-0.01447241210987249,-0.007442633107503482,-0.002275059496356313,-0.000686966754790852,-0.008295347892303795,-0.01768880976334275,0.0045318279848443055,0.004533149947223869,0.004545621851780979,0.014386567493651192,-0.0018770269344159374,0.002818858399327162,-0.012004945657002608
2023-03-01,-0.003843483442812712,-0.003365280220291922,-0.007351713142377925,0.019523718519131705,-0.001652670601372641,0.003953642351787856,-0.012653455809632064,-0.007385259170925806,-0.016598592472798046,0.007790694699103096,-0.010801085465840465,0.0057555556009338815,0.01271455061661353,-0.0028382802750304137,-0.005291865468968648,-0.005814010429586514
2023-03-02,0.0077472682614567745,-0.004786570566342352,0.012247534446338193,0.008749936904293154,0.006124906950494946,0.0116706674532141,-0.003345817900625825,0.01361324125687613,0.018750022740591454,0.011333592142151794,-0.008906985220408004,-0.0005857351538960387,0.003373228281813745,0.0012172668753365201,0.005291865468968648,-0.04930048695319478
2023-03-03,0.015910666450404953,0.01568212879723596,0.02127509928732252,0.013498966344462904,0.011132303853871761,0.010764763980283476,0.02127594661946297,0.0008273207122657666,0.016896639182160555,0.014165947535006218,0.023937119527556838,0.010666001055863461,0.022583436857058103,0.010223518329384618,-0.0038779919252607264,-0.05778920672516907
2023-03-06,0.0006923437722594628,0.000833145674231428,0.004769656352788587,0.0004582770335397335,-0.00046459548762811664,-0.0018343061231886892,-0.007340084642703637,0.0026158415540384894,0.0048185385412122805,-0.016326243740186985,-0.007783573092039475,-0.005056593695139888,0.0089775773648757,0.0,-0.001413873543707922,0.006469070430775492
2023-03-07,-0.015447333533534113,-0.026158277971532584,-0.012506137033493125,-0.01756458208768308,-0.01624133669715988,-0.012935934505680535,-0.01372642007393221,-0.009948988019703897,-0.0165090954225926,-0.019901307977152616,0.006113764582687864,-0.017635068390636555,-0.038171461688468966,-0.0071183698542034435,0.012304557588928677,0.05132013629439358
2023-03-08,0.0016306520979574302,-0.003711395168298992,0.008235720485024522,-0.010311779470409732,-0.005367444490724793,0.0023467000087533663,-0.0018165488775361283,0.0016650923596284173,0.007606836955570628,0.004890613932472476,0.0009826940140387208,-0.00047456302828230434,-0.011115342554609775,-0.004729108132788262,-0.00034949208273316046,-0.024807449554481664
2023-03-09,-0.018622116579425807,-0.04146594577508633,-0.014439402694278236,-0.014235265093813343,-0.010182404056836347,-0.014857471968823255,-0.024134875679324708,-0.009332041591015638,-0.008065325668266787,-0.026071927949841367,0.0024521333274982737,0.009801127700098,-0.012899543410116898,-0.005567695495792613,-0.0028001119854876855,0.16818052309360132
2023-03-10,-0.0145346519919487,-0.018354614197909402,-0.017739613294533996,-0.012866071280273506,-0.0073829997694083715,-0.018811814953592965,-0.010007880622848297,-0.004909998401447346,-0.01586229632867875,-0.021511553092438795,0.03390486361736578,0.02133366724772401,0.013495504634011724,0.00013614996490929343,-0.006329202649623777,0.0924513091226089
2023-03-13,-0.0014260763297242462,-0.04027804135418522,0.005435459933836206,-0.020541157416731792,0.009300082624131178,-0.005672442922453058,0.0020963525204278355,0.005049940486280491,0.015251169367474393,-0.010285471099293453,0.0022701824882869204,0.022688861946559058,-0.02855393625835667,-0.005461843904309482,-0.009213349427775075,0.06705556017148684
2023-03-14,0.016394837297827536,0.02003196562108034,0.022813043686578105,0.00983416251383673,0.00889832399664403,0.010509149879530888,0.016826390787773704,0.009053786397485553,0.01306184446937042,0.01271276729211479,-0.0165780317055928,-0.005807897981361165,-0.03620304381451245,0.007230297938275676,0.0,-0.11115913142156764
2023-03-15,-0.00627395013200438,-0.027011491436145896,0.0005727715703844893,-0.05519593151687907,-0.0008705542071085759,-0.024936515462608888,-0.0014922411658826462,0.006495355600117492,0.013489535007658038,-0.032947104472617283,0.019126243154842903,0.007773838437142189,-0.04734515474921697,-0.003267377339239985,0.010623390668543564,0.0967266336895749
2023-03-16,0.0173930587484179,0.018921868202670833,0.02766592242961252,0.010799809935505778,0.009297981174175796,0.012800599921882316,0.017900455455579944,0.0006886293158050449,0.006677075004847488,0.011408055303367082,-0.007853619740343376,0.0020180543660703876,0.0004996881818488674,0.006524679664027921,-0.0010572671593607197,-0.12840735602736508
2023-03-17,-0.011761660118842165,-0.03270640496233801,-0.0013931554289703385,-0.01585383657690498,-0.012946170967774506,-0.016517562299158683,-0.012864492716131437,-0.007322781781938126,-0.009658943579465618,-0.015637019977844613,0.014897394693992538,0.028704276731303935,-0.023419474872842905,-0.005979385407888671,-0.00565774072195957,0.10401121230658239
2023-03-20,0.009569752277366561,0.01106526969249133,0.002693206370163459,0.019821815224536632,0.012594718768760949,0.013156621245403954,0.004319569123865996,0.013769500308015381,0.007791475381933033,0.02036770357158213,-0.008836210290504631,0.00038079522406508914,0.019080377257115977,-0.0027295130489974895,-0.005689932973811818,-0.054786176823226285
2023-03-21,0.013045124197963887,0.025028798955534892,0.008048874768683767,0.0340345753828637,0.006046630587420054,0.011517147113551118,0.027253709034666507,-0.0008253419043997567,-0.020355064184222726,0.012047747787069074,-0.008629346767492052,-0.019055524569337123,0.023798819808534155,0.01087407268952223,-0.00035664427919979147,-0.12182849795903428
2023-03-22,-0.017193548645169976,-0.0234261960658535,-0.010001980844625002,-0.021500749786798945,-0.015225260373362026,-0.019338765285170645,-0.02253048880588704,-0.009258473712910664,-0.019845277429408448,-0.01792960343032135,0.013245314320482038,0.016877382247648676,0.006186946919446434,0.0009458346695057074,-0.00752024550539554,0.04033548978590229
2023-03-23,0.002699682053187935,-0.006749231652769527,0.016134432117543618,-0.013950573673799926,-0.001909816577062351,-0.0028970401588930272,-0.0010554119778838356,-0.003895019830522095,-0.010307771207128003,-0.001180747299878604,0.0,0.012460224063675973,-0.010114261104450684,-0.0039242144582578575,0.0014368059081260043,0.015600957155037953
2023-03-24,0.006540797203053117,-0.0006451382963104102,0.0026069549108482803,0.0038590121139607803,0.013763034866955515,0.004136111321376035,-0.003243648494817286,0.016860751552361997,0.030762101120580976,0.008104677342936295,0.004220242737514646,-0.011316136891164952,-0.0004920474688274723,-0.0020365424688479905,0.006083439597269535,-0.03923844211971961
2023-03-27,0.0018680936194774844,0.013780180054955515,-0.007772095142323465,0.021088474289647774,0.0040765120544516975,0.00832356607464746,0.002045769214636728,0.005330275522800854,0.001217121234399876,0.007393487110920027,-0.023771296432407496,-0.009299831745516407,0.05100621848785636,-0.0024483268029449334,-0.0032160847177968854,-0.05386277685143703
2023-03-28,-0.0022474520117548025,-0.00031827589762345454,-0.004706137404360433,0.015343538411890734,-0.00604235952714216,0.005103404761333863,-0.0011987630573573327,0.0017705012178961255,0.0027330228051671845,0.0047701784189544405,0.0018194654648162611,0.008155744573005386,0.006216049722321593,-0.0005451125327535777,-0.003585539170436025,-0.031059981269610848
2023-03-29,0.014430430636886982,0.014538738697214004,0.020734096653193923,0.013769529445026851,0.0027509791987467835,0.01445429527043629,0.018805890493088562,0.0055636431096885985,0.014451736788502423,0.013795195271305793,-0.002010696084670194,-0.0049731154716585735,-0.006216049722321593,0.01245983293168429,0.00251123452105384,-0.04349616152765767
2023-03-30,0.005838260504995141,-0.002198981010149925,0.01155212485965773,0.004385918971211211,0.005401314336050511,0.0021051489856951378,0.008688657907562458,0.0028376348280225727,0.004324684421365355,0.006826882524941791,0.0045903909298674606,0.008998964139578014,0.018074148582498673,0.005904202835977479,-0.004668729428343621,-0.005243870331479883
2023-03-31,0.013996075756234738,0.010946304146846053,0.014205381833408914,0.006905609851788341,0.010638916967728562,0.013132026108440442,0.02635726180762621,0.00806331125555726,0.0072653192085327944,0.016122207432544222,0.01486968513507847,-0.005225877277023727,0.017001058060870378,0.010779272446029609,0.003593190743608421,-0.01696751652529338
2023-04-03,0.0038033188592958567,0.0018644460205132773,-0.0015904813883498292,0.04427835308838901,0.011138218284344248,0.0017773288062938875,-0.00920372521328705,0.005206567693170072,-0.006819154768939573,0.006302759703303629,0.004692178366154209,0.00717858251921033,0.056045595941051296,-0.0007713504016830797,-0.004673765287810827,-0.008053816734809427
2023-04-04,-0.0055635576024100075,-0.009357376224157665,-0.005520375545466472,-0.01829993168552191,0.00015253525592218153,-0.022650077867697682,-0.0016208800281560798,-0.001999404789199133,0.00504476364230344,-0.014518868282103359,0.004959359254407936,0.018469345695108608,0.0,-0.002931698126674931,-0.003971729836045768,0.023969231241808497
2023-04-05,-0.002621648619348882,-0.00125439293305174,-0.011469882677284104,0.014944694233147704,0.017113913012302362,-0.013103822528385045,-0.020695372382655286,0.0046593696860703915,0.025569144292434842,-0.002252587073921397,0.010400509978455652,-0.0007982432900845993,-0.00042699851861804916,-0.0056207507944900925,0.0028901446224791627,0.004201682855065947
2023-04-06,0.003893186757591316,0.003758154140889758,0.005650948945342016,-0.01529778482618438,0.0024745316733687517,-0.0003067240060117271,0.00020683092445761275,0.0007964126112494085,0.007043967366445969,-0.002383118190577793,0.002583293223663574,-0.007159660374900234,0.0002847583287701738,0.004419075610521794,0.0007212131276657097,-0.036290018138616986
2023-04-10,0.0010258325614751485,0.0021857465999621795,-0.0005367770076878386,0.007970128917582198,-0.0006743859791633611,0.009061737797356528,0.004406250990514948,0.0,-0.0020074006457933002,0.004760672138542255,-0.016255838173846904,-0.007427401530065936,-0.007141867019033299,-0.0009357454780767327,0.0057512916796667035,0.030508103867643577
2023-04-11,0.00026861302745384563,0.008695833106928674,-0.009441333802311824,0.009411545319608194,0.003366909747372304,0.005962308217952739,0.0015789003473711816,0.002915095870430484,0.0008610580689545344,0.007719115567996759,0.0020580734613151463,0.006300665292291008,0.018604492321493638,0.002137420662045031,-0.0035906101650255984,0.006829607274288385
2023-04-12,-0.0040841645597060605,-0.0021669261059678036,-0.0057076727395681814,0.0006935027011594208,0.00029882254095081606,0.0033194525117741236,-0.01562240880882726,-0.004509109828299884,-0.0010045290997866552,0.0007437126120239945,-0.001028588786745388,0.004873245294512607,0.018955279875837228,-0.00026723628715963343,-0.00541036362930436,-0.000523709294085517
2023-04-13,0.013195256128831545,0.008946679828637283,0.018432135130213467,0.006221338688381373,0.012909333704053338,0.003708737122032346,0.021844210686651877,0.005566810963271607,0.00014347103083212076,0.01023396865136661,-0.00788967185633549,0.013425150587981882,-0.008736063862856192,0.006785300946910766,-0.004712654780707037,-0.069966231294464
2023-04-14,-0.0024457802716488786,0.009780046768141482,-0.005568044251316628,0.0018360337545395566,-0.008067542356466895,-0.0012013618692696681,0.0012943814050192515,-0.006364383706752186,-0.011258758322960638,-0.007263733771308178,-0.009188791855890166,-0.01786901721989853,0.004030769059586881,-0.001857955470510042,0.0057970559571352,-0.041875895507824445
2023-04-17,0.0035818284069621953,0.011490735413957509,0.003626266054102878,-0.011878290852732398,-0.0008176905710755022,0.00788254257198684,0.007054884241655124,0.006364383706752186,0.005500884545942775,0.005790716907754678,-0.011966705427807867,-0.004463702764477162,-0.017491526398226043,-0.00266054111165559,0.0050451008584655455,-0.007054640090811581
2023-04-18,0.0006519797790893733,0.003002177381381088,0.00307844081571762,0.003936749170331932,-0.006865350361080935,0.004758843535535462,0.001620981896405027,0.0030352642721966916,-0.005210695454655578,0.004167958383292536,0.0035571845421067394,0.0038732698004286803,-0.001553902709989785,0.0006657376772576384,-0.0036010330478961627,-0.007104875168132185
2023-04-19,-0.00016888577496843027,0.0023950049952450314,-0.002877529228370257,-0.0034728143451965288,0.003065473287627185,-0.0007917411151199261,-0.0009456238470795242,-0.0006589421135796414,0.0076618196247366654,-0.002817593478420921,-0.0009603192487919188,-0.004789973842758144,-0.020424908276373444,-0.004000843440858937,0.002162159757769011,-0.022229864041926728
2023-04-20,-0.005472182082514543,-0.0029947439617243887,-0.006588990088203239,-0.008851481547692774,-0.004114812163476422,-0.0017833162004823322,-0.015520922048096963,0.0023705789814592038,-0.0002882770020073977,-0.0011051436258582292,0.008513175098708636,0.003930524556986725,-0.024836989756020778,-0.000936179839602147,0.0,0.042230539725252036
2023-04-21,0.0007766560361064379,-0.003605644061973834,-0.0032432900625476435,-0.005866711805980973,0.006724328053459239,-0.002283310783544046,0.01098476961519168,0.0072090710325323215,0.0028769214956971823,-0.008881972794633874,-0.005635229946549636,-0.009936876904451886,0.008983207767696122,0.003072135523985331,-0.0010805745442024062,-0.02357207622113
2023-04-24,0.0010426175855053899,-0.0024111268583917322,-0.0044089133291436156,0.015182011245203242,0.005568764383808045,0.002382449757670102,-0.00013535136965003858,0.004040152733963964,0.0050147974349190605,0.006792273989911113,0.009627507789023326,0.0030347260178613666,0.01513197682300671,0.0027961519667503154,-0.0032484300378454734,0.007130091551149409
2023-04-25,-0.016001093241706954,-0.01734947505163653,-0.021575492496399562,-0.018954554204524854,-0.010719918796809225,-0.018615333625231045,-0.020015745545402197,-0.0013016570811528183,-0.0010007810730106037,-0.021899807379659908,0.014597522401833096,0.0050734265105614185,-0.02381930716981362,-0.0015970018875322012,0.004689015694895549,0.10500526109575459
2023-04-26,-0.004244761934026009,-0.009563483341655576,0.014754732619240762,-0.013437413199405057,-0.014322463724328216,-0.019071631154377933,-0.005137087083659786,-0.007845177871772968,-0.023741804687054113,-0.011895922223814637,-0.010715474992699647,-0.005452222698837161,-0.03399337800758229,-0.003869870089072691,-0.003243904522089114,0.004255321468759288
2023-04-27,0.019712424264024087,0.015990361593813063,0.02099495246986738,0.0035850800929697613,0.005224964482133387,0.019576648992192247,0.026034573363024727,0.011095878702183981,0.011941298929556421,0.01353008975920389,-0.009972090694001956,5.4098929280321784e-05,0.006861305480175162,0.00333737937122347,0.0003608923650983975,-0.1010057422530064
2023-04-28,0.008499101204787252,0.011827253942517935,0.010798812014617631,0.015388486448299155,0.00849849827488125,0.009646298362559591,0.002573387321826992,0.0053085300494890575,-0.0014485789851694797,0.011612974980329316,0.016001805290991378,0.00027061589311294654,0.025355832508257237,0.004254950623132636,0.001442426499940641,-0.07623323649860536
2023-05-01,-0.0010102371780638109,-0.002716794734455963,0.0005962700221218142,-0.011340966837352084,0.005154112906973651,0.005385334206266634,-0.009923224272886166,0.0007748433793990372,0.0017379700632296213,-0.0004969112585171409,-0.029258345698546684,-0.004501468248395035,-0.014174007180748127,-0.004594723205411988,0.00503240672957439,0.018832960510421604
2023-05-02,-0.011302916036002308,-0.022933410361191786,-0.009386588341145696,-0.044457001681859065,-0.004330428351773108,-0.010498475126685669,0.0010241032023774466,-0.0027134501231227404,-0.012230690007616563,-0.009735326672169364,0.024614662702555634,0.0191128216996459,-0.05402554038735374,-0.0009378218325597487,-0.0025129588952448323,0.10049800969856815
2023-05-03,-0.006887564705114535,-0.011510466134089015,-0.008463254028951539,-0.01906035634317016,-0.0013481350731625596,-0.0038267866263925754,-0.007946856682405468,-0.008184591454978296,-0.0027874190567103163,-0.011098823944228009,0.00556645234444364,0.008443330394000803,-0.04443010007695136,-0.0005361699610801907,-0.005406384434219813,0.031010206443529142
2023-05-04,-0.007108366253900655,-0.012911545498724308,-0.004800901990655859,-0.011203085819126102,-0.007974047756919234,-0.010956589470326072,-0.007733324763936622,-0.0024814583912160515,0.00761023241058334,-0.006489015280911836,-0.00992792747310034,0.007008337579460289,0.006445760401040168,-0.002954208247265555,0.0010836177348512166,0.09113771127378989
2023-05-05,0.018343413880002934,0.024422011632813323,0.024768926192885843,0.026779406433735886,0.008947782634709966,0.01498449504864574,0.020037722952146453,0.009241810932572037,0.0063944278984333636,0.016709566550947574,-0.0033315270207436853,-0.01577167201286489,0.03766707352352938,0.00536440471635391,-0.0014451111728064348,-0.15589433595937763
2023-05-08,0.00026649323833893845,0.001545518539162849,-0.0005290733886509358,0.0,-0.002173262397809239,-0.003624166353838554,0.003391196137544128,-0.002984672747509798,-0.003046829100182613,-0.003269364104016681,-0.01411331564539342,0.0012261535425386327,0.01932660277326015,-0.0028124818255088613,0.0014451111728064348,-0.01229169653847162
2023-05-09,-0.0043949880814624365,-0.0037129289798460974,-0.007703551339720782,0.00037367462223825143,-0.0066990167293132785,0.00221628840846666,-0.0002710893612549725,-0.003123675128231085,-0.0013083773864930315,-0.009109482638641087,-0.0035843838007521,0.007061173494321338,0.009447922633490258,-0.0025519228908450486,0.003243904522089114,0.04209324617502874
2023-05-10,0.004661564345360247,-0.00559533927747502,0.0121261898854641,-0.011402651225941085,0.0027905397172292012,-0.0036294431700616414,0.005066803774919748,-0.0015657218821054641,0.009124230194694327,0.0006354645998580821,0.009657174943767721,-0.00142946404099753,-0.007426977493639519,0.0060330517571909326,-0.0018009577429509704,-0.044451679348906925
2023-05-11,-0.0017453964639289055,-0.0015598576396937958,-0.004488779507013874,-0.012044468610233228,-0.003092648815227861,-0.006078309688072103,0.004638843274594073,0.0029987894305403273,-0.010288902754415297,-0.009828485021952105,0.010516281509262981,-0.008619799546280227,-0.017863204463481885,-0.001604851716285438,0.006467932043876967,-0.0005905065795475117
2023-05-12,-0.0013112039628584427,-0.004066902728977695,-0.0013241520248739036,0.0015294593941348467,-0.00136077389431577,0.0007108100084201041,-0.008487224121558334,0.0038975472664111166,0.005519879046396614,0.0017940271509311323,-0.00840415922180604,-0.0017115440993107356,-0.01883235209870726,-0.0036219837957300882,0.0064262885497998745,0.00588932082357152
2023-05-15,0.0034442069108129303,0.008117395198456556,0.008246816599294604,0.005081261812387883,-0.0017414080306012991,0.004862247915077056,0.001284475161618559,-0.0024667471770110083,-0.012683358091213126,0.008415047907745166,-0.010411603074562237,0.002138972799392569,0.014713234771474681,-0.0002683985737998995,-0.0028510832287680365,0.005270884739881687
2023-05-16,-0.0067052290684515015,-0.009372118653291128,0.0010506423219345251,-0.0248890449302146,-0.008370834126730564,-0.013633253673768664,-0.004061681454206045,-0.00848496204274074,-0.022402734023185378,-0.016643226547822465,-0.0030087263379590112,-0.012578168330723116,-0.007169643611633525,-0.007014168143397725,0.002495122526505522,0.04956861550547842
2023-05-17,0.012065927310866087,0.019888698942210237,0.013235722647424453,0.019043183841819467,0.0012220030328151665,0.01706334618744698,0.020611016737706045,-0.0005245761413448236,-0.0036074605117244474,0.006562492362681915,-0.0029201977063726403,-0.003467895133702825,0.032408020499375745,0.0027039407170219576,0.0017783819091299335,-0.06427908893475065
2023-05-18,0.009587091409884785,0.007357589319315405,0.020261110458815068,0.007238749793415877,-0.002445377915188729,0.0072244357336739284,0.015429359919831853,-0.0048651170712190606,-0.003016253716957795,0.005882217166834458,-0.007436647705179489,-0.013057794413406931,-0.008706484743445486,0.0005395394699077016,0.007434967518645141,-0.04982814426410975
2023-05-19,-0.001456213874997836,-0.004285253190839278,-0.00044449072606234097,0.007688693052105844,0.004656417247670852,-0.002402324025268854,-0.008410473832889842,0.0006587915072060468,-0.001511227116538727,0.0025468002933917155,-0.0070960718476582585,0.009850156652287723,-0.002188517162036163,0.001078826453233539,-0.002825750871084054,0.04626511360943519
2023-05-22,0.00040610426593978843,0.0018387949053564334,0.0019032177040596565,-0.004152169811903139,0.0009894250191679888,-0.00020041432923711966,-0.0031061649547501347,-0.01526332849309231,0.00030226272423483636,-0.005228017664100637,-0.0035674830303111804,-0.0023442435084914948,0.0001564560119895475,0.0044372955979046225,0.0007071091281454223,0.023516641375751046
2023-05-23,-0.011286295169559146,-0.011703382827508602,-0.014877542674851973,0.010660508878721942,-0.011016092518921106,-0.012101803213473872,-0.00917614885001683,-0.007383152157371953,-0.003483944364610636,-0.015589648155974078,0.002874617798585888,0.0012000108481293736,0.014909468290103867,-0.005246089117085795,0.0028239108903398424,0.07390052032710903
2023-05-24,-0.007271293185842076,-0.013096447148534196,-0.007360671847115086,0.004356838912028316,-0.0068695916541337,-0.01296937134722942,-0.003680741238233587,-0.006488152523004942,-0.006546354063849957,-0.011493201027099165,-0.004961145876303696,-0.008101176111367181,0.012104658282519054,-0.007038727141140733,0.0035185957735088813,0.07784010660542995
2023-05-25,0.008622818007863131,-0.00031381662443763503,0.037646773671542455,-0.017921419562791918,-0.010276621330536528,0.0032837115937649486,-0.004502316535159423,-0.007623235593857913,-0.013532653393097505,-0.0035527907532615366,-0.002489920101539589,-0.009664579046816613,-0.024201679471241633,-0.0006795211656625,0.004555912127244266,-0.045450829822569094
2023-05-26,0.012867367342404457,0.008130023425239497,0.02800098535907658,-0.003927856174618327,-0.002036626203244296,0.00745081154320637,0.02323308531292856,0.003410455509813559,0.0,0.004996672221640797,0.008044807900564166,0.003987606249999942,0.011017362077227588,0.006098385405851836,-0.0003497365162177246,-0.06419019669813375
2023-05-30,0.00038076409921927734,-0.0003115607035586443,0.005326348739437492,-0.01033653933182821,-0.006213823378780958,-0.0015262918733389697,0.0066894459117676774,-0.011505575540635249,-0.0038780632459491926,-0.005392242736599773,0.009941733398874497,0.006171471778321447,-0.03934423690606792,0.004313528192059657,-0.0010499440418803019,-0.027677659462124193
2023-05-31,-0.005560467907518962,-0.010648201628316478,-0.00836532075966634,-0.017729092568967708,0.008563510663605278,-0.01374098255944034,-0.009061376484025274,0.0011014738216692521,0.009128222486940007,-0.010739118224401434,0.008678977998584081,0.0015370188425896103,-0.02717157584660601,-0.0030987110017646202,0.0017492181450551314,0.02712038842399389
2023-06-01,0.009456188430955415,0.010648201628316478,0.010114121321630698,0.012327251089752522,0.006549678092730105,0.01272194146512362,0.011737401813457282,-0.0008256758918498974,-0.007419903987100351,0.013241510215636687,0.003915694544196491,0.007867103377943607,0.031176387015064755,0.005988551448473878,-0.011955065506195517,-0.13656199378864775
2023-06-02,0.014357499426303377,0.021572520171813103,0.005708480612263145,0.029982154990400467,0.01274231223995237,0.028641090951613712,0.02319696507720792,0.013678064566037484,0.0103420547281603,0.032993735281511505,-0.011018913486262605,-0.014857275420165017,0.02525789013210744,0.005107925467901175,0.010556027973381177,-0.06944933776874596
2023-06-05,-0.0019179736781014256,-0.005196311099913142,-0.005768444742829004,-0.006655545147394193,0.0035997558905762617,-0.006959176494195418,0.0029890166308588206,-0.0036747387295168465,0.004749050837470126,-0.0007639939591279621,-0.001864455109725327,0.006002365721135661,-0.001872410381593248,-0.0008045232832234461,-0.001751669225682484,0.00886464455522118
2023-06-06,0.002174946080315543,0.012486849805871891,-0.00024130268220190487,0.008031361238434176,-0.008368952545594333,0.006265220073519373,0.010361132488640123,-0.00505775217081883,-0.0007644645654099058,0.006348269786992766,0.005876914656781196,0.001097437284125924,-0.0037552518600891815,0.0016089519306792255,0.003150706758496824,-0.05369009933075741
2023-06-07,-0.0034635678949550552,0.003926733662297011,-0.01506151483303153,0.02615129917593162,-0.0039397947939363576,0.015932580041132738,-0.006810971012077616,-0.0032945592155231296,0.016835207067609215,0.01182696809725714,-0.014955207902239032,-0.012083252758881002,0.014319282314944282,-0.00550849263645059,0.00034949208273316046,-0.0014337248360685173
2023-06-08,0.006030333341297656,-0.0009046571430388894,0.010772757902752339,-0.004270511507626029,0.006404065758454536,0.0017547095792203038,0.014698571030545615,0.006851307117583971,0.00435200631513899,-0.003633634251484441,0.011629144089725152,0.013124733073093253,-0.01950596319280784,0.006311661745120212,-0.008068765477076134,-0.021022881546280736
2023-06-09,0.0017925797525686349,0.0003015423200212197,0.00495161205558059,-0.0055175922726564686,0.0030718081003708875,-0.0026331031880983957,0.005162459206376369,-0.0016399602953391934,-0.005857181362020736,-0.00831998528770761,-0.0013725825476988973,-0.002688130119842036,-0.008386769339917777,0.0002679474226221501,0.003165034088822072,0.01310064647564424
2023-06-12,0.009030969980443615,-0.0003015423200212197,0.02151261584806985,-0.009636794986447761,0.0035971859516461535,0.007103749684834959,0.017037427058521182,-0.00027368342479405783,-0.0018092310972006587,0.004546715649430766,0.002938932746990197,-0.0008792504640151577,-0.04368639103365801,-0.0010711165312917714,0.00035108710323417114,0.08187652073388119
2023-06-13,0.006571467028742006,0.006016770920365566,0.006054102435660624,0.004706265367632412,0.00502953334893963,0.011568625006754374,0.010314342871638793,0.004096157917613752,-0.00015070540541772814,0.022920795786371517,-0.009929591074980593,-0.0073948331208413265,0.031053282788067627,0.0012048795117616251,-0.0031639985450047092,-0.027010458630547518
2023-06-14,0.001189935147338339,-0.0039070952638802225,0.01026061485856733,-0.010308558145692537,-0.01031499643407141,-0.0026875407629471937,-0.0007244125392382728,0.00611266573232605,-0.0006038750152734806,-0.004195934836316972,0.00797146084378042,0.000553774340214197,-0.0050011809578824895,0.0004011203735272417,-0.0049417345184319394,-0.05125723893976497
2023-06-15,0.012321431022431106,0.01316233291014468,0.012794353455859664,0.010926375470079464,0.015395276784095024,0.014976289130680165,0.006502402662458273,0.009972097529260537,0.010814220778817774,0.008496944187156519,0.00955974881965016,0.007005982383035736,0.025232862120753374,0.004804288667068057,-0.005677818094900644,0.04369968610284758
2023-06-16,-0.0034117798716231107,-0.002082240092242671,-0.008280214659023954,-0.0014829632386939018,-7.567294546539927e-05,-0.0016109195552687083,-0.0015013551948337422,0.0012057375526879355,0.005363443903209308,0.0024495814609686306,-0.0038911186511612073,-0.0015404017609146337,0.01471533502438227,-0.002532494542285768,0.0017777495499657903,-0.06850038475975362
2023-06-20,-0.005201870390422414,-0.007506636042701409,-0.006781184854927957,-0.02263625448744211,-0.0011245579784651127,-0.007454261524991956,0.007464053584068431,-0.007635582997525425,-0.011797196150376443,-0.013626420424392105,0.006896362186862959,-0.010404681043488573,-0.00670463751797179,-0.002672914498309531,0.002837857515128217,0.02480069865690604
2023-06-21,-0.00513686344257458,-0.0012062697081915985,-0.014907325772367308,0.007881042669986904,0.00015199835783175075,0.005548138919234447,-0.012088117768858986,0.0035270584937636684,0.00800032626457936,0.003234689114685274,0.002417278563473957,-0.001447469926816325,0.01737020650394694,-0.002545666993302831,-0.004615607065094007,-0.050232148180966885
2023-06-22,0.0036032103399321613,-0.007876360940137328,0.008127038029875244,-0.01351210450405782,0.006818728407026242,-0.007276155139837925,0.01268558485889848,0.005806422316361193,-0.00769735411434791,-0.0023627969493800194,-0.012143727359494427,-0.009966480697038982,-0.03951596644077693,-0.0029556814193911762,0.00355242208496076,-0.022214622103519766
2023-06-23,-0.007588865932190991,-0.004267048147730712,-0.010910041196952491,-0.007212657485609952,-0.00332779049651144,-0.007620003044676693,-0.011657362749890154,-0.006619005171122794,-0.014806086679271413,-0.008125579491384816,0.009920247587674957,0.002753451933942941,-0.0016008053669418487,-0.0017510974112271427,0.0053049666405518,0.04023311083432768
2023-06-26,-0.004094038113890086,-0.0021404020508106747,-0.007200427889758387,0.017808441146866194,-0.005697912062712973,0.008292321723025076,-0.012896366989446406,0.0013543116147660683,0.009793331252245796,0.010364189497391152,0.0010636303593898333,0.0017380933759119088,0.004954087303078225,0.0005390736757089343,-0.001058759791219721,0.05852160284113728
2023-06-27,0.010903574567531216,0.007926850957959086,0.019516737135125695,0.0022830657613832628,-0.002288372318026255,0.011931578388138853,0.02126267213009303,0.002973380115872004,0.00030478354994611934,0.014061968507820488,-0.0026132249482779812,-0.004604118590478379,-0.023059964315116588,0.0033624426870391133,-0.0024747558316531304,-0.036445636578522844
2023-06-28,0.0005044011410841875,-0.002432406276073884,0.0005856048013068715,0.010084272452853593,-0.003212605857651596,0.0,0.003947822033026682,-0.0067706466517512,-0.014876479963046751,-0.0068830030734639,0.004255829675276601,-0.0023100760234937567,0.01970668237898021,0.005756464254234039,0.004591155627277743,-0.02282023687755208
2023-06-29,0.003933603849903378,0.017202856389401333,0.001754577724985218,0.011473177807442614,0.006490829561918154,0.009631975933166892,0.0010741912771310425,-0.000951545782249319,0.0,0.012501755193542241,-0.01821375222188859,-0.0010723394318450374,0.007013076692583553,-0.0026731399360713226,0.004219409360496584,0.00815723140819058
2023-06-30,0.0117316117406574,0.008639984455968364,0.015768510840346472,0.006426826187446277,0.010223138012694477,0.008515430832222393,0.012622741573685481,0.008666310351831186,0.011063341869400833,0.009335177375749737,0.011726028186791027,0.006641221688667542,0.009327396062386306,0.0048072508062109165,-0.004219409360496584,0.0036859747242310448
2023-07-03,0.0011498523706769959,0.005620471174392794,-0.002130368901815949,0.002338133359158334,-0.00824612604278574,0.00018614953962803327,0.012000115810802292,0.007789586334266296,0.007459830697764236,0.003733631267549331,-0.005684911642664048,0.001121247777740031,-0.0025208749625615923,-0.0015683281685783257,0.0010565225837511072,-0.001472788033232586
2023-07-05,-0.0014882749950047014,-0.002066671752848581,-0.006186816542841811,-0.0055464872553838696,-0.0005317520495387029,-0.005417976936736402,0.0004071626848540788,-0.001740782410559305,0.011311537224800272,-0.024954122901627684,-0.009548064126429168,-0.003536277643963359,0.01937254611022965,-0.0030899446913323914,0.004565511960859858,0.04397109126777199
2023-07-06,-0.007861465319692229,-0.008609619272538449,-0.00267119424166129,-0.022750979962799178,-0.008012427968895786,-0.007521563739556036,-0.016242407627500732,-0.002549307485256058,-0.012221948566976337,-0.007298751103653522,-0.014244096807288109,-0.002984649764026237,-0.002944060582513508,-0.007292628363082088,-0.002455809628105765,0.08512897479383685
2023-07-07,-0.002527928513744726,0.0014898222140451445,-0.004371148031473204,0.021266706308504357,-0.011714218828365652,0.0022625203504782476,0.0012407445189506205,-0.013118146197792946,-0.007313858731635925,0.008653863604555223,-0.0060373780134899135,0.0074730048154894035,0.02164480882197317,0.0009486569190251259,-0.008465646581328645,-0.04030936641410987
2023-07-10,0.002527928513744726,0.004455661846523462,0.00262485404523094,0.007767870465527071,0.0078758387436757,0.014118249244929437,0.0030653686108141898,-0.0002721509321910176,-0.004291129057909959,-0.00024625659016264123,0.001311198183199913,0.0007833887164983011,-0.004718747777594956,0.004997215976064062,-0.0024826553854153666,0.0160538413825817
2023-07-11,0.006348348955838468,0.011785375361252015,0.0021531462305599547,0.021746677285781946,0.00023086556736462427,0.011722023621399735,0.008323719294600629,0.0014965333523138113,0.012363732010554518,0.00980149341573,0.005127459560765324,0.0037406077556987327,0.02247960491891643,0.005375319005398893,-0.002488912381941155,-0.015379744366417203
2023-07-12,0.008013702273392376,0.0064235975744790785,0.011271409422945133,0.009211274914085799,-0.0026949805249385506,-0.0017450680953148279,0.008949461825329408,0.0023087648915254277,0.014458212262122405,0.01308166798595689,0.011069787920460428,0.013450555215707816,0.012453889025374032,0.007742391490756617,-0.011817487533694937,-0.09167798335466193
2023-07-13,0.007905532377560753,0.0034863397660580553,0.012963030176441848,-0.0038176858113261325,0.0003852831770743137,0.0012860501356177778,0.00932851690574843,0.004196150792984632,0.0034330071876729207,0.0077916875740307034,0.010457805412192656,0.000714444638602707,0.017815798311845654,0.005966253588524317,-0.006867926592741824,0.005156526770827341
2023-07-14,-0.0006230097010480051,-0.0066928639484125085,-0.001476176120690731,-0.02677196681811278,0.014917267690040426,-0.002942040020549541,0.0025759450609976753,0.0033716126927014756,-0.003881861793385344,-0.005868109937960497,-0.00590612404970603,-0.003191736429074332,-0.023726876763924487,-0.00729645056046202,0.0018119731453789534,-0.02003773951175214
2023-07-17,0.0034662018773383707,0.009588891027504598,0.012703720532024398,-0.0019661092071716624,-0.004566240143448752,0.0037678722622853655,0.004050656834278854,-0.0029663871444878254,-0.011584934324915253,0.0009602575706626482,0.0004930920919719028,0.0007163001287571191,-0.013278813083414498,0.0018621438895687348,-0.0010867580539311028,0.01044001959958063
2023-07-18,0.007403245502105804,0.011215156822742767,0.011269368054385609,0.010036513580932827,0.007371676359063883,0.005579725933325008,0.004091152832118361,-0.0010808919920055615,-0.007747953331868285,0.007769240708677128,0.004529253361599039,0.01139115191595419,0.020515023683717715,0.002787032022326663,0.0007246101028477447,-0.013443021956755619
2023-07-19,0.002221177132009977,0.004280092560291049,-0.002499641665916208,0.00582886443043984,0.004608001315513199,-0.00045607777472511657,0.003509599316454448,0.010087150797416733,0.01016619792086626,-0.0053723813487973615,0.011233265266541004,0.00016334311378951583,-0.003980788744194719,0.0007948099386458907,0.003976115913061129,0.03400179957037652
2023-07-20,-0.006656740386275395,0.007376014608895254,-0.02016754199683657,0.011676399635265344,0.01644557999350571,0.004461486711545781,-0.03466763308913645,0.00852740796792073,0.018101886901721098,0.0023913211898629605,-0.012215912857646671,-0.005076251540708121,0.00530427935531641,-0.004379868487885297,0.005755350501377432,0.016576923177949343
2023-07-21,0.0,-0.003397502912230177,-0.0005107225111666835,0.008817051057879333,0.0100324870569386,-0.004735233253115645,0.00023396301625222549,0.0034437658268160476,0.01486314139185696,0.00011967181755512257,0.00029465774339687556,-0.0030692385170079106,0.013718761650376443,0.002524147055762427,0.002865301200763337,-0.02827295152575049
2023-07-24,0.004457532351418436,0.009596323609839086,0.0017585581921730764,0.016004011875063284,-0.0022046415087748628,0.0022794425695442655,0.006529293133247016,0.0038273517540954316,-0.0026328086967390973,0.0030996205288289502,-0.0036436341866243893,-0.0042906650791518786,0.024342619125993004,-0.001726120528849684,0.00357025648892062,0.022538174174446368
2023-07-25,0.00272634636535507,-0.006481505476678695,0.011383595259574442,0.005239630993929545,-0.00044141768870264997,-0.0012759261078310047,-0.002327019027744015,-0.0002636585042301576,0.0017559961042685757,0.017814280748749134,-0.0018761094933434919,0.005552416740764343,0.006626759541005001,-0.0006648264499942158,-0.0010696296377696868,-0.003601025974701688
2023-07-26,0.00015356016545897688,0.005919888513111093,-0.013539886625409281,0.00034834102938674505,-0.0006625511721756183,0.0069971357632949704,-0.00023298178812680703,0.0011850448160002358,0.0,-0.003396937808307854,0.0009878782675372122,0.004867250719561511,-0.00705122050247553,0.003982344904480684,-0.0028582133329519976,-0.04954803407501762
2023-07-27,-0.006651915571387335,-0.012728407682875087,-0.002900807090291835,-0.006405350557586509,-0.007391698620233811,-0.00864004955190989,-0.010423397117002686,-0.008856043816702908,-0.017848337351683785,-0.006473671531317837,-0.019644839945229364,-0.015836715414990543,0.010838259681067441,-0.007980004193656853,0.009259285275541096,0.08846346450642528
2023-07-28,0.009742788763684729,0.001990611118400487,0.013522451200786989,0.0030331885099004197,0.0029633578172933994,0.006192057835066045,0.016810971914293482,0.010302611996748645,-0.0022349811386632723,0.006942770543700849,0.005122911711870515,0.007949707574280929,0.009197334178097982,0.005724866314860577,-0.001418966942626998,-0.07790527095526256
2023-07-31,0.00190205416380973,0.0036862559319712496,0.0023016250746437095,0.018808602772739214,-0.007722701169618595,0.002357453517688235,0.0056567028296932165,-0.0046098502008140585,0.00044739601761900616,0.005263764866844767,0.0024018783300698843,0.002690787072192613,0.014870188253919281,0.0023873083654040173,0.0017733360102503148,0.02225612563755286
2023-08-01,-0.0028656814218184223,0.0,0.00168049615088961,-0.004697906894570725,-0.005231676933980189,0.002984160243452827,-0.011403662760522515,-0.0054272929897623,-0.0123014217657893,-0.004443086610112168,-0.016523065070346732,-0.010418766955582193,-0.0028741426535443537,-0.0049631440615014455,0.004596102883350994,0.021771555594829906
2023-08-02,-0.014008324190813326,-0.008527602830272762,-0.02505228919751712,-0.01317937531886848,0.0006741048016740692,-0.010529440914051946,-0.018093632849122798,0.0035773862043528837,0.0,-0.012498637942538249,-0.010756319277226645,-0.004776993918500061,-0.020493595963246847,-0.004288742063737416,0.0035212280155572095,0.14415316078816742
2023-08-03,-0.0028699843810615633,0.0005706607153488363,-0.004083259436518105,0.010073513928726019,-0.005029914335505481,-0.0063160206368877425,0.0023683066972637334,-0.0027811828112964676,-0.023056175155792058,-0.006188927759084528,-0.02334177494223244,-0.000334202918323534,0.022957667121775494,-0.003229098006090503,-0.0007032852345814078,-0.010621785279120388
2023-08-04,-0.004533145055799714,-0.004002168172591247,-0.01369405641855792,0.0013813806311944177,-0.0035434165024197384,-0.006079030464622548,0.014443594619754307,-0.009996846835825579,-0.011652416523533216,-0.0022710132371037695,0.01755734478033144,0.0036138763540742858,0.008847829101217286,0.005911929002534677,-0.0049365845239144335,0.07150230060821494
2023-08-07,0.008690688997683438,0.013938803113040077,0.0028004647602042354,0.001149887685043538,0.011489691191380658,0.012212578356870729,0.010207333537940677,0.008138455095509478,-0.00015633085512911649,0.006559761445168455,-0.009890332729896478,-0.0022779889325192926,0.00040645999032395963,0.0018733325607982465,0.0007067644155624997,-0.080969055814339
2023-08-08,-0.004358138937520906,-0.009080740892205341,-0.007720228996481282,0.004929399668384793,0.007661212877923873,-0.0045736230964159574,-0.007994596688581268,-0.007201289867297511,0.0046780931201109155,-0.010636331217527495,0.011546520552478512,-0.006361270240024197,0.003245849052418315,0.002137164178590112,0.004581524551906302,0.013854082529355605
2023-08-09,-0.0067076874141660525,-0.00743955735849422,-0.013001177666715158,0.012500112058664303,-0.00029655236102499316,-0.0005502752793704602,-0.011936294497735922,0.001471358482280749,0.002175569804022892,-0.0040935487552449246,0.005157889466890886,-0.004769563349673156,0.013944995931908899,0.0001338218204676167,0.0007029609560298411,-0.0018779181199777284
2023-08-10,0.0003588823726765611,0.0008610860124691477,0.00011914056068462742,-0.00011306668641575257,-0.0006671480182269818,-0.0027558543451631223,0.0024106388611730978,-0.002006663084870297,-0.0031095563156644523,0.000723615410506806,-0.016599878477738805,-0.0010691758408611918,-0.012056429407604874,-0.000267056722656811,0.0017553588885093063,-0.006916070021043996
2023-08-11,-0.0005832581627673861,0.002006932805021844,-0.007402311232421965,0.015243799977434414,0.006210616865679697,0.0016545408617165691,-0.003411606946186474,0.0016052762370488693,0.005435329790098198,-0.002776642060904333,-0.002304029692574261,0.0,0.000673668638286884,-0.0014692401647735664,0.0021023100332278055,-0.06584327636934306
2023-08-14,0.005504856697775118,-0.002006932805021844,0.015812272173115538,-0.004236156517186007,0.0030173893445812894,0.00036711738985317766,0.003059056648902825,-0.004958466530438521,-0.007929929515963607,0.002173633089357807,-0.0022044372031455595,-0.00304522053039058,-0.005943586977751991,-0.00013393323245480815,0.0034940837070172037,-0.0013486487456542129
2023-08-15,-0.011717496557968943,-0.018534978347375386,-0.009897875179646576,-0.02099612582203969,-0.0036808480566659085,-0.012842642454685915,-0.013721693117971334,-0.010806668446975642,-0.016367910065536062,-0.016418841685672536,-0.006113903813171895,-0.0026580037072090335,-0.016253786897578948,-0.003212497805454184,0.00034860783608570145,0.10495554035179389
2023-08-16,-0.007364928024616191,-0.001462509379426713,-0.009575830719399825,-0.008707851344819773,-0.007626104080259211,-0.005594907350619849,-0.012464152088368152,-0.0023114777508173034,0.004433257496894161,-0.006767190117146882,-0.007854587007685154,-0.005792775189195076,-0.017362752340797982,-0.0030888458731386237,0.002785563917660383,0.019254602331953752
2023-08-17,-0.007649269950952053,-0.004988874646666641,-0.009546792792162861,0.011896948565032872,-0.007984279631988223,-0.008451608289869128,-0.017089037880555047,-0.009712181238152873,-0.002214172028954575,-0.0019773012887571717,-0.004271431054433172,-0.0015390561619561538,0.008510697821235702,-0.0041779655238123325,-0.00034771423243995514,0.06405412144418454
2023-08-18,0.00048140302324828355,-0.0002943643836825771,0.0015168077811802405,0.009844397408492966,0.0003744946364294677,0.0018844677386189446,-0.0022720521743151423,0.0037046238252083086,0.005211313713926469,-0.00012348001491613303,0.0035250901783978605,0.00017111358955279599,0.011190246419903183,0.000675191228594052,0.0006953838318013439,-0.03353540600052929
2023-08-21,0.0064850840952681565,-0.0011779712402919529,0.01891515267995736,-0.006325712768123992,0.0010479235114377872,-0.0012244099120959362,0.011430548515027894,-0.006733149846933628,-0.006320207819386248,0.00012348001491613303,-0.013420129293946204,0.0027339296425665793,-0.0028891686948062656,-0.0002703155157739445,-0.0010432953211356732,-0.009875194059183912
2023-08-22,-0.002712161375905353,-0.009472870315707649,-0.0011307110862528447,-0.007735033055335183,-0.003522472919175179,-0.00235880437121061,0.001457861113550507,-0.005668809089985238,0.002849017954036359,-0.0008661814325363615,0.0076448335537318,0.0016481975934530269,-0.00414197817751738,0.000539946378201428,0.0034734518222898636,-0.009384224560184062
2023-08-23,0.01107609877622373,0.009767463785333774,0.01788346145282471,-0.002515734260793323,0.0029986784561488733,0.010243839159667978,0.00797919447537776,0.00663335371175755,0.003943595775067532,0.0016083399565158807,0.02447537615389006,0.010113328144583988,-0.01280995201060886,0.00806373724290399,-0.0034734518222898636,-0.060109127091726666
2023-08-24,-0.013955933143146027,-0.003540507721855768,-0.023317485122682946,-0.006892336057426007,-0.008720587688711312,-0.012229703592799623,-0.019761755986466234,-0.00802108323984907,-0.005841972805002094,-0.004211695969873475,-0.006616021476579803,-0.0002248455933200333,0.0007004700189954249,-0.00550281330035407,0.007970893778951105,0.07357151648426008
2023-08-25,0.007024920040729299,0.0047182498762041725,0.01012756013803262,0.009636215832315997,0.007297363625376363,0.00838883938300583,0.011114627111282971,0.005538600570286434,0.00757217724809367,0.0029747256592780325,0.0032611985254487053,-0.0012941233726575518,0.014458659800547835,0.004163192425271411,0.0013798094989971865,-0.09252339379134833
2023-08-28,0.006321354457318407,0.005574064879159124,0.008146341749447394,0.006713316764995536,0.0023210409486038586,0.008132761589042303,0.004000174029535231,0.004546464069515643,-0.0001572153928917075,0.007275549212240051,0.001049676483864559,0.002867238875764677,-0.0005521646690658244,0.003746013808430426,-0.0017250784919564666,-0.03901667686447308
2023-08-29,0.014351497894907084,0.009028843147731447,0.019849911235163553,0.002718182739929631,0.008933933006769479,0.007605240480232034,0.024675036037357323,0.0035676809898985695,0.0037653837676177027,0.016450461182117238,0.010332509061170114,0.009720692377633178,0.012488956833895948,0.006256408263119795,-0.005540121474539195,-0.042674956161733224
2023-08-30,0.004110270042229303,0.0005795927743417195,0.0075220165072273915,0.004964021372908078,-0.0007414088463288948,0.0045172316632031695,0.004298850980106295,0.0016419644161755897,-0.0045516346784748585,0.0022939640077881407,-0.0010390601355183549,0.0024987503158229174,0.004626541924049654,-0.0003984850881915136,-0.0017375918221183007,-0.04024543803511538
2023-08-31,-0.001464432327582088,-0.0037738952585022467,0.004850765755706199,0.0006747277404617336,-0.012013915744054415,-0.0045172316632031695,0.0031094245476399607,-0.005071871881751733,-0.009642013603353483,-0.0004824359629131969,0.004459640629525197,-0.0016651113471644052,0.018827800447501986,-0.0006638927869841993,0.004857638500323169,-0.02258751196590758
2023-09-01,0.0018634318986947562,0.00897620650030273,0.0030694009399381272,0.020261276887963753,0.002699024502700098,0.005252918597883571,-0.006111038583703987,-0.008557862519001702,-0.005095664889082752,0.011157233808208211,-0.015701295256176806,0.0004997991755413267,0.024478135735104267,0.0018800262343168228,0.006211266605043342,-0.036012859779136264
2023-09-05,-0.004331350941874312,-0.010140347868650146,0.0035691448530998926,0.005275865998206619,-0.010385351567902212,-0.01696318849311318,0.0007073439787586011,-0.008631732150771398,-0.015444193022269292,-0.01866505483835823,-0.014121232708676601,-0.008195174622491308,0.010861290708366944,-0.006548731644773653,0.005146608949929465,0.06792278510731142
2023-09-06,-0.00674514033194118,-0.000582579288329832,-0.01063138363753069,0.000438447659315333,-0.005461570715509012,-0.004309216083683509,-0.008933066109105603,-0.001119069232851544,0.002267105319389451,-0.002190493050153286,0.002456044251522016,-0.004544556063018845,0.009726139031383418,-0.002416466816127283,0.00034219732286855375,0.0309230246728478
2023-09-07,-0.0030749540943775244,-0.0026260487420364242,-0.014566224131822736,-0.0009868928585912151,0.004477666312634021,-0.003291772832298534,0.0027889993484953024,0.002376758198264106,0.013017454021513775,-0.004517470072524343,0.0027696186040877535,0.0010678794784508838,-0.007285770302077665,0.0033548541431391854,0.002391958384690529,-0.0034662212677951665
2023-09-08,0.0015049220184915058,0.0020428966216745614,0.0020858049255947364,0.009606231317238478,0.0,-0.005005011800784942,0.0,0.0012559937281606537,0.008743417817011157,0.000978641186490048,0.00382214574104367,0.00033697027875945196,0.004480085618363994,-0.00040179042996069114,0.0010234402352531369,-0.039665218876341335
2023-09-11,0.006555256354999983,0.004654097709775318,0.005195019897448638,-0.013232146266711986,0.006866966990230594,0.00028420568040843364,0.026547865794717573,0.008610040534072105,0.004106823115956004,0.004269690477975541,-0.007231722693561871,0.001851395103543041,0.0008935941391650104,0.0017399472535171157,-0.0047847408004542125,-0.002894355230134149
2023-09-12,-0.005500813002700333,0.006651981567566523,-0.018302249384486657,0.023284584352284643,-0.0012790535710216488,-0.003602994813715732,-0.009101091911075443,-0.008610040534072105,0.001260333101492428,-0.002315572476934147,0.0057469414259827545,-0.005169992663579315,0.016828311394489148,-0.0016063417274416736,0.0017114224444272352,0.030683773948319004
2023-09-13,0.0011653587898772244,0.0,0.0025183625394902265,-0.007556870328027987,0.00015065421045434846,-0.006671109947878229,0.007888521407689808,0.0030636459928112814,0.011893691211459334,-0.005873747987431788,-0.00021191372080142656,-0.0023126820451926378,-0.00025093039924684035,0.002676266701019614,0.0006838096711359043,-0.05414530840741394
2023-09-14,0.00858530505430899,0.009182251852348333,0.007226549641611513,0.011635530690543572,0.003157182121179325,0.009800735755739254,0.009774342486625898,0.010099016280673112,0.014517546281420657,0.014015106525160803,-0.007244231518185984,0.0005080950731217726,0.01791095659477282,0.001202291330785421,0.006132888950429294,-0.05020064383757017
2023-09-15,-0.012121345092499958,-0.005154408502665575,-0.01940785712467541,-0.014565599835841603,-0.007911845347967628,-0.005792731725877687,-0.01725527828078821,-0.008293055869122767,-0.004302338117977644,-0.011196366872339159,-0.00611298919876635,0.006582106894978068,0.0020934453198329095,-0.0037444868108922336,-0.000679627354898571,0.07293726135107192
2023-09-18,0.0005861176967538739,0.00273583924574039,0.004794493275322331,0.008438321718028163,-0.0015204684275316183,0.001108822210218463,-0.010935258002326975,-0.0003493011083426367,-0.0007454294080426749,-0.004165189618601239,0.0056849325962913255,0.005870383136318935,0.0019662785592204912,0.0006695429892804583,-0.0017009425759755281,0.015113640576325693
2023-09-19,-0.0020759109665977604,-0.0011509960295970068,-0.0005317814284451217,-0.009380435236034046,0.0008364404652985158,-0.004211983649039297,-0.00502357113198304,-0.0023790647637644824,-0.005452304733040592,-0.000864708377785739,-0.007407477505624094,-0.0009480950413545131,0.0006137226666309559,-0.0030843070948050055,0.000680783951970021,0.007826411917589038
2023-09-20,-0.009235926361963465,-0.006934167266297919,-0.01584005392780341,-0.009358674680403745,7.603296433433826e-05,-0.003940562436769213,-0.01000428562844835,0.0009801786072918262,0.000936872153288526,-0.010561124121859944,0.003120035004739563,0.0007251297423289671,-0.016827922654885086,-0.0008059763546421905,0.0016997859789040781,0.07045652915299083
2023-09-21,-0.016666259687861285,-0.016664921828593915,-0.015363627292066084,-0.013811771665715789,-0.008778904950135669,-0.01650684659251489,-0.02766998848055735,-0.012961732503844914,-0.010510655947781888,-0.020314906952436207,-0.02600939936933333,-0.007274811145922655,0.0033634945110847525,-0.00714898304569811,0.0006790913305900759,0.1471437684547392
2023-09-22,-0.002251252885543842,-0.007694536779633054,0.002131040302201903,0.0016808362878419913,-0.002072446183234433,-0.0034325408281103975,-0.009893178351845222,-0.005402965882574939,-0.0018942527625220862,-0.0010200706747931498,0.008016133624949795,0.0031961900557462286,0.002732162529892612,0.0017582075039888068,0.0023733059480308683,-0.019574610964226302
2023-09-25,0.004196392593756926,0.002373598655555753,0.0032184371402061984,0.0124627152443324,0.00544042500033548,0.00499791077539502,0.0061329194196328984,-0.003570777092718025,-0.0014230644287449579,0.007879788213808414,-0.02491687240473972,-0.005163898932471156,-0.002980971885421013,-0.001352155280949674,0.00371807440351013,-0.017595828819496617
2023-09-26,-0.014800237962131924,-0.013426768455238047,-0.018170415058509803,-0.005766924156171083,-0.008518559187262298,-0.01536679860177248,-0.018386879270869017,-0.007467988792084768,-0.03036137986307086,-0.014537282041276356,-0.003482182369882736,-0.008023084937964775,0.006076758005997718,-0.0043397271392979775,0.003031832102247556,0.11396251659841727
2023-09-27,0.000399049385933381,-0.001502972738665953,0.0015421302759888178,0.024608633918760336,-0.005022141031142624,0.007417068449835362,-0.0038446290274567474,-0.00825082544559308,-0.019433980487187696,-0.00012853762636400035,-0.005189288974468909,-0.012443751217318777,0.024668539794022948,-0.0013600015790720121,0.004698110674335343,-0.03875626180982206
2023-09-28,0.0057807310122610644,0.007194112893456062,0.007064183758866527,0.0010844014736663965,0.004791132611857485,0.004228123355280111,0.011115004116102334,0.003047703723687789,-0.021857081918651655,0.010733635808693354,0.0030495801343377593,-0.005009715204337795,-0.016173536976294756,0.004751874345785723,-0.005371106428796679,-0.04950387399329115
2023-09-29,-0.002429893076937084,-0.009302437126735619,0.0034218550355635813,-0.020368754825303093,-0.007583610989652101,-0.005312291838198924,0.005294199351880913,-0.002902344244152033,0.001698277134861037,-0.0016534972678918791,0.00011232751886236514,-0.01032850551809883,-0.008742271810338487,-0.0014909358301400388,0.0006729957544613363,0.010327131484149987
2023-10-02,-0.00039786194966495714,-0.008477061790066465,0.010679095208138811,-0.02011454125355705,-0.0013991067203678043,-0.009813305322784238,0.0008071660653126145,-0.006853817269330875,-0.04761138047941049,-0.01332837383789176,-0.01688172540549271,-0.01055420585609923,-0.018346863711869332,-0.006086304309156354,0.007706485911978422,0.005123845531178617
2023-10-03,-0.013476349364344387,-0.015936782386146042,-0.01710461339218039,-0.0006774588998919029,-0.00890698845992599,-0.006997282950984562,-0.024631854355336102,-0.007195823287002412,0.011501455095390245,-0.002713284577396724,-0.021746421354664314,-0.002892421000057155,0.006778847406959443,-0.010204537704353811,0.0010009058008018101,0.1162044037412091
2023-10-04,0.007255526482180308,0.00738700097224676,0.012386110008482554,-0.03190556178510828,0.004228819756020741,0.0032048140043503537,0.019529214236251313,0.007927418568575817,-0.0010560506346144471,0.011703665966110055,0.014008709875420244,-0.00011826350755939075,-0.05582730459888996,0.005115409139217597,-0.0030055078151134396,-0.06258563162924435
2023-10-05,-0.0003767835369652417,0.004589242065482058,0.0013330578338930366,-0.006199825285984506,0.0054557815698679235,-0.00591689030418685,-0.005003435264994138,-0.01993708715507836,-0.005828848278257581,-0.012221159162402628,-0.0049969270304313085,-0.0018344684108635434,-0.021394030791497265,0.000964505883687572,-0.0033501063301897283,-0.004855696259101094
2023-10-06,0.011802848187322468,0.00851067988158416,0.01853971164861523,0.005966643224971424,0.010437941050465582,0.013586777518917792,0.006997898476266862,-0.005534632485876934,0.01407230942366855,0.009404416611987099,-0.0121911031002373,0.0051398519222738415,0.002295050573214219,0.001376888852036906,-0.0020154494603099593,-0.05789034065045717
2023-10-09,0.00638179077918366,0.0006052807084380163,0.005158289253329507,0.03281620274601327,0.0034553849341119047,0.015555935725685366,0.0010578760952109079,0.0008996814004333942,0.00990718461785045,0.0012812368907875182,0.02319862563421271,0.018218478536943472,0.03926730369733811,0.007401366118044095,-0.00033632810716710537,0.014224990313812746
2023-10-10,0.0051914863439570524,0.007233320979520563,0.0015365806337186427,0.0012408485729724639,0.004741244057751004,0.006038930609618909,0.010886967847276274,0.010138571110380745,0.013570603566379624,0.010572676481659826,-0.001383705292905546,-0.0016795054754084049,-0.00546020829984073,-0.000273000174296989,-0.0023572475231135037,-0.038588147689350816
2023-10-11,0.004087961663871376,0.001500147410228081,0.009228112839042346,-0.012935554161990659,-0.004434705701254593,0.006002604145122881,0.0035621415017175195,-0.0068473225482375,0.016078906214542776,0.0024047298308027543,0.020671186129327168,0.007276507826109224,-0.0136503095277547,-0.00013689590069088098,0.0,-0.056778564506664964
2023-10-12,-0.006115261231875557,-0.006316903783723404,0.0009355842227494193,0.0011415953291287195,-0.008619226207116526,-0.009114999695858828,-0.010972160969846989,-0.010963348019230601,-0.015567334308673964,-0.015028421743455755,-0.027502699402120356,-0.003054310387323511,-0.003309288956430123,-0.005342022528138202,0.008393474276099155,0.03661179918471147
2023-10-13,-0.004993320970378967,0.0021101113683985595,-0.014424229946940592,0.021777850072382865,0.006240816337066413,-0.00890359074389746,-0.01479838807238476,0.008720398062892265,0.01119222620272664,-0.003728299254257994,0.017733986563566617,0.03164231938177586,0.04624876757990659,-0.0008240135374339985,0.0006685703688424915,0.1463310433161218
2023-10-16,0.01046638486668705,0.010484102607686285,0.009560753127775712,0.006674933910554959,0.007499281895237964,0.010558413670579192,0.016037114056435264,0.010276570208998415,0.010234223101263318,0.009741148970053182,-0.016224899302645035,-0.004876800474352017,-0.007624874717470753,-0.0002755420424804811,-0.004353019554351079,-0.11565025596248235
2023-10-17,-4.589736553484158e-05,0.004756262372996201,-0.004650852633519165,0.01036856514211637,-0.0013730477784674733,0.003107103500036068,0.002349765214433752,0.004287440797033248,-0.0026742649514215344,0.009773771261612385,-0.011081899906042914,0.0018525567250016195,0.005216675177182495,-0.004685577088261894,0.0003355382001615226,0.03819216578233453
2023-10-18,-0.013414595156979736,-0.017350476349081045,-0.010321177855147745,0.009066394856618754,-0.008740968455443365,-0.024435672660713337,-0.023748296108716538,0.003681791859229122,-0.008741015256951812,-0.026234805664542726,-0.008836787864380469,0.014367113783494645,0.01311155054338009,-0.004846672885208569,0.0036832153930017597,0.07226864500819685
2023-10-19,-0.008825279650424456,-0.013365512791084111,-0.005740192415077949,-0.0017411581300739165,-0.009906463708371227,-0.009281993386700549,-0.02588224934997818,-0.007376885053666626,-0.010011169095616612,-0.011738780527258186,-0.02068575905840131,0.012199301049654387,0.02278459145754308,-0.0036155942834223964,-0.0030126236041034815,0.10743953638554471
2023-10-20,-0.012363950030494841,-0.015408798756229913,-0.017055216731718836,-0.016917956959537683,-0.003974780225286523,-0.010381691322491449,-0.015632799211876325,-0.003857462842995041,-0.010456892436845777,-0.012143839737528861,0.0056627115937146755,0.002727175302074336,-0.012070640132826327,0.002087459678061343,0.00033527432807023416,0.014382037517315371
2023-10-23,-0.0017348081349357614,-0.006230533518886805,0.0011584228926890816,-0.016307738533945848,-0.00626659154973197,-0.004671431669319048,0.0011857255678986434,-0.0019346625628715586,-0.008479696876069642,-0.011218149681264666,0.011941630037226147,-0.0033827788768210354,-0.022684068089564136,0.004023138738729948,-0.005039478885942472,-0.06370967028124008
2023-10-24,0.007511186917184887,0.00685147564431654,0.006861130656758974,-0.014176755023049825,0.003059967913896955,0.0075042678071630675,0.010610564188037408,0.008454084619391011,0.02539598407584087,0.011749109215123621,0.01309050533820244,-0.00010933686369085649,-0.02515854793248451,0.0051104650530611195,0.005709470161590957,-0.07120452368766017
2023-10-25,-0.014456329967059034,-0.003731387463165703,-0.011869634467738699,-0.0018292287870464996,-0.008970896785347016,-0.012913949205684894,-0.02040339806864022,0.0033910926623565985,0.0055757399784317485,-0.011749109215123621,-0.022512876723286723,0.004199991317573648,0.019693007674920437,-0.0053871595131687044,0.0026756317240757,0.06232871102580351
2023-10-26,-0.012046964478644284,-0.0021829707522411645,-0.01928967554442007,-0.007811697560860864,-0.00992979596278687,-0.00420487020342275,-0.01574971281293891,-0.006497462380038677,0.00855642664328471,0.00695932825454415,0.015221878356783236,0.001577208003793018,-0.020213108006586822,0.0034570307419770074,0.002335228152491098,0.023979605620941147
2023-10-27,-0.004542965837289081,-0.01827391224309638,0.005788701174720856,-0.024280311837915125,-0.017069589010816344,-0.008877951064389045,0.010415923376334568,-0.013723343687589207,-0.01905777941028175,-0.00040021275114154875,-0.004257662143142937,0.011562693424814086,0.01893777975930533,-0.0012433829895810433,-0.0013338005330427727,0.028130586336432284
2023-10-30,0.011884814507292063,0.01764922340903352,0.010680096684818174,0.0033031854330736188,0.005587692026877811,0.012366226554861193,0.009116886882605257,0.01549955875965825,0.00763270013854811,0.010221054228298332,-0.0045139354814525134,-0.0056565149769634004,-0.02992254203180167,0.00027633073640842554,-0.004011962134307101,-0.07414415938657903
2023-10-31,0.0062605298416169575,0.010874817864326314,0.0070979370147616905,0.003292310311755031,0.005717363785918472,0.007346798436950408,0.007523117760050546,0.0035431144055815267,0.00858111027504549,0.0044803257633549975,-0.0048936457383135235,-0.0054715039881712,-0.013636358927050729,0.0026217735042086687,0.006012032908403242,-0.0850340803068641
2023-11-01,0.010608452235771004,0.006468427350920791,0.019143598805920092,-0.00235051562285582,0.0020854847051259284,0.0032481588665183025,0.01228443202631091,-0.001032218350265346,0.011327735292188112,0.000525655532660263,0.021450724721500336,-0.0031556165767172573,-0.0036054876357622945,0.009486485292637958,0.0003328957186172765,-0.0725824647353015
2023-11-02,0.018983090124788937,0.023366201650790952,0.016786080908373968,0.029790527399655264,0.01574085646449319,0.020362716397288594,0.02577249909633572,0.012897804218489739,0.018544831375655324,0.019132580192239956,0.022540623444169405,0.0033185604405963076,0.01894975278564459,0.011189832735092331,-0.005005916524051468,-0.0744272654861069
2023-11-03,0.009081867824073164,0.013110977730543816,0.010241093931725231,-0.010101019617963836,0.004956921482860643,0.008798434561606783,0.01395259249333769,0.0011644237387420375,0.005836702300307639,0.015605450568916268,0.006755496913337211,0.003632316427605531,-0.017612874576626858,0.009722877777630146,-0.009411697322206702,-0.049077562276140796
2023-11-06,0.0022979930281321614,-0.002964507794610771,0.0065573396733435985,-0.011370352613272239,0.006649149168208801,-0.0026607886695524385,0.0012476718521625685,0.0015985361590162839,-0.002589922300504366,-0.004962377439890364,-0.009747330851039848,-0.00782308105070495,0.0008013513667659566,-0.004039395526414857,0.0010125827475175875,-0.0013422487895295987
2023-11-07,0.002842003297400808,-0.0014856744505804542,0.01087257161250843,-0.02241987198266271,0.0007016211085018043,-0.0024702252962596205,0.011096518569399194,0.0024657366643294765,-0.007320084773970059,-0.01957833137227505,0.01464242009876493,-0.004153745714032375,-0.04240292328881168,0.00013467284246715394,0.003368160209414661,-0.005387213140145342
2023-11-08,0.0007321435449654246,0.0011886214693754837,0.00564824194044089,-0.012609002849365059,-0.001403423145760918,0.002272659381288733,-0.0026545420660175623,-0.003918867456304653,-0.0073740637888422,0.0031172969693447072,0.016890481611460118,-0.01001765347062733,-0.022678633032616524,0.0005398945106129815,-0.00033632810716710537,-0.024608255254245925
2023-11-09,-0.00782939810897787,-0.004166608497568891,-0.0046759608434570055,-0.00302587723758041,-0.0208925030692777,-0.0021738429997446573,-0.01884389190265079,-0.004080324049595241,-0.013245186790630914,-0.008595060024168877,-0.02327010222808923,0.0039750574137906725,0.0008544226887039486,-0.006222185244327605,0.0043631731602555845,0.056504616087277526
2023-11-10,0.01548421349936202,0.011269289748099709,0.025786220612229904,0.010970109578928966,0.005957220912311989,0.01433926769151661,0.01649238084037119,0.00698453671871313,0.005319131635731278,0.011702045800678018,0.005584390249420146,-0.010969699953244927,0.02168489512738958,0.00487223354529398,-0.0006699912756484849,-0.07607195835929703
2023-11-13,-0.0009535639347646452,-0.0014755903921468416,-0.005866042608961841,0.0071677233827696085,0.005764800406152126,0.0008772633844351674,0.004265706205720754,0.003185284690608192,-0.012008099404558159,-0.001422854314684141,-0.0022754942150715607,0.005555261386915866,0.015617721358757386,-0.0009453035655200281,-0.001341404317130035,0.04079377559244879
2023-11-14,0.019214834536309233,0.01872510830116836,0.01980602972171308,0.008887759139505569,0.006748782638166695,0.019871367904642057,0.03313038322361539,0.01021066726179587,0.03915602414100805,0.029087432389098833,0.022414449022998717,0.008879636186604145,-0.003159067616909539,0.010085501636830863,-0.015897461617393915,-0.04149975718963317
2023-11-15,0.0021149185335289644,0.00549208493786546,0.0012625685120752905,-0.0018893002426292327,0.0007816811426453185,0.0020989686821719644,0.0011929346509687022,0.007980770509079527,-0.0030700853969274355,0.004391013726224191,-0.014133943002025973,-0.0026390807860945387,-0.01874672848553338,-0.003216079410385042,0.003743380265538221,0.0014114651359529162
2023-11-16,0.0012224147532320373,0.004027790033134249,0.0049801321339115745,-0.019696549191569268,0.004289104311203218,0.0001906932764930147,-0.010306347292441842,-0.012426178544823863,0.005326314775188301,0.0030000966095622417,0.012350242225791064,0.011222864579353953,-0.04721435465426893,0.0013410260102668659,0.0006790913305900759,0.009824597595796014
2023-11-17,0.0012429097371260411,0.005154391651317258,-0.002076686360164892,0.020759738212333012,-0.002025154924996997,0.006364296350794163,0.006663405933824862,-0.0012942056140623492,0.0027330044670947906,0.0018704624573562256,0.004675611861468809,-0.00010890827769749478,0.038909762580056295,0.0022760907761929516,-0.005445911831381434,-0.036988534236815696
2023-11-20,0.007668220135037984,0.003991048777588713,0.014392779195885552,0.0014158292879420387,0.0060635120025951394,0.0030254383463557133,0.005132088001292168,-0.0007198327723472175,-0.0030549161827200244,0.0017425406941833366,0.006089747682593405,-0.0016347162383043568,0.02167163485102286,0.0010696413491073642,-0.0030763200059107376,-0.02866792006960317
2023-11-21,-0.002181802604940941,-0.0005691107645167115,-0.008121407475553788,-0.0022426235338510736,0.006026905752488432,-0.0007556330704323599,-0.0025629380091718446,0.003019774568206124,0.0020911751249066413,0.0038479460713753966,-0.0004415001327719992,0.010740019593542094,0.003176081170630951,0.0013352958591159592,0.0010264418851368973,-0.004484272494153174
2023-11-22,0.0038533997697092204,0.003977103356667122,0.004447944110685498,-0.00047304259309965957,0.004764560563153886,0.0021706555194533905,0.0030390786890333032,0.007152972969999283,0.004809179175130129,0.000619007987276543,0.0035275888803179,-0.004271361889172098,-0.012765515002879368,0.0017327179037485152,0.0034142324711767813,-0.03817257239318117
2023-11-24,0.0006150712763561828,0.0031140574852592806,-0.0019503160383944618,0.004129690011352327,0.005352495983952821,0.002447867895937428,0.0009513234382918512,0.0036995635070242727,0.0025555227648275114,0.004324244155073931,-0.011844746972258235,0.00518811533968222,-0.011093295167539097,-0.0010658868067583427,-0.004440674356313679,-0.03082032460672668
2023-11-27,-0.0018025232149181392,-0.003397378394379924,-5.4407587295024484e-05,-0.0035387172724661298,-0.006272948494308039,-0.005658236355123414,0.0016035694668792289,-0.002844611481271464,0.0015939906330322273,-0.0012337474458590236,0.016565711270846606,0.006715220224108087,-0.012217805310621443,0.0014653462103506598,-0.0020562756456188325,0.01829073223871225
2023-11-28,0.0009895833544311117,-0.000283627142341647,0.0018963697202094565,0.00023640953136006004,-0.005154693999672055,-0.0023670051187663077,0.005739697194586668,0.004547479070290628,0.0031801160602649148,0.001972869625017637,0.00196953231790431,0.013243765854618061,0.018411553091703503,0.004384619193135819,-0.0034363740749050464,0.0
2023-11-29,-0.0007036802669633246,0.00706688082053919,0.0007576428930127221,-0.007470406952728048,0.0003084153762706876,0.003784718356016903,-0.002717823018661747,-0.008114454782612412,-0.007969531876129032,0.005160290819125279,0.012492588911836577,0.0014783465644931937,0.017527149441222356,0.005419596016474237,0.001032092366310522,0.022595427349522357
2023-11-30,0.003929903595619955,0.011204681503188763,0.0014591299995894147,0.006643024682481791,0.012491297109413324,0.010895198330015177,-0.0014208720277553155,0.009956039146707063,0.004311465558252792,0.009877580630115013,-0.01161866095615327,-0.004176660491013173,-0.03336910358675915,-0.0018476470324291228,0.007195497720418498,-0.00463317174953648
2023-12-01,0.005898295349479277,0.007492650984273652,0.002265850542780612,0.005188652161686402,0.003951989847204906,0.015663665970293117,0.013593689554894262,0.004095719774858786,0.012194413283203698,0.011341845832107289,0.018659000024931593,0.01712403726695122,-0.012914536554668565,0.008245733059999871,-0.0030773719960555113,-0.02270155883612146
2023-12-04,-0.005263172584056619,-0.0011063106267577005,-0.012252849705927105,-0.004597679422800205,0.0018947222906309236,0.0016538623590394153,-0.0038064794789685052,0.0012673588963112437,-0.003943022401882601,-0.011705773995455804,-0.003986547192588397,-0.021850417580745685,-0.011182988494195634,-0.00250369622220159,0.004442191871014245,0.035009394772743896
2023-12-05,-0.00019700668794264686,-0.0049944307322697945,0.0059825003340892025,-0.01764252059344118,-0.0012877442789767102,-0.008111946945915882,0.0017585177538022023,-0.007913761062821933,-0.007136594663618379,-0.013811911491836248,0.021258082918754972,-0.003786606077863297,-0.013083602580495679,0.0009233534709451874,0.003743380265538221,-0.017740499168593882
2023-12-06,-0.004037982084418523,-0.005019611658971357,-0.008494997652484848,-0.01502503540577127,0.0007575692803731826,0.0044328537884883445,0.0014632706933452866,-0.0025572050129962776,0.013280729227569843,-0.0020943711071992333,0.01322957600440322,0.003680115406357487,-0.042623946584451566,0.0001318882629552931,0.002374916273939931,0.009295177888952733
2023-12-07,0.007601392770746784,0.004741207402119141,0.012067259263836227,-0.006860411508028186,-0.001212677349130331,0.000921061302460835,0.008212130511740412,0.004258149718743276,-0.0022011121620688634,0.00676023353471944,-0.005753395032461306,0.0016489674559858614,0.005389994826614952,0.001711680254326886,-0.005436733939326643,0.006915137061659138
2023-12-08,0.004289963687276632,0.0052728349891220105,0.008500702297679297,0.010759589374869538,0.0016670524875186388,0.0031253798382833153,0.004572126460808512,-0.006964730318228973,-0.001890671352021922,0.003668424471351628,-0.008216429514144252,-0.01343017351466802,0.021574798782704185,-0.0019755913301260364,0.0037409089959767883,-0.05589806201597769
2023-12-11,0.003882054559489312,0.006070549208059273,0.008694519407490553,0.001215141220690441,0.006565974870890834,0.009499443214914471,0.0026523807104643637,0.009511431809463566,0.006444911578621149,0.007054210900637958,-0.0021181104855640953,-0.011104320560253456,0.004050170821961352,-0.0006592033371148887,0.0013568007299755713,0.022418851461215805
2023-12-12,0.004556814086375205,0.007127253525343047,0.006616743961287419,-0.013820289262256313,0.004278564636944537,0.004534994266911063,0.0031049789604349343,0.0032440719007880148,-0.004082146687004684,0.005800705996843014,0.002963704273516221,-0.0005447904909061663,-0.03892140245226727,0.0022402224507871438,-0.002715519415464218,-0.04535193559782469
2023-12-13,0.013695845688702413,0.015987471487806548,0.008772311687985201,0.013820289262256313,0.01825782270919074,0.011069884117852702,0.013004277531622144,0.018003344476416494,0.037064107620967235,0.012096823040434135,0.023191228592781776,0.022311764488914143,0.016669653105106264,0.015151532388358646,-0.008533943790381304,0.009892899244539066
2023-12-14,0.0032042932409659386,0.009896808561752124,-0.002461134180760105,0.028970167851204653,-0.004865893262629761,0.012805705637209286,0.013340619155680855,-0.014769647151331,-0.013124013710721805,0.01641228097085623,0.025680334820051165,0.005845435089188555,0.02762650985703541,0.004406358708645364,-0.009299099293979207,0.02351141719134686
2023-12-15,-0.0016479527208792533,-0.005873055930667004,0.005020338645550737,-0.005323800906416043,-0.008535155176959464,-0.0013263139191863615,0.0020667002720813343,0.0,-0.017510278636440724,-0.0025799689650196633,0.0011101341237784723,-0.009208782757507805,-0.00014894104478635484,-0.002207247352157715,0.006552817049417126,-0.01615542528752023
2023-12-18,0.00560939300963792,0.0033309564004899705,0.0029862079451747903,0.008134682738046184,0.0016305831003249338,-4.443734165349156e-05,0.006185676068368728,0.010355787714617648,-0.002259033493850815,0.0015476107511838144,-0.00799954539110903,0.0045351876568231475,0.013901360018823361,0.0006496354691076789,-0.0001462702594459131,0.022545293475045636
2023-12-19,0.006062465557278962,0.007480646416464065,0.003797798674065156,0.011926615455269296,0.006705204854307922,0.007710400472995538,0.00780287520494749,0.0019578132883202315,0.005677399675293238,0.009165816626219403,0.005373766961579207,0.006790830606181686,0.018480035560541452,0.002853828312108675,-0.004398843490877713,-0.0023914468522061583
2023-12-20,-0.013954237925529966,-0.017994189776550318,-0.015226053481110391,-0.009316542837540354,-0.01458479531323853,-0.016287876169465143,-0.018414275631457144,-0.019609789649059017,-0.02049486969797565,-0.015441940065558768,0.006752316999016017,-0.005460866362358985,-0.008251942425109071,0.0001296667280543673,0.004398843490877713,0.08707790872016208
2023-12-21,0.009437208533314312,0.009708697402215805,0.011167396097313542,0.003902331079684629,0.012131500562245101,0.010266460129438215,0.015101422765266825,0.006956722859967179,0.0017641405290524936,0.010516833806611281,-0.0063476975380076794,0.0070457557204406385,0.0034827761847822103,0.0045226444055721515,-0.006605542764109185,-0.0014641626325127
2023-12-22,0.00200771327265592,0.0021448888021038393,0.001302645309572803,0.002946062043302611,0.0049744632555297486,0.004784751146510224,-0.007382993136802796,0.007611104508498556,0.0033591261247272186,0.006210854456167869,-0.004559001861056622,0.00442461403136285,-0.004937511263550576,-0.0011606221520406024,-0.00036826975769477244,-0.04648512304109964
2023-12-26,0.0042136451523893115,0.004009176421707394,0.004156889506073291,0.008553810393220562,0.0022194393218235575,0.0070465510547634835,0.0042256365252963946,0.004203189467161472,0.0060501254058595855,0.004662237057329488,0.0028389460886026896,0.00759184215150821,0.021887074221142555,0.0019344201097162284,-0.0022123950758792255,-0.0030745575807094028
2023-12-27,0.001806402470950097,0.0031957029236795442,-5.175114962696625e-05,-0.004443540846197358,0.004203388415874976,0.0014910935632386213,0.0034337611043566696,0.004603489567405639,-0.0006351926159400278,0.0024386300994514443,0.017564737173255907,0.004527577262521731,-0.01854435289741385,0.004113890201622006,-0.005181242518978113,-0.04406688298848849
2023-12-28,0.00037783880875075226,0.0029206162561608018,0.001192007348119084,-0.015352212949909294,0.002572197405951826,0.0002628303091460893,-0.005210928233728929,0.00041737786711593117,0.007121999519602795,-0.0038351133176779406,-0.007289523862325176,-0.005832413160525185,-0.025570796365095738,-0.0032126219421488855,0.0033339225320156984,0.0032128510314715086
2023-12-29,-0.0028993167906357087,-0.0031866844168058073,-0.0030606991886434898,-0.00226367378955894,0.001027145929084483,-0.0012272713373207012,-0.006188521885142073,0.002084620107199342,-0.0012623727411846808,-0.003966781204237879,-0.009060764389403175,-0.0015680697977629166,-0.00792051920818082,-0.0038690940270411645,0.0018473199869624146,-0.0016051735149948954
2024-01-02,-0.005612102284534792,0.0042464150244030385,-0.02653328875720984,0.010677478666230034,0.017444924717538335,-0.010140006670845914,-0.009326823829733044,0.01118266765304643,0.014422561954380964,-0.0017550021070427135,-0.0057814035193315405,-0.0023566846852940415,-0.013291313245864522,-0.0033651602643152145,0.008454384287897021,0.05849620755206697
2024-01-03,-0.008200211196126794,-0.008510621501121918,-0.010242440208124926,0.016154069650556213,-0.0016587052711392047,-0.015000173635788983,-0.02041584081928427,-0.0078561526335994,0.0037284795450167607,-0.010832699567078663,0.004162068149086373,-0.008371755159892302,0.036134206062796714,-0.002726495610373192,0.0032889203196551087,0.06169358073792974
2024-01-04,-0.003226207073256937,0.00399838375171635,-0.007357186432393803,-0.01768923471943218,0.004967884652101517,0.0012586384064139367,-0.007053693931582394,-0.0013846091657816473,-0.0031062277292304152,-0.0032015796650193273,-0.015311099611204249,0.001004108607433274,-0.009133869287912155,-0.003907324355251873,0.0,0.00638980891493679
2024-01-05,0.0013686643139205756,0.004247436605067545,-0.0002715698491693175,0.0008269276831485151,-0.0008622885561422322,0.0011672683005992113,0.00156527407809115,-0.0022193700681985007,0.003726228105866536,0.001661312200428533,-0.009612071613976703,0.00015844285681954062,0.021377081984078394,0.0007823642740119041,0.0,-0.056783791374811265
2024-01-08,0.014175043275426624,0.006337414636079952,0.024782874484577277,-0.011640470542220616,0.00880249872423633,0.006529976235244206,0.016888105093787686,0.007333157259911793,0.007257065461882206,0.004259463521960161,0.009817484300040924,-0.007846978293016171,-0.03884409556923085,0.005591951105394344,-0.0018258088738107858,-0.020432073224587288
2024-01-09,-0.0015182800236450689,-0.006337414636079952,0.0015880773433112338,-0.016139118288425625,-0.00014271579567814996,-0.003125524740448249,-0.003709248809323107,0.002615559166985193,-0.008187242054497723,-0.011518249144184978,-0.006396189340091674,0.0003193058065589227,0.014799550438628906,0.001554987753043413,0.003284044568134359,-0.024769044342090485
2024-01-10,0.005639599154959818,0.0015881753003155197,0.008480628890049857,-0.009883449443560455,0.004550513636895737,0.005084903173841582,0.0079723896128856,-0.002064310826337845,-0.00015521966238551954,-0.0013145778880274683,-0.004668342157556182,-0.0022906686849220037,-0.012392870067949424,0.0018113873376899292,-0.001823145927710712,-0.005501047194517827
2024-01-11,-0.0004408361335839217,-0.0037097437065298777,0.00507499859090732,0.002571826432332003,-0.0007098518313100044,-0.0023161314695077095,-0.0013055807642414763,-0.00013795225693247204,-0.023545272399450923,-0.0029941456815589795,0.0055994186107364285,0.001971362878363081,0.016243617339116057,0.0032261155273687336,0.0007296121733051386,-0.019897195079787267
2024-01-12,0.0006926081611151602,-0.0018600454738506578,0.003230329772264895,0.011189472269586886,-0.002487551377181596,-8.917295677957071e-05,-0.012112798837889294,0.003164622483137869,0.005701677583180409,0.0009590678921531648,-0.001966477096995156,0.009746417465784418,0.005454353054605399,0.0010298895464506685,0.0010935337544055734,0.020684924866265497
2024-01-16,-0.003677996251269633,-0.006938811184741933,0.0024936782355080567,-0.024115159802262642,-0.005995719841908276,-0.010130598527275048,-0.00115042176667135,-0.00550990970071652,-0.010956830158011854,-0.011570746992263903,-0.017770170409215247,-0.00953348146491706,-0.011384711744944376,-0.006326331909698446,0.00870518777867435,0.08596098276860786
2024-01-17,-0.005574135160253846,-0.0018763930735872236,-0.004941467038038105,-0.00833598488284748,-0.002006512488077483,-0.006780944554501289,-0.008786256615986865,-0.0006908782477923481,-0.014636456050228563,-0.0072999579544945625,-0.0015828831311699432,-0.011077075533253655,0.010207980185229282,-0.004283533371432391,0.0007219736262982224,0.06638831292880765
2024-01-18,0.008853435598016546,0.0016085068934685864,0.020081618433723136,-0.0016255907419306936,-0.00014323191834275661,0.013426733187557716,0.005673571797168542,-0.001244626860965603,-0.01075099490164444,0.0031700155460976376,-0.009339209045647223,0.008199176794244423,0.01635065794270929,0.0020793197299768806,0.001082095516096171,-0.045651069347886875
2024-01-19,0.01238902098916661,0.015945081272867423,0.0227885083458359,0.003248337213106467,0.0005732609094248886,0.0065127996924383424,0.009594889916683336,-0.002910243304376614,-0.0013111237782488239,0.0009731096282927787,0.003193709700172853,0.0029842685447007966,-0.003481260674957909,0.0016860188107195029,-0.0014429799622104333,-0.060536155226905475
2024-01-22,0.0021121548236600063,0.004734458200428726,0.0043867935592993845,0.0037352534247778735,0.004364657516183534,0.007707055185999678,-0.00441263052531049,-0.004869799286128185,-0.005096608077999054,0.002914628645771078,0.005934151261206111,-0.0037851116316351963,0.012562474547873848,0.000777134328925122,0.0003608844461142624,-0.008305114652697565
2024-01-23,0.0029122986838139298,0.0015729770414685262,0.004020692864230568,0.0021101596025951963,-0.0007143009610244277,-0.0007944077016404094,-0.0024151297680763406,0.010820096137916124,0.0018114942757874175,0.0032683401669717504,-0.007955712676507964,0.003891551309362029,-0.0004305529737553826,-0.001165928087448087,0.0025229962870056966,-0.049738254140188065
2024-01-24,0.001092471266360029,0.0039221687030015495,0.006862220278016196,0.014160189836054382,-0.009186728208012696,-0.006201431428947579,-0.0038068480273629746,-0.012355560919873554,-0.013749780508385712,-0.013628609993808993,-0.0058744383570124015,-0.008281084265806093,0.01255362027769813,-0.0005188945678540335,-0.002883880733119959,0.04594035840873767
2024-01-25,0.0054241692601904035,0.004946029524465878,0.004173399837034353,0.02224735183113946,-0.001515254422142398,0.009551783548579884,-0.012444061733747347,0.009592237565960282,0.01785453969780182,0.01048152449122286,0.006513229762312278,0.0039621270789886864,0.023675580751622682,0.007623593779833904,0.002883880733119959,0.023318052682289814
2024-01-26,-0.0012711417633122224,0.0036287662935960974,-0.011580836579871523,0.007386341292257903,0.005688337941676558,-0.0015856646809080388,0.004553669069689903,0.004830591593672828,0.0029449854975784895,0.00036338537883651156,-0.0019175996841296339,-0.0006949345993065847,0.011972827343507575,-0.0007725310054222945,0.0,-0.01422708984802723
2024-01-29,0.007888114660332235,0.002584069003128686,0.009127951645648835,-0.0014255181098339342,0.0070121081007759045,0.006502572076936275,0.014514429968645715,0.005766209886620466,0.0063513147829628025,0.004957027349375309,0.011450735627181352,0.0070336909422517024,-0.014467981080234615,0.0021874791267855187,0.0,0.025317818772460754
2024-01-30,-0.0007737273672558942,0.01256597151546135,-0.008285525442288666,0.010288069583249015,0.0022791430973692073,0.00035034845517856184,-0.000574420224935146,0.005596870248101737,-0.00032473072531402636,0.004572096446603169,0.009025096244239528,0.00137957417666712,0.010492910073783612,-0.001286326834385676,-0.0007201537302292671,-0.02155415685780726
2024-01-31,-0.01645204849028392,-0.012308003057039496,-0.021222050315723884,-0.018882830758855107,-0.0013526288061722624,-0.011625056617924123,-0.018376623605052878,-0.0073782749563067185,-0.002113157053168724,-0.013171556840354537,0.009772439396710908,-0.0007426235867571407,-0.026300819488011662,-0.002835209005250583,0.0025183834624091794,0.07523430485544269
2024-02-01,0.013003399552308892,0.0015468231106829933,0.012517354153654736,-0.00012000197245365385,0.012881528671018216,0.01686464506165919,0.019065888290555222,0.020227286662744426,0.018860736625770702,0.016527425627657077,0.019426022773598284,0.010346957700094528,-0.026431976704886395,0.005742526934307435,-0.005043199645483831,-0.03330100546520498
2024-02-02,0.010472269859095995,0.004113134459703183,0.010288120297190062,0.0014376898596513144,-0.0014777129657916888,0.00668446943144918,0.017694447761977372,-0.0032302515566673407,-0.018210074115409647,-0.0058801817003000245,-0.02233633116941469,-0.009498266920116016,-0.02284471198557725,-0.0045242543395822565,0.008988047928578435,-0.0021637031473935586
2024-02-05,-0.0036477137997428244,-0.005917926028808029,0.002271903283038057,-0.002517364881132078,0.0030938770113264624,-0.005465683327115833,-0.014199171134242405,-0.0062215012443855855,-0.021036145965555697,-0.025722021061419742,-0.020400585812469174,-0.005529246178959113,0.009875504488838338,-0.004674690737900278,0.005354261756050693,-0.013081603859306679
2024-02-06,0.0028989838429840376,0.002062499026436182,-0.004598517455723261,0.0032356330545466605,0.010823803963034173,0.00892064893233524,0.006045168079459984,0.002303764412948439,0.00364731667867213,0.017504636304839227,0.009726336953438164,0.0052110917695982195,0.009197776548201197,0.0036375418881089416,-0.00285208242083268,-0.04564950033878068
2024-02-07,0.008305906571320243,0.007440517854443662,0.013145989573541073,0.0020319179679058053,0.002705016895532708,0.006616987411555364,0.011138495589118946,-0.0009479532010638891,0.0006616414330213871,0.007976929800417754,-0.004851164501683769,-0.00026523300170389064,0.008825936323178851,0.0016845789675352663,-0.0010715854973746275,-0.017767983297182433
2024-02-08,0.0004414636674416883,-0.003841806522679292,0.0031257037936525123,0.010216319373170801,-0.0017332817850048698,0.00017131847040463555,0.004376197472749865,-0.0002711036877647288,-0.0071362552431106785,-0.0013251254226656073,-0.005831679502501963,-0.0009022539588237066,0.029802099871099053,-0.0005180473400985264,0.0010715854973746275,-0.0031225600728288505
2024-02-09,0.005762825467527932,0.0028188346670448006,0.013368399637013084,-0.015483870395623267,-0.0007633714176886741,0.0015403444997774685,0.0070844326226700005,-0.009257959373652369,0.0038233213238774155,0.0021672815650424226,-0.002022452369646821,-0.0038836838223863523,0.0020951405291489422,0.002070694816389107,-0.0007143118290189321,0.010886603777725323
2024-02-12,-0.000439114609222635,0.004595356663315009,-0.007631238039769173,0.010982429299756458,0.0013182249601930707,0.001452616888594882,-0.0008341307677470766,0.007087477276816578,0.011547499309028542,0.007907261363509832,0.0011716051441714725,-0.0026153866387215174,0.00612051493542598,-0.0022000775940345108,0.0010712764940805641,0.07449459331360897
2024-02-13,-0.01386871795304323,-0.0135917429598722,-0.01711435920347526,-0.01014280143324564,-0.009335876503065776,-0.0102988810890432,-0.02011754589882564,-0.010787415404272416,-0.0167043701884233,-0.014181328843451801,-0.017283489012368314,-0.013884637194948368,0.007460671626600579,-0.00806460091401906,0.007820864004598693,0.12912471469125686
2024-02-14,0.0090465600144789,0.009508104377828897,0.010401558822860757,-0.0009597738976134806,0.008642592654038772,0.016597225545862848,0.010502659629343825,-0.0019239143889144827,0.005488726654491849,0.006394537196700245,0.005076333636714558,-0.0005962900909111113,-0.01525686236488255,0.003910222640982397,-0.0017720991088685523,-0.09733116413954024
2024-02-15,0.00687609949505763,0.016990278397242875,-0.00210125016128071,0.02747047305027861,0.00725978340531519,0.007438718286173263,0.011504567530669085,0.006444168049704935,0.016613624031784457,0.01870543936826019,0.005157842848012351,0.006701308514328375,0.01786865592876996,0.003506300568156817,-0.003909722087991341,-0.026066983565291135
2024-02-16,-0.004992478223492469,-0.003526592711128096,-0.009237771979154097,-0.0005842723809341699,0.0032329025188939653,-0.0059973758275226885,-0.0059590451544400125,0.0015024446938278757,-0.0011427542179753836,0.005297435780923454,-0.005804504762215501,0.0036558786728404513,0.007795011425060672,-0.002985915439382758,0.0003560749480322478,0.016283513224718327
2024-02-20,-0.005520465918020356,-0.002779359088580513,-0.010221345003621707,-0.009157123116193322,-0.003370569678939006,-0.0031396443208109304,-0.009485217687098313,0.010452725314200606,-0.0006534263778461558,-0.002115570372872355,0.0008619408034595821,0.006045896751115443,-0.013577736954721864,0.00207815165764913,-0.0014250611609796238,0.07961048317224284
2024-02-21,0.0009053461647363648,0.0030316999916801812,-0.006303801674186538,0.018578534218940845,0.002202372255305285,0.003986594122739717,0.007360101885113046,0.0036393697941123904,0.013150615616266403,0.005514717446485573,-0.0071339260330161025,5.331114505757739e-05,0.0107129002229156,-0.0018183465740637672,-0.0010700565947914242,-0.005201567196740253
2024-02-22,0.020484247589623195,0.011537701730756744,0.032198755740504126,0.0017350950863126435,0.011688364476258428,0.012283517980248071,0.019238531360712408,0.00309011126604819,-0.007772190554662384,0.010012999229047193,0.004869585154267497,0.0004266309391010026,0.005449625726195784,0.004798300175199444,0.0,-0.0535603364043844
2024-02-23,0.0006894821917775573,0.004975009340817849,-0.0023355697077347415,-0.006609150673245079,0.004745365126603396,0.005254240268690147,-0.004513072954122066,0.003080373656140445,0.007126749547493816,0.005890684703045768,0.013298069269500168,0.005635602023986053,-0.023090640299018972,0.000646509058651823,0.0007135472860855252,-0.05586464536920488
2024-02-26,-0.0036693026129377415,-0.004975009340817849,0.0009739176028862317,0.0034840001225191486,-0.0051534292755377464,-0.0014985468269088642,0.0030841792943023805,-0.004019693739861552,-0.01988638445580948,-0.0060066375204659295,-0.002987673297043081,-0.002229172292928183,0.012024231004057917,-0.0032373038275608224,-0.0017848237801660893,-0.0007275539764437511
2024-02-27,0.0018559628014545027,0.0027394111473748595,0.0008754744848129548,-0.0042987054587309,-0.0024501533315897106,0.0014985468269088642,0.0032941087107198896,0.00013408612928689223,0.018756008441406458,0.0037007026838993262,-0.007076917636622326,-0.0010632481058259202,0.014457392607702069,0.0012960654320322007,0.0007143118290189321,-0.02282023687755208
2024-02-28,-0.0013225150636069216,0.0037237488276642416,-0.0047274880613521475,-0.0019812415135005423,-0.004987247171221121,0.0034044589728932095,0.003938319938582069,0.0010734647735315406,0.0030653184251487886,0.0031120056246440875,0.006328873804069879,0.0018068578078276332,-0.0031192230570935564,-0.00012938277764540373,0.0007138754982252138,0.030071927956075495
2024-02-29,0.0035884599443001264,-0.0004957387000823488,0.011076754367769226,0.0048876689600789724,-0.008183297738534101,0.003062592891033944,0.006746983884978519,-0.0016106843917569336,0.00032204963926174557,0.007566054008513845,0.007032336974577724,0.005137049487700551,-0.0035379289902675026,0.0018121132222734815,0.0021382069226074663,-0.032308282725684645
2024-03-01,0.009344596683783735,-0.0012404230036660024,0.018097797523015657,0.011542060773716223,0.010440899626392053,0.004288270939788674,0.003302434992736636,0.00013457852830800476,-0.006137945816800716,0.004557839226536409,0.0062118498084489104,0.018734204946424526,0.021575789448461613,0.0037384393020705176,-0.0017815704696855228,-0.021879406901220477
2024-03-04,-0.0010730971084056407,0.002478916833246636,0.0,-0.01072962313162451,-0.0015045740575541089,0.003614248690484878,-0.013604288512832241,0.0008052296212968102,0.016709906216280768,0.007249678969257545,-0.004030608855214446,0.016045575240363874,-0.012754377643168446,-0.0002591973988650409,0.0,0.028573381665131237
2024-03-05,-0.010044284116081492,0.00024769135841262724,-0.024884780645854754,0.007396210454705177,-0.007487578281845764,-0.00823307429853326,-0.012514982659940443,0.002412898111932904,-0.0028722133151024565,-0.00531884533918392,0.01414122858401523,0.006002093012313026,-0.007595387002346854,-0.000777882052662271,-0.0010705119511471572,0.06943756611583574
2024-03-06,0.005054334569919661,0.005184566851013539,0.0078975280134026,0.0031041432979019845,0.006803189432103451,0.0051947546844637316,-0.003556867303734279,0.00839823345224211,0.009542070643184797,0.007348574711905531,0.005850944480149778,0.008181839163568405,0.012044254536371035,0.0024613522789449505,-0.0035765247941879075,0.002762430057806853
2024-03-07,0.009877570270971248,-0.0014786896582905662,0.01565793420801853,0.008458116293459383,0.004645913646488253,0.008027534949197168,0.007598691259508961,0.005691731227436492,0.006468515334973279,0.012203008367567492,-0.0009380136284553586,0.005667751261581699,-0.001480689254614198,0.001163673539950949,-0.00502870747624895,-0.004146545021177062
2024-03-08,-0.0060202334071659536,0.0017247466499212827,-0.014982527703002013,0.0035218403696446465,-0.001842065409296545,-0.0022053093208311836,-0.0037089964578154166,-0.007951100882887197,0.0025128505335922924,-0.005803307231295296,-0.0017742175296611151,0.008417025116951748,-0.01178959008470315,0.0002583475236273003,0.00035997491994432806,0.020562766827898926
2024-03-11,-0.0008602940963626793,0.001721971788841703,-0.002752629831798359,0.010268315674445638,-0.0005466185314810801,-0.0051645195184431,-0.002721092939816927,0.00544028181939904,0.005007028881914621,0.01124045719676392,-0.0005222883748627893,0.0018333385345243869,0.0035379289902675026,-0.00012899582533876242,0.0010792961770738074,0.0320454987448886
2024-03-12,0.010700023119378343,0.004168990683633744,0.020297446397718133,-0.0015728442776321572,0.004635679217151356,0.004428398900066632,0.008582738730015471,0.005147485376227223,-0.009723993200827952,-0.00011059147665681834,-0.008396592993046958,-0.011000916093968804,-0.003674281472148877,0.0009039770574412742,0.0007189335551061049,-0.09504740876347917
2024-03-13,-0.001568820209150168,0.007315378689510599,-0.010863458145285776,0.01583968068455155,-0.0038842915187373706,0.0026966999938737857,-0.0020973798190242476,0.0024979439534780212,0.006754152568024363,0.009802323374394017,-0.004859886498421062,0.006982966028737714,0.023444861555911523,0.0003873784253363155,-0.0010785200952598828,-0.0065241371020796635
2024-03-14,-0.0019787784911393658,-0.008049684109046495,0.00019159458081308145,0.010239354019288882,-0.0035567711423860615,-0.004252629145238274,-0.006374196569974622,-0.007778030992884766,-0.008015664319678262,-0.00527472766586401,-0.015476009174957284,-0.004183879789555256,0.01598563294504629,-0.00478610700744575,0.005381227191418425,0.046189355978421
2024-03-15,-0.006890145913350132,-0.0009802048456366563,-0.01520258737379443,0.002953392690492329,-0.003982305326219127,0.00016385523071438257,-0.010003237561168277,-0.00039683020249459133,0.0014191373696732512,0.0004407348332500227,-0.0003226076082389895,-0.003199519647615112,0.00039309151180599855,-0.0006489643469897999,0.0010727350247794476,0.0006942193314016798
2024-03-18,0.005925441767034023,0.005717355673207525,0.004902885454138861,0.0034511300520532195,-0.00011732841034461927,0.001773917400386793,0.0076091736932522025,0.0064079672363774876,0.004596921010339372,0.001822028587165292,-0.0030172468793443485,0.0016010012977574206,0.021386356804056206,0.002333193266258249,0.0021420974485217847,-0.005567162906394252
2024-03-19,0.005541705420745835,0.0048816006174452475,0.0051731833899335555,0.011346548360938513,0.006607022294688569,0.008578144451006686,0.008621040479901865,0.00370372341374825,0.008817655321887052,0.00011028210278407613,0.0028019660883593644,-0.0011504677080447223,0.005754084512536117,0.0040048018842933075,0.002493266886129941,-0.03623844025866907
2024-03-20,0.009206769263093939,0.011860271012312129,0.011125658699068453,-0.0014113311673562556,-0.002266185690357858,0.0119673373267144,0.014787300461277297,0.0030319938160072724,0.0012533965323013874,0.009988577618228689,-0.0003230534898497339,0.011841472011166587,-0.015159595337779663,0.003346789978809994,-0.004635364334651726,-0.05809524268421429
2024-03-21,0.0032992834776868207,0.008147856023532185,0.0007150571456087107,0.00595715848229883,0.0013053875274247062,0.009838191657542517,0.0058216933599304355,0.0005265699981684691,-0.0015670231920661415,0.004141642536341195,0.0021506948317178143,-0.0010391759354035912,-0.0055818968327043805,-0.0005144218743859952,0.006767565912467521,-0.009245049313565623
2024-03-22,-0.0018975526418989475,-0.011522202796331538,0.00033349386658976243,-0.0021621195379402103,-0.0013740475807377805,-0.003428388028676288,-0.008772739220670012,-0.004879885694097474,0.0014104185835313032,-0.006218826959421886,0.009515444334050827,-0.008053310017860582,-0.0018240967878453418,-0.0010290752631076927,0.005310661975109099,0.010777651718640424
2024-03-25,-0.002766596955210865,-0.0038703630157201907,-0.006643688731849728,0.0092643730980142,-0.0013761564616299182,-0.006489982805340411,-0.003289072383107161,-0.002780181935198023,0.0046868050118922255,0.000328167228183851,-0.005013642655108619,0.003189315361775691,0.013986265466977343,-0.0015454320623726758,-0.0024747558328677144,0.009904778937777525
2024-03-26,-0.0018486191231232851,0.0033874098881536696,-0.004132988304433205,-0.007750469530980908,0.0036426063187926516,-0.003624125636017439,0.001262038878304672,0.0005303387142081561,-0.011443147502219642,-0.0007662397058636472,0.0027764420698224157,0.0032287432792985626,-0.006062594660149578,-0.0011607845750596368,0.0007077399261574691,0.00378359830573638
2024-03-27,0.008368388611297739,0.011766192166100087,0.005091506921223399,0.00925051067059357,0.01322083837307897,0.015927517240831968,0.011504805382460681,0.01041324962842971,0.02752244674447768,0.014241757962970336,0.009869012190430126,0.007214572450621404,0.002842394889994715,0.0052768657371666805,0.0007071665141089589,-0.03536110516659852
2024-03-28,-0.00019075769445198176,0.005475584928324562,-0.0021583131898497143,0.010755638270644408,0.00013520527561539097,0.00015864110313046353,-0.0030948945562023766,0.0013102681066756716,0.00687826813396164,0.002694989854771457,-0.0008450292780715074,0.012817528202409889,0.015617331980804394,-0.002184579551418153,0.0028238937907860695,0.017836882062060244
2024-04-01,-0.0017416267421141995,-0.005475584928324562,0.0027810616841348335,0.007387226791601975,-0.008565632605132656,-0.0077305943321883674,-0.007478033222443337,-0.008020391271092109,-0.006111509331547804,-0.0023712348088404944,-0.01881684463182509,0.01015632882706452,0.011868760574353487,-0.004081471654842517,0.0038698338448273084,0.04802118356729235
2024-04-02,-0.006378254800716299,-0.0052655439469471155,-0.009670949233005821,0.013886903657965632,-0.01568868916606725,-0.004651259199282443,-0.01484787427443468,-0.0051619127940218945,0.0016844790166570256,-0.0036756057513822604,-0.005525924454005349,0.014664311961913867,0.013960126414517937,-0.0016893892771934205,-0.0014054604330087095,0.06796670857897791
2024-04-03,0.001097811719650288,-0.00048014967719200996,0.002655623441850885,0.006820251948292277,-0.001110277716453112,0.005131163280532647,0.0007226688347241605,-0.011074903018568172,-0.003986021409805307,0.005939218004076263,-0.0002173084747081333,0.008734121015036678,0.005677614386042862,0.0007801162987286503,-0.004581527600601376,-0.019350965747437332
2024-04-04,-0.012281014804849555,-0.011348721862082467,-0.015942023987824072,-0.0006181657283494957,-0.014546697868908609,-0.008835468093024268,-0.011794106316856734,-0.0043026952547879915,-0.0019988594615565347,-0.01017222582449362,0.00714690670832141,-0.005751211782366816,0.012475659167130893,-0.0007801162987286503,0.0,0.131872684158735
2024-04-05,0.010392604823793228,0.009426194251230147,0.011399106335526099,0.010660345126155324,0.008906907943836195,0.013781267203810899,0.005551084220191349,0.001615640145999464,0.002920112167910549,0.008987097865261529,-0.014016776351096105,0.016969399304689325,0.001578975056395926,-0.0009106977706574426,0.0010591737579752625,-0.01976591121825466
2024-04-08,0.0005590973965334811,0.004320595651758019,-0.0011631385413046758,-0.00634160856998589,-0.0032170259040142923,-0.0017521644416005344,0.009460683916944213,-0.0014810674264582602,0.006577487544149552,0.0007542646862570557,-0.00010923721082622961,0.006209168519561992,-0.002430190497246798,0.0023400884029012303,-0.0014124811238702684,-0.053824720473343746
2024-04-09,0.001156184223712664,-0.005765111031478032,0.0050307739126074225,0.0003078406740835149,0.003566152005101131,-0.0023142092056520625,0.004697159503304071,0.004838895420236078,0.005473371243901237,0.0023668980450435306,0.009259040647223493,0.005482001328254604,-0.012855952172335705,0.002076293668554108,-0.00035343223610828645,-0.013921341452395097
2024-04-10,-0.010063512295973354,-0.015048909324509196,-0.012331504926917702,0.0030725356630361134,-0.011795337087449731,-0.00858598250207887,-0.015556787485382806,-0.0036270291491540263,-0.017282443690978422,-0.0157040651814242,-0.022035045023219624,-0.009508923035404848,0.011516848985476003,-0.008852127474245464,0.010548643577713346,0.053294004573997356
2024-04-11,0.007518406378062892,-0.0071174346678613,0.01978266303937115,-0.0007161537038120613,-0.004105054308025657,0.0011276380512823536,0.0080309988986631,-0.002425202944134952,-0.0020076282768091147,-0.0007642218040433413,-0.004554460721172937,0.019246832874495468,-0.006599795260322061,-0.000915582039294982,0.0006993262332528616,-0.057977833562030234
2024-04-12,-0.013899115599160794,-0.013389714233823735,-0.016320306073397184,-0.01640470217766632,-0.015004229277959524,-0.010763674981082438,-0.016352591384198867,-0.010168950182685599,-0.007603464790795211,-0.01785566464758004,0.00533037086476007,-0.013327746093359849,-0.0002453307865666332,-0.0005235337897442349,0.008007010201731113,0.1492522197928512
2024-04-15,-0.012607243728592898,-0.005004886054151836,-0.019168020107483308,-0.009406405124692263,-0.002017697106650118,-0.007186171256372553,-0.016796635125756687,-0.004096468098447659,-0.009232426813740258,-0.0047935169022919055,-0.015627234178134053,0.0185461080043563,0.00147080240214148,-0.005778180914672859,0.001732122440361028,0.10518719746045635
2024-04-16,-0.0018255771296331602,-0.006796841148434929,0.0011901922576997848,-0.008754019047825246,0.00036034050738376067,-0.00229727266057278,-0.005700498710179858,0.00041034738648004776,-0.013293443293617369,-0.007740132965549762,-0.006659175662618644,0.0012212692273934067,-0.0039268634119462575,-0.0032980872032899455,0.001383655024690622,-0.04412089191313573
2024-04-17,-0.005935757700412658,0.0025227897900754748,-0.01452805642426025,-0.0028642185474230253,-0.0017318961368308905,-0.00518841947654014,-0.004862661117635447,0.003686120711967611,0.02065505201888307,0.0022496530665079284,0.011036972361035069,-0.007395532411290873,-0.030206965750945614,0.0013204715266805778,-0.00311577746505165,-0.010379800419449747
2024-04-18,-0.0020598885266887024,0.0035211681562641317,-0.011481331872106537,-0.0030855999526471223,-7.23658349759404e-05,-0.003473940588246016,-0.006228436424710715,0.00462290697243084,0.005602365872778847,0.0003369046027659195,-0.005052695287120379,0.00340963671078498,-0.001648866893956935,0.0007914238186561562,0.002078287054793293,-0.011599085567274958
2024-04-19,-0.00876671355849723,0.01371427769256428,-0.020817444434602095,0.011969857910487214,0.003749480076423062,-0.0018243990326958226,-0.008797170165609991,0.009719215606490472,0.015246110198007923,-0.0007864663100423108,0.0035959037443840103,0.003126642096903609,0.0008881520097094864,0.0018440706330231649,0.0,0.03868633345731798
2024-04-22,0.009167052026114675,0.012061522509096978,0.00889417776585777,0.006507080268098875,0.0038070729062873454,0.007525309877012276,0.004408304416850584,0.009492663661486489,0.009128495588961005,0.0010111850907201791,-0.0016842591445911381,-0.025012716627156983,-0.0008881520097094864,0.005512921202671883,0.0003459022105474219,-0.09938037060315086
2024-04-23,0.011796843117986455,0.006341388426585048,0.014717221632877475,0.005529249817223025,0.012963984543339357,0.01382719518012454,0.011835028324776786,0.0027905261691456573,0.0046836549401581,-0.008684548967488492,0.0003370977202301617,-0.002461690648096315,0.01511750334316364,0.0040489328943449365,-0.004159388765339944,-0.07665418074960373
2024-04-24,-0.00047476505043864137,-0.0002430540268654191,0.004555176189199983,0.0007281554650306887,-0.00311867283734113,-0.007994866035589077,0.00951779692207566,0.007535204504076631,0.006011396206111463,0.0006794588258052237,-0.007101314960600291,-0.0018618228395403946,-0.004260173858720684,-0.002218366926275195,0.001041452356084438,0.017688438946844798
2024-04-25,-0.0038062567670706926,-0.005853793801140039,-0.00217371352672302,0.004563519910596003,-0.006695718170197651,0.003026029838617106,0.0008607466366079564,-0.002373291710054737,0.0026933955069727844,0.007106180240702198,-0.007038183159426836,0.0059457569557404,0.009995123722986499,-0.0020926747992069394,-0.002084062145654375,-0.03829442884280132
2024-04-26,0.009429420088379992,-0.001468915079144928,0.011222208236634224,-0.009252942034722267,0.00028578391724920493,0.0016317034898767346,0.008964930926312675,-0.002114545890949948,-0.010968414615977196,0.006162915536841673,0.005226402745370784,0.0032366836371746643,-0.0006218125076120629,0.0031373722536951476,0.004509931729930194,-0.0223693641062761
2024-04-29,0.003535171031860962,-0.0014708822601514626,0.004294353792060335,0.006766184616130211,0.003352393654152408,0.006663038576543379,0.022984327850323893,0.003170037639537604,0.0135055096385992,0.008343046254481568,0.008351454522741442,-0.002033283758808402,-0.01113276108720207,0.0029971851594670085,-0.0031200983474315436,-0.024243588642927083
2024-04-30,-0.015968040441022957,-0.00986185611971413,-0.022270021831721998,-0.030227064225598177,-0.0007122769608551849,-0.016000430741006433,-0.02463416599168955,-0.0043614778113836294,-0.005230490529594789,-0.01833462844468814,-0.008578027085144768,-0.02013850411793694,-0.014188263930674516,-0.0073134146444804315,0.006230563088536201,0.06466629525553147
2024-05-01,-0.00325237114924537,0.0,-0.010293933680181055,-0.01606062103124062,0.0017799675565877138,-0.0024717480249467627,-0.006283138202042515,-0.006377569753904133,0.01147128774859274,0.005176684003299403,0.007343934297488808,0.009021337418355202,-0.03175689048529673,0.005256887100459018,-0.0010356994804059383,-0.016752922452140773
2024-05-02,0.009309914967841948,0.002474426027645027,0.014310891119552416,0.005742347535861114,-0.0007116294408664459,0.005758001469756913,0.01252704494682888,0.008362301331723998,0.0053183011985025175,-0.005176684003299403,0.004281892038036084,-0.003091862325121042,0.0,0.006142046386004907,-0.007628394950007333,-0.04723192618404859
2024-05-03,0.012319078091801217,0.0022220428313262097,0.02747841723538169,0.0001081450670663564,0.0024883217859121842,0.006947563804119206,0.0067112621674425554,0.003035703167381776,0.007925356885178036,0.010103421770048193,0.01006812409803004,-0.0007979449099417835,-0.010591957420973408,0.004160013690907682,-0.0027884598596332744,-0.08453739072202415
2024-05-06,0.010274021101716713,0.012742244618904941,0.011681647780990012,0.007855001661480898,0.004039443736551185,0.0100496515333246,0.010623053540298244,0.0005271944966036557,0.005102892161171546,0.006013238589500869,0.0038882253061336414,0.010463427933373737,0.007029757783726609,0.0011668399199642465,0.0010466108060840362,0.0
2024-05-07,0.0011026331513885879,0.0034029583938681718,-0.0032747595108713057,-0.0009650499156017567,0.008240419185933767,0.002737874523702999,-0.007200193584012027,0.010873127879121647,0.01128016776015528,0.011809572782422784,0.006080094926939061,-0.004610940499420124,-0.002117011352089193,0.0001296022766030802,0.0027855470129276583,-0.019461709726451115
2024-05-08,9.684070832172154e-05,0.00363340616804253,0.002835506373072505,-0.0011809182626087988,-0.003442998247594531,0.0,-0.003760144079401506,-0.003001134150891538,0.01044248190196928,-0.00461873926246037,-0.006080094926939061,-0.0029453952906237646,0.008047014043656375,-0.0023351898443557673,0.0013898333824986508,-0.017537586064898303
2024-05-09,0.005745207797495766,0.007467254769188525,-0.0002928671018809226,0.013336950813845672,0.00855008470781815,0.00992252830302931,0.0067805138996792635,0.008588068349482114,0.015112380113688761,0.01107162520551519,0.00486688192150897,0.015655419861163367,0.005372430403400408,0.00025998484767608687,-0.0034782479154040757,-0.02413510880196279
2024-05-10,0.0012874600704080308,0.0038322597318876106,0.003704331055848442,-0.005526491679898271,0.002021776996415703,0.0007162384209777883,-0.005375665939377328,0.005684884434875137,-0.0009817368307394325,0.0011983828643700178,-0.005643448541506224,0.008079783894319625,-0.01607192536819646,-0.0015591221575599334,0.0013927369412889412,-0.011093567883784239
2024-05-13,0.0001340577669433074,-0.004072353132594575,0.004708185927010611,-0.002667938778718071,-0.0009755694802793258,-0.004225943586118497,-0.0012924364143467315,-0.0028382978326808583,0.0,-0.0006535562939249395,0.0025490499644869047,-0.011265319955387376,0.01096219390675568,-0.00026027792445670883,-0.00034802036776193646,0.080349140015461
2024-05-14,0.0045777288521460235,0.005028104162230651,0.008822466620685532,0.0012815304322200127,0.004243241360849304,-0.00023970008749518712,0.004543647042421384,-0.0019398132033945359,0.0026623287534790485,0.000980044384558898,0.0056287531537071445,0.008426442720749883,-0.01215818057523066,0.0015594152343405554,-0.0020905257213028605,-0.013323683562622257
2024-05-15,0.012307142355696854,0.007376634696121265,0.02226174783128876,0.00223866858056887,0.014745726001329729,0.006532399588651039,0.0015098859690434452,0.0006468479439529773,0.014862353802239436,0.0017401636997469438,0.013555254779930692,0.012757032448187822,0.00886892020505936,0.00582711088494392,-0.006298144635700886,-0.07502552963798115
2024-05-16,-0.002059759065788036,0.0,-0.003479838843550631,-0.002772286942776425,-0.0011634961672584154,-0.00597318873452668,-0.006503342479499352,0.01413015179829813,-0.0034527785814075784,-0.007197339690478088,-0.0009778480464808226,-0.0039009421414322176,0.004864306617097469,-0.002326367856853473,0.0024539339829692253,-0.002412524942484673
2024-05-17,0.0014365111167355948,0.007322618173688067,-0.0022161960875068942,0.01389106672974938,0.001915657773094992,0.0011178610280087042,0.00510534590746925,-0.002426539396358507,0.0008297772665510905,0.008500478106242326,-0.006761152664090275,0.016363162829441613,0.009398335918171519,0.0001294345410149944,0.0,-0.03523513269813394
2024-05-20,0.001151627358334295,-0.013744320233170626,0.011686526722789914,-0.0065503925615617575,-0.0021211595436243513,0.001912974294327796,-0.007470674808473632,-0.006928375137704279,-0.0016601309523238683,0.0014097764541713964,-0.002958529101149132,0.004015863208073789,-0.0031229414661702037,0.0005173466974506269,0.0013996314367710205,0.013256188439842997
2024-05-21,0.0024491098199828087,0.006421702059482559,0.0016318466028666379,-0.00488787788568823,0.001710900593606901,-0.0032702702720834864,0.006406784265686305,0.005905019305752823,0.008960061775099781,0.0,0.005144588992386012,-0.0014706294501545258,-0.007456371371993953,-0.0007764567075732032,0.0,-0.024157773768248347
2024-05-22,-0.002883195563581964,-0.005706077006284449,0.0022335081150446356,-0.019359656680459025,0.0017761416988539835,0.0011976062876266624,-0.010474180374138164,-0.003975581273278905,-0.011872193486205163,-0.009801027713914223,0.001200139263335842,-0.018544867564565415,-0.017083125640255048,-0.0022025663310358823,0.0031419547274431636,0.035614555852416796
2024-05-23,-0.007331205517892236,-0.013925823220549027,-0.008167437957861345,-0.009164289304593787,-0.010980643781532073,-0.011880998999979298,-0.01632264380083548,-0.011892687064269936,-0.017087171419277514,-0.00890339334562329,-0.006454917594477472,-0.020146148039186684,-0.005625594787958654,-0.0035085933086120846,0.0020891415738524266,0.03831278541720984
2024-05-24,0.006594721309514995,0.006026208426532786,0.008399904286792825,0.0014237618610577485,-0.0033871971516221677,0.005074614726643389,0.01001921978415421,0.0025973703132695647,0.009979765663958862,0.008684492135614175,0.002959404442853142,0.000926684101738573,0.01201618668264004,0.0035085933086120846,-0.003135387300632342,-0.06804244420089045
2024-05-28,0.000698625837484812,-0.011116662410395772,0.004219926078853575,0.010235181972843233,-0.012191486123205308,-0.012287818198689848,-0.002452769914253139,-0.00781254385673602,-0.0009795388547115813,-0.003838242212720555,-0.014439603867793416,0.01045829379441443,0.03019646663723563,-0.004029420927744276,-0.001396627210537904,0.0797202425692003
2024-05-29,-0.0070271441216522845,-0.008051885676058301,-0.0063598937398081645,-0.017815734030075525,-0.007810593022103518,-0.014254368772001591,-0.006588695250242971,-0.007215284551103096,-0.01296335557273176,-0.01438716078108726,-0.012175276203678642,-0.009347362870368414,-0.014135020319737457,-0.003000006147000356,0.005574915067253716,0.10008343395238173
2024-05-30,-0.006655857884132921,0.005375377489004407,-0.02308366671354367,0.002863407877748525,0.0004943602618920906,0.00682477514635238,0.005903487812305208,0.0026297092674747446,0.013383210358808295,0.008104498072198929,0.009618478194833635,0.0018949634848048902,-0.013675438975927712,0.004041390265056677,-0.003132042129935897,0.013217620885411119
2024-05-31,0.009067043463653945,0.01451395334557537,0.0015714766358829735,0.024547439593516795,0.014509835398379245,0.012055325249589188,0.005584569201933398,0.015506063540801307,0.017478604884841875,0.01198008308719345,0.006766778600659329,-0.005881436093592818,-0.009444687322324619,0.003506546010243916,-0.0006973755114825231,-0.11330105483779285
2024-06-03,0.0008149081950632464,-0.006263571108617416,0.0025187099502108623,-0.026528814208348628,0.007003997012649421,-0.012301219100761429,-0.00045466727335785606,-0.0003880045063064941,-0.0114792602950331,-0.005917299075070659,0.016045125428619578,0.008878251926791592,-0.04078298326298757,0.003095572334151697,-0.005245731520841179,0.014598767328195095
2024-06-04,0.00111738406571682,-0.004602241042825916,0.0020861390720359196,-0.009632137463503554,0.0028979993583782004,-0.002461946563806272,0.0010229536420860441,0.008629182868661545,-0.00041734294907280756,-0.011162086642570568,0.01161354774867096,-0.009017596418210871,-0.01035561315052913,-0.0005198178280432231,0.0003505824738527785,0.003806642714591746
2024-06-05,0.011814869948516105,0.002909151843647262,0.02197077437561923,-0.00011118724106884414,0.0045374245825460235,0.010056104154245737,0.005832771024351757,-0.0021824652000255185,-0.0057218577190374376,0.006866780849171583,0.007311303129881708,0.011775993219295344,0.01119053607802023,0.0032433487655154636,0.0014011021058633055,-0.0411069688789083
2024-06-06,-1.8523184051488784e-05,-0.00048433504026812457,-0.0033417713461272314,0.005215564959726304,0.00328715019034842,-0.005956113479419045,0.007257541547365243,0.0030798362994968187,-0.010410913353268825,0.0011031115287476467,-0.0015009100019574007,0.007364174396756518,0.01887762200453924,-0.0016852642716917998,-0.0014011021058633055,-0.003966700215845442
2024-06-07,-0.0012164813707471467,0.004590930175053298,0.002321805029693813,-0.003992365445436352,0.0010931755821577127,0.0010633398459267696,-0.004100621790332326,-0.005009209924708102,-0.010949239177694636,-0.010083589596320497,-0.01851595272779427,-0.03633551284065817,-0.003281456255550097,-0.002597746763930431,0.008377030119867346,-0.02903426961235933
2024-06-10,0.0030848903048878995,-0.0038645633238587607,0.0025477173008310317,0.00752805409158519,0.003681006765264172,0.0031015841826205204,0.0032034245688485896,-0.0007731687269165732,0.012785986965742513,-0.001002847219210512,-0.006689056705846852,0.009126408480625514,0.03286937214885288,0.0009097495824494928,0.002430151897371502,0.041672656583176426
2024-06-11,0.0024055602900636686,-0.011439975084223342,0.018427402606143062,-0.0019873712868028193,-0.004159266191622102,-0.005720889347427871,-0.002640629932693983,-0.0005155692523794997,-0.00608842339156368,-0.00033465395199305803,0.010288997394698463,0.0028525382508943764,0.0006624237024839275,0.0012988154445805478,0.0013859807180636174,0.008597208849178362
2024-06-12,0.008179448608894191,-0.0009795306355688815,0.021878257177785798,-0.010777258057714345,-0.0021204342137775,0.009462492112456644,0.0103536315452315,-0.011019635075057543,-0.006554571891245864,0.0018940073899900156,0.007485726491318623,0.002658183908153866,0.006205065835254153,0.004014704970841443,-0.004511496602979115,-0.06510940431526668
2024-06-13,0.00201136967270088,-0.0007356411688110853,0.007878588999930436,-0.009202136681603523,-0.0008219307647880925,-0.006434609857790541,0.0007790834327394691,0.0013025868168998755,0.002284510181719046,-0.0003339551865662038,0.014592365330816648,-0.008183543017197259,-0.0031637976724212535,-0.00012935239202693793,0.003818710646122714,-0.008340363891643499
2024-06-14,0.0006083161601724285,-0.003192590037272236,0.003740355412044316,-0.0074685561636376185,-0.00034243521090004947,-0.010101463062607507,-0.007931351434070422,0.0018212388865066487,-0.0024275018646520152,-0.009284588367072466,0.00837988612356444,0.012876289526632334,0.0044790480357619344,-0.003885352578814505,0.004494411049245972,0.058553331842595924
2024-06-17,0.007927437386661573,0.008817087780881305,0.015039846023427117,0.0026088876293859364,-0.0010289887058734237,0.011000002365534556,0.01739962808848361,0.009441720378397633,-0.011070453444654405,0.007389947758192239,-0.009978705480267358,-0.005205175700450759,0.022227457683274388,0.0006483285416605256,-0.002417562658478367,0.00708386694116081
2024-06-18,0.0025373834067190515,0.006319712559425206,0.001254011604435945,0.004183034329264146,0.0013029897066809681,0.005373707944762884,-0.003367481314621834,0.0012866443844234965,0.000433569737178896,-0.001116163158835004,0.009133441879896509,0.003999264104051825,0.0112489650781189,0.0031077663471723582,-0.00034585388663410654,-0.035931993719164
2024-06-20,-0.002720369556714175,0.005316730248124735,-0.011299034836759425,0.01822185535556553,0.0032840100235196346,0.000649420002022616,0.001271153630383104,-0.00218787442770374,0.00863308345842384,0.0010046384075943493,-0.006682613589044983,0.012407060942233983,0.009362485957576716,-0.0006464276736952712,0.004142301913199642,0.07665984605542553
2024-06-21,-0.0013416220821955704,-0.003863915933624895,-0.001749679766572143,-0.005776999181065001,0.00279668261058319,-0.002112190840325212,0.008413816730690193,0.0007726517968009716,-0.005891107634212744,0.00011152475124065475,0.0,-0.015614512577114326,-0.00961670211843213,0.0011635809758292481,0.002408342088100035,-0.006042308797982177
2024-06-24,-0.0032558051759181694,0.010222880620605945,-0.024822087266930914,0.024902022548997316,0.0058160742005775035,0.004242416039378583,-0.0042787282761374,0.010606842731282207,0.013061604119217751,0.006424486144501973,0.004036030737966101,0.003949755820411127,0.0132618986004438,-0.0010345741901947036,-0.003442327823999225,0.009800313324426213
2024-06-25,0.0038434737094741322,-0.007481680014485459,0.018177509777813405,0.0022979640534246393,-0.003132390544477559,-0.00856843771805238,-0.0040315497932006394,-0.0064385142295009246,-0.009508752947100962,-0.012777562846414625,0.0016946409259368522,-0.004974590412272661,-0.010088300314374798,0.0012931619328391264,0.00103398573589919,-0.03745181832153355
2024-06-26,0.0012471490362919724,-0.006318294451936879,-0.0011485058612015209,-0.009885801602798061,-0.003552470965076715,-0.0027082488199390298,0.014394342117599379,-0.0020689316612720887,-0.004206893036160064,-0.0006771790567827729,-0.01438886415401086,-0.009271011435783016,-0.001902969485489514,-0.0021987910218026485,0.004810897996895491,-0.022844629369817238
2024-06-27,0.001575449413540042,-0.001219687337314035,0.0004860620674502769,0.0023154467040109594,-0.0016439347768146817,0.0010678727957298406,0.006090504291902832,-0.004281175797701486,0.0017430838322738396,-0.0028257487158049877,0.003964071452390527,0.011273144249924094,0.01474783372346078,0.0011642615334599427,-0.0013721923107459233,-0.02501142239110621
2024-06-28,-0.00394294273895035,0.0034114018251298894,-0.0005303667500085041,0.003847352148436567,-0.000822981945938217,0.0004104267495259606,-0.011176397471201582,-0.004429748963169722,-0.011237106445892486,-0.000339899739128402,-0.01878055988013827,9.297215668002679e-05,-0.00413770062362584,-0.002459713134669528,0.0,0.01620779519510318
2024-07-01,0.0020561382800892147,0.002186825938380821,0.007530299768805371,0.0005482499035545096,-0.005641983021667407,-0.010807441048734212,0.0033934678610707536,-0.0070765446737643956,-0.006921440419168867,-0.015520161415035094,-0.017409497067722768,0.0026012036358746826,0.024205297813483462,-0.00019556341546866918,0.0003432423272498042,-0.01784307798455309
2024-07-02,0.006707118438701087,0.011582954422395098,0.00498890268661345,-0.0007678659116887587,-0.0036636464341794905,0.005459485148295862,0.019264761995108515,0.006945941890291074,0.0051587602152425305,0.0018385600629349241,0.0077552379059939724,-4.643502198131699e-05,-0.005287443011821935,0.0027335219800095345,-0.0013736059252993371,-0.01567046780555481
2024-07-03,0.004452592693405144,-0.003123697860460517,0.013398412364868051,0.004379808448357725,-0.007646864002340159,0.0036232752852800587,0.006357668178583964,-0.001699390206984397,0.006009618680359985,0.007434176919016711,0.013047706041811047,0.01120993363706102,0.0019706378519357415,0.00350350505461261,-0.004132246085174707,0.004975169458022677
2024-07-05,0.005749921819444559,-0.00024078375227309934,0.0030536352245569276,-0.01574658124704076,0.007716295329728062,-0.0036232752852800587,0.008115198056134254,0.012222192197270054,0.0017521281813630551,0.0015939963639692856,0.008244637429637436,0.013396660734694699,0.0004920767346670019,0.0029745987923597283,-0.0034566064634020677,0.03174864901379815
2024-07-08,0.0011533189084609319,-0.002651410808150345,0.006804319399231318,-0.006123124489882503,-0.0011086342225032908,0.0012366697174206465,0.0004752138777153192,-0.0015520293370956395,0.0010207470772072291,0.0029535420014421554,0.0021587402767115904,-0.012479622087256281,-0.01100610149336223,-0.0002579389759924666,0.0017297967469880327,-0.008853149108591918
2024-07-09,0.0009719247032036193,0.007694039099808148,-0.0008107739539413572,-0.008860967870742975,0.004840763685352023,-0.004376441174997581,0.003321087004408696,-0.0025919413691770643,0.002910088807695832,-0.010260993661528772,-0.004429876795510879,0.0016943111880909356,-0.008115426860099362,-0.0011633791926852766,0.0013816720084869338,0.011254165621822132
2024-07-10,0.009846755245564331,0.0038250742153023154,0.014408268970456994,0.006737087352145732,0.009407322650869965,0.008897857125103492,0.007497373083043435,0.004402529413810363,0.00940077016877039,0.01331880069934499,0.003135245805892417,0.0036536533844149233,0.008861296222449688,0.0023251852335901546,-0.0010360571863143875,0.02681549825285856
2024-07-11,-0.008660066310132386,0.007843103428497145,-0.02535229735984057,0.01035328024967841,0.007014717199277598,0.012633081884758646,-0.012773854799729811,-0.0037538357786512933,0.018116290630194154,0.013590537667074187,0.009668189619795875,0.017578001160185153,0.005699421548050587,0.0036061079675482333,-0.005196591787223426,0.005432663231971446
2024-07-12,0.006287704933039429,0.0033089104987507056,0.008893206936464892,0.002544455840077564,0.006224103104822909,0.005733819991150746,0.012982734911407334,0.004399576918294734,0.0073238318202082375,0.009548171855083165,0.004266855544557302,-0.0006272936376374716,-0.008561407600755189,0.0025682299246234663,-0.0034794579587686947,-0.036252987838698125
2024-07-15,0.002746401526389164,0.014523746002505611,0.0017947481159135137,0.015021184104452523,-0.0035132146385938867,0.007141454381782708,-0.0011495431404799916,-0.005827154378161836,-0.02457696401421794,-0.0025446961018298353,-0.011562968248992611,0.0032219172131213725,-0.001621216931654068,0.00012830998125767934,0.001741170577582274,0.05161425837245037
2024-07-16,0.0059124903232508075,0.011330718017110719,-0.0033357944302458975,0.004452140568575125,0.01417982002362983,0.024640122541715215,0.017773938312073412,0.00956443848743671,0.007736578926365478,0.019200770643027276,0.014008796487061659,0.019729877820048536,-0.013318518090355447,0.003839363925443706,0.0,0.005321160122665702
2024-07-17,-0.014120240564023945,0.007559326581605408,-0.039673118646145866,0.009918013296867922,0.004527196832013303,-0.012876121844342059,-0.016833275283270943,0.012781392741297637,0.0005704798768015884,-0.00206690070212856,0.00021207189060401532,-0.004654019570797807,0.019539764769150203,-0.001150185442958751,-0.004533523320545463,0.09330942042807866
2024-07-18,-0.007714660203141044,-0.01216860982301693,8.907056659435142e-05,0.0018218977262351999,-0.02298016401664782,-0.007853701392429357,-0.010237694943371345,-0.004965256496345383,-0.0008558995265688374,-0.0099590906193181,-0.007673477649817073,-0.006401633154546893,-0.008970919887678619,-0.002048314896073933,0.004533523320545463,0.0954357877351999
2024-07-19,-0.006662675135904017,-0.01021607209667419,-0.0157667403295072,-0.010981863064497333,0.005084993409023575,-0.005510577872796851,-0.008958286279077576,-0.003324160863690473,0.0011413052510462762,-0.008948833467908646,-0.005901623198276695,-0.01810066223064588,-0.02406704517999536,-0.0007691735676687017,0.0027797397372708588,0.03636765272324061
2024-07-22,0.010257183021679772,0.005585444945172657,0.02340315556181949,-0.006298925849982595,0.005731750425774784,0.010119128983093972,0.01096159586415979,0.0006401402516784671,0.00837783757391497,0.0033238506353141517,-0.00291018629116202,0.00031568247916791137,-0.004883665363853318,0.003711911487672026,-0.0006942287631557242,-0.10253967725977953
2024-07-23,-0.0015699639842248203,0.0018548429948550549,-0.0039884556592584275,-0.016033813712524214,-0.000605342195052927,-0.0019043963967639854,-0.004486614993467697,-0.0035895586178540384,-0.006241093223866567,0.003973847786326701,-0.0014040572969955534,0.0035105070964620566,-0.01296698620643344,0.00012783461920218286,0.0017346690805482012,-0.01282498710144342
2024-07-24,-0.02292304830815617,-0.013761188628131915,-0.04226621338231329,0.0001107415578798232,0.00830836194128004,-0.021760037824290812,-0.04175254667032746,-0.0008996390739381965,0.011177971855157232,-0.0128619127951497,-0.010867158163677892,-0.0035105070964620566,0.0024766331062799907,-0.003198580542022711,-0.0003466931734776857,0.20338443394305505
2024-07-25,-0.005224045490807683,0.0037505604355545508,-0.010757980606685535,0.017120847958454366,-0.005017175803267548,0.00800412942403117,-0.0039239307575691384,-0.0011575293740753168,-0.008336292139438317,0.0027859331662960507,0.008161577745949167,-0.015768400613655587,0.008426854041664988,0.0001280080028172037,0.0,0.023014614095178576
2024-07-26,0.011137532149954943,0.015554603432837322,0.012609095014587623,0.003150432012087645,0.005617405644327,0.016928097429729227,0.011123409226296843,0.01011606674380161,0.009742234172121389,0.01622632183535133,0.007772707682893731,0.010479424389843395,-0.017581991968614652,0.003198500339032684,-0.0006937471439147913,-0.11893482396303545
2024-07-29,0.0005873998319501084,-0.0013832283886556773,-0.00444854525840821,-0.008606125812026022,0.0006000802357117863,-0.001743536289517067,0.016564428255758656,0.0003819712095447514,0.004486206258115466,0.00175055018559922,0.005362577471450081,-0.0014060442276129237,-0.01216139443887343,-0.0008946326639716062,0.0027720341987080843,0.012731362826129189
2024-07-30,-0.005079204216295707,0.011467992733945387,-0.0254465085281268,0.015416661426021161,0.000865960422622436,0.002930308415516336,-0.005563305309336464,-0.006772653050117761,0.005162256466721971,-0.003284462821255829,0.003843145784657942,0.009935936183544491,-0.009756219710750358,0.000511347968632947,0.0006917560971815284,0.063596820018895
2024-07-31,0.01612369645842282,-0.002511650040788904,0.04147930848782089,0.004192827706883673,-0.003668928386039383,0.011089040804239225,0.01537174017119991,-0.0017966720290729654,0.012858618401503374,0.010363819572011934,0.010177551245004857,0.017948680176280263,0.04310784179589788,0.0035715872389383563,-0.005547852441543988,-0.07816016987934349
2024-08-01,-0.014262094964706762,-0.014276088564486589,-0.03800758798526793,-0.026856708858562506,0.01017321248430747,-0.018709933750936436,-0.02484059473763711,0.009205960782035838,0.01783707399762724,-0.0040236583987227625,0.008587817948440879,-0.00344888370988361,-0.018828017842150935,-0.002191070736815348,0.003471004050776383,0.1277844414592626
2024-08-02,-0.018793760048189334,-0.024889626499914996,-0.028507395969115557,-0.026126261129704176,-0.001986712031333049,-0.02223917172420009,-0.03749232982035888,0.00874372244639332,0.001618058156786617,-0.019031423123208047,0.030685480191853465,-0.001906444389298656,-0.03875420186233658,-0.0033410807068863235,-0.010099274672582759,0.22968474456012045
2024-08-05,-0.029556205846060557,-0.029435297158343143,-0.033881307816467476,-0.022305672496513385,-0.027076858314674546,-0.017507439548443138,-0.028677046670009254,-0.019878396102584794,-0.02676265758283325,-0.022576357921127332,0.005277311514404914,-0.012773165762624217,-0.002319053876615129,-0.006196321799128768,-0.0056160804687470645,0.5001662098063426
2024-08-06,0.009177246447340082,0.016031473427225773,0.013501117935495799,0.00611181056741783,0.0046206198307334745,0.01195146349291587,0.010980599049522866,0.006925676788627655,0.008406336073524923,0.005098871304553665,-0.022622415781833993,-0.008032891286850585,-0.010571997719377002,0.0037484798035603006,0.0031628620015249354,-0.3306814384725931
2024-08-07,-0.006706543277226196,0.0012041199472649922,-0.016334792307182155,0.004016075084726012,-0.010220879945197936,-0.004845904066412388,-0.01760354718403967,0.0010219628397329927,0.005610535266431516,-0.013655223820983053,-0.007065126020219026,-0.0006798590470786792,0.030449620411735268,0.0019331837501628257,0.002103054755615563,0.005039654235304614
2024-08-08,0.02285432336201154,0.015996545371792514,0.03666609555850098,0.021298981363960134,0.02188070248786289,0.022791303740877566,0.021582280484159888,0.009024634888766592,0.0010911368955208722,0.015349146050418039,-0.006170607254192717,0.015566228805778515,0.00893039131108786,0.0041121655916116495,0.0013996314367710205,-0.1575676172720195
2024-08-09,0.004399998404867489,0.004254355270350008,0.004484215737007524,0.0022392504972623684,0.004946197199756419,0.0001608030592761267,0.0033324372088125997,0.001517295417496456,0.003401738049737091,-0.0007901161243299981,0.009813331967319705,0.0024522519879104365,0.011347273093983645,-0.0001284238944156968,-0.0010494677251644546,-0.15520209136037755
2024-08-12,0.0005252670931605863,-0.005202261633619365,0.008136754904949584,0.004909151657802369,-0.0038078206916924984,-0.005082038721375248,-0.003965559547826736,-0.005066562018416043,0.0017648009608559612,-0.004413566108834477,0.003629417598005169,0.016999354511923137,0.031129359611727914,0.0006411893203939201,0.0,0.016553359762280895
2024-08-13,0.016311846846680744,0.008263618670008466,0.030264295818784426,-0.009729905090007485,0.012041599783989554,0.010458601739136597,0.02474171722266938,0.0045611203824798,0.005814165020944451,0.00993131374034606,0.00691124835722956,-0.0015335341694875382,-0.012670520633458082,0.004603312990444586,-0.005264140823161956,-0.13360028427033255
2024-08-14,0.003149814066070178,0.012152378361007798,0.005460705922494036,0.005826868835879573,0.0035645656505742807,0.004073337629869833,-0.005351349114592452,0.004540208662370482,-0.0006742909081891568,0.0,0.006250795093838413,-0.008189191333500823,-0.013616278332463594,0.0017849830804959055,0.0010550763773955474,-0.11262254625371604
2024-08-15,0.01699504068987423,0.009248638285594524,0.028358265727630005,0.0118844561903515,0.006240458202732668,0.013380523677308354,0.03141331911755074,0.010265515900478306,-0.00013484740043789856,0.015709615731579696,-0.008103143833555926,0.003133929041611694,0.010649546417540456,0.0008907012116017299,0.0035086865718430005,-0.06112666382606369
2024-08-16,0.0022393711633093005,0.007337651514627286,0.001672493951677012,-0.0011047035048714626,0.0010469392093135355,-0.0014166216983779734,0.0023509497379512467,0.0027363688425845467,0.00444299387222058,0.0012153867266424534,0.0034956366605207734,0.022140811735287258,-0.014180995383186179,0.003176083347327996,-0.004915702594823657,-0.02863994319280172
2024-08-19,0.009516009998748132,0.005468187059662899,0.016351645098803935,0.006719920293247306,0.006065531156907333,0.006046109800400323,0.012211383006992982,0.003348014978055147,0.006560792199236332,0.004736459377076674,0.0046075071730351524,-0.0016393656726290118,-0.025747971570825534,0.001647563746881353,-0.005293793497788357,-0.010186884233373217
2024-08-20,-0.0016274958593180955,-0.003185984019157928,-0.0035165086554824754,-0.026703981048242564,0.004023003293881722,-0.002743734464992542,-0.0009173665435362466,0.004939453831936724,-0.0021374512359964015,-0.003632969803101904,0.007936510762503346,0.003663270802502616,-0.007421873698540082,-0.0008865213362465596,-0.003544829076629341,0.08062015360140995
2024-08-21,0.003430568799331901,-0.001596896322325847,0.00586876216212584,0.0016902369879128187,0.0016822215988838707,0.00602629732030735,0.012554945164120035,0.006752143345130079,0.0070634012135415425,0.01140488790456251,0.0006081710996230782,-0.001334507922706507,-0.01680027705889664,0.0022787953858660615,-0.0032011843655221917,0.0242624863407932
2024-08-22,-0.007879252220224231,0.00569147875038567,-0.02327622727554246,0.002585765249064842,0.0006463497029853826,-0.0012491978380175794,-0.01742636570486944,-0.0014692648169818412,-0.0011961002768856588,-0.0020739810663275016,-0.00997572299703986,-0.012047289256478244,0.013408373748715618,-0.0012652602845477645,0.0046206096288012866,0.07573095707315058
2024-08-23,0.010569222066044048,0.008589607721601222,0.01606882272395982,0.01482341620573413,0.004319312458583191,0.009950281128341842,0.01913112765216063,0.0028142789945562185,0.002788285953771119,0.013134592952526614,0.006525839470763017,0.011487194343258622,0.026421454550780155,0.005303733966991686,-0.00854715250632454,-0.10125371187992283
2024-08-26,-0.0023866539049555158,0.003146067151263754,-0.012626217010136997,0.008921188905210986,-0.0005147969695862287,-0.0010835571984300074,-0.007801480996258547,0.007062156680817999,0.006476137247095615,0.004411665255211528,-0.002544112309744051,0.0031842629268954425,0.02973225538500124,-0.002017467293149444,0.0021437018523493556,0.018119831488631277
2024-08-27,0.0013721290323900348,0.005147034955332863,0.006040945085489469,-0.009363893652254873,0.001543495075101653,0.0006193106345326882,-0.0026320733375593264,0.002423583970760923,-0.00793560644691782,0.00010740860424673926,-0.0017334436144142984,0.0027030152296241283,-0.01736699909208994,0.0006309160355471022,-0.003217204731854384,-0.04560633989509899
2024-08-28,-0.005822101403040847,0.00245247082384914,-0.013894494032942184,-0.006440299856945497,0.0011561612297619206,-0.0004644014925014872,-0.009728703013700546,-0.004245256553539356,0.0,-0.00430340394923423,-0.0012257329204334866,-0.007051666972007986,-0.013292220430715318,-0.0005047655580963095,0.005712322487625432,0.10334943742316449
2024-08-29,8.952501390879775e-05,0.00886728831377992,-0.009064774176719581,0.012949309025437561,0.0021158768710725084,0.007020809934790151,0.0011939045097237866,-0.004996014245017832,0.005429464099401482,0.005483628180931177,-0.0032758153347662855,0.005164620716357149,0.016946130137825755,0.0010092764564619827,0.003553647139959093,-0.08919223096521467
2024-08-30,0.009500796704648984,0.00944540889337775,0.013203432853996055,0.0037316732771341954,0.006893981147984007,0.010629781862037113,0.014968357929963538,0.007908865784061803,0.007499557315117755,0.010877609965700863,-0.0107207364540578,-0.0071515197828322385,-0.032164779505174934,0.0001258998250834864,0.0028338969226999744,-0.04242069150888961
2024-09-03,-0.020793838817915855,-0.007461002503385217,-0.047019304787169425,-0.025182912567796478,-0.001910103682986275,-0.022384686145288768,-0.013829759566312383,0.00700481752158133,-0.0014429193309251076,-0.02295988547792671,0.016223179998968718,-0.004332950273532532,-0.044702487179793415,-0.003552346893878955,0.0017670159067102453,0.3230491831498097
2024-09-04,-0.002048815295904838,0.0011007392060240484,-0.0025722651383688344,-0.013915139964290724,-0.0017224098833716894,0.0010107932270884135,0.0025975927888222117,0.004682860971001013,0.008496271221608787,-0.004132595938430406,0.012807613293111864,0.0006077417877383695,-0.0210383844789499,0.003679090825779774,-0.004955651279353823,0.028546200731562887
2024-09-05,-0.0024352568196341906,-0.011062123413749347,-0.0015273896236873696,-0.007776905395505906,-0.013821717801444144,-0.01172531753215278,0.011285557892624531,-0.0038407756930665116,-0.002476200708874554,-0.007877552812600275,0.005639865297474067,0.008297784905919592,0.004014324807272374,0.0034128141930622746,-0.0014205798287836302,-0.06892587242246906
2024-09-06,-0.016973327586779163,-0.014791879561742771,-0.02627966954707528,-0.012593079941268126,-0.0034367692004870776,-0.01019480990327537,-0.025601560148704294,-0.002046240309624636,-0.009570566149410542,-0.012712306632783665,-0.00010043197377385127,-0.007430165851405768,-0.013831067431117283,-0.001262552259510663,0.0014205798287836302,0.1174479528234067
2024-09-09,0.011133925061447059,0.014791879561742771,0.016246078316211054,0.007182446062030223,0.006990815943426654,0.015214465110839015,0.014478143703971824,0.007682115854793281,0.01009247001089797,0.009631981211171592,0.004309740471147627,0.004197056104325192,0.004920362248044263,0.0023982156393724807,0.004249234122860823,-0.14032055609438698
2024-09-10,0.004346342461754027,-0.010286167392889567,0.014846460897403269,-0.01734906258184621,0.00456940051944521,0.001719638398979484,0.011390660794030616,-0.0002390067023627651,0.00468376518681346,0.00044074000181959505,0.006976460086408842,0.004394427867848272,-0.033916451064463615,-0.001892917667431604,0.0003533073658950059,-0.01920644726862708
2024-09-11,0.010206697423129185,-0.004731509371339371,0.0335624530584937,-0.0093221812933737,-0.0029581556317630486,0.0017947364347623562,0.009940665722210973,-0.009372894744452687,0.003110297124325978,0.0024198641325319237,-0.0007947944667838769,-0.0015918222264339477,0.013203951283404791,0.0015145778575842428,0.0010591737579752625,-0.07564112366000986
2024-09-12,0.00838818136685493,0.0022558582068001876,0.008240310315842159,0.008969814064080595,0.0036001074792464394,0.0076884106775922945,0.01120393269332709,0.006138289128568175,0.00219746240351526,0.009186460761019699,-0.004682630717709024,0.017414763446119252,0.029623204964131844,0.0013860478664433629,-0.004243369756294246,-0.03567701943304913
2024-09-13,0.005208857139486156,0.0029249752971591825,0.005002563332515031,0.005623694814806068,0.002051096744735581,0.010083748881951848,0.006776860543538099,0.00705446105676355,0.013975573925785412,0.008994821827278177,0.002692629560675286,0.009894570827460036,-0.0007157096603620516,0.002766452230141603,-0.0014183454904368453,-0.030332402221190158
2024-09-16,0.0014759484557789193,0.012946484620264709,-0.0038178787744307385,0.011385097574640568,0.006892321310262517,0.005118097500783847,-0.0017160528358655114,0.00392430401829813,0.007610386573631001,0.009235602720464087,0.009120675239812748,-8.375168155527746e-05,0.01478140845143372,0.002508429196451445,-0.0031989086900154895,0.034424760852600045
2024-09-17,0.0004085390601451522,0.005308791026452209,-0.0019600807583008972,0.013424398388298009,-0.010356276782588658,0.005471193330329527,0.005087458857094163,-0.009539881439645903,-0.0007584070061850134,0.0019222893370640648,-0.004847340475311768,-0.005546263478781732,0.011781398210254146,0.0002503908848687786,0.0031989086900154895,0.02705207960763012
2024-09-18,-0.0029703430596859093,-0.003093499229953167,-0.009167109794348427,0.0019358558857498487,-0.0016722551166994393,-0.0008338486184422678,-0.001969725474803674,-0.0038416012381485842,-0.007616182577029562,-0.004276802213292186,-0.012473308070020117,-0.00774034473177565,-0.01488997199914266,0.0008767775402755973,0.0010639842090496288,0.034601606412624886
2024-09-19,0.01692041961709556,0.011003783002010437,0.029267504165713554,0.011873136891723313,0.0035980547236036386,0.01706979323891389,0.02252028425967989,-0.005911065391952519,-0.00587861426376568,0.014994650293977951,-0.0033189241885649423,0.01542123641948745,0.029149212293412496,0.0029981385523587534,-0.004262892899065118,-0.11006466126974956
2024-09-20,-0.0017300986480552893,-0.0006568630455530133,-0.004886136654938866,-0.002250681801616139,-0.0041130483585600786,-0.007033270773757039,-0.002285357287456158,0.004827869021153397,0.026060764763670363,-0.007097001867684138,-0.003835904597402795,0.012630557682531851,0.0023340186484004377,0.0012468142689012751,0.0017783288612318593,-0.011083876262113712
2024-09-23,0.002495787596560106,-0.0012096530362364355,-0.0001845587238440416,0.012272034267152954,-0.0019605392661725674,0.0066895155745827495,0.01207751525048728,0.005781629974740632,0.009870635804499539,0.008696532625485087,-0.0021261915123380604,0.0019385267161009523,-0.00923059770746093,-0.0018706458959121264,0.0014205798287836302,-0.016230023893409662
2024-09-24,0.0028571828599996962,-0.008397664859894682,0.006820705063308452,-0.0024716178498791486,-0.002009716376005777,0.0071578183148925945,0.008720152442710294,-0.002409935995022039,-0.007120993557425237,0.013562789040353351,-0.00020270646707221118,0.013872405171650115,0.014291859437062904,0.00012471270135527845,-0.0056940264457865375,-0.03197203199588028
2024-09-25,-0.002208009882343376,-0.006010212818094551,0.002858106372123359,-0.019766723169890366,-0.009782351736163264,-0.004691363755354949,-0.0035992279488779033,-0.0025366506782775744,0.005251916586536787,-0.006705753942410464,-0.008346627707533472,-0.001382723256375229,-0.025006449175121404,-0.0011241414022888918,0.006758010654836166,0.001298669271190711
2024-09-26,0.003956961107473234,0.005121980686428884,0.013157214232903947,-0.019814107083773624,0.0033368463140579507,0.0049885600702186395,0.0042476114995624314,0.00229543384044284,-0.006883091745214287,0.020498945213164532,0.00234788921744844,0.005073989582053073,-0.035166284666597214,0.0016232603279444646,-0.004618967847097366,-0.0025990893253782232
2024-09-27,-0.0014514517825867657,0.0028833755342718703,-0.00937402143812438,0.020158236072853164,-0.0005226084807725684,0.0014102457287217263,0.0014949458788358072,0.001808383873569852,0.009872020104912949,-0.0017524898724730065,0.005187585312108389,-0.007967487087646496,0.018093464844288754,0.0024919702925316756,-0.0003562017825649022,0.09844002627741899
2024-09-30,0.0039992989137518364,0.0037582198086103524,0.0029276502021637896,0.006971940736679283,0.006513823230013038,0.004513937894216724,-0.002342964215957366,-0.00024093540855929518,0.004466410537857346,-0.0055872599232817954,-0.004779522205381248,-0.008031540905022005,-0.004993212272747627,-0.0007469075491215449,0.0039111854206126395,-0.013654088745303383
2024-10-01,-0.008998974141567473,-0.005309673194777709,-0.02466368490521642,0.022523479165074356,-0.005272958242048986,0.0005166958093534291,-0.004050659971357895,-0.003379108516296192,0.008014326278480421,-0.002493054581083509,0.007193948633403835,0.010436598143315656,0.030841034233414888,-0.0005005753442919314,0.004249234122860823,0.14082693061688456
2024-10-02,0.0004219847198578819,0.0011084513527781503,0.007373028281400629,0.010192824028090186,-0.0020255473707138094,-0.0018465198599573185,-0.008504782381131726,-0.00849840809604352,0.0004912521288349403,-0.003856134010252976,-0.008462919618118292,0.00020356647666464056,0.008973643617036231,0.00012532596003023144,0.004231327042051536,-0.01886851637175857
2024-10-03,-0.001829741645686056,-0.005332261493605994,0.004137669594113547,0.017482844679407084,-0.009066513780651597,-0.005114394965965552,-0.011640652420223496,-0.01004779892801988,-0.00036826878110751693,-0.01112980543051556,-0.009465156771075733,-0.0006922454344495677,0.04000804444351136,-0.0023817631078175694,0.0031618231265828634,0.08077504919837875
2024-10-04,0.009046273770923818,0.016788639843106967,0.01106901792288184,0.009272450505793728,0.000791826236456572,0.00696091482592287,0.01315567723748945,0.0033197622230316526,-0.001597794900594085,0.004845205704452127,-0.01237717531484428,-0.0019980250389979304,0.008153584225935262,-0.0011301307662492377,0.005596364637704188,-0.06450602195882116
2024-10-07,-0.009081487613016748,-0.012343145386353616,-0.0069038165123807005,0.0035352104277897034,-0.004428257608513064,-0.002438390651770206,-0.015664253705554465,-0.009992334911477663,-0.02326682135446667,-0.0029464732997079857,-0.007563956783490866,-0.003393514036765133,0.03664824860875893,-0.004280389884201874,0.0006973755114825231,0.16428729725442004
2024-10-08,0.009413108733006048,0.005749720110928447,0.018510071930640137,-0.02643991637317722,0.005416796794320611,0.0022169328425567514,0.009692036325164466,0.004946745332561342,0.0005033532433000865,-0.004647689186481063,0.001685936571488078,-0.007399232494345043,-0.04400989038435554,0.002394456499652975,0.0,-0.055393157794579206
2024-10-09,0.0069026050649680926,0.009218636597187135,0.011125987629108103,0.006021152781048311,0.010159627942048388,0.008891512795142553,0.007132147549232748,0.006027066489935784,-0.008592468754124116,0.006332439278745827,-0.005700995827830901,-0.005461070501716847,-0.007150466274742584,-0.0006293292852141974,0.004520910314853133,-0.02649158974936272
2024-10-10,-0.0017516779145614336,-0.0030633601123888354,-0.0002603087131509696,0.006744308369905916,-0.0037239558238812975,-0.0051340732953448764,-0.004951726192536476,-0.00442435047087919,-0.0030502658769910873,0.0023118755263342727,-0.003925206866288278,0.007316064767088903,0.03293980591297441,-0.0005038977689020285,-0.00034705413738223,0.003350072206642185
2024-10-11,0.005970376139928568,0.019101825511293136,0.001734513624008116,0.006160402517224384,0.0073043861726027615,0.017710994710648187,-0.004264007690323091,0.005527214849455397,0.008744582644716559,0.0064866910159229185,-0.004047307483610929,0.010854286868861251,-0.003606841333922972,0.002642343126594504,0.0006939163643955304,-0.02271183526239362
2024-10-14,0.00814519302914185,0.006215885877108196,0.012956822366009035,-0.0004309281756507133,0.005508373564029334,0.00597838013957297,0.004365321611201622,0.004033851850668846,0.012539443813718965,0.005719422679785424,0.0007467168468933139,-0.0016308312397317337,-0.02033700096372204,0.0005028867268217496,0.0031169280688763124,-0.037853041304463986
2024-10-15,-0.0078000503766038065,0.0021344987681137795,-0.02222805066636191,-0.03276123619489679,-0.012289296232860458,-0.007713771388621282,0.0021754572855492427,0.006323859832726875,0.004476050394774056,-0.0010374053428821028,0.012084050154686388,0.0034623584364341653,-0.042645484234436815,-0.00025141175152842976,0.000691349135249375,0.0466122365702315
2024-10-16,0.004336888662575866,0.012290862760170995,0.0030999922816405956,0.00477817278155479,0.0028092520141047572,0.007713771388621282,0.005242218635645557,-0.0007276272763174774,0.019654167168877024,0.00775467744143743,0.004205853775215651,0.004989142712823025,-0.0049600625425316736,0.0017572849084874775,0.0027604847201154747,-0.05272227783622485
2024-10-17,8.600071030784306e-05,0.0027342706236019865,0.003046861684627089,0.004755361451414419,-0.005823251520669537,-0.002876494382291206,-0.0009053727326486793,-0.004498918204326685,-0.008919448291917043,0.0015436966525528284,-0.015969751940611232,0.005970452161761841,0.003034083340131666,-0.0015058731569590478,0.003096552372430672,-0.024296843014801617
2024-10-18,0.0038390623573079097,0.0002099875241228233,0.003557633209497091,-0.00331531389679407,0.004844223735576136,0.003020253623852831,0.003917246118170681,0.0021912174760263525,0.0057516945332940494,0.0040027366387946905,0.0007459209196545302,0.010562207979592841,-0.01722272422377813,0.0023836235966943065,-0.0027519382012299864,-0.05817471489231307
2024-10-21,-0.0016436300413742444,-0.008011683473018394,0.00466618383059636,-0.002993128712349691,-0.011824543264628673,-0.0035246298866207226,-0.007799218390553975,-0.008425248057354118,-0.003912312671355611,-0.007711619888820742,-0.017625381004301666,-0.00019902108052338718,0.012253075698906102,-0.004018133814991387,0.004468079424081228,0.018681869613305313
2024-10-22,-0.0005312140693378709,-0.001907121790891697,-0.001035079290800489,0.002328673510135104,-0.0014545827817658008,-0.012179361712282954,-0.004049425160287612,0.005624679336315275,-0.003558920128074128,-0.009229236836078236,0.0009751018623820329,0.010729555523637302,0.023524076497932533,-0.0013851205111681253,0.001028244593458627,-0.009297308909531399
2024-10-23,-0.009179259792280625,-0.0008486769101789804,-0.01442946037673476,-0.0052196769725103564,-0.004709766343752975,-0.002921783632407582,-0.015848358820726993,-0.0019527942002701693,0.009543629176544055,-0.0027120859860092494,-0.002711623586964862,-0.012123752431614676,-0.005829343240804086,-0.0030281359866863866,0.0034199598668811504,0.05556979733891598
2024-10-24,0.0021602515699949976,0.0008486769101789804,0.0029288409331567067,-0.00011120072698478367,-0.006604166750753038,-0.006900224043298486,0.0310496201689876,-0.0013450733517794689,-0.00647489981460847,-0.012297200521002694,0.0063879699603495155,0.007663817134298867,-0.006684500589054565,0.0029025368627353387,-0.0037625435031962695,-0.008350771319908912
2024-10-25,-0.0003454644966875975,-0.011089884163558938,0.005180653832813853,-0.0003343048913260205,-0.005503531834236242,-0.0026552529320031937,0.0031422949810915313,-0.00835387827420142,-0.01494137710088106,-0.006365525407401762,-0.005628038257706081,0.0020548662166115506,0.015887438402183207,-0.0010088775791645688,0.003421129687685376,0.0634569618659726
2024-10-28,0.0030866615487337157,0.012361592076345573,-0.00030390404445412855,-0.006369596015439072,0.0014795509248894945,0.0029499102333083727,0.0023377594902482812,0.001849022009057677,0.007807316992773039,0.008267183523653188,-0.002716928211371261,3.945329776655626e-05,-0.052549113262507774,0.002519597214283742,0.0,-0.02641572471928555
2024-10-29,0.001617071462733044,-0.006161736791122863,0.01337556395277062,-0.015364170782361963,-0.002759022209003703,-0.0013265268878051018,-0.0052302803879920035,-0.00989996820749628,-0.02158679920640516,-0.006459535222975266,0.0015226182654819453,0.010835937036952181,-0.010992995581307952,0.000251547157145815,0.00034141381551089367,-0.023506401253288622
2024-10-30,-0.0030296869864097076,0.0044657388896740535,-0.016028650373079323,0.002274297823976479,-0.0018884025601400012,-0.0016970262754405496,-0.00139938423942354,-0.0016180763832984724,-0.002399435170319819,0.005403504980337814,0.002929692170311249,0.00549078920793189,0.02411117931583906,-0.0017622667922649882,-0.0023927714744260697,0.050905432719140276
2024-10-31,-0.019797882685782753,-0.013887463508621689,-0.032624286642881195,0.006227642902158159,-0.008475063549888695,-0.011589323783299577,-0.015422122212243039,-0.0019949182930965037,0.010314549635920045,-0.013296018704682666,0.001623410637257905,-0.015616471787271102,0.02381725974040183,-0.002776252448396299,-0.0006846514799772052,0.1293457154823261
2024-11-01,0.0042115975622021296,0.003436269588062757,0.007486263705970941,-0.006341262499930611,0.005906240456755363,0.00134414065209576,0.016122059116465692,0.0003742194947760069,-0.022527029705628365,-0.0027878656135702506,-0.014198504379988819,-0.004110813705941574,-0.01461094495568993,6.350980254588023e-05,0.004101106198386439,-0.056853706918779334
2024-11-04,-0.0021563248834119975,-0.007748701648568446,-0.0007596488733758733,0.017342848436665115,-0.006587238610329393,-0.0011200695406330397,-0.003454436200835964,0.0027411001334503027,-0.01197451680768058,0.004392841229564848,0.015402610239221737,0.0014248987496037202,0.031032553877811786,0.0027898070293490562,-0.003758686577269188,0.004559988951510885
2024-11-05,0.012019400933532154,0.00924846935115875,0.01398074115789516,0.006676211277939714,0.007331437364466176,0.016595627966047743,0.01754826936601006,0.006325667922914668,0.014914153224229842,0.0014954995856930609,0.005297480620663819,0.0022519104403704304,0.005905297375616847,0.0027820456538076854,-0.004116652675033361,-0.07019597706871084
2024-11-06,0.024561264570642116,0.059024010079534506,0.02807421964616541,0.03690627018651904,0.001284334030830614,0.0384149852288429,0.03148067344988181,-0.016455061223893175,-0.010390603974541168,0.013676302482234615,-0.027770352653508468,-0.030857976694085743,-0.0025457565295514684,0.0017663520968485003,0.016027576200710048,-0.23061400171400193
2024-11-07,0.007702428174841458,-0.016277023350996345,0.017291242284335873,-0.0046066047927033615,0.007201782331955897,-0.006028244594734389,0.012763343639946356,0.0036383793622967175,0.0018034992847684173,0.0038883882896127986,0.012449928076537553,0.015948645391861582,0.001608616203448321,0.0042766318252738245,-0.008152236948407499,-0.06802753406250561
2024-11-08,0.004322461365743102,0.008985055546377296,-0.0010957664921962262,0.006635232957378445,0.0071501825528006435,0.010683793550374965,0.014090959766813071,0.012074663910716765,0.018997144655234166,-0.009167045513010397,0.01262131425407631,-0.006792442588198,-0.02070588081159297,0.001630383122651402,0.006798230752012913,-0.017253263686006992
2024-11-11,0.0009524320233582628,0.0141301682438022,-0.005538944928427547,0.005637537281052651,-0.0058767998706716895,0.007711877975184578,0.01997395271316993,-0.0034705124827620892,0.002774785009895364,-0.0043494184562948845,-0.004877350950936332,-0.02375140115119212,-0.03040415796476914,-0.0011284192669043236,0.005742289466776462,0.0020060646512551905
2024-11-12,-0.003111170717752465,-0.0030109445168533533,0.0012710108872280301,-0.005317508437043372,-0.01402955594027322,-0.008626965695326838,-0.013440933125711929,0.0011167863438972248,-0.011527234695956068,-0.017156745026129183,-0.01510699149619299,-0.008668821068980037,-0.0035303290409016697,-0.004022571948359754,0.004368972082616107,-0.01752067906251842
2024-11-13,0.0004856507008774713,0.00060286737066928,-0.0034782930369772203,0.007754005663126229,-0.0026526830743680563,0.0021108336983637344,0.008507657002992275,0.0029721456220501707,-0.0017852032302108078,0.0023765589909348073,-0.00953128799287839,-0.010132384997697308,0.0005657037894790662,0.00025184566535418895,0.005684684115872418,-0.048042622949409086
2024-11-14,-0.006450864313521265,-0.0026153699412692077,-0.0034052395269545954,0.00380189902355621,-0.015857669819344444,-0.017014435577308085,-0.014297236529567492,-0.002476075035203529,-0.003452027955502146,-0.00823412212043273,0.005773989151237835,-0.00261255153137796,0.007886219462695188,-0.002143402078811363,0.003993426736794703,0.02047370863447373
2024-11-15,-0.012891483709559282,0.004622542659300066,-0.025128685243203996,-0.0014768228264396832,-0.018718045266313155,-0.005376854306992307,-0.008583766009664373,-0.008840219996708143,0.014873374863051403,-0.006986957762293411,-0.002660698862030131,-0.0017736414154017055,-0.021838657270359718,-0.00012581378515630348,-0.0009968797389463546,0.12034200213404134
2024-11-18,0.004089038602606898,0.0030033428326308176,0.00323020974918542,0.013213372257247613,0.0007047703776414949,-0.0013668270620943446,0.009187521143261712,0.006979007822353722,0.008668977939952693,0.007748165436614052,0.0017746159251155191,0.018841622825925164,0.032720444000439386,0.0018909470780492654,-0.004999153311384674,-0.03531258948003346
2024-11-19,0.003648809581418,-0.006619285630771188,0.008160229232982097,-0.00637526914934039,-0.005156382285168348,-0.000864027200209172,0.0007424395478068391,0.0013651415875077788,0.006359456392678986,-0.003266492177242508,0.005084287915696706,0.008919428494707837,0.0033245337218943405,0.0015110543606811078,-0.00033424983681351605,0.0482398851290573
2024-11-20,0.00033866486397293727,-0.0030231607671393768,-0.0008649312156219224,0.01001483913128176,0.011757079440673834,0.001080001759246052,-0.004416615995105566,-0.00509789093100288,0.0004972348761937972,0.008146438930137112,-0.0032022992660216687,0.0056162450322965185,-0.004018586814209968,-0.0002515605038748703,0.005000820385010929,0.0483531644930042
2024-11-21,0.005353995053081206,0.012636796164890551,0.010116014996998324,0.008063742700312293,0.00801631935535152,0.012444714740623475,0.0017690022668279681,0.010786666357991415,0.017243881454497068,0.012150079869129193,-0.000774689354535063,0.00830491888622209,0.016251567666985878,0.0003770527399336032,0.0033201089572978404,-0.017044138862782887
2024-11-22,0.0030947058297172703,0.011100162898442179,0.0005139047995070811,0.0015430951351262934,0.0009022797831015339,0.013835173890783814,0.014315580731563138,0.009206544588827192,-0.0053875612297149544,0.005541953979155245,0.0005531901948314655,0.012809813332371967,0.014242398406224765,-0.00025131744872197714,0.005289257107450318,-0.10161341106495803
2024-11-25,0.003386364855228585,0.006483947620037789,-4.2831813828136944e-05,-0.019936167454369436,0.008496079566847392,0.006219685827979049,0.010172773231814425,0.005483533921995409,0.0018397638686065143,0.010256454839090878,0.025558782465374463,-0.0299014831873059,-0.02938375455527442,0.0037669383610703377,-0.00694789947475094,-0.04290198039765336
2024-11-26,0.005207796539103526,0.0019566655366394237,0.004996221693835068,-0.0013642465365508727,0.005350469053954754,0.0011836739273682895,0.003624426791054347,0.0041230333347916925,0.015806152815836416,-0.007496994719974115,-0.0038900222558186925,0.001936433160953932,-0.006819285585413226,-0.00188195931094981,0.001327120237930135,-0.03484673040364106
2024-11-27,-0.0030346884096896787,0.001952691606986079,-0.013638215476869497,-0.0010506753159726934,0.0053221008709023465,-0.0036948286763616167,-0.004941519177696918,0.002055497393579131,0.0,-0.0005299746603202315,0.006905001121595866,0.002220248187002838,0.00153492821521084,0.003009142557965916,-0.008658035402188347,0.0
2024-11-29,0.00619283513675839,0.0015594583480473823,0.00924114250308783,0.004300973525344087,0.0031254016759199033,0.005641283546784059,0.010218512899317744,0.005059557769273582,0.00036168747521481137,0.0050771646072877985,0.010268263042720882,0.008587567442534194,-0.00153492821521084,0.002001076261643142,-0.0016736325893176307,-0.04274465552494444
2024-12-02,0.0017908264486719006,-0.009983459042677723,0.009453268709616935,-0.01062882544164001,-0.0017652147777811322,-0.0073889101472888186,0.008689160461768708,-0.001202359653997398,-0.0216975149545382,-0.0006332168374925118,0.0024000158117969406,-0.008792948302693837,-0.007991625970715788,-0.00036415510510767746,0.00601205478237965,-0.012663116987917888
2024-12-03,0.00046383788294779293,-0.007504061554929553,0.003596063764454094,-0.00010591504855517186,-0.002245114038827545,-0.006316623899357943,-0.0007584950667443024,-0.0051867319185232574,-0.008663644306095453,-0.0031722796842696965,-0.008666410047212025,0.002010753244455543,0.02776413724990956,0.0,-0.00033306793256171474,-0.0030030023571749886
2024-12-04,0.006190105397692491,-0.003773136638230312,0.018120354571138364,-0.024420170519662943,-0.0005451826837248319,0.00435571942087698,0.009239936112010128,-0.00278530684465661,-0.00012409815172986782,-0.009791541102687429,0.010688474777387214,0.003029087486077664,-0.016009225116614623,0.002382405645075636,-0.0003332475977360083,0.011215042298141853
2024-12-05,-0.001646890186499661,0.0029799947679527428,-0.005072413125247088,0.003895702115635835,-0.011239051883561224,-0.012201802863718747,0.008147227370289833,0.003994108423234444,0.0031029111479567995,-0.013242287116057572,0.002017810624874272,-0.007425208209173917,-0.005720225392876088,-0.0008768583932345919,-0.005345739252081927,0.006669172799957934
2024-12-06,0.0018940025172220487,-0.00019828662851750778,0.0038688288402157767,-0.017101856718352515,-0.005667361262088555,-0.0025579024300474984,0.020834107203548946,-0.00496484612082515,-0.012470438329829747,-0.003909304870976182,0.0014842980466527322,0.00037050015179751483,-0.017359879398267886,0.0016284382496065675,0.0026765106153812113,-0.058549558775525146
2024-12-09,-0.00516308081563821,-0.01378517708818805,-0.006540059947008459,-0.0016493181846599647,0.002906730193049434,-0.008717311332171462,-0.0031838069908625144,-0.0015792547386714872,-0.012628017944950276,-0.00021770387373631905,-0.009259936981604433,0.009870874002919194,0.013153436669722574,-0.001252248053392968,0.001669094052012987,0.10543875570940431
2024-12-10,-0.0031139373280719695,-0.00020115795160391414,-0.013972774103552688,-0.006846337378953571,-0.0041550160351704335,-0.002443130464470755,0.001636165227897557,0.004730592016592539,-0.007269944802184902,-0.010282360013769143,-0.004715718388493606,0.013078415980993796,0.0032265351331126624,0.0005006681970209925,0.0023321847594717227,-0.0007049189751087148
2024-12-11,0.00770080620807434,0.0020099969489710823,0.014390588380558178,0.001660728472336892,-0.013695084574028016,-0.002304968463413104,0.017400625294937022,-0.007652700358920406,-0.006292318210531445,-0.0035244623109242923,-0.009499300877017447,0.00948865236059504,0.02667193635937881,0.00025065923929989964,0.003322246491897829,-0.04323442611310657
2024-12-12,-0.005165755188186516,-0.004427290968804343,-0.005613888572475467,-0.008108060223390279,-0.00798187868835587,-0.006438243796803356,-0.00832143406364061,0.002922108342327867,-0.0005153518232221543,-0.0069755610929496115,-0.012221798021400332,-0.014772297747821739,-0.001637815922714836,-0.0027586120192166774,0.003311245707377175,0.024728543874721343
2024-12-13,-0.00019863789310381463,-0.0008071440190158263,0.004276216348974238,-0.005031031757879667,-0.00014157603379061356,-0.002615855648414822,0.003957178004864836,-0.0025564140501952437,0.0006442515700730844,-0.008592505284901186,-0.010263071360991027,-0.012165276223374377,0.013566888492005269,-0.0028919430119289657,0.00033060408112017825,-0.007933662580970946
2024-12-16,0.004260862955717926,-0.0018183407073073532,0.009948140085255908,-0.022213136627907026,-0.01198744115703132,0.0008726366574736133,0.013455149567804803,-0.0052551915569098995,-0.008017748639959521,-0.0088928155951562,0.0029900825499762362,0.0024122979128051725,-0.0068961418576112266,0.0018871032667933108,-0.0016537732854309262,0.061773963814810706
2024-12-17,-0.004128502028305725,-0.007103030448979197,-0.006065419945728401,-0.007476715227292985,-0.0007180804010724628,-0.009202664237936808,0.0031373452472518437,-0.0017166589825574619,-0.004163154920482359,-0.005555992091999418,0.002430452416808393,-0.00384601115345351,-0.005442107261041329,-0.0021392884559441327,0.0009925921309710262,0.07726356570616977
2024-12-18,-0.03025661064131402,-0.03039628420223872,-0.03278413539529712,-0.030003555996028997,-0.013669563870022827,-0.028654877750077468,-0.04611224602282871,-0.015337478364651602,-0.023881545971732532,-0.028837036752777934,-0.0125832587458925,-0.019371499639531997,-0.0049234316744426465,-0.010321146979256568,0.011507619799382862,0.5541096510389649
2024-12-19,-0.0003070936532258983,0.0035626388306417844,0.0010758664628092163,-0.008723306463898517,-0.007602273312689256,-0.0012845814523299026,-0.0013567909886855745,-0.007129998965861084,0.004529849573150724,-0.010824884918049893,-0.01525727844054181,0.0014200879312813441,-0.004534557053921695,-0.0010240118385009822,0.0019595083310588457,-0.13674335540527904
2024-12-20,0.011939452656686278,0.01474455356627713,0.014815101387565477,0.009793600699516958,0.012542028928657523,0.011650352626012328,0.0025369966695700796,0.003508783968507956,0.015825276459459303,0.01234520222916613,0.0056778405235213825,0.01037999743966811,0.006725684083831673,0.006255213862679909,-0.004906022873490734,-0.27162240452496267
2024-12-23,0.005970350138959191,0.0023985186235790934,0.010539534662648009,0.005855324978937038,0.009937608997124592,-0.00022542299610872618,0.0030285208133289387,-0.005282586579600235,0.003397822410004636,-0.0007755470320374158,-0.009214488982800972,-0.004719916680210545,-0.0005473579311958687,-0.002675803789578879,0.0036598685709829937,-0.0899866764763626
2024-12-24,0.011053778932945235,0.011703207826472273,0.010280079388589769,0.008423851995540854,0.004099579035955259,0.007782186623797038,0.02286352277061976,0.00656741428484775,0.0055066000829007145,0.005392576025257778,0.004219868295593621,0.0019900326568702553,0.008043175675934933,0.0031846951275857904,0.002727591845847588,-0.16202827839204215
2024-12-26,6.648633455341724e-05,0.002446401604186299,0.0006650720407730404,-0.0008274983085425625,0.002007720739849894,0.0007452368105358431,-0.003717282247919229,0.0031419245295882803,-0.002356229685616107,-0.0015209335030728077,-0.0005692555764227336,0.006728492701914668,-0.007085521901283975,0.002540790593502429,-0.002045029738865445,0.03172673583008656
2024-12-27,-0.010582171931224238,-0.007357393048010863,-0.013384271280618698,-0.00011824295519469175,-0.004667074666816262,-0.0074764284884221155,-0.01666211521011718,-0.004905935992661092,-0.002887442703760179,-0.0054009909424381775,-0.008232255425809853,-0.00689421445370364,0.009797346590190159,-0.003431334998251323,-0.00170738072765797,0.07957261787497982
2024-12-30,-0.01147740682219034,-0.009687807977328156,-0.012797855768572397,-0.00011816240273265777,-0.012382821949967315,-0.010106184747058933,-0.0161920199322525,-0.0117968628035241,-0.0042150564493126375,-0.013512171645553295,0.00800449955795468,-0.00319477904087595,0.013049236525679575,0.0013993885598999611,0.001024818620675827,0.08701136702438106
2024-12-31,-0.003644558185285973,0.0010351487479614008,-0.008351454636478017,0.013042998584732235,0.0024016478089325943,-0.0012136721105493464,-0.007548889225485134,0.0030577519879528836,-0.000924492223966844,0.004048997039659774,-0.005367530359591477,0.006214287831739718,0.009709504271429914,-0.00012731906858398645,0.004428516175420061,-0.0028776559173402383
2025-01-02,-0.0024601476798054023,-0.0024860947959024493,-0.002368219307114394,0.011606366534485879,0.0002906827879129992,-0.0034973276070218162,-0.013236439058889715,-0.0030577519879528836,0.007633659212133548,-0.011114514334567893,0.002744416590390486,0.013496228917031061,0.01810119232514129,0.002412704784874542,0.00846175919425729,0.0328827762578463
2025-01-03,0.012425882521837295,0.007851389834885314,0.016163878150601718,0.00930346445209862,0.009762391841975138,0.010756894449098553,0.020032895948036256,-0.00051043425853603,0.010564285640623172,-0.000240352509368158,-0.0032023502237787937,-0.007895124609843762,0.01278671439734591,0.001520975101330535,-0.003038002034708054,-0.10579446452967467
2025-01-06,0.005744190758671053,-0.0030919258687718276,0.01264500896793841,-0.004583490762277265,0.000431744979727533,-0.0021876299129166554,0.003932537939247638,-0.010523832212706807,-0.011219939789141709,0.006708972267696289,-0.004477987286642282,-0.0012328556129919122,-0.007988640762339294,0.0017715871267620642,-0.006443977963592751,-0.005595180591635884
2025-01-07,-0.011368526030354431,-0.002273369170211037,-0.020266721505574736,0.009942320638532731,0.004951155157219667,-0.0009820065923005217,-0.019548777819597518,-0.0034893376743090343,-0.0024959575895882047,-0.00059716030646495,-0.011341348769367876,0.00561762673506383,0.011191923735452747,-0.0032925622280925992,0.0037357765220269457,0.10523574540106706
2025-01-08,0.00145994527715132,0.0033051005324824523,-0.0003419476607326999,0.0010228214326959417,0.0051402205675046275,0.003922956030524283,0.002829106666687231,0.0018108097809879098,-0.0002631006483948539,0.005480787197239323,0.0012794880912219142,0.005301603121984577,-0.011191923735452747,0.0012679210539623398,0.00372187242230293,-0.006756722233491885
2025-01-10,-0.015385282123368427,-0.0244245785308963,-0.02204739949756096,0.004081127370805238,-0.005641490092657797,-0.011281785066343808,-0.009868719090606604,-0.013531458451901734,-0.0056731036143080615,-0.01027113923096934,-0.0066477705017389255,0.009512918374949386,0.04230080168143591,-0.005207388325517037,0.005053065299581938,0.09889901078493857
2025-01-13,0.0015494907680944081,0.007159381633483175,-0.007106193437738106,0.020824823062258968,0.01294937700930543,0.011657998062116093,0.005644666939465637,0.0017016871081150242,-0.011711821888301444,0.02208322777112981,-0.0003511851533417598,-0.010001100303675514,0.019525443052297753,-0.0002548639105190986,0.0030196547869625334,-0.01807435561904125
2025-01-14,0.0013748977461718326,0.012303359812796177,0.002637749995697547,0.010690615896630007,-0.010374731286255212,0.011746682224536897,-0.0019381830552021029,0.00026130174283789387,0.013033898608524108,0.012370324891652462,-0.0016399552714139176,0.005235693007988651,-0.0068335248564910245,0.0012728233311181114,-0.0063855041759466324,-0.025331246496121285
2025-01-15,0.01802646478633463,0.025172705783988114,0.01969409590677973,0.014690921324224782,0.004063162400163911,0.006302731901708825,0.025128256221138123,-0.0034047587423700065,0.014560484668101559,0.009465617259313941,0.01708848642966121,0.007461090407550941,0.03216948994760216,0.008739566805998855,-0.001687215910597839,-0.1489973022133766
2025-01-16,-0.00192495343106458,0.006647269423257107,-0.007735746872059579,0.0072116494427074684,0.0039759299964634565,0.012049159607120608,-0.005426455464793811,0.0074494324703735515,0.024949866850346947,0.008238009689357728,0.0032219750702431327,0.006887194609051406,-0.016738720643576066,0.0011338087969390287,0.0,0.029341929202495454
2025-01-17,0.009989836281139475,0.008396640217924745,0.015540253788070224,0.007692425107427514,-0.006754251076162454,0.005970513757362461,0.013925932707889999,0.005712986091957362,0.0013962182847468974,0.006474055531599632,0.00172198419533931,-0.0053214033326849375,-0.005076836731238821,0.0008816501640147578,0.0037080714376074297,-0.03869073939502865
2025-01-21,0.009111841244648033,0.00832680033525035,0.008294904366658251,-0.005121588967284207,0.01641476325221536,0.02033645295339781,0.007302503255678161,0.004649920265315188,0.015231000581133802,0.012711731742227617,0.008906235910544957,0.015366546556983884,-0.017234381915569585,0.0026392513598212375,-0.01286844962299849,-0.05866972871283105
2025-01-22,0.0056057964535396465,-0.004749656091038723,0.022327917340279946,-0.018353125727456288,-0.0022480809913787425,-0.0023500964016252013,-0.0037749320136528652,-0.00490899272262979,-0.0218484827372607,-0.008080829285340041,-0.0052425750581104325,0.00512251021306831,-0.008419020896957896,-0.0013817407203955412,0.001702729241061185,0.0026525188490325036
2025-01-23,0.0054431155036649415,0.005736392356591402,0.0017798334315779485,0.004565623833884924,0.013274946837491086,0.010073562606534914,0.006024483162561545,0.003619384704527384,0.004713147101905069,0.005506573732967368,-0.007801246455171551,-0.0014158718257650804,-0.015284702792321525,0.001256349289983305,-0.0003403274116764443,-0.005312092270843838
2025-01-24,-0.0029234325123494997,0.002954150156997848,-0.010475637293565931,-0.009699843052728419,0.0015950278748393387,-0.004243972786260208,-0.006111412456518472,0.005147974055654814,0.010115002972691745,-0.002581075746666439,0.004481496086976122,0.006199449222330067,0.004911531763045041,0.0011291054441979753,-0.006145444871146211,-0.011382785876024926
2025-01-27,-0.014246458926307604,0.010952568738912927,-0.05026013533207507,-0.010458502080321619,0.022203377360764165,-0.01348820244945692,0.005679235265560578,0.02672568269514386,-0.023419531213385802,0.0005617853164712194,0.011740145810092528,-0.010459313683880644,-0.021203081909510146,0.00075178594431069,0.00034235742766908217,0.1868008005986459
2025-01-28,0.008555817741972227,-0.0017521449530519817,0.026323548988357537,-0.00956302599444836,-0.007005200891073038,-0.006632020486679657,0.0012096391120932637,-0.015746254978918905,-0.01387556461440509,-0.0032618729024069815,-0.0006802769111207141,0.008619165823802177,0.011863144417671556,-0.00037556146880390884,0.004099778124476039,-0.08690979573202151
2025-01-29,-0.004493148481776288,-0.0007797260676727369,-0.008165306359474656,0.0022319685550207247,-0.005886712817178896,-0.0034053089023977634,-0.0028536982517426424,0.002409414049994396,0.0020870263425303293,-0.001804264754595497,-0.002042871015394354,-0.0038478030414186293,-0.013789823155870629,-0.0006271890566811322,0.002043636730677534,0.009099220903727279
2025-01-30,0.0053527313588555,0.00950998650048751,0.0018536805727160655,0.005115232510077394,0.011467564470398095,0.011114574865057847,0.009738379677289188,0.009831199366801435,0.020635261065529154,0.009436212621550588,0.0037423273603032214,0.015031970539816086,-0.0003857619739520146,0.0018796588227854016,0.0,-0.044451720687903595
2025-01-31,-0.00533591713707704,-0.0058115957566315934,-0.0058750135490095445,-0.028348376530284547,-0.003194976433249508,-0.007058613946944625,-0.004426521299978781,-0.009451179330016046,-0.005889110610754589,-0.0072941042190706185,-0.0065871259521150805,0.001974448600582157,0.0034666099925884097,-0.0020049558944750245,0.004074719781758329,0.03657055460412506
2025-02-03,-0.00675240140533262,-0.004088519940005586,-0.01356577599696518,0.006256026615339305,0.0038734707713903305,-0.009951739186292663,-0.013311209629721432,0.003917206022507003,0.005378463651402932,0.0010131114539277952,0.008109160271897231,0.005323078655223412,-0.0025666974170839296,-0.001261049038165929,0.0043955736548850766,0.12512736629705268
2025-02-04,0.00668586494722323,-0.0023435953746058225,0.014302093022763529,0.020760423361661395,-0.0027167438605868455,0.0002918197695969127,0.01171630626705955,-0.008485794342868225,-0.008851364025997732,0.002921072707335881,0.00305798246340494,0.009800237486044416,-0.003991475780719789,0.0031492811076434535,-0.009150996962172364,-0.07874575989448962
2025-02-05,0.004046226038259881,0.010503760833552533,0.013801634082016179,0.002108050476432144,0.009543580295305887,0.0007295739894184194,-0.011410811176848945,0.0062131399965359435,0.010000029296004076,-0.0007855291191440905,0.016375332025290845,0.0061903426424301244,-0.01849018579435313,0.0026377571784319542,-0.001703889677781234,-0.08738112702359535
2025-02-06,0.0034697058936208336,0.008286016950807884,0.0027290945044642356,-0.018568737440221472,-0.008999619458145425,0.0045114942803783364,0.003962966671539725,0.004540255313361996,-0.0011486652700063438,0.0034742096918529697,-0.0004450242634250756,-0.0026537744373777983,-0.008446657293337267,-0.0015064228662167167,-0.0006823965384250563,-0.017269406077245364
2025-02-07,-0.009195560495816046,-0.005580742604954558,-0.008596188303098273,-0.00011299280034915427,-0.004701086591960113,-0.0029809041401547276,-0.01975228853935107,-0.001511062479085723,-0.002045708313885175,-0.012269910543756701,-0.0064762529731901,0.0017825701444094122,0.005419399540078196,-0.0031457146258881963,0.004427075319070273,0.06494172102266127
2025-02-10,0.0067681644632182625,-0.00794343958792565,0.01449785124729086,0.021780127928188175,-0.0008881340648647651,0.008916523443792457,0.003407660662155365,0.006156056811057908,0.010819311907748208,0.005083791761534506,-0.0030293472220934703,0.016796386802506724,0.020097256003363206,0.0020143803136729588,0.0030534626205458437,-0.04513906718526117
2025-02-11,0.0007601494912803375,0.0025254768357032553,0.00046563014643474787,0.008032952361143764,-0.0018473743227787054,0.0003608552038096846,-0.011419143061689674,0.009598190389118244,0.005051182753724959,0.005842813957753101,-0.0064247075665821995,-0.00365828558987058,0.011177544617718915,-0.00037704849866759815,-0.003393327393837353,0.01319529245212303
2025-02-12,-0.0032265823363157864,-0.0034984272604421385,-0.002160352160702317,-0.024407636178573444,-0.001438971228979291,-0.006223998812174614,-0.00017865347878220916,-0.0007445117230213683,-0.001765183756774924,-0.0071958132546345865,-0.013663253564836886,0.0010466070727144228,-0.025229321786200742,-0.002141352579421607,0.0006796140777614035,-0.008147968059884825
2025-02-13,0.01050205724930997,0.00659815037147693,0.014063968328287046,0.007496486560050641,0.003901308056768471,0.0010160257054669941,0.01490584134562667,0.010742565670702753,0.00226892159221892,0.01722819453996749,0.016486028621708115,0.009814510830151058,0.0009167664219305038,0.004528731819726239,-0.008185607164627573,-0.050995233071065016
2025-02-14,-4.907636150441874e-05,0.001932251938605134,0.003381051093865217,0.00400494145464414,-0.010920805437751646,-0.002468799578068115,-0.00044053618177652965,-0.009998053947681385,-0.00416319436824697,-0.003444362913510357,0.005286238439548896,-0.01498346692654895,-0.007489683500142341,0.0011291674199060964,-0.002743493554517862,-0.022096641547685092
2025-02-18,0.0029313929928722615,0.007117439459152219,0.009084908727817975,0.013563546764994161,-0.00193576718839239,0.007820809106046767,-0.002779173772798238,0.00359115406235766,0.009311680389672006,0.012607962132809014,-0.011847942315402982,0.016425269144477284,0.014923688398120305,-0.0008781080081963211,0.0020583592752920765,0.03851737134856492
2025-02-19,0.0023522518840009,0.00038332548821573553,8.243164065380171e-05,0.007855151399071225,0.01292481902948861,0.0010096914863728657,-0.0005744526598316924,0.008002499168076938,0.005246673786019063,-0.011829249556125632,0.0012478328517415704,0.0005539429240091209,0.006346732998629534,0.0007529041816587423,0.0010274917068948675,-0.005225349676138968
2025-02-20,-0.004168922727060931,-0.01544735932946617,-0.0031843671849136612,0.009087103024467691,0.005585520366260255,-0.006579374206095778,-0.008656557149032906,-0.003931737244517564,-0.0001246580575609002,-0.0023380467246112424,0.003734091430255937,0.0005166991544358623,0.003994660164347685,0.0006264855018631721,-0.007905116802654266,0.025219531610343182
2025-02-21,-0.017252070958460486,-0.01253173594961865,-0.02746460398030326,-0.021003094713339276,-0.005380595209750538,-0.022149905509378343,-0.026657378492144446,0.011627363094296683,0.00024920150369212024,-0.018450210407363166,0.01201263721241741,-0.0009229691054981615,-0.03148328280232793,-0.0018814675130105485,0.003444691337218142,0.15086116264458127
2025-02-24,-0.004560894960155437,0.004325484899642795,-0.01440918997905083,0.00021999586728504994,0.008093915670765561,-0.004534023431812528,-0.0037616753877429687,0.003037327159460368,-0.0049955689930256675,-0.0011361319716165497,0.0028971667938417767,0.005414881156990958,0.00819463676140142,0.0012549820111473764,0.0006875573150511016,0.04141492560012949
2025-02-25,-0.004985590368680626,-0.00019634677935531641,-0.013042978586893739,-0.014508357473573597,0.008566422317406897,0.005127297592710356,-0.005253632969320243,0.014094329748407297,-0.005020850191318704,0.00770022213481214,0.017099931536223245,-0.01327607254097618,-0.024518269965612127,0.002504523391750446,-0.0037872926906188376,0.023432510032201925
2025-02-26,0.000504670194333201,-0.0021608284128267208,0.01083766504936623,-0.005705581022308337,-0.007212464923686213,0.0005926920235204136,-0.004120588996444852,-0.01932449511416312,0.00414405158743314,-0.0004515197264733928,0.005889346412303098,0.0015251697060953973,-0.0037842833022230238,0.00137480330652906,0.002067580111154932,-0.01712992407094971
2025-02-27,-0.01609067453879387,0.005491355441178847,-0.03708613904761826,0.005370968422894862,-0.004067277854735707,-0.0034874536067661666,-0.014534092268319476,-0.00012186327314012146,-0.022430201194347354,-0.006794076884568678,-0.00709307146539917,-0.015357280506671067,0.01917849074609901,-0.0018754553101985039,0.007202881592950128,0.1010054368855191
2025-02-28,0.015485186007683005,0.020327823136659706,0.013121574690380555,0.015392528504988068,0.011548433294469973,0.013291092974706764,0.016480779873218054,0.01320667047057178,0.015135557039439362,0.008485629073927026,0.01219115403667903,-0.006285532695668117,-0.0007973097909914628,0.002749506898878984,0.004433113992052373,-0.07363482637456453
2025-03-03,-0.017675373428281738,-0.008468091188126081,-0.030889419991289024,-0.03557013162463507,0.004354902494219992,-0.014332276601736638,-0.01860140194398774,0.0052820909956281525,0.0013876883005425888,-0.020257952068203355,0.004655876132217074,0.013094284775934106,-0.025583750461368737,-0.002083753795284693,-0.009572681542441508,0.1488240226257318
2025-03-04,-0.011907373878382366,-0.03580951906605012,-0.0007777136197155698,-0.009726001100382131,-0.009336080438180794,-0.019688079883541043,-0.017800468707183548,-0.017148018182203018,-0.016395040917140946,-0.013659283722310622,-0.012391355673633697,0.008660029400338942,-0.0001364268762644727,-0.00012550751665063586,-0.008971823567773374,0.031542884125980386
2025-03-05,0.010690384507583417,0.005792536586618713,0.013952636365543114,-0.014710640532638486,0.010004417518851838,0.015661883683115718,0.015108011940540678,0.00413278700764419,-0.0070725840907925885,0.025772417996888564,-0.008016480988936259,0.0020791481693782643,-0.026119075404535508,0.0005024535516229278,-0.012205922592209983,-0.06957029594178676
2025-03-06,-0.01791059816833762,-0.016668722699347605,-0.028149003806732686,0.003029381145094323,-0.002742962262843207,-0.008628884921252578,-0.025680484927147695,0.001817680414512246,-0.020995825597234674,-0.005238699432168481,-0.0033129106256408747,-0.005094160642131307,-0.004068766396589929,-0.003774933756684362,-0.0007019680698592268,0.12580671521442044
2025-03-07,0.005589344711509625,-0.005279232471690154,0.014379496159214078,0.016956544655351458,6.692970673327636e-05,0.01161269647190366,-0.0018458729882189218,0.003263866715463415,0.018411393161538836,0.0027365960898553254,-0.0032129678521730654,0.0005218196474086056,0.013406137485485026,0.0016376825584263344,-0.0031651422108449623,-0.06220910709864125
2025-03-10,-0.0269967721155977,-0.022648621494989918,-0.04343948993357394,0.007406892749061811,-0.01084376464817094,-0.015766049609321264,-0.036340674832167075,-0.0021746310756425302,0.010937445144413527,-0.021058103908558223,0.010377460894409829,-0.008794495623059895,-0.01678591636026905,-0.0037831298715849115,0.0007042620645929532,0.17573880579798828
2025-03-11,-0.008347635015888422,-0.008574734857382804,-0.004070390119593981,-0.0079790803772819,-0.01096242770779643,-0.015480684054906213,-0.009829879394299468,-0.014742759320122367,-0.009385984306367945,-0.007705078936181664,-0.007164493042236764,0.011659306390657598,0.007868490406993445,-0.003543859828803342,-0.005647753904478581,-0.034322482648842634
2025-03-12,0.005292458158104196,0.0014691360485166172,0.015616471933863174,0.0045673583796723705,-0.010046127417698614,-7.672570087624564e-05,0.0057880182169034455,-0.021965422071914986,-0.003105229393886244,-0.0046987224126135985,-0.00599134466250284,0.004337373317600424,0.018718135458310137,0.0011403075884999225,0.002474800680778877,-0.10527799167462559
2025-03-13,-0.013419971602266934,-0.005467975628711486,-0.01917349063423135,-0.006858746724737852,-0.005339307548117844,-0.01027472452599465,-0.025274959799875596,-0.004653172313264342,0.002459028473624336,-0.0007067118512202875,0.008753058622150256,0.017600345742840418,-0.01634159420273118,-0.005587893000199351,0.003524898348883365,0.01759097561253009
2025-03-14,0.020445240697472222,0.022931932460330984,0.029793281432151986,0.02916446272778961,0.007618636985998961,0.018083861101612975,0.021064225256008484,0.0022664586457539215,0.01933109305287717,0.012994001285582257,-0.005309391920990336,0.00039967786762495905,0.009173045915837008,0.004574222683560336,-0.0010562071897766145,-0.12464959527480435
2025-03-17,0.007681756404855022,0.011679308660391463,0.006940489647098147,0.01580588331159527,0.012616025197099034,0.01370846827920591,0.0015747997665620517,0.014483730566916542,0.0041754109031586495,0.012482881211060892,0.004978385099907001,0.005398932434642845,0.005931465234978894,0.0024058826404358413,-0.0038820531482901544,-0.059620313029912886
2025-03-18,-0.010867213284752708,-0.001222950993081895,-0.015342467372503776,0.0016433491861231886,0.00047671065649179667,-0.008005390455555705,-0.01797694586627685,-0.011469853788372397,-0.006968533092514662,-0.0017242503180590063,0.000992513462682254,0.01160436401087761,-0.0069003862860617105,-0.0017722052268798194,-0.0007075005960710534,0.056399712461100204
2025-03-19,0.010831857178982496,0.010953480768294721,0.012925872443419806,0.01618108870496693,0.0005448081360004409,0.013182545795592304,0.018991691832180635,0.0,0.003680255102082697,0.003331100602234738,0.005168227305990314,0.004099294399691367,0.002903951269256133,0.006566675014971324,0.002473925991936632,-0.08659258314379992
2025-03-20,-0.002895887979129874,0.0014110873902057897,-0.007144719016187295,0.0036559749598716884,0.0006122616396035951,-0.005026742183116717,-0.0023860999413480855,-0.004902235412341582,0.004045601441919011,-0.00632732684935311,0.0006576627171179794,-0.0012814060805395044,0.017927338477980115,-0.0013857566836046331,0.002819889817017529,-0.0050378133929203095
2025-03-21,0.00032983755223536804,-0.0036326539419526682,0.00271441642784076,-0.007000997360341099,-0.002792743247514551,-0.005354275818050702,0.00360221831702745,-0.0003781000119564837,-0.006455352599103126,-0.009974599102657855,-0.005936199998713754,-0.008082476604942102,0.0008134159458270673,-0.0015135492991928956,0.003162848216111236,-0.026613574371400883
2025-03-24,0.017750019933975736,0.017479918670058936,0.018761574752394594,0.011329374573321171,0.00760615150663746,0.018374685508740995,0.03680390769296782,0.0061649619560935065,-0.00031977285289919166,0.013459866360407968,-0.010306161661810087,-0.004462490783133433,0.014663562012078302,0.0028993059827975287,0.001752871008601442,-0.09801098075725623
2025-03-25,0.002400829420101225,0.005567660830849697,0.0033028421113172612,0.0040844818346750245,-0.012858250976229613,0.0014883028761021322,0.007947250173428344,-0.009109425989232811,-0.01612002751339814,-0.0002312697146193976,-0.00011146508602166705,0.004390711790074775,-0.0008015706483535112,-0.0005037365760545143,-0.0010513261906561766,-0.019059192670720204
2025-03-26,-0.012009953674923857,-0.0029788944021702513,-0.022556143186266198,0.005881964259031314,-0.0036553050362950756,-0.006639565431483696,-0.013149587116295436,0.015386912623914561,0.00660830582664218,0.001847670991683259,-0.006594806953222232,-0.0008263225124265361,0.007987242710904674,-0.004037906616670028,0.004547808531700781,0.0665409063205531
2025-03-27,-0.0026591594588518674,-0.0019907934825225126,-0.009270843122085815,-0.009750872654286091,0.0015879950676733756,-0.005328644335833133,0.0006395361901754271,0.011324767698897453,-0.0002582562191424387,-0.00046166538405323365,-0.0029199644043744755,0.013316671121390122,0.0007952974227212195,-0.001898177332744666,-0.003146262731811955,0.019449592352613454
2025-03-28,-0.020343970798800015,-0.01951963189342587,-0.024553211603975278,-0.004749093615500133,-0.0031091083674326114,-0.02083409672654568,-0.031571112023102366,-0.004961940217008021,0.007336417518131633,-0.018522223008329064,0.013739219899358446,0.007384788228781858,-0.009451074859801345,-0.001775126117918191,-0.001752256688221543,0.1470167867866672
2025-03-31,0.006690370104205812,0.012118925116177959,0.00048445554758025366,0.01097490708944937,0.010257378001314876,0.0070439777816098115,0.002129359668025188,0.0155480817969611,0.011094832198932814,0.010875354652528646,0.00982495249506865,0.014261049112946012,0.033665312184370855,0.0011414245569669745,0.0010517638861600176,0.028684009049351644
2025-04-01,0.002820461499574378,-0.0012052735038174944,0.007286457245474054,0.005868157900400295,-0.018455651917684612,0.005629924558872901,0.010378519880780424,0.0014681610303650672,0.0025333153642468353,0.003714988102636152,0.008628258845140735,-0.0019801896396476337,-0.003238134997980424,0.0023155617372747628,0.0010505207598798805,-0.023156549604275156
2025-04-02,0.00630835869147095,0.008207345551292988,0.007376893933396467,0.0013820127838775065,0.006675059513704618,0.009363481681837094,0.018817381213071194,-0.002938577536279574,0.004669702108267781,0.008193456571735869,-0.0006560739927641279,0.002049559804647494,0.008526030643493776,0.0020311614892012386,-0.004208998205283088,-0.01201494235336975
2025-04-03,-0.050536419682427614,-0.05049614301974392,-0.07068852203377762,-0.08176172333626663,-0.00814128601248676,-0.055634296673636285,-0.0623013311874816,0.005746887056799821,-0.0063155068283977656,-0.04621911561377923,0.004583328832180378,-0.00605658220441363,-0.07323757095236783,-0.01250637795939813,-0.017730974986422954,0.33334588753358263
2025-04-04,-0.06032659580996569,-0.0759969622575829,-0.0681408522123883,-0.09650980234892348,-0.05640660418586574,-0.06491457676143675,-0.04409274741407199,-0.0443741933397197,-0.05723291296513944,-0.06463500675568268,0.010828389169462938,-0.023670204732145095,-0.06180181194844092,-0.014357164076099771,0.011030190590988198,0.4116639475338917
2025-04-07,-0.0017827152983578287,-0.002491771921332653,0.005959176085423401,-0.00649646043531682,-0.0060054600038004224,-0.004674335420741471,-0.011887097227504917,-0.01166614963969792,-0.015414267147151772,-0.016180304381780086,-0.030620200692903943,-0.02171998668570385,-0.028978798365618452,-0.00863537915206436,0.004237236630300956,0.03619418049913703
2025-04-08,-0.015786834984522713,-0.0038632388636314907,-0.020541040583041514,-0.023402618212382542,-0.011142453734418467,-0.008297431046351278,-0.02403670672584557,-0.015594842557533184,-0.004095909762898309,-0.031281526399217,-0.01905870972576551,0.005429029902152216,-0.040834673158959944,-0.004609797695660944,-0.0045911747258253754,0.10784788588768279
2025-04-09,0.09986304660809253,0.072659437160016,0.1259776880543928,0.074593796096317,0.042547111426056716,0.08509124382277644,0.10335091964072873,0.03803616855844183,0.03864687584990101,0.08377464766019038,0.005868384830273854,0.036323492196158824,0.06479506486124542,0.026445860584901837,0.0014149316453093697,-0.4424487591644146
2025-04-10,-0.0448083495532563,-0.028346207238789667,-0.047669766342585795,-0.06755418674283176,-0.028286278045785984,-0.026135414926106826,-0.039854997091349986,0.0005042588683421556,-0.007531255918974633,-0.03246787579845556,-0.027955654324613555,0.024130092886814225,-0.03401384495051474,-0.016462979566739477,-0.02107594214142061,0.19159830601000571
2025-04-11,0.017685464038685872,0.016418530184239888,0.020269567442039005,0.024508780603849978,0.014571843611007829,0.0174992836734722,0.00963924540193517,0.012523747304558519,0.012127668254720003,0.029243209226195166,0.005423841315721489,0.018906799500581606,0.017301985720580504,0.0030015579849074214,-0.009066216313151187,-0.08077971131758677
2025-04-14,0.009654750647451138,0.010232609074567911,0.009083773107098736,0.003542865453557642,0.012127602910534385,0.010370156096782601,0.0028949756661571513,0.016906544042098126,0.01779169117310797,0.011977632086543455,0.007110317672601951,-0.005722318290653838,0.0030048786658927185,0.004939770141411337,-0.0032841021477643118,-0.19550720373103703
2025-04-15,-0.0028046068630169785,0.002541772415559862,0.0036406184133648267,-0.0015167482043958458,-0.0061543993754771265,-0.0049737400902643,-0.007226497162986512,-0.008479263760127864,-0.00012889092024037652,-0.007886596934366885,0.003536105837506298,0.005218738019025615,-0.0027039267741439943,0.002719102567217746,0.005467479194599889,-0.025243056376930806
2025-04-16,-0.022478960262307446,-0.015778601040086215,-0.035363339980609254,0.008188859497120227,-0.010219704901921922,-0.013786719644128809,-0.0249783305833553,-0.010794780922382508,-0.009051999861159565,-0.007824666729357777,0.005563971096051112,0.03202257075367587,0.01892325871722811,-0.00012918717876075902,-0.008395747007613252,0.08034908060172263
2025-04-17,0.0014257004856927935,0.0025755975049337465,-0.00542957302479774,0.022333529078800485,-0.005887134588453691,0.005441698702600917,0.006276263504820356,0.021107908387563157,0.01021010052487803,0.006834538979985982,-0.008871786304495366,-0.004400359490662531,0.02521452992819917,0.005802768641701483,0.0007328351023705437,-0.09607639881843344
2025-04-21,-0.02409045107988561,-0.021669288126565434,-0.026161216495652617,-0.02648252802451445,-0.02178696973094585,-0.022681489891550832,-0.027061907533616925,-0.009572930872188579,-0.023944030655883353,-0.015349515647236078,-0.01763418306340192,0.030466725196562017,-0.012454912231737225,-0.005932291030198655,-0.009569441289871694,0.13159022186892821
2025-04-22,0.025685056289011854,0.03254237448469999,0.024084971449649828,0.02513196347000557,0.01860827271310228,0.017319962485634832,0.03115281488335686,0.014082070355756038,0.026897058543027264,0.02312099733400519,0.005565828575734955,-0.014297390879939975,0.010870459534162435,0.0038733160307877768,0.0055320046257794075,-0.10103320852701314
2025-04-23,0.015376651323154356,0.011804638669286938,0.028580545970910087,-0.001844694423938975,0.0049484563893607,0.012439413592638005,0.02210035514281028,-0.005731277172183802,0.00422183162277312,0.0012281001720166884,0.009666528787832362,-0.02427079806460597,-0.019211763047144004,0.005012396400339902,0.00915258746515013,-0.07187093853069948
2025-04-24,0.020830444939894832,0.011045159058002074,0.03663642881560403,0.015875166378353178,0.012156064561882118,0.022178789544388344,0.01971809674977365,-0.008844131759585316,0.0015307664727686188,0.02137037512406037,0.010480926091349652,0.014451351409752178,0.006006845785576864,0.008934180978931394,-0.004382852352719624,-0.07213619709070018
2025-04-25,0.007199221401995359,-0.0047782397600930615,0.014689771330641754,-0.0018187772967928062,0.004792422683270736,-7.774370703472755e-05,0.017819874986125583,-0.0025943699005503973,-0.0030639807511025907,-0.007476193421670274,0.007339173992971126,-0.010900878955956372,0.00829155530285508,0.0008888456715823168,0.0025589377648835843,-0.06355672709038407
2025-04-28,0.000381312500662645,0.0031188737601364203,-0.0016321701575643388,0.007014964799221701,0.003976177974426953,0.0033276529608921024,0.00035414978613612647,-0.0033456371690441244,0.006118702544364751,0.0018137820646959568,0.00628002920065196,0.014141637459613499,-0.018569093161500128,0.0005081822343715459,-0.006225949356321259,0.012402618169858215
2025-04-29,0.006279631323147683,0.010326387882913846,0.004649691165232284,-0.0028967516638105373,0.004894053552082056,0.006468541365309832,0.007057635389958072,0.008281346469175332,0.007722003637820052,0.008301845636083272,0.008349572625885315,-0.009786658970495132,-0.028592676852973398,0.0026610792527081983,0.0033009655128446447,-0.039745683506018814
2025-04-30,0.00039686299030083916,0.0018475545751193145,0.004152070288912846,-0.027325220162544017,0.008507657110262912,0.007189387077113807,-0.009134028926558457,0.007236292784155829,-0.005056930448068542,0.005138839978444221,-0.008125691667945745,-0.007510353244041923,-0.03539504174251906,-0.005329467607134042,0.003654948926833601,0.021691076650220964
2025-05-01,0.007061763409591748,-0.00020506219866645026,0.014562081442801578,0.00371991132879268,-0.027644209218414595,0.00751605764240626,0.005510560634199635,-0.008714400669015632,0.00291069669663635,-0.0044202357006670745,-0.005083872705196946,-0.020991066503797562,0.01499083795292755,0.0012906553069189641,0.005820330904067195,-0.00405681607695163
2025-05-02,0.014735151442319072,0.020506174871686156,0.016571683914744284,0.014498349453355264,0.013737247105050976,0.017767509504117207,0.01540872466445542,0.005409306727375274,0.007804793146606759,0.016741242820555335,-0.01088304916853744,0.001746673590377057,-0.007935846700359406,0.0030606611978694076,-0.0014519099093184273,-0.08126296612994288
2025-05-05,-0.005750609489691527,-0.006451631742142361,-0.005323231770500314,-0.018218260782147944,-0.002819364740255459,0.0005197243447536692,-0.010680836697693152,-0.0008585726375676117,-0.002510952091419494,-0.0074454288217573605,-0.0056009946738342364,0.029430400577679094,-0.025954981114732156,-0.0003820837504591168,-0.0018178747967914077,0.04145667440402967
2025-05-06,-0.008393672949749131,-0.005679545084840587,-0.008342442050845555,0.0002483462599931485,-0.027968213833068134,-0.008802103860343635,-0.008769301512894678,-0.001719456932648633,0.012119879914735066,-0.007262412877471203,0.0033186734385370897,0.027638515747737458,0.03513001375557323,-0.0007647098400926922,-0.006205495124790961,0.04628929034110829
2025-05-07,0.004196598748647418,0.005881745675747396,0.00996554859922405,0.00037264994125552064,0.007638538849299437,0.005081849931161564,0.007765277752222133,0.0015967988682987766,0.0028522190415278814,-0.005511511424977744,0.004218289397265984,-0.015106592963135768,-0.01701703978164204,0.0008920179762945679,0.007296659535497518,-0.05010366899456509
2025-05-08,0.006943710187545804,0.008256933031150382,0.009500153519026,0.013073720895727448,-0.009053857540051169,0.013696339751442466,0.011734586300681471,-0.001228087908670794,-0.008082020981267313,0.013248308952839238,-0.011211595825389331,-0.01989078892817897,0.0323783253031964,-0.00025484054141156065,0.008325773806591386,-0.04649978340350902
2025-05-09,-0.0012749241863660998,0.0,-0.0012400242819614604,0.00999762715930741,-0.010944021199432719,0.0008086517168166552,0.00480377422460343,-0.0057920189631346375,0.001746275253683205,0.002604962085462237,0.0014944254716118266,0.007228485693538289,0.015279052898456769,0.0006369796254501736,-0.00288802546159328,-0.026139385258591386
2025-05-12,0.03251310332807478,0.02005436316078768,0.04537049008939942,0.02574828866309975,0.02442059490675863,0.03031978707219185,0.048505513916435206,0.001481941314647628,-0.005999855526066966,0.022914326459139822,-0.00934861084550409,-0.02859555174099615,0.01475323488859459,0.009880791225368668,0.014001256004382068,-0.17467961397683496
2025-05-13,0.00658215085995284,0.004119760636432268,0.02137724162790544,0.013971478198314013,-0.030544099857150897,0.0069605624653634734,0.013138655401248478,-0.013543211832704571,-0.0013802831176912278,-0.004982422860392077,-0.004066646977874733,0.004249948759953881,0.029012865755937867,0.001763168692057171,-0.008592987845713829,-0.009287151281461181
2025-05-14,0.0012772665916260806,-0.0027446458395887774,0.006470305488002204,-0.0060811322839011694,-0.023788733921840333,-0.004824762817241535,0.003847959798501499,-0.0053934185033028825,-0.0044038218886757186,-0.009218627727082485,-0.006658589385456715,-0.021262276625643395,-0.01243499225683653,-0.003655579461613989,0.0021552147049761494,0.021716462775081435
2025-05-15,0.004872395712504307,0.006652330233835713,0.0013657949145544634,0.004214000184684874,0.01303887167348261,0.011034197396349477,-0.0022234523212292245,0.02029320673773949,0.021087549632275326,0.010147549677459455,0.008752059925461353,0.015837869719407927,-0.016725845044815557,0.0018924107695568182,-0.002514810053776184,-0.04335388932444717
2025-05-16,0.006314172343762081,0.006027082066354605,0.0018749845905290385,-0.001519656598504504,0.01995874031373379,0.011331233024487908,0.00941616074539997,0.011396450881258957,0.014586298026376898,0.010160606045469756,0.0026687781569556535,-0.012160689602209729,0.00751720181799076,0.0011338738135497906,0.0028735023866763854,-0.03365017563674577
2025-05-19,0.0010932217443393455,0.0005812116497834197,-0.0014484535966188261,-0.013070542097456617,0.009571673529745972,0.003402099164919292,-0.002345794202340379,0.002920081704733235,0.004249912944907397,0.002524057405683955,-0.002901211195412756,0.012798420816745093,0.006002560447080363,-0.0005038652142221878,-0.0068381790844136425,0.050887159080928335
2025-05-20,-0.0033679224651637085,-0.005438884139943756,-0.0037590080412517324,-0.009288110300464947,0.002452936441414977,-0.003610754231732294,-0.005217063241346409,0.0035171569050032048,0.0029037347776283973,-0.0017201754898130694,-0.007231223294954958,0.01845097448398647,0.0021870901703113788,-0.0005038104371655194,-0.0028933192389102302,-0.0027601031981325796
2025-05-21,-0.016994258821982022,-0.02066390916474914,-0.018965865373646196,-0.018594905966424324,-0.023434992982842573,-0.017048952400303463,-0.020483441515980694,-0.011690310694584483,-0.018411738119061827,-0.013404444342710597,-0.017237731046956917,0.007351594562024388,-0.0157068524353825,-0.006702670811608691,-0.00435573584934712,0.1429534534594037
2025-05-22,0.0003945240202805067,-0.0011938401254716347,0.0002616438302709412,-0.003907648149848786,-0.007858722237124027,-0.0002122875904699839,0.004290304536860745,-0.00417347378033206,-0.014378071983375484,-0.001047481845501519,0.005226355033141061,-0.008900989925318292,-0.006680006469871103,0.0020280767960239032,0.0029059309265315747,-0.02867754872029593
2025-05-23,-0.006849253936013433,-0.0035899404660475476,-0.011092917654799805,0.0031760356107608523,-0.001609809137487872,-0.003261062570081741,-0.009026300516306485,0.003683362872653362,0.011913739469707973,-0.001981909529624737,0.0016570809692471045,0.021669792905121277,0.012580621657433788,-0.00025307790492501425,-0.00728065017393531,0.09450297588999135
2025-05-27,0.02057750809639458,0.017429740646684344,0.02348637197836112,0.008622240117523994,0.013866823321993849,0.017456583061775,0.029100180420115862,0.009027771973244114,0.007497172458700518,0.017351511475611314,0.013859785930065982,-0.01709443335929972,-0.010497606597526854,0.006061299919612573,0.005465486922448637,-0.1618067399316656
2025-05-28,-0.005802252297463895,-0.0066982756250748565,-0.004142966614093524,-0.012777699748407034,-0.005158634483263036,-0.004966594829690862,-0.009218319672254616,-0.006824403405539137,-0.014056960999917045,-0.01374050820010142,-0.004325106402886192,-0.002268589173612945,0.009025741802187959,-0.0006298175619372515,0.0032649681743022185,0.01829162024380615
2025-05-29,0.003939671569296088,0.005126143540402861,0.0016851694703658993,0.007443123453288347,0.006670690585787398,0.0009112522894367814,0.0004187257062255867,0.0040271192871204065,0.006929806314375231,0.003713513251685452,0.009212277556794213,0.005907233361944542,-0.010364276055339516,0.0015105264774799565,-0.005447694597815467,-0.006754983416935367
2025-05-30,-0.0011192369367067911,0.0021608733635511967,-0.0031132523415946523,-0.008913963191016894,0.0021132800920753425,0.0006305228298373322,-0.005457590385333333,0.008730551364366512,0.010183560347511111,0.00011557951245722009,0.001507865823540122,-0.006598665713002383,-0.0005955175752303532,0.0008804471042491713,-0.0003641076672389332,-0.03232072643563022
2025-06-02,0.005617325159679609,0.00039245420740119386,0.00879578576232376,0.013038767526003525,0.000603025314709349,-0.0012612261044289141,0.002336020395512506,0.0006034354841846223,0.003168844789523728,0.005889677677220373,-0.009350071488936074,0.026233913208447035,0.03511701655538335,-0.00017684860855826656,-0.006945814862688859,-0.011372940494914996
2025-06-03,0.005686254815427283,0.0019596596528623778,0.014912997465787114,0.011794492858712147,0.0023329573053381125,0.007682096098156954,0.005305492052220195,-0.000965690706098421,0.0026734650873510013,0.010195365262394063,-0.0017631308186647487,-0.00889499464201915,0.004876606507938419,0.0018925954222064334,0.006581430805339572,-0.03717488007439673
2025-06-04,-0.0002684446267045004,-0.005693519066769959,0.001479127498898336,-0.01969500024309001,0.0019525047592718892,0.0005564633314749656,-0.0026491916405175786,-0.007029454919122102,-0.017630335352687876,0.003754178736474323,0.01610313734337865,0.006421313241234294,-0.007900681312936975,0.0018891225315860183,-0.004382852352719624,-0.004532581194009122
2025-06-05,-0.004844575652615646,-0.002760338751849112,-0.0028334270601506617,-0.0009765998334207993,-0.001351363980448994,-0.0006954927285427459,-0.02554823490848701,-0.009654911716694414,-0.0016069458802814296,-0.00592199972353713,0.00069413525230555,-0.00506267264407434,0.008472858636723757,-0.002141603330963804,-0.00073229844833822,0.04822208427528896
2025-06-06,0.010216662684453759,0.012361542212866006,0.009399649955457612,0.01863550643169809,0.009495717842942675,0.008383686950200975,0.012902770025592147,0.003187825454811666,0.004443977803881616,0.0026236108269963587,-0.0128056963688028,-0.013506882324947789,0.02052293350390677,-0.0001258543338185092,0.005115150801057844,-0.09709743831107742
2025-06-09,0.0009008229136489021,-0.005475120018660906,0.00489649462132391,0.0019163320518513771,-0.001712897869716734,-0.0008971994582562814,0.007980463747768951,-0.0013474367645596175,-0.006425512138593881,0.006698946836855235,0.0010538880910031523,0.0047074374937485786,0.009342685217941238,0.0005044491899530712,-0.002554268774347168,0.022989482036049225
2025-06-10,0.0056537060323496036,0.001175902150112762,0.005578684152911961,0.017672332639300237,0.011340525357369735,-0.004360464851520973,0.01189892547499305,0.002204101412474735,0.002352702431332787,0.006204363348136344,0.005136496621936715,0.00029346792267404,-0.00626531214619952,0.0023918215564595613,0.0010954033343160141,-0.012313206330112347
2025-06-11,-0.0028561525679462463,-0.001175902150112762,-0.002202808487025365,0.014356894975291468,0.0005158617246383557,0.0004853763931143007,-0.007932342503194967,-0.0034305861974948115,0.0006181773825031378,-0.009945596220030328,0.003022974066814399,0.00539769697833048,0.04399017218575896,-0.00025153911972264353,-0.00365628536102669,0.01812382007847102
2025-06-12,0.0039665017352490395,0.0,0.009235819624742625,0.0034706487030184974,0.007778112250016456,-0.0026379523568014207,-0.004714776098760254,0.005873668031997958,0.012039454196788757,0.004193774028906194,0.011886615121732724,0.012343702322692884,0.003069373901264605,0.0011310707303557876,-0.007352922048943,0.04309057866717447
2025-06-13,-0.011243026407137258,-0.020602974866759105,-0.014115771828809187,0.017288176169414804,-0.004982746877575828,-0.008446415589208556,-0.009260866496505038,-0.012276024314631151,-0.0057561068919853575,-0.011718672607871738,-0.009683215689280544,0.013015494091699331,0.0666182768163841,-0.003019480006379638,0.0025796844351861914,0.14443177094572324
2025-06-16,0.009469264508428665,0.01134452331408875,0.016051455732890574,-0.002955532428928098,-0.003090160177566581,0.006846503682544913,0.01071039665465534,0.003206399105724067,-0.004924934628325772,0.008433077744943507,-0.010128896395000808,-0.014361734303801832,-0.020528457278417456,0.002014033429676765,0.0011035347568935094,-0.08570225833796608
2025-06-17,-0.008581787124168017,-0.005755669995511248,-0.007102127349454257,0.009291835302168483,-0.01664350800958392,-0.007547811534599269,-0.017391718710939585,-0.008531978883405955,-0.008303884807406625,-0.009807426922688656,0.012096159601014733,0.0005130624809401851,0.04612672648348859,-0.0011322091778129817,0.006595828653982672,0.1224815421597163
2025-06-18,-0.00015082803167576486,-0.0003981585394519094,0.0012009426239414367,-0.006563369361570537,-0.0017247034765679459,-0.0023879797117825063,0.0004752368234486326,-0.0012425846394643614,0.002610183882596928,-0.0028689644347381638,0.0017326014760010722,-0.005400182338402892,-0.0003646643869430477,0.001509600007587153,0.001824508122447277,-0.0699854753657787
2025-06-20,-0.0023512362440003542,0.002783863562021427,-0.004438523059762112,0.01016622003281098,-0.004814914418524552,0.0011244719362260014,0.0011871780471652826,0.0073089032782904795,0.0027271533037134255,-0.00680410102331086,-0.0018484063675687779,-0.0004191069541601422,0.010278899457570212,0.003137563829792356,-0.0010943485585399593,0.023553662303807954
2025-06-23,0.009829022247643593,0.012513928927992524,0.0113371556123818,-0.025613647774628046,0.0014386752846302642,0.01345020728549251,0.01962705696830902,0.011515731327062184,0.012597404249508504,0.0110803865395801,0.003232218683222321,0.0030584905042090327,-0.0841717542479774,0.0018780068655077642,-0.004022599641887226,-0.03906558060447951
2025-06-24,0.010986611589663298,0.01484418083951411,0.017792076950621016,-0.013104142422051268,0.012183255836916373,0.00830699883338415,0.005535056747429934,-0.0008602782745690263,0.004298910992311278,0.008247426312930628,0.007234358872501012,-0.015844238391270693,-0.04565418443817926,0.0027481676055316484,-0.005143338735818848,-0.12613859464476818
2025-06-25,0.0005602274649643135,-0.003301409694238977,0.00849800337936113,-0.004367153688487058,0.0008966720151377672,-0.008863123871715395,-0.011851498102735114,-0.013492904093538982,-0.013449381306840813,-0.009628709310407046,0.0012577650650342775,0.0030327025232494975,0.004237550784604416,-0.00024983500778752443,-0.002581587309362643,-0.04206223532916509
2025-06-26,0.007793362434846962,0.007364415471331931,0.006874225041646476,0.014211232185910028,0.0023870478036149834,0.010791328948858592,0.009157640264953137,-0.0008727204741214578,0.008288465982421389,0.010996588214478908,0.005015208933399684,-0.0011076604529494105,0.0038121052418285117,0.0028658019482454833,-0.00407037703390678,-0.010194995310435662
2025-06-27,0.004956020908146286,0.0028920731622381624,-0.0011955905545875112,-0.005261440691122665,-0.002162947411266991,0.009927264304724126,0.01651321586485377,0.004728704956097118,0.0019692737788803427,0.0012524389191632679,-0.006387311468349033,-0.01828997550464706,-0.004221393467015666,-0.0004979207134567787,0.0018522918761028073,-0.016408782563471114
2025-06-30,0.004769885673784557,0.008244676122558303,0.009761927008835158,-0.005761130308684859,0.006400568356421665,0.004960707006371301,-0.0057808416890265946,0.0052005434637933945,0.004049306542612818,-0.0009107171175530837,0.009792717143470853,0.011913301279754762,-0.0023225390541830038,0.003851181774069623,-0.005194867825777383,0.024812156800422702
2025-07-01,-0.00032376653948418266,0.005522317486867934,-0.008964748579458615,0.007635031799206438,0.014144098427387064,0.003316178827809324,0.00427003544299609,0.012396674611492742,0.003423035850042666,0.025522827041566387,0.002476372077393485,0.008883435847179655,0.011153539043284866,-0.0012591070354339706,-0.00037203900886373376,0.005959516032616463
2025-07-02,0.004523120741212416,-0.0007599136863580824,0.010503629030534256,0.017054804722653305,-0.009924129771603951,0.0010130026519048485,0.007986001683153887,0.002923231122777814,-0.008702599497472097,0.014875528352852996,-0.00637368841827346,0.005512375309430162,0.022205247160165698,0.0018694341556537708,-0.0007446404410198504,-0.011353604956223062
2025-07-03,0.007850404775934905,0.010774156768650567,0.0130833770738219,0.001149587699625254,0.0010337972814227214,0.008468288792045087,0.005439484544506712,-0.0004865803461751028,0.0074813149822068326,-0.0006564021520176766,-0.006989505302493981,-0.006846293882021293,-0.005305674997313936,0.0006222347004163353,0.004829988355280257,-0.01574837152360864
2025-07-07,-0.007479876580079647,-0.009634502680268664,-0.007970631416218232,-0.009698591106288124,-0.00844892921474738,-0.003486284859657296,-0.012784205994861964,-0.0008521096001823381,0.0020752875158565054,-0.009677951129694495,-0.009589331978715698,0.0007485003525822265,0.01701103677634297,-0.0033651813700172895,0.0033302804212631543,0.08257552595110296
2025-07-08,-0.0005478853567879582,-0.008961838410507461,0.005359869642822979,0.026561272504252997,0.0045298006364973276,-0.00026856006343134453,-0.00339404934258436,-0.009299121783446829,-0.010665235765075387,0.008144526527347207,-0.0012777585099819078,-0.010498326962964377,0.006256481825200666,-0.0013743504785717064,0.0007385909347044084,-0.05666263749048417
2025-07-09,0.005978747694234343,0.0036325270966246492,0.005990923199052922,-0.005097222380100241,0.003845223130783282,0.006962011494638709,0.00590913495070744,-0.006536230747731686,0.009323012831431665,0.006010543709725535,0.010407181865066839,0.004461316177626351,-0.00038987302353366005,0.002746613000588205,0.0,-0.053142268612983656
2025-07-10,0.0028162888082992055,0.005898614926281631,-0.003302204624429983,0.007579779296344569,0.006107554052805497,0.005588217040980226,0.010992089745817779,0.0035817872959702513,0.008147357944582545,0.005324631039200778,0.0006898294917876413,0.002223316131964914,-0.020221289310083712,-0.0009977488918408994,0.0018439488648596125,-0.010088348541556602
2025-07-11,-0.0035216020520021374,-0.010489353379732336,-0.004407041051083027,0.004497882053360325,-0.008324045595506924,-0.003588742920703325,0.0002710135346246645,-0.003705589886882521,-0.001454472025253395,-0.00816150948890293,-0.013890612723815643,0.009555773018863789,0.024889960836445013,-0.0012487898353770177,0.0029433510403000795,0.03853801307405291
2025-07-14,0.0019064646116140338,0.007449266185056036,-0.0008211477882884566,-0.01105606482287902,-0.00118424801000927,0.005378347427696717,0.0036964170192410606,0.0008658117103248486,0.003994505599922871,-0.005588154315154359,-0.002100474258425855,-0.003662014424121729,-0.021843758180505546,0.0007494408216013326,0.0025683988622389187,0.04762811660654798
2025-07-15,-0.0042824672226497995,-0.017274884059212958,0.00884053751433811,-0.014512114159379585,-0.018159930529112245,-0.0075111452096106035,-0.014411578235269396,-0.010065298945097112,-0.009589231671006448,-0.02076125904658621,-0.007033148142355117,-0.0041643640755140154,-0.004772021233663715,-0.0030011391602640103,0.00548146508191838,0.010410643373586659
2025-07-16,0.0033376970713794307,0.006945760376382726,0.0030971101870127526,-0.008670032161644858,0.012366639153919223,0.0035299108585507,0.00182421475497474,0.003490863182141979,0.0004876842144443394,0.002688733280656219,0.001410686113843873,0.0049756967893914705,-0.0009305376902020157,0.0026264384353265058,-0.0036510176263573335,-0.012738986382189843
2025-07-17,0.0061008900764427665,0.009567618715828896,0.009042311561898053,0.006134635776792408,-0.011461991415043116,0.009198968765140592,0.0034115638785419122,0.009414213939512805,0.004136502856340485,0.00702391493116572,-0.00023503868312602094,-0.002175898954109634,0.01281816270776659,0.0009988228053368076,0.004379509350945554,-0.03800928936525105
2025-07-18,-0.0007326028897205461,0.0005712199491827441,-0.0006511120592360697,-0.008110445964320423,-0.006652735099972773,-0.002242226995512908,0.00881581158085698,-0.0027160827223626782,0.016614773360321244,0.002330384175634581,0.0015262033940208752,0.002597547797348554,-0.003024571323213543,0.0013717796189860465,-0.0014576584085812527,-0.006680899998967149
2025-07-21,0.0018943480812732005,-0.0028590724967507697,0.001302152754652397,-0.010407530242693586,-0.00570492717877169,-0.005296052943021934,0.004714958395454438,-0.00012369545419499417,0.003218664867398413,0.005085741136357402,0.008876576077655685,0.015253192127432591,-0.00448791638723911,0.001369497751491977,-0.006586174948043144,0.014519297711828028
2025-07-22,0.00014318518761413657,0.005520141096846842,-0.009306857425072756,0.004690943318050866,0.018442082231554302,0.0023867619162691867,0.010073598618976831,0.009107774364828458,0.012184500279308619,0.013690522289197649,0.006028319840514662,0.009440183161308013,-0.003180046035121009,0.0017407183582038854,-0.005152731217964668,-0.009049812608822982
2025-07-23,0.008471491723121005,0.007940980079916837,0.005702137461390144,0.015556376351002488,0.02031202605598903,0.01778535616997967,0.004734147450014881,0.00036748501490624363,-0.0075534177099902955,0.0033664255353023087,-0.005563160765531983,-0.012478717461641864,-0.0009294257603347233,0.0004968064090844493,-0.001477182070865446,-0.07094283080176345
2025-07-24,0.0003308776006356595,-0.0005650481431889176,0.004217194565045546,0.007116742128911113,-0.003749635850700983,-0.0016926528716485478,-0.016691076371683877,-0.00355805689974531,-0.0013040351396607086,-0.010352564110282625,-0.0017450918281785022,-0.0061370703288572415,0.010702322998154656,-0.0012422276948216293,0.002583492992878078,0.0013004200541875122
2025-07-25,0.004215537956780757,0.0069476543659430234,0.00229265419199276,-0.0037817048025856614,0.005289472738293277,0.009855565452488335,0.009247906109746573,0.0017192798821978883,0.002606186416911349,0.011760979427555274,0.006267428116654372,-0.009293039490678723,-0.0164307115799609,0.0006211057308922463,0.0022091744628380816,-0.030345338167419467
2025-07-28,-0.00025119741521706374,-0.0069476543659430234,0.007945800525428481,0.011302211149234687,-0.008757452080828898,-0.0031018767550188286,0.005808666878226454,-0.010360105227205096,-0.010705335842493113,-0.014613106524005826,-0.006500108143424832,-0.006494663067577733,0.03052466626215189,-0.0004968134975689154,0.011336759376363581,0.006675554006955853
2025-07-29,-0.002640952416991027,-0.00510058617812037,3.787015902823043e-05,0.009715422018420572,-0.006376837407562341,-0.011456144316057681,-0.0069209919357549055,0.006549250087099168,0.011415164306310288,-0.0038522566177667805,0.016745096777254886,0.0027466136773082184,0.033512785956375524,0.0006211290524138491,0.0025422094883746915,0.06128972569359581
2025-07-30,-0.0012602604375215876,-0.001895823013088993,0.002231572935824211,-0.01438065187900861,-0.0017869529482243962,-0.004922117311821239,-0.0063418790069160735,-0.00890772900689285,0.007420957253776006,-0.020387400104726172,-0.005167086434918033,-0.01742442469843475,0.015419328539314492,-0.0021139585418872286,0.009745619604896838,-0.03178907310180712
2025-07-31,-0.003758315046289873,-0.006281580634410311,-0.007356593455910776,-0.005374793252046484,-0.028420098211110023,6.578513570421052e-05,-0.007961759136409619,-0.008611591744981162,0.005383782832513617,-0.01268543559073887,0.0005755938988798448,0.006623418228250522,-0.01805446043207848,0.0006222579788719429,0.0021528239541641625,0.07705672799895558
2025-08-01,-0.01652612890526939,-0.01869559433427259,-0.021816635342575275,-0.01875061735780781,0.005352549143868401,-0.015045866495144722,-0.024411515393740757,0.004751864129917571,0.0015163845674792675,-0.01157943735546274,0.014116186711701673,0.02009639782657313,-0.027126748538327305,5.001751872146798e-05,-0.011898443559061,0.1979484200260746
2025-08-04,0.015085405109180883,0.009873172319226686,0.020102519625132764,-0.002222248083990408,0.014235153892747654,0.00917377159518562,0.011685880957260864,0.004853413559934516,0.017560494539600846,0.013173900877608613,0.002729294283502881,0.00580633979396783,-0.017581991968614652,0.0033699605165162794,-0.00036279778886605385,-0.15121087497900554
2025-08-05,-0.005082822025413769,-0.004053594462621657,-0.008307775721922539,0.001287205256141899,-0.003841596513390222,-0.0020533889169529473,0.001279910720865196,-0.0009936859448709257,-0.010707613353297063,0.007030945607078731,0.003061454668503494,0.000803768098495361,-0.014424970392076908,-0.0004982028783917514,0.0,0.018660417960192355
2025-08-06,0.007630474189105563,0.004823897880586792,0.011201063857734894,-0.009281635594956317,-0.01513304335637855,0.0007953604803478953,0.020571680000519343,0.014189876149639957,-0.008953089316475094,-0.010907874254116212,-0.005790748952006375,-0.002123359734255814,-0.016531466429082542,0.0009965586655971137,-0.005822449050753242,-0.0624119264648022
2025-08-07,-0.0008379874450792357,-0.011227443861559383,0.0009119273859816701,-0.0039028162350720486,-0.011559873498315554,-0.0014586444573456703,-0.00031336263377834683,0.00756750808141593,0.010803482308035406,0.004332035711337223,-0.0017092481637295265,0.008402586680171353,-0.0050268803482413915,-0.0009965586655971137,-0.0007301595639073177,-0.011997790110595208
2025-08-08,0.007767311017072842,0.009300721035933268,0.009939548944104537,0.00637856134963366,0.008874525462161387,0.0007958879952578712,0.0017443731244526361,0.0029140028609493385,-0.004284156247500004,0.0049925551369476295,-0.004343798826615064,-0.00022360485625672055,-0.0016357026028259725,0.00012442348794294844,0.001824508122447277,-0.08959330624524542
2025-08-11,-0.001979362140500207,-0.00038582033424416906,-0.00679202635541909,-0.008038849344713217,0.0009983999547493738,-0.003254076763100855,0.0025884899664738725,-0.0008489138436234001,-0.003137774723408704,-0.0022662537634170477,0.0011448733553400814,-0.01447901799294371,0.006798122431749043,0.0,0.004002181431559393,0.07009240199988831
2025-08-12,0.010589711326313811,0.01208177061495741,0.015366658180979265,0.004854700879930007,0.006883812525530608,0.010323081936713052,0.010552138711232395,0.002665862988610712,0.004297500295304513,0.012961656063143145,-0.005047623639454102,-0.0009078785028293623,-0.01158453982291796,0.0022412843197647803,-0.005096529990099352,-0.09820670937817155
2025-08-13,0.0034173824976573286,0.005702396827077294,0.0003728077717104483,0.011509131731228361,0.01588054190752608,0.0038110058815705727,0.013622827597480125,0.0,0.002199616827951889,0.018638088657592533,0.008246549110729084,0.0030446433804476314,-0.00673956030324252,0.0026084818697533763,-0.002558002601750431,-0.016427458860831745
2025-08-14,9.291355233198573e-05,0.0047271367985923796,-0.0021638785544020323,-0.000934588569003747,0.005014231912236156,-0.008892955687660908,-0.0011318133159505805,-0.008995850731094102,-0.006963044514122441,-0.01049678013125277,-0.007441967511171654,-0.006358881635978086,0.017510691004235746,-0.0026084818697533763,0.00365235116029039,0.023193410468529407
2025-08-15,-0.0023439428152558506,-0.010429533625669674,-0.0076112977946083404,0.0,0.01665647820544436,-0.004576216213361128,-0.002398455039890557,0.0015861856430037236,-0.0029156239462606592,0.0,-0.007150129665058458,0.0005856467855478442,-0.012829366713843271,0.0007458464789733554,-0.0032865007448661387,0.0173801318863398
2025-08-18,-0.00021773625932830498,0.0007621567033080368,0.0021428346071941107,-0.005978403854150827,-0.0023520182005629664,0.003914234814791584,0.004008835112745857,-0.001342052169138519,-0.004330699890514822,-0.005792418090122986,-0.0028978392424843236,-0.0015624875893935908,0.005069478748884748,-0.0007458464789733554,0.002557068121878281,-0.006648986046074334
2025-08-19,-0.00543987032959059,0.001902964735448709,-0.017617678486454125,0.00035254771111548067,0.006381764978402593,0.0021826427709310536,-0.00047856675690471917,0.010202998126046303,0.00968904495707168,0.006014667461733847,0.00578712185060315,-0.005488312721199762,-0.011961304496904468,-0.0002488059206013915,0.0025505461979573596,0.037962669400125826
2025-08-20,-0.0026607138194369995,0.005119931001611455,-0.006788578893104358,0.008310458983379121,0.005396223836617864,-0.0009254467493544638,-0.009925112595105645,0.005663558163801596,0.001044861623134885,0.0007768806448384957,0.0021903913369039074,0.010071289165623831,0.016733261012919165,-0.00037327490367022875,-0.0007281049688900865,0.00767757375506406
2025-08-21,-0.004019684893379782,-0.0032205806639642454,-0.0036237800954541655,0.006853749796059017,-0.003351170152148697,-0.0035772289986431005,-0.005949610454362819,-0.009053003888622513,-0.006870437767775073,0.0029915862975631313,-0.004964067290235796,-0.003475929162815916,0.008262839230455121,-0.0018684673956039788,0.0050854225090826155,0.05637917834187345
2025-08-22,0.015240013258267737,0.016373820650000148,0.01346561665191448,0.020170216429153065,0.008212135724546599,0.01619402435568773,0.02991541962425881,0.0,0.005360751391192409,0.019609510211719083,0.007379197790662317,0.01064951898275357,0.006856276744072964,0.00807202919420913,-0.009830782275452421,-0.15475327518910964
2025-08-25,-0.004410733032417902,-0.005803717259553309,-0.002250930367263315,0.0026061225077689265,-0.014360342394500236,-0.01004097242978741,-0.0020183739239243437,-0.01724504980246877,-0.011337900246978894,-0.00554794812564996,-0.0028758043362637764,-0.002417757282480615,0.01476189602766187,-0.001980983748187448,0.008017522193630722,0.03930183098997597
2025-08-26,0.0041782277951014635,0.007668635496195009,0.004572735785311366,-0.0015853635997706839,0.006221389526074539,0.010237047765122576,0.004588974326845907,-0.006559886274541071,0.002230960489320477,0.0027234815632461995,-0.0005764844071807218,0.007235805547642471,-0.022697862463547658,0.002228442987110668,-0.0025440574583708297,-0.011560827649531369
2025-08-27,0.0022759564506928953,0.0020473794265196688,0.005384028770700766,0.011158084788812861,-0.0005839126402360506,-0.00013077989641008259,0.00021402288126459723,0.0029759823132256003,0.00023451963588660973,0.0024990317836017795,-0.0011532330938859303,0.0020166939883496937,0.0084717408340369,0.0012355832391151012,0.00036385377957826037,0.015609444442969078
2025-08-28,0.0035351635079114985,0.0013007771871138551,0.007872291776283014,0.007592653378799774,-0.003950382097168692,0.001761568655548551,0.0017096822894888675,-0.006334167712608085,-0.007651109302662107,0.0,0.006556559568838161,0.007391652350960953,0.007470653280643447,0.0004940247308615753,-0.003644365060892607,-0.02869049700242332
2025-08-29,-0.005981683674969318,0.002596561040765444,-0.015463684297339242,0.00543582902690698,0.007303035424477855,-0.00923304964339522,-0.010345877053113739,0.006458031606149994,-0.0036698253003852876,0.0014097898513552032,-0.007133858755879352,0.009603638858147079,-0.005330523567238288,-0.0018533299349288157,-0.0007303541865111285,0.06245731143330202
2025-09-02,-0.007437748615751083,-0.0074363449912620005,-0.010148733573629443,0.001437138369944968,0.0009455535133575665,-0.009584724693756819,-0.0074932556258877625,-0.0016105535467811904,-0.0033261640624626665,-0.007505450639708311,-0.0074692711226012065,0.02336740250914282,0.02533124649612084,-0.0010816013413768033,0.006554922926196305,0.11139697398504467
2025-09-03,0.005404912748453228,-0.00168087128843597,0.005948490246463933,-0.022681278649523406,-0.004736393530283323,-0.005060540749989073,0.004035177841468673,-0.0007444177283701947,-0.0025019035654976207,-0.006792248035972559,0.010917561299385703,0.007801481349129169,-0.025464800407700494,0.002732719717114307,-0.0018164822406356862,-0.04893575867808497
2025-09-04,0.008322686906872434,0.010412865381609127,0.004923880003876668,0.006645321659459302,0.003790840016925756,0.01121858486103644,0.018108215250956405,0.0006202569377506961,-0.001193546156978531,0.0038399999729255008,0.007595047943628863,-0.004428674737355642,-0.008724322386358452,0.0027256687328325313,0.0014534926388547476,-0.06637507981002333
2025-09-05,-0.0029005866062625785,-0.01848269645174261,0.0008371431422133924,-0.019497383972108207,0.003414182343115968,-0.003703442753854702,-0.0002126740811085881,0.0028480238548125314,-0.003110128888066388,0.006983851998960677,0.015131932118052305,0.013257668006979806,-0.02111655437344062,0.0004948149558448023,-0.005096529990099352,-0.007874048793430344
2025-09-08,0.0024537557388581988,0.0007533265955390611,0.007466661048416867,-0.0022918886396960936,-0.0003625854226783076,0.002250194231953273,0.0038629941160284176,-0.003716510792798111,-0.0102354464790686,0.0008696358704267659,0.013236225125791812,0.011323711365555766,0.00562922701932056,0.0,-0.0032900329912814996,-0.004622038508200976
2025-09-09,0.0023091212147541285,0.004321375571021413,0.0019238613504954927,0.004807084678298601,0.005353781138128788,-0.006765727159366186,-0.001399090431658756,0.0019840197064180387,0.006875354312632531,-0.016431559179890698,-0.005699061067821809,-0.002272485609217334,0.004780429419106724,-0.0011136285745019237,0.0040197317473196215,-0.004643437577763088
2025-09-10,0.002886634953297218,-0.0033802960569060403,0.017965310085823027,0.01731887728786763,-0.00913304881825816,0.007360493205208485,-0.012037045052392337,-0.009833943620310315,0.01704341391286457,0.0018759826602456897,0.005699061067821809,0.0035857690781284646,0.01782626149287303,0.0007423916722038015,0.0007291666839930322,0.020402182899327936
2025-09-11,0.00827595011479243,0.016233207456056054,0.0033629279888724994,0.0002243966084392035,0.017253598456936636,0.009468763088939625,0.019266108428430684,0.00809815391412716,0.005303875404417013,0.020729403264561075,0.00666380363873742,-0.0014924929949513555,-0.023154498584903926,0.0024711272469080114,-0.003285301008510988,-0.04258796167804002
2025-09-12,-0.0003347802811610734,-0.0042660708450545926,-0.0006642294472491983,-0.005964033859847895,-0.011590095757377128,-0.008016276063478323,0.005167765485988518,-0.0033558759463456767,0.00504203127454339,-0.010092861040458256,-0.004326404590096367,0.001969631599387789,0.004237550784604416,-0.0009878963483673786,0.0014613864206749483,0.003393297472611856
2025-09-15,0.0053099344807998605,-0.0022328618280273993,0.008967292755328593,-0.003391804705283441,-0.00858062618547173,0.0046073422965919875,0.008637069490211147,-0.011520279477300832,0.002336339424485079,-0.008104217655683588,0.0023318605462359088,0.010351078276419123,0.012471434419867755,0.002837143979954604,-0.0032912362132218043,0.06110270532150208
2025-09-16,-0.0013779271038014684,-0.0022380033156013113,-0.0034818240283236435,0.016622064931159475,0.0,-0.002959563144629307,0.0061300025217283505,0.0045238011806825185,-0.01837074981223319,-0.0030837391036957484,0.0021051283946400545,0.002004400599687095,0.01921333015567228,-0.0007393874771963738,-0.006246611126930368,0.041815828481424955
2025-09-17,-0.0012431360491982346,0.00966192690738854,-0.0034572564652863846,0.0023363750198579503,0.0019699857749939653,-0.004554763731521305,-0.0025219809238201663,0.005999945470263945,0.0024926042118966762,0.002313695380129488,-0.0025488230893859765,-0.007745087571334075,-0.009293706711010152,-0.0009866023141045233,0.0033118979838309137,-0.0399055644945272
2025-09-18,0.004661710478508496,0.0009242076676718725,0.0171313182873849,-0.0031163813026107157,0.0019658866881604453,0.010595992788982933,-0.00452239167084123,-0.008762063528394926,0.000711258570512463,0.0,-0.010373123522001038,-0.004014356216470283,-0.0037418027413602672,0.002218512613482382,0.00476456293564631,-0.0012731037820805646
2025-09-19,0.004940550164447721,0.002214319730439396,0.010089403314761825,-0.013353782745817,-0.0013102370087363369,0.002419350639859097,0.003777022263460772,-0.0020136339029139805,0.006376817875417551,-0.000440279143572031,-0.001907872759278284,0.010551365296973536,-0.01578881466887605,0.0003691590531742506,0.002920784127019793,-0.016051709207089093
2025-09-22,0.004719800825182752,-0.0013324365695801532,0.014604117067200661,-0.0011514027210610678,-0.0002560549256322986,0.0033389594723853833,-0.0032630415946952596,-0.011211882451595656,0.009647396946629971,-0.0003430201926248877,-0.003601315217528267,0.017158380367683357,-0.0009525713161826488,0.0007381065409974852,-0.00365235116029039,0.04121030468573306
2025-09-23,-0.005458248035393964,-0.004454345241991398,-0.008669782448926355,0.017077040592828663,0.00226636244981826,0.000261224888703282,-0.00945424362214986,0.004990003514333985,0.005150964763073418,-0.003214103643695676,0.00696549406994329,0.004078048498239895,0.021549737671358926,-0.0007381065409974852,-0.0007320303895310687,0.03299010302909133
2025-09-24,-0.00318682957470795,-0.0027939941335493046,-0.00619272881474231,0.012923588849758083,-0.00402443790278717,-0.005175331371224168,0.0070364263551621065,0.00216752921644936,0.007097650793868038,-0.012286648632151564,-0.0038135567757748845,-0.009104369003754442,0.017697190820862296,-0.001354842258251665,0.007296659535497518,-0.028033468221638103
2025-09-25,-0.004624049362275784,-0.002614919808534566,-0.0017610355953818768,0.00892627827498238,-0.016708883573429922,-0.006788121994322438,-0.014207254288296944,-0.00959776422686165,-0.009669816624322536,-0.013122272322933615,0.0,0.004156538489887396,0.00782372597977421,-0.002838149495327791,0.00688283926631561,0.034025120896936656
2025-09-26,0.005712685577890397,0.007267320899357443,0.003016959356598292,0.009173235608468833,0.010162089568946264,0.008953272235965315,0.01466624754724588,0.0024402314960783045,0.01614161559729821,0.011547585936883209,-0.0008995402234868166,0.005755674720215431,0.00038956925844058077,0.0019755952840840862,-0.003616686136829639,-0.09060203394250488
2025-09-29,0.0028065048617200716,0.005000494364059804,0.00532924717007166,-0.01854231118638383,0.0029475414352537754,0.0030756526839494924,0.004370682016837435,0.001922164672541804,0.0028756609793907373,0.0038198094049644027,0.008177910480035244,0.01636192499893241,-0.032058683930991094,0.0017249568472443855,-0.002176249683602638,0.052861771694031834
2025-09-30,0.0037597579990684693,-0.004814836311823445,0.005443187293948881,-0.01068821858460467,0.023776978815098992,0.007680233914889811,-0.0046627966686312305,0.003323150561743482,0.0017214534795346736,0.004921823498102551,-0.002904994238675407,0.008503744538253422,-0.01132540565062179,-0.00036924225310475123,-0.0010899034458833334,0.009876613611529805
2025-10-01,0.0034017796058662952,-0.008950263628309862,0.009744338117122275,0.0,0.030429755873883302,-0.0027917512467299233,0.006239934440112727,-0.001532351389730735,0.009585880061644403,-0.01054406692020704,0.0025792858963500365,0.0015741326049987237,-0.008305590843670885,0.0018666143462269247,-0.0003635891929714141,0.0006140760641177856
2025-10-02,0.0011510698904784178,-0.0007495200637324118,0.005396160341047285,-0.010124837909577078,-0.0019535821947238574,0.002597325787321303,-0.007241880544844648,-0.003969518528373683,-0.0018188115055042253,0.011547767416796528,0.002907476984934654,-0.0034889043060362113,-0.02211865774796795,-0.00037056153991343876,0.0014534926388547476,0.020656763924054466
2025-10-03,-1.4805515983873363e-05,0.006911430916408001,-0.00504486373655233,0.005300167992036364,0.01131927245476394,0.0013608828296396425,-0.006453529409840897,0.001153978096626318,0.01153860345264146,0.001670598702130377,-0.0019002181193084056,0.008000845595952377,0.0023734484991120297,-0.0011127064862028746,-0.0018172140770116307,0.0012019507755498537
2025-10-06,0.0035798566266853626,-0.00037238767424563335,0.010064404520392145,0.004936599107166373,-0.004845317247021086,0.004652072242262939,0.00853986010651564,-0.007331622418052852,0.009626139526543565,-0.0008905812375403777,-0.007975223820990252,0.018670357712141872,0.016046874246320897,0.0002473313034139224,0.0047178767445399394,-0.016959750865767287
2025-10-07,-0.0037144037537206742,0.001302750618797699,-0.006698371515505563,0.0015656946212607714,0.0007627889717003455,-0.005688700805214886,-0.017662305880495666,0.009252164133950025,0.004556960376706609,-0.004017978636936981,0.005735019576298406,0.005146197838027611,0.004518309902860729,-0.0011134729189175019,0.0057762051808309955,0.05178180930974774
2025-10-08,0.005945346619066427,-0.004847222720970379,0.017385156237238242,-0.005827572805781944,0.001939509303608311,0.008649573233934227,0.002965488097192548,-0.005000981058448595,0.006851689423705398,0.005353639247286601,0.0007848015781206641,0.01635645771461558,0.004498090330116611,-0.001486858383491274,0.0021574686060574777,-0.056067190952723944
2025-10-09,-0.0029011790781119373,-0.003557007671215473,-0.001687064245006198,-0.013693581983341474,-0.002216751588078658,-0.014892816350064564,-0.005004063964967109,0.0032086767573851205,-0.0025363301442342667,-0.013776358153302137,-0.0007848015781206641,-0.018625225753275743,-0.013968956762015594,-0.0028558325885983393,0.006801530847934778,0.007943889616864208
2025-10-10,-0.027399832538963054,-0.021995588132357913,-0.041547164600292064,-0.02936968773321258,-0.01453051556699414,-0.022363102330411166,-0.027891543214409786,0.0007684810638499684,-0.004093647282790602,-0.020739118265116208,0.016018356755576058,0.010047058859954383,-0.04398175672918647,-0.005861598672145973,-0.005007212763953994,0.2763582839046803
2025-10-13,0.015227587680656463,0.009540170211715715,0.024062348919239085,0.013520079862010537,-0.0011265347205782206,0.010353224974557484,0.022092994759047357,-0.003334758365703294,0.007620530809038684,0.015764606392445923,-0.0005520086256645129,0.024010471634505315,0.012744489834258133,0.006234410605731711,0.0035791471674264663,-0.12945051713783595
2025-10-14,-0.0012223931057615545,0.010953845408316898,-0.012917511526128855,-0.00011577786845817784,0.0027436607402364643,0.011683692469802942,0.0020931267056996106,0.015931054937090572,0.008872375897206464,0.009924573946719306,0.003196791514677777,0.007115811676484007,-0.018380741352497232,0.0011179985792653113,-0.0028622639074584733,0.0894168973517111
2025-10-15,0.0044297042667862385,0.0,0.009862012655502461,-0.0005790904954112719,0.00154448613135294,-0.004185155591969192,0.0014496750752197585,0.0017687275191926588,0.013001331845602149,-0.00449892368734961,-0.002203499699989564,0.01718391083164228,-0.000144969003592621,0.003223077195943169,-0.002870479984340424,-0.008202703699969227
2025-10-16,-0.00683342934937059,-0.028192348490542418,0.0007383671692062777,-0.012121285593118536,-0.0016848839852228181,-0.006574700864467431,-0.009719470988538426,-0.006966069089941129,-0.01093151233735501,-0.007467871629075251,0.007472345640033851,0.02311798516943142,-0.017251894901548326,-0.0035955715150581824,-0.003960394465966743,0.20396864241431123
2025-10-17,0.005660156214500667,0.008081639008652441,0.0017559282136776488,0.008174733160885683,0.006652887623581627,0.0008571494047151518,0.00856837249638609,0.013256978962925992,-0.003488435025310377,-0.0019326359372184854,-0.0015338307264878281,-0.018996349267190737,0.0025039529570447527,0.002605045015137364,0.001081651100726333,-0.19720853474171918
2025-10-20,0.010346787167761384,0.011622531801313674,0.011095667611263238,0.010528208490131696,0.010553406253521302,0.011728294374217185,0.007903130488494448,-0.0008783778571359591,-0.00032773735428826,0.01187739822026046,0.00383039005593222,0.03575507474940309,-0.0022089916964143086,0.0019801714082685606,0.0025193355973134324,-0.1309224551345447
2025-10-21,-1.4942990429034353e-05,-0.0011372056655241103,0.0005202670155250999,-0.002304396272375886,0.0023454873681423294,0.008819825376541246,0.01215703351311781,-0.004655588839165503,-0.010211440482056133,-0.0038305677514092196,0.0049033508414932925,-0.06642712220281766,0.006465780306007751,-0.0014847361520491376,0.003946257458762759,-0.019945187445519874
2025-10-22,-0.005212477453439668,-0.005705581790567127,-0.009933268128787809,0.012723004262756188,0.005702865707775118,-0.013062775273659177,-0.007849434916051834,0.005659274674027159,-0.002320261941626711,-0.00305246812210358,0.0006520129995797319,0.00010605032482136068,0.033984562275168884,-0.0009910172654725713,-0.001074747096279971,0.04003822509368815
2025-10-23,0.005912449677416554,0.002095862707065077,0.01253108067922959,0.013237794170133821,0.0005477922390184631,0.012416800776632542,0.004498949589009982,-0.004902805885144801,-0.000774618550322792,0.011930343150841516,-0.0068669143030613,0.003994370253229462,0.03696924189567863,0.0022283846913868643,0.0003583773897846143,-0.07245514382509466
2025-10-24,0.008139340211437585,0.010790373351702076,0.01541208224226498,-0.010167334690158736,-6.84708506781817e-05,0.0008395464000532371,-0.0029829906390546057,-0.0032821394847584173,0.011666362031249378,-0.004148217638380913,0.0004373746445747173,-0.0033584660498817698,-0.0015020226683359894,0.002717302934435395,0.0,-0.055256014753595206
2025-10-27,0.011728614603401688,0.004133767316642167,0.018293457576112004,0.00238152622348764,0.0023255939977051554,0.005664631664513031,0.014287785898847716,0.0016425145995988544,0.002731829329422286,-0.00044944377420508275,0.0033833118421000563,-0.02823439606845568,-0.0008201990527103575,0.0024633581850643793,-0.0010755177027061968,-0.03607361679793408
2025-10-28,0.0026524950416693116,-0.006395746199487018,0.009850891003594597,-0.010476042567902688,-0.00630526519211827,-0.007150470606696047,0.0002488028286720123,-0.010022391419063581,-0.016614847432705027,0.0013478125621557702,0.0026115711448087,-0.007191829710492925,-0.023944169743727706,-0.0009845759409987664,-0.0007175133721570859,0.039123282819029104
2025-10-29,0.00048025529764750274,-0.017130296788556265,0.007160860009172154,0.007412986597465032,-0.010157964985718415,0.002582568526172224,-0.008286744644474098,-0.023870506251769896,-0.0003328015742409818,-0.01983851357676958,-0.010157772646491203,-0.0037944582730187193,0.005726723592937688,-0.0030837522075417567,0.005726517726330371,0.029996250016489867
2025-10-30,-0.011059114340385534,0.0026841031308748597,-0.012373690778391122,-0.005926040065425742,0.002220088274326848,-0.002517890622112162,-0.0228387787129698,-0.0010452253423185454,-0.004226519428737863,-0.013486424647423778,-0.005835587030349032,0.019451474207494712,-0.0012543234303654671,-0.0018546091531721487,0.003918074936212879,-0.0005912048002163495
2025-10-31,0.0032748538951503647,0.00267677054465576,0.0009649194694354435,0.007288458368994277,-0.00034653058163147676,0.0023890544837348315,0.02609499456755149,-0.00288004118643137,-0.006934279076051375,-0.0058194763845795805,-0.0029857897803902134,-0.00544534976587574,0.011783577032754344,0.0,0.0028399104165406364,0.030861295216443985
2025-11-03,0.0018749809994726974,-0.004209629745760335,0.004082408253100134,0.00011355436914417538,0.001385402407911407,-0.004265716366061767,0.009334086209085157,-0.007896855017320625,0.0005608596918849074,-0.006205645680209315,-0.0025042566838280322,0.001791298260436669,0.0024776380306557044,-0.0031145828830769773,0.0007086842845436259,-0.015602769750574286
2025-11-04,-0.01192436080247461,0.005163964357768336,-0.026753352755081394,-0.010836797469464532,0.004489880669011903,-0.011660858672770225,-0.01673849221739765,0.004087919667502327,-0.0035958441703574096,-0.004945265152374034,0.0022262765897300696,-0.017672437504169025,-0.011197982068870793,0.0001247143202354195,0.0031830529101926075,0.1012752998136115
2025-11-05,0.003459485414132324,0.0034279363560751897,0.0039047662370172986,0.0026344371488566942,0.003851966337192536,0.003858612173724296,0.012103099030943198,-0.0006581464619541677,0.00022508111279151422,0.005884449648611678,-0.010956106246089448,0.011498013266248108,-0.01259112229796333,0.0009976493993670843,0.00035306340668217473,-0.053511807269978284
2025-11-06,-0.010787429378770419,-0.0036186567593272656,-0.02030020153782086,0.009676157708256916,0.0019202744570003816,-0.003989634531077257,-0.02337741003405025,-0.004487332225035168,-0.004399082467720472,-0.004940520153942085,0.008952820601714429,-0.0012012407765737976,-0.0021140382769004873,0.0003738744268373395,-0.0053088046046623205,0.07948729367323892
2025-11-07,0.0009840807123628892,0.007034882499558304,-0.0034644115018167554,0.0142852502748263,0.0013695819953225552,0.004837936173601065,0.0015699712033692137,0.014575680133235736,0.01380885541587995,0.011956473063779338,-0.0021191956638721976,0.006100376279774444,0.005346922608586269,0.0008718633664246411,-0.0007100121672536375,-0.021773803548194692
2025-11-10,0.015483874055295388,0.0035934076835348883,0.025254564393604184,0.009005499265290151,0.007770434674370108,0.005657956910401829,0.013057774386288301,-0.003656604977302358,-0.0003345213606924524,0.009394031070688147,-0.00022311293899157647,0.02697402633060797,0.005876582768485683,0.0033554756068596703,0.0007100121672536375,-0.08074173830298426
2025-11-11,0.0022865608539506255,0.0045206277502245484,-0.008563528636262419,0.01297583350064313,0.022822855453631163,0.0002592920742117144,0.00246600167620592,0.012999009590868305,0.0005574445040643639,0.010335403626954509,0.004567914599721057,0.003930081509220251,0.014404693731419727,0.0011159617060796378,-0.0014204587144188707,-0.018349120606183433
2025-11-12,0.0005562356386343836,0.008607809565784663,0.0031008485747126002,-0.014083201619299768,0.01410238535551489,0.0009720958606003194,-0.006743612127767307,-0.0014217383188155353,0.0023380874145622066,0.007058359506820544,0.0017770473858300662,0.015982361021277924,-0.04112572050819274,-0.0019848046833095268,0.0003552513300331128,0.01322235625691448
2025-11-13,-0.016733219095931062,-0.012939660140372844,-0.025255041160118452,0.0025452279175435244,-0.000523583736194766,-0.015601449574757176,-0.025281175088150754,0.0,-0.013885985024815639,-0.006601435089392815,-0.00824528139767633,-0.008115943871202624,0.0008593177105122862,-0.004106384684097186,-0.0028459019795676888,0.13296011418473785
2025-11-14,-0.00016356304453069015,-0.010054109428231595,0.00542860088967867,0.01687712804093655,-0.005975649035226738,6.591950137657676e-05,-0.004796002397720045,-0.0007762364831762625,0.0009018056698097965,-0.009177591799428786,-0.005722191359891937,-0.01821276119826276,0.021667615725810663,0.0002493254207598383,0.0014239984693906749,-0.008536334869686524
2025-11-17,-0.009360291739629822,-0.01924988629827107,-0.0157754456082424,-0.018425678120760125,-0.0008566157077147807,-0.00985039464602444,-0.009442885544928892,-0.006362528438350168,0.008972651372840534,-0.015329433901415612,0.002472361244739929,-0.011530197275275711,-0.0011213093617978842,-0.0016217770347246585,0.002487110894562772,0.12097172670021594
2025-11-18,-0.008432918992475003,-0.0015561910805126367,-0.01638641812585373,0.007938204856264175,0.0058497044496848005,-0.004461117193038433,-0.018622790393257205,0.004289411869167203,-0.0038036249093678087,0.0008187978636895465,-0.0003368446425744409,0.007238670232445621,0.01669019163872676,0.0002495687771517652,0.0010640040032439124,0.09823065960309085
2025-11-19,0.0038557337390647817,0.003691857485167205,0.0069285636965297215,-0.013043074604166094,-0.0017053204430892421,0.003331143511157819,4.451137028649299e-05,-0.007681837946206471,-0.008441651442522069,0.0025691633258975166,-0.002023188763255135,0.0016281258445651758,-0.02259829431355076,0.000499247698651395,0.006360428353842984,-0.04261247288656289
2025-11-20,-0.015359584109870816,-0.008765966740943654,-0.03189457942583562,-0.011413358306558763,-0.005991882817717453,-0.016902940982824077,-0.015033743955616075,0.00716293710311966,-0.005099498008266146,-0.015041361440548684,0.003930329733840665,-0.0002933685939359165,-0.010352439246949174,-0.000624123336888438,0.0007042620645929532,0.11033544988086552
2025-11-21,0.009911853052476438,0.010897156520857987,0.00385088127367883,0.006282207857071231,0.02084841056777531,0.01210250987645356,0.0194337225510548,0.010841571075929757,0.0014758770577874003,0.022130692645010885,0.0030213259931164416,-0.0015485295000221555,-0.012190878067363187,0.0033651937852852143,-0.0007042620645929532,-0.12010403643720835
2025-11-24,0.014611339452438976,0.004248653037210559,0.023549030057608,-0.0027996237468528307,0.0041953521314050946,0.0024697449939097282,0.013259761838316564,-0.011620427549031476,0.01128040483600623,0.0019667564935730297,0.00568220120658669,0.01572002942959294,0.016032337492227988,0.0027336759482512463,0.0,-0.13261722293396572
2025-11-25,0.00936187659870491,0.012448833581406138,0.002677856625221686,-0.006299963945137765,0.022355431263425984,0.012718736906827566,0.021173800004700816,0.013672275920462162,-0.003821063668231428,0.014799795400668891,0.00255189533185618,-0.0003157406112368477,-0.016754142657545934,0.0034682723441061825,-0.0028218792635854584,-0.10039134402734184
2025-11-26,0.006879861801814435,0.007773214452293065,0.01176818850557737,0.007532753645400625,-0.0022068852698877706,0.005775798452453351,0.006831748170091245,0.010830148856829425,0.013199406476573472,0.012224351636040076,0.004422932071042496,0.007966521739529497,0.011343375421695612,0.0009886735726816198,-0.0028298648057138998,-0.0766808481207164
2025-11-28,0.005443590966696554,0.007150926216051179,0.00856137711746019,0.013019687735720709,-0.004872320390630236,0.0058077288416402695,0.00619358914153878,0.005812538729943029,0.0070865941147033595,0.005721088433925825,-0.0047553090359269135,0.012347782735317558,0.014598782055643689,0.0004940684214291835,-0.0007086842845436259,-0.05009992978793765
2025-12-01,-0.004575923889866829,-0.008284766625392681,0.0004541949216383401,0.009572652629464162,-0.015083136134999897,-0.014747951060448905,0.0005918676393354971,-0.001008465234004774,-0.023669602035539583,-0.002464026273469866,-0.012526871251229643,0.004809481913079061,-0.00014074630887606077,-0.001800120853584275,-0.0003544955956131801,0.053004331284594475
2025-12-02,0.0018505635218017957,-0.0009457039033295978,0.010249316112110662,-0.013005695553481633,-0.006006682937709229,0.008678385476398986,-0.0006765229601191081,-0.006579881299065171,-0.007143394434375949,-0.009124103368882697,0.00045034656494635783,-0.006460877304548696,-0.01217628867648024,0.0018621193410570669,-0.00035469127854392823,-0.03843213855940286
2025-12-03,0.003456767569100627,0.013347292240562414,0.0023822499299370747,0.018574919731111805,0.004653575461880166,0.009447377189404804,0.010727242894655653,0.0007614607744486079,-0.0031912657236157216,0.006991412768993399,0.002811025817391233,-0.0009300505859091146,0.006531426198758794,0.0008679668896602877,-0.004978722024932214,-0.031223854393763517
2025-12-04,0.000730872635502422,0.0020520007105226945,0.0037173556536664876,0.0042380331250209125,-0.007638115485269381,0.005174264917350513,-0.0035629339682783367,-0.004832075665102131,-0.002056963497071962,-0.005860516217828682,-0.005404110530116135,0.0006459865002765852,0.010278101206640855,0.0007434283480405313,0.002136794001282638,-0.018832960510421604
2025-12-05,0.0018975931835090165,0.0003726652261226704,0.0072911089216667335,-0.0041292237025780665,-0.004167360539922171,-0.0027778827266269346,0.005527717629137285,0.0001274516452269836,-0.00942418745579987,-0.00328333149612714,-0.0046393990577149324,-0.0017839435807109894,0.007396569738930658,0.0,-0.0010678613873480458,-0.023726659065600675
2025-12-08,-0.0030087308003299285,-0.0037327722250823925,0.007001356577917228,-0.010948131930939464,-0.012012235047787811,-0.0012298734832532077,-0.014639453294190474,-0.008319131288969217,-0.013485417574084835,-0.013932001203603939,-0.0032944364655138614,-0.0026429393579938676,-0.020083539223417546,-0.002479920096450705,0.0014235619271678601,0.0779939881496099
2025-12-09,-0.0008634907951279303,-0.003746685566007102,0.002638433999096357,0.0061458679137071925,-0.009754759143643987,-0.0073461954636124815,-8.469742046823825e-05,0.002310775329563697,0.0007020498036443001,-0.002071988797797353,0.0010235824834312623,0.005124051608821567,-0.0089775773648757,-0.00111802270632122,0.00142139818748932,0.016076586591024622
2025-12-10,0.006610338742418342,0.01138393736917731,0.004784961674763721,0.010448408409554855,0.014432442043676552,0.018104778039670144,0.014557018450366499,0.0029448250601138426,-0.0004680392013582946,0.019400402011849227,0.003857468876764969,0.004250103468606881,0.009686689671277726,0.003350129552941894,-0.005340939417052493,-0.07097778416833789
2025-12-11,0.002324242885118899,0.018021745073409257,-0.005122823050681902,-0.004775331209486033,0.009420554221575728,0.010644261582824832,0.003918422130777088,0.007387546423169411,0.00722874788144745,0.019696183508560505,-0.0013598395069145397,0.010712248978542505,-0.018456792719297788,-0.0001238318384784165,-0.003576516416670561,-0.06010953906554084
2025-12-12,-0.01081029684898649,0.0014570686868764504,-0.029351415941384573,-0.009839423480574983,0.003120465587974408,-0.006296352482978662,0.0043175566695143885,0.007837109629871719,-0.00489110316100394,0.0006647346695758394,-0.00968507602057489,0.0055789875076310835,-0.006374097333458728,-0.0018600060652484984,0.0014321560227141816,0.058205337510938815
2025-12-15,-0.0015119509722545388,0.0007275634322416735,-0.009720702813284632,-0.007056221794842443,0.013154656138381071,0.0015936918230927688,0.008497311200427404,0.0027664292882167985,0.00906446899776192,-0.0006647346695758394,0.0006869023717639422,0.0009099271544501519,-0.013460308410734534,0.0004964510028564462,-0.0007157863162188249,0.04715515245869062
2025-12-16,-0.0027360246494350093,-0.00638515439185916,0.001825438237658794,-0.031013640155002964,-0.013089754049479652,-0.005941600922938939,0.0016416211570398076,-0.004530627311186031,-0.004173365836757981,-0.0026631085088553164,0.005476961795529256,0.000227429563539161,-0.02566157897126331,0.0006199481610122959,-0.001074747096279971,-0.0012128842021312813
2025-12-17,-0.011064581322954403,-0.00018297080394624743,-0.02248729681422379,0.021899402345258334,-0.0018190536120643586,-0.01634449058500209,-0.011631387078694821,0.0046562724342793516,-0.006526953374550892,0.00421338372602742,-0.0009107017620353375,0.008551559438576106,0.02698643329717232,-0.001240574937530603,0.0021481992575620446,0.06688717143321998
2025-12-18,0.00752289464579281,-0.0016488118714583777,0.015306609645603153,-0.014621719441800796,0.0007800139632738734,0.006492219531317289,0.014988315169982336,-0.0057921438220995825,0.009774388544330215,-0.0004428006274639351,0.004772202267203873,-0.0018048314286414069,-0.011689130381248525,0.0027271384530527243,0.0007150891369920309,-0.04349772183265843
2025-12-19,0.009022679156543312,0.005485453187617395,0.021389095772732958,0.0,0.006669956288637202,0.00856997862538833,-0.0040132406014476985,-0.005190859719593988,-0.012819122432648378,0.0044180147856942575,-0.003739488642594324,0.0011283535131116906,0.012424303145453841,-0.0004850398165539005,0.0032114476322537833,-0.1235048277622477
2025-12-22,0.006210478841573774,0.01220364736747337,0.005380793230973957,0.010299352579196341,0.006570173148548797,0.011025159238736038,0.00599305025475072,-0.0034993445108675303,0.00370352774213778,0.011739322004507002,-0.0021725039914288757,0.022819254559299118,0.024681922961433678,0.0008705768751777754,-0.0041717876280240596,-0.05727677323142499
2025-12-23,0.004560079363435499,0.0019864407743419576,0.005427560902170114,0.006538139070378701,-0.0019982165046315004,-0.0003820662955424936,-0.0013904521948440163,-0.004762032845725628,0.0035256068458138223,0.0017501734888907272,0.001601353103328762,0.013165297757330663,0.008141152852311428,0.000745829163908418,-0.0033351948852624602,-0.005698015696034009
2025-12-24,0.003511501850766763,0.0053976454239164084,0.002395228276673933,-0.0029255297655432777,0.0052125650885122,0.0032433582957311913,0.003431898157993274,0.007839091681428378,0.004448209321603169,0.0019652802448213436,0.006038711110421424,-0.004142651508748152,-0.0014235746676831695,0.001861753072547323,0.0003711348582644547,-0.038592319369020966
2025-12-26,-0.00010141480775960332,-0.001975806165004812,0.0015708115661388078,-0.003838760215995496,0.0016034066789174517,-0.0018429014318588344,-0.004414625608523792,0.0014070576558573578,-0.0007010917977998687,0.0058727725020411015,-0.0032996768484458983,0.011609088487158914,-0.02480648670530261,-0.000496070172371077,0.0007417860275875654,0.009604810545013276
2025-12-29,-0.0035700184467799545,-0.005408280033253554,-0.004514309092174429,0.009457350192092484,-0.001539303991328289,-0.0021652232251545556,-0.009880695791580685,0.0006389357081015845,0.0018683065476738925,-0.008056646482113017,0.003754085846332522,-0.04450407961760128,0.016366463094605876,0.00037200259777936395,0.000370722120796696,0.04317213038393142
2025-12-30,-0.0012219599023577388,-0.002534006477579176,-0.003158447643142992,0.007591071213811418,-0.0008346441313467068,-0.0028726038216264627,-0.004062915722500726,-0.0016620629670196507,0.002330440251097521,-0.00021872563101288378,-0.0023873325510246346,0.0007273032894685727,0.0018657666674188889,0.0009919151261721382,0.0025911432748730867,0.009113285340826671
2025-12-31,-0.007436434837780226,-0.007457961768932986,-0.00995245783886567,-0.005576068150080271,-0.005668620500382637,-0.008345728785275952,-0.007924198047438047,-0.0060322420089704565,-0.006304704531456373,-0.008344340931733196,-0.00799904084818781,-0.006488999253824623,-0.00835129684980096,-0.0009919151261721382,-0.0007395913962593426,0.04235605056250158
2026-01-02,0.001831315220198526,0.002917057294118397,0.002289489611269069,0.020806425984876142,0.004576019255738473,0.018269427382707093,-0.008916675923291706,0.00012868497498352838,0.011412689670920795,0.016836469522308217,-0.0014928437839927255,0.004958545328225483,-0.0028961006871233153,0.000496080550033362,0.00295530033301894,-0.029873204408338516
2026-01-05,0.006638125918192017,0.021610811251118633,0.002215090792626384,0.026800813052213268,-0.003026878435807845,0.011767433656414639,0.01634230533996206,-0.004386004288909007,-0.011178445053729558,0.009924641167529558,0.004928816478997788,0.02597293817991453,0.018106575045037765,0.0025996400053331925,-0.0014765936718332817,0.026523104679246234
2026-01-06,0.00592954375659982,0.00479879062545141,0.013939223165860604,-0.02701991412527871,0.01948130791833691,0.013483948377654542,0.006380217381675379,0.0015503046627749484,0.004905873610963507,0.019558505650497438,-0.0020603096161861956,0.010755105002162146,-0.024653436928164574,0.00024735293143685055,0.0033192047197534436,-0.010118104563589192
2026-01-07,-0.003228618665792382,-0.014106154169851948,-0.0008185889955729664,-0.011237264346920739,0.00988212807252431,-0.019004228309592364,-0.0014050479816898331,-0.011032706066323783,-0.024535311075514432,-0.017413889884708933,0.005826302421408691,-0.009605943617543744,-0.01056504624788257,-0.00024735293143685055,0.00147170427881127,0.04182488873256096
2026-01-08,-0.00010153246851984932,0.005201341288592509,-0.015751548264573145,0.030979779391182127,-0.009692422892201513,0.007520210042113007,0.016569907222351077,0.023475940004577645,0.002862037670355644,0.017413889884708933,-0.005024571382983289,0.005507322733438791,0.03976523283852629,0.0007416811324958417,0.0025702122926478665,0.004541019480066133
2026-01-09,0.0065916105199921304,-0.003045791844658474,0.013154867864118458,0.0025745308717968207,-0.00513569243603218,0.010928308544263743,0.012048879215002195,0.010273353913437866,0.012307705773049626,0.015873309628517074,0.0066179985215342185,0.007215903791294664,0.0033965198841299227,0.0007409374060536322,0.0021977835045507987,-0.06415025046171285
2026-01-12,0.001569201160272371,-0.00792654728796105,0.004369495845271132,-0.007096075201467489,0.00044481602290158406,0.007628454779597504,0.0008837580624225794,0.01166675118662397,0.0016454938078251935,0.005373031500067071,-0.00296136001659697,0.01854961673678268,0.012216717899591778,0.0004938150757594073,-0.0018311390028435959,0.042559622645800044
2026-01-13,-0.0020015084477309486,-0.019357830616256955,-0.0021141181668840048,0.014142068429669585,-0.004074792532902549,0.005134775518613743,-0.002492650684990494,0.011532111048532911,0.006320940023863297,0.0043187454845874385,0.0017096905501263748,-0.0014220515093619213,0.025220130461454104,0.0,0.0025626846701443107,0.0553195485095479
2026-01-14,-0.004927372488886306,-0.0014762562865850981,-0.012226218854138438,0.02230269427418552,0.007120100581979649,0.0015841155553477648,-0.015905540105520366,0.013714029511512571,0.007440064837241245,0.0004103229741216907,0.0057904912359898475,0.010170333239524432,-0.011910644233877221,0.0,-0.0007315456673007148,0.04706034657898428
2026-01-15,0.0027195960519170725,0.004054525430005729,0.005238578571487906,-0.00940741546817625,-0.005717471089325521,0.009150110750458573,0.003674217770145205,0.0017010345339638633,0.010140692739555313,0.004298413786084421,-0.00022650991170447554,-0.006146511992686676,-0.02059351166617418,0.0,0.0036523189267385625,-0.0558598622517219
2026-01-16,-0.0008382564279321159,0.0012866107077038613,0.0010992211813380948,0.0016788925819795075,-0.007803149026186951,0.0067332217836986175,-0.0032652692595078747,-0.0031615319831459487,-0.005057403122215476,-0.005735360402694845,-0.005791806794256615,-0.00483053208751727,0.007284025438597297,0.0006167565240442485,0.0,0.0012617985402640919
2026-01-20,-0.020566855255717442,-0.02304068912847912,-0.026300744288037414,-0.0018889727934237044,-0.0021855542965312225,-0.02039837626268426,-0.02634564699833053,0.0030400651267292744,-0.009959634350858781,-0.010116700300553116,-0.013184436226405083,0.03713794462564746,0.002926614608525391,-0.0025931901383531297,-0.008052796926702133,0.2364219918624415
2026-01-21,0.011475018699616868,0.004875229644737633,0.013793212815411238,0.02387242245715049,0.018236817391045435,0.01715772173738994,0.018959431390354275,0.0009709471387564506,0.001395733631160745,0.02155487045749105,0.007587955927221834,0.014463871678662699,0.020386322530870693,0.0029630421731718926,0.0022026944954127714,-0.1729085870652045
2026-01-22,0.005209663778085627,0.0065256458015552354,0.007412932860450638,0.0032767240628026606,0.00018959863872503036,-0.005183003594131819,0.009999270923444215,-0.002064343770893373,-0.007232094300942737,0.005670239047761871,0.004342689530239419,0.018294219779694032,-0.02094312816110211,0.0007394875638047083,-0.004410181314349337,-0.07748184228810695
2026-01-23,0.00036266941646978523,-0.013847541038178424,0.001448415481339893,0.005708420108111234,-0.005130357477333369,-0.007764135159204599,0.004150501134174256,0.007749278206921062,-0.0035181643199124757,0.009046272002922962,0.0027332857053856685,0.013651695099227368,0.029226163340192457,-0.0004929632287398178,-0.00887907326098425,0.028366213418943076
2026-01-26,0.005065381030592064,0.006386225584584793,0.0068001881948909215,0.0006097471066772719,0.003929347885794243,0.000973948269890279,-0.0066000990074899235,-0.0015692676006722195,0.0072574003616243665,0.0011998716725503122,0.004765103761299905,0.01452287824537457,-0.006375841857032327,0.0004929632287398178,-0.004842593165248488,0.0037220555605581573
2026-01-27,0.003976249609777938,-0.007706071991461894,0.013395634907271692,0.009101014284726539,-0.016903614316727378,0.004128079608621604,0.0030202771169918208,0.004579950071826211,0.012978215583096642,-0.0009998571806448808,-0.006244598697741743,0.02423586666073163,0.029236361575146752,-0.00012343586803531537,-0.011643375604769801,0.012307894626494953
2026-01-28,-0.00010066964734356532,-0.00018870214402788577,0.007938637971219187,0.007621418208849651,-0.00736062413833416,-0.005589357960290364,-0.007526819445160093,-0.010152297523110754,-0.002305190888387987,-0.0006003945234098751,-0.002280490525353507,0.038040544426992895,0.012608507512236855,-0.0016026602546324042,0.006026378012763622,0.0
2026-01-29,-0.0019863486397246888,0.010512575453333728,-0.01594090671282089,0.009148779455947942,-0.0031804043743299815,0.010424319354766176,-0.00477442790009075,-0.0023108612964666264,0.0,0.0010004573693858099,0.00022816746094367346,0.002705807739847188,0.03236025312567126,-0.0001234551559923247,-0.0015031573177828328,0.031901518775447446
2026-01-30,-0.0029869405743987443,-0.0020563232762866868,-0.02056809405829707,0.010634218299421683,0.005963139915632354,-0.002535409565400215,-0.00016510810636116702,0.01666316626365827,-0.001848022136384575,-0.014707617413148188,-0.005608010178681511,-0.10841233744964729,0.0047900918883820864,0.001110063714855336,0.009730624168839963,0.03263700965321181
2026-02-02,0.004958907008600022,0.01097992939509762,0.009545431607361543,-0.019782997755369625,0.006120556776668451,0.01255382793012938,0.00658064084373855,0.011785073098312004,-0.014673742252828692,0.0076830726567616026,-0.0028612386957140856,-0.040873515763860446,-0.05413003398864369,0.0006068539034913556,0.005200583387355184,-0.06515035033324201
2026-02-03,-0.008491335464932526,-0.009297240581382038,-0.022134878579056938,0.03185479022433535,-0.010265112916840735,0.008381211654712395,-0.008067272020245042,0.01608298060043456,0.014442476819109817,0.020927540044400672,0.002423427533117639,0.06164735147244915,0.028012294256203774,-0.0006190606166214252,-0.0025969109390415746,0.09675565912600348
2026-02-04,-0.0048556232072645145,0.008000860266279108,-0.02826745348901394,0.02220194681199361,0.01244650193875163,0.0026601817132752004,-0.007383125109412525,0.01295864035681138,-0.0037070905916971597,0.023200159933082887,-0.002538924142621468,-0.0007046601942608532,0.005278364836232896,-0.0012398541255524975,0.0033376686678647793,0.034938018617097555
2026-02-05,-0.012567930681256279,-0.01249431379525534,-0.018192183487394153,-0.011805157724790849,-0.0076560195676975695,-0.0060398266339030116,-0.02180128440871254,-0.0008050305199791552,0.00046410492887893895,-0.02715279238148849,0.010803322283791772,-0.02699275619765107,-0.015397791625643364,-0.001116796143088905,0.00295748545114094,0.1552231197604641
2026-02-06,0.01900307879815699,0.01803859728242685,0.03975079051501851,0.019723709649555943,0.01836570002770177,0.028167541514068972,0.004076402352894526,0.011666693991390531,0.005783701047526346,0.019802606390009636,0.0006856933205199311,0.030269515441490036,0.003904161931593819,0.0034707223051224645,-0.00295748545114094,-0.0664696248355332
2026-02-09,0.004810139424555437,-0.005915007135697703,0.015607827888957537,0.0072972364799155365,-0.00885274126002411,0.0029980842567951527,-0.0037360613281665067,-0.0058163331236000815,0.0029943244051064966,0.012923354522408559,-0.0002284825990424011,0.02508561432489298,0.013289645508829828,0.0013602608893021895,-0.008178458547754452,-0.1598945270474892
2026-02-10,-0.00264054093242283,-0.00725650215518181,-0.0055963413029891385,-0.0011191472277380932,-0.006353273381313862,0.0012083995288660887,0.006613602585901823,-0.0032076778762366587,0.016423814616213672,0.013893065854114983,0.011474185807135662,-0.00996318866202106,0.00012819143271514122,-0.0009890179599514326,0.0003731413181840004,0.02446780875007093
2026-02-11,-0.0002311488565025499,-0.015241593161977374,0.0029419812323912,0.02579357876373667,0.005905341910784401,0.005333210856509396,-0.004828742622953186,0.014241172607755814,0.008784814510954142,0.01332970914020315,-0.005323140914792468,0.011247091222494454,0.010961116885609634,-0.00012353883539351074,0.0011188025450064032,-0.00790079137448485
2026-02-12,-0.01556943679538314,-0.02010986898598599,-0.026651204436386244,-0.018355836654213586,-0.001601254219041337,-0.012025788089149003,-0.01393840138682556,0.009121207371899587,0.01469299377765143,-0.01484278982705689,0.013199044180167263,-0.03534565209196927,-0.032333623532326605,-0.0004950823790057512,-0.00037279511905863316,0.1651782867627145
2026-02-13,0.000704251060116512,-0.0007740900723618438,0.0025109405192642598,0.0068309567035589325,0.010648190929332557,0.008186406421146764,0.00043049529583161217,0.0033572039780791485,0.027249702618754146,0.009044692988573466,0.005476282262175225,0.02457422891441219,-0.002096934376693227,0.0007423382368729747,0.0,-0.010622954215521396
2026-02-17,0.001612182753775393,0.01059221490799489,-0.0005733799269327378,-0.011100909095146605,-0.00190448837305901,0.005211117621529482,-0.0012057617429963585,-0.014743414017413414,-0.002584008406741223,-0.011508488442995457,0.0016705251140765043,-0.03166638360095497,-0.006449484007847062,-0.0004949599518244696,0.003350092593641829,-0.015162895353663775
2026-02-18,0.005025060758005573,0.007443546997589756,0.010200207221100044,0.01898143537151853,0.00190448837305901,-0.00022843360582847083,0.008409828788889406,-0.0018157558212195113,-0.01674137359687622,0.006053703497280072,-0.0037904160871766734,0.022240759759257323,0.047323960017318534,0.0012369408349464095,0.0062974861582101305,-0.03357870204821989
2026-02-19,-0.002640828242967963,-0.008401812594097446,-0.004980126392615247,0.007275474246373648,-0.0026037301331722773,0.007399468243598051,-0.006687822638583363,-0.004211413376306261,0.01090284623042903,-0.003589908042858081,0.0010046551831441874,0.002789156310915253,0.022293729473929602,0.0003705908608715447,0.0014760487906584352,0.0306171316400925
2026-02-20,0.007205824861526544,0.006498522127045714,0.0047672344435945035,-0.005451566777427086,-0.0028017685794230474,0.005034386663816726,0.010355731875285379,0.0025061921999878223,0.004759862547698113,0.002457594841265287,-0.002345912318059362,0.0195226903950525,-0.00419654979448314,0.0007409630520998078,-0.0011068322877467729,-0.058001982820956144
2026-02-23,-0.010263859697353439,-0.03410532525376553,-0.016893751645389088,0.00490776657515779,0.010908227892957534,-0.013634273347799208,-0.021167559804214697,0.012213250446762913,0.007526085019840867,0.0,0.0036841153841171703,0.026657023717321593,0.0006182757755883728,-0.001606146659384855,0.0,0.09583388002012061
2026-02-24,0.007242187209707929,0.004916004678928054,0.012910808900784332,-0.0009070381310909426,-0.004234984847528267,0.012222593938782111,0.015104078642389496,0.008617368458611274,0.011078121879322111,0.007524528629776928,0.0017813455349786622,-0.013955835494471103,-0.0017320230295156946,-0.000742348088532907,0.0007380242948324955,-0.07202327834451827
2026-02-25,0.008402902818122726,0.017307207953165094,0.01898889707345308,-0.004183047094512116,-0.0002533813234277815,-0.00782797029330684,0.002993618361728956,-0.0081678458149117,0.0033840526046731156,-0.005638027468687579,0.00011109372911466409,-0.0025104111690774644,-0.0128358512780542,0.0013602608893021895,-0.0011072407977441578,-0.08649994276889617
2026-02-26,-0.005569928872744434,0.012072538803077126,-0.014083713546283683,0.0032751854982788764,-0.0026011846667328697,0.0062446830466038605,-0.00034161288526224354,-0.0016866224449048062,-0.0038079167346323217,-0.001131459063438367,0.003996084730407468,0.008539325114314877,0.0005014832222069998,-0.0008653009374777199,0.0007382967353088965,0.03829783492863603
2026-02-27,-0.004813507218789148,-0.020591473942283667,-0.016085044212766242,0.01568013333778362,0.017505597519929417,0.0024869604392927513,-0.0016246009163127795,0.012858654878981746,0.011590079956561361,0.0077060390616408014,0.006074282127269903,0.013045947108173195,0.02696181611019277,-0.0016090319883055315,-0.0007382967353088965,0.0639345497836552
2026-03-02,0.0005683614380815882,-0.0025309010473781868,0.005605499113471524,0.019830825710953626,-0.010479142580551937,0.009886621149926889,-0.012399008981066828,-0.014548126825869367,-0.007571014184735159,-0.003000133034105179,-0.010092843970357812,0.012837146760680263,0.06198040549013939,-0.0005730112449251479,0.009189551921674255,0.0765506717622717
2026-03-03,-0.008853326204464551,-0.0017558990204151748,-0.01472733864181297,-0.009158332489284327,-0.011355353214780095,-0.019529779109777046,-0.009226280052915925,-0.010994812621833105,-0.006353288986231664,-0.024908625192536338,-0.0020107185348718914,-0.04563796333219461,0.033939719794630285,-0.001994870898196055,0.004745369851031356,0.09471634288839903
2026-03-04,0.007030583385742695,0.0056469099475218165,0.01687495228878788,-0.005855712434342131,0.0019758302749552925,0.003016269351192591,0.017595277445834334,-0.006632267930632985,0.004240035001007225,-0.00038519137047687835,-0.0031357267991971582,0.0077877133277795,0.014965075184472987,0.0034884894448179438,-0.001822462251600765,-0.10833481654451083
2026-03-05,-0.0055912725643292305,-0.0052565020474442115,0.0024283921734946645,0.005147754732606202,-0.020196242099597583,-0.02247021896173873,0.0013738198724047024,-0.02028228270644128,-0.007858109785379153,-0.021217253512741507,-0.004046387889672154,-0.012090565447196333,0.05057766180349965,-0.003987951059685635,0.002550545948256655,0.11594264302475743
2026-03-06,-0.013193786382772466,-0.012966755308556177,-0.02083177363147115,0.001592217683075603,-0.007892789852828486,-0.01239782103423348,-0.018269724739734094,0.00432251898072078,-0.0034173828823500507,-0.01926766576157135,-0.003723678629254046,0.015708476698148566,0.12166340001976472,-0.004882112092058577,-0.00036397558509548844,0.2164686845851973
2026-03-09,0.008721815668319088,-0.004757170206017847,0.017831149902382215,-0.004429071201428769,0.010164225754992984,0.005867186528093704,0.0013098479454010103,0.002212641164610396,0.0023506840932343565,0.002603872534883145,0.008667054269959173,-0.0020718179527898783,-0.041676560212596137,0.006005331721476992,-0.0003641081115604017,-0.1453727629014674
2026-03-10,-0.0016083082110629476,-0.005379103476793823,0.0,-0.012866522548183212,-0.007221654745264594,-0.005396575203430842,-0.0013098479454010103,-0.002912312412547635,-0.006209209674178151,-0.002202769940828464,-0.010703851615642357,0.011216537509720403,0.014558502165006537,-0.00162283360540183,-0.00036417125009924334,-0.022606542387606954
2026-03-11,-0.0012559228897517372,-0.008425322043968286,0.004782438703413661,0.02451719570903066,-0.0019607516117021717,-0.0031220817426298453,-0.002624921369720923,-0.013270164237346727,-0.00841163644698284,-0.0008022889692522739,-0.012997521283520719,-0.0033958635686852645,0.020476639001345553,-0.002251357020662148,0.0036363121566944656,-0.028480393840772944
2026-03-12,-0.015301438459733419,-0.016452058213694887,-0.018615491538567674,0.00925844245881624,-0.01775563820340409,-0.025394974998601327,-0.023221844694888638,-0.0040274252828274015,0.0071221733653406005,-0.00321545325655892,-0.001952857351020576,-0.01984963254664507,0.09139014307127713,-0.00640670487701378,0.0047076338685845265,0.11892885233233486
2026-03-13,-0.005676215023587616,0.001228031686877351,-0.007573505653899915,0.0032983457827890916,-0.002467180856997153,-0.003577022140846431,-0.005935775635047769,0.005799111190691875,0.009843761766395787,-0.00991212794137386,-0.004956407379314243,-0.01302137256955227,0.01259039636051984,-0.0018922035026536221,0.007558037980547994,-0.00367108998226362
2026-03-16,0.010125429394262753,0.008351116768487099,0.014369962326441943,0.0034602439404549656,0.008111752491989144,0.008527189672691726,0.012014727631297184,0.0028283120253842498,0.0063680419955036704,0.004260124476846094,0.0077122596350616135,-0.0008900836759426767,-0.04138169733275543,0.003151523051500682,-0.005753336635352824,-0.14542340599858372
2026-03-17,0.002627091163271089,0.00526011779135116,0.005461214071231346,0.010480275129657102,-0.009113536380010778,0.0026461895965335103,0.008696540104253359,-0.0033004000469691874,-0.0027544171735676137,0.0024261777070662127,0.002748189815005908,-0.00252257105649889,0.032585066483068026,0.004520912793878118,-0.00180470134519517,-0.04970505926942881
2026-03-18,-0.014051911808399709,-0.011976201336084014,-0.011387496998535696,-0.0013682097724014852,-0.01684802362111526,-0.007959575986773437,-0.023330660114847745,-0.02462178973801965,-0.008523393298323079,-0.021225237914231698,-0.005619045363974173,-0.0321484286975835,0.023534426971060007,-0.005150325328032501,0.0061228382959845895,0.11474855344189372
2026-03-19,-0.0024674226283858403,0.0004083409387729553,0.003400991299139733,0.01579113463264914,-0.003608411392622024,-0.006803572958909321,-0.007899458125683267,-0.008140502936435645,-0.004074138827244056,-0.0153817794100779,0.006076314104825897,-0.04208848647076113,-0.03606630771460129,0.0032692332952439784,-0.009742110471712362,-0.04191867811032868
2026-03-20,-0.014439445095386638,0.001835395195323386,-0.02294407965228018,-0.0008426158112664339,-0.008769000784244696,-0.01467501159429041,-0.018028436133514347,-0.008330285550106176,-0.041457891107985034,-0.01604760196523225,-0.019155816790231484,-0.031034054726858606,0.034091828543506786,-0.009332979904787209,0.0036192721757277724,0.10710467755363728
2026-03-23,0.010445249178189897,0.008990903058256006,0.013437807050510564,0.011893273175555663,0.0002418250134654798,0.011305651033710618,0.023856655539846727,0.004258848598828635,0.0098743627825848,0.01649703210264164,0.00650325267300822,-0.02285337448592628,-0.09377962964173481,0.006567386693516752,-0.004344715007145616,-0.023806189980082326
2026-03-24,-0.0033624612191456293,0.0002029202026374577,-0.005858748567308503,0.020088658823021355,0.00013803849856319772,0.0058095818199106475,-0.004003715377702832,-0.0008626706894112601,0.006898879665257152,0.018750571533361793,-0.004408286356513358,0.00022271635118187305,0.0353657770216147,-0.0034046016748767727,0.0032602874045104535,0.030134149741268157
2026-03-25,0.005557218263224861,0.0012168124373177491,0.004470418763108164,-0.004447740486472007,0.00996480186582449,0.00668495326926255,0.00952784642438953,0.004919498970442859,0.0035421851076016253,0.019620512130892998,0.009603731878504718,0.029645532839316147,-0.010090916357805568,0.003152813339556637,0.0018067265642627284,-0.06199386466286283
2026-03-26,-0.01802012148702481,-0.005894972906443918,-0.03164493554859238,0.015562625270205466,-0.003424882706958954,-0.023471384762141057,-0.017307805504718665,-0.004549705356044598,0.0017664408302180412,-0.006497516580769691,-0.008441875296172796,-0.03831884826591203,0.03356051115297998,-0.006315598358196617,0.003963208305842514,0.08001236131884104
2026-03-27,-0.017198951843375276,-0.025605295515366056,-0.01966370978424692,0.01676378948853685,-0.01716319614877282,-0.01291874588709252,-0.02937139195277716,0.007856653731285412,0.005719246160329927,-0.0036734622279270823,-0.005473053534460703,0.03449209165387579,0.05749943517409406,-0.002537469896767952,0.0010781919050302236,0.12359696148774324
2026-03-30,-0.0033489923071652328,0.011438210244516078,-0.018802542784237986,-0.00963712941706163,0.003901461877103607,-0.01640266846049787,-0.0001892520743442816,0.0012220570540124598,0.007212305100762428,0.0036734622279270823,0.013223766308406937,-0.00028946950554864515,0.044332771547582084,0.0011427126250538322,0.005016111929840861,-0.014272010911234645
2026-03-31,0.028653407820693033,0.02066990960879922,0.04148055230036629,-0.011361919934170572,0.019213420391312575,0.03216965925044857,0.030938012460775433,0.0012206591630308239,-0.0006534884253004414,0.017767525424690955,-0.0010376849893507512,0.03719349265015026,-0.020072261045009476,0.00947154408330153,-0.00717359083348823,-0.19250061717556521
2026-04-01,0.007506248903133894,0.0014168589653023034,0.015010983622591567,-0.03809823196278295,0.007610280765156574,0.01655658386727943,0.00749612902976704,-0.006363327226549309,0.004782638422423435,0.009758037010084486,-0.0009849116914892875,0.017348463901670108,-0.02514657615582383,0.002447292171187776,-0.0018015189236577633,-0.028521679131051414
2026-04-02,0.0009000543608630451,0.0018186868342180418,0.007973510709520681,0.004736955255215669,-0.006247010150850052,-0.004021793883628,-0.015141397244577526,0.005264819814610355,0.004975709186567201,-0.0009913467890223515,0.0061255293767299435,-0.019395701723403214,0.10566671436436614,0.00239089673170767,0.0046771471396680475,-0.02768200108107921
2026-04-06,0.00471570863127635,0.0070416418151899585,0.005792354628661123,0.0072311875284558624,-0.003616685858887969,0.005116022765836448,0.008195628740082839,0.009359020125020656,-0.0036753057401823774,-0.003776151945357853,-0.0016143976712150732,-0.004107092256447231,0.007368409197219705,0.0017582621750751315,-0.0010774174630974187,0.012489722362708733
2026-04-07,0.0004399037927642624,0.0,0.00474082690805222,0.008010712787753782,0.0019806425238835246,-0.0020067690285427986,-0.011715503636805735,-0.017081979621682564,0.0021635605775029987,-0.0027916691700515806,-0.00011550296992179909,0.009680581273932454,-0.006208962240450866,0.0002508587455940514,-0.0028787326039276806,0.064486826273908
2026-04-08,0.025150689620179634,0.02611939726356738,0.030527001740273008,-0.03570301022465028,0.020929683793512233,0.03681104179410877,0.027907967490602203,0.018532540028234123,0.010961945342783608,0.03280272915499571,0.003226476546484669,0.006279313363379835,-0.10288514607212118,0.005878392380479269,-0.007959496096209495,-0.20317359276268965
2026-04-09,0.005752440641581202,0.0025358623991165175,0.0026783190310899485,-0.01248064459870335,-0.0022742072735786323,0.010215142830984902,0.017177035440990807,0.008061154401188375,0.007878340920167037,-0.0015471344377440133,-0.002534192740889729,0.007748433781413766,0.018923974483183947,0.0011215745377990416,-0.0018178934001524816,-0.07652392960724841
2026-04-10,-0.0006619944965713387,-0.010969807853618896,0.003863763238811657,-0.006825955889693702,-0.013619469553676211,-0.0038986088379386885,0.001329630909966184,-0.013026328029274836,-0.00403788776016567,0.005596807844684637,-0.0024250929759555007,-0.001782773309261465,-0.016999371946035957,-0.00399388231141895,-0.0014566283756560772,-0.013429965979891989
2026-04-13,0.009725005713406176,0.0173781784122351,0.02074814248314638,0.0029811243838429036,0.004470357534190228,0.007029720537904183,0.00908250885109041,-0.010004923812003241,-0.012212256509470887,0.004416749448607149,0.0030016302734239275,-0.004057403475821175,0.028822726484402317,0.0037447736550522137,-0.0021890331114526873,-0.005736584279810497
2026-04-14,0.012111239170364385,0.0023201518805819887,0.01587496917460207,-0.020520747596120437,0.005795114422125991,0.0035831144710769536,0.02187970023648056,-0.0009815213897050867,0.0017230692284675442,-0.003454887290770259,0.00528860505485973,0.022103259292038047,-0.03662427993038264,0.0029858894667826874,-0.0021937656768002967,-0.04056053308032137
2026-04-15,0.007859998349512232,0.007503622517449404,0.015826534989743735,-0.0034017555006045086,-0.007147690539194507,-0.012597118334457313,0.014832784817103928,-0.005045212997436543,-0.009730914929755308,-0.012186978490997813,-0.00436683620348699,-0.010456884729500793,-0.01022571938090966,-0.0004971097300314753,-0.0010986552638372338,-0.010402531828916928
2026-04-16,0.0024543333053879124,-0.002687138291015856,0.01137882700751014,0.014598871323243223,-0.007881015662681179,-0.004977913214982976,-0.0046648305801610945,0.0045540907969394695,0.007145155029999906,0.007175442926220299,-0.006354298045740059,-0.0008631178955775809,0.026165805414628096,-0.0013680863769982565,0.0029271854467802783,-0.012739000207228734
2026-04-17,0.012013237341879979,0.007658503220936641,0.01521065681533429,-0.02795884170183971,0.014827159668841183,0.018497503615793498,0.02335851246261722,0.012569583744153512,-0.004107642268635914,0.0025089441172809757,0.009114517591314986,0.013205474549607743,-0.08107626250574818,0.003726823709037319,-0.0003654386525950848,-0.025975542360211268
2026-04-20,-0.002001737254896163,0.0038073685685433567,0.001359503864448719,0.0009083233167794802,-0.009317511324758776,0.0022451594677992404,-0.0044947559311756535,-0.0008492740485355199,-0.008921823261291095,0.00672363762657513,-0.00022972752219008186,-0.008648499628928441,0.044496713161959356,-0.0008683410980765416,-0.0014630915303479597,0.07651605981539955
2026-04-21,-0.0065684177504437,-0.006289961728026761,0.0008407899177669265,0.014422487395171046,-0.010227092202004684,-0.014246992136643044,-0.007536448650913741,-0.0066979633474195666,-0.01764098301317718,-0.008846208829715874,-0.005529352611430838,-0.028728747571709512,0.055549803745959636,-0.0026094602201132133,0.005475451578813573,0.032841061714765196
2026-04-22,0.010075780503951748,-0.0017222795159606008,0.021741374566876637,0.01192079569089799,0.0031474339717263433,-0.0023359876860968853,-0.00033631087343710675,0.0032937296214505807,-0.0017813873926524337,0.0011582977203250522,0.001961810865734215,0.013158850718081538,0.008926850848102852,0.0016161737161821677,0.00036397558509548844,-0.03019489791351937
2026-04-23,-0.0038882904816341934,-0.007883908659680916,-0.014334613667461582,0.007751944007226896,-0.0009567935264884753,0.017560183193911172,-0.01005631438634591,0.016547337678163743,0.026826632243852178,-0.00038592555204530754,-0.0021928653774416773,-0.009742663076259817,0.0402902246560739,-0.0016161737161821677,0.0018178934001524816,0.020403501127192136
2026-04-24,0.007719437564376541,-0.007362948232525479,0.02771804776745057,-0.0019323427090478518,-0.014186654657009967,-0.009234274929021957,0.00803632810590127,-0.0029992035548707108,0.0019507752429288594,0.0021207866631831607,0.0018469430050922497,0.005114015549751549,-0.017370962151209035,0.0013677459681229465,-0.0018178934001524816,-0.03156497742989117
2026-04-27,0.0017213055408076272,0.0075560323131136364,0.002182086844784159,-0.0017598966754004408,-0.00500619012157788,0.0002318969522416836,-0.0071873681800287414,-0.010750913298849696,0.00021645343787879412,-0.0027000653148450127,-0.004971325951078853,-0.007785532512715854,0.017370962151209035,0.0003726184822916423,-0.0010922549467551335,-0.03757581377020136
2026-04-28,-0.0048778697536606686,0.0007716684055396605,-0.017084709217488836,0.01642238473956059,0.0026451780481089315,-0.00890861634847262,-0.007068279261245536,0.008946989965752827,0.0012982356950521634,-0.007365754616939668,0.0010425757783787404,-0.018737366254643284,0.035582674494674116,-0.0013672360671383998,0.002910148346907615,-0.010599849987197096
2026-04-29,-0.00015452126278159284,0.0013491359712554107,0.007950473814173797,0.02261535633942824,-0.006976422873929522,-0.006160010906974378,-0.0014539938530013785,-0.0019277105035984121,-0.012400898047367992,-0.008597184702978655,-0.007787777793162753,-0.010723068864617602,0.07604529708093022,-0.0033639513445811176,0.002901703952006507,0.053506187324636745
2026-04-30,0.009900461815237627,0.004036594598193055,0.002448173669088227,0.010448388251326435,0.021813114477907014,0.026996548346701843,0.012840851275722542,0.01662413509281535,0.025290407692661887,0.00995814651631477,-0.0009337484324776213,0.01486229443655418,-0.023781911696474367,0.003115118212210888,-0.00909593298572009,-0.10766692023787261
2026-05-01,0.002765268411019761,-0.004036594598193055,0.014749589525907325,-0.013502404971414528,-0.0057015394627040195,-0.009322757067487863,0.0023630585890384026,-0.001661860955901595,-0.006423987534045494,-0.0023342446124012817,0.003569046512545526,-0.0011336522597229504,-0.029599548157848155,0.0012372921579890672,0.0018257896853044464,0.005903227529430399
2026-05-04,-0.0036701188010397345,-0.006570010391403702,0.0011114393215985174,0.009134081341315436,-0.0029667776322597206,-0.011513780372239601,-0.007700397257213609,-0.00751297176035326,-0.0038743444301636565,-0.013725613374166112,-0.0076216551689274326,-0.020218142966322183,0.03312859340746144,-0.003252779819838736,0.002550545948256655,0.07372959024666415
2026-05-05,0.007990221711526857,0.00019383333985212303,0.02185141244326516,0.0010097597596328,0.003930686325738009,0.00832881746664782,0.0029686828039414692,0.006205198764763331,0.0,0.01722482874740372,0.0055167982148844885,0.00854767057380812,-0.023580518560650354,0.0015025978490568193,0.0007275539764441952,-0.051034440909004886
2026-05-06,0.013803688898870625,0.004834179797243099,0.026218509519308597,-0.04208434282993245,0.0006879076880714763,0.02553962053687986,0.01513019168758234,0.0021390030983434727,-0.014335584125593215,0.016933297147021076,0.0075797930119332335,0.029888127796577457,-0.07352657291534381,0.0029985353207804266,-0.005469461856830726,0.0005752217184058495
2026-05-07,-0.0030707924798578645,-0.005609812946004933,-0.0020015858373660933,-0.018592807776342646,-0.004687639495005946,-0.01635972657980833,8.341299981129424e-05,-0.00309111125579431,-0.012991517858981005,-0.019459229721193516,-0.005007910797359294,0.0016692975079797279,0.007585967357641721,-0.0037495520202988075,0.002191361932129876,-0.01798710937477832
2026-05-08,0.00822220187546474,-0.006031735956116613,0.03377976533948335,-0.004478304653693144,-0.008535459190007089,-0.004608292122829205,0.0026657397361669055,0.002378709733370954,-0.008904754445969942,0.0036896961952987972,0.005007910797359294,0.0048298583279891005,-0.01027715997677614,0.0035000252164030243,-0.0025570678708990435,0.006419666569116078
2026-05-11,0.0022749733270961414,-0.001171666090684198,0.013356102960898397,0.026049103460304757,-0.003141066207333232,0.010567498039360856,-0.006929019027471561,-0.009668854728487553,0.00934795148092915,0.012903316343961357,-0.006059249150269785,0.002026681102102579,0.037249539336386306,-0.001998555420199999,0.00036570593876916746,0.06693522080471714
2026-05-12,-0.0015161013155964298,0.007785201855710522,-0.015180960649608721,0.006972326474946833,0.019454432227931306,-0.003949670974133568,-0.009088724998420616,0.01275272415801787,0.0011070490414120115,-0.0022987712373385705,-0.006684237491544565,-0.003965060284397914,0.03986956700347122,-0.0013761647145802414,0.0036496529336313976,-0.02144703602768283
2026-05-13,0.005579244842588871,-0.011504460408322092,0.009373770060850717,0.0010416653711695645,0.005879101905236439,-0.004195870049442441,0.0036285509287745654,0.0033104539143025136,-0.01157369098794181,-0.0015354796829685213,-0.002237984405396354,-0.005628711330521341,-0.015785826121081925,0.0005006777383238514,0.002183387507106893,-0.006692659105123511
2026-05-14,0.007863317827569993,0.005866290353924164,0.014873243285895121,0.007605947942160185,-0.0005454568958365158,0.005113053633357012,-0.00042127564315652677,0.0030642431678185034,0.0051356968620455135,-0.007519607870515532,0.0014139702008577615,-0.0076716482577579015,0.0067359694524613545,-0.0007512071240443063,0.003990595109701456,-0.03473167721848558
2026-05-15,-0.012102281834028616,-0.003711341845251681,-0.018215051270797034,0.023318167962106173,-0.010489162314160083,-0.017982064815510235,-0.018197764385956106,-0.00400902126198055,-0.023207155346967046,-0.026872308639346087,-0.014948639310198075,-0.023494231397838128,0.03592046244267433,-0.004896116576499132,0.005416139436681178,0.06558808932426752
2026-05-18,-0.0007037568965344576,0.01244671571616962,-0.010838041353662398,0.018997443879753995,0.004263716498311254,-0.0037994316924985228,-0.0018037117875202568,0.014776887760968194,0.00159438248843502,-0.001591616907854032,-0.0011960472290279967,0.002728150184871936,0.007125585390934219,0.001006267939769323,-0.002523877066582969,-0.03365838332317583
2026-05-19,-0.0066830701355833355,-0.01244671571616962,-0.006444219581187127,0.011651918017235197,0.010920204935715105,-0.011841423831103981,-0.011152074610284224,0.0022094250414887995,0.009062112955573465,-0.02377709098828351,-0.006483380366224978,-0.016700574279936653,0.02428581510253469,-0.002391638873650237,0.0032438359626674185,0.013378113500344124
2026-05-20,0.010196829759482995,0.010899275840842826,0.022262464104705337,-0.024611109262375308,-0.0012905245789154307,0.011724242147219677,0.024983057425143507,-0.006643063780913394,0.0038267031549841235,0.013770983997015485,0.010663302034836342,0.01423595990327442,-0.05848991962402916,0.006406711814477717,-0.002161433579099814,-0.03493306931413942
2026-05-21,0.0019811239783802392,0.001354094542832307,0.008208321862584356,-0.0112671930013315,0.006908599351558742,-0.0011721242000550802,0.00642324139908812,-0.010106925431374592,0.010948645689917935,0.006015640177880144,0.0036875174472337235,-0.0009827627438161457,-0.012063958599933144,0.0005008368844858779,0.0,-0.039771340393031984
2026-05-22,0.003923840734942452,0.004051316833677543,0.009972443301796474,0.006069813109533584,0.011676425011139635,0.0072452103776461385,0.004035689692622135,0.001652340834960242,0.007747581067464093,0.005383308158257716,0.005447032523012041,-0.007631102906283438,-0.01143027449262668,0.00012514593546075758,0.0014414746830153646,-0.0035863436026652984
2026-05-26,0.006616702614766545,-0.0017343008975547747,0.025991184079676266,-0.027954849804654458,-0.009249337411386449,0.01462156659343794,0.002262914570557939,-0.013893371332639681,-0.00044097494447781216,0.013823342848718223,0.004947609219270177,0.0004348594550149798,-0.028211414651336142,0.0033730337561532764,-0.0007204776103724164,0.018392654755786886
2026-05-27,-0.0001732571729027299,-0.008327700718653297,-0.003842378764895571,-0.014977530523908378,0.0018835675764874438,0.0,0.017427839310843574,0.011295582517447222,-0.004200349980445495,0.003719234173334751,0.002347544204179819,-0.013398563535697683,-0.04455463052784214,-0.0006237781143880738,0.0,-0.04324994104773916
2026-05-28,0.005501418012009651,-0.002921390819922376,0.01303623122748121,-0.0007021454638644897,0.013949023643351488,-0.002872776757306461,0.004186977389073476,-0.0017750141013728182,-0.011362479046812979,0.003510817899975649,0.005144885727226267,0.010423100202116231,-0.0019097825011726854,0.0012471673721883292,-0.0018033994562105526,-0.03434625036790928
2026-05-29,0.0024883063996865573,0.006028217118427381,0.022072006470819083,-0.011656774332725384,-0.009389215211074387,-0.003862424156280575,-0.009797045432365259,-0.018167051153419322,-0.004716551035794048,-0.00409715443494596,0.0002333651475403542,0.010483427987445282,-0.01300670564914519,0.0009966151997904404,-0.0014451200161751387,-0.02704608405548914
2026-06-01,0.0027194125046703377,-0.0029123154418897457,0.024511230469784984,0.017783677429488165,-0.010965134625910977,-0.004225411148319758,-0.02242212774546193,-0.01067068903781454,-0.03016677651917732,-0.004506754975798,0.0005382444971528955,-0.01414829684018315,0.04846183316979058,-0.000763784394291811,0.0036088231635686974,0.046549657648500276
2026-06-02,0.0013570186308609067,0.0005830824988799499,0.012437734666070455,0.011452478460634907,-0.009787958441557443,0.010329340502840623,-0.005089514021531016,-0.002441131701147903,0.018391361725378363,0.011714347105861833,0.002103864068490502,0.0016763707549163342,0.012978180068317968,0.0007513136465888692,0.0,-0.01759937203840911
2026-06-03,-0.007041918531283109,-0.011531443485682136,-0.01003973151677684,0.01285693568680113,0.007824554563999442,-0.0008040852141544264,-0.007340373121800248,0.004024668345071092,-0.004337469685980366,0.002132859991696545,-0.003977588840423429,-0.009953528184733607,0.02581667326222714,-0.00275726008315047,0.0035958463758420933,0.018222245262269787
2026-06-04,0.003771564462891952,0.025617534333949976,-0.015716785213784057,0.0006811038567855476,0.030239543080207376,0.012050095155941243,0.0045301151231083026,-0.0014617018948630545,0.005248196619370038,-0.00019380289890547076,0.002224691232171949,0.008301422193564001,-0.029685140992325998,0.0018807526091837445,-0.0007181493123629146,-0.04196419061589429
2026-06-05,-0.026148277086186944,0.002105452204403946,-0.06894851669456425,-0.018554087117768958,0.006096594463742555,-0.011303529800533951,-0.020679747909673196,0.016920939077913033,0.009287634234245168,-0.019364849325389955,-0.005159534172964442,-0.03722984276849228,-0.027581827682763738,-0.005023254387304554,0.0064447162987884,0.3341504692715347
2026-06-08,0.002261613232488635,-0.006329702249295632,0.02129142354483804,0.011379484434049125,-0.0023556232141883626,-0.003162531415161318,0.0046036992513149855,-0.004444234606179265,-0.018892107958250026,-0.01332166166751314,-0.005186202595410805,0.002596058990330441,0.01588570258619626,0.0013838713193994323,0.0003568324276095325,-0.1282983862641749
2026-06-09,-0.0029397674358477843,0.009384332935936435,-0.018687984158679782,-0.016246469024037147,0.012499486777798552,0.011282077195907902,0.004151214681055393,0.012322952663207154,0.010514371988481486,0.01608304644280434,0.005891394015792528,-0.016471383961975228,-0.0289004230100236,0.0010053378716214922,-0.0007137922300537447,0.0489915311437481
2026-06-10,-0.01589116082307207,-0.0043939575715952195,-0.02316836259442212,0.014874044530649222,-0.011190021948615403,-0.03441229666544565,-0.02075421373530073,0.016392874762162002,0.0004546824780176095,-0.02331487608966354,-0.0028235739369231183,-0.042339376208338386,0.022591321701246336,-0.0018857178068101277,0.0014270073259874394,0.11178165450941568
2026-06-11,0.016854017638559426,0.00743928589766929,0.0365758598975372,-0.019589792290371832,0.008079717220517146,0.03184626220846454,0.024458408380191088,-0.0025767948269468377,0.0011357153937918696,0.0321393005145727,0.012876247002440167,0.030860698069963277,-0.04158240623624376,0.005896800868452345,-0.003571377871748105,-0.13365992680495298
2026-06-12,0.005393675844766577,0.013590255662102813,0.008641111703614257,0.007499829339034925,-0.0018188219887056434,0.005863501496961021,0.0025761880088941425,0.006429400887294712,0.01083770334379297,0.018569215469876,-0.0024454307070280734,0.000569317139269998,-0.026745883546766436,0.0,0.0,-0.09489875203382159
2026-06-15,0.017480295410686075,0.004115976047480707,0.03712685910556868,-0.03537061631798988,-0.005999328195145814,0.014090220592338554,0.016754207911353625,-0.0039695238014809675,0.00470492731540384,0.006113846643801768,-0.0005830811003786351,0.025566728082746515,-0.0342232655404322,0.001250087360353369,0.000715255766821965,-0.08742278513720558
2026-06-16,-0.005979403902404812,0.014642103488114788,-0.028291549806001903,-0.003426223242323445,0.000327037980462741,0.0065267649342004574,-0.0009281366906090938,0.0012858824748089859,0.007126993643375101,0.004181732023516904,0.005467976968456689,0.0027198311858462887,-0.048513804393818916,-0.00012497674658717983,-0.0014310917809745582,0.012879606470164617
2026-06-17,-0.012566499634242057,-0.0055350923517090145,-0.003438637945087031,-0.012542251747266864,-0.014688270124893599,-0.0013910322212709048,-0.025391426475010803,-0.022568415284152543,-0.013405075793643029,-0.013366613336057487,0.001623039829049766,-0.022971384282330476,-0.010796777402018343,-0.0037555263549124973,0.008911126416514037,0.11663135128682756
2026-06-18,0.010343315448327672,-0.008920342733057307,0.029903630414499283,-0.016599329062667145,-0.008730270598006129,0.007267560310962651,0.01435664575975526,-0.004551437521691071,0.006724956850875152,-0.004045066663390884,0.004853196998936937,-0.0038158427778745008,0.005587088934313478,0.0035056217919633426,0.004249260390149612,-0.11724093552055415
2026-06-22,-0.0031519418478263006,0.005920683362580004,0.004893495725831087,0.012564718605569514,0.008808570796328574,0.0073647852111138334,-0.017139616080196873,-0.006621949724863185,0.005471184961189923,5.808677249063976e-05,-0.007637229459415806,-0.006556887617395368,-0.0191603704386063,-0.0008752060508170345,0.002117945495290652,0.05226849154253532
2026-06-23,-0.014628429664887754,0.0033463556438708686,-0.04230843846068755,0.007371904183217648,0.014028784771671354,-0.020281340738423026,-0.010319289486968586,0.018565944989813232,0.007795973787980692,-0.014635835760864246,0.0012769289593270727,-0.019084169061679646,-0.01277088378156499,-0.0008760686729329947,0.0031684642037008715,0.12035169866357842
2026-06-24,-0.00046362452088377637,-0.002973976987652893,-0.006208490547875201,-0.016477266238505983,0.007658947741750133,0.011497016994674425,0.011449651349951573,0.008563339734450004,0.010374250807994034,0.005684635890363943,0.013596260717077868,-0.030678886222522017,-0.04569860768851708,-0.00025050121969627526,0.0028080019037073356,-0.04512836220983907
2026-06-25,0.001444591300819198,-0.005038742633530546,0.008269478763843985,0.009660124508233281,0.014758496229942075,0.021464817643335188,-0.015060272691399312,-0.0059389649024517155,0.006784084683272074,0.013204081259378775,-0.00034332639611367455,0.009627690032062652,0.02801664381206681,0.0003756323484545021,-0.00175411882228671,0.013859509636510836
2026-06-26,-0.0072576467361811225,0.0022425524511575645,-0.01892425015530108,-0.004632640533764221,0.029815111183743248,-0.01598631566236275,0.008958467316126928,0.009131360645096898,0.007604649178862388,-0.004640412071238664,0.00011448444799100344,0.011223558982924153,-0.03566646666064788,-0.0006261003211838201,-0.0007025099778226185,-0.0257386622459177
2026-06-29,0.01634062419874116,0.0027961901823729818,0.02346502401466921,-0.004840789879889673,0.002491649183635758,0.008572409871413278,0.0237602428560022,-0.00402172690412872,-0.0039037200472549216,-0.01838500135469001,0.0010295955279326918,-0.013608268012377245,0.01505484244163302,0.0022522439161756225,-0.0031672820903101417,-0.04215822519038115
2026-06-30,0.007756640320928376,-0.0020497651539970185,0.027187589496747933,-0.008810652364158678,-0.013024616003443512,0.013424486430562155,0.0013651540658807804,-0.015528298554285946,-0.014886446109481977,0.003350125920390745,-0.011848037634998754,-0.0005427206271182428,-0.005994766705614829,-0.0005000924063018886,0.0014089120926947807,-0.07041023817561198
2026-07-01,-0.0013534198977209755,0.021589512326716687,-0.026055651496097454,-0.005664653203307335,0.005531061444977503,-0.010146836213842825,0.006882786872126623,0.0027649636312823134,-0.012651365967137007,0.0037309542039842825,-0.0067823820226013964,0.006008302974758628,-0.030234583869478193,-0.00013821870995300856,0.002811949980881856,0.008474589809257527
2026-07-02,-0.0013149336271025547,0.015217688050825906,-0.027472298676156193,0.007733695763251891,0.025985205096064945,0.002995090568316705,-0.008247940938007403,0.020084991566910126,0.021872027914100034,0.019218253827074427,-0.00011687431349649557,0.02011473443068912,0.0068517200630511255,0.0015066261485268129,-0.00527890082933391,-0.026880087351686566
2026-07-06,0.008689545400113019,0.009305730459760575,0.016366857855667938,-0.00169252791980945,-0.010930404878570776,0.008931739303180919,0.007570311075761893,-0.010527028540177064,-0.010103294744702396,-0.0005769551061698408,-0.0007019793024527488,0.010522812875633392,0.0035520136605224906,0.0020053103633488334,-0.0007059815971843797,-0.03657405980258499
2026-07-07,-0.004763225841267982,-0.0016044241553778704,-0.024205259748223185,0.02802444352545974,0.015196344258648686,-0.01728581744831903,-0.005267665048688919,0.00899629813135494,0.008791298947618653,-0.009083089414577028,-0.01058826240893218,-0.012216825224767192,0.042863032094045295,-0.001378194880639505,0.0028208736855894756,0.03533487386210332
2026-07-08,-0.003094211852911144,-0.019456531827120038,0.01231365774119908,0.01741696972055351,-0.013099283552731933,-0.0108049931986125,-0.017964265948092084,-0.005553943029267039,-0.007467641719457685,-0.026558037709590643,-0.002249748593052381,-0.008085737106823032,0.029758456523168775,-0.0012545287115690584,-0.0014094085496365594,0.046632759249087385
2026-07-09,0.008429620706500884,0.010315894283477789,0.021541458492105647,-0.014128088504901548,-0.0008013368834109968,0.0038171287668573584,0.013353594183435291,-0.014201592789984119,-0.005083435368788081,0.001991605437125177,0.0015397960352707685,0.0099119380907835,-0.028932466780807964,0.0011291179397092677,0.0,-0.06477520333750109
2026-07-10,0.004300897555176597,0.0030561492361567133,0.002317208862264941,0.004731621796232766,-0.008235097179900563,0.00446243509055666,0.0033320496952624623,0.0109970723378785,0.0061851042432023995,0.012456929887428192,-0.00023670269020037438,-0.003098515188066031,-0.002847874684799301,-0.0005017047108495376,0.0010572258005665525,-0.052490210020858186
2026-07-13,-0.007685633815530224,0.006441257093898756,-0.024520380842785627,0.02969275185842246,0.0035376752130069633,-0.008556750326043527,-0.010288130478728341,0.005571629538200895,0.006803523876519613,-0.006110151164216315,-0.0059368494578828646,-0.02655571613253116,0.08031161969111711,-0.0023865168207457543,0.003867138288547345,0.1325328991692527
2026-07-14,0.0035443530504952747,0.0019599224153878936,0.012825587577713904,0.0036942443274199377,-0.019518983190765837,0.00044344456584965997,-0.0012072036317753998,-0.013927946204489672,-0.0006564401076816218,0.0011854883401860583,0.0013091416133814704,0.013580960339774073,0.020004005942773517,0.002010096973001474,-0.003867138288547345,-0.03922070426121316
2026-07-15,0.003955801420062244,0.006741218760363488,-0.011172040095988933,-0.007933065137449624,0.0,-0.0021635990553852125,0.009446171286572103,0.0005992336681277521,-0.010339931673886138,-0.0027684295018506333,0.0019010941206332177,0.0005373061432996096,0.010018706093741336,0.0016301621913275,-0.004943491393607502,-0.051612319669815054
2026-07-16,-0.005433351714811074,0.0033536104929439148,-0.02261303533579273,0.009161453360254868,0.021932272203022407,0.0004996881924324015,0.002901737490570433,0.02764822088062857,0.005513300838674962,0.00769309232588089,-0.00035617429691292557,-0.020046553425765445,-0.01728474309534178,-0.0001252365993460458,0.003180782054272413,0.06545542640016722
2026-07-17,-0.009946458438716554,-0.008671883133907876,-0.010931591576614608,0.011508406754885847,-0.00439783120912729,-0.004116093470663884,-0.01632473667400891,-0.007251436654611254,-0.006619685553712618,-0.0070992334613659835,0.003674484860285432,0.00940872323854336,0.0383175708494754,-0.001881487184983932,-0.00035292849734158693,0.11505638734957868
2026-07-20,-0.001615682759917192,-0.003918035421764721,0.0006832358645176839,0.004497470371717327,-0.011487897824288495,-0.007216256802800025,-0.007215869780244688,-0.0038812377464836345,-0.0051048729306870655,-0.009944394045138694,-0.007481743447645073,-0.002201051276090382,0.012426528158874461,0.00037656159300247793,0.002115637836676676,-0.006413749350782094
2026-07-21,0.008306712831607221,0.0012483228348090236,0.028445868638108607,0.009618785598557444,0.006259801348506677,0.00302712573088737,0.0022660122335906863,-0.009472046433276482,-0.0004451470911894795,0.0013981765334634133,-0.002745399794815029,0.01942381730587961,0.026263530774772725,-0.00037656159300247793,0.0031651214845549447,-0.08969596665334079
2026-07-22,-0.0011634178861417155,-0.0010699247342449425,-0.0028250649035514996,0.01189480053963976,-0.005130187321534585,0.0010629210601384997,-0.007427235905849372,0.0037995736126816837,0.022235415874398257,0.014268994252831124,-0.002633169835831062,0.011433540388900987,0.021725696839885345,-0.001633535379998996,-0.0010538830814206257,-0.0243407602690624
2026-07-23,-0.012426173368713656,-0.003932743787167681,-0.010147317879592777,0.003035932545957465,0.012528663248739136,0.017129475981183084,-0.04723020275585199,-0.013962852236311107,0.005644789729095212,-0.010483703498153751,-0.0032411560871512535,-0.020250095841770843,0.05761827217707349,-0.0036534627867323977,0.0038589313826951077,0.1167141659461608
