,US_SP500,EU_DAX,EU_FTSE,JP_Nikkei,HK_HSI,KR_KOSPI
2016-07-26,-0.02080422872668332,0.36353318078936137,0.1839010320267639,-1.0568895410130055,0.4186682930477619,0.4456981059561572
2016-07-27,-0.14650192090482725,0.5389441927964495,0.3673485412081818,1.1539411869731775,0.27127583338697503,-0.11194289739437875
2016-07-28,0.08508856925214171,-0.38972937885717074,-0.45291732434036186,-0.8435251406905461,-0.14212186075592517,-0.16547465346856663
2016-07-29,0.0871581861351066,0.4642619283614417,0.027306186909739502,0.34789998451003407,-0.8838557941107718,-0.1967097343181986
2016-08-01,-0.1523931556660736,-0.08950217008374675,-0.47089150186867723,0.23616013341112915,0.735385096734576,0.3934765121203314
2016-08-03,-0.31610679560679195,-1.3177685196353641,-0.9086113618962076,-2.42203873226412,-1.2220448071081038,-1.1648469926180998
2016-08-04,-0.029903962034112,0.429903659704977,1.5481673134912532,0.7017148145231997,0.28830028719135486,0.13239736912678957
2016-08-05,0.6600447093823377,1.0766937836307673,0.7600111828157556,-0.04748139025386336,0.9730546602561677,0.541952070029579
2016-08-08,-0.12241248046528731,0.48014176411537607,0.20615731397162163,1.648039492906662,1.0653507639348327,0.38541219905556584
2016-08-09,-0.015272033032341465,1.9906499113576694,0.5915395209676237,0.43604721084635345,-0.09316926177590766,0.36611023044912333
2016-08-10,-0.2843848297279322,-0.3571734769012632,0.19701620668416533,-0.17093749682099557,0.0773299849256156,-0.010989136565330921
2016-08-12,0.27686771713910974,0.4464914713059915,0.6926498391889616,0.7269018484711942,0.8262220722835142,0.14697133460353232
2016-08-16,-0.2708676300343141,-0.31632485123956405,-0.3389033387306193,-1.4030784878771445,0.4271738705108317,-0.12446386857408724
2016-08-17,0.10672036114933484,-1.1095297182427,-0.5219836297944717,0.58364658071452,-0.33712764149374935,-0.16597275104870576
2016-08-18,0.13400363047172226,0.4734748823864107,0.12024576154328448,-1.1446951311550455,0.6632745549840948,0.3338537240948608
2016-08-19,-0.1664921252130906,-0.4894947971170913,-0.16591622319200305,0.20914768161998412,-0.2604614474909293,-0.01399289727893826
2016-08-22,-0.09399448140326278,-0.424281423220887,-0.46350508368155646,0.17670049739926483,0.17657323437957523,-0.4856462373950185
2016-08-23,0.11357687692239278,0.7329876151946281,0.5580373724290653,-0.4741794786652414,-0.0013372128897953903,0.20882834044603696
2016-08-24,-0.4813774764266727,0.1987657663846605,-0.49481739885685055,0.37925392725729906,-0.536870123569119,-0.23459655959409179
2016-08-25,-0.16028573869388005,-0.7587632422186765,-0.29605208204256483,-0.221046985487275,-0.021869331051949978,-0.06513373096097656
2016-08-26,-0.17795153439480194,0.41821496978464506,0.2866544548598273,-0.8800032663911302,0.2789469752160017,-0.21130873217440244
2016-08-30,0.22168149816272587,0.5058201367763282,-0.2726914579252897,1.5049424762033312,0.3134333878884564,0.033151305248572904
2016-08-31,-0.24390817610226478,-0.5357969996091435,-0.5946329545034269,0.6326146906444524,-0.12118584290812605,-0.2010174603812078
2016-09-01,-0.05087580757064512,-0.4876882815177376,-0.5420702254021803,0.11850249031215086,0.546131392659972,-0.10015315974078884
2016-09-02,0.29876910169907017,1.122694378143363,2.140156907936036,-0.050400927690598875,0.30346583843869684,0.1403966485048053
2016-09-06,0.19842528389074598,-0.00856091217379597,-1.0119440344635062,0.6009932001346656,1.5120484125045128,0.8566810005280228
2016-09-07,-0.059548372238288766,0.47006576557464447,0.2760948885298551,-0.332517933101479,-0.1365445234356613,-0.18501933797730571
2016-09-08,-0.23125552181930575,-0.6292410098735327,0.1537833341246461,-0.26783412981604005,0.5057658001060765,0.02000890245043063
2016-09-09,-2.097920475306825,-0.8209187398611425,-1.2101968451377147,-0.01659240947677857,0.5100354969773926,-0.859223976682193
2016-09-12,1.1558747934925273,-1.14126375395416,-1.1416736455718408,-1.2702868786395713,-2.342862649157435,-1.5373395590866077
2016-09-13,-1.2814603736077963,-0.3902397537864162,-0.5453702277182362,0.1907778601585843,-0.22476782022289488,0.21869204348672783
2016-09-20,0.4457326601180213,0.02329971534082766,2.40731538387697,-1.0487312419266053,0.918804099953794,0.8139319948691076
2016-09-21,0.8492778296370641,0.30190065666532306,0.03668796319360954,1.287199362638647,0.3990643125317725,0.29113675875247325
2016-09-23,0.012455993501952726,1.4505038428714494,1.055537768575978,-0.2702516942988978,0.04357714841555245,0.5371399827822445
2016-09-26,-0.7597631881566903,-1.8557669542573174,-1.342455662954051,-0.9305100237200956,-1.0782632621738526,-0.25932184330837044
2016-09-27,0.4830428822807992,-0.2889731064838163,-0.17136689691882803,0.5444700102126409,0.7374611143647137,0.45928119242965304
2016-09-28,0.38881720579523704,0.5725485130987964,0.5844235972530626,-0.9729886300574894,0.1342037584664557,-0.3470990301505364
2016-09-29,-0.8209009074801279,-0.2923800816193534,0.9873242032166624,0.9230549554309391,0.342131298629657,0.45626570239647574
2016-09-30,0.6079893840742675,0.7937875884597884,-0.3099850604867438,-1.0807199563967154,-1.2923089183189986,-0.8326994224117867
2016-10-04,-0.7274759833831774,0.8095726998990651,2.4635405772985943,1.1660524878668912,1.1390926965610857,0.318358866390011
2016-10-05,0.3066351231652412,-0.29595200871382804,-0.5980122988612362,0.3048723577122694,0.28083437871386474,-0.09732739567333273
2016-10-06,-0.007696617862389458,-0.16582731088902472,-0.4921957449855432,0.2876092301728602,0.4666455647463898,0.3504673100368722
2016-10-07,-0.3165931822228202,-0.6415998418476745,0.6058638983626412,-0.20813893416242105,-0.29281326875007263,-0.4018535754796515
2016-10-11,-0.7023150575822436,0.6383863599666397,0.35110509311967214,0.6380834630598072,-0.8778172806161003,-0.7352672668747251
2016-10-12,0.04718185178248992,-0.4548793647362883,-0.6815835284394149,-0.8131069169210583,-0.4199056696003861,0.019263204700224724
2016-10-13,-0.30381597630024254,-0.8886940548114823,-0.6774743447531815,-0.3207918523086565,-1.1125582132515008,-0.626451752599105
2016-10-14,-0.030809546186804086,1.2663802971304132,0.4877059461427907,0.29797207390622366,0.5936350448579022,0.19440728565629956
2016-10-17,-0.29874028542722086,-0.6321024900151764,-0.9593506543865464,0.13674732416955707,-0.5838352986990528,0.12073641885301359
2016-10-18,0.45975405351757775,0.9599934723719664,0.7254396782543601,0.21817650533135965,1.048219329055697,0.3719140277257232
2016-10-19,0.13337352531851965,0.07495806105748525,0.28707640629874537,0.10064292022943216,-0.26661629624590233,-0.022109591318351638
2016-10-20,-0.16115379459547477,0.3943556751678088,0.049226720295575316,0.9266529698075405,0.1993319261103223,-0.04921860272867429
2016-10-24,0.3369417235622224,0.4231831097354034,-0.5948132363267513,-0.0499877574691762,0.6652153571196606,0.1889966529018968
2016-10-25,-0.36170003001341344,-0.06350813599262285,0.4206583249266304,0.48636655385849453,-0.11752446235893574,-0.375253581670406
2016-10-26,-0.19131946046092532,-0.39828944046010567,-0.8660969957824268,0.062042639489777694,-0.7044252189213418,-0.7865481682479504
2016-10-27,-0.2944934510836737,0.022639525341165378,0.38411883851056033,-0.2700781570337221,-0.5735694093684283,0.2914562624649586
2016-10-28,-0.30456452740079454,-0.1942043417794715,0.1162455722010111,0.39927757384223683,-0.5319632325318104,-0.18970085429777825
2016-10-31,-0.05755701660179708,-0.27368101674243006,-0.6201450094315308,-0.13187436583752002,-0.06487273881998108,-0.40138587180306384
2016-11-01,-0.6098807291501056,-1.1096908922602888,-0.5520522947143167,0.024546674130327,0.6272807117252779,-0.06430940091361434
2016-11-02,-0.5881490808677099,-1.2535171737139756,-1.055072700466733,-1.2975958570950348,-1.0073874358364472,-0.9675554947674508
2016-11-04,-0.5513025466813735,-0.9236952685470395,-2.2505009495649912,-0.9933194908790416,-0.5102210581287948,0.06286365284721468
2016-11-07,1.76783310369572,1.533575188704823,1.648203617396437,1.0765388823367872,0.47415250318495855,0.4706672769428417
2016-11-08,0.2634742190008066,0.1648391531272148,0.5048001421804679,-0.06945758872905858,0.31942086523929775,0.15035968690590984
2016-11-09,0.8623365366211313,1.2377810127522786,0.969586876989586,-3.9182276880269775,-1.4979839490609197,-1.5172302991511566
2016-11-10,0.11349251684944302,-0.15665807016054345,-1.2315100367633294,4.532345527374043,1.2785998338993225,1.4151309108469305
2016-11-11,-0.16299196371999114,0.25752691715588594,-1.4496586938383356,0.07747345922585837,-0.9341844952583055,-0.6316950029707677
2016-11-14,-0.05699753322608947,0.16375076345618048,0.31411544911166195,1.1499301355062943,-0.9496017410134974,-0.3682264532893778
2016-11-15,0.5680634566504968,0.2834729624667923,0.5571770401630404,-0.06336825564749708,0.30826918760415944,-0.26527253725504013
2016-11-16,-0.17823665006785294,-0.580797017411402,-0.6513803599012071,0.7227931150587464,-0.1375718634579369,0.3613858219482431
2016-11-17,0.3378518263739294,0.13256652632438323,0.6378102125575273,-0.04392613172676969,-0.05863584252945973,-0.008786192993110056
2016-11-18,-0.24481335719617825,-0.1953764992004886,-0.29772293108650455,0.36581571463289814,0.24533284498041363,-0.23489299453468016
2016-11-21,0.5664734024489113,0.12410931332391945,0.010820336227510545,0.4949721374058609,0.03719724051351362,-0.32018820822415944
2016-11-22,0.131186519953116,0.18626253890383165,0.5870771507851594,0.1752002215251138,0.9696618661384893,0.5358576584420692
2016-11-25,0.3418965031688,-0.1458341277457768,0.2850694882531549,0.7947189356631008,0.13251485189472895,-0.33474890806365576
2016-11-28,-0.48256128605780646,-0.9334694040180691,-0.6221278055651048,-0.13874558386698066,0.3176819608635942,0.08251051365433276
2016-11-29,0.06274714073683214,0.2587565131974854,-0.42342521770414077,-0.23685995539978003,-0.28539234106960476,-0.02981872038245087
2016-11-30,-0.2668872924424854,0.11889677275257748,0.15131998007925887,-0.04004174485094781,0.15415936510374975,0.1288876647008076
2016-12-01,-0.33830838483413883,-0.857798973339253,-0.4742917835501207,0.7362633403233898,0.26091708750007475,-0.029513329727087336
2016-12-02,-0.014676598755162404,-0.19551054363655304,-0.3480528973458021,-0.3770599222086198,-0.9489408126218816,-0.4709919555978256
2016-12-05,0.4319155489819644,1.2939280064005085,0.21562299084681416,-0.6247270481875303,-0.184476035682062,-0.27830764328948565
2016-12-06,0.23375971752162228,0.6581544032036514,0.4626594971765219,0.2829256235651804,0.5097354659919121,0.834364144472459
2016-12-07,1.032569218415395,1.560448054145279,1.753644419323827,0.474091000119231,0.37439605718551344,0.02800152206604388
2016-12-08,0.13068471079594324,1.3933153014786352,0.40027638301315327,0.9691924100019963,0.17834379440356082,1.22961162685746
2016-12-09,0.4415775999033334,0.14350086262935405,0.3015371136081526,0.8146279644803667,-0.30714478301039816,-0.24317542626413438
2016-12-12,-0.1414493251617492,-0.1324343467375905,-0.9357253411965275,0.5394662285309346,-0.9982431209728163,0.04356050450337766
2016-12-13,0.49088771209180376,0.655754974986617,1.0981584298340719,0.3042010531380557,0.037372349657850794,0.24166810010500966
2016-12-14,-0.7205708785570007,-0.3241365779421715,-0.29794827639367766,-0.0342906244356967,0.025883059127614315,-0.009924537376277869
2016-12-15,0.27262733931362565,0.8484940595297411,0.687002915009256,0.02810455785697954,-1.226469854014648,-0.04540485397060347
2016-12-16,-0.192164234522113,0.2370817830566387,0.15704692936908168,0.4176960243706989,-0.12445867495209983,0.1400482613599103
2016-12-19,0.11550162427012445,0.12909337758252204,0.057814556669523454,-0.08021497897118289,-0.5917270657091505,-0.16120710287652518
2016-12-20,0.2524102946998461,0.23873663312301632,0.35676861482664995,0.32679227547264705,-0.33014679293481947,0.0748934549123607
2016-12-21,-0.25065513509657467,-0.0061457342224798435,-0.05801285420939911,-0.22636141678865726,0.24960399508489606,-0.16537760555540534
2016-12-22,-0.2014598333204624,-0.12385542050146549,0.2922992121455946,-0.10645283052957431,-0.5516242614329075,-0.10964271413447763
2016-12-28,-0.4517123572483975,0.10117692949555954,0.5723080404178315,-0.13959400573305697,0.3697819934228608,-0.39878735441346924
2016-12-29,-0.07168476183329685,-0.20548205375471074,0.17664929126652254,-0.9819990847351548,0.10938556330122022,0.024937465199853133
2017-01-04,0.737858584588516,0.9156209130357722,0.9408605716507443,1.585078568420511,1.0668438245103182,0.5748470506430271
2017-01-05,-0.11113022001415175,-0.029588466048556986,0.05584662957161315,-0.3098224857657954,0.985296940179226,-0.15590467913771627
2017-01-06,0.24248961140091282,0.06556349524257665,0.18246052639756385,-0.2851022829071416,0.13672776014185478,0.18980444094704244
2017-01-10,-0.34104884683292136,-0.1453048060873138,0.8743998445022888,-0.6005590468390893,0.7276331906482963,-0.16557325025203795
2017-01-11,0.18590501186100497,0.4102394188074856,0.18293324903238728,0.18447246694364766,0.5667771989399558,0.911149946189938
2017-01-12,-0.22478265609106376,-0.920723234616907,0.004461798793090784,-0.8859179584395416,-0.3225801914819224,0.3360314107583429
2017-01-13,0.10517476715009198,0.7327751203205396,0.5943100449477198,0.5130839723967543,0.3198988670545527,-0.3619789425295915
2017-01-17,-0.29290104325440275,-0.6659249511878902,-1.6214275004776288,-1.7948925173983221,-0.2928052494569163,-0.1927695334132698
2017-01-18,0.09807794197513764,0.38727701266240366,0.35162672852529514,0.25601508484676627,0.76267571885809,-0.08017743458272532
2017-01-19,-0.3460810844582828,-0.05175079164284373,-0.5594125763754142,0.6135342667937662,-0.14771126299570828,0.03232492654469879
2017-01-20,0.23008453758462477,0.20087196186282893,-0.1591065150397699,0.19616307237648214,-0.4934855529736424,-0.26425099972779126
2017-01-23,-0.26992809120371775,-0.6317436431503186,-0.6740105871563232,-0.9588711199876176,0.033345806538485276,-0.026403938486532275
2017-01-24,0.49292410054522784,0.3148995839063347,-0.03387888807610456,-0.43028969807255385,0.14898690281157825,-0.045621180946501506
2017-01-25,0.6127513997711937,1.4469350087269015,0.1740470685362673,0.9562589020053325,0.2911604511086971,-0.0012033582768495024
2017-01-26,-0.10821383310536627,0.261441992225567,-0.06155019231087859,1.216001002536479,0.954592957048177,0.4839009831609181
2017-02-01,-0.6657492702541076,-1.3548047562556351,-0.7694613749072212,-0.9736290190357185,-0.16798153086577275,-0.13561343681098037
2017-02-02,-0.00037085496294961013,-0.2564624910138594,0.43952221985298995,-0.9086044809558693,-0.3986382209861265,-0.3353551700813537
2017-02-03,0.5503518805634257,0.13193971178226235,0.6363273722761305,-0.03212213393238621,-0.167927859521602,0.02916597080922032
2017-02-06,-0.22234509426164978,-1.0380444093142558,-0.2438246491348371,0.17163655970565525,0.6410492510515687,0.10276924451140566
2017-02-07,-0.028726745426056202,0.24786070642089086,0.1720690679531425,-0.2903893786852072,-0.05328147334210464,-0.11517992642301927
2017-02-08,0.009782071924596729,-0.07714096705719858,0.01449325900932543,0.3136296996767056,0.44484923958444145,-0.35690961262749854
2017-02-09,0.42626960008190096,0.6702749572119822,0.5386859153812225,-0.4163555792141051,0.11218834518665698,-0.013167803303761258
2017-02-10,0.246529599889707,0.13573286715547297,0.37985715221955585,1.68609197583446,0.14054953310309581,0.2508796165892377
2017-02-13,0.3846512400475485,0.7184897304786334,0.2529366959365936,0.24499604040325348,0.389529515147019,0.07351556303295023
2017-02-14,0.28283677245881234,-0.052325269571085534,-0.1618634751956701,-0.8459717328715013,-0.027396348202815536,-0.1662656426854252
2017-02-15,0.3638189485382765,0.12003174596932065,0.43885527048348033,0.6782470214762623,0.8336593720188883,0.2524772404152257
2017-02-16,-0.11885413859700221,-0.289797366962276,-0.35478427954322334,-0.3736565383937061,0.31687343620088193,-0.10150661349555212
2017-02-17,0.09105377590929878,-0.03559906753324203,0.27940079086157377,-0.45727691022130046,-0.21477636267858985,-0.07778488738582583
2017-02-21,0.4505326915002806,1.4223187556635806,-0.36444198610236817,0.4892928768571232,-0.20442339255212089,0.6571634161596807
2017-02-22,-0.13688255174664388,0.17896457972472174,0.3529156238531606,-0.05127897338500693,0.6733095579872679,0.07544505136065913
2017-02-23,-0.012862046801427857,-0.38203298472811364,-0.4420650179343403,-0.07610408889947587,-0.251265886158536,-0.006870317896254158
2017-02-24,0.0757834113864271,-1.0279383654928815,-0.4000192506344312,-0.3655591613564863,-0.42925205015451795,-0.4569770753362425
2017-02-27,0.03657208119188805,0.09545156590373592,0.10589423783050181,-0.6907656506231431,-0.12061754426217737,-0.3062591891375121
2017-02-28,-0.2606746897363421,0.04740909631417097,0.12075756218150968,-0.0031860755138300037,-0.5339745797649226,0.15236667246623486
2017-03-02,0.5888044204653602,1.5129189309019018,1.5907600536351307,1.5757472093828293,-0.04089966696261824,0.30337908869531627
2017-03-03,-0.005854377211551168,-0.25357974814150985,-0.13029616073282843,-0.3902360495433296,-0.512301615278531,-0.7825270065267537
2017-03-06,-0.3185616832277423,-0.5060264597376283,-0.34747507928336113,-0.3715984582733231,0.12215383626445099,0.04330940060529491
2017-03-07,-0.28841748420811053,0.019045302936807135,-0.17131905726218608,-0.17269705512157207,0.24125514710797857,0.3573059790442516
2017-03-08,-0.23632142368831907,-0.026033741624269056,-0.08088075443635692,-0.3740457661057872,0.28763882509003147,0.0038845881246092674
2017-03-09,0.018577106941707604,0.0419014480321107,-0.2868444412704396,0.18984547669720803,-0.8174457909868285,-0.17364701986489817
2017-03-10,0.22205336385858238,-0.13834848662014348,0.35897005076047983,0.9882284823610596,0.19088919734401383,0.15714374486448293
2017-03-13,-0.017184130488287184,0.14995885700669034,0.30232122715949006,0.05889666733543572,0.749785390355561,0.5868054350572824
2017-03-14,-0.3269960379992637,-0.042548980667682805,-0.14535366307341568,-0.1325111665499728,-0.009317737711982833,0.457419506901481
2017-03-15,0.6413123513282324,0.11013777511468638,0.12277543175370433,-0.16088611353366986,-0.105318246110032,-0.06217539518841457
2017-03-16,-0.18191330578116222,0.46544490821030315,0.6147202934595091,0.0002499415625472954,1.406875550602208,0.48080647815596583
2017-03-17,-0.15607533152619285,0.04782725446295505,0.09893331479029174,-0.29214725113525997,0.05664066686813649,0.39915350474338007
2017-03-21,-1.244771874958182,-0.9423725342914472,-0.6473134612465898,-0.2827397939755992,0.7887248832740582,0.37531203896273163
2017-03-22,0.10847591173766992,-0.4330701286473977,-0.7446883134173006,-1.560331733068509,-0.7679548597396089,-0.34028574231632525
2017-03-23,-0.1350694243622176,0.8953569318294725,0.19507745499559392,0.11651140513809599,0.016147555211574283,0.09418345320157286
2017-03-24,-0.11719087577921156,0.133411233867111,-0.07411259601641029,0.6045528333465006,0.0816228481553707,-0.1514242672501498
2017-03-27,-0.13170608253496432,-0.49937302904819747,-0.6086000674098849,-1.0642001836703545,-0.46859628691537725,-0.4384698307102347
2017-03-28,0.549262713805787,1.0085484181251707,0.6550281371737106,0.7548458557706934,0.42498067646334864,0.19223268929648005
2017-03-29,0.04212782344600185,0.32712692387080666,0.3871073273185666,0.00792085314397989,0.12539979169395593,0.07196290832669504
2017-03-30,0.19459062319231835,0.32453738071805743,-0.07791230719951993,-0.6124780731944734,-0.2602128314938367,-0.10870838668429372
2017-03-31,-0.2339070569230282,0.34305022451520334,-0.6506863015147917,-0.615972501546106,-0.5404571122606032,-0.17112611438068037
2017-04-03,-0.1831884996807627,-0.4060069128729238,-0.5674796595471542,0.2290434683230215,0.4200051976474611,0.18063108934393482
2017-04-05,-0.253940882049111,-0.30007241680591334,0.6438520627463775,-0.4989463469770378,0.38773348927214124,-0.23869631076237632
2017-04-06,0.11174203870197527,0.05557838590979204,-0.4077696011325327,-1.0378647328707886,-0.36193992872473113,-0.28284905885006817
2017-04-07,-0.11579681838570695,-0.07319259928955571,0.6041989412482145,0.20952817078585234,-0.022486340011507813,-0.0692255869794802
2017-04-10,0.00931693774558512,-0.19898784939001454,-0.028136884945283186,0.4548028961911531,-0.018825202072180806,-0.5977214629604796
2017-04-11,-0.16596345940112028,-0.44661970001783174,0.20244834581170398,-0.23296752302186238,-0.4964430684431131,-0.327982884249865
2017-04-12,-0.3585683060846723,0.06966903946760489,-0.24387211151776989,-0.7820112735812607,0.6323915781895174,0.116523835649543
2017-04-13,-0.6121932782813853,-0.3432512048569769,-0.310687210894127,-0.5240409366829658,-0.1505334801483509,0.5612292801505725
2017-04-18,0.4207196427070921,-0.7732412220203742,-2.4901320098268993,-0.07707898602473671,-0.9625616283138009,-0.04292359083441034
2017-04-19,-0.1893288918652833,0.07537169843364923,-0.4818709570555955,0.00637457317504452,-0.28734089152208453,-0.34389813351637977
2017-04-20,0.5743314674246565,0.0401580976243303,0.03576854752217156,-0.0521017283677895,0.6566298011551086,0.28805019932314546
2017-04-21,-0.2984983034957137,0.11083382853938943,-0.07575202450225979,0.6768208529230496,-0.04697227600221719,0.4411525913621005
2017-04-24,0.842979393223772,2.688915006481871,2.0498044973519702,0.91163089070062,0.27266017941117715,0.22268084179083675
2017-04-25,0.4540314465860005,0.045377595640045086,0.12734664400407425,0.7085027302803113,0.8875123276001566,0.6500379957289483
2017-04-26,-0.08758069807848595,0.0038539455311472994,0.15707476097878736,0.7247592729204901,0.33775030988302485,0.286462624540994
2017-04-27,-0.0018062133528417754,-0.22518605963671312,-0.7248279681781883,-0.1826791873549766,0.3292863304314097,0.009368201573794291
2017-04-28,-0.20561136519638126,-0.07219422586023769,-0.47890731474565923,-0.24729049736922254,-0.2358552345414236,-0.15692139669880653
2017-05-02,0.19362637225581936,0.4258685403711254,0.6128013522751703,0.8607773666099037,0.2205947506892374,0.3802884767448545
2017-05-08,0.23561662461782187,1.1817352568689643,0.6712919919664195,1.563626564073825,-0.3329648232305978,2.0705877349273063
2017-05-10,-0.03885324373958352,0.3717001929959317,1.1175207350215448,-0.030058738017955385,1.2038762119809057,-0.6843583542573551
2017-05-11,-0.2262724514071006,-0.3331376281209086,-0.002584562547421366,0.1713276994608994,0.2964408992997805,0.7100265140218219
2017-05-12,-0.16964909833045339,0.34829899118636903,0.6318546622520601,-0.3197343027760374,0.07948920970166208,-0.3324344734034989
2017-05-15,0.34608357111507126,0.2010384646777633,0.2317907202850126,-0.09530216497773118,0.5790655285941286,0.09333084214015432
2017-05-16,-0.10420652807660814,-0.050144897995668396,0.8741921321664997,0.1310954032960424,-0.10066097949333709,0.0944912356040619
2017-05-17,-1.562565283506985,-1.1500693991042763,-0.26567676116198874,-0.41711487881224674,-0.1188200755493529,-0.10221599638020795
2017-05-18,0.2564675096840171,-0.30450004170941714,-0.9125147968459815,-0.9783209222493007,-0.43105000843793395,-0.21632616323257498
2017-05-19,0.5095706697603849,0.2823769155047637,0.43513984096335157,0.08703418647521309,0.10002110532999345,0.00885881473943196
2017-05-22,0.3776089752959373,-0.15904285009571922,0.31797227832805625,0.26795488592028677,0.5819301224800904,0.40245040054759257
2017-05-23,0.1041881577991924,0.2236930990208246,-0.16706615958048646,-0.27830553579236117,0.02747160431268336,0.17909143799420021
2017-05-24,0.15785756860539157,-0.13968518072010633,0.370136176784864,0.41803979650968726,0.06392667337311304,0.11912672966902955
2017-05-25,0.31857941552412633,-0.17148596663046173,0.0155723964451754,0.20390675774099096,0.5382020961043905,0.6765229165675265
2017-05-26,-0.021814305550758677,-0.16122728702388867,0.3723927327362012,-0.4953670567707641,0.018306793427643017,0.3044117250166734
2017-05-31,-0.18500129997706627,0.04978774462531991,-0.3848238655426463,-0.17528760315481354,0.05270781725001828,-0.2576408859857683
2017-06-01,0.5754666517165171,0.28971962970681947,0.29208581986637594,0.7002153331850286,0.3909581439152199,-0.11522917215565594
2017-06-02,0.25818830325967834,0.9837211366358687,0.028575548816080515,1.069166228550578,0.2996226287424353,0.7099857777289306
2017-06-07,-0.24849970604003663,-1.0027898694656852,-0.9324839091473784,-0.7204356477892412,0.12786244352792636,-0.35698733892956147
2017-06-08,-0.02539305147170065,0.23165143021074674,-0.4014984008979729,-0.3113225793742696,0.22960281082729933,0.05616560425179058
2017-06-09,-0.11603313468836542,0.6227306122712352,1.0026363997976788,0.320897036190589,-0.0905306767012309,0.4587670469223692
2017-06-12,-0.12833113326257448,-0.8403751269298235,-0.22455524150036502,-0.41445786692545833,-0.8574079304409304,-0.6926896481290113
2017-06-13,0.3242983396539843,0.446646680701098,-0.17337646451634667,-0.08031925717187827,0.3782869264492162,0.42461103497109237
2017-06-14,-0.12974209918698879,0.2289593970715747,-0.3658755179615311,-0.099438166314353,0.05864246614918868,-0.09486975936541571
2017-06-15,-0.23262825951383828,-0.7689259449428013,-0.7540779212986328,-0.2287082499448469,-0.8312116902232861,-0.340596473844592
2017-06-16,-0.024036128466349133,0.358985163042321,0.56652761392533,0.3485680748670105,0.15922570040636475,-0.033408371099404595
2017-06-19,0.6390580481678921,0.8380403976023577,0.7768942804982064,0.39213104707250585,0.7874948136564903,0.21112546844715213
2017-06-20,-0.6023769342599241,-0.5076929999008905,-0.6974560155852901,0.5222634175014913,-0.2200197602469124,-0.0842402649808773
2017-06-21,-0.09559108964870877,-0.29407049083791115,-0.35250684005508703,-0.3648629779868779,-0.3988883666443251,-0.3606328462009051
2017-06-22,-0.08510839800436514,0.09268334522140077,-0.13467193357223115,-0.14442147155340157,-0.05783054235396206,0.3152021558715112
2017-06-23,0.0813538036226703,-0.4236968163071452,-0.2242858738921438,0.031886187848613017,-0.016318810824040637,0.18724810838115974
2017-06-26,-0.021380708123671016,0.20679847687057676,0.2814744424344305,0.026633995401824543,0.5319534043937457,0.23635455646611953
2017-06-27,-0.716878480880786,-0.6780762674546787,-0.18671373685560377,0.20436488731104155,-0.08885920487185844,0.051223985804075264
2017-06-28,0.676793825744275,-0.18805000508199576,-0.6451754189255288,-0.37563367660767577,-0.4203448083429481,-0.2944188297595635
2017-06-29,-0.7607845258609341,-1.5476194265135186,-0.5262255487399181,0.2678166644860106,0.7431931650140372,0.31855644644625797
2017-06-30,0.07907100554666262,-0.6383186367026584,-0.5301590433237188,-0.6986639156587497,-0.536101824561421,-0.1436131647328674
2017-07-03,0.14316806464955747,0.9600954920710745,0.8484406587081401,0.03292388195955647,0.0476738721039891,0.03479473779209495
2017-07-05,0.0724777456730635,-0.17649356858483603,-0.1492222946761743,0.04495314076964573,-0.7042898950182458,-0.20523373040690857
2017-07-06,-0.8248535129949996,-0.5128238614039743,-0.43022124155936675,-0.3529816787663684,-0.15680822084013218,-0.05309521186229114
2017-07-07,0.4796747473444455,0.01518124830479147,0.16232340962578554,-0.2745205276471013,-0.33963573302446054,-0.25519151872342655
2017-07-10,0.029128533724778315,0.3443085364679018,0.23604468118632382,0.4884848862075774,0.42451298861439785,0.022592845868983497
2017-07-11,-0.11212287814664783,-0.09277683513814615,-0.5639867481190607,0.3543515935481258,1.0021483812375116,0.3403649507948564
2017-07-12,0.55370114404359,1.2075391759680933,1.150511594927978,-0.3845873704012878,0.4334968274552431,-0.15339836616235478
2017-07-13,0.10721452109609925,0.06176936292752856,-0.06821268208742463,-0.04057632971225367,0.7864990632170553,0.4421245772731455
2017-07-14,0.33761618828468576,-0.09648199396424754,-0.490858960546633,0.021050405211589938,0.10745707281612149,0.1003390702115531
2017-07-18,-0.0024671234881432818,-1.3528262840863823,0.13714376205860068,-0.4626846513144582,0.34687871138589443,0.2685063182095523
2017-07-19,0.3950675652569135,0.1088432196158889,0.523457911789742,0.02806005888278142,0.3746476869298484,0.06618410531386316
2017-07-20,-0.060149209127902926,-0.06570322454905429,0.7366740098849397,0.38778690225194273,0.1701178003475896,0.27964102130872126
2017-07-21,-0.07784509961355124,-1.411820093167435,-0.4861770488755661,-0.20232321653530894,-0.09180802799510633,0.18038953114770412
2017-07-24,-0.1353559082562977,-0.24293894891606446,-1.0274443180909552,-0.4811471790567045,0.35555612838678546,0.0006695279181603863
2017-07-25,0.193607551145622,0.3372786395746555,0.7434484417778056,-0.11769945353807736,0.008942227926506903,-0.34792551108953496
2017-07-26,-0.024116663221768718,0.2385518627149598,0.2118452426412284,0.2883520102435709,0.22213968169067544,-0.18233422638542315
2017-07-27,-0.1278289313519138,-0.6572350879877784,-0.14526316371496095,0.057767191937623134,0.47724853650876703,0.19463681977678818
2017-07-28,-0.15829168538145866,-0.36635524660004204,-1.0207161142157934,-0.46650264031067346,-0.38853307565960044,-1.1738970736978707
2017-07-31,-0.10761556052725367,-0.3345804314135792,0.027070601638285254,-0.16783028838931174,0.8647365709892568,0.008240757683234835
2017-08-01,0.15456124900414392,0.8621467383547704,0.6719102523181241,0.16805799402634136,0.5354238762264335,0.5079526395709344
2017-08-02,-0.006781254155763118,-0.5030999679311843,-0.18589527716711307,0.28535176711614135,0.16239130904245308,0.0869679078450114
2017-08-03,-0.22799774352771832,-0.21457338991604674,0.8236359034897388,-0.2236829977075435,-0.1940678942612354,-1.1411541271474308
2017-08-04,0.10841137534950301,0.9259761783033632,0.4671444670451161,-0.3162649186845559,0.07435452650435052,0.19574496470055014
2017-08-07,0.08846839862828633,-0.305151828351286,0.24502519517041577,0.3185667655150501,0.3121077614757263,0.05124182736016431
2017-08-08,-0.24710110394357038,0.19918312753642844,0.12076391162152038,-0.2559068454261621,0.4013550219136904,-0.14755877930615705
2017-08-09,-0.07749290196354025,-0.9611009791872966,-0.6097263127229171,-0.9565490889783009,-0.24527559626812817,-0.7583420671713905
2017-08-10,-1.2516025043266412,-0.9829655364468287,-1.4633723365833042,-0.07755442241357215,-0.7811683951171374,-0.28400356602092985
2017-08-14,0.8831724269743345,0.9899126228697513,-0.5058445724987428,-0.7357487586869366,-0.4895792702881067,-0.738754880799069
2017-08-16,0.028536140855403975,0.6294696422320085,1.0399790407484433,0.6429459782509764,0.39362186395646426,0.35199556104015106
2017-08-17,-1.3323007952919332,-0.43930754315821363,-0.6251492707812393,-0.14065203610363503,-0.16658303945759842,0.33230235828357146
2017-08-18,-0.19917566292742284,-0.29186250415557513,-0.8831657450432191,-0.8795465864491367,-0.7513315900079902,-0.12939210014162555
2017-08-21,0.04850684592411712,-0.7061188151382524,-0.09049302524989063,-0.32531769709210334,0.26626680127593616,-0.1314630553963344
2017-08-22,0.769473054558474,1.069689556492754,0.826211843168588,-0.07928666724320346,0.6156649361605514,0.2465401291708231
2017-08-24,-0.5046780376200377,-0.3602905778324661,0.3193821386876307,-0.15478289997550254,0.28721772196023093,0.25022867598574383
2017-08-25,0.09058487198210616,-0.12096073677920553,-0.09641888664361291,0.3127311012767599,0.8108417543540998,0.034737775616185025
2017-08-29,0.06233567978732406,-1.5458281317795795,-0.8842820424495453,-0.37198308046271733,-0.20914351746769574,-0.4163316392756398
2017-08-30,0.3328191410927251,0.3538524067902933,0.3551146680099423,0.47556077256628176,0.8037445790120483,0.16912966296674564
2017-08-31,0.42367716418369067,0.3301097287143316,0.8542773726827624,0.45638055900340785,-0.3080355833816496,-0.28856186270655837
2017-09-01,0.1161132121444067,0.5547861347708891,0.0840265369925097,0.11617324320703395,-0.046350063093508934,-0.19005254108405395
2017-09-05,-0.6734268528671258,-0.16211638597317965,-0.9001521537212275,-1.1459868803500024,-0.5252292894970264,-0.9019142425814765
2017-09-06,0.21053262988366472,0.5785888219160273,-0.2746673541965808,-0.14666663369316207,-0.32004765617381514,-0.2289095032670978
2017-09-07,-0.06219580775880365,0.5157294460723975,0.5556373032367986,0.09435302173026834,-0.23001328907053814,0.697408595454091
2017-09-08,-0.17051005731238283,0.014992304591874284,-0.28191010958882784,-0.4883006629398155,0.3568081617141693,-0.10694070038667992
2017-09-11,0.842916511804264,1.1005413593438649,0.461517060593256,0.9363103838447764,0.7014452416091977,0.38685373774983317
2017-09-12,0.22989611684733544,0.291171709636846,-0.19415686967536266,0.7803142571727272,0.03752485488986851,0.13770799989840826
2017-09-13,0.015047202059331065,0.15446878968443684,-0.30328728799244886,0.2709693017604771,-0.19598207641427143,-0.1841150119836508
2017-09-14,-0.1384135354302142,-0.11988756260568047,-1.1611494420003126,-0.2525952738969107,-0.2919097572643846,0.4419617352862855
2017-09-15,0.10495559224622501,-0.17582348948712404,-1.113877961120553,0.3159242967323254,0.07050688563363955,0.191473220400306
2017-09-19,0.16433307239027664,0.24726242181854757,0.7974000638078917,1.3185434901318982,0.593433048482611,0.7744312693667826
2017-09-20,0.004914737407266459,0.014148541663264692,-0.06639316736928925,-0.007196486535323123,0.18185531682975437,-0.14219063372458507
2017-09-21,-0.2993966777077441,0.16722129722175808,-0.13195047978786092,0.08251041915843198,-0.046919022070671855,-0.19237574408506666
2017-09-25,-0.17769340417603136,-0.06807444212744021,0.48807983346612477,0.12739779022743122,-1.5066944416192682,-0.7482380675058579
2017-09-26,-0.04149803052854143,0.033629311875268866,-0.2335698557121496,-0.2783563192392513,0.027168934097981684,-0.20484979423303762
2017-09-27,0.2892369122101063,0.3052104204203526,0.35642347512421163,-0.26437066605686005,0.3169889690066209,-0.08637122485354191
2017-09-28,0.051968496294524866,0.2717125444934992,0.1046802366294772,0.28701745342616236,-0.5536269580653777,-0.022742203392131895
2017-09-29,0.2579726217630998,0.7645197250346754,0.6536777192980998,-0.06917659790049156,0.32621276153217366,0.5441007076811283
2017-10-10,0.9716165919659753,0.7326131000355457,2.1808670926340405,1.550651253014001,2.2844102168641056,1.0224298545948465
2017-10-11,0.10135521938128265,0.10166369369717798,-0.08062546437325356,0.14925660276882607,-0.24818508888278848,0.6096612529030474
2017-10-12,-0.18688031314513984,0.04317158621282578,0.2731414813666268,0.20141016933652747,0.16296321036331132,0.3997434328943398
2017-10-13,0.0250310265343281,0.022698215424930324,-0.29484875309604686,0.6241115674838834,0.03748304813481803,-0.06836498867385221
2017-10-16,0.09700612582476806,0.04064787150773276,-0.13203496463249217,0.2873909058093793,0.5139730596217837,0.13061601980268078
2017-10-17,0.008070094376893157,-0.08861653792436743,-0.16382918436628494,0.22050361807511215,0.0068180128426674836,0.07491901159171079
2017-10-18,0.013826992648903932,0.268379114436052,0.33039100196942917,0.043150892356724806,0.029668616847610838,-0.07664621432296337
2017-10-19,-0.020373786155748398,-0.3678300223678277,-0.2834576040881183,0.23527183013718114,-1.335349759244823,-0.29712694639631343
2017-10-20,0.3740521678228693,-0.026598386009568247,-0.018747593146480446,-0.01567379168515698,0.7890171460289759,0.3939718755543343
2017-10-23,-0.37618901326947873,0.040836193646648214,-0.004249136124483203,0.7335793989575792,-0.4417202029956136,-0.025040267617551668
2017-10-24,0.08605322713605465,0.029361084942471912,0.004977393573108015,0.3053591187729261,-0.3704333220494979,-0.026874401126885456
2017-10-25,-0.4334684700554033,-0.41198846313556264,-1.0721592952094312,-0.36096732520578356,0.35445317903753004,0.014141429904387437
2017-10-26,0.057439808097426485,1.0978596522147392,0.5007505344789692,0.05855234912011855,-0.24798588546062988,-0.349122841408113
2017-10-27,0.6165964438281356,0.4908647363345108,0.22345580009851523,0.8183811920718129,0.5674010267785972,0.3801433491821788
2017-10-30,-0.31153799251498476,0.04061502486686081,-0.24900842707255155,-0.03528701791625008,-0.25201565960141403,0.099669639535177
2017-11-01,0.16188976071140398,1.4168791119990374,-0.01873518309810342,1.2475598584231238,0.6159863866764762,1.3654147776123966
2017-11-02,-0.03177056716146691,-0.18402508696868283,0.866248594210489,0.32689945828873823,-0.1852294721896311,-0.29631380841602295
2017-11-06,0.3128495873892733,0.1359012871289265,0.07048311000144993,-0.016779359920996054,0.18304580859203867,0.03954481351414316
2017-11-07,-0.06307691459993123,-0.5814260957786108,-0.6689125577755215,1.158324726793959,0.9410187609560421,-0.13982139564536003
2017-11-08,0.07168407064453004,-0.01473329804594001,0.19756176633398304,-0.11853829397709803,-0.2095403582682465,0.13937308622528613
2017-11-09,-0.35872884971965857,-1.2691334034988329,-0.6239995829894348,-0.18419056755178656,0.5358889666346833,-0.08505885987454273
2017-11-10,-0.12162539499385346,-0.3777894005423815,-0.7010610777760163,-0.6240217273629608,-0.04116493768545116,-0.23314659633470966
2017-11-13,0.03373814233116275,-0.3664267204995458,-0.25923741003898426,-0.9834978372572665,0.13952837882889382,-0.36171390213312116
2017-11-14,-0.23842349142354613,-0.29147600776875476,-0.03209482246702589,-0.048661236489863854,-0.074948324850366,-0.13389325621038844
2017-11-15,-0.5050754375747208,-0.3945088236694405,-0.5822503809392842,-1.159705033544096,-0.7137398183556816,-0.2548894517897949
2017-11-16,0.6266756607700065,0.4128715654029506,0.17084196687036807,0.9776846528300616,0.3910159287643797,0.38778105684643926
2017-11-17,-0.26461501340112364,-0.3712511367551228,-0.104683208564344,0.09803502801512184,0.41973095245763303,-0.05892373461854142
2017-11-20,0.057830499947417326,0.3750748617852171,0.09682082660038867,-0.47097470031024696,0.1391712138292987,-0.20093379866673852
2017-11-21,0.49099967426814767,0.6474682940756146,0.2708453924740638,0.4415943485192155,1.2886679319292467,0.039611950628749
2017-11-22,-0.10944337749578942,-0.9902177518932012,0.08163052429887868,0.288340983382472,0.4201301365584022,0.21347632129395386
2017-11-24,0.12217565381913408,0.24798922736967072,-0.14715968503545865,0.04087157771488439,-0.3181581025756431,0.05943403712453291
2017-11-27,-0.07919889611832698,-0.40974752752384125,-0.3660763905921428,-0.21690316864460144,-0.4186301112467645,-0.9794966090647615
2017-11-28,0.7619276023371927,0.33968533521859234,1.0051140568078913,-0.07607226979224625,-0.016691545855927404,0.1270192353737129
2017-11-29,-0.07795696888442417,-0.01935349501680095,-0.9176500897793117,0.3006595817741945,-0.13605157687983135,-0.07178391726949937
2017-11-30,0.6262572622836079,-0.272500899382539,-0.9231105401502139,0.3509916432197147,-1.0443062120176367,-0.9916110121829182
2017-12-01,-0.21482842264174165,-1.0645509819715004,-0.37677745584033356,0.244985188590694,-0.24679460780001125,-0.06362007671440206
2017-12-04,-0.13439868162915877,1.2140097399156136,0.5004038201374643,-0.39126424451752867,0.14629111869093125,0.6485470098618512
2017-12-05,-0.3568631296342014,-0.09699924944294425,-0.1769599899585985,-0.30869075285497155,-0.702322526156401,0.18113691668992532
2017-12-06,-0.056882134735337445,-0.34722606561291397,0.25576742559055604,-1.4440892576421398,-1.4875620951037682,-0.9721565958788351
2017-12-07,0.19436401106349907,0.25778461447123246,-0.3892955583812036,0.9652177010475218,0.18554715501313607,-0.36515328060262336
2017-12-08,0.4060470704947819,0.6461114810110307,0.9656253975481575,0.9264202124123068,0.8053508563893552,0.015013768120962112
2017-12-11,0.21656149085119156,-0.22178594084373088,0.7737226912834728,0.34694230480331495,0.7693658334685567,0.15920147518643746
2017-12-12,0.08036483139609736,0.33960069285902655,0.6008844956492148,-0.268433001164955,-0.41080933578224477,-0.3152549641053539
2017-12-13,-0.0865274998035158,-0.3952766296652918,-0.07298321120154538,-0.3788981711451393,1.0065235454600385,0.47669961568835445
2017-12-14,-0.38434638592944154,-0.39479394065204476,-0.6639613796004199,-0.24249232550350963,-0.13506669383311978,-0.32953065944244075
2017-12-15,0.6904052266270245,0.18848514482045065,0.5430796257197997,-0.4846738661835679,-0.7557298694291925,0.29265853887426024
2017-12-18,0.39425988897585384,1.2631762092246377,0.5912311032303613,1.0331698306593953,0.4741609018600839,-0.043362564648318745
2017-12-19,-0.31466976770229627,-0.6312794748978731,0.07202235532640544,-0.14937472594493253,0.47306203116182294,-0.12629518664219955
2017-12-21,0.047967980658730154,-0.6953652648622172,0.7631822784583294,-0.051425373221240495,0.260565378258736,-1.330156295325506
2017-12-22,-0.08530542430379955,-0.2657302103067204,-0.1689184303291231,0.0671022319410834,0.4857590758864872,0.24791764927382462
2017-12-27,-0.06962004466472707,-0.05145530256371743,0.3437812379049876,-0.019629024040143973,0.041105900107412496,-0.14168287191039752
2017-12-28,0.10386886030933118,-0.6017162389768775,0.007243642456095758,-0.4372781323353117,0.6084193500270002,0.7798217803425563
2018-01-04,1.0651139419406979,1.1459372843648685,0.9241151934369262,2.1498657841498816,1.9682149067037331,-0.06555375148692184
2018-01-05,0.5314103446402652,0.9064443762382925,0.3427501542931462,0.5746864283888921,0.1695394717995717,0.7762561117576265
2018-01-09,0.19725294646858532,0.37134633186903165,0.06590625988008879,0.3550675541745158,0.4315087289207619,0.29205995441217436
2018-01-10,-0.13936510601303365,-0.675819212334424,0.20291941898440644,-0.2280534696883313,0.13308032008055434,-0.31071228706282483
2018-01-11,0.5314004242473578,-0.5202598106948506,0.1628041940893604,-0.275914150286443,0.098397660947511,-0.3474337161039835
2018-01-12,0.508102526529106,0.2274388677803401,0.17904753452613315,-0.21371853002296784,0.6354778708789401,0.18390864312915436
2018-01-16,-0.3390508713195936,-0.026003710631504,-0.3113180536369056,0.8350218119122321,1.0603054797520057,0.6185370118292048
2018-01-17,0.7264706177393133,-0.42144385831651604,-0.4122773034725643,-0.2911374669668546,0.16424956663534,-0.2014654247814915
2018-01-18,-0.18105957328931552,0.5705323973701628,-0.33521082986227785,-0.3556089980035633,0.2915842246263733,-0.02853808453300527
2018-01-19,0.31391618717709097,0.9062124805915046,0.36175359924258416,0.08658270309974617,0.2784691440270775,0.07666485413394206
2018-01-22,0.6160806351888723,0.14439593197553308,-0.21920186472666964,-0.021152082529145428,0.2890779218846643,-0.5088643550183881
2018-01-23,0.13192269425421316,0.5485703276066202,0.1892584089168535,0.8577180086535772,1.1221111174301441,0.8528010879583442
2018-01-24,-0.09371786791867931,-0.9156509574176616,-1.162155073366906,-0.5822835971781006,0.05381092876338619,-0.002459253703292037
2018-01-25,0.002296108681197129,-0.7492531320020863,-0.3802604270892578,-0.847195772991116,-0.6394294968667725,0.5801392828608007
2018-01-26,0.9247329410402949,0.22359390908652768,0.6239110571208792,-0.15743398538778194,1.0355269945242804,0.27918641524692916
2018-01-29,-0.6053150557948191,-0.13065000999624563,0.056232247149352335,-0.05314339131722273,-0.3921828023345847,0.5513083882045388
2018-01-30,-0.9525054242286096,-0.8187158424572931,-1.1070925779707035,-1.0570957404862873,-0.7554314082312319,-0.8057817837322651
2018-01-31,-0.007083652513001877,-0.08525567310636582,-0.7351662382274328,-0.632926017756043,0.5810988032143654,-0.07083310224229458
2018-02-01,-0.1009992663274201,-1.1971529896384332,-0.5918967553541158,1.1256178202126732,-0.5167990654071474,0.014363311796258124
2018-02-02,-1.817860958599486,-1.4264825513480397,-0.6458269447339358,-0.682122159019419,-0.0889902911848009,-1.1412398576687912
2018-02-05,-3.503131114704555,-0.6635019187425698,-1.4767481490898609,-1.8592455532507755,-0.7574268811250072,-0.9113211377915783
2018-02-06,1.3805283187433948,-1.9639354871871015,-2.6749679337166277,-3.4505734821928553,-3.6008014467755296,-1.0504261877705465
2018-02-07,-0.46156331460159067,1.265483750964242,1.877347513691054,0.06866926104224638,-0.6163775208603496,-1.5618601962159926
2018-02-08,-3.2071795388558986,-2.215041297769209,-1.5139312582046915,0.7476848846902535,0.28423532793219003,0.2613496420556905
2018-02-09,1.1769559252590482,-1.0635158917982372,-1.1106064342090716,-1.6979115363896842,-2.1604648007107836,-1.2348964321989795
2018-02-13,1.309305991569994,0.5672232522208653,1.0304680041812564,-0.500811176582593,0.7620491892006853,0.8211973188442583
2018-02-14,1.052066576706154,0.9204459712027656,0.6132144346877193,-0.34589130795847095,1.5298080459000354,0.6816466193104194
2018-02-20,0.490331164343455,0.9494462829587506,0.42864207172402446,2.4722297668497997,0.7943836118410389,-0.21898019260566584
2018-02-21,-0.5026527928095581,-0.1485711106070194,0.453868172282073,0.10091645192567793,1.2227898200435623,0.35207973976538914
2018-02-22,0.03290620271302067,-0.09055134288287918,-0.4200106773746812,-0.79995037855807,-1.0276743221160076,-0.45147591127060477
2018-02-23,1.2657898304806185,0.10992678660827225,-0.13087870824374395,0.45852893306234205,0.6591221767005476,0.9580550247538784
2018-02-26,0.917861698811547,0.2498162795599087,0.5956590370052983,0.7875604190488943,0.5006126252467049,0.1241905426938312
2018-02-27,-1.1036132865931942,-0.2723126172960174,-0.11806013779451001,0.7004947964920323,-0.5060947019788179,-0.07838241267647249
2018-02-28,-0.9689538327841576,-0.3954905441833669,-0.7130837035056415,-1.0633004696404695,-0.9391458282009796,-0.8056373687686954
2018-03-02,-0.7374918225136456,-3.5547675343627803,-2.268911085723998,-2.9298338615242385,-0.5868887720518096,-0.7177136990784758
2018-03-05,0.8586612029427518,1.1775098787177842,0.6233869900756009,-0.510530857779206,-1.5831849263083628,-0.7769232381873749
2018-03-06,0.17019194814544852,0.12193129894271436,0.40706749972462264,1.1991336755107402,1.411424204013165,0.9503572569581256
2018-03-07,-0.08742959175769509,0.8520813890533089,0.13118576158843082,-0.5896956515222274,-0.7123328529041809,-0.2977675166138467
2018-03-08,0.32031674115287895,0.7013698594928653,0.6058582360876409,0.33515785369965506,1.0255476287483989,0.803389717227722
2018-03-09,1.3754882803127568,-0.09314144558390516,0.2715265420168811,0.2865321444510455,0.7546956875294251,0.6633417825273882
2018-03-12,-0.1527402869006838,0.44128699414187955,-0.1546769481279727,1.1074492933702758,1.3044260928460036,0.6113328697918007
2018-03-13,-0.5746894531575997,-1.3489941979819953,-1.0719410284875532,0.41723808937947815,0.011055502563403796,0.23279995134064416
2018-03-14,-0.5215905607505721,0.07809421374227782,-0.10618709641528466,-0.6592045322239315,-0.3659876836269439,-0.2582088733554446
2018-03-15,-0.11206088239436747,0.6859330821024988,0.07730764872295112,0.0404786708397785,0.22634387430457376,0.12637159430354036
2018-03-16,0.09310596272386057,0.25809392876639303,0.31568151293754343,-0.45790606583328775,-0.08937722110075,0.0031420544844479523
2018-03-19,-1.2289588247998715,-1.1852960863301192,-1.7140596078330932,-0.6832076400685206,0.02124900818029633,-0.5346176586552491
2018-03-20,0.07483022129302687,0.5704621241295988,0.2374508843479144,-0.37356492492586896,0.07417762928017974,0.2369397649730651
2018-03-22,-2.304623642344863,-1.4280214405819163,-1.560390388370555,0.645233950101574,-1.0517305950203077,0.23604131431122616
2018-03-23,-1.7974723037696965,-1.497119239632619,-0.46040907935431985,-3.292791969805762,-1.7041535269598704,-2.1389934970332236
2018-03-26,2.1654790562076394,-0.720905952110739,-0.49834963187413533,0.45834535785233455,0.534560371960639,0.5066613244119608
2018-03-27,-1.4867348320287577,1.2343748998821547,1.570054273394049,1.7971828895639588,0.5360902358941755,0.36052448804843434
2018-03-28,-0.2886894448156481,-0.24084247515793641,0.6086741770385932,-0.9956990452195496,-1.7347314742087898,-0.9141982284530474
2018-03-29,1.0819911608331712,1.0314764012710225,0.14604729119201326,0.3804551419285441,0.15704102752579258,0.4195840519580222
2018-04-03,-0.8778527331029563,-0.6762856157455123,-0.38899332991171554,0.3958619199909569,0.19267319113083767,0.12333270100357148
2018-04-04,0.9023074660749892,-0.33928401299260574,0.0279872748194109,0.044422464231129895,-1.5217859980850554,-0.9609085038039625
2018-04-06,-1.3130829324862878,1.8883249028815174,2.066384044991726,0.7678227177878795,0.7483154505151317,0.5407804568935135
2018-04-09,0.22764084662821613,0.10315256403389712,0.1331584247463348,0.3146609278399529,0.8725300303553605,0.3489695201871171
2018-04-10,1.3225539720419435,0.8684689195741871,0.9664400058864832,0.32999839974975237,1.1171221618698406,0.13876477429761105
2018-04-11,-0.5050495901749398,-0.7211895520656764,-0.15389388136965818,-0.39248097919020464,0.3711410702865763,-0.21178795415344137
2018-04-12,0.6311556983287985,0.7701077916319349,-0.004988869114952151,-0.13262217314535044,-0.15176242668747267,-0.0786023068449284
2018-04-13,-0.28620198418443343,0.14683160447278765,0.06468586786516138,0.3380624006392734,-0.05525044400891115,0.29017946103535913
2018-04-16,0.619547034754888,-0.3711221981601046,-0.9323058797788177,0.13759536116170043,-1.108556646428006,0.02575773522888805
2018-04-17,0.8283890646332596,1.242077691905704,0.36238144972578645,-0.006739346889372305,-0.5778916128596341,-0.13698642490487145
2018-04-18,0.021174055716409658,0.00023751642758339014,1.2228249796240507,0.9474037454483655,0.498317679314058,0.6532591731084186
2018-04-19,-0.5217236894676585,-0.18681207403445427,0.1357566254372245,0.05903659230866358,0.9481377156908538,0.12207156464258315
2018-04-20,-0.755495647152582,-0.21006580118202725,0.5091627636384787,-0.13736929176085722,-0.6543742975863374,-0.2946956075514353
2018-04-23,-0.042813981873148235,0.17440103953531474,0.39109070135169965,-0.2814782420835864,-0.37441047419170176,-0.09675747023446407
2018-04-24,-1.1599856174086713,-0.17499681338438988,0.33328989590891406,0.55714290193602,0.8544767333188581,-0.30122864016829337
2018-04-25,0.10412118428253807,-0.8788924630565171,-0.6392118322098327,-0.24413704573098377,-0.6964995211063046,-0.44461134834887556
2018-04-26,0.8098128580278676,0.48082978969595025,0.5429818123583536,0.28385459961516635,-0.7318140051457045,0.6709539255457405
2018-04-27,0.044462496665919685,0.4921733419607222,1.0528614542002543,0.42011180949561494,0.615778074860771,0.40083695867201014
2018-05-02,-1.1134436948589952,1.397708178043178,0.5192952894458206,-0.03020929252575385,0.9906581122994672,0.30573468513304247
2018-05-08,1.0806795789810453,0.6679267367269563,0.2753872171073234,0.06672908370746491,-0.7237456252037483,-1.5044463413188356
2018-05-09,0.7483267315056057,0.16181213621934176,1.2385329745919837,-0.35817503053027816,0.2952773312840646,-0.19347458061038347
2018-05-10,0.7228372109948404,0.4705168098098598,0.47581446642921704,0.23103838108815997,0.6052930004971688,0.49691412754029907
2018-05-11,0.09344798453247333,-0.17049974325151304,0.28216473509988077,0.7666945323743329,0.6874523900651782,0.3185969293497591
2018-05-14,0.025475141556959298,-0.1827454485739182,-0.1962030178596076,0.2855157500621652,0.9114454112407899,-0.08042030869806634
2018-05-15,-0.6144755651116934,-0.08258257024568313,0.1328763633155043,-0.19289812499907957,-0.8542825719863856,-0.501929973042109
2018-05-16,0.2872149578525438,0.13214828745362478,0.12237850556582636,-0.35696383454163555,-0.0963849453850727,-0.004491447852715367
2018-05-17,-0.11817255893972314,0.7095783990279151,0.6662990355584243,0.3285068520669755,-0.3752747648584523,-0.3399666688725577
2018-05-18,-0.26513104322138403,-0.2652701733448084,-0.13864999121741997,0.23717086778819932,0.22928454159136682,0.28517440702695396
2018-05-23,0.5688155104938347,-0.6696687147417394,0.10096886761088023,-0.7875867677099534,-0.8527235919300349,0.25882630318704114
2018-05-24,-0.21471940887692118,-0.8077774408261063,-0.9388900180579686,-0.8334562203693571,0.2069260137230641,-0.19392942415793618
2018-05-25,-0.24236477559819672,0.49368762646757136,0.15329273411480002,-0.002395131324218624,-0.3891796574262385,-0.17604838959496372
2018-05-29,-1.0080810445655843,-1.7748126728961262,-1.2831780711893563,-0.33554386021849614,-0.2363807930349464,-0.13235207112848077
2018-05-30,0.9944564325121015,0.7222373030517221,0.7167157033483366,-1.123149125651272,-0.9721322272013481,-1.32848485304059
2018-05-31,-0.6175873155473568,-1.1906322040991992,-0.1685681993692669,0.5375629002754954,0.9273921194930729,0.3382946628023749
2018-06-01,0.8437278942544307,0.7396577891618129,0.2830584381943771,-0.14218306461597638,0.05033090318121563,0.3887273543325176
2018-06-04,0.32167503305300216,0.2652258339726529,0.4860995141451048,0.9141680664411139,1.1205728094665617,0.19607586861749352
2018-06-05,0.01054717304087016,0.0711510080929387,-0.7222732605566647,0.15317750192865534,0.206203986728993,0.12099437848094001
2018-06-07,0.5980841981545724,0.11933941916149625,0.20549665050630148,0.8343072890621802,0.9126347762583603,0.40632252042295397
2018-06-08,0.21030026274034486,-0.3196651649644724,-0.32185835950480535,-0.4435315617648297,-1.21986905817338,-0.5409285907460036
2018-06-11,0.040756936330448704,0.45542382012358223,0.7030952623607908,0.2931103482411082,0.22856506350811734,0.4528441895248501
2018-06-12,0.09639867340034483,-0.03795917265462214,-0.4531267641537746,0.1832603588078348,0.08234174068649816,-0.07316506807105524
2018-06-14,-0.17676968830422854,1.641167887806545,0.7738123784943935,-0.47652939544535194,-1.4796007562890383,-1.245241723585129
2018-06-15,-0.13150066495360005,-0.6409165923148449,-1.7208211165073557,0.3035417071732472,-0.2989816178523687,-0.5626457119826653
2018-06-19,-0.5561897345598484,-2.159501174634218,-0.4120132909398423,-1.8326627406581593,-1.9320846212632752,-1.7928806929783108
2018-06-20,0.09382383663422683,0.07716118741832668,0.2847331343305916,0.8234389531267181,0.5234583133841789,0.6203301772937965
2018-06-21,-0.5731878816225529,-1.2274891832553485,-0.9491619480698349,0.3822545114684133,-0.9333006953322759,-0.7605345600231316
2018-06-22,0.10617175257222979,0.4095822408427316,1.6178758420210508,-0.5938908463585558,0.09524306932485424,0.4993012594945478
2018-06-25,-1.1887950445795372,-2.0780022016274997,-2.274336329680651,-0.6059780997388938,-0.8907412739691646,-0.02015324688213074
2018-06-26,0.13441234054186257,-0.2751621246933596,0.34912219994190397,-0.03345890061627909,-0.19376797181443528,-0.23080755436510864
2018-06-27,-0.7611453896299682,0.7290238972299894,1.0754027444456902,-0.26703552644254297,-1.2609427937673316,-0.28499768171246176
2018-06-28,0.4612550339105908,-1.1811840149005963,-0.10081852034611258,-0.049934777069581056,0.3354318131881318,-0.8154065897425639
2018-06-29,0.015153049528825372,0.8293504272622636,0.2556867933291192,0.06210097080175851,1.0869341038018394,0.29521248553695234
2018-07-03,-0.20407432609193424,0.25317688799584487,-0.5893823687972789,-1.7015493971019253,-0.9798350302549358,-1.5493083672722445
2018-07-05,0.6614618669419475,0.7277571471469434,0.10787429534695972,-0.820037409387097,-0.8819249145879723,-0.4754783157330399
2018-07-06,0.65003677495368,0.17560984305974656,0.1676244031550964,0.7372772046906877,0.31931561978365836,0.4018829256884672
2018-07-09,0.6780152245838155,0.27878810980084406,0.8899208163907606,0.8017057755490947,0.8915090505420259,0.3308938088758198
2018-07-10,0.23889376059604675,0.39641565511146304,0.03021432211673793,0.41449546639369544,-0.019292921899161743,0.19926618586654588
2018-07-11,-0.6354388743178445,-1.2981958410915744,-1.3195543975699933,-0.8893627682239617,-0.8948388903617145,-0.4236983850368562
2018-07-12,0.6719616223152898,0.46573606268977713,0.7504712394183168,0.7699003814798444,0.4035131335830771,0.08823162783379561
2018-07-13,0.04162563599663701,0.27913654699559287,0.11595512871255838,1.24042447721773,0.10279986592772285,0.6936085625161823
2018-07-16,-0.13241278715322244,0.0986280323000649,-0.8195816801912885,-0.045579723273995607,0.029756728371606086,-0.2898430388940619
2018-07-17,0.28006985374821736,0.6201798376641567,0.3147907098018127,0.2650376197321268,-0.8687421982846383,-0.15356993191521556
2018-07-18,0.13078109541892893,0.639956253835875,0.6269000753267454,0.25386059363662794,-0.16069433467195568,-0.25998874263408384
2018-07-19,-0.3745729016421943,-0.5477842188309904,0.07807593471849308,-0.13670166054232222,-0.2643864127372249,-0.2610382543197503
2018-07-20,-0.1258250379311741,-0.8459686426023355,-0.08854749527535358,-0.252282029670512,0.5158837608335056,0.15812854136551127
2018-07-23,0.10420278990686146,-0.11806449083993244,-0.3189766425688594,-0.9842606872944677,0.07234555832389392,-0.6061509958407173
2018-07-24,0.34644502241528974,0.8819103013419183,0.6668890393891661,0.3099458792688013,0.9736333043100127,0.2732579092404359
2018-07-25,0.7008213064016865,-0.7490735829972573,-0.6772741148773728,0.2779290467709142,0.6100406685958262,-0.2433858845042305
2018-07-26,-0.2982682675632662,1.4524985796707632,0.04207114573683101,-0.13079706822066842,-0.3360935683836666,0.4190875364876288
2018-07-27,-0.5912007068970413,0.293179726560344,0.47061164172187675,0.3453478694942199,0.05065802929060847,0.13004152275034508
2018-07-30,-0.5240532796068575,-0.4320074877829531,-0.026538985407675512,-0.5675161345279405,-0.17372708755815006,-0.08036663597479561
2018-07-31,0.35497783112830905,0.012745035619936512,0.5937572765375084,-0.01787700551088353,-0.3630853663701096,0.011276118844368483
2018-08-01,-0.13342270468702047,-0.4739841434016714,-1.2568127932575275,0.5537135730549653,-0.5872656147332397,0.2957113322355148
2018-08-02,0.35840623575666897,-1.2723892685082654,-1.0245934770733953,-0.773456559304758,-1.5343364157237118,-1.0870960146408106
2018-08-03,0.3352059443840213,0.4189098359405732,1.0621590358377437,-0.00606511180610637,-0.09892320869481595,0.46092715827179676
2018-08-06,0.2442399283260721,-0.14831956895360973,0.03946679076910069,-0.10137151135146245,0.34912431647655884,-0.07195802590889258
2018-08-07,0.1854556824800318,0.2909313170826357,0.6841673792232066,0.43846755933640724,1.0443293019587823,0.34936090899862104
2018-08-08,-0.06913005297765501,-0.12918673379357815,0.7238430605723831,-0.1028042567765796,0.26238691570739137,-0.0018759176625897393
2018-08-09,-0.16660816967223827,0.2420561706705287,-0.46760093401824687,-0.18836480103061218,0.5922452451032038,0.025517797413391802
2018-08-10,-0.6370762462435515,-1.6806613228282075,-0.984543035313817,-0.9865911960413329,-0.5829352312256058,-0.6322076919922363
2018-08-13,-0.3789674530065197,-0.46864802738281774,-0.3389043734079867,-1.4495364862415983,-1.0504746637140043,-1.0250525153925865
2018-08-14,0.4785364799497602,-0.033195663868869144,-0.42330088581949193,1.5411013667005833,-0.45599763601985777,0.2637538135889517
2018-08-16,-0.026232394130262782,-0.8463231013032363,-0.7434513021836862,-0.5636099470915007,-1.6345210057258985,-0.56235580323758
2018-08-17,0.22653511549896768,-0.21280569781442718,0.00749364887535052,0.20229425710959062,0.2814479262670882,0.142936762733669
2018-08-20,0.15282312178859705,0.7736441310352165,0.4068612821590645,-0.27139385715691067,0.9566563449133019,-0.01433910441809576
2018-08-21,0.12320103419826003,0.31922875810663065,-0.3564932364460861,0.020076072712104452,0.3785782580028699,0.6007873269325553
2018-08-22,-0.0803468191746716,-0.026039459463374215,0.09000535124916781,0.40509088600395693,0.425558515970766,0.055328444696196834
2018-08-23,-0.18725334488453024,-0.16750285615216837,-0.1655667702148787,0.10608462870929762,-0.34141473859073634,0.2265285803519153
2018-08-24,0.46290892482802554,0.15781132031425235,0.16600216731588896,0.5512034215307774,-0.29721795141406065,0.26349928121291705
2018-08-28,0.6058413557772541,0.8413619189709601,0.4970099539030221,0.6101952686823916,1.6574361428686517,0.24233220348863385
2018-08-29,0.4220723958042275,0.19010662434111844,-0.727174618079101,0.06148168630066333,0.15200956974667118,0.12845031484411462
2018-08-30,-0.41416085018258647,-0.4759061328621975,-0.6424399354242614,0.01989939063658578,-0.6152962750666049,-0.08575206986017969
2018-08-31,-0.03635246719508473,-0.8937585202008723,-1.131016931682673,-0.0589590713578936,-0.6775200903138161,0.39828943744355916
2018-09-04,-0.18419745046063465,-1.0618129817432065,0.3183930595087043,-0.5650776780769815,0.20350356328512667,-0.23933185625031386
2018-09-05,-0.2792863478417318,-1.183167088198914,-1.0187095176957195,-0.4062144251048111,-1.8138420194902265,-0.7151224372191597
2018-09-06,-0.34964501934657843,-0.6170019656912438,-0.8891252882445362,-0.33553222333866217,-0.6839441431361593,-0.15664061947439986
2018-09-07,-0.23045522382792377,-0.003993194882511064,-0.5827660710569561,-0.6136352657573736,-0.007799061392177418,-0.2101903471958118
2018-09-10,0.10913044845373873,0.14905044791359134,0.00041485687732153173,0.1623192868120691,-0.924594559346759,0.1633075465304319
2018-09-11,0.26083036770734647,-0.14417848791934457,-0.10046049592635846,0.8652686709574794,-0.49726036815558255,-0.19385631742641246
2018-09-12,-0.018006477029917582,0.3901849879821328,0.5213268147697824,-0.23228519024023211,-0.20555118102542813,-0.04635882923529273
2018-09-13,0.3876424436980072,0.1243920346351798,-0.4536846797752481,0.6255560063499213,1.7139723985049127,0.055941027774199605
2018-09-14,-0.024709650580324146,0.43290094494262193,0.2833202698973022,0.7919296810359292,0.6814600884381213,0.8670053244345572
2018-09-18,-0.06650572852687231,0.19133834877565614,-0.07301069268057878,0.9399856185257088,-0.5125655272717866,-0.2991957261758564
2018-09-19,0.05598203717579703,0.3790900716103544,0.39763388945187045,0.7071588736390286,0.8067074770723084,-0.05303676004380803
2018-09-20,0.5975521005662922,0.6846448611074554,0.4672617521725605,-0.03841864087338629,0.17105037065745826,0.3829585968689097
2018-09-21,-0.07789974018512104,0.6581938871986781,1.619877821272779,0.5314039685742612,1.1715035967754603,0.40056653211206894
2018-09-27,-0.4903794375365468,-0.00296465767490523,0.7070282390857868,-0.2615848653943083,-0.5896761891044104,0.4125530507601767
2018-09-28,-0.048025277792045525,-1.2901722856878677,-0.48526481142532313,0.9036102898002176,0.17538273062820572,-0.38085687657838385
2018-10-02,0.2199377783802668,0.2392686894106099,-0.49275801035660677,0.3921816614195192,-1.6558042405859144,-0.9757975937350108
2018-10-04,-0.6661847609271883,-0.3247512842794095,-0.771445444376416,-0.9057690110135972,-1.2848124447853038,-1.0347006522965123
2018-10-05,-0.5052666973485959,-0.9253625933740832,-1.3650633431572003,-0.6108361640161265,-0.1364433495372624,-0.2381609310769804
2018-10-10,-2.9570582785212265,-2.7863547683224628,-2.3918377693882444,-0.8716464114095439,-0.9894013407460552,-1.1650919478523902
2018-10-11,-1.7642533305565757,-1.2565389940128144,-1.9673274536412342,-2.838906828381734,-2.4709934119286907,-2.9944465469709263
2018-10-12,1.1175416282886055,-0.14467005526834736,-0.1772491446482505,0.2768774831596963,1.4307895042134795,0.9378916179835426
2018-10-15,-0.5365812318508286,0.6069681840569774,0.44970291149124236,-1.3701292276016008,-0.9569430083447376,-0.5440926551340461
2018-10-16,1.7090000659264717,1.1056401230616615,0.40391400253354215,0.8268063622898236,0.04189816255010836,-0.038374490286866625
2018-10-18,-1.2655570295571363,-1.3502755081654676,-0.4777456547172856,0.2933648510885217,-0.025108478640586785,0.058355509068487105
2018-10-19,-0.0772914166168222,-0.2850181772555611,0.29997036722882975,-0.43807370772698007,0.28247280607765307,0.20207174240586068
2018-10-22,-0.4033109142074978,-0.2438291102479549,-0.11994015321942916,0.21224190875022708,1.5628299077539025,0.1259476290639646
2018-10-23,-0.5039256072422532,-1.8346711656214978,-1.263048991741521,-1.9498954274733844,-2.149581535114569,-1.7348755235824669
2018-10-24,-2.6366417055496836,-0.6379942087603623,0.08980156064860838,0.21088687875011275,-0.26631759056091026,-0.30224710578960445
2018-10-25,1.4765895918918504,0.8086140096743328,0.5624597316957816,-2.714298859562865,-0.700326381343864,-1.1110012067063024
2018-10-26,-1.491017192140814,-0.8108220680974133,-0.9391834527319209,-0.32436779639279445,-0.7670425072728924,-1.188993670820371
2018-10-29,-0.5909838030961592,0.9483199376768529,1.21034286326371,-0.16121793388742808,0.2566782408335087,-1.044795910906896
2018-10-30,1.2363923541425654,-0.3830243058488646,0.11406400137133993,0.9696966875197839,-0.6323808098371742,0.5666944041327939
2018-10-31,0.8438995975287783,1.1221286815210618,1.2701690327140531,1.4565994041229178,1.0847718136170168,0.44448871431275794
2018-11-01,0.8199178322042041,0.1165931748341993,-0.20805458133301977,-0.7966309473125676,1.1813792182221994,-0.20632576664272234
2018-11-02,-0.5707921993386988,0.32622098373941655,-0.3090435645389156,1.7350003534585974,2.820383137558129,2.22225777675417
2018-11-05,0.4137683184114082,-0.2054681007673394,0.1141613823008776,-1.1440387582276847,-1.446489673989949,-0.6336608453067173
2018-11-06,0.4678709352282029,-0.10992660925348596,-0.9065098640658473,0.7489333399485667,0.48648949931809254,0.35846875154319274
2018-11-07,1.685813652792618,0.6404237357665216,1.0520833304108679,-0.24260156458179408,0.06566199501906116,-0.37976459504595167
2018-11-08,-0.25492352958105996,-0.4019264610818307,0.3042438809458426,1.2204561897637207,0.2049001401380519,0.3967082738806705
2018-11-09,-0.8106978908438446,-0.020958734228030868,-0.5144220682031913,-0.7898122907013877,-1.6580843398145242,-0.24212749364699937
2018-11-12,-1.690797563589905,-1.497377139744293,-0.7528923682955294,0.016451874391744434,0.07918721907362272,-0.21492470935066585
2018-11-13,-0.16993679054667965,1.0228773858509526,-0.011546345211777892,-1.511649635165513,0.4209073615899463,-0.32718865317602736
2018-11-14,-0.6748085646854949,-0.4622324107319817,-0.30306661582428884,0.07029995308800666,-0.3729081576581857,-0.13839196030874384
2018-11-15,0.8228524880499545,-0.4584835965152911,0.03783424792648574,-0.1837169025491927,1.1835151318033714,0.5884506621948824
2018-11-16,0.1359556568405046,-0.12570524590772306,-0.36167464434151797,-0.44441383307755955,0.20566890246992636,0.09678077982171752
2018-11-19,-1.4335381707811519,-0.7351700512646829,-0.2054299215173946,0.409819879307366,0.4867702025839145,0.21499896331019144
2018-11-20,-1.560296387394826,-1.3447361353821559,-0.7752679490589606,-0.8171112164325122,-1.398995469671874,-0.5979674986232572
2018-11-21,0.20349838484843427,1.2739178577793449,1.4286421336260327,-0.2923283321288636,0.34225045909019175,-0.2271301669421723
2018-11-26,0.6823316919930851,0.7689913165239464,-0.22140222486863964,0.9431667861977535,1.0544785707235211,0.16413110312358553
2018-11-27,0.22147893921853826,-0.36441976654827707,-0.2910566482956386,0.4057343562125978,-0.11927011369380865,0.4721264870524604
2018-11-28,1.8284401121984222,-0.10834335676188872,-0.19685163606823758,0.6704851208533886,0.9013673218682277,0.23391442042374194
2018-11-29,-0.2279525442207421,-0.03877604178099547,0.4660354501420432,0.22533521087136116,-0.601166167901022,0.14293420614221689
2018-11-30,0.6246022946771165,-0.33238832493349935,-0.8535661219929094,0.2333625339933761,0.13972836379523754,-0.5713915486769449
2018-12-03,0.8512600516374773,1.4702682454735676,1.140031870409139,0.6549105347447124,1.718327463266301,1.041343223094789
2018-12-04,-2.764607406466287,-0.9710433116837913,-0.5792096486978431,-1.7444697812821033,0.19285185438286118,-0.5773777889243378
2018-12-06,-0.173270775221729,-3.921472829768989,-4.628709992179211,-1.7725261028366797,-2.835482409582287,-1.459542505396341
2018-12-07,-1.9962215835386212,-0.2080348461094809,1.067634548447532,0.5312779191890378,-0.2472871570853071,0.18372110129305982
2018-12-10,0.09794602925675515,-1.3070218943157443,-0.8532665442430004,-1.5514600174862108,-0.827392292123429,-0.7310241811888187
2018-12-11,-0.07689289366727177,1.1812127966579318,1.231113477713619,-0.28292731227025714,0.04689931621702527,-0.0643721072464897
2018-12-12,0.3989172020524258,1.0920211458372822,1.041187961465242,1.4508507947717215,1.0896474083800913,0.8934865047784247
2018-12-13,-0.06397129715160599,-0.0695844929611991,-0.060328822313444073,0.6459789707505561,0.8729048401023256,0.36608713079144917
2018-12-14,-1.6390202267248,-0.4780182509039053,-0.48839352637085204,-1.4831996259918918,-1.1224481084399045,-0.8564385202906167
2018-12-17,-1.7811594044763484,-0.7439428907190769,-1.0703786078711064,0.3876321007571679,-0.02224231740625599,0.015400628768105891
2018-12-18,-0.04032258430561308,-0.27298029801422957,-1.0756693431900493,-1.3375752469406015,-0.7266799576740111,-0.32123507684488123
2018-12-19,-1.3288417549457092,0.15920771904956385,0.9259120540223191,-0.4716924470976376,0.1311546226569705,0.4876192711444668
2018-12-20,-1.360419132729253,-1.22519983335792,-0.8163349943331277,-2.0696670278334963,-0.6477069770988869,-0.6272177100497061
2018-12-21,-1.7655367846298538,0.141505481349856,0.11597931035997971,-0.8308302507802307,0.34187821493179615,0.004896440153245653
2018-12-27,2.3841538154866937,-2.005064872449357,-2.056858792587081,-0.3551932043629698,-0.7382868726605707,-1.0904538355752005
2018-12-28,-0.1500608634680604,1.3570741724081665,2.2028284544383863,-0.2661114436874967,0.06363986344441065,0.3647314387882919
2019-01-04,1.473423861154987,1.5726798127468056,1.4903112274417813,-1.6552011979748802,0.32195813149009894,-1.027856879500338
2019-01-07,0.5294967997572763,-0.18574649132801488,-0.4066255958111898,1.6490426331740342,0.5536280206791744,0.8253242976216205
2019-01-08,0.7493953650722162,0.3937971383119088,0.7143536628780096,0.5314602184409731,0.10090418982751732,-0.4175040849742594
2019-01-09,0.2902980740148469,0.6418845414928723,0.6270949864331378,0.7266073847561759,1.531398044740731,1.2171099777021235
2019-01-10,0.324866751092862,0.17867403220943748,0.49864747353590944,-0.9579946293343813,0.14841700359557003,-0.08347271656556164
2019-01-11,-0.059541154597009746,-0.2909596462279491,-0.37494163709259215,0.6344963034931496,0.371151938178029,0.3482217675914724
2019-01-15,0.39795532808158574,-0.0014204742051137057,-0.35462901851603196,0.626927937254847,0.4129649519936962,0.6358683439168223
2019-01-16,0.13584688833492795,0.2626998388554174,-0.4872054447244303,-0.4317433439380152,0.1786616749893111,0.23791735582034254
2019-01-17,0.5771295621973793,-0.12887452498368707,-0.42407379388967464,-0.1850034303648942,-0.37822037529709474,-0.00871057967964004
2019-01-18,1.0341841433572425,2.0949937860028194,1.8961798435337145,0.8580800757461907,0.8481519273744756,0.4914593300570279
2019-01-22,-1.2250306539188411,-0.8839611017961126,-0.9784122205431478,-0.1926344763267946,-0.22048294853493525,-0.23817150564248762
2019-01-23,0.13427519678096855,-0.17161607580659577,-0.8658827888476742,-0.14520822546781104,0.00259996943793522,0.2685871765101115
2019-01-24,0.06608184109462624,0.39952625329030933,-0.36848128068183483,-0.11081296876834933,0.2809829987182524,0.48723194632751554
2019-01-25,0.6506438017495716,1.0764542853785195,-0.16406002587646587,0.6312454328572501,1.1180635114798556,0.9464913323465558
2019-01-28,-0.6980641495338056,-0.5557655272421171,-0.9302862429742403,-0.4686133911338494,0.014927668224474862,-0.05122709227831497
2019-01-29,-0.16781339120201738,0.02830385373731866,1.246714756783954,0.007678995645198577,-0.11690578007859428,0.1425542938292305
2019-01-30,1.2268358935522319,-0.3064554123714174,1.529853703855016,-0.4145085658159753,0.2715768598919058,0.6390468219730788
2019-01-31,0.6595451802290339,-0.09692191433055534,0.36799705480879147,0.6928859884915645,0.7338665037790604,-0.07821523736388097
2019-02-01,0.026722797944797178,0.021464440354658408,0.7062136517725782,0.0048553363219667744,-0.03312649009248823,-0.07942969288650452
2019-02-08,-0.006278478143291156,-2.0697172407526363,0.6967031645812537,-1.6029798943680371,0.0338142384172103,-0.8233034351184153
2019-02-12,1.068853727990114,1.599932978182056,0.8432503265012596,1.7678994545684574,0.5447694833898729,0.36166167306134145
2019-02-13,0.2019095887988788,0.26888041209248964,0.7778503503895701,0.8930044715097248,0.7841315080432616,0.2879983680013983
2019-02-14,-0.2667413460693632,-0.6051560400213273,0.06411373329615416,-0.061447925601507795,-0.1620405630624531,0.6782685795084794
2019-02-15,0.8461398601929392,1.5057764584676874,0.5243419890822925,-0.8456200740942811,-1.295885252327712,-0.9145872358486276
2019-02-19,0.07622699696336005,0.03426731060553693,-0.8127760040564964,1.294541639248495,0.7942332864248328,0.24378854081897405
2019-02-20,0.09917908937944245,0.6364287650354843,0.6588984094947777,0.3785576959029288,0.6857442292820988,0.6699216782281923
2019-02-21,-0.3392124178859519,0.1192082142529602,-0.8648678096063019,0.06179398651183348,0.2733289260825346,-0.0704987464977929
2019-02-22,0.4803293466507966,0.21288863995710314,0.1335142141175353,-0.17258448264625934,0.43997396958810875,0.015349510687056315
2019-02-25,0.05421601926602498,0.3068681523187349,0.04906815823458136,0.29084498454532803,0.3346064243824342,0.021719310955247692
2019-02-26,-0.11276562462413942,0.21810247038098574,-0.47260856339471385,-0.3036475879074397,-0.4485637447431711,-0.21238416873865315
2019-02-27,-0.09240182603972066,-0.4151582744688694,-0.632271191983526,0.3048250327557506,-0.03918014693751785,0.2006232986550008
2019-02-28,-0.28114000884478335,0.16797254101932027,-0.47607294523524935,-0.6069333764462002,-0.3009045052858654,-1.1947896266033662
2019-03-04,0.1989461490307947,0.5130937571384497,0.8122352247532485,1.3769122381119852,0.7718404229018323,-0.1802590115694477
2019-03-05,-0.14096133173260217,0.1645181969390053,0.6576329488806123,-0.35492425553716267,0.000379259993763273,-0.3789057089157651
2019-03-06,-0.5880325622686576,-0.26825858161870947,0.15247047855119186,-0.46599344600217224,0.17508915424561755,-0.146893118350179
2019-03-07,-0.721282426226766,-0.5301909367289285,-0.5521884307322243,-0.5056615354916828,-0.6158785331379212,-0.33256342166581043
2019-03-08,-0.22369677323391124,-0.4624713664478789,-0.7628950824049728,-1.4710766475365593,-1.328208717175808,-0.8961015055857752
2019-03-11,1.15497858058486,0.5771610722950576,0.3451918754297973,0.2866033676362357,0.6592214620707935,-0.018272522701021907
2019-03-12,0.1960899850977244,-0.17148124286249222,0.26479823925353185,1.2038698786988957,0.9915397562233966,0.5399462513667818
2019-03-13,0.5245060966157193,0.30881243597287233,0.08952988297546303,-0.7472709737664264,-0.27345306297615024,-0.3035609275167331
2019-03-14,-0.11917686847397949,0.0726859467174111,0.3409971860774187,-0.05622122812130231,0.10000029368002102,0.18153170559249798
2019-03-15,0.363210339582303,0.6587583211732028,0.5691445591283306,0.49369859473825795,0.3763848838979652,0.5756571192084108
2019-03-18,0.2580414775206738,-0.23540779385830535,0.9469406454755256,0.3913145500197775,0.9257350622748354,0.06265229513813883
2019-03-19,-0.058241353261982765,0.8856405738496215,0.31509897725715524,-0.10312239481757786,0.1288477431996361,-0.09424677318034297
2019-03-20,-0.2909835488616705,-1.3289955952371086,-0.46938668103014336,0.09149767328287595,-0.34289711063141537,-0.05392133295477102
2019-03-22,-0.7381220704503223,-1.7474760122083384,-1.16270275838187,0.014353792074239933,-0.4909655106709713,0.25547408547976524
2019-03-25,-0.11677964089883677,-0.16069444164664543,-0.4351654425809575,-2.192797742618788,-1.4063984098154947,-1.303414843762221
2019-03-26,0.5436256273015478,0.4911010164116631,0.236732582911607,1.451591793253414,0.10012612180214625,0.08109170192314422
2019-03-27,-0.4319147990218539,-0.03722402153350318,-0.05033586032229888,-0.20878053487630696,0.38128799046687833,-0.13477872984876865
2019-03-28,0.2484578453492621,0.03147102065922005,0.5300311365348217,-1.1898485789721123,0.1074739352499254,-0.5720948072211053
2019-03-29,0.5068455145327927,0.665947997143409,0.5924320424887737,0.527440062679902,0.6496594076321746,0.34498878362786206
2019-04-01,0.9024803360031632,1.0690603064457465,0.4978555323426021,0.9530733081321215,1.188864733446418,0.7958547225839866
2019-04-02,-0.04601627774509938,0.47586130308635083,0.9727930260524229,-0.05774196920670894,0.1405979558377672,0.22827017499993577
2019-04-03,0.1297809884629855,1.3480581190775083,0.3430211002643698,0.6311555422292501,0.8266875026446886,0.7370593651701484
2019-04-04,0.12452782711338022,0.19638332570227257,-0.240945236116114,-0.007564008697831818,-0.11881072084804836,0.05787155324612404
2019-04-08,0.4210307110809383,-0.20272820350390147,0.64648789165425,0.07314868453872903,0.3170140492303597,0.0815877137296877
2019-04-09,-0.5500838137812231,-0.8118518346409022,-0.3721267575024555,0.08662351082242345,0.17829645985173953,0.04872949137367598
2019-04-10,0.23927270828807867,0.34834767344596496,-0.07083367223907992,-0.4176385890797983,-0.09055318450247193,0.2793297889489852
2019-04-11,-0.04430945842560887,0.16762120850019357,-0.0735290725109547,0.03160302503313151,-0.644196258050635,-0.036909850181287916
2019-04-12,0.49659411487908,0.40989319147066455,0.23371904979532107,0.4682427146487007,0.15679157384658232,0.2247609343959362
2019-04-15,-0.09945230990954983,0.10502286929638076,-0.024057967641472073,0.9081120303466444,-0.23149756720218015,0.23589020757367085
2019-04-16,-0.005401966159447196,0.517464152666446,0.4178420942840674,0.12095958823404564,0.7248437192835073,0.12829593250355492
2019-04-17,-0.2354602713969165,0.3162002150194363,-0.002797745323356718,0.13243815783915933,-0.016168268775315842,-0.11774306411690807
2019-04-18,0.08285262480597384,0.432784637044196,-0.17287188600640827,-0.6412099570120597,-0.3722913470670748,-0.9760711994466377
2019-04-23,0.7630445821231514,0.054003338867726326,0.815531794055884,0.49246674950491465,-0.004417510594700954,0.15951343231909854
2019-04-24,-0.2286689134487092,0.48520206212536354,-0.7001835882384484,-0.23460954357248223,-0.36506609619078967,-0.6119631657862528
2019-04-25,-0.07793614504986894,-0.23802959947625577,-0.523200678827395,0.29445931415242843,-0.5951329801802058,-0.35054894258477687
2019-04-26,0.33858528333608284,0.18337424700932203,-0.10015012304457424,-0.19977981990330376,0.12344763558173313,-0.3717617544131494
2019-05-07,-1.630921593975204,-1.5301598934640142,-2.2867120679340793,-1.112288928635111,-0.5664092078734925,-0.10771161699497517
2019-05-08,-0.1801525878169723,0.5556215853632458,0.1219765609681296,-1.0835098652645667,-0.8486992334611132,-0.30744681632518767
2019-05-09,-0.2973677256641062,-1.4342258026793897,-0.8929556882015184,-0.7013362149438792,-1.6583369270870647,-2.050853765499003
2019-05-10,0.2592222542019845,0.5527454245077745,-0.07783835174239348,-0.23385930532817847,0.5716941107842158,0.1480982117190176
2019-05-14,-1.4054022732862421,-0.4996183348889544,0.5046902581097981,-0.9666767010691357,-1.039243651596139,-0.852492473597204
2019-05-15,0.43336639770771557,0.7015322082372037,0.7346613789160381,0.35835714464236684,0.3518966384275678,0.30280414832781705
2019-05-16,0.683933971777096,1.3836350788332443,0.7437852894640826,-0.4637079949672179,0.011030303490548956,-0.8235158563259295
2019-05-17,-0.5309615518662041,-0.5117070781002795,-0.08751306887958227,0.5765112478348718,-0.8048758544691366,-0.4137768457730891
2019-05-20,-0.6067621294073152,-1.3704152520947557,-0.5316419039179411,0.12514783084209682,-0.3947214809866189,-0.04122713621246865
2019-05-21,0.6512286366690057,0.6595166760623851,0.22256144864410396,-0.14233473082071724,-0.32640197623056744,0.13681951805504447
2019-05-22,-0.28104790430669424,0.13657263947973125,0.05033170458486999,-0.009481098832469781,0.1160979302002102,0.07553560784099085
2019-05-23,-1.037326927829762,-1.506365879208178,-1.4272171258850221,-0.4839462636585464,-1.0976117903891622,-0.20472694006894376
2019-05-24,0.06425365494559748,0.36758321632967883,0.6172479964115138,-0.15847339135460933,0.2132651766232957,-0.491283600570848
2019-05-28,-0.7420977000457001,0.07527519199034995,-0.14005339658053345,0.42887040042754593,0.08789264456878278,0.07356034892976893
2019-05-29,-0.620277764090956,-1.3358206669445032,-1.170322950297421,-0.900285489833436,-0.3932290963089026,-0.8539748676731024
2019-05-30,0.12566814918784228,0.41037045007997613,0.4318179632998029,-0.24962613060382605,-0.308848282983666,0.45776750691328305
2019-05-31,-1.1444853571401483,-1.2515497734671621,-0.8009593835648265,-1.2014828754474451,-0.546436494149931,0.055425741138274885
2019-06-03,-0.27614866924784126,0.42639228305761984,0.29807538748592616,-0.6983793282242338,-0.022780834779600627,0.7888031770220506
2019-06-04,1.7038878173882126,1.1980683103915544,0.38510136322259897,-0.05365044647609158,-0.34217234109113753,-0.0660867228902047
2019-06-05,0.6238738114929228,0.03200922184859083,0.05971615231350547,1.209973764390461,0.3374497171376032,0.028990681567842163
2019-06-11,1.6752440955675032,1.1561891312617543,2.3986662252449378,1.389330818599384,2.234565180373397,1.2913247099997818
2019-06-12,-0.21590824598018088,-0.30547704486373367,-0.43658362770307974,-0.2933441265209853,-1.1997177340167455,-0.13276808760280234
2019-06-13,0.29024349768200985,0.3267143786899952,-0.00792344477273065,-0.3716409009153569,-0.03886067969309017,-0.21147590542750658
2019-06-14,-0.18065607432822212,-0.525546455653733,-0.3288269407361009,0.23775788844216325,-0.4482701248526634,-0.27838118908456677
2019-06-17,0.02945717677125712,-0.10588080856172737,0.13379773393109903,-0.021902628136592394,0.2698405014549627,-0.1839233328756441
2019-06-18,0.7512042189221962,1.6193923053877046,1.127500030963532,-0.5511613641413793,0.6753562872931278,0.20961266582146967
2019-06-19,0.19871222799912802,-0.18875445771375546,-0.5492677330104739,1.155384784225723,1.7251489166924145,0.7652608373387779
2019-06-20,0.731145001549606,0.27783279398267735,0.2582698662924029,0.3784317752056855,0.8361324743684216,0.1607643680392245
2019-06-21,-0.151519555411642,-0.13689215567660484,-0.2474606356216322,-0.7180645466538119,-0.1886297735309836,-0.21178110135299458
2019-06-24,-0.19061420727372907,-0.46989235604330465,0.10174911141670522,0.044855265024428874,0.09005036010741413,-0.01663601435036727
2019-06-25,-0.8354898268016335,-0.34311018362811074,0.054821516857446885,-0.3508492832521779,-0.7942944672146354,-0.1821190992989755
2019-06-26,-0.1494283888452361,0.07916528898014855,-0.1016132628826144,-0.40233511825963036,0.08303345635892997,-0.031925335135046744
2019-06-27,0.2676867951670191,0.13809440308283397,-0.21017512140338038,0.7886621900854441,0.9580341531789366,0.3430692533506795
2019-06-28,0.42667247082575355,0.8161651172409113,0.29038905780040475,-0.25108193786696026,-0.19316706131472622,-0.15131921738861398
2019-07-02,0.825233747074383,0.8084337570968714,1.7476159792770378,1.5183603764645808,0.7897797681435905,-0.3016607194408993
2019-07-03,0.5837667074354911,0.5504302541426006,0.6339343469333956,-0.42200988501438863,-0.0528155347836544,-0.8408854162527932
2019-07-05,-0.19673772311272358,-0.3450433873888719,-0.7567973726817503,0.30533880858599877,-0.19522859975352738,0.4125604302523878
2019-07-08,-0.4477740655416534,-0.19762022509865604,-0.07131415558300917,-0.734769497473423,-1.067157636853611,-1.486065499935808
2019-07-09,0.054603240003408535,-0.7369661985925262,-0.1897310444773748,0.0549558209640519,-0.5270105250076027,-0.4223490431225363
2019-07-10,0.32423128622632524,-0.45183577908062855,-0.09776091112678825,-0.14895427879201728,0.21061458506982314,0.1754018096845375
2019-07-11,0.14105808469770448,-0.30841747861992513,-0.29709829455953163,0.31298194490576764,0.5448207932489418,0.6472890790750526
2019-07-12,0.33323228650218556,-0.09264892023324371,-0.07159564402714601,0.09198811072870731,0.09146248914201796,0.15156983362209725
2019-07-16,-0.31452381760990966,0.6798328061741382,0.9152084571061254,-0.5359292469222914,0.3506644027458556,0.12396131462983938
2019-07-17,-0.5886265205773414,-0.6300758936825465,-0.5688551811029022,-0.2617139611347548,-0.06768698121209289,-0.630762662844948
2019-07-18,0.24784198940632074,-0.7902953617765336,-0.5811564984266172,-1.4450900649381115,-0.3200528861406951,-0.23871519017515566
2019-07-19,-0.5591612623183864,0.18194055371259793,0.18493446192749258,1.3467569316195407,0.7225455746062229,0.8317929637300642
2019-07-22,0.18582732151076606,0.1620695998985672,0.0604888634995283,-0.21026359180329904,-0.9491382463937104,-0.07008591231708783
2019-07-23,0.5161315847533977,1.299781119695344,0.5315125909626502,0.6215497276882289,0.2250706032240532,0.21332749975903467
2019-07-24,0.33882003765455404,0.17693305533782788,-0.7513381412090202,0.2423652035369174,0.13394822626546457,-0.6342927248200727
2019-07-25,-0.48321432477066006,-1.0947660362765368,-0.18550719654561948,0.10647387014169922,0.1640977329991263,-0.2833015801343301
2019-07-26,0.5604307764861384,0.34882479953569956,0.770236689259763,-0.3644329446145158,-0.476723604638383,-0.2968239823101267
2019-07-29,-0.18103681476703345,-0.05012351637102332,1.7692737450985174,-0.18000007137121796,-0.7105108242632127,-1.2075350868770232
2019-07-30,-0.26069775287726676,-1.8400121101075508,-0.5363909564228945,0.2547985996744356,0.09323170008793118,0.2560519441726024
2019-07-31,-0.9513957899398064,0.24790237818255914,-0.8028575202820325,-0.6566502585779239,-0.9074376078293114,-0.4911213521056288
2019-08-01,-0.7940103856750526,0.3965249000414751,-0.046233609059701024,0.01799645387396465,-0.5291277800543553,-0.2706155674564742
2019-08-02,-0.651122430370112,-2.624777547020112,-2.3745581947774954,-1.5433432631861335,-1.63109804233439,-0.661214088602064
2019-08-05,-2.544094775611573,-1.5265555973194305,-2.505870235184848,-1.2801079676304483,-1.98455502678849,-1.7264577785564876
2019-08-06,1.0206489571544881,-0.6740502554116795,-0.7408390582270254,-0.5052932912302092,-0.46436637036929196,-1.0315531002339136
2019-08-07,0.015852272646790913,0.5470595778882519,0.3513960764291985,-0.28089036789968785,0.050408840292583336,-0.3033713639392867
2019-08-08,1.4877178099570687,1.3302263150411426,1.1730821694051363,0.2171948876700385,0.32079408791564934,0.33211542787002396
2019-08-09,-0.5957230767007331,-1.0913893522313431,-0.45805775974086604,0.26616014872200283,-0.4817697628133683,0.5399799897916676
2019-08-13,0.16929622162351654,0.3603797761005687,-0.062424052999390675,-0.8299564608063087,-1.7638589696712013,-0.4400470219767817
2019-08-14,-2.5028150606333504,-1.852601791366926,-1.4407054707307476,0.6377642181726086,0.05242681342431046,0.3841225068950918
2019-08-16,1.3387160161556604,0.4649310679749893,-0.4483811729397995,-0.8549915096856797,1.1547648820603018,-0.4155903743061177
2019-08-19,0.946332680727378,1.042322902005678,0.9840556830521926,0.4499327935226656,1.4635866801282253,0.3902037016005864
2019-08-20,-0.7037163976035151,-0.4850253151445874,-0.9181710944795275,0.34350479310700477,-0.161608589195524,0.6409375686884481
2019-08-21,0.6308320261064483,1.0275299097947543,1.0725108626176962,-0.245379717105763,0.09605844764851137,0.10757731553780735
2019-08-22,-0.08926395501174557,-0.42309323701645823,-1.0707381417064221,-0.01338468428374121,-0.5837259543183468,-0.4918923750257014
2019-08-23,-2.2185923516394737,-0.9865546491868787,-0.4845202217906765,0.23653652033785325,0.33812049463063837,-0.1288556449463795
2019-08-27,0.5896878445805346,0.7994244197784925,-0.09691936134108871,-0.9164173329814834,-1.36559118031669,-0.8350869820790834
2019-08-28,0.49135584556182343,-0.23723534118968506,0.32921691625873895,0.03463017229282536,-0.13414521775808833,0.5169909093193548
2019-08-29,0.9937632825124734,0.9273498031267345,0.9443651958368069,-0.10911588242425,0.23052667646527858,-0.29643708603583463
2019-08-30,0.005611285615419883,0.6590925731912682,0.2943299302329936,0.7863656541730316,0.05216490645249755,1.1089909305818049
2019-09-03,-0.6192123156854908,-0.2296723743065674,0.8147220500947356,-0.31519504970389933,-0.5304756916477731,-0.10788418655085844
2019-09-04,0.8431436342975994,0.7490294177495893,0.565146689510094,0.03615527374540001,2.6149752122790058,0.7136371776349987
2019-09-05,1.0200616779131084,0.6574755971391039,-0.5669827913771475,1.4268213663028273,-0.024258725195721843,0.49044261075299656
2019-09-06,0.027712545358971555,0.40438412202140755,0.12993436837689207,0.3324585971278893,0.4466815549288643,0.10369250176874868
2019-09-09,-0.05522233200424855,0.19700446588712858,-0.6568735599837972,0.3476589487860823,-0.028389544454265777,0.2983622814972692
2019-09-10,-0.020843848850788566,0.25150970841499104,0.4191052722739855,0.19710554306928826,0.0014767030265147546,0.3642519252192948
2019-09-11,0.5474758078662982,0.5682552485285552,0.9295050221490418,0.6274240651648829,1.2048505468807034,0.5077511993104595
2019-09-17,0.08371195106984072,0.05581578667261131,-0.25961400620839,1.2566087246458548,-0.9406760686869875,0.37739224420955014
2019-09-18,-0.019160643555771698,0.07870733451876363,-0.10679786555033202,-0.17553045740486856,-0.09676351049569158,0.22622312286390012
2019-09-19,-0.04580824240907954,0.4157315205385545,0.5506915100767094,0.22212190934512518,-0.738191434689223,0.2633446294267594
2019-09-20,-0.4527645090730662,0.0338403683487587,-0.17659173037733367,0.06486514159878382,-0.09052407470439557,0.3102060973444713
2019-09-24,-0.7534930965351349,-1.0999277599158752,-0.7466342338713152,0.01731175864001231,-0.4062005744378369,0.25725114857455583
2019-09-25,0.4596037141243116,-0.5221705530426255,-0.04043595955335211,-0.2964917523121857,-0.8845786069777541,-0.9007361020358157
2019-09-26,-0.24830017444726363,0.3298419792933888,0.8066158218707754,0.044091325821958356,0.25005910187253877,-0.0029028941152353972
2019-09-27,-0.48769371656446286,0.5808125099009185,0.9869606486430323,-0.5879032318554853,-0.23383900824255685,-0.81458942113973
2019-09-30,0.36836304388263896,0.2778631958334523,-0.2621362730487613,-0.4423303817294973,0.3573354462521811,0.37692882212630935
2019-10-02,-2.558080892737897,-3.4240031807004025,-3.922974822274341,0.027998811341337415,-0.13461726497579551,-1.0284317552439555
2019-10-04,1.774183284362967,0.5664024950801759,0.4357979583562343,-1.245634205723661,-0.5897117293188372,-0.3988258129657743
2019-10-08,-1.7133737675100316,-0.3257136283508827,-0.19067205920342717,0.535423755116544,0.18728841666941085,0.7798690919523349
2019-10-10,1.229221768376152,1.2855425945141679,0.5767615404076857,-0.16232014195194697,-0.49663567723089586,-0.6167368002694819
2019-10-11,0.8510600146171039,2.2775655078789363,0.8130279861807683,0.755615413296106,1.5768025789353644,0.4877943776812572
2019-10-15,0.6560529565953422,0.7373365797199873,-0.5085359612085661,1.259850535264738,0.502585298821922,0.7074320728852425
2019-10-16,-0.21276056379626024,0.22756325009431339,-0.6229812929406026,0.7910378479211451,0.408672649970901,0.42142710614980067
2019-10-17,0.18040299419743838,-0.13232833970610966,0.17632341237190546,-0.11152956881392928,0.4670823237600924,-0.1913881819608339
2019-10-18,-0.37178299988652774,-0.17265532483689536,-0.46020430450918354,0.08219047615371641,-0.3339542777374725,-0.5810220178065815
2019-10-21,0.5181111230985488,0.7055949243783106,0.15880543128287375,0.1300155979721214,0.011257650923501082,0.09259394025980382
2019-10-23,-0.10790751398118884,0.2887245009316965,1.314263011980431,0.19259176118157773,-0.41285687546187894,0.4572125669797249
2019-10-24,0.11099498184378316,0.43858864375874596,0.8979672697448187,0.34263723561442144,0.5890340205559655,0.11911349344872806
2019-10-25,0.2882134135936418,0.10871790322429437,-0.0728394716717785,0.10640487316735275,-0.3388101852332584,0.031188509759894283
2019-10-28,0.41220957894519145,0.26584646920466,0.07066769737227603,0.1622305096768931,0.568090709398937,0.13941403099853225
2019-10-29,-0.1162328388577515,-0.04731374489968106,-0.36025656860569155,0.28235963071871256,-0.2709980057564696,-0.0666799003986414
2019-10-30,0.2207938784284823,-0.22069820101889054,0.31071552071615627,-0.44784483491847404,-0.3093888148242629,-0.4258629137028602
2019-10-31,-0.2974866494839014,-0.3107077318534529,-1.1427834901578786,0.21235701452501538,0.6066277911715778,0.06199413855691936
2019-11-01,0.7466983216600639,0.5650540068992651,0.7149386960420377,-0.27996295549868555,0.487686882400729,0.4819355133726519
2019-11-05,0.15990650716232016,1.1445296791930932,1.1360872456885043,1.1787472978327993,1.4522356847750884,1.2639386586024302
2019-11-06,0.010539271287462841,0.1616595541156739,0.09402406653079699,0.11103702745476994,0.008588197664521423,0.00748512310717316
2019-11-07,0.17770678090223627,0.6454897181211744,0.10861968949006735,0.03436172309020118,0.3867234119239536,-0.03412011873710617
2019-11-08,0.16375178806923024,-0.41106385016672015,-0.6529316415929518,0.13974224857540066,-0.48827485407360294,-0.2530554476950255
2019-11-11,-0.2096925070993693,-0.22159085925749888,-0.4387941897387313,-0.22632054150457173,-1.822747352701374,-0.43982483882060613
2019-11-12,0.08166142128242862,0.4937212788669434,0.4768660669626193,0.5194299172519976,0.34752721366905526,0.47536722897748995
2019-11-13,0.011285117681616202,-0.3649319658316148,-0.2128278107821898,-0.6466872832073607,-1.2653228444290203,-0.6023999589503111
2019-11-14,0.02164250942607051,-0.34385145765478464,-0.8126483831874408,-0.5855076272461736,-0.6459064202649151,0.47424714661296036
2019-11-15,0.5856606975615875,0.3481644114322528,0.11590982910436085,0.44441429731740467,0.003354620896682081,0.6562624240301301
2019-11-18,-0.005914174378874469,-0.24968157864006726,0.04379951210272406,0.2959995089727874,0.9113792231324536,-0.08324841758644695
2019-11-19,-0.09641332363557113,0.05358921477116158,0.196929737561365,-0.41937282854338365,1.0467553514623482,-0.2632093121834455
2019-11-20,-0.3582560426938672,-0.4259915409112435,-0.8552181868903392,-0.4820269728288776,-0.5224088767928748,-0.8879569434322616
2019-11-21,-0.17827708194702072,-0.1616581714439602,-0.3483944106412772,-0.3805944041642192,-1.0894587377312734,-0.9240272460979334
2019-11-22,0.13196968443946092,0.1293412511459291,1.1800782672183003,0.18090471189106702,0.3265171366266349,0.12782756164620354
2019-11-25,0.5702352505128646,0.47918059300744953,0.915203851984274,0.4998814134992869,1.0127150820355084,0.6253060151111896
2019-11-26,0.13367013766887903,-0.09623326705875335,0.06978102239045796,0.19712445756920477,-0.20538292243045217,-0.10431301338375545
2019-11-27,0.2965800380883722,0.2794295514776158,0.33575559936655774,0.14810672625160234,0.09752829404691499,0.160779634639439
2019-11-29,-0.37940091908453877,-0.3477943800847044,-1.1399087828259524,-0.478649831720273,-1.5654400629131768,-1.2702881018876278
2019-12-02,-0.7633667785958478,-1.7364311235726229,-0.8431032428437885,0.6622474770023195,0.2504660847293826,0.08496723915906482
2019-12-03,-0.5975096210016112,0.12160357422697769,-1.7672496023430362,-0.4944942764324074,-0.142842339650385,-0.28310348064329294
2019-12-04,0.47314579127735285,0.9163672412578171,0.3893374790122479,-0.7852901364537579,-0.8627177342334018,-0.5142614387705848
2019-12-05,0.07635134079201257,-0.571563898822466,-0.7221606496895377,0.45387610685273644,0.40031279676673953,-0.29531030305657335
2019-12-06,0.7036136709846638,0.6657519431074026,1.3834666826799076,0.11818523634744267,0.7265363526542334,0.6250706913320214
2019-12-09,-0.3090815336413204,-0.41502475095100194,-0.10089987785126567,0.18384528346080517,-0.013776693757331716,0.1738969180400525
2019-12-10,-0.13810072004075566,-0.2528688270355276,-0.2974205616770087,-0.10717758806551793,-0.15473163424013203,0.2523844160599697
2019-12-11,0.192371216201359,0.441944401314991,0.012986657306181747,-0.10067692363409006,0.5343776703385194,0.1976306529672409
2019-12-12,0.6577297872829629,0.43224038343524895,0.7618595105227942,0.05343515913696159,0.8859901702535233,0.9352482775437946
2019-12-13,-0.04146375468396723,0.34425455185696263,1.0624386922064575,1.728393467981957,1.7329538176213903,0.9560011553936077
2019-12-16,0.5407604993366227,0.7343984852626576,2.189254294024289,-0.2530413447742352,-0.45018432375010675,-0.10139657221433483
2019-12-17,-0.01977156483970725,-0.7709418524812492,0.06037566439875295,0.28773042242005203,0.8260581094803903,0.7829739401668143
2019-12-18,-0.08316822370854496,-0.44071301372217236,0.18273570656323385,-0.4315340728343477,0.09515918306096692,-0.06565331877766645
2019-12-19,0.3200054366884095,-0.09740317374799139,0.41180342186642854,-0.2503627365805288,-0.21028315385979543,0.014992415259173941
2019-12-20,0.35991314666235186,0.6276414691267544,0.0925055516071484,-0.1878441844341975,0.16994531531368018,0.18705216291970045
2019-12-23,0.024043833472588316,-0.1445673839070615,0.5148873499837361,-0.032354195800155784,0.08171429064806376,-0.0522555573839438
2019-12-27,0.36164611794488494,0.18859636613134106,0.2553964442815244,0.003453569222742402,0.7739865359238098,-0.023606577685195182
2019-12-30,-0.5262671847309598,-0.5780514389106649,-0.7742798538648589,-0.5820090410781528,0.22323162961726079,-0.23180513431200628
2020-01-06,0.590764035235267,-0.7934948957460776,-0.1758013639349943,-1.4018151229410094,-0.2301104361610869,-1.3125875452908968
2020-01-07,-0.2792956210474919,0.5878558398631143,-0.03972201343879318,1.0697033318226474,0.22782041166543965,0.5770208079479439
2020-01-08,0.3564343672758591,0.5431954037647939,-0.008290157884286064,-1.161164719496162,-0.5728382868682166,-0.7674433649361021
2020-01-09,0.5003630581034126,1.036554342029464,0.28198896463688794,1.5580552491076842,1.1393843506789227,1.016321300545932
2020-01-10,-0.28359739239269344,-0.10555566699028725,-0.1546556953863444,0.28165798715882867,0.18047052610842518,0.5525939574510017
2020-01-14,0.4015139364216266,-0.19748452338032105,0.42864453472460434,0.4674703454647881,0.583567412247912,0.9131982560730795
2020-01-15,0.10685285120760073,-0.18174465665032766,0.24375980741019346,-0.36422400334756366,-0.26933805684985396,-0.26847155087811925
2020-01-16,0.6406407738901722,-0.05159843661967565,-0.45065905284484226,0.0030799576023160706,0.255609957600329,0.4578020108006691
2020-01-17,0.27089428567796353,0.5548516672860878,0.8197994814857699,0.27149610626155773,0.40546183879804143,0.03455571475837954
2020-01-21,-0.2667691769103807,0.14621521125835654,-0.8508373090294771,-0.5644733978286843,-2.5763365957888786,-0.3538358178095104
2020-01-22,-0.023587252986082746,-0.27734380463589553,-0.5284379344495808,0.4443129581299912,0.8605344588673024,0.7577602633277631
2020-01-23,0.0467188648622341,-0.8109896678476294,-0.8660966684197132,-0.7394990679646575,-1.056016881170225,-0.647603265996208
2020-01-29,-1.3525814862274101,-0.30068453116534394,-0.34035118071752735,-1.286274612327168,-1.8659428816896633,-1.8262106380497694
2020-01-30,0.2109963125236396,-1.1978491777834728,-1.3774503069164847,-1.2644918243242118,-1.8221358632015376,-1.1584647178531613
2020-01-31,-1.5228386370650195,-1.1340645647971748,-1.3199650647638363,0.6472065030525954,-0.3586923786143071,-0.9229071907249975
2020-02-03,0.5495201335719183,0.36469238639900625,0.5258134364796787,-0.7561554802374858,0.11094868809578062,-0.04237210003802768
2020-02-04,1.1805625831597863,1.4409758705250642,1.5037183404301175,0.2985105684288904,0.8194441717942874,1.1494860293206823
2020-02-05,0.8765134158038093,1.1719482646541528,0.5463618547999249,0.6667657379798033,0.27936174069916614,0.19439347354202194
2020-02-06,0.2267456048968229,0.5514531582836454,0.2738281313585353,1.6060160862070278,1.779468158033661,1.8081392756034067
2020-02-07,-0.4947100605777443,-0.40379110928256373,-0.5263016105000173,-0.1800888137875157,-0.22747645936702068,-0.5072533796612733
2020-02-10,0.5554056828950372,-0.1542816968952356,-0.28480870922583806,-0.46601433347850785,-0.41271761444762367,-0.3593500784293548
2020-02-12,0.623888248821355,1.5070337421361446,1.1374561877407163,0.47288209596314323,1.4440094443723124,1.0558009272813378
2020-02-13,-0.18222231214665818,-0.060033461543552394,-1.1123130635380623,-0.1443449301874016,-0.23527255858673016,-0.19618588678066812
2020-02-14,0.1046548539797025,-0.04134212911748208,-0.5941412120747793,-0.4604971797484096,0.20668579528576805,0.27078218386815067
2020-02-18,-0.2889615779743454,-0.41127502862431065,-0.38491077919380234,-1.5273712264877042,-0.7106164014001702,-1.0533318147612196
2020-02-19,0.34026990109666105,0.6102087420539607,0.9814295054687598,0.5790972083833348,0.3073590588458038,0.004643592812412121
2020-02-20,-0.3631750407456564,-0.7815238973432269,-0.29315031510372724,0.18984045802079458,-0.1199804170570278,-0.47689730066462394
2020-02-21,-0.9207229597096721,-0.5442558418327046,-0.4585711161833112,-0.3229714165777748,-0.7534001768917798,-1.0140037771270394
2020-02-25,-5.402103382128854,-4.946294978160662,-5.3330802017802315,-2.4357160426749247,-1.0544672158360726,-1.8459049122952238
2020-02-26,-0.36010938201047304,-0.1342954131691534,0.3257495476169456,-0.6054702953539142,-0.5071718331735319,-0.874279504322234
2020-02-27,-3.7777839147569745,-2.694431737407686,-3.5501088718581504,-1.5609012590208364,0.20596884914073388,-0.7278393473430019
2020-02-28,-0.7306604061051435,-3.2632310933570245,-3.2224294207294415,-2.674838833266407,-1.6836156080797804,-2.225023953165717
2020-03-02,3.6698797905836753,-0.2585738410982535,1.0924279687263774,0.6203527932849336,0.41821404145979607,0.46744555724966025
2020-03-03,-2.4020691816084474,0.8439189313992818,0.9177695685501271,-0.91217640707073,-0.02224077769137744,0.33891305682246947
2020-03-04,3.3664102102926714,0.9347272930363986,1.4065448049927967,0.01221594537279713,-0.16804637192841915,1.405673932048696
2020-03-05,-2.8976190934622186,-1.2818392685303868,-1.6385159982167075,0.7139000864760069,1.4063290630062817,0.7761577101175355
2020-03-06,-1.4680417998367523,-2.8500644281857976,-3.6801911420397824,-1.9826652874531063,-1.6122637257856551,-1.459800747654146
2020-03-09,-6.572734853850689,-6.827809963041084,-7.956616391971762,-3.7017295008240048,-2.9645980425093206,-2.8235025582414557
2020-03-10,3.934505490225834,-1.1974035586880998,-0.11454639249354885,0.5530374439873318,0.9516672835565988,0.23279712283869625
2020-03-11,-4.185333393762813,-0.32299324068182517,-1.4244093188204143,-1.6609625966746007,-0.439666000330401,-1.8767572922387405
2020-03-12,-8.301659061466115,-10.749503014736575,-11.441517869379826,-3.2187233167100633,-2.555039735319618,-2.6108172813500725
2020-03-13,7.287011461586435,0.5991786694462674,2.3850279953242577,-4.458385105013013,-0.7867606088929466,-2.3093399804059036
2020-03-16,-10.589940995529636,-4.5088033851854865,-4.077968858834332,-1.7984335151346147,-2.823597468023543,-2.1514683892150432
2020-03-17,4.761311011188176,1.7936425678694021,2.7100865149538285,-0.006328353950172141,0.5873577755439684,-1.6688826258424594
2020-03-18,-4.442955327258524,-4.733143895777887,-4.119990673451245,-1.2338962665808062,-2.9267176460594193,-3.2798306950806086
2020-03-19,0.34043612392557127,1.5902526941709931,1.3553706420954252,-0.7799419739617706,-1.8181386780937603,-5.74530282463889
2020-03-23,-6.163820085167475,1.2026907743596063,-3.1056768851420067,1.3635447881170446,-0.0453915571038048,1.0607119737989181
2020-03-24,7.359261167911382,8.514002185297668,8.576095604506376,4.800745590486085,2.9827260324687757,5.332852653116584
2020-03-25,0.8997380081511399,1.4225905645755337,4.295247629970584,5.392641458859132,2.5568037227340232,3.6856778401059853
2020-03-26,4.952709196807926,1.012441770238154,2.177708652319661,-3.2934611118282806,-0.5151884904723656,-0.7494255240062548
2020-03-27,-2.8775555285767065,-3.1150392445175448,-5.37269224025613,2.6343175509295147,0.3814349389713306,1.1660567141461426
2020-03-30,2.6751722809815326,1.5144488577324386,0.9353761001324312,-1.1588383223435685,-0.9118700368351835,-0.061494842230199805
2020-03-31,-1.3806118980804654,0.9622125089443604,1.8911164666983278,-0.6673571432762462,1.2498245365571892,1.3686869824715455
2020-04-01,-3.7759856847223654,-3.3301615617390112,-3.8985455317742854,-3.285594314476499,-1.5230043721758921,-2.6568661108055998
2020-04-02,1.8167627068666032,0.1898278990264638,0.44312020642548083,-1.0127101596859127,0.5694714706708542,1.4658182660529002
2020-04-03,-1.3071543988069696,-0.42132958895649986,-1.1995817912824294,-0.039782052846065764,-0.13377677477101585,-0.0164907755290627
2020-04-06,5.565873332791022,4.568442498251016,2.9898223717384718,2.8773527729079027,1.4910439973096106,2.4211583666989487
2020-04-07,-0.17995633161499028,2.228045331549103,2.1250568982532196,1.3560637467079695,1.4341295739322808,1.1038744480408385
2020-04-08,2.7183474552244973,-0.22298164923797847,-0.4885495693147684,1.4348194285466436,-0.8078788070221287,-0.6286019765415854
2020-04-09,1.1404377809459472,1.7873068086566346,2.820503603626458,-0.07273734222413612,0.93182237242786,1.0004336834341168
2020-04-14,1.600865873048479,0.983742777132613,-0.8979876651960712,1.0119042374821574,0.37519921060194444,0.6973180850250206
2020-04-16,-1.408244376844096,-3.122631044168241,-2.851847115784403,-1.3054035189338564,-1.2171450403212851,-0.038725361133168094
2020-04-17,2.136234085104507,2.5095841481566286,2.7353894536454435,2.1338843175114395,1.0529685628589849,1.9452389030675603
2020-04-20,-1.537572426001346,0.3521904284351988,0.4199064812800962,-0.8567484396411243,-0.14490088566967263,-0.590505741431168
2020-04-21,-2.6204827377648363,-3.3768427384057573,-2.997621083896346,-1.448232164527237,-1.5311839706983388,-0.6924835363911799
2020-04-22,1.8249094346025503,1.2781524848646144,2.23201525206807,-0.5685882218033426,0.28227591776534866,0.5399096731363279
2020-04-23,-0.09201946414304012,0.7405935494630068,0.9366877289857214,1.017686709113195,0.23583589577375985,0.5963798116704689
2020-04-24,1.0940748000560538,-1.4332037869297212,-1.2962875601782087,-0.6543811754226745,-0.4225876758525591,-0.9187117215886954
2020-04-27,1.1588876658815457,2.498594942299055,1.5968407833912306,1.8324810152424518,1.2732649120447708,1.1147306089951792
2020-04-28,-0.4815521433952406,1.0037554090070084,1.8559883876777445,-0.08837008037799998,0.8248957185054989,0.3437409120604015
2020-05-07,0.46435230057374216,-0.31097583770572285,-0.3967044748154448,-0.3894504292836482,-1.6836103578256911,-0.22307629175521232
2020-05-11,1.345287471841154,0.46578563893829533,0.04043218783085133,2.4683501239252377,1.7475494307767823,0.19040510132168728
2020-05-12,-1.7581241610598581,-0.07569835116545372,0.8946404817975792,-0.12903947447162348,-1.0035864524689404,-0.48488314982927816
2020-05-13,-1.5024025982742542,-2.1615886212797664,-1.533795086409632,-0.38982059585376466,-0.18927428276709884,0.576760288786969
2020-05-14,0.8989061353433954,-1.6508986517468849,-2.7918260141919773,-1.278937175860387,-1.0044175620429976,-0.5590950733966686
2020-05-15,0.2761759214946904,0.9772519627811537,0.9808656603827142,0.3864407474504745,-0.0971665332576232,0.04003530172827897
2020-05-18,2.5140124257936995,4.495142777776522,4.14554429297644,0.29152192198483917,0.38957334690892953,0.29279808494004145
2020-05-19,-0.9179099018919858,0.08772177617043381,-0.7853370609068735,0.993806744157712,1.280573341387481,1.4072533995986758
2020-05-20,1.3163922479834786,1.0585921703047116,1.0471585023714116,0.5088656720437396,0.02880313969738892,0.2577367253361623
2020-05-21,-0.6919685652364682,-1.1961085844292705,-0.8736587847648171,-0.19204512676599755,-0.3417553844977696,0.24467024015469654
2020-05-22,0.14670097101001975,0.024817736511881367,-0.38487724557795117,-0.6096347516139814,-3.9214445149810584,-0.9628855149790814
2020-05-26,0.9612900682948996,3.0983694092735683,1.20417723312042,2.936699718860253,1.3397142498264856,1.9032954341355353
2020-05-27,1.1681027283636813,1.050610062211158,1.2215180897764912,0.4423316271496009,-0.24874035722140503,0.007146994850422375
2020-05-28,-0.22172914067158608,0.8304920482700746,1.1742389786954324,1.5681516489856928,-0.5016540150600028,-0.12367506014152535
2020-05-29,0.34902792069014715,-1.3989103046353404,-2.3161448522414188,-0.168995317530166,-0.5133119424860366,-0.004370048991623503
2020-06-02,0.937111631055821,2.9871170987510234,2.2941104204139506,1.379350294465563,3.0132449713472433,1.7830000054019708
2020-06-03,1.072154431030644,3.088148772733772,2.533940568897496,0.8564653772134782,0.9300398052173697,1.8007688656791778
2020-06-04,-0.32614043939428833,-0.40826474527623613,-0.6607245821671446,0.20895770996026203,0.11005251284944557,0.08823536941418765
2020-06-05,2.0894136135141737,2.675021286899936,2.18931447539847,0.47314553215138516,1.1220030604364108,0.8837634153605096
2020-06-08,0.9410867886108624,-0.21371266666222044,-0.20054515178663726,0.9149794816901851,0.013205399972642046,0.033783516987229895
2020-06-09,-0.6940972685778237,-1.3350993426266367,-2.1421378081061957,-0.3103134976027348,0.7663831174541285,0.09945832781046872
2020-06-10,-0.48742292485379757,-0.6073913604176594,-0.12478580353817678,0.05767093461171791,-0.024845717125108344,0.16264682658494292
2020-06-11,-5.064874371398562,-3.786006662146727,-4.058637964033557,-2.0573983415799635,-1.5793976175813857,-0.6014260759541092
2020-06-12,1.0242219173550655,-0.17824854522154754,0.4427984297953871,-0.5715922283033137,-0.5062769757951604,-1.382309452050903
2020-06-15,0.6361904109182263,-0.2950200651149942,-0.6816717910829553,-2.531453240006342,-1.4983276971640902,-3.21254908687955
2020-06-16,1.503937213254258,2.7057716211469605,2.8499537007286486,3.307585652269848,1.6098243597270028,3.311102331636644
2020-06-17,-0.3453343780088024,0.40781577859897183,0.14532811868762027,-0.4405598496980789,0.3808126498462168,0.052900476498268734
2020-06-18,0.0016027039649892545,-0.703713372865484,-0.4857066056654927,-0.3604559469474449,-0.050459251743108675,-0.26894018295104
2020-06-19,-0.5153588126339433,0.29429544190911755,1.064453961416969,0.3413956910976837,0.49469269574315655,0.20040026905408564
2020-06-22,0.487221658327196,-0.48654996708238935,-0.781021090759748,-0.17562092812049354,-0.3736856533276879,-0.4834286860513251
2020-06-23,0.3075174027544666,1.693194186963017,1.170846249365787,0.30397843566631516,1.0931006996776884,0.09952347364350671
2020-06-24,-2.2108608739739,-2.9005495719462195,-3.1531272351977586,-0.09154504017439555,-0.35100101497114894,0.8796771395519016
2020-06-26,-1.172744448488332,-0.06494969210771594,0.5536595242775468,-0.11503565813005112,-0.647324780144147,-0.8523583043520101
2020-06-29,1.1565768604102955,0.9293251502485653,1.0439511378738815,-1.6799298788763313,-0.70164693657001,-1.3061088243431322
2020-06-30,1.2154998878656387,0.4930744126596425,-0.9193539590087717,0.8855618930681792,0.34951012035100215,0.4217522837606156
2020-07-02,0.7404715413959811,1.9260606457802036,1.108950664790392,-0.4957249953804721,1.9222042851858783,0.7911921913587363
2020-07-06,1.2538685303177477,0.7756121579114796,0.6993080961295612,1.7372268147776149,3.229546511228139,1.5444860289264544
2020-07-07,-0.9458022104938776,-0.7894548913939349,-1.548154521042951,-0.3551550151203829,-0.9560012742188837,-0.7491539712035556
2020-07-08,0.5964761563269121,-0.8315422303588649,-0.5629627042775506,-0.5952652789861531,0.3991494398986158,-0.1976876532894369
2020-07-09,-0.5148697217329264,-0.06920811865345403,-1.7542485798064589,0.2379778119816715,0.2075281817897534,0.23303568060888635
2020-07-10,0.8124280414976408,0.9085129588869378,0.7268328725619796,-0.7941121170920171,-1.2773889517541965,-0.570519279900322
2020-07-13,-0.824329735210393,1.039071328015786,1.2850221526810017,1.4960196683242402,0.11452453271660759,1.036796108995051
2020-07-14,1.0523854285985899,-0.6946949798813697,0.03641396655629928,-0.6586649818788183,-0.7906512062260094,-0.11136923957386484
2020-07-15,0.6992209136582683,1.4624178712211333,1.7746489949332176,1.0620504374314443,0.00554269910708489,0.504001429880474
2020-07-16,-0.3292396308279104,-0.3903618430075624,-0.6857375778960338,-0.5845343328222308,-1.391265372375522,-0.5762818130535092
2020-07-17,0.1874675848272217,0.25004109097632743,0.6051131717884609,-0.27435678843993266,0.31977164136936137,0.47913239673214564
2020-07-20,0.6439483917392516,0.7707985545114493,-0.4766330011098587,0.019659822887221623,-0.08952709845048748,-0.1268575613067028
2020-07-21,0.09109341854132084,0.7480323465382692,0.10844785109053384,0.46880890345042864,1.5563497189472058,0.8624207081392169
2020-07-22,0.4258208902008125,-0.4562668871665966,-1.016877252232435,-0.45437507742492306,-1.5652342408524407,-0.0433445917770003
2020-07-27,-0.9755842534902878,-1.7147031864388056,-1.6683907521906327,-0.1562227705644359,-1.258325743671247,-0.3545871891349085
2020-07-28,-0.5838174432278407,-0.055669384503076645,0.37432016471578267,-0.2268616078264023,0.4657767147164571,1.1001016385168885
2020-07-29,0.9726457194535509,-0.11736516976678646,0.014216911687784071,-0.8582668841805523,0.3000689766909662,0.1393347050724952
2020-07-30,-0.35776426208072665,-2.9174246383989897,-2.337614740660903,-0.22758759354519442,-0.48088354759093704,0.07227264163945733
2020-07-31,0.5836131426038899,-0.4747585184921197,-1.5602521704376473,-2.0552787370736105,-0.3244734190370314,-0.5468739082385861
2020-08-03,0.543486030910879,2.1602397165422276,2.2254397116529545,1.5097148258877853,-0.3874846421180126,0.009934379940728596
2020-08-04,0.25030518949334885,-0.3338657941686021,0.029577152900686285,1.143128251437436,1.3498515461360998,0.7928935641743412
2020-08-05,0.48185901197116904,0.35182464605876584,1.1013551892059188,-0.22907278257598546,0.42225990515981565,0.8658168817540037
2020-08-06,0.4816909946191023,-0.47982807479460043,-1.293807429785086,-0.348332600396734,-0.47507887069878807,0.8217552942383846
2020-08-07,0.004805933888054423,0.5065066086539445,0.06581850098080483,-0.3228980415239672,-1.109079859307207,0.21289146731763162
2020-08-11,-0.48208235034814273,1.7087905369880512,1.9665886861150255,1.2660679765808953,0.9906501156287892,1.7903018499749426
2020-08-12,1.1004680454359745,0.6713080785116484,1.98600826330005,0.24359251570707952,0.9608822548477587,0.3287746922800624
2020-08-13,-0.21670231286121366,-0.4431306667265801,-1.5255155589905651,1.1925060401765475,-0.040595142006234305,0.10010604210301707
2020-08-14,-0.061654475347478366,-0.6196360759720305,-1.5665912260488695,0.07457768213074707,-0.13384847074824208,-0.8455970407556551
2020-08-18,0.3660512292074257,-0.1587240915056878,-0.23990888083721607,-0.7689489818847323,0.49514492765981327,-1.6604700719412189
2020-08-19,-0.4120095517521747,0.572649795683592,0.554862343490355,0.13583785178273083,-0.5150392907652196,0.3017063960516281
2020-08-20,0.21299475285443117,-0.9712341064442317,-1.6364765824961494,-0.7490861421772895,-1.0664867116363768,-2.463406917738702
2020-08-21,0.2362468842520928,-0.4522410271845014,-0.2096360449574449,0.07630396455911614,0.8805431010247412,0.8251666082012773
2020-08-24,0.7778903869568349,1.8836125739040515,1.6633954407417324,0.1542546197907907,1.1789311851445545,0.6706820620186584
2020-08-25,0.24902315967601735,-0.06496958084291694,-1.1276960781095673,0.9005372937823135,-0.17975967369768756,0.9845346900450961
2020-08-26,0.7903103976132776,0.7696868019539703,0.11983517076149469,-0.06342644354172013,0.010586902748201432,0.0328256853505747
2020-08-27,0.09059927218567174,-0.6197831066623593,-0.7724927000523435,-0.2936610268913125,-0.5725569006061274,-0.7252788535289258
2020-08-28,0.5067048519218605,-0.430865848924262,-0.6250595007767165,-1.0412425532705782,0.37624456216636376,0.2207231162898285
2020-09-01,0.3902112541503951,-0.4061553306430263,-1.7243739995754954,0.7352132034424574,-0.6463340984092061,-0.15601707144832702
2020-09-02,1.2119239051387731,1.6514516506779022,1.30493216108036,0.285244020809305,-0.1806823300332663,0.3709353804744011
2020-09-03,-3.00059022570493,-1.1928847114477985,-1.5374297067135292,0.6120919366143457,-0.31171252346877426,0.8239656017800253
2020-09-04,-0.7218910648018864,-1.3974805188006534,-0.9035862157223942,-0.8296004253585442,-0.8645092033035783,-0.7939813004337188
2020-09-08,-2.372200909683016,0.7652202297650411,2.198017440021359,0.16235762774536425,-0.2018363055183552,0.8803177561375316
2020-09-09,1.5997311641656677,1.6503542390275956,1.3491949458169885,-0.7795401303167557,-0.4379233021633501,-0.7495953765747156
2020-09-10,-1.512664044484362,-0.20985249434943232,-0.17825086815291388,0.5714438999918803,-0.4406307045782535,0.5255195751616175
2020-09-11,-0.0034444896852093166,-0.07166040963997561,0.45339923105449237,0.47024352976783274,0.5280345732050393,-0.03267155449990451
2020-09-14,0.9982108358452361,-0.09114689720993308,-0.11682556797191734,0.41214385048080926,0.37733970098272335,0.8041063972057836
2020-09-15,0.38247525171723207,0.11517504441117926,1.2739070866690123,-0.3580038376896371,0.2521590381409655,0.38041529900618143
2020-09-16,-0.42980911492377477,0.19972212919148294,-0.461066726027412,0.01628703968967671,-0.024113624177293416,-0.24275781812967934
2020-09-17,-0.7451534006891263,-0.3271632351375532,-0.48925855114010924,-0.5150449146303465,-1.0784083458920948,-0.8382868272836255
2020-09-18,-0.9762026140121145,-0.6069678275562276,-0.7257005131315719,0.0777766368566601,0.3171634702584437,0.12995165340741258
2020-09-23,-2.127250961509484,-3.050553182449355,-1.8178274560774645,-0.08717661863146199,-2.0302493388711045,-2.2102434128950583
2020-09-24,0.19890125122813457,-0.27070976152495924,-1.3162497084978524,-0.8292646283446589,-1.2601717317270906,-1.7496984913238345
2020-09-25,1.261591159952994,-0.9333701873159815,0.31708238101414915,0.30936391663646406,-0.22696271843902263,0.13582746725696712
2020-09-28,1.2724722877357617,2.568292860030419,1.4147910781512867,0.8789200762939633,0.7011520339343139,0.7929914240503262
2020-09-29,-0.4458836111217764,-0.32185389526516067,-0.531444451460467,0.03658548919401734,-0.5917918996791377,0.5179462360035106
2020-10-05,1.7437083318870152,-0.018129561112812713,0.739380155113889,-0.7270701250431229,1.4287533586714622,0.7982084540597255
2020-10-06,-1.2096353059098757,0.46165800783924826,0.09539434939038263,0.320339378813686,0.6062051986019654,0.17934847695969736
2020-10-07,1.3769432276982811,0.10923577702965508,-0.08143119411843826,-0.07833571261478939,0.7403141061621988,0.537965828021826
2020-10-08,0.6114432210398625,0.6842579541855297,0.5060748169804354,0.6246483384187727,-0.14436435407509496,0.09838593290860612
2020-10-12,2.020338414812942,0.5691482115652089,0.36617424114544367,-0.30896639511855617,1.2752142718081234,0.28115412864862893
2020-10-14,-1.1187889377692435,-0.7263674762615394,-1.1234369325711926,0.15727882962779421,0.04397627061685033,-0.6710761135010923
2020-10-15,-0.17372794690670726,-2.103153381136071,-1.751332280337628,-0.40224838904347626,-1.4309094574192291,-0.5674701477351601
2020-10-16,-0.03631596437660112,1.2814202879754137,1.4491377135083714,-0.3352259234975372,0.6395698995151828,-0.5832006556496311
2020-10-19,-1.4072342221837908,-0.38023797137403986,-0.6079936206570594,0.7327964140340107,0.4308021673382457,0.10630428791364228
2020-10-20,0.34204115937644675,-0.7891273484887225,0.05444468093509295,-0.3555743766038318,0.07169969871374021,0.28453304397928714
2020-10-21,-0.22899475510001724,-1.1977916458312379,-1.9382401603408241,0.17024359330266697,0.5089809309651476,0.3043663524630755
2020-10-22,0.38243957992094163,-0.12941297077550487,0.1364891926414693,-0.5388350634572407,0.08329269153985679,-0.4739188981491726
2020-10-23,0.23662995320673283,0.635198471102198,1.2495584187846738,0.08111707927679374,0.36112478931566033,0.12064315769176744
2020-10-27,-1.8474271238068922,-3.902576545677404,-2.2693384319267382,-0.1377321208041893,-0.3669459669828357,-0.8700413759468373
2020-10-28,-3.0144606379143806,-3.530280505576067,-2.585882100487607,-0.24740459421165445,-0.22127528528852608,0.36310492994629584
2020-10-29,0.9333952883910644,0.2321909711586049,-0.03915875856079375,-0.3060833369852302,-0.3438813255747654,-0.5564227485112261
2020-10-30,-1.0553327663914136,-0.3289206857074389,-0.10139758655791321,-1.1234503203740158,-1.3521482632003607,-1.725301199986756
2020-11-02,0.9636575123893041,1.5960105213782227,1.3511420846408597,0.9222907107492955,0.9899170455583065,0.9025950086941106
2020-11-04,3.2106429739136706,3.615270925059038,3.904897023701525,1.1512076333906507,1.1783451952455888,1.559516028740956
2020-11-05,1.5442740421874939,1.5742722735847074,0.364010462089791,1.1612437785652339,2.1883714066200293,1.5026204309094964
2020-11-06,-0.07122300270477071,-0.6112557126146955,0.04241604638469123,0.5933311580719803,0.04105127454598994,0.03466751212656281
2020-11-09,0.9131984853884416,3.9202011855991263,4.511395680631806,1.426959761843033,0.7983738020504365,0.7834129153480289
2020-11-10,-0.16314449245448082,0.3856763951012201,1.7365455017921867,0.14036030061679272,0.7425136581633549,0.1112154679053839
2020-11-11,0.5820846220810906,0.2961965430307895,1.3118990215104007,1.1973682974484814,-0.19861463893492373,0.8326235378018261
2020-11-12,-0.8756997183868557,-1.0541202317907583,-0.6951820430702532,0.42809006385520276,-0.15492930552201395,-0.307339103949702
2020-11-13,1.0690058542397347,0.11527440016542828,-0.3741414611129956,-0.4186813749269124,-0.03714593606607989,0.4397442681938434
2020-11-16,0.908966713555095,0.35350121008080176,1.6126245667846328,1.3835669160578692,0.5816602301582658,1.232329372881057
2020-11-17,-0.44416257564993605,-0.06617930346190076,-0.8903421265404419,0.24620074308639958,0.08231911095411622,-0.13777275127258534
2020-11-18,-1.0080511590762582,0.39243513673068187,0.2882803384365089,-0.8244712254442264,0.3297441420885789,0.12779606787811074
2020-11-19,0.2778277128511899,-0.7567556931913144,-0.8138093295811137,-0.30249563833110066,-0.489322774134548,0.007127583952356957
2020-11-20,-0.6103529866180475,0.28576788394744634,0.24606024341147492,-0.3397172925749432,0.24088509932162286,0.11680833809413392
2020-11-24,1.74077471670985,0.9298725608146348,1.231133860712708,1.691387497865136,0.34850321366206427,1.579517673104864
2020-11-25,-0.178414893269375,-0.05036561317813296,-0.6573124880072453,0.3064232548358266,0.20533983694375518,-0.44297087941726965
2020-11-27,0.15026589090277997,0.24881591208866843,-0.38683355878123243,0.8787638974181001,0.5707406436973813,0.755218703892537
2020-11-30,-0.4278677907396455,-0.3085311155913952,-1.6138683460379364,-0.6050621558169342,-1.4275647271918002,-1.0876926668138673
2020-12-01,0.8781950638513022,0.5268575709224808,1.8371485059816437,0.8899490489962121,0.5811242638888133,1.0307169459525947
2020-12-02,0.10033787273443702,-0.4587307831972241,1.193961475236953,-0.01029367562947267,-0.09490160414677618,0.9827975513672714
2020-12-03,-0.09902160225146067,-0.40716512102762314,0.39063303962915863,-0.02356695660206286,0.4994191839388322,0.45407800723459546
2020-12-04,0.6791031446752497,0.25095914739463954,0.8899932030629348,-0.1982578670701204,0.27028353437004543,0.8066861538305442
2020-12-07,-0.20747239051450833,-0.20680659506786234,0.05733218622114297,-0.5835045259039147,-0.8492613386718683,0.2941833180481327
2020-12-08,0.1824056764119589,0.012255191371280774,0.030050731815171795,-0.25882141146553816,-0.5289719117757422,-1.1023779255617232
2020-12-09,-0.7065862851690984,0.34688073872821706,0.06176736406319807,0.8807472103280783,0.5098665288657983,1.2630126772012338
2020-12-10,-0.15366008019344815,-0.30849701111732725,0.5136689573245826,-0.20759441018062536,-0.2431439028163568,-0.251577532849545
2020-12-11,-0.1519970605193423,-1.1618181614030187,-0.8212699135690498,-0.318781528049046,0.24222479462141505,0.5185983965013674
2020-12-14,-0.40826543660417125,0.6444674860395017,-0.24894521590708316,0.16502423072783098,-0.30562390736133194,-0.22334776866533096
2020-12-15,1.012840973533388,0.8286141118973822,-0.3027628065507631,-0.16303027479322593,-0.47888144859856846,-0.16528388924513882
2020-12-16,0.09882330710568643,1.2041408688518724,0.8520668748746058,0.13751855405470292,0.6535291792262865,0.31414964163550424
2020-12-17,0.42668906831351655,0.5763911147249543,-0.3207673481363958,0.0838205043656431,0.5577248382277178,-0.07032459337026956
2020-12-18,-0.33794285110081734,-0.25500277304678665,-0.3535772524763117,-0.15923463596137225,-0.4673964503529012,0.0027316363896022554
2020-12-21,-0.37069968049636964,-2.3809254580737336,-1.7517973922715915,-0.17440257286752547,-0.5021390181175949,0.11337505570272322
2020-12-23,-0.1572755067618182,2.051775251697175,1.200235250624202,-0.5466623143992295,0.09036491667991442,-0.4810048131638829
2020-12-29,0.7771947788663395,1.0112891328199987,1.5979177853287825,2.668221784522327,0.5790297683831939,1.3776043288768782
2020-12-30,0.06326296129389387,-0.2885388984663792,-0.7285728843683829,-0.36262705693268105,1.4709595750361053,1.1725778410446175
2021-01-04,-0.7450384777724667,0.01355275000805102,0.22194575128537755,-0.523377686503167,0.8123112964135881,1.5500716314388592
2021-01-05,0.5354146431927724,-0.48688592435721195,0.5865924612622987,-0.30345443805644245,0.4355180821509447,0.9733441678503751
2021-01-06,0.4227629032278192,1.4008731586042762,3.364852426022207,-0.31204993030943573,0.10065739362335376,-0.5269158917778508
2021-01-07,1.169739004031062,0.4153503080211593,0.19731593515584567,1.0742628839998003,-0.36084357860545874,1.3389111563579597
2021-01-08,0.4048607298078897,0.44223341209725225,0.21415210858699119,1.5954784732348344,0.8103070304160583,2.4988867737518343
2021-01-12,-0.5562489047265552,-0.7644810395674367,-1.7569274953107863,0.017661059032476674,0.9676132558019575,-0.5823170008409755
2021-01-13,0.14026828401696967,0.052251866501928104,-0.14778657546151566,0.6805453603657146,-0.10409956345713868,0.425188109301162
2021-01-14,-0.3580294759384749,0.2539014667249376,0.8060842378863334,0.5492630126990731,0.6263298741307675,-0.004475997491949596
2021-01-15,-0.6434097649845639,-1.221821303215381,-0.9930874750044019,-0.48588139404411784,0.1804085777692024,-1.375239363897914
2021-01-19,0.6217868781890548,0.12847434846417966,-0.3562843445835999,0.23572000899416562,2.5094118096198206,0.10406914365655978
2021-01-20,1.0955057789335156,0.5951522026869027,0.38270326716207015,-0.3168170816968297,0.7313490645978592,0.4207565364117294
2021-01-21,-0.021304626684138597,-0.1207761303711806,-0.39001892317008174,0.5281411703459921,-0.08374922598953988,0.9219931035552773
2021-01-22,-0.29647198110670514,-0.22728906037188215,-0.32172432268193224,-0.3530053267257628,-1.1113586657705972,-0.45592896481671397
2021-01-25,0.25062682564999583,-1.4062893399071217,-0.8576474691773219,0.42170589697469285,1.62970410907986,1.3633239609692374
2021-01-26,-0.1705086547853498,1.3205438583402591,0.20399571685561577,-0.7226617836581023,-1.7701703253371452,-1.4467022695983094
2021-01-27,-2.1958340292388168,-1.5300962078292721,-1.3209839423033627,0.17345762229502118,-0.22310206035043165,-0.4073596660971605
2021-01-28,0.7547397249840203,0.23949674877944685,-0.6456939912790841,-1.1292763796255028,-1.7724254374994015,-1.1635623715117822
2021-01-29,-1.657946436059349,-1.4459312095874832,-1.8423550227084746,-1.3905142414124843,-0.6479173811486896,-2.037948615154013
2021-02-01,1.267691160350248,1.1136574499875111,0.8863678982167902,1.0335108475286667,1.4547847002169783,1.6951018903862507
2021-02-02,1.0924592427085384,1.2402868299061967,0.7473103130610202,0.630043941886878,0.8338394771645573,0.8138771894488313
2021-02-03,0.035811891440144926,0.5480658784707554,-0.15697180979161707,0.656062241157333,0.13306384361230983,0.6489179551459195
2021-02-04,0.8440622032898456,0.7086996433121577,-0.08390138384918935,-0.797387947394335,-0.45907596046336957,-0.9206064154331018
2021-02-05,0.2738010670808053,-0.05490342603898645,-0.24128807911147668,1.0312866198519168,0.406433072810197,0.6553482634975476
2021-02-08,0.5613864553716487,-0.015430798603710745,0.5000715408607627,1.4280990460706438,0.06757977159279507,-0.6543475144848001
2021-02-09,-0.1394724376443492,-0.31540256355158813,0.10171630340512175,0.23492121544614056,0.3606814061642218,-0.17687516949924528
2021-02-10,-0.07597079096700128,-0.49714314778360413,-0.13080720475020036,0.09017234800685688,1.290164320539929,0.29651456019329214
2021-02-16,0.4308571315143567,0.7377428173397999,3.3347536876863186,2.0749874364707237,1.59076174039011,1.2642417264538015
2021-02-17,-0.07392334852028029,-0.9455977998220773,-0.5815415909588421,-0.4520612939884308,0.7449172327966478,-0.6487123534548477
2021-02-18,-0.4129585556267734,-0.16599412465870697,-1.4162728235389228,-0.17596594255523837,-1.0916680064978785,-1.0235606791789345
2021-02-19,-0.20079152434461076,0.5918509036420705,0.08050224897121881,-0.5549585390931122,0.10624058788463464,0.4021693706226234
2021-02-22,-0.6885762469655072,-0.2877922659484367,-0.19826515303016354,0.277303489716318,-0.7342632303327293,-0.624807542709677
2021-02-24,0.9884541283283959,0.11854464188585594,0.6782885429379119,-1.1844610515498344,-1.3767359801050714,-1.8552547253240508
2021-02-25,-2.0942578834404317,-0.6037669341033024,-0.12572700093057426,1.1218464386200049,0.8109019130714425,2.1986119272926947
2021-02-26,-0.44070120801998514,-0.5861346088124787,-2.5682162112134814,-2.906125574536455,-2.541716764467642,-1.885951348431292
2021-03-02,1.2242661482442732,1.4615661501490753,1.9541011117791145,1.0200275578697284,0.2683514345925088,0.6262612954318162
2021-03-03,-1.1336771768002267,0.2008026272889087,0.8998018822172122,0.3144966799532253,1.817656791972371,0.7929071287861791
2021-03-04,-1.163053749925919,-0.17227894122906787,-0.3876444246941621,-1.558496212188221,-1.4955211302713871,-0.8777859582740102
2021-03-05,1.5471720859695834,-0.8300118392573068,-0.3261390602892109,-0.2057190365137432,-0.3295361823475308,-0.4079455466502577
2021-03-08,-0.4912539542223119,2.6356299044439706,1.2954545447828305,-0.3412371571130682,-1.3289884385426274,-0.6901602970422185
2021-03-09,1.1133433175526493,0.2908025863065873,0.14383349042869914,0.6476762866582534,0.5509669060718004,-0.474147638617606
2021-03-10,0.4490753309024066,0.5455236420221447,-0.09068529438086874,-0.02469245045514536,0.3144806756237784,-0.4332784756766056
2021-03-11,0.806648211312889,0.13027127060502172,0.14662192866808693,0.3772695422364919,1.1188931350099602,1.1733555502691615
2021-03-12,0.03635884505886044,-0.4123893161855294,0.3387284974631629,1.1628497031969935,-1.5262894232308963,0.8346458754466151
2021-03-15,0.4869611972216977,-0.2662654772889559,-0.1946650746389632,0.07063598197503394,0.21932760852367805,-0.22362629916015944
2021-03-16,-0.1771960845306765,0.5099209719888568,0.7676662178173967,0.3176656867428448,0.45465318907968627,0.4186796554912894
2021-03-17,0.19000154141216696,0.18571197159526262,-0.6195559777744709,-0.0614726307782712,0.010793439817659196,-0.457181477102199
2021-03-18,-1.275581113085803,0.9658739813528671,0.2276787398692682,0.6619506899946442,0.8665006669135729,0.3558105612659755
2021-03-19,-0.09724874418257018,-0.8969563238949284,-1.0657788666989476,-1.0412231347834102,-0.9771629651463603,-0.6030241923038903
2021-03-22,0.5307010009208979,0.1689677846122971,0.2355794105894702,-1.5197962510582506,-0.25425944512747006,-0.12559909405215158
2021-03-23,-0.6800883294517373,-0.007129176856661481,-0.4189346438163862,-0.47661595617362595,-0.9303324414603087,-0.7005239510909583
2021-03-24,-0.5002306746103483,-0.32359998709097876,0.18127621994301416,-1.4925820425723777,-1.4106020471902754,-0.22039039565428606
2021-03-25,0.3841928666133203,0.027551229270091997,-0.5860418276285004,0.7530739977795259,-0.04984163626254182,0.22137195267181708
2021-03-26,1.3147758480636145,0.6790331672761436,0.9517832566765815,1.0399501296426905,1.0594701844929764,0.6649571690568449
2021-03-29,-0.11917606694447352,0.34781940103625925,-0.08616402048240811,0.45366073030576837,0.00014867061892584991,-0.14484857510124005
2021-03-30,-0.3086682428100436,1.0165933404464593,0.5059090706280831,0.06965666821927008,0.5712130854140263,0.6857192877033166
2021-03-31,0.25117488323447673,-0.03553765655446211,-0.8820768954098316,-0.6549902721729494,-0.483251359429148,-0.22055976363793334
2021-04-01,0.9234274235021543,0.5046684283033617,0.3281980316930419,0.4590056052445007,1.3346910078648857,0.5117138513227935
2021-04-07,1.1777391294904105,0.3410082523798415,2.134272058539121,0.7680510988762933,-0.6318003170671472,1.007604592760259
2021-04-08,0.30038033055249597,0.10816445869782133,0.7950734077609478,-0.09719528095937631,0.7869146210978472,0.08289179524878144
2021-04-09,0.5876642186442297,0.13573082908013542,-0.3993699910458869,0.09416065303691397,-0.738370229126612,-0.2744804635287403
2021-04-12,-0.06365315025394432,-0.1373562459907583,-0.4051257911183669,-0.5895670934348465,-0.5927297853548696,0.0386960685139539
2021-04-13,0.22417852100886093,0.07031832846936376,-0.0012306569793401677,0.4595240532660884,0.10136886790847668,0.6532009121240087
2021-04-14,-0.38574513751497275,-0.16999773729461556,0.6830139165228959,-0.35507321223161975,0.9586137161376944,0.2342438922327458
2021-04-15,0.8637389989891275,0.21478480818426915,0.604203383781994,0.00592956663864031,-0.2600100281540112,0.2056096806262206
2021-04-16,0.25004919816088134,1.0585034974808616,0.4886988859603986,0.05088360418381165,0.4142771705509891,0.04899157849995452
2021-04-19,-0.4868806680523941,-0.5205547902501853,-0.29594009720143044,-0.040840553843954484,0.31738252102476094,-0.033897975189334385
2021-04-20,-0.6111642963966597,-1.319897148358868,-2.028453085687579,-1.4455522007737842,0.06518474237839793,0.4049564189034605
2021-04-21,0.7175523767473568,0.32570856043657975,0.48923210622797897,-1.490861576895687,-1.2227610677280707,-1.037179967307056
2021-04-22,-0.8116684552837989,0.6359480718094285,0.5939196023177552,1.6115809480281729,0.3140926248776788,0.08178853920921897
2021-04-23,0.8502201174779336,-0.2534710702861563,-0.015669738267671214,-0.45048989525580974,0.7614970307220925,0.03451727739825208
2021-04-26,0.09960449820169923,0.0557088160124736,0.32828379334822727,0.20990596140652282,-0.3015473184516035,0.7032751738260622
2021-04-27,-0.06520752295499899,-0.28702689213635757,-0.2795984863345039,-0.3707599321686849,-0.031083090903715558,-0.08107934133980177
2021-04-28,-0.11731850439738241,0.1965839233520532,0.24537281576584216,0.10487686835873601,0.3020592852186334,-0.7293412568966713
2021-04-30,-0.08715540558681642,-0.8771434586164933,0.06546917444479851,-0.6323034169393487,-0.8253637246369188,-0.7297211779580706
2021-05-06,0.3554950675903568,0.295154457052373,1.4816168192910608,1.2095394819496093,-0.21309313312389888,0.2210440012777273
2021-05-07,0.5592543702900611,1.0546411110662404,0.7258324069195364,0.017824311313081594,-0.06851232947378219,0.7146104061759999
2021-05-10,-0.913841043516146,-0.030008820886725344,-0.10490820439480682,0.33796811539803145,-0.04026054053819289,1.0138461331945843
2021-05-11,-0.7669400488113167,-1.5437011335580164,-2.498864343335847,-2.2475436719344115,-1.4120973933502379,-0.8420647478030443
2021-05-12,-1.8381859084151737,0.13118536293103378,0.7834825724890083,-1.1884670820951084,0.524579977005465,-1.0145606175960793
2021-05-13,0.9518221941697133,0.2334670648823208,-0.6080450254008425,-1.8156923635336073,-1.2586052344621423,-0.8578058859702402
2021-05-14,1.1754803634522464,1.1292689913655622,1.116085838453762,1.5668238700637258,0.75453323475183,0.6091200451249982
2021-05-17,-0.2566734934649602,-0.1407140379284068,-0.1722073358699246,-0.6988934240865059,0.4012696834974194,-0.42763611104938315
2021-05-18,-0.753893051774196,-0.08759966511926144,-0.0030475551566202146,1.410532537057313,0.9596530914177521,0.7569153984728846
2021-05-20,0.5762167068101017,-0.12116562522909217,-0.22468677802162262,-0.813875481404037,-0.34895110116314115,-0.2596994865787094
2021-05-21,-0.11222206655968958,0.3242862284410267,-0.045410833795233474,0.5019683815683662,0.015241762951105096,-0.15911715941056498
2021-05-25,0.5913529047128373,0.11245218244341795,0.14385625252861675,0.5385699911773929,1.0756971423561694,0.2681925906467096
2021-05-26,0.10739853254329657,-0.11036234753668175,-0.06231934904215035,0.1713785807025578,0.5973223495066792,-0.0977256335166777
2021-05-27,0.04872655981999487,-0.2680793157861904,-0.12308376494140559,-0.2747838800506505,-0.12847746938318064,-0.09839229758881624
2021-05-28,0.01601778794080379,0.5670800827493592,0.019586323936493406,1.418358603407159,0.02199160097419642,0.4373798845269043
2021-06-01,-0.08812852471017177,0.21613680860163534,0.7931799397770138,-0.8588115605450197,0.7987549303475747,0.6346676890719357
2021-06-02,0.07195455355150007,0.15211402021302545,0.3631671942608965,0.27542986164185473,-0.4014541723408871,0.009287549025048067
2021-06-03,-0.34768868690638777,0.12339895788588254,-0.6317766369399583,0.22598141005110506,-0.7838241290877674,0.4283451185557018
2021-06-04,0.6789247281194315,0.2815772067850716,0.043190083447276345,-0.3283710915817337,-0.11777623402712738,-0.18587164133439474
2021-06-07,-0.11328481927619714,-0.11647842011585954,0.09362520349453135,0.14305992171703835,-0.3148576835443491,0.20307110885516294
2021-06-08,-0.03300427827250056,-0.22564892961354424,0.22920721715956746,-0.18067115112924345,-0.01840526208495992,-0.12430236773111175
2021-06-09,-0.19822416584386737,-0.34669217492025706,-0.21873282979149328,-0.2955813165460216,-0.09663072499653083,-0.6758448234205339
2021-06-10,0.33586852049371524,-0.08633222440321492,0.07943566942075343,0.1922780420080315,-0.013307652927205106,0.1326310813308745
2021-06-11,0.11330200525375735,0.6067911222601567,0.6189438849969121,-0.06946079340449567,0.24120654226829802,0.4579470760979205
2021-06-15,-0.0639889095035033,0.15532058722552408,0.5111572268259881,1.1411993689911795,-0.48948474655478297,0.14786849347540942
2021-06-16,-0.4938191669290019,-0.13299911396868963,0.15135239976832926,-0.4055668244383322,-0.48834126196533184,0.36092663339368025
2021-06-17,-0.08345041739141784,0.055230331037735725,-0.4586576191759171,-0.7034615473105821,0.2881840132538233,-0.3113459439124468
2021-06-18,-1.1385514772626915,-1.5065297670226254,-1.9242017334241623,-0.17720329282404368,0.5750673880020839,0.020812963892012714
2021-06-21,1.1009355916572903,0.7864526950154089,0.609922211299013,-2.399260719492452,-0.7508796856779631,-0.5812470096022527
2021-06-22,0.3746806751486326,0.1398250184547811,0.3669575105401759,2.113675144834429,-0.4365669602124868,0.4237727439687205
2021-06-23,-0.13697210736793763,-0.9841005022433352,-0.24411149753901085,-0.06808545940064452,1.2118856869699932,0.2066790896272073
2021-06-24,0.4310898897253776,0.6683698360676046,0.48078597672829837,-0.04475186413593322,0.1508387051939747,0.15823669171835272
2021-06-25,0.227150953518816,0.06454806875403821,0.34211549275397785,0.4180384551812999,0.9509553310273895,0.29239342275322455
2021-06-28,0.14350839817002498,-0.3174211178885379,-0.9024925186328985,-0.08954070638080507,-0.05096291633710516,-0.05710461300689986
2021-06-29,-0.024556546305507604,0.6826462781837821,0.1831795212623611,-0.6179466106991937,-0.6489351254622994,-0.3389271120709145
2021-06-30,0.062158792734258936,-0.8729627393888166,-0.7251242348776265,-0.09706091682963397,-0.3979137190767129,0.15938418400501325
2021-07-02,0.9997636720226778,0.5927099525961594,1.1807805842799155,-0.06573791203372463,-1.244881258782142,-0.33325273472912864
2021-07-06,-0.21460707429792966,-0.7647944438791945,-0.33383712244355057,-0.38870972134306236,-0.5814146862489651,0.4247189753735904
2021-07-07,0.22948680951169578,0.9199040874534058,0.6760880072595628,-0.7272932425127662,-0.278708550394127,-0.430890657249618
2021-07-08,-0.7575358753887198,-1.4695922532242098,-1.704481616873229,-0.665533854501401,-2.0110988513325325,-0.6887413872925326
2021-07-09,0.8787471815570406,1.3764688614810625,1.257182713942431,-0.49129376744737385,0.47664933242648483,-0.7371617106703883
2021-07-12,0.23707546147518044,0.5008993632921239,0.027353772367057754,1.5193724890097886,0.42177917046396923,0.5360141996669564
2021-07-13,-0.3384147753141865,-0.03858132343497284,-0.03112975829221467,0.3208596014218156,1.102013947559431,0.45919387572218306
2021-07-14,0.04869521582754708,-0.03748499190296099,-0.4889423873845372,-0.3149055149751715,-0.4366058083448341,-0.1692360328030652
2021-07-15,-0.3173188065005602,-0.8665031821106484,-1.135616633648654,-0.8601743906305691,0.5082802064317732,0.38711579021242026
2021-07-16,-0.6724322058832074,-0.5046347711582083,-0.07657795616125745,-0.7354813289867933,0.01619500028945102,-0.22305646519690758
2021-07-19,-1.3685929814510345,-2.212977620133923,-2.3661702966357274,-0.9311330907619227,-1.2751423973854024,-0.6946310257111726
2021-07-20,1.1953862309345031,0.4152648187832714,0.509133525064972,-0.7218261987792053,-0.5810503604458002,-0.266326384377787
2021-07-21,0.6304242174055154,1.070925982155483,1.6540472645993272,0.3637356253593682,-0.09152259869931646,-0.37735083179455603
2021-07-26,1.149098590567042,1.0050260233052868,0.3620284336956584,0.6791164401243025,-2.6513190742528874,0.14435537985015282
2021-07-27,-0.43756710012687766,-0.5604728085901854,-0.43599031161121793,0.29962221645652337,-2.9584567261588894,0.11445023233597518
2021-07-28,-0.0628422359847462,0.23645161550754615,0.268876853715474,-1.0295842027123392,1.0451610372376496,0.04876504877675964
2021-07-29,0.2991894926992339,0.33469809588939486,0.8485462271776333,0.4645499123570621,2.220999058220786,0.07795877947521117
2021-07-30,-0.4951413822527666,-0.5398351278581437,-0.6695982110344868,-1.319994985413945,-0.9325743678292261,-0.8530675341937032
2021-08-02,-0.1997911061197417,0.09436973901662733,0.6730663771493076,1.2252899356522056,0.7165889531384678,0.3814579305876553
2021-08-03,0.6272792565491532,-0.10605626023295153,0.31424978145787985,-0.3988836373930537,-0.11141943892220035,0.24577931705740114
2021-08-04,-0.4309243582246773,0.6859508219428804,0.2323784236195407,-0.19268875051757992,0.5987482170276661,0.8253841507362712
2021-08-05,0.44703394979647465,0.24030153485468228,-0.07013903570088664,0.3207653878377864,-0.5816991243731287,-0.1227660632842955
2021-08-06,0.09078249406121193,0.05337408262304541,0.014831576460729008,0.1872135560237597,-0.07049001845381668,-0.1531193699182832
2021-08-10,-0.04317682388485471,0.014149194711743085,0.5064450194707353,0.12642112162184274,1.1015173818956858,-0.5814495515737598
2021-08-11,0.057835523684434745,0.253666596820516,0.7939922051886031,0.41287070623033056,0.13586193123682908,-0.4929689714536781
2021-08-12,0.2942735419021761,0.541783200108831,-0.39168359674324243,-0.18476584599564258,-0.3709593252762753,-0.28624772605366244
2021-08-13,0.08517907471183822,0.17133235034088048,0.3296720129765448,-0.14072522843970287,-0.3310447742776415,-0.7952849224338931
2021-08-17,-0.41648562389231614,-0.3196217288352276,-0.5394651449325676,-1.4490250440967052,-1.700729838935991,-0.6198123730159525
2021-08-18,-0.9399529447712313,0.19255613731304533,-0.1845386893215114,0.3672741198503693,0.31707699381997506,0.288856805994049
2021-08-19,0.05626409209806619,-1.0695746863730544,-1.560919836707086,-0.8269420599888997,-1.4779332071401563,-1.3097893448637752
2021-08-20,0.622211894814349,0.18550851533722007,0.38533833783154214,-0.7397777811650398,-1.2782771624077511,-0.8273561025922896
2021-08-23,0.653517872171405,0.19796901085777327,0.2734974643359646,1.1958479010750076,0.7080254990472918,0.5902856993275545
2021-08-24,0.07597902579002892,0.240206648539981,0.21277343061644746,0.5603283743756229,1.661486163981658,0.9668494834918064
2021-08-25,0.13569301732411002,-0.26758462537123645,0.31634262366302185,-0.06409488910003736,-0.09484972318109412,0.13790437118693585
2021-08-26,-0.5299302524330936,-0.3817308876920454,-0.37025302790612635,-0.0012248010823594528,-0.7500187555692709,-0.41762279854539414
2021-08-27,0.6767583043324634,0.26749064880334705,0.29833581733726755,-0.3025067988502473,-0.025388620684243673,0.07326145354394872
2021-08-31,0.19595218471809392,-0.12036967960633868,-0.4149297773360805,1.0863231995795608,1.253681465346931,1.305492698423034
2021-09-01,-0.021720298145984526,-0.09005743430442917,0.39713047153439307,0.8538365025272803,0.3895489649089986,0.11912462577476657
2021-09-02,0.18697562452895203,0.05044482353285984,0.17406072221741906,0.18271356774099015,0.15891834094005472,-0.6741531731012338
2021-09-03,-0.07513192758015697,-0.3423719801221045,-0.37513723622907147,1.3804918104498467,-0.5007530552356889,0.47631694374422484
2021-09-07,-0.3283672781386914,0.287208498585094,0.13136515953810268,1.8321006952100714,1.179354056383855,-0.31634879241010283
2021-09-08,-0.15642695214418081,-1.2491514876759857,-0.7721317444276202,0.5749157704516393,-0.08939719623660425,-0.5392219070697208
2021-09-09,-0.4287024629582294,0.03358597422031541,-1.0232956712605057,-0.4499798395944872,-1.5965578705187988,-1.0398701339142904
2021-09-10,-0.6877222414620172,-0.10417754970818788,0.04920360369730852,0.8248541857721821,1.2879153844084335,0.19236614543389693
2021-09-13,0.14033798458208951,0.446242947625779,0.5303088583578484,0.10596944803876213,-1.036700017225374,0.0053465829280853255
2021-09-14,-0.5234276500140501,0.07862446681584256,-0.5039546525102971,0.4671001324773859,-0.8359501314369061,0.3965877435196408
2021-09-15,0.6494402137716528,-0.594497914989892,-0.26991920113912754,-0.4097737524371387,-1.27549729644887,0.05602901647908166
2021-09-16,-0.17566224647185563,0.15363453402516702,0.13401690287386828,-0.48118369554297236,-1.01117812650322,-0.5213473033259178
2021-09-17,-0.8033512619100912,-0.8858125983568323,-0.9275638276612663,0.3631385786750155,0.6941310243210072,0.1779663743324728
2021-09-24,0.370471653305867,0.18597325414042767,1.2230103336560123,-0.6273929403467396,-2.0362889686674652,-0.3556599667371761
2021-09-27,-0.2770714419781032,0.18828271997209528,0.14588596884204916,-0.0659296399641953,0.042652852893190076,0.1363527768700279
2021-09-28,-1.7466405238098932,-1.7667780049670319,-0.5184114858721642,-0.17619091582705462,0.8155624164905574,-0.7846546332246619
2021-09-29,0.08203562839446875,0.5917775181261881,1.1028635312666193,-1.552270499860442,0.4500027256851405,-0.8343486857223298
2021-09-30,-1.0369561678194932,-0.5946218864157694,-0.32610743787924595,-0.26407062454637353,-0.24874903265620704,0.1432421658064908
2021-10-05,0.6813374558916481,-0.3908927376207444,-0.15166357411442827,-4.0516238709043995,-1.3309066299067658,-2.3408813249159777
2021-10-06,0.29068854937091787,-1.2375379377249056,-1.1662058137052664,-0.790906567879866,-0.3965752889568198,-1.2328757848222043
2021-10-07,0.635048919312613,1.473367425331976,1.136044553667997,0.3349755225522976,2.064803765361763,1.0965462409093358
2021-10-08,-0.2056590290299519,-0.2751513810701724,0.22498741662067412,0.8903120336647488,0.37193967294995917,-0.10791651014654581
2021-10-12,-0.8162776230839955,-0.3545574202351559,0.46118529739938774,0.40853333406800196,0.3386752250387169,-0.9233790323048553
2021-10-15,2.2129337083482343,2.3188863258974934,1.412397425077782,2.012050434028136,0.9987675685047647,2.127796093010267
2021-10-18,0.2307868407362736,-0.6306823424132445,-0.4364091295130855,-0.1501189864930553,0.20828940432619272,-0.21955508561276094
2021-10-19,0.5608938460279933,0.1850338310760198,0.1671005619440013,0.4135024559566194,1.005383096182759,0.44393920462937964
2021-10-20,0.25459235684087417,0.0034390694338686635,0.0555559667124694,0.050734013853520665,0.9156798866561938,-0.38119383254192457
2021-10-21,0.1995939637533181,-0.30078024577453244,-0.47290376335096973,-1.3731199413636739,-0.3155302984856922,-0.16379444335990698
2021-10-22,-0.13608501014105406,0.33866883828291167,0.1757175691680575,0.18989812305070528,0.28296446948485726,-0.06370848628024793
2021-10-25,0.34375601738625877,0.2624532534724754,0.22889928643052584,-0.5465880213133129,0.008991754430775808,0.2722722335813639
2021-10-26,0.10269796938623132,0.7922347792812807,0.7284485766497435,1.1870248371209329,-0.2505084465184004,0.5738053967435276
2021-10-27,-0.46571186492298583,-0.30145984024316114,-0.35319084870333933,-0.06435862468259618,-1.0899519694620448,-0.5439651005377216
2021-10-28,0.7603548236856055,-0.08361400006120003,-0.07337163072833229,-0.7211912340446316,-0.19972752714456984,-0.38224139407043767
2021-10-29,0.11337619356590767,-0.0736038312326792,-0.18436340234052526,0.13138739652146014,-0.4843250425202169,-0.8846015010783507
2021-11-01,0.10107244092806626,0.5784913306786379,0.6752090173566967,1.7674268390560561,-0.6085575652405933,0.14237389412036547
2021-11-02,0.25593634724875197,0.7317357703531802,-0.20940012867053515,-0.34558812592561644,-0.15331022271571199,0.7122682982775478
2021-11-04,0.8291030622932838,0.35191181528798027,0.04813680076585464,0.6030163773849556,0.3372212311551384,-0.6955572308671925
2021-11-05,0.26025096277468823,0.09237212888653339,0.30648643060255576,-0.4784671467834903,-0.9740426503399109,-0.3434853124839355
2021-11-08,0.025829817996368697,-0.07415533727525316,-0.07029685409796947,-0.29429569141340794,-0.29890171566192886,-0.2375233520155108
2021-11-09,-0.3369199194959862,-0.06500967945186488,-0.3807836952387646,-0.5758044198061882,0.13198754832435913,0.011304910022486493
2021-11-10,-0.7296180730280358,0.10582716125474477,0.8773824682119049,-0.4760629243661116,0.49883422301820773,-0.7517965876932254
2021-11-11,-0.0019696266516438347,0.04396164834798704,0.5715073996749442,0.3666432059013637,0.6821267583862248,-0.15511152561506167
2021-11-12,0.5468997792923671,0.021856822122330675,-0.5102736229130548,0.7478213821900207,0.2122083941723371,0.93095004639596
2021-11-15,-0.048344869658415106,0.2437758415564626,0.03260208051694398,0.3496192782579652,0.1655822466948043,0.6317497541679098
2021-11-16,0.2711466575303183,0.46871662627204985,-0.35795014563188654,0.0283625404334728,0.8608984095303726,-0.08852684479387635
2021-11-17,-0.2625997534647141,-0.017543078561333584,-0.5072898306739122,-0.32882114404777,-0.1742196893301941,-0.7983915906568055
2021-11-18,0.23161081170009384,-0.18268135568640126,-0.501483256359167,-0.258353341059208,-0.8920612017516382,-0.36970386119095355
2021-11-19,-0.1630511176512989,-0.34715707381493927,-0.4653529973167896,0.3033874508375559,-0.7378339027150684,0.4816583737553127
2021-11-22,-0.3119245799311149,-0.2592714890980161,0.41574173170430234,0.021167871775013978,-0.27452769432003465,0.8803805019629461
2021-11-24,0.2785139716046273,-1.2516607562080837,0.3988471069783498,-1.168263533542264,-0.7378740751628532,-0.44926395842786004
2021-11-26,-1.9458989785660152,-3.3105332111087113,-3.376449437218445,-1.380922587149996,-1.7035046239250458,-1.308341743859181
2021-11-29,1.0355817926466577,0.09399078719566643,0.9037989323944143,-1.1991947047089264,-0.6566289046399112,-0.6423684415401417
2021-11-30,-1.628462970077472,-1.0106265070130334,-0.7285187879561776,-1.2044252678474578,-1.0952986398114104,-1.6308773630769948
2021-12-01,-1.029055719325901,1.9663897015983633,1.5014141494303106,0.24169479710767006,0.5292837721569107,1.3389718780913702
2021-12-02,1.1165838593753423,-1.1533363739630174,-0.5695221989507481,-0.5059738963002689,0.3708948869123462,0.9762297440582174
2021-12-03,-0.7481683100907551,-0.5364151707176423,-0.11745455810775517,0.6509789903380665,-0.0684227478385295,0.4693094890148125
2021-12-06,0.9157276932521494,1.0987151991924262,1.4990601305994111,-0.3025201638902161,-1.2174274821546864,0.06943057190869394
2021-12-07,1.6452239023962174,2.2455142199101266,1.4436772098606223,1.2724289688591914,1.830993852138992,0.36475274148967274
2021-12-08,0.20695601827953275,-0.6951140229009565,-0.055182713689758744,0.9485332076777541,0.033330926769431835,0.18058569438990665
2021-12-09,-0.6426654391985879,-0.2847036250955095,-0.23930624922715737,-0.3757396008271331,0.727903897520448,0.5610660039037947
2021-12-10,0.7374351822474381,-0.11781301165228295,-0.42192356145466364,-0.7536209054360933,-0.739926928065883,-0.4552632348220317
2021-12-13,-0.8054595625924137,-0.04241125304277846,-0.846546789571378,0.4540626530521645,-0.12187896625554107,-0.22396525694177677
2021-12-14,-0.6667590888643766,-0.9224005296484588,-0.1971381619979361,-0.5579093777257147,-0.9213415861555461,-0.3363779073862355
2021-12-15,1.2918040112193765,0.08689970837759166,-0.6804867776110394,0.021381911070781974,-0.6306739916777597,-0.007011339678771335
2021-12-16,-0.7727305241640545,0.8104253894235461,1.213240894337566,1.4379074518201989,0.15549064600871526,0.33119567179820913
2021-12-17,-0.9014928890601394,-0.5855607287583013,0.10559816412193783,-1.316935153981987,-0.8345126256658043,0.20627105691896036
2021-12-20,-0.9933660736541764,-1.591987462929989,-1.0074120833653806,-1.559612920104333,-1.339380208462541,-1.229797613531759
2021-12-21,1.4078798339655823,1.0774240607925063,1.3391920123921879,1.3992029970979583,0.6740903088815171,0.22538475595865629
2021-12-22,0.7890490117844369,0.7382252574597459,0.5790321641999151,0.06439374206040986,0.38503118989157453,0.16806946841362938
2021-12-23,0.4649493955217089,0.8186453674766229,0.4046849751425614,0.533611555497511,0.26574855633725086,0.25953995484940223
2021-12-29,1.1198593793732217,0.46421352892262324,0.614322665253876,0.21896060392392924,-0.32131668348675185,-0.14441202711633952
2021-12-30,-0.2947443467870127,0.13461888579697132,-0.258297287399262,-0.32638450185568063,0.07113519650167373,-0.3793958949783994
2022-01-04,0.2080985310815803,1.3379268137849445,1.3387871492826589,1.1896575162587928,0.5204983720147154,0.21450991891556973
2022-01-05,-1.664791841948037,0.5691327558453384,0.13314000371686854,0.027289037452846346,-1.138624670994549,-0.8110062012263931
2022-01-06,-0.12709159813391688,-1.1499488584626956,-0.9029282798130505,-2.0999313908724084,0.4889116885606559,-0.7794835016307246
2022-01-07,-0.38263462267574344,-0.5690727377940571,0.4422310376279197,-0.06856740303807977,1.2324558103785639,0.7230034155894381
2022-01-11,0.5865020283076057,-0.06458800128275458,0.05942565424345376,-0.6809366556236777,0.7080100511183851,-0.6472545841561953
2022-01-12,0.18492631838951434,0.3179294760908827,0.7739395734248145,1.2953383510048946,1.882211261745421,0.9568637371054225
2022-01-13,-1.2322613932554347,0.07491189285927524,0.1387472064044023,-0.7250379344878554,0.07303403698735886,-0.2663063545763921
2022-01-14,0.020234528276574095,-0.797129395886976,-0.2958800384637217,-0.9522157369640977,-0.1346964455984947,-0.9272066799354434
2022-01-18,-1.580209060112129,-0.6080270327417487,0.24917286752677373,0.2862001048251791,-0.768404856070243,-1.3362453891483344
2022-01-19,-0.851595664050795,0.15909509566824862,0.3203531933421475,-2.0401574198640406,0.03841197859438047,-0.5393830724501242
2022-01-20,-0.9640758995559046,0.4969477781010032,-0.08284249035500649,0.7329476591264443,2.296570495248072,0.4271688755021692
2022-01-21,-1.6245494874090063,-1.6407514604016957,-1.2174520420883477,-0.6833259668837218,0.0318461642998408,-0.6871675828692333
2022-01-24,0.18113660199665538,-3.212830846675344,-2.6627387885251856,0.12317578271373109,-0.8574665311464799,-1.0169784128964132
2022-01-25,-1.0588738822804298,0.580096435877262,0.9836010578757269,-1.2205866297492072,-1.1606861082542488,-1.7297562126897605
2022-01-26,-0.17115397452378633,1.766965637776305,1.2927730647294795,-0.3574023958801293,0.12625500351698693,-0.30572699128175396
2022-01-27,-0.49331798045455155,0.30969433993005047,1.0945354189965062,-2.2705065914261637,-1.3794776462739777,-2.35572572538395
2022-01-28,1.9392657265471385,-1.126868067735495,-1.186457450766509,1.4095767430780042,-0.7473883389716448,1.1666759842339802
2022-02-04,1.2225730416527152,-1.2180691248909619,0.6447210489901157,1.8316906760209162,2.908050489968116,2.0521404830067667
2022-02-07,-0.35374052730226857,0.545967157728584,0.7293946322700312,-0.5372133538642292,0.013074323407544382,-0.1615683908785942
2022-02-08,0.6434789815332763,0.15862867933867003,-0.10525460301944417,0.04638725733056156,-0.7046025968982068,-0.004948714879202033
2022-02-09,1.1428635241280263,1.2463089242650727,0.9738917317798423,0.7117414700536091,1.390043686198182,0.4899211322580457
2022-02-10,-1.5573091069712548,0.0106259560020735,0.3542943379981489,0.25018167741440506,0.25536503281085166,0.033992289259889
2022-02-14,-1.946944721567874,-2.053526847578429,-1.8588478215929574,-1.6289660892758429,-1.0223505142738256,-1.6419538466816852
2022-02-15,1.2445185298832078,1.5724983392133771,0.9915982028887897,-0.6047041904425554,-0.5667884730472568,-0.7143758812399641
2022-02-16,0.025286859283856277,-0.1227203083306868,-0.08790464060063387,1.4958150797590042,1.0092234268717448,1.2413714202549742
2022-02-17,-1.8148732397819236,-0.7216770850924316,-0.8914917688301639,-0.63082744405432,0.19995919036799165,0.3043664233306364
2022-02-18,-0.6414244316064368,-1.253335255771621,-0.33512740497273474,-0.3323451637516777,-1.301070670461958,-0.028176377018777364
2022-02-22,-0.8894161809118666,-1.9636789700218151,-0.27786194858527113,-1.811555201433354,-2.316527019666494,-0.939479562545239
2022-02-24,-0.3561396601681759,-3.6947800181927337,-3.897965800459309,-1.3305283967176527,-1.8290409539305412,-1.4481354632718586
2022-02-25,1.779881044348435,2.921047515189578,3.7929524329487694,1.3108450789520671,-0.40736852902871723,0.6451562760457819
2022-02-28,-0.24943331318087583,-0.6347039360084422,-0.435522592138025,0.0879784414822843,-0.16746706145497114,0.5045819737842908
2022-03-02,0.19011174161309918,-2.6927575125207746,-0.40386502719307277,-0.4012432523095335,-1.1263198702045198,0.0662107918729285
2022-03-03,-0.4825721454551744,-1.8222678951702886,-2.6009809461054956,0.4437300211707228,0.37283429685092895,1.0021113759832958
2022-03-04,-0.7053243138147502,-3.7345352742080364,-3.533588050635962,-1.6295408298865828,-1.7392325484635103,-0.8406842082942371
2022-03-07,-2.521994729014854,-1.6795003127775965,-0.41403623187198596,-2.144818038250477,-2.7068627135828875,-1.5459674337533535
2022-03-08,-0.6470471834002439,-0.05414564726239023,0.0441631338839491,-1.2564487982908559,-0.9597959093581805,-0.7520837833425856
2022-03-10,1.6928723816310345,3.7816578926930418,1.8833025503526086,2.461237428491532,0.404596475196174,1.3837289282091552
2022-03-11,-1.1249181914658124,1.093973307978718,0.7650315005517554,-1.505232910959606,-1.1162975012313459,-0.5024419390549859
2022-03-14,-0.6626257667190373,1.7590907126884774,0.5026662093917023,0.35878297423799094,-3.497334338183869,-0.42181960684235353
2022-03-15,1.7019637455999295,-0.10386239746310606,-0.26716618968791456,0.06170748300312366,-4.035453800591074,-0.6345617652889928
2022-03-16,1.780776384072954,2.99657920772148,1.5694951975729148,1.0982153608555147,5.948266655777031,0.891093715723842
2022-03-17,0.9660735434847915,-0.3340388807646382,1.2439430476843845,2.3457350582136476,4.65297895512901,0.8195730860073658
2022-03-18,0.9101295041568214,0.10860885192320863,0.2388703958060112,0.4135445352675527,-0.28786834894761665,0.2631512787473758
2022-03-22,0.8449786820199044,0.3075482465154864,0.9385731846844753,0.9868720010544579,1.50397548961827,0.033245758335313146
2022-03-23,-1.067301091436358,-1.1161306999189877,-0.23524177052000272,2.0318884444369454,0.819053524623313,0.5605782664364045
2022-03-24,1.1287551085161558,-0.09073974835277857,0.06898914392111434,0.13037536563220115,-0.6507434108480602,-0.1667894466574639
2022-03-25,0.3698884764405174,0.14957515629273832,0.1909453002309503,0.05306344893819918,-1.7138291665372525,-0.030742082793792536
2022-03-28,0.5405284347026947,0.6038275089737087,-0.15802202213509192,-0.562088654825753,0.8858714391689112,-0.048388205772536684
2022-03-29,0.9586273694783324,2.2285752063101576,0.8272159538849009,0.7267860642203834,0.7576564587575264,0.23554427383482893
2022-03-30,-0.5688817792852429,-1.2294797433724072,0.5233293458799967,-0.6084278327469659,0.9396973564990347,0.09613748845639032
2022-03-31,-1.350386870614238,-1.1161883304892766,-0.850802396309559,-0.5640302831890118,-0.7326198651257598,0.2196705019519008
2022-04-01,0.23370492006558996,0.14642204402020365,0.2712086097662916,-0.43969682825356615,0.12843041977974617,-0.4599101503865942
2022-04-04,0.6180642355090448,0.37219499573010334,0.25460421383663423,0.13341089498640965,1.418557288605049,0.3890622837753498
2022-04-06,-1.8970551966394735,-2.132535932875734,0.3558749960306966,-1.0317872153163608,-1.3001293178307385,-0.5804315531769996
2022-04-07,0.3030738916269101,-0.4617042873984346,-0.49187687220291887,-1.2431980751229255,-0.8517133460095511,-0.9773883924815607
2022-04-08,-0.2666904136503518,1.1555243813009644,1.5141548842626793,0.20831325874383053,0.19324718150876657,0.07091249552184563
2022-04-11,-1.4532083257617359,-0.5580181938585466,-0.6871740340790262,-0.4750944341448628,-2.114525960818624,-0.21434038483026482
2022-04-12,-0.33017991628749155,-0.42727566953496177,-0.564576535816673,-1.333246597377712,0.3525465600089001,-0.6781830774394387
2022-04-13,0.8703048640082718,-0.3164338290670096,0.03227566490858623,1.2996818913809152,0.17282535132017796,1.1643575971018905
2022-04-14,-1.0565523317422234,0.47405121095932046,0.44339500997422326,0.8100096382854894,0.45449888493555823,-0.033103503123618046
2022-04-19,1.2512442813675781,-0.09428883179686941,-0.21826326071243027,-0.531102227488292,-1.5827934739958918,0.01383845877069633
2022-04-20,-0.09855203631801158,1.1666774076792303,0.3420736301686171,0.558532746725188,-0.2754951036182941,-0.04316190567204761
2022-04-21,-1.274944816045806,0.7643282164890811,-0.03699518229293394,0.8154213726796359,-0.8678638336231089,0.1891728118247628
2022-04-22,-2.370817344369173,-2.0991456328913634,-1.4135723968301142,-1.198152457347908,-0.14921866499929148,-0.6015192801152368
2022-04-25,0.42178521204491265,-1.3087029666213017,-1.901393623609763,-1.3935179526602988,-2.6052596457889905,-1.193703069311909
2022-04-26,-2.4053333726717026,-1.029031502113199,0.055201724025264985,0.24303425693337238,0.220553094145585,0.23494876345651894
2022-04-27,0.12563316096673993,0.18962630239881903,0.5063885586851519,-0.8763038616358058,0.03562911719697096,-0.7558939699340433
2022-04-28,1.9714490589741482,1.0647388992138471,1.0892523819661608,1.1734162260549275,1.11864230033486,0.6591356239186608
2022-05-06,-3.2717038417382978,-1.8479347416404903,-1.6369771964922957,0.36106134790896754,-0.9367676022052946,-0.6015932366164208
2022-05-10,-2.533891546246993,-0.8760115613562676,-1.9836910652221662,-2.2588757358396134,-1.2769242633561113,-1.229515355134978
2022-05-11,-1.4184305000437973,1.7291909577551414,1.399641649752571,0.07941578244023635,0.6581617356258324,-0.1460147408887726
2022-05-12,-0.15455784544950016,-0.5640265511880697,-1.5781073799094365,-1.3043049199451247,-1.5562852454458531,-1.1065431456627384
2022-05-13,1.9007221172802051,1.6703569274180332,2.4826461418740298,1.7850710401666712,1.8033596833833365,1.3296861721733177
2022-05-16,-0.3740263098280126,-0.4067452807702985,0.5998455855001429,0.2714996757516063,0.17242481644358917,-0.23012435893832808
2022-05-17,1.6017263902834018,1.2580118289858797,0.6883932700470553,0.2523984595815696,2.198813251425316,0.5570562867107556
2022-05-18,-3.452857455236557,-1.0715444008711297,-1.086633835681112,0.6147398900938265,0.13428632299564675,0.09910336341298465
2022-05-19,-0.530666516351343,-0.772517728434114,-1.843901468874028,-1.3870234926704414,-1.7635797624938596,-0.8776657619336629
2022-05-20,-0.03538927951665569,0.55279240593619,1.1575156530663866,0.8444061472174694,1.9964218702606744,1.1300282736700875
2022-05-23,1.470913963016614,1.0940290994343413,1.6214732322806162,0.6415592251320235,-0.8263039287714107,0.16084924582573915
2022-05-24,-0.7208727725557516,-1.5278673948539276,-0.4050349788923876,-0.7087545160804206,-1.212443898929597,-1.0671344539981447
2022-05-25,0.7293925194495664,0.48426793245500077,0.48629567353460973,-0.23079616033410644,0.1967938995272623,0.24453416004530518
2022-05-26,1.5785396385723722,1.2644073930531188,0.5322462566135786,-0.23821463412717733,-0.19158266467913115,-0.15712317351395244
2022-05-27,1.9710753383036648,1.286990443480718,0.2483906765672402,0.4204141012361275,1.9459272659331237,0.5964113111747263
2022-05-31,-0.5672751370253563,-0.4542152053567585,0.2685265135896003,1.250672003356237,2.330368222323488,1.13177445658526
2022-06-07,0.5208052611749113,0.9202920397799769,-0.13620984515246196,1.646380930741379,0.36704857614464265,-1.4981183304611077
2022-06-08,-0.9437495108523567,-0.6602473545480673,-0.09844130894351097,0.681483953854724,1.5145047900406743,-0.043088550004809066
2022-06-09,-2.036699579287017,-1.4507155947707757,-1.5592658169893838,-0.015092433490864955,-0.45858554303292215,-0.05597504925247902
2022-06-10,-2.4872937498616285,-2.599769534983205,-2.14991208682002,-1.1049822091522792,-0.20152289979986857,-0.77569566361437
2022-06-13,-3.3129642674543285,-2.055606772105602,-1.5474016335140626,-2.1935967876423406,-2.3639881573379427,-2.37066859741988
2022-06-14,-0.3597064138628083,-0.7872115918107586,-0.2736470856306484,-0.9838001448353482,-0.003039717261870123,-0.33900966426996937
2022-06-15,1.1489929047826373,1.0744695719387478,1.1572054027424794,-0.8523746548759008,0.77200614850299,-1.2398304510327436
2022-06-16,-2.777158920904819,-2.7996410242670846,-3.1865763583676543,0.23451080305150124,-1.507995468339202,0.06872867358439014
2022-06-17,0.1341065052182588,0.5166186041422768,-0.42635609843467887,-1.3027355045510083,0.7456509688574616,-0.3172608821169521
2022-06-21,1.9497136343858594,0.9983198641157348,1.8803674849250251,0.7178149161485268,1.552351228611209,-0.897407582661979
2022-06-22,-0.1550215829424638,-0.9538292187600108,-0.8977111115511832,-0.3053732803315387,-1.7780357693834998,-1.8500907339972652
2022-06-23,0.7360562481503119,-1.493764004750921,-0.9874494571272535,0.012764760207411017,0.85571181082953,-0.8348311510460862
2022-06-24,2.438885082292574,1.2621873600418845,2.6043605744934895,0.8111720419307824,1.4138548905337536,1.415762929989147
2022-06-27,-0.29336233061208955,0.3899478972769319,0.6574827632051641,0.9543665854069108,1.586429618824087,0.9259554901036157
2022-06-28,-1.7280050883896214,0.2502316189498662,0.864416707170766,0.4193489704441162,0.5767578709759394,0.5059860128327863
2022-06-29,-0.10626013235724358,-1.4636948029151347,-0.17186610366287328,-0.6852439153726724,-1.3058920385379842,-1.2345257216679093
2022-06-30,-0.7740521674880702,-1.4319342000669615,-1.9806606211577447,-1.133958598940572,-0.4325158250490061,-1.291791156251889
2022-07-05,0.9503142960838576,-2.5279072641318385,-2.031430018908782,0.035476389974815066,-0.025423256692767047,0.21619615574383266
2022-07-06,0.24711505342160742,1.2355984876383432,1.1339836132643966,-0.8913621961108331,-0.8443158997637122,-1.4367730376398684
2022-07-07,1.1792748171425735,1.5709581279500018,1.1068909120660742,0.97848747651995,0.17595282554677083,1.1509286334477022
2022-07-08,-0.1160564681458897,1.0579539642375007,0.07654047919954901,0.025174712435069295,0.25520395997013773,0.41571397456655007
2022-07-11,-1.005012516177148,-1.194989172705034,-0.015874727182546795,0.7329101009973604,-1.9272525133003642,-0.3253556605105296
2022-07-12,-0.8144376686656791,0.4318031227324234,0.1617799369395687,-1.3045799719140594,-0.9163358946650748,-0.6675322880226686
2022-07-13,-0.4163652828108807,-0.9882565146883195,-0.7602646338224772,0.3329439265089342,-0.1582608233006093,0.26564640832556335
2022-07-14,-0.29547978657350815,-1.5711431441673016,-1.6510510155558242,0.3903748171036794,-0.15843340804593545,-0.2144490419425181
2022-07-15,1.5232939850389027,2.1975722457124665,1.6443129274578816,0.3363984993849605,-1.5174618883900037,0.20391564476577784
2022-07-19,1.5097119244471882,2.7490751650832665,1.8632040511257066,0.4077584535027909,1.2105763276550943,1.0689287512634598
2022-07-20,0.43803256273178376,-0.19722645344784423,-0.45743397461888585,1.8045584483584012,0.7509624948807249,0.3961661224028533
2022-07-21,0.7629793129769548,-0.2527489353351378,0.06324900293581012,0.26563185544656953,-1.0467671491033348,0.5672477473302624
2022-07-22,-0.8218225485834021,0.00955232172721875,0.05908282679691504,0.2363468427165401,0.11038876030985637,-0.47268284744477557
2022-07-25,0.061087182053590816,-0.3030233740132583,0.3854245511545652,-0.5904774242726952,-0.15805773646120766,0.24796659129674284
2022-07-26,-1.0063277179593308,-0.7416331536345434,-0.021387498953396627,-0.15750175617882722,1.1282592432471792,0.21218964499870874
2022-07-27,2.0849568550484445,0.4000449934292951,0.5459083593144081,0.10823002544018516,-0.7812713939756649,0.030922789012197784
2022-07-28,0.9485744561583357,0.6842611669861588,-0.060552000525961304,0.20707131620235358,-0.1614501649423807,0.49143381374671763
2022-07-29,1.11766884396243,1.2044855155090082,1.0278522338096783,-0.08058655041963046,-1.570061174914636,0.39402034373523764
2022-08-01,-0.2809392340316856,-0.06096763692450922,-0.1551151425135178,0.4377895373986949,0.0273169762176615,-0.018462450606125266
2022-08-02,-0.599529970381921,-0.21956010738034448,-0.07894323932108328,-1.0544004054633367,-1.6423145914108654,-0.37450518388433424
2022-08-03,1.2340909113266172,0.8060316253902721,0.4674648071810845,0.3285631079709384,0.2659512287481307,0.5415149453413848
2022-08-04,-0.11168147932819737,0.41847973398352367,0.010582999708824741,0.4352758588153944,1.3910814965543028,0.26926320048401015
2022-08-05,-0.18183354434865054,-0.5689733960321418,-0.13333260484689952,0.565375519379126,0.09026566359472134,0.4255925436872032
2022-08-08,-0.14972747500083922,0.6509744192397331,0.546362960808496,0.13734941446400206,-0.5357943931705744,0.021708364209482106
2022-08-09,-0.39909458318828,-0.9550164959854495,0.0554851957584335,-0.6690313377950773,-0.14912868835092338,0.23156494676875677
2022-08-10,1.6924272560501332,0.966252622884965,0.22868502977650795,-0.5008184573048915,-1.3617266371454655,-0.6281728613732624
2022-08-12,1.3126207563743764,0.5326313913873467,-0.10335542316037108,1.7705938143614757,1.9398828291227816,1.184868221418457
2022-08-16,0.43449062532192173,0.6430081655031443,0.44307005390796717,0.7432141563935518,-1.1858065124987007,0.10515708558130657
2022-08-17,-0.6473833884201936,-1.72366185137268,-0.28897918146265095,0.8113638035777962,0.31234145970145144,-0.4779359059335555
2022-08-18,0.13976724345117605,0.3907015388503671,0.3225228923193905,-0.7243217966333282,-0.5514871703439338,-0.2565453238185475
2022-08-19,-1.11976883911521,-0.9553890279999704,0.09035668047842764,-0.07428938324118309,0.027215815012042514,-0.43826780875075955
2022-08-22,-1.834022183088152,-1.9589947171208582,-0.23973584547851812,-0.376607279379854,-0.4074571496575539,-0.8315880702988422
2022-08-23,-0.23248460982266628,-0.25981444145622634,-0.6249903116170893,-0.8854053294290718,-0.5420204243091261,-0.7603309618383172
2022-08-24,0.1930301963049827,0.12646519054151178,-0.24155448640117086,-0.39074532983311416,-0.8327514570960598,0.2845157245640394
2022-08-25,1.1082097652237384,0.28754772438449333,0.08743270768433901,0.3644741729603432,2.437958825976339,0.7497054615198208
2022-08-26,-2.877615881532586,-1.9137938985547853,-0.7188284190995033,0.3543178567907,0.6837088189154661,0.060616247179935696
2022-08-30,-1.5157070461143367,-0.099450393547704,-0.9028255269851003,-1.149020279566723,-0.7588494241681961,-0.8329525300725518
2022-08-31,-0.6955834141891495,-0.8370422626843756,-1.069946109325326,-0.30563576800641407,0.014028192803051082,0.5201647908748458
2022-09-01,0.19962362084882385,-1.3538665836941475,-1.8869381433321686,-1.130750430290727,-1.2408696299836677,-1.5418198908788423
2022-09-02,-0.9389536126613601,2.6512426437967176,1.8032973274541007,-0.07261785235587623,-0.5137001044755103,-0.20567192947087914
2022-09-06,-0.38635301250392085,-1.1665876033730826,0.23985933274669796,-0.10749907185480673,-0.8878774321434905,-0.021893115197316848
2022-09-07,1.45355845670954,0.249411375400014,-0.8757229486429577,-0.5469282444312796,-0.5716849744076401,-0.9512181087598234
2022-09-08,0.49670878694975046,-0.1081229284007607,0.3111252296991383,1.5641377131526566,-0.6898339817966407,0.17548044663061607
2022-09-13,-1.576524925729273,1.756701067659072,1.6555363143541806,1.3179508158855917,1.6896260066561772,1.7194108804090096
2022-09-14,0.2317945143966297,-1.0418779087367946,-1.4908914906810435,-2.0300438991647543,-1.7256873298770292,-1.059370135384888
2022-09-15,-0.9874919382812125,-0.48475481229824335,0.044028751491925464,0.0991321600144831,0.2975497637822632,-0.2977664377294692
2022-09-16,-0.6427531094528991,-1.4100844852072396,-0.6418091791227162,-0.8277481214790134,-0.6173250537128715,-0.5567382583166574
2022-09-20,-0.41930150996457954,-0.48903010626795773,-0.6264038346287367,0.26189409104607064,0.06760316339593288,-0.447532289446559
2022-09-21,-1.4733051416741223,0.58753363379617,0.5959644051794513,-1.0054836572221835,-1.2435084900211364,-0.6082905802395083
2022-09-22,-0.7464206490936185,-1.5623621455663703,-1.0977093958520905,-0.4570287686674042,-1.1147509241789073,-0.4529144334353875
2022-09-26,-2.341508117252786,-2.04781079008941,-1.9592965993374303,-1.941915363029199,-1.1182424663294164,-3.2234271283876135
2022-09-27,-0.22275914211441813,-0.6285198937400196,-0.5370444036884082,0.32684772321589495,0.015451914948762442,0.04715939099144983
2022-09-28,1.5614422117172537,0.2602106430633889,0.27359973749148797,-1.1068147590387731,-2.381773579175302,-1.6556484463821581
2022-09-29,-1.8109330441166427,-1.4456302436060506,-1.7902105621295323,0.6179419272042985,-0.3426639573431303,0.01081660396035835
2022-09-30,-1.3012486221068906,0.9118741539185928,0.15432662131491168,-1.348288264460641,0.22247907008534543,-0.5029984752366611
2022-10-05,4.384184740706473,2.6508254738777395,2.2378886531133286,3.0924346899342687,3.3518190681366393,1.7409298029271902
2022-10-06,-0.8979381824756867,-0.33888301355334904,-0.802327749657646,0.4474718624146283,-0.29201883348861435,0.6235448727095347
2022-10-07,-2.3932084954894313,-1.3462406248853067,-0.10932305600417958,-0.5500957236447332,-1.0467244957358728,-0.1845628676746736
2022-10-11,-1.2087373444913792,-0.38760330524678466,-1.5356168654636342,-1.9248179186428946,-3.600947809440178,-1.237960952008108
2022-10-12,-0.3196829651206275,-0.3570303397974266,-0.8751444290512507,-0.05735650219964869,-0.5407493324270877,0.2697310088062146
2022-10-13,2.0696129565643937,1.192893226324368,0.3282329658049726,-0.4716477406804347,-1.2954081770271262,-1.2194297346616463
2022-10-14,-2.025192083443948,0.5103958831090811,0.10163128005227519,2.205715214791309,0.8203597229287641,1.4399259052941011
2022-10-17,2.1110112288520226,1.3481351147012397,0.8627456447787185,-0.8681746312176688,0.09962489151841998,0.1719382794514651
2022-10-18,0.8909653750435929,0.7189702685474999,0.21486663540503104,0.9465683749462279,1.2279871460393503,0.8424646346132353
2022-10-19,-0.6003365915538583,-0.18980799730903625,-0.18885790601600067,0.21616435735379516,-1.6568988140225318,-0.40132530185967114
2022-10-20,-0.706728483622639,0.13326299580679443,0.24899537390431548,-0.6947931274891714,-0.9694246335737887,-0.6037849525797591
2022-10-21,1.889035309332997,-0.26911135703915134,0.34652706633064917,-0.3493486466535973,-0.29563858073055416,-0.1843952023350439
2022-10-24,0.9280613929318815,1.2488708762372733,0.6071663973963417,0.17463790602592238,-4.50153741996446,0.6358050275653621
2022-10-25,1.2851559329107873,0.7336027812194051,-0.028459642871749825,0.6688564956350732,-0.07252338210147415,-0.07010814130073545
2022-10-26,-0.6598562180642173,0.8593344628588703,0.579359390912393,0.42151805355949223,0.6789016862965828,0.38228024041869574
2022-10-27,-0.5513398563436773,0.06180627544342131,0.22575113472737837,-0.2679862231994519,0.4868276777741782,1.0867584582338679
2022-10-28,1.96173522864846,0.1651316821036122,-0.38669402823004534,-0.6657585552686445,-2.558687135106467,-0.6206069414178748
2022-10-31,-0.6654049977951635,0.03043693451212473,0.635196066571067,1.1949153886786286,-0.8202761451787005,0.6810866952728378
2022-11-01,-0.38686497520157576,0.4906640956449664,1.252667249626077,0.18722715326098635,3.4870393959450277,1.131985730894493
2022-11-02,-2.138561921560017,-0.5402038052753666,-0.6042826255803311,-0.08505494479170116,1.6239000893165974,0.007608171932976684
2022-11-04,0.1907577216254265,1.2139726189129707,2.5919827186759363,-1.2344937219065035,1.4255490308535985,0.28284148731893455
2022-11-07,0.7427449477916217,0.4139666939877809,-0.4931812691757641,0.7973134290672964,1.8134917050652355,0.605941554941581
2022-11-08,0.41356921067768476,0.9020484590301344,0.061476121257097,0.8291576456801062,-0.16382786193611848,0.7052609587243636
2022-11-09,-1.7815310388790542,-0.16866088904248766,-0.15454825393153018,-0.43956308820648726,-0.8315108277282173,0.6463996095669737
2022-11-10,4.408348561212343,2.7980192868738216,1.046966512170307,-0.734999495194638,-1.175886278512936,-0.6366499176780361
2022-11-11,0.7122082503253901,0.42172554551943053,-0.7951316265912958,2.0188630296529877,5.1005011276471235,2.118537769138677
2022-11-14,-0.7887588887295831,0.47467423550475973,0.8854365970964702,-0.796431795782567,1.148081284749314,-0.26184664966569304
2022-11-15,0.6690202528122838,0.339041316466453,-0.23385828544568063,0.021547749373663053,2.7509270668354833,0.1108715664295437
2022-11-16,-0.7318017663231782,-0.8629952340414335,-0.26668914722239606,0.05017836580061585,-0.32857584546403695,-0.11400677676813313
2022-11-17,-0.30299243234412726,0.15227316786082695,-0.08483695428300328,-0.29127201866183006,-0.7997366880327226,-0.9525774505830666
2022-11-18,0.34460965949390615,0.9125369554573648,0.5038615494122255,-0.12319041672414921,-0.20624900333458748,0.0037161257696134015
2022-11-21,-0.3688267031764556,-0.3299427108796647,-0.1369741894005846,0.06782999176086833,-1.2976881326984804,-0.7070061512762942
2022-11-22,1.0665331467433894,0.20771670086329563,0.9940986760185452,0.38340941221337754,-0.9081773289354559,-0.422357271465354
2022-11-25,0.41620366708586093,0.6405837905576458,0.42883868431115535,0.3717018921209255,0.5793698961671452,0.8377155686780607
2022-11-28,-1.3329081695284015,-0.9308955323411248,-0.1898176922549892,-0.3451510693226183,-1.0869581774340333,-0.8333237043240205
2022-11-29,-0.179030909404976,-0.19348518406033433,0.4817192717532989,-0.3835426293385276,3.4942544030456704,0.6371014118499017
2022-11-30,2.4696988128471142,0.20339608860276306,0.7822449158852715,-0.19342598929021426,1.4565345127109024,1.0003345258363536
2022-12-01,-0.11914470045628542,0.49591784575447556,-0.21282737446140124,0.5980258411905817,0.5063076820029848,0.1537978515371713
2022-12-02,-0.14618096228308458,0.1870675492764678,-0.05157678092489883,-1.1714091712990284,-0.22800884078395597,-1.2441097392646934
2022-12-05,-1.5386794309026695,-0.4973548847899878,0.1268555439989312,0.061957187142193816,3.018755592415281,-0.4409957411282587
2022-12-06,-1.2452970287916283,-0.6294455416109829,-0.6275750064321147,0.11975353769871268,-0.2754391266173772,-0.7460896178932352
2022-12-07,-0.20140995299519926,-0.5046567418072226,-0.4470014884712903,-0.5505300489879508,-2.246930248429726,-0.3205089273364558
2022-12-08,0.571423068233917,-0.01466950889982963,-0.2468312623526841,-0.3306274976474899,2.2700567792677964,-0.3596161291808053
2022-12-09,-0.6566831269320152,0.5745391900755425,0.03701051435881635,0.7825988940810611,1.564079369277821,0.45284132401624827
2022-12-12,1.1234938697010046,-0.40093397038396744,-0.42824308516022797,-0.19366948211181007,-1.5256629365480143,-0.47635281151658937
2022-12-13,0.5523939736018098,1.0559690598969338,0.7338190499219786,0.23811177052667906,0.46045474799067543,-0.0553875303770961
2022-12-14,-0.5488565782277705,-0.24771579528005475,-0.113985780263429,0.459266966451423,0.26504274099679864,0.6942217490986823
2022-12-15,-2.1317595284313713,-2.769522485603659,-0.94814375195152,-0.30715585387204636,-1.0738133527208653,-1.085352125829554
2022-12-16,-0.9724583418005952,-0.5826104806327776,-1.2864762076812486,-1.3734187840932661,0.28520934180693125,-0.06457145725598866
2022-12-19,-0.7947372695093761,0.2596324497295444,0.37290465028965614,-0.7891966275407528,-0.34976577346748805,-0.255262466691344
2022-12-20,0.038168947127623636,-0.3774511611709475,0.10386871797327195,-1.7964228291041329,-0.9234543828202249,-0.5629792386514781
2022-12-21,1.1714145867396153,1.2164778549342847,1.6694343765240318,-0.5245792014052576,0.23079895203808534,-0.15957008332266998
2022-12-22,-1.2496967219109587,-1.1109181000620079,-0.39257792012786225,0.27396339483207327,1.824873999140637,0.7335022813519241
2022-12-23,0.43575796356780483,0.12423443182751878,0.027744968422078905,-0.7727304815391932,-0.30484332810437403,-1.2381826871738333
2022-12-28,-1.3813554907727505,-0.12436696316428254,0.2993524118139284,0.23604272317676292,1.0563172744454365,-0.9803661423147019
2022-12-29,1.3821851049165206,0.8227142424052583,0.18349997364824236,-0.7078220736738194,-0.549467567620973,-1.3080925954868177
2023-01-04,0.031673083705451875,2.3746252637885923,0.9313782841648096,-1.0687378012003939,3.5507855472985033,0.5290701522491857
2023-01-05,-1.0148777217274578,-0.3431780340446185,0.6083080651800111,0.23814327361259946,0.8435201922495864,0.21131460078195902
2023-01-06,1.8176859145187165,0.9477047446566855,0.8326576790444712,0.3701168318890538,-0.20154457657617536,0.6853945709658921
2023-01-10,0.46343457119825315,0.8853952078580279,-0.08583111481616672,0.498562306090281,1.0952959414259134,1.6823633643574085
2023-01-11,1.0069846213410916,0.9231632568642855,0.3710689566541382,0.677423457988907,0.3305594980005619,0.18879769290048215
2023-01-12,0.2341726919056547,0.5698725397879753,0.860777011807479,-0.03541939844909462,0.24450306069893823,0.11511396481535477
2023-01-13,0.28197496709057146,0.11961851281161275,0.6142615952046817,-0.9294995016221533,0.7066838776959342,0.5367944825488129
2023-01-17,-0.21532167642747416,0.5111860419901778,0.06583735382434311,0.005999486548816091,-0.5134808789962022,-0.22142203286918394
2023-01-18,-1.3428409901512428,-0.06254823222807769,-0.27822611325490015,1.6885917103675956,0.31338528243788577,-0.34193140853054915
2023-01-19,-0.6807121778909789,-1.4598379008754,-1.083625655147833,-1.066091156898484,-0.08977725005025389,0.2911728527003214
2023-01-20,1.5003711391781807,0.5863246789357696,0.27652596057861784,0.3483612081480573,1.2295462608975831,0.3683710623664315
2023-01-26,1.7583624840782457,0.5062624877598944,-0.14274483189153958,2.0660109905438935,1.5986220802985982,1.9261909257157366
2023-01-27,0.15832833561112053,0.05907628279518092,0.03100722930501073,0.005327524559736679,0.3651993945448121,0.3656633041090446
2023-01-30,-1.1255202863076443,-0.16391877762219026,0.22996787434808344,0.08489529271694538,-1.899077394419197,-0.923572400431053
2023-01-31,1.153059976907207,-0.022178287448661342,-0.1897367045615759,-0.31864072480387545,-0.7136108799415845,-0.7163655604996529
2023-02-01,0.8112921753889244,0.25013486917304856,-0.15678839490510477,0.00529342126941075,0.7124641450025884,0.6218179344099114
2023-02-02,1.1576915044703897,1.7228869460890504,0.7311843111235228,0.09618132825953361,-0.35840890758142074,0.46664833852263926
2023-02-03,-0.9070781247458396,-0.20762309960694686,1.008395103315488,0.2295975488494228,-0.939708454214817,0.2646619095114338
2023-02-06,-0.5561471244730442,-0.7292114577785226,-0.8420770119331443,0.42380923918138674,-1.4042707420251044,-1.1556693652426848
2023-02-07,1.0088670267302204,-0.16804611314862308,0.33243175804887454,-0.06635853534312534,0.24215288376074998,0.32159132560929565
2023-02-08,-0.9676957706479128,0.45292822116465764,0.23686091187087197,-0.2466043968521067,-0.053194842940212914,0.8039295958958471
2023-02-09,-0.7799277423261048,0.5569340786464086,0.30518301502353457,-0.10194065179149622,1.083562691038466,-0.09395972483535259
2023-02-10,0.13364470601000783,-1.1811735824886256,-0.3819352603234752,0.17498134661103115,-1.39250570912045,-0.3483904220448841
2023-02-13,0.8926833402627905,0.44368627439815295,0.7945592007729474,-0.6677069423933903,-0.08844481733748553,-0.48879731349390976
2023-02-14,-0.07061988808616831,-0.12355931956118987,0.057217538190742816,0.4029412411068312,-0.168481413504969,0.30415469476651796
2023-02-15,0.18125493136724663,0.634452859293125,0.524645699127345,-0.30319839752904554,-0.9895679435016794,-1.0424585511934226
2023-02-16,-1.1941604473752705,0.1103214659955359,0.1607859688021758,0.4503321859949588,0.5706508767591706,1.2249823748591742
2023-02-17,-0.2763280096119057,-0.30737798506897435,-0.12172729022207171,-0.5126692327394782,-0.8839614805986085,-0.6797335167547708
2023-02-21,-1.7194251351664533,-0.4826343096024275,-0.35161135301931074,-0.14799749882785324,-0.636278701917023,0.1671143991185626
2023-02-22,-0.17751640095155388,-0.02196096755198325,-0.6100622929741135,-0.9961630651355644,-0.3576890951426915,-1.1404528799217233
2023-02-24,-0.48337040475916193,-1.0538477356586295,-0.6727410945259503,0.8547546099118078,-1.4060300050741403,0.12109936215823806
2023-02-27,0.2059448949375983,0.8872821223687467,0.6862409853341596,-0.12125355117571669,-0.23242740321299848,-0.6040646208469134
2023-02-28,-0.2985752522906126,-0.12103308817491193,-0.7592450598070439,0.009799238014760927,-0.5475542328004648,0.23766895235937333
2023-03-02,0.18520195543698345,-0.23462703087140904,0.8276741525779389,0.09091119373204949,2.187364202360418,0.36505465183404096
2023-03-03,1.2754914676938727,1.2978529578085292,0.017318900998696134,1.0422884349919326,0.45689708720322697,0.0746735955976974
2023-03-06,0.009274045325136834,0.3611554841156899,-0.23758431097214963,0.7316700154484387,0.11421944947046467,0.7742223771444938
2023-03-07,-1.3230714699925037,-0.5286993558735988,-0.15032532180848515,0.13200391837864103,-0.23311964467981885,-0.019081379176829765
2023-03-08,0.06930391406835075,0.3466668139078057,0.10880257180036916,0.2891292731977263,-1.6351033755731343,-0.8745512855511117
2023-03-09,-1.5862175152570035,-0.027023295184782126,-0.6476167944533793,0.3955863431900242,-0.4343541849231652,-0.3824348271008123
2023-03-10,-1.251912293169582,-1.1187813934331485,-1.6921446318685833,-1.2331023799964378,-2.118676815532009,-0.7010110687045709
2023-03-13,-0.17223958092546965,-2.5652085116664205,-2.6130285719187554,-0.8272065644420625,1.3157037703680385,0.39540141609097124
2023-03-14,1.3022200268435487,1.4522853291499962,1.1349236920505987,-1.6067015446250479,-1.5799786858329754,-1.7242768374101392
2023-03-15,-0.6260137806134699,-2.7599169212006007,-3.896933162301653,-0.026354337079281528,1.0263448463817806,0.8082546392314185
2023-03-16,1.390356477511232,1.2473100064661282,0.8594200317571806,-0.6132555800444192,-1.1919884670146286,-0.08790636945339902
2023-03-17,-0.9625793279306405,-1.13214256723201,-1.0251891574707896,0.7910329701691465,1.1086282695165086,0.44654682281217767
2023-03-20,0.6858262607773352,0.8788971773827031,0.9007128967454167,-1.0515079884754472,-1.8458092785679643,-0.487990293038802
2023-03-22,-0.3531640821330177,1.5058513552915074,2.13763530279281,1.3013150256682189,2.092135187427823,0.9866405073515337
2023-03-23,0.19865995636544775,-0.06535517508674883,-0.9063444235710613,-0.16604578449761542,1.578770147745533,0.16384712379358415
2023-03-24,0.41701148114863534,-1.411682731329783,-1.2740160609122417,-0.1337772290477129,-0.4634411001652371,-0.29448423219399644
2023-03-27,0.08844815802748673,0.8960188557772695,0.8628162907800123,0.18935331623511253,-1.2114772547597898,-0.19328135507378008
2023-03-28,-0.17754016987711219,0.04371034413442267,0.14443869313656524,0.06027384421393609,0.7507126028871481,0.6528814599824838
2023-03-29,1.120071728372852,0.9721206081396863,1.0333863500595835,0.8826017149060136,1.3925711586717162,0.20125504305451428
2023-03-30,0.4232085305712639,0.9962149522087423,0.7116408121758016,-0.30044414164777955,0.3903522021865023,0.207276006594627
2023-03-31,1.1362966325913118,0.5268566636550791,0.12561391040977726,0.6059809683908169,0.30170173324908695,0.5875030847432171
2023-04-03,0.2574572338923991,-0.2861125291163448,0.5140214036838212,0.32137025986137047,0.026067077596640755,-0.15727623140987226
2023-04-04,-0.5276087094035409,0.08464799165147512,-0.5204084045462987,0.20169848885503688,-0.45745133420822803,0.17638181173233972
2023-04-06,0.0415129815373581,-0.06341683401498466,1.3606252701065367,-2.1013898558064104,0.1865603102492777,-0.5992333978015233
2023-04-11,0.0313681084450972,0.26681322792064793,0.5421283427887388,1.0991044576259978,0.5125003638547296,2.266377155434836
2023-04-12,-0.3896558237289244,0.21946686199183213,0.4755684296285702,0.35463578500730425,-0.593159042962027,0.032608069078347506
2023-04-13,1.0406753318976496,0.10099835224443861,0.2141487166135211,0.14020485117360867,0.11225831528288008,0.24226548002542736
2023-04-14,-0.21853946549845193,0.37216664599321947,0.3384314481440479,0.79005588341265,0.3124010529702032,0.21094507252903666
2023-04-17,0.22513915515156194,-0.12741879316404134,0.07434544437613165,0.007003494551867572,1.137378546966905,0.07341721813413266
2023-04-18,0.023142480242049738,0.44869545362799007,0.3543458820252712,0.3088670162556894,-0.4404978168983582,-0.16029028156137057
2023-04-19,-0.054417175097637445,0.030671460259549144,-0.1544295343530852,-0.17349623988802879,-0.9484617622931841,0.06256720178109636
2023-04-20,-0.5405332856994804,-0.5480737667331442,0.02633057270418063,0.07924478323331638,0.09376614741713107,-0.3416703636022407
2023-04-21,0.027100608969131915,0.41000895376838575,0.12287166039192231,-0.27471356806677216,-1.091443077846472,-0.515303859915188
2023-04-24,0.022842024629868257,-0.12563855580280062,-0.045205934992307906,0.02616637650209497,-0.4004773063959644,-0.5752844916499527
2023-04-25,-1.3636709628129837,0.008252550327675702,-0.2862974629538787,0.019704493237854136,-1.1880688611176116,-0.9339465676711196
2023-04-26,-0.3653029979563105,-0.430099291397079,-0.5065823094125879,-0.5477553891940549,0.4804552414301065,-0.1480470963773873
2023-04-27,1.5528571708997685,-0.009536588322774124,-0.28704283274989706,0.056351473668681075,0.2827331131040344,0.24863741422878402
2023-04-28,0.6313566021067156,0.5969102536328426,0.4714075692204853,0.933204085293701,0.18275452928343194,0.11064322193593207
2023-05-02,-1.0418193182668098,-1.0477861552682879,-1.2592731951782095,0.6855587406639858,0.13056063364659476,0.5537920471263513
2023-05-09,-0.055680933551063634,1.1501265553961884,-0.13503939565675566,0.15886297016412032,-0.2322709776476803,-0.4089469220982348
2023-05-10,0.32203406953621205,-0.3394266836264116,-0.3131430525447787,-0.33636456667713227,-0.3685576892433045,-0.3907327248927082
2023-05-11,-0.18769691985806797,-0.3512977572821626,-0.15859873337728053,-0.03461253435134215,-0.06819559309301208,-0.18220518176666994
2023-05-12,-0.17832295960326056,0.37395609481673353,0.28612029517904947,0.5833038460484488,-0.4098003137415295,-0.4467977073447703
2023-05-15,0.19648904425005737,-0.016420930859574755,0.27369246420743765,0.5218614940738772,1.1850455510578901,0.06489484188447282
2023-05-16,-0.5758619708017563,-0.1336970511872374,-0.3612530244842586,0.46692563511588836,0.020033218498001697,-0.015014395029016553
2023-05-17,0.9287839033142303,0.24102720008899634,-0.3791159615656171,0.5426148595469011,-1.4511996298842809,0.33899134613822784
2023-05-18,0.7289248603725175,1.04994571645264,0.22364410533336157,1.068282584491591,0.5766698625143346,0.5005785435096027
2023-05-19,-0.16695497164089051,0.5328326717286435,0.16551193144006707,0.4916792480189595,-0.9715921757479133,0.5384939342594439
2023-05-22,-0.034654945003507076,-0.29363699096973556,0.15877768936711809,0.5873503640607188,0.7922655920582485,0.45455507648267657
2023-05-23,-0.979497181998769,-0.3947085001083299,-0.12356801399502179,-0.3381885382355918,-0.8690645038911278,0.2276161462254047
2023-05-24,-0.6541058347292895,-1.628407786987738,-1.7734530530974937,-0.6734092024040904,-1.1247126499053262,-0.04091234212656672
2023-05-25,0.6726606845938469,-0.2848454066299167,-0.7550810928061663,0.22544517008742238,-1.339181615577013,-0.3627016159080336
2023-05-30,1.0246346451266475,0.561998906924038,-0.6629003902486821,1.147800499331511,-0.5586903958031249,0.7425009748238729
2023-05-31,-0.5535014314537362,-1.3073678547256924,-1.0288041021179184,-1.04113000741812,-1.3487230710938583,-0.25020356550233835
2023-06-01,0.7624134557714606,0.9536993805396148,0.5657449572727553,0.5443200070028846,-0.06959624741664651,-0.23949978250694773
2023-06-02,1.1442650606381612,0.9825133907233427,1.516228946014937,0.798904502451922,2.6971125633054363,0.7721699472997493
2023-06-05,-0.21309479047385146,-0.48190688022915695,-0.11662774936848579,1.4844084022039568,0.566221387289878,0.3122582364641371
2023-06-07,-0.16870994168713943,-0.05118202739436788,0.29529727766010944,-0.711763192791676,0.5079578440314615,-0.03364107333004148
2023-06-08,0.4620719560367867,0.1169995859056158,-0.3419857703562709,-0.6486983512543333,0.16323651112010312,-0.15669763851103244
2023-06-09,0.04730315776115333,-0.24026282553003844,-0.5094945961397332,1.3278754614151431,0.31694335850108746,0.7129808155042405
2023-06-12,0.7187873961836674,0.7242130829706803,0.08743706189288934,0.32151839411852223,0.04632711722319344,-0.3300997009646074
2023-06-13,0.5231040876825682,0.640335596175586,0.2939059870608098,1.2110553554529324,0.4076648034978129,0.17418778234212043
2023-06-14,0.020188750863987876,0.3700710599839114,0.08175503931228072,0.9775259811755743,-0.4019100736961158,-0.5056932217397149
2023-06-15,0.9522298393710363,-0.1381406453912426,0.3120901201366268,-0.08114144469168492,1.4634167029598455,-0.3008698265731975
2023-06-16,-0.3512460147408887,0.30539655217472295,0.16571013152258363,0.4162717853217755,0.7219879179674166,0.39067991873338515
2023-06-20,-0.43944765621167337,-1.2794024408796407,-0.9787508270173972,-0.7105963953826644,-1.501161565954564,-0.558081335205484
2023-06-21,-0.4817929832826067,-0.48458410231789584,-0.15384304109837446,0.34565752698645824,-1.375657326110184,-0.5975392462036838
2023-06-23,-0.37651625458472565,-1.029705431060261,-1.30661451156875,-1.7281322594980504,-1.1845492653849155,-0.354959173402514
2023-06-26,-0.4188487113987024,-0.12163424273457749,-0.13179319087128635,-0.22331536739430335,-0.3526858033819454,0.2673727655806709
2023-06-27,0.8932749622568826,0.14120265888927866,0.08370142710173106,-0.391645140381046,1.2734579992564257,-0.058798805423592726
2023-06-28,-0.07670539621771946,0.49328485894405866,0.49578723898535493,1.3576959998913778,0.08111666650268398,-0.4735628938880662
2023-06-29,0.3211772956986168,-0.04579433737087297,-0.4030379812099124,0.03945356872417767,-0.8586559504681189,-0.3990966452435123
2023-06-30,0.9596437052068206,0.9949709489232706,0.7694359239165789,-0.14110142525262384,-0.0692480490580122,0.324634639604589
2023-07-03,0.049168981593652204,-0.37461641691355974,-0.07672767040462346,1.140300734957859,1.3936482588500958,0.9239515915519816
2023-07-05,-0.21017669186970242,-0.7695859563587188,-1.1506626276480665,-0.9149889575721653,-0.7038608889128067,-0.6280937824338827
2023-07-06,-0.7043643683238162,-2.1681599669937857,-2.199277335212206,-1.249320005720872,-2.1050038216536957,-0.6141285970828829
2023-07-07,-0.2844191640383252,0.360684812628861,-0.3434860766069565,-0.8759145833262943,-0.6255305028200303,-0.7960214991891752
2023-07-10,0.1509288695120132,0.3320881266271247,0.2093718080354659,-0.47841299919929664,0.4194508806525647,-0.1933951604752156
2023-07-11,0.5074961355828548,0.5773275076402524,0.09720014069961193,-0.015343985850496417,0.6598040851509462,1.0319834302349735
2023-07-12,0.5623608034711564,1.1665145694015024,1.78206257678757,-0.6149900524199665,0.7297460885652218,0.2715686803123679
2023-07-13,0.6491254533950449,0.5683527677125576,0.30047462800838126,0.9935253368308028,1.7507723939470372,0.37770989488363654
2023-07-14,-0.1321045353749425,-0.21712533184742616,-0.09608495994245213,-0.10650974873562982,0.21877423234931548,0.8862855548538723
2023-07-18,0.8560529974931794,0.06994674740995943,0.23315017380668474,0.17693721261354978,-1.4230335519908537,-0.552585231716525
2023-07-19,0.1470469418823928,-0.11839618912082886,1.752771398953087,0.8195926921388336,-0.23310221396464204,-0.022902021204583425
2023-07-20,-0.6073872693817433,0.4500444191033907,0.7326948464438804,-0.9180499345065721,-0.09219677136939372,-0.23859383090512254
2023-07-21,-0.02069605109386351,-0.1709369283497789,0.2067029531817093,-0.45000019132459285,0.5262528839124361,0.19977005291526528
2023-07-24,0.28504279356335094,0.03557796102877749,0.17130040054336546,0.8129158805310925,-1.4816689296050398,0.4281343150580235
2023-07-25,0.18467257317338767,0.07050792712562287,0.14900112465848073,-0.08523310347923205,2.7502092271277916,0.15771531962277147
2023-07-26,-0.06029620590003757,-0.44076602101291373,-0.21374441073278466,-0.07608298516053633,-0.2488485292094426,-1.1364357022246316
2023-07-27,-0.5797671542520434,1.3512496758107686,0.18386601090845392,0.43255565298299337,0.9576313245699737,0.2485078241455428
2023-07-28,0.7643262434275708,0.28412186828430525,-0.0020457448341357105,-0.3282862680657225,0.9562781938863518,0.07427912773480985
2023-07-31,0.07375053556869202,-0.1483636106601604,0.04434753028728877,0.835633175711446,0.5516614426494338,0.5642836005676787
2023-08-01,-0.2678547852318453,-1.0707934250887186,-0.44879187871405435,0.5968526939705496,-0.23606124595163627,0.8089208254753723
2023-08-02,-1.1984146508102402,-1.1555049605379888,-1.3855737226264084,-1.6799794964519543,-1.715135610549432,-1.2852481012586676
2023-08-03,-0.2581573660931302,-0.6854870327299021,-0.44737166792894517,-1.2349642708942097,-0.3438302408683345,-0.3146237132544338
2023-08-04,-0.4863421542517012,0.26740528967096605,0.4413219409266366,0.02759021475030327,0.41251003561867483,-0.10311402709793974
2023-08-07,0.6944772519262344,-0.03972151998173806,-0.15130634180569968,0.08934389512032435,-0.009773726495779426,-0.5932032117804928
2023-08-08,-0.3965724305708566,-0.9438763620783873,-0.3779015343797876,0.22155446780683766,-1.2555836346766645,-0.20835311332312068
2023-08-09,-0.6308249329956416,0.368981162469087,0.7649160351072329,-0.4223401624975621,0.21607910168265024,0.7444316926006108
2023-08-10,-0.02675463243089696,0.707855900988075,0.3870242729128763,0.5402146931909066,0.003562740692154969,-0.12739275322467927
2023-08-14,0.33770900102173224,-0.5088754105446113,-1.4826749789447837,-0.9475207417216989,-1.7143801301174741,-0.8108581871758189
2023-08-16,-1.6333224219900613,-0.6286763705065017,-2.0276944177905887,-0.6915778856814824,-1.6442889794853552,-1.1938215946585835
2023-08-17,-0.6869177636077534,-0.6212341980011326,-0.6531192868888255,-0.35808402740141854,-0.01434838190149977,-0.18777181692801764
2023-08-18,-0.05974013605772999,-0.5732245549728056,-0.672200817150908,-0.4364166826937823,-1.423084905120885,-0.43612926703779564
2023-08-21,0.5187322438349473,0.11874452728200383,-0.08424481589939774,0.21088322102021578,-1.2654748208557849,0.07329450247864401
2023-08-22,-0.2771612250878275,0.5025365815794353,0.15614631199570864,0.6000576761135619,0.6442496143612533,0.14144740552248974
2023-08-23,0.8597111468326623,0.08495985243007582,0.6544264584767334,0.29264167796746576,0.20665191335483107,-0.30387904083918144
2023-08-24,-1.1664659307829799,-0.5939346856427895,0.15598115000680424,0.5603776337360277,1.3867663017937921,0.7923736000617138
2023-08-25,0.5055071845769119,0.0202012071870511,0.046226424855121385,-1.504848998821289,-0.3541156046333157,-0.5157035932819282
2023-08-29,1.6579047361240677,1.5214222362415886,1.6727603593472649,1.2823300042813048,1.360009677865729,0.8093348742517742
2023-08-30,0.26851006002660893,-0.2349857607838483,0.0941645372319683,0.18646612916619337,-0.008707231026409322,0.19230352479907703
2023-08-31,-0.17945039412879774,0.2502945202149127,-0.4817291433366906,0.573600522766041,-0.37884888206292,-0.16430380845497264
2023-09-05,-0.2461210229939693,-0.9416936722841007,-0.03739405600952209,0.8488289927386843,0.2738951965548144,0.6181036859784584
2023-09-06,-0.6252416333782352,-0.19210686732941226,-0.17889475884535,0.387973230149486,-0.030087897421945918,-0.5150608979191548
2023-09-07,-0.3130952419295425,-0.15256018061516713,0.18679399477134695,-0.5764663917284918,-0.9307405457045417,-0.4224625312506954
2023-09-11,0.6236946445259923,0.39473320587158356,0.7117580643179016,-1.1702804919108358,-0.40288698312767074,0.18145018407456517
2023-09-12,-0.5192119728650512,-0.47919508336110156,0.3827113758766038,0.6198523219041105,-0.27189229926697833,-0.557251066561983
2023-09-13,0.0550218812079741,-0.35589474318865666,-0.04115788439837152,-0.19564441020777443,-0.06772897681022738,-0.08664172367598669
2023-09-14,0.6458304199858419,0.7552478222009579,1.8989166006203102,0.9401728750006212,0.14261848633864166,0.9350984285077277
2023-09-15,-1.0578461037255538,0.4229169962838904,0.4725539065392397,0.7242234961060886,0.5058315234582755,0.6759802956776649
2023-09-19,-0.16574801946887416,-1.2255635029572716,-0.6822503921458901,-0.6575926823122933,-0.707405649813165,-1.0997637840230874
2023-09-20,-0.8270187026647599,0.5772993223536417,0.9002885128618584,-0.5100980190493607,-0.4302112739807384,-0.02489412076860887
2023-09-21,-1.4132015698739115,-1.1321753997920454,-0.7050587215919661,-1.016598898485273,-0.8914113526601094,-1.1869779739011543
2023-09-22,-0.23726370135439187,-0.110895138960762,0.047060278226527016,-0.41067149754755033,1.537479179211497,-0.21565987841074766
2023-09-25,0.28413067238259454,-0.8388856887408753,-0.797767035734492,0.5514776341798954,-1.260277424292247,-0.36021535453389775
2023-09-26,-1.2734012489073363,-0.8351274816608036,0.000733201431146621,-0.8325341974369053,-1.0254021821370853,-0.8992901498925019
2023-09-27,-0.028521572461001236,-0.2410271048882673,-0.4450910555053215,0.07805514577585383,0.5616229719254454,0.01710699669533308
2023-10-04,-0.2556087887884893,-0.6704557020811257,-2.4107646896907102,-4.173329887703119,-1.64137741950652,-1.6256368239229406
2023-10-05,-0.1552248351843447,-0.19566154209591116,0.4991970449708764,1.2069979022953483,0.0673864863273792,-0.09494833292737534
2023-10-06,0.9225859939132215,0.8303637806242798,0.5507664956008678,-0.22845926518536736,1.0696379547095862,0.10040810480903646
2023-10-10,0.9005270330314133,1.0035619703574312,1.7314724584717547,1.6403313104151274,0.6920874956734452,-0.20478774481297563
2023-10-11,0.30633229680219015,0.1599043082686591,-0.12808813690409523,0.3740985840845062,0.8752345109411254,1.2360391360721077
2023-10-12,-0.5649535799088989,-0.21998145119585402,0.30095598274164986,1.1731183896588924,1.3038129436158763,0.7470252810389425
2023-10-13,-0.4629968228712499,-1.3123833129291087,-0.6096726986904463,-0.43340510344514593,-1.6180659143729204,-0.6627055305714049
2023-10-16,0.8229028301167183,0.2429002692038797,0.38246060146256117,-1.490268988427623,-0.6730136668061639,-0.5682007550908572
2023-10-17,-0.055572106869703965,0.039705299612128535,0.5567649362537364,0.7964383949009031,0.5099067699760657,0.5979079686326322
2023-10-18,-1.161597746724081,-0.8821703609761617,-1.1549303572681076,-0.04127491216339659,-0.16182814933721282,0.0258959063530134
2023-10-19,-0.7510239554290137,-0.3046421984122259,-1.1852249587955757,-1.4012209280760322,-1.7116156365101973,-1.2873818948806048
2023-10-20,-1.0934416176661292,-1.3914378713403852,-1.3182477063101372,-0.42989563306047923,-0.4961244015214848,-1.1471559127867577
2023-10-24,0.4111121173416223,0.41658194218402445,-0.1877129442143024,-0.4902928059803457,-0.7283784049518707,0.1944573322387613
2023-10-25,-1.240305869144251,0.03342767869130889,0.3083063897443706,0.42289262700592317,0.3726161609614956,-0.5962641841814632
2023-10-26,-1.030504284228906,-0.9269853478203568,-0.8234122685356823,-1.5648070967226724,-0.16777612186837848,-1.8281716587824814
2023-10-27,-0.4448558811739248,-0.2775754755558911,-0.8789261930536929,0.8449855271329122,1.4037565427563927,0.06714998708931308
2023-10-30,0.9385115347010415,0.12857193844282683,0.46857391281751815,-0.7177050354883072,0.0256464048532369,0.18005248295207338
2023-10-31,0.48556920726455394,0.4874411835947849,-0.09858495189431124,0.3244004624019677,-1.1703860151559575,-0.962222962521959
2023-11-01,0.8156807702393244,0.589433324875168,0.2586849788651393,1.6275030565213129,-0.04720848170105724,0.6317024470078173
2023-11-02,1.495520390557527,1.168929952911541,1.375250337390818,0.7253011428569175,0.5094700929450513,1.1265954808643426
2023-11-06,0.8693747629232569,-0.07542357380482802,-0.4044788071427016,1.604983829440192,2.8598973552317295,4.2419920700257014
2023-11-07,0.1867681354582087,0.05629050919661212,-0.12575575265164096,-0.9909423837052885,-1.1436105797745852,-1.5758502080156402
2023-11-08,0.03549396379181591,0.3817699964831145,-0.13256690972186824,-0.2755538804576091,-0.39963085197436704,-0.6361407001266435
2023-11-09,-0.7177955433021732,0.6258707388757818,0.6997435713208917,0.9962574099099283,-0.22757948746567658,0.10822997252724116
2023-11-10,1.2322990091635282,-0.6681753618368792,-1.2949155590525065,-0.21459785326891342,-1.219642450039208,-0.5072788053203746
2023-11-13,-0.116516649748744,0.5597371918082658,0.8534902561885302,-0.008873211600394516,0.8773876152308558,-0.19795288538381914
2023-11-14,1.5130645924685446,1.3946102673302834,0.1748046944333131,0.19323592933880548,-0.11980986459587233,0.7553793273089622
2023-11-15,0.08433023046455188,0.665978220813003,0.5953433329607155,1.7046605880738173,2.629381381608796,1.3752858870403384
2023-11-16,0.0507981288485782,0.16605074655200472,-1.032224860528603,-0.24582442702257673,-0.9432360980690422,0.0011423848735083715
2023-11-17,0.058355595629653666,0.6522375137109399,1.219738218395633,0.29197975667520404,-1.4739708519756465,-0.5196947703636708
2023-11-20,0.5606428632324412,-0.12604272782976275,-0.12587674813602326,-0.4597380793764241,1.2546619592979495,0.521907645803209
2023-11-21,-0.2145305289901146,-0.03818683933865073,-0.2121335791458833,-0.1170144420289209,-0.1747569240525474,0.4619214520555921
2023-11-22,0.28726164020469636,0.2611471442832027,-0.18726470505954249,0.16012965790879188,-0.001635244306646383,-0.005191490222116428
2023-11-24,0.001821743165510761,0.3337554717125575,0.22666460066142113,0.3187232400519006,-0.6841505842560782,-0.43012215294626144
2023-11-27,-0.20900487513693372,-0.3579072923017796,-0.386381140271615,-0.4186226346294795,-0.13849828697814634,-0.06366989535796409
2023-11-28,0.03344806318074812,0.10103288420050968,-0.0945476506943818,-0.12823576677953918,-0.6755086035497743,0.6388745576760537
2023-11-29,-0.1256432498208499,0.8530335328707754,-0.4441135037914214,-0.22935543391981364,-1.4426683098507838,-0.08872927622610938
2023-11-30,0.2644696359075251,0.21424393177606782,0.38270210499312185,0.30327977741979745,0.19457039340749172,0.3603058403123632
2023-12-01,0.436221005730111,0.8825170992958511,0.9797248920132388,-0.1620000914303626,-0.863886965270109,-0.8205206701942177
2023-12-04,-0.49534574149221783,0.0021757579404232926,-0.2377020161946876,-0.46815444786462646,-0.7581700218739024,0.21941602945178557
2023-12-05,-0.09445281844350854,0.6056313002554539,-0.3282056411556845,-1.0162826230411348,-1.3260058274988977,-0.5755956775379267
2023-12-06,-0.3706933590824355,0.5759527447772326,0.3171148029306731,1.3779609285872765,0.5611416057328396,-0.009676815344295228
2023-12-07,0.6080073961556942,-0.16943497658549755,-0.04382644522632288,-1.292316077842447,-0.4943154119458984,-0.12477334083784995
2023-12-08,0.29008853399576773,0.6062508356431059,0.5158411034050132,-1.2339053535777793,-0.0526487377216719,0.6315706450400024
2023-12-11,0.276022171878862,0.13820072129301705,-0.147534632034568,1.0002286624153114,-0.5637182907183347,0.1554981638582026
2023-12-12,0.331520947918082,-0.047203602185916495,-0.04900458316744926,0.06565634608689565,0.7230011762889388,0.21657172237052094
2023-12-13,1.0722927125352428,-0.15972768826736075,0.05223884187296935,0.13121010892109614,-0.6166263936667342,-0.6733522888558621
2023-12-14,0.1708677004426509,-0.1017451002856128,1.2920119117020525,-0.5603811309221157,0.7235797838654864,0.8249737980960749
2023-12-15,-0.05375538882425634,-0.03793406549991842,-0.9674790212787807,0.5635798994726108,1.6047928466465975,0.45560932924643976
2023-12-18,0.3256827895690236,-0.5298958088522604,0.4762405600595868,-0.49839988050882683,-0.6721592922966776,0.04536885298373208
2023-12-19,0.4356188183099601,0.4273292908102103,0.28430764162506866,0.9361239462723826,-0.517865248125257,0.004468456102666137
2023-12-20,-1.2691878368291072,-0.08976016538650669,0.9827059296027103,0.9145503625416336,0.44559193851229567,1.110880859721393
2023-12-21,0.798962927658596,-0.25819569556287264,-0.29176279238270975,-1.1730199254137677,0.025792967173783637,-0.3949202713112036
2023-12-22,0.08952861708866644,0.05816324087123259,0.014702627242708178,0.015058615417864747,-1.1708014855111117,-0.05114467579214058
2023-12-27,0.4193432234654612,0.14208895474400662,0.33239776381625014,1.0322849612773761,1.1773348004718318,0.3110173019704027
2023-12-28,-0.016891729973764532,-0.23295120421461354,-0.05092600243208743,-0.341955432449543,1.6988561844799956,0.9940316515905455
2024-01-04,-1.6983854474539124,-0.4492124270656469,-0.016250554175592163,-0.5746606037656288,-1.620578722029689,-1.7336950193585143
2024-01-05,0.10318360133142172,-0.1481305511924404,-0.45263652088365286,0.14251014975787243,-0.4610841709097032,-0.2637149453854745
2024-01-09,0.9879383113507887,0.43031310073275086,-0.09366138432816536,0.7627049430084217,-1.4495543803881132,-0.464976646184189
2024-01-10,0.4191602083738056,-0.02692112910294527,-0.4379825212290034,1.3540194434064758,-0.3977542652337378,-0.5297314136090555
2024-01-11,-0.10289733360707433,-0.7392742568028803,-1.0011634348595588,1.1855759983548413,0.8611832522434956,-0.08217841105226809
2024-01-12,0.014540073575822522,0.7436658601244107,0.609020557996211,1.0046496198858277,-0.2461641408438765,-0.4295674534700669
2024-01-16,-0.3561965263501058,-0.6895972298310039,-0.8917009781777351,0.037548498370373294,-1.6194876936977225,-0.7501695720422109
2024-01-17,-0.5126514030202765,-0.7303802275729621,-1.5024147190910562,-0.32542653754739626,-2.5949962334873473,-1.666422716212479
2024-01-18,0.6765641563304322,0.6408138490202081,0.1490000073952777,-0.06853873043824069,0.5086874469715367,0.07217054512021068
2024-01-19,0.9632740866046025,-0.09461633321425161,0.015842341397546283,0.9334627475304765,-0.3750839813224938,0.8282061896241304
2024-01-22,0.13356752612235734,0.5992475814186683,0.3210307137750995,1.0868592409548234,-1.5767527817584064,-0.2596169966798845
2024-01-23,0.1934595394497175,-0.3113655328219587,-0.04788902747002077,-0.10214620568126495,1.7702967279172854,0.3372178416414903
2024-01-24,0.019570087153305184,1.2532623361313482,0.5336632835826891,-0.6085195157613895,2.3879854327214036,-0.2730675165940153
2024-01-25,0.3858441802206795,0.04851526519882761,0.004966186750723157,-0.026188517336342636,1.326721909057748,-0.02124026647412481
2024-01-26,-0.10130479101601043,0.22996234686827854,1.3576366428090738,-0.9941678571180196,-1.1103313204760241,0.1778698657835634
2024-01-29,0.5742914242095756,-0.12934816388442041,-0.05257484834266175,0.49510857436144,0.5301633143450999,0.5392131042332386
2024-01-30,-0.0970790038953385,0.1142003514709688,0.4143583361974025,0.030363384938065858,-1.6152601500115358,-0.08628608983982476
2024-01-31,-1.388419804347408,-0.3663910576904855,-0.48443269042594744,0.38383597790192386,-0.963344330314068,-0.08319637565489944
2024-02-01,0.9779728449976428,-0.2514977796139781,-0.13065375432570944,-0.5811693646797992,0.35350539421095667,1.1337408189520897
2024-02-02,0.8302637285671217,0.2535222775330965,-0.10863026550740208,0.24010588719410908,-0.1481573828501936,1.80061755611302
2024-02-05,-0.3110298587420419,-0.10273881182688269,-0.055263860081658914,0.3349492356100499,-0.10826831020595809,-0.638498813245326
2024-02-06,0.14313320878604702,0.5908079532014181,0.8620864020671457,-0.4209719573341303,2.70879983711841,-0.41906343631977255
2024-02-07,0.6303945628455117,-0.5720525300156685,-0.6978841671187459,-0.12486839930380235,-0.2380847433456038,0.7996615473463448
2024-02-08,-0.00034825063294713213,0.16877755281981102,-0.45536419985348564,1.38733709695681,-0.8777981816707054,0.22898395269435518
2024-02-14,-0.002689497991125385,-0.12289159828435378,-0.3759736521393296,1.5393264755526042,0.0012747260086070774,-0.035893908503746796
2024-02-15,0.4319110683837938,0.45471728891035035,0.3593171296733934,0.7974924962806216,0.27643349495137376,-0.20303169017553374
2024-02-16,-0.44512057407366434,0.3058993127834811,1.4586876371042485,0.5588356383728714,1.672758259698928,0.8265198709624513
2024-02-20,-0.5449179645948649,-0.2694029150391196,0.07504677001773853,-0.2718887091483581,-0.3929158707169299,0.18316957329153868
2024-02-21,0.05688335333266901,0.20454548883245074,-0.7527682777170547,-0.23183310659999243,1.064469720462743,-0.1481927457719899
2024-02-22,1.678860615111529,1.1670153411431996,0.2630329699226548,1.4756748471304046,0.9836960491731974,0.22996116639856534
2024-02-26,-0.3320589225881587,0.21496943267835547,-0.023971991677060888,0.19692678366767064,-0.4483793461754653,-0.45973495784081037
2024-02-27,0.09334526772542812,0.5913344606123635,-0.03816942869642206,-0.03516663544298055,0.6350653047160351,-0.5823937621345345
2024-02-28,-0.18451452657411463,0.17479972806760669,-0.7731367101059788,-0.1020473648084339,-1.0479742859419223,0.6336398267487318
2024-02-29,0.38327507300019886,0.3240891497114841,0.043643312139898346,-0.12068092869943325,-0.10967549193052736,-0.28254449003856963
2024-03-04,0.512647770651221,0.14209651665903608,0.11243922736909356,1.6279817371387124,0.34530950963385987,0.7430322956919093
2024-03-05,-0.8936009618617232,-0.1164269411197581,0.055195803120176364,-0.06592834669928728,-1.8161317786796374,-0.6465832544409218
2024-03-06,0.3760455562593383,0.050816919508893506,0.40713167016921353,-0.05759297030472352,1.15282287489462,-0.23301178570712527
2024-03-07,0.799180378854823,0.5482617354791537,0.14899190985678065,-0.9142634451032232,-0.8776961139539593,0.11251877562915075
2024-03-08,-0.5884000263465786,-0.16452999082849304,-0.4452867568181256,0.1145153255998137,0.5151933239283027,0.7614086123038367
2024-03-11,-0.14019283620892917,-0.34907802988139125,0.10157537965664232,-1.601804528318356,0.9692770328712424,-0.538402211182239
2024-03-12,0.8725272388170349,0.9719307330087512,0.9901585099779087,-0.0872237463496268,2.053022105192128,0.4971006210493947
2024-03-13,-0.20655323751742516,-0.05109511738178656,0.2905494232352724,-0.22991777669221544,-0.050019851974073534,0.24645306175117146
2024-03-14,-0.2849153712021312,-0.12249426558539579,-0.39223629978086444,0.15664520016024197,-0.48893435260700374,0.5675643924316739
2024-03-15,-0.5846092465633219,-0.058713736078736485,-0.22402484714845708,-0.22659128596245895,-0.9833773542235328,-1.29352609726324
2024-03-18,0.4726937589978997,-0.052230666643462875,-0.08302662303612994,1.8066266758905527,0.062056392507028456,0.4237584583497304
2024-03-19,0.417778716250899,0.21643387327612962,0.1800861684321976,0.41867199596818616,-0.8592155578362201,-0.7614814609982121
2024-03-21,0.9515273593006007,0.8363443979190087,1.8114960787083636,1.3679897659481761,1.3639738660619953,2.33641428662445
2024-03-22,-0.16334242290457557,0.08635743387313415,0.5846229117665327,0.07971591553056374,-1.4971563663181973,-0.18741153755313567
2024-03-25,-0.3001461131331733,0.21519934801281682,-0.18788915746880108,-0.8662936594498487,-0.11165975193461052,-0.29917869348477427
2024-03-26,-0.27901043780748586,0.5171174976625968,0.14636623376213137,-0.07358921431800408,0.5944088748615365,0.4241386137287683
2024-03-27,0.6622661737095341,0.37895578834420734,-0.008879839758823277,0.5865725450162548,-0.9398552791873293,-0.08513925420002097
2024-03-28,0.04469848477848106,0.03432584907572324,0.2359212775642119,-1.0792758236678284,0.6134960465640138,-0.2582438056029627
2024-04-02,-0.8139532293117542,-0.968613797525865,-0.23993132962094643,-0.6243575556499008,1.5918078238677382,0.13540068591000626
2024-04-03,0.04260611437469998,0.34482283192741503,0.007360457939412279,-0.7323122736701364,-0.8443496807119596,-1.1397555438346425
2024-04-05,-0.16084940594712446,-0.8996458959863192,-0.3493825465426209,-0.8701346055735506,-0.009203065023025842,0.13549653698840275
2024-04-08,-0.07840354517899999,0.6133898347711543,0.3828194968154144,0.5918538307324979,0.03218096506566845,0.04407450155036309
2024-04-09,0.0718356635384718,-1.1268682220357966,-0.13010173311884002,0.7120347092216487,0.38420621079106815,-0.33823639604902617
2024-04-11,-0.21963311175243352,-0.5908521572146174,-0.1590099483956987,-0.6325180389292877,1.0734284367458897,0.004926686391304381
2024-04-12,-1.25799225416611,-0.14458244738944903,0.873490501288159,0.0985836780210909,-1.5164406193242734,-0.6457522925681688
2024-04-15,-1.0462879706099628,0.40541413484627176,-0.39555577338923226,-0.5649369347693749,-0.5026310243433486,-0.3154358780811245
2024-04-16,-0.21747465941525046,-1.2281475783437676,-1.845165422360882,-1.4244658975852795,-1.4698664743835055,-1.5376004216928434
2024-04-17,-0.5262489326047708,-0.01655463850259847,0.3281129864917662,-0.9831702088673862,0.007721577646765076,-0.6763252957119761
2024-04-18,-0.23002608281725948,0.2765868796687071,0.3457788630575995,0.17253640556509497,0.5580503467332592,1.221950587713832
2024-04-19,-0.7739913341286437,-0.4957002375186254,0.21509586935617953,-1.9389651623001638,-0.6836118457926705,-1.1055220176810965
2024-04-22,0.6705047428516999,0.5351917687037376,1.5739151605948116,0.653523034956965,1.1986714554459248,0.8986835874407963
2024-04-23,0.9348027147883284,1.2284571245713543,0.23667513751983804,0.16743651310069757,1.2988192208847027,-0.19750373897221152
2024-04-24,-0.02986778220584111,-0.2558813888524743,-0.07565976482357724,1.6348246523868741,1.494183482685294,1.2572515856855597
2024-04-25,-0.4262815838266401,-0.8156104485232154,0.45250162919749576,-1.5831722223407734,0.32632185960402693,-1.195170474846486
2024-04-26,0.7914154180891212,1.0749595317861815,0.7236257007042882,0.5246400384422687,1.432880154856178,0.6442498940175728
2024-04-30,-1.0948450978984496,-1.0748895609429867,0.031008846026208056,0.8221975280036827,0.4282935542645083,0.8313845747567518
2024-05-02,0.4188043046446176,-0.19749122770250527,0.3203148244182687,-0.3568698209853056,1.686623694262141,-0.24205590056283363
2024-05-07,1.9424281415916682,2.3772395314127803,1.6816170041455512,1.0478637107072868,1.0119497970242957,1.1801971015575834
2024-05-08,-0.04793984022594905,0.2696940255182958,0.45951718169364014,-1.2010440619013518,-0.6204560983908717,0.21562033506432693
2024-05-09,0.3719244195113654,0.7968767380834316,0.302279283924275,-0.2823754552002148,0.827931623331062,-0.8235178148695055
2024-05-10,0.08864971431412719,0.34391971313280495,0.5968952896942374,0.24043030633806925,1.5509732215786305,0.3323528381557295
2024-05-13,-0.06738900657120757,-0.16808574809090598,-0.24277133597602715,-0.13698970699998908,0.5400939353627005,-0.04839683415029356
2024-05-14,0.3511219261396119,-0.14712867270034974,0.1329238183577089,0.27902342712855677,-0.15266449796351692,0.03629566871935484
2024-05-16,0.7424087036086333,0.06407625158482791,0.10331024635031912,0.981553623639429,1.0742580122338965,0.499645378428919
2024-05-17,0.0486819293417398,-0.18483520290869188,-0.23793679060203696,-0.28614645647768805,0.618597620210485,-0.7129108699990475
2024-05-20,0.028189860483073828,0.24867789741176624,0.024554654732095293,0.4645093845548878,0.284327665429476,0.3788625110613677
2024-05-21,0.15890774886517814,-0.21881957160889617,-0.11210748812097862,-0.26692224130310976,-1.4692695181331157,-0.4661291173550689
2024-05-22,-0.2712529247219595,-0.23838910864841198,-0.5674449779710059,-0.6437984303397424,-0.09356886647253262,-0.05558085955110926
2024-05-23,-0.6592799125528178,0.014792877210752408,-0.39066542138764926,0.8343381049471897,-1.180551566772532,-0.07782218566199867
2024-05-24,0.5287265123414537,-0.025061643188642378,-0.2786850023672511,-0.8726807246254956,-0.9536801372158115,-0.8617373247153192
2024-05-28,-0.026912507976752074,-0.10214496673002547,-0.7804526401983484,0.3342692034855716,0.7721462360455883,0.8098575365619867
2024-05-29,-0.6581364822357272,-0.9380477867874997,-0.8796176725083257,-0.5880386997253387,-1.2681014240180934,-1.1365610272265603
2024-05-30,-0.5424016101032517,0.07029007561167984,0.5588151499135718,-0.9687684495500072,-0.9252823088281048,-1.0642001724701915
2024-05-31,0.6128976983390874,-0.02895353272679089,0.5111114985427715,0.7516689225931712,-0.5723448306754862,-0.011701858072344772
2024-06-03,0.044665245167674096,0.45356808300900886,-0.17255691754381614,0.7451975577470442,1.2098142669347671,1.0875731707324605
2024-06-04,0.0765622757839924,-0.9322635134898486,-0.391865804057761,-0.20038806244080173,0.14828001633824617,-0.5357932391103355
2024-06-05,0.9252596633243902,0.7218990675468536,0.15921422354677958,-0.6773939040130197,-0.07550272871732149,0.6282050205206017
2024-06-07,-0.15611657473483204,-0.11659515679729414,-0.04063132556620083,0.3076185826390427,-0.22031853619336159,0.7595490290818773
2024-06-11,0.38895498081918717,-0.8668430461794361,-1.2026738247925683,0.7694847185052872,-0.7187397202040198,-0.4545160175837128
2024-06-12,0.6518704368531468,1.1235759574613966,0.7994985502319151,-0.5109773984236972,-0.908850171970358,0.5091328078340508
2024-06-13,0.1459548544004198,-1.658870520918589,-0.6488651207303142,-0.3288382680650998,0.659664154687977,0.5960781884151473
2024-06-14,-0.0799922895205545,-1.2274971232789091,-0.2257533987486108,0.12513661032341178,-0.6533726378913811,0.04498379542572639
2024-06-17,0.5831116817075213,0.267187666422906,-0.07863217061048129,-1.3480613292233479,-0.025979261171626685,-0.37718731389534416
2024-06-18,0.1605103120596476,0.25507923590463233,0.5750452080396214,0.6518435025531055,-0.08294545833408293,0.4301032564738582
2024-06-20,-0.2563323417311839,0.517303535365628,0.9571824653084969,0.22972235705755162,1.5815884991732903,0.9830261242934215
2024-06-21,-0.1765712882096363,-0.4427283833850275,-0.4395898530181759,-0.11215969375229272,-1.1598936488339522,-0.582479937462497
2024-06-24,-0.30099170844864376,0.6950382561698851,0.5058781444811484,0.3327950983230315,-0.007444234366007893,-0.4965939723148533
2024-06-25,0.2767704259954449,-0.6994640151693341,-0.4271006494489114,0.6192337666350276,0.16706370208944887,0.18867245060286206
2024-06-26,0.08230336803972665,-0.1351713549577237,-0.29238720918707517,0.835765755486315,0.06012049538001576,0.37467422397585753
2024-06-27,0.027441579914557694,0.21562144938853142,-0.5728898509971666,-0.6252096287635573,-1.4328678753936308,-0.22492567365407273
2024-06-28,-0.38540728351779524,0.07808941327709643,-0.2107682195944238,0.3849531395298485,0.0038930512316840415,0.28256408447539366
2024-07-02,0.6832930622841676,-0.356018587974633,-0.5440518744525169,0.8226427803829462,0.19063969269042128,-0.4341760715478696
2024-07-03,0.3713900474967193,0.9115443421340108,0.5862995913697637,0.8371197835602978,0.7979990137246206,0.2687195461337218
2024-07-05,0.40132077667386856,0.4155235822777973,0.3760403945907612,0.5268711766971617,-0.6894261623713049,1.5319433473524933
2024-07-08,0.036466138590234745,-0.04915776041985631,-0.14723252959877134,-0.2723249932591264,-1.0727443582643186,-0.14011462298597838
2024-07-09,0.013722764404942644,-1.0888511092506663,-0.6737137549779786,1.3200293168652149,-0.007616607988921638,0.18038477183301768
2024-07-10,0.7913273422407493,0.7321569247639852,0.6309387570711853,0.3791239640013322,-0.20616015830680204,-0.02452519476550424
2024-07-11,-0.7743646559176994,0.5318111442275433,0.33876526767544063,0.6105430858300893,1.3947958511822676,0.48969040365170985
2024-07-12,0.4069276181534803,0.9065420275581167,0.3350678021215334,-1.7884010410983782,1.7436079688273387,-0.8163622037354119
2024-07-16,0.7116263458362179,-1.0478997236257515,-1.0848829469152066,0.0983965615246101,-2.15424376970219,0.16841128892812832
2024-07-17,-1.2057848374922935,-0.3926651315210849,0.25282702626026515,-0.3485277740571083,0.03976240357644972,-0.5582889907750189
2024-07-18,-0.6955317091918313,-0.4023436242552052,0.18922200759467145,-1.7280111185952298,0.1460102852139688,-0.4734461394265327
2024-07-19,-0.6392703468219282,-0.8557501236711164,-0.618052077762938,-0.15533445859333805,-1.4081053387233249,-0.7076648799769867
2024-07-22,0.8390548868774179,1.0212269182095568,0.5014881674969095,-0.8663760026467033,0.8481602826027455,-0.7866533165058732
2024-07-23,-0.17623812795102037,0.6348872413032431,-0.40205197223399003,-0.053767823762846355,-0.6540271623633993,0.2150601773790861
2024-07-24,-1.9817610611819616,-0.7904917942941826,-0.18792932277580338,-0.8307894362633658,-0.6277538134731064,-0.4049748714124019
2024-07-25,-0.47327016651109605,-0.43114642195103675,0.3756678871269603,-2.3933750287529367,-1.1577965234497976,-1.1824159892773762
2024-07-26,0.8634349948905965,0.4972387091777274,1.1747144030280343,-0.42197267559683194,-0.006785102740385482,0.4699505839381655
2024-07-29,0.01968410717172484,-0.46695957291357093,0.05880136832806453,1.434915179434312,0.863231982350941,0.7580727744720074
2024-07-30,-0.4581257015036066,0.3704445386088933,-0.2369610069730844,0.059152071214620676,-0.9460438556403807,-0.6851148342209209
2024-07-31,1.2466875314995136,0.399336268529504,1.0945092492373696,0.9980494178649718,1.3581110073574183,0.7297080623311794
2024-08-01,-1.186185345855711,-1.9434991954414693,-1.0294389374125603,-1.8226366102486282,-0.1610488039371621,0.125644523894481
2024-08-02,-1.5796971172360763,-1.971458190951656,-1.331830965798093,-4.258757271250007,-1.441747694570076,-2.4613631430426217
2024-08-05,-2.5603528978427135,-1.5454009594289786,-2.0628178372978656,-9.354379526244452,-1.0104792623011876,-6.011629011047446
2024-08-06,0.8032641030037019,0.03843368287169269,0.2075236881276382,6.803079441303451,-0.21391806699757296,2.075843232399599
2024-08-07,-0.6887267623797259,1.1904019691564205,1.6964256004699902,0.7895719726752382,0.9373517647959103,1.1447622313443986
2024-08-08,1.8339807699747332,0.2694210250614399,-0.2877660512368426,-0.5656241467546529,0.05228652332637271,-0.3350748905079217
2024-08-09,0.3374660659402511,0.16291804645643668,0.25956892594928527,0.34480772223869544,0.7952376038276572,0.7637615221852473
2024-08-13,1.3359056937672547,0.37787970817843847,0.7902380356959494,2.338563469626783,0.3307003432832436,0.7880284360232501
2024-08-14,0.26773228180066966,0.30416599321919585,0.5299999355144814,0.36076646640064325,-0.24683474427591806,0.5302591465369009
2024-08-16,1.4384815724291875,1.9464103244631297,0.3409421268196981,3.014216189148092,1.2516934268847477,1.2468310521549852
2024-08-19,0.7516037645727138,0.4095330021216669,0.5202173070549003,-1.3023836900716155,0.5411497156234015,-0.5926763269423789
2024-08-20,-0.21152032039279878,-0.32047447750931185,-1.0188047267500349,1.2116862407566706,-0.23272068645715632,0.5014427940480639
2024-08-21,0.30194650284412966,0.3737274332577541,0.09965397401013346,-0.2512299347356085,-0.47553096139844553,0.07016352253814162
2024-08-22,-0.7885112674275834,0.16342559633761733,0.03368352021810625,0.43320698512059436,0.9729680643799609,0.1190464311461672
2024-08-23,0.8955216640328553,0.5836885389875555,0.45386223596526154,0.23597619501733513,-0.11664895102937263,-0.18229970021503247
2024-08-27,-0.17668966409787995,0.180236885380446,0.18924143285006534,-0.18441557378096024,1.0089965790031878,-0.33880042116627157
2024-08-28,-0.5424795115579832,0.4062197170654265,-0.04040417337515257,0.10699146563856125,-0.7060439204526934,-0.024334678565502088
2024-08-29,-0.05071017442867548,0.5333158716506706,0.4021516503856028,-0.06250221542909405,0.3579911472288292,-0.7085429315457508
2024-08-30,0.7819241048048184,-0.05858450303335436,-0.056910292112642945,0.4754486900231635,0.7718060684694933,0.2551108269517324
2024-09-03,-1.8130116531108673,-0.7307884308462991,-0.9506640174830425,0.024562653580196023,-1.3016298046097572,-0.2744285574180169
2024-09-04,-0.17991421022819218,-0.7166597815609296,-0.367480501977846,-3.0900144781374905,-0.761741073492241,-2.1192078300205077
2024-09-05,-0.2970854705274744,-0.10185240203189265,-0.35664275503990767,-0.7909665344579347,-0.05553885111923389,-0.17219560578365237
2024-09-09,-0.5345105784833777,-0.6235621286056037,0.32826460108253486,-0.8975860337981124,-0.9822594599239929,-1.0462708305194865
2024-09-10,0.3211055984100326,-0.8284513752921274,-0.8016925780319702,-0.15557666349831192,0.14331429842351792,-0.36003528381734207
2024-09-11,0.8286768026521716,0.2545963510127094,-0.16777081501841834,-1.1027492830390881,-0.5043745083168946,-0.29840160728854725
2024-09-12,0.5692524808310557,0.8040258031189905,0.5472202590531865,2.310846501522669,0.5206597146451828,1.4649671097899755
2024-09-13,0.39794855109898264,0.7643460126178161,0.36427441960370577,-0.5275255787358487,0.5049152634860603,0.045591148673682996
2024-09-19,1.2288546847722193,1.2852009375084636,0.6431005621782638,1.048720610160224,2.4889386163752727,0.09772363693730321
2024-09-20,-0.20791837909957991,-1.2629034248552538,-1.2040430519179492,1.0226634322399344,0.9222683383841026,0.27791196194149365
2024-09-24,0.3913599879210038,1.1699461971475718,0.6130289625067937,0.35728318176011487,2.7233711834646264,0.9162007810769804
2024-09-25,-0.2013171206857291,-0.37234010644613375,-0.1904048108889556,-0.17608493256153918,0.45732148347299334,-0.9189455825325066
2024-09-26,0.2854147399487021,1.342088187671679,0.1727856974698745,1.8878260310518071,2.7856538411356198,1.8214935888899035
2024-09-27,-0.15102292507793302,0.9636352710373415,0.40754821404015223,1.5691677410715852,2.3857606807272984,-0.5714901099292435
2024-09-30,0.30168956778792266,-0.6632296027194372,-1.0255533543091475,-3.5022437387466026,1.6397904970280954,-1.4416437129733173
2024-10-02,-0.8096970495806669,-0.7172359582535859,0.6256614383466937,-0.2513909099920287,4.1141200714810955,-0.8359579520931125
2024-10-04,0.5510894031512804,-0.2219498518517396,-0.14471779162025544,1.476134405225248,0.8842304794089282,0.16510597469644456
2024-10-07,-0.8429630252481188,-0.10633630922249879,0.25377862809271207,1.212270776680179,1.0799935727893883,0.983806436547357
2024-10-08,0.748909706318086,-0.1958890441213133,-1.3806817362396044,-0.7558979425811946,-6.769511399438171,-0.4390949887435185
2024-10-10,0.366798199283319,0.5853606266243977,0.5474545965936335,0.7507977563063093,1.0515555666977776,0.08194741008012228
2024-10-15,0.45410932934663106,1.133788860864188,0.11820534678584901,0.8941598378190956,-3.07931085845408,0.8148015381200009
2024-10-16,0.3380800506107433,-0.2592105213833123,0.9336577463490494,-1.344515606902279,-0.11209922452248881,-0.6116450669390733
2024-10-17,-0.06159482501943479,0.599508969701914,0.6433733604956188,-0.5303733303133108,-0.7092451440582158,-0.06481503833932406
2024-10-18,0.2798933310490517,0.2754246881084174,-0.3389649987080184,0.08185330106740384,2.4246138437062332,-0.4257129678585144
2024-10-21,-0.19813333322467622,-0.8573293453662886,-0.49847433562616045,-0.0945840971302421,-1.084741604508892,0.23959850936269783
2024-10-22,-0.08668422596602034,-0.19989128609726595,-0.16102456783228522,-1.0323048418701168,0.06410366240396428,-0.8991826867408892
2024-10-23,-0.8100568753243726,-0.2214530094147707,-0.5951175216640178,-0.6102013416123855,0.8626726589176484,0.6898590637150128
2024-10-24,0.12956631949118377,0.2424171947551791,0.10826959721791808,0.025323772291822734,-0.9025931773455828,-0.5055519119789308
2024-10-25,-0.07219220301544432,0.052817354435103624,-0.26883235828436175,-0.4698301318502736,0.33078905349868587,0.01809547080781897
2024-10-28,0.17122856194707373,0.25232865726025044,0.420202439141868,1.225962832168816,0.026247172758967496,0.692309364203923
2024-10-29,0.08574146491869926,-0.25940215354148755,-0.8147777186537907,0.4955625016422619,0.3331429027866866,0.09529919864995615
2024-10-30,-0.3204668880531893,-0.9695217753029094,-0.7481932302329568,0.626881991350475,-1.0728575729883854,-0.6381765645849906
2024-10-31,-1.599289224598372,-0.8040191944888535,-0.6250418726861695,-0.397716697004353,-0.21742427205678275,-0.9899419115961331
2024-11-01,0.2898427417011751,0.7258040955767388,0.7960185899848969,-1.919795368680745,0.6300246311359504,-0.39050073377644556
2024-11-05,0.7267993170303508,-0.02852181092312752,-0.07964099368784532,0.7287511844656444,1.647030385921993,0.8395392726785765
2024-11-06,2.015685069974617,-0.9640983292180187,-0.0906001971719012,1.7695479019528395,-1.549163333176176,-0.37699636145994453
2024-11-07,0.5640000788152324,1.3476290714259764,-0.3377247558802319,-0.22264925569289518,1.365369636186492,-0.009943516264476638
2024-11-08,0.26222843844398136,-0.6597539283436128,-0.8572222709737577,0.16657761459476048,-0.7441723374550892,-0.12676379804797586
2024-11-11,0.03253593836390903,0.9557328088029033,0.6253805556469154,0.013069591007389815,-1.006922215190904,-0.7922590141656268
2024-11-12,-0.2867017751913673,-1.8042882053333469,-1.242499558164518,-0.325889693819788,-1.9770344763389534,-1.3130043252309045
2024-11-13,-0.028280995581393072,-0.16582607217242998,0.03422006041865702,-1.2244464085163347,-0.08526712570306591,-1.7786520632681582
2024-11-14,-0.548608151422027,1.0838597981213014,0.4826042382641569,-0.38419984737755764,-1.356693999047409,0.009546860664599427
2024-11-15,-1.1451646906966373,-0.25971997426839893,-0.11484560449770186,0.14984183989619887,-0.037749015708917165,-0.09222026853841854
2024-11-18,0.2754726506636272,-0.1264886011434757,0.539257607829427,-0.8180566856394701,0.5232897844408727,1.352876371569127
2024-11-19,0.279237881331905,-0.587186399318067,-0.14746945835812106,0.3097720655003331,0.2994851727801334,0.03750790914354984
2024-11-20,-0.04564504118727744,-0.27354360371925895,-0.19179341286936488,-0.1593627429692258,0.13944036535287094,0.23335115183337374
2024-11-21,0.39242423721160014,0.5743362237604519,0.7632344144865628,-0.6463422238347177,-0.3663980336028112,-0.08192512777911201
2024-11-22,0.23845689494353228,0.7187952852461275,1.342350476526751,0.42946041619394476,-1.3134061656942395,0.5002339526842977
2024-11-25,0.2016202206989994,0.3161088065604106,0.3333968352407198,0.8604016393188759,-0.2862015653658255,0.8174187009004105
2024-11-26,0.4237616983744626,-0.49733679986704776,-0.41820585922527537,-0.6615905560053147,0.024973595769872823,-0.3984512349656391
2024-11-27,-0.3619910370870021,-0.17979516839041187,0.17302294623693568,-0.6096286741084911,1.5642044829029693,-0.4867401520382581
2024-11-29,0.4143816713868716,1.5055057513270296,0.12835878917859833,0.08905450889462424,-0.6343690946097916,-1.2762798948911942
2024-12-02,0.15450699770416623,1.2406136026609176,0.2845961975923037,0.513663791804771,0.44078636560027695,-0.0762869633378134
2024-12-03,-0.010182223397578667,0.3075356403169603,0.5319879726985516,1.2856701410818234,0.6788376698415638,1.1604196782445426
2024-12-04,0.45080784087071724,0.8444483699282217,-0.3018616269385121,0.0037429581613195244,-0.017758046604650257,-0.9851746142519652
2024-12-05,-0.20202263588763736,0.478189793411876,0.14034140977398635,0.16759040515480675,-0.6386541395893638,-0.6261930529289307
2024-12-06,0.15837882516978113,0.06992776986748452,-0.5073557001189088,-0.5912405327567885,1.0565577573706297,-0.40435960975759255
2024-12-09,-0.5564588174514479,-0.18982675817511865,0.49664664185802243,0.07905699405991257,1.8598148499720044,-1.8757905161165782
2024-12-10,-0.29260123870098603,-0.10186435617194678,-0.876692368119428,0.3253915842569399,-0.3501165859832532,1.521791027910505
2024-12-11,0.6241958561004896,0.2480851894776947,0.23226815370475232,-0.03726768564106746,-0.5331216469319521,0.6224509500529056
2024-12-12,-0.49580355715935315,0.0749493406353358,0.1004304824565595,0.80131518536163,0.8129391417490487,1.0088133043774774
2024-12-13,-0.04964373336037949,-0.11587111091619455,-0.15873942254318252,-0.7172364225624259,-1.4490569509904612,0.28444694002327814
2024-12-16,0.2657269277121764,-0.405394825203279,-0.4790069360960724,-0.06866706377503126,-0.6096566086711603,-0.18179993154634339
2024-12-17,-0.3671939207824217,-0.3070158572190186,-0.8279304282729424,-0.21122157468464522,-0.3338285699116295,-0.8849563945155937
2024-12-18,-2.5198407208354268,-0.04946041842243293,0.025804443303728792,-0.5530346259110981,0.5635661487467452,0.6893601652974214
2024-12-19,-0.11893632552048276,-1.1473703507131046,-1.1628542939838586,-0.5298307436896782,-0.3916988943358588,-1.3217145198397102
2024-12-20,0.8453531920304714,-0.384622440979003,-0.2750648153148268,-0.24826216519299016,-0.1147424879023977,-0.8932262555411996
2024-12-23,0.5521979380091154,-0.18271272360206536,0.2004668969666181,0.7845247803424517,0.5573428818086141,0.9787538149384958
2024-12-27,-0.09212230446862933,0.5245761945283264,0.5536017298818728,1.9375643389904016,0.7059793765439188,-1.0387144062948352
2024-12-30,-0.9360730719090439,-0.3434205347154441,-0.37257775471890825,-0.7239646883696517,-0.17173257277329573,-0.18145906166573825
2025-01-06,0.9039304147807344,1.2221606326552046,1.5384604317866668,-1.0891058642057472,-1.2217144440596879,2.3363273983350443
2025-01-07,-0.96963232532183,0.469395600974933,-0.07431730273671289,1.3299747304247962,-0.846744096503787,0.052071817269936004
2025-01-08,0.08130801199561935,-0.07696810081632556,0.047171517077083426,-0.22522723022751237,-0.5975742158894443,0.7134643444454218
2025-01-10,-1.3301778956101729,-0.5002882632776533,-0.051450379504182124,-1.4505453977165017,-0.7742759027228672,-0.1745935527388595
2025-01-14,0.1771660362262353,0.19520039409646786,-0.5882718916169036,-1.3427319760768053,0.5518747274957335,-0.5157058457304415
2025-01-15,1.4512694466353933,1.1851272853718868,1.1761025370234515,-0.09994038735691045,0.23140829673959068,-0.05375083090299594
2025-01-16,-0.2221243234477041,0.28729808336349416,1.0578594708869697,0.18826756166186007,0.8313707144371447,0.7566253137422594
2025-01-17,0.7735845148423894,0.9455716785953578,1.309020488270446,-0.2668350860859221,0.20984960918179835,-0.13992727656563847
2025-01-21,0.6735322609428035,0.5084145246628553,0.4800561048438079,1.0012248666636967,1.7986291169305408,-0.18092110951798482
2025-01-22,0.45791032606166143,0.7898090240809289,-0.05853327294060296,1.0599854273063347,-1.1299144147691307,0.7078128194910043
2025-01-23,0.39020821611196344,0.5710146682700168,0.21169660746288063,0.5068913736659807,-0.27568435228690025,-0.8502596921710524
2025-01-24,-0.2835935518202669,-0.09771680160217881,-0.7514316818951741,-0.09293124291605005,1.2548812756241883,0.5107638267926464
2025-02-03,-1.5041403110495772,0.0936358956358175,0.9215351793869463,-2.5776374258457975,0.5092392210075187,-2.1998479750363664
2025-02-04,0.5470822844880089,0.2621106960409117,-0.16943097321161021,0.4607491330273475,1.9084585702728611,0.6933544204501506
2025-02-05,0.2747206223625783,0.2715850718155719,0.5844310654939947,0.014420423423827548,-0.6426165721528756,0.681072218765369
2025-02-06,0.25296874796913965,1.1606533165659019,1.1678960610401539,0.37890953332619914,0.9678964946699513,0.670639079744799
2025-02-07,-0.8328528105134729,-0.4677424002831478,-0.3264935153898385,-0.5506519882552915,0.7840292797005568,-0.42004723132801663
2025-02-10,0.5050621396545506,0.43454664357202577,0.7430230618332411,-0.019919359791041827,1.2428469794717396,-0.05515192601296694
2025-02-12,-0.24468176882524953,0.8463286512639541,0.42567004618652415,0.24843810972007943,1.0562521526607707,0.6580848574811964
2025-02-13,0.8091661170889825,1.667715658905574,-0.5035222090881764,0.847332448336655,-0.14094776610737844,0.8440346572657563
2025-02-14,-0.05339976640214425,-0.39275090878683405,-0.38652109825263237,-0.6039966118400842,2.480019055657456,0.15990211084638611
2025-02-18,0.1542212261729707,1.1642143966322576,0.3663808008240749,0.17142925902433906,1.0663762007254451,0.8538924465354538
2025-02-19,0.1486172649566089,-1.5237450915705304,-0.6366239379901583,-0.2353207064142715,-0.1015112657435068,1.0602730606054342
2025-02-20,-0.4061856043595427,-0.47054230408461173,-0.5866242948888821,-0.9249336739283512,-1.1093406279388518,-0.46521016250888747
2025-02-21,-1.4689050892322126,-0.13376355822568348,-0.06261705616301047,0.1340538585450263,2.6751402877110997,-0.025621290183963277
2025-02-25,-0.8462619749014929,0.4166121276500141,0.08509648025615708,-1.0304405225919386,-1.3114914675822416,-0.6367581924274182
2025-02-26,-0.036224740395051934,1.3598943291022911,0.6947019859684911,-0.221323472524169,2.2010321967642974,0.22836345112367185
2025-02-27,-1.3681768457564174,-0.9145795020794367,0.2588519948182509,0.16397166752539,-0.20514029256190577,-0.5168095835305313
2025-02-28,1.2516262441665877,-0.03209622954854139,0.5829034257501913,-2.0990111335954453,-2.2851525110219355,-2.2857741548597055
2025-03-04,-2.5303446667562475,-0.8557001936431468,-0.5939627458516519,0.2862183034113203,-0.0030320061635355166,-0.1376600025658966
2025-03-05,0.8690552531457274,2.692874603575393,-0.0576395576715928,0.11826561434553373,1.9158950731454,0.7091967117036493
2025-03-06,-1.5323554932693904,1.1607934088088998,-0.8519554200467996,0.49129498870210564,2.21017815327515,0.4188196369477088
2025-03-07,0.4072225400110121,-1.4856750826142047,-0.05452000924682745,-1.5879168666302677,-0.39440874572002177,-0.3595688463736118
2025-03-10,-2.30569419923668,-1.4299440206966043,-0.9365064769700848,0.22296412706800736,-1.2817307664461475,0.13685642626491162
2025-03-11,-0.6748463980522712,-1.1011387609950356,-1.2306920267971788,-0.4937191093821607,-0.008258809111258703,-0.8741265043487819
2025-03-12,0.35515380218546105,1.2340159711780294,0.5026734068692683,0.00407119290220323,-0.5299434720286885,0.9094762731870172
2025-03-13,-1.2027229271823838,-0.43052912319260256,-0.0028096289063940035,-0.10111552459543209,-0.4049729041893278,-0.06821815619322957
2025-03-14,1.6904243007340394,1.478360689709332,1.0148623925106088,0.455600151727707,1.4319620902280734,-0.22276498828566343
2025-03-17,0.48074197720026046,0.5627595515716649,0.5287122260878129,0.6033440166949406,0.5240016840201238,1.0764516909473527
2025-03-18,-0.9320257144646025,0.7636521907546352,0.26278407623768246,0.7937393490394146,1.662618634166761,0.002757790665395919
2025-03-19,0.83958269790187,-0.35992097174154075,-0.004294965090361849,-0.2196542167934458,0.08018863567263716,0.36604168751627736
2025-03-21,-0.16002224386234273,-1.4431519816275036,-0.7062535869454891,-0.18512390355698602,-3.0610957681147206,0.31996072527485275
2025-03-24,1.397173327091963,-0.1740856019761939,-0.12239882666207173,-0.17371086566052704,0.6167126768255601,-0.31133030787520116
2025-03-25,0.08246022377286873,0.8843172327832229,0.2744728876351863,0.2754751908811178,-1.6314355790820532,-0.441760738845606
2025-03-26,-0.9740605743939447,-1.001406476222256,0.27359315781719223,0.41232455326647066,0.4023651841863387,0.657914879314071
2025-03-27,-0.32102595086234703,-0.6121446451030818,-0.29003782717659415,-0.46731919891029966,0.2734860627990866,-0.9505338306308576
2025-03-28,-1.6938078917109152,-0.8240245167177487,-0.10383424397404077,-1.3217887536643211,-0.4478308655921888,-1.2777822028864911
2025-03-31,0.4086930372423869,-1.1304231436081265,-0.8971212634562741,-2.9524360262030394,-0.9077497905355749,-2.024300701373816
2025-04-01,0.26423618485293604,1.348523297023945,0.5778423284148015,-0.0319113298339209,0.25359554648795807,1.00967894440207
2025-04-02,0.5063463046440555,-0.5789638162351365,-0.3240048627397493,0.15432913281066662,-0.017093469236956895,-0.44055326782261905
2025-04-03,-4.144288948893534,-2.5406695515565243,-1.5754071013121902,-2.0221596804793407,-1.0533501164145473,-0.5380184988851268
2025-04-07,-5.328375216249851,-7.6638852368816135,-9.504568332695785,-7.740119670978493,-9.716776556399125,-4.325653555970694
2025-04-08,-1.3544128529756465,1.9761229065523613,2.627170169494078,4.069661829963838,1.0218182662469453,0.130005371839381
2025-04-09,7.459328159335548,-2.538205960008569,-2.961466590309636,-2.86827356022508,0.4595062017533717,-1.1785824004052479
2025-04-10,-2.9562417716038416,3.605442192901151,2.9537973479110478,6.098911435424132,1.3914117979717098,4.121471701170339
2025-04-11,1.4333684558874193,-0.7904898098614463,0.6146780073060599,-2.156965126023976,0.7624891473710245,-0.3677412532829466
2025-04-14,0.6060838197649393,2.272779535438175,2.0751152206964067,0.7805448299151644,1.6221110308460098,0.5786824553763991
2025-04-15,-0.19027450522104444,1.1283431551615508,1.368903147314889,0.5422467835391546,0.15169865090779736,0.5295501481911042
2025-04-16,-1.9191606628908309,0.18701033072556505,0.2967933570177792,-0.7617754040315667,-1.3226230235394365,-0.830925825517141
2025-04-17,0.06204979374835056,-0.4400888605306271,-0.020181723258250933,0.8961748768829061,1.0865974948314816,0.5699863322001287
2025-04-22,0.03160349185208999,0.3045804172855197,0.6107231801117953,-0.36755144483538255,0.5286278831999802,0.38788991616773166
2025-04-23,1.3172076971583138,2.5029658888452344,0.863246893402987,1.2739700344685907,1.5973623327027868,0.9725944862084643
2025-04-24,1.6089700210993665,0.34827683752657523,0.028185778010244987,0.2975667628442825,-0.5114999061886926,-0.12167983477648736
2025-04-25,0.5592373057611536,0.6252228872407284,0.07177917002965593,1.2800021262047339,0.21711473843347615,0.577316705884183
2025-04-28,0.005439567843320368,0.07370256705046674,0.002186874949565955,0.21839428356490895,-0.031729019017366744,0.0270401421788995
2025-04-30,0.5525026210041197,0.7921303462327259,0.8890063197418916,0.3563696554418977,0.4536331802434204,0.1592537904988163
2025-05-02,1.678501207209255,2.089637530806446,1.1569166138879283,1.470438543552231,1.1780880900110806,0.04254183295824906
2025-05-07,-0.8558326749108512,0.07008362432263611,-0.45046363432629666,-0.14310730214682885,0.5628926483197251,0.31693035655588825
2025-05-08,0.43014769797068964,0.8022421081893325,-0.3429605573906151,0.238741640416119,0.24876578397272045,0.10512235239447904
2025-05-09,-0.10623827264534083,0.4797091881089469,0.24801568026774665,1.0406454370265348,0.2711385538062173,-0.0941689851539041
2025-05-12,2.5986455034891467,0.20039308826274646,0.5590504406383069,0.21825383706419035,2.0072172291839685,0.716478237933478
2025-05-13,0.548994319989345,0.21640353460744796,-0.045596227731038164,0.9544185885297958,-1.299454396370091,-0.011170645958030335
2025-05-14,0.037102786729263884,-0.42231264523710277,-0.22802122167908595,-0.14721650723777707,1.555360464272244,0.7590607900720463
2025-05-15,0.29311811747735794,0.5519803330851858,0.5409249944494535,-0.7363732740241226,-0.5496255958381194,-0.5136726510879419
2025-05-16,0.5290734041481227,0.21441425053299643,0.5606043462519901,-0.04892015603937579,-0.32075767104031316,0.09831101215683685
2025-05-19,0.024866475882056458,0.5425434599575828,0.14639141194283564,-0.5224550325064417,-0.04055019905339239,-0.6220969515087504
2025-05-20,-0.36853989883228605,0.312012076507495,0.9070773107089048,0.01228223946561587,1.0116091184788418,-0.07889031740437462
2025-05-21,-1.39088649043151,0.2600864282886837,0.03960467685954016,-0.4789411214976303,0.41736701997640113,0.553887827883323
2025-05-22,-0.08420687636260774,-0.45444333791579344,-0.5557406344573458,-0.6385438801981626,-0.8239098559365605,-0.8343671185190766
2025-05-23,-0.6033464415261771,-1.3079355251555842,-0.2634681781090174,0.2856883286479324,0.16106228626789487,-0.07803715186999592
2025-05-27,1.6251532774544784,2.013623571018322,0.6601558401472275,1.0133037273757721,-0.6435468938578215,1.0852298255361938
2025-05-28,-0.5088582643422591,-0.6745196092248918,-0.6119383998741533,-0.04876997580389875,-0.36755024686896154,0.7694180732373185
2025-05-29,0.2831542121827643,-0.3932329900733386,-0.1294503146632963,1.2670925158063773,0.9170413686039183,1.181031690602132
2025-05-30,-0.05416304567454103,0.18599485471235627,0.6127963542146551,-0.9071416499169497,-0.8332270368967873,-0.5903019634941159
2025-06-02,0.2906267855234745,-0.2628933819258657,9.009155263446446e-05,-0.9676488269281763,-0.392996189681865,-0.007011386402614023
2025-06-04,0.43627545787352223,1.1435537895577594,0.2834127506449328,0.472074873955796,1.4469791615922825,1.67236509818371
2025-06-05,-0.48445821685204443,0.1250338424029128,0.08788875933508969,-0.4060705844182275,0.7240000178011468,0.922648577917067
2025-06-09,0.8732051848001285,-0.5392883643429217,0.2181411037309374,0.9477105015047669,0.777295542920953,0.9659064603833083
2025-06-10,0.40413190685307526,-0.6706340049527684,0.21196150285632775,0.18109526728290548,-0.05695356041745336,0.32713435648809075
2025-06-11,-0.2743804419061133,-0.16645149366645262,0.10516404518688681,0.3393428303924941,0.5715370192413389,0.7544230190376054
2025-06-12,0.267624629785722,-0.6445014961414425,0.20777004974722563,-0.5012647223219775,-0.9425430626401661,0.25185537955576526
2025-06-13,-0.985707751552623,-0.9200645730225495,-0.40511460605348026,-0.6727303717451452,-0.4124884938352853,-0.6073127519086673
2025-06-16,0.724638573151393,0.6018197138997149,0.25397275459357516,0.8358355201774932,0.4766662349676049,1.1215289685544823
2025-06-17,-0.7401411779806785,-0.95517520753513,-0.4829839634225834,0.3670607661246872,-0.23440221681614098,0.041991513786773654
2025-06-18,-0.07300123250000529,-0.44431472048848103,0.08523875804526933,0.5875023943137633,-0.7786334575394354,0.4428238004297445
2025-06-20,-0.22758425906729832,0.08110853525394152,-0.7961868266637079,-0.9227716152533605,-0.5268155308472923,1.0400614582077856
2025-06-23,0.7421332541246436,-0.3211868394251514,-0.21037550284753367,-0.13564367311121953,0.4557788993992381,-0.19733376521094714
2025-06-24,0.8659876282229859,1.2697523215488267,-0.010060844973918655,0.7503634159013265,1.3917792625891696,1.8592692074258195
2025-06-25,-0.04772928103283695,-0.5329143150990577,-0.4777432535368238,0.22862408236557852,0.8333880942336548,0.05824620963276165
2025-06-26,0.6122623357959672,0.4915985549268137,0.1695805978092121,1.1054885970551211,-0.42329452239264365,-0.6420153134949362
2025-06-27,0.38244331722744546,1.2877207103684067,0.694886082419836,0.9534182676466004,-0.12059349116029067,-0.5395813848149466
2025-06-30,0.3779619718668931,-0.45731472540703527,-0.44962399346440074,0.5416499508810815,-0.6044415925853673,0.29647296932600237
2025-07-02,0.2510727723252714,-0.4453225758005456,0.13362442191985233,-1.316392910321386,0.4185481197860801,0.03279432746881232
2025-07-03,0.6383804175759871,0.46134355012697587,0.5254311857178727,-0.004165648827400933,-0.43395029937466906,0.8282031156444823
2025-07-07,-0.6993518758231656,0.4430898666795845,-0.2093356753307102,-0.39689718495442106,-0.5244360969320248,-1.2358172308861428
2025-07-08,-0.10660241072974515,0.4189770173630838,0.5145012734913577,0.13387760623110947,0.7376093195103344,1.131487495416813
2025-07-09,0.4516850155873007,1.1196450458063136,0.12192090174262703,0.18880778444624466,-0.7334843655756524,0.35311744476134244
2025-07-10,0.17903361843752677,-0.34475015895850214,1.187362486707114,-0.3552393351599312,0.38445164419797034,0.9816256814117265
2025-07-11,-0.3202422582183002,-0.71311883258568,-0.4045516900693197,-0.181754730090582,0.31180596142452394,-0.191106733737162
2025-07-14,0.06869525990700076,-0.3550487312601231,0.6090392431368168,-0.24149403355194593,0.17623162054400782,0.49768037418534045
2025-07-15,-0.3748469450458832,-0.37568922074201194,-0.6828838778380651,0.34265787362664674,1.0813363877842657,0.2304360388084547
2025-07-16,0.21587819474596806,-0.20791232120327535,-0.15133081971290002,-0.07150419813182546,-0.20617450547575952,-0.6261252502310356
2025-07-17,0.3951602304743359,1.192743551077705,0.48851430550771896,0.3748665743905382,-0.056930776095560756,0.08225451904747226
2025-07-18,-0.05493126239370484,-0.3087357682363322,0.19397803121522106,-0.1904266813264274,0.9027938238924597,-0.12448320595520093
2025-07-22,0.1206478851148613,-0.8750843024068814,0.3277269316005766,-0.12367936352615179,0.8300799007159091,-0.40962205922470485
2025-07-23,0.5951998385016747,0.6422691935217842,0.39221188146235264,2.3815098684360567,1.0985860050938245,0.2450130402852528
2025-07-24,0.010186573251000993,0.15233189702345515,0.8169588594505486,1.064687391426119,0.34094967380129587,0.09806118158091734
2025-07-25,0.28012160792096863,-0.2994497081441126,-0.2180784051413957,-0.6707652045992986,-0.7523389198339916,0.07578594042801308
2025-07-28,-0.03285290173706999,-0.8759928282959517,-0.44541412374637607,-0.8269350872899712,0.46275635784541685,0.23539957732353523
2025-07-29,-0.2922333840758731,0.8074327640265753,0.5765239040207109,-0.6031795563866287,-0.10539204016938128,0.38717053222354303
2025-07-30,-0.1507100039997925,0.11781690155973294,-0.014866383190259652,-0.07991796041635567,-0.9431164461788725,0.4414343376795849
2025-07-31,-0.353169113787409,-0.702385433417981,-0.06591987497229308,0.6690091013835185,-1.1110047245456423,-0.21924380984190348
2025-08-01,-1.3788838688424332,-2.244705632082483,-0.7212210078793199,-0.509908278863321,-0.742278212018328,-2.6166269821618036
2025-08-04,1.1607620986457095,1.1200686444267716,0.6295529790977815,-0.9284589537596342,0.6232057570139462,0.5503555279083582
2025-08-05,-0.44963482681621203,0.27072104139848663,0.13498969220857848,0.40485834474088117,0.46215571211861045,0.9925930429275247
2025-08-06,0.5517579638867264,0.2349777022741812,0.21270649962401542,0.37868530326348443,0.017901495820090645,-0.03552701788400922
2025-08-07,-0.11334609118328824,0.8807663853169644,-0.7111741616687618,0.40864504275050334,0.46409061334190815,0.5601313380835543
2025-08-08,0.5942024013812385,-0.13468441219073174,-0.07699206084351749,1.2467358539094546,-0.6154090071930445,-0.39572011371111343
2025-08-12,0.677189340422346,-0.504455320515985,0.5452285215397725,1.4483085915924412,0.3003296536460868,-0.4472657796475104
2025-08-13,0.2188765243219388,0.5135168446929513,0.16713404856410727,0.8648343852347361,1.739343681439872,0.6610759105767604
2025-08-14,-0.022430153260176947,0.6146686632160028,0.10841603054505237,-1.0695527279778816,-0.2570815407449141,-0.012340440241764889
2025-08-18,-0.2953946686443155,-0.24554678105628083,-0.23240456631644948,1.68938325046091,-0.9295728443209121,-1.0221057052576181
2025-08-19,-0.5326869659954049,0.33072427364596724,0.3192634791732457,-0.3164567546260659,-0.15126557882291516,-0.5674669124476573
2025-08-20,-0.2485280849396522,-0.526538785801861,1.040603224867796,-1.1161193052034142,0.11283911092154413,-0.48335624214564055
2025-08-21,-0.3788173140288954,0.021266934305100467,0.20372840194856592,-0.5036248757043115,-0.1714591711584966,0.20345613801772858
2025-08-22,1.1973253168967795,0.2012690180664069,0.10854008210344014,-0.007428893253468235,0.6323892330010615,0.518460444911449
2025-08-26,-0.05984922972511969,-0.7453726754813783,-0.6148975115929393,-0.44082795948670217,0.49585621938279917,0.1796365961802432
2025-08-27,0.14977197002372278,-0.3973238461138546,-0.13172393079827918,0.16295273705805943,-0.876877978306749,0.1211269611593595
2025-08-28,0.21283723138747937,-0.05553504072916589,-0.4370627679723555,0.46294945658811293,-0.5580299363204794,0.14844770995639217
2025-08-29,-0.577565976808351,-0.5055935143666554,-0.33941829450796485,-0.22699743722297813,0.21113711441948158,-0.24868697463838996
2025-09-02,-0.6211399694129648,-1.471267553983324,-0.7866665192081047,-0.7205830485315285,1.1301285905038676,-0.31807049058206976
2025-09-03,0.3726742867636846,0.3406581757385387,0.6434213355319172,-0.6660759336638451,-0.4168612255271538,0.20882511393429418
2025-09-04,0.6389972551353151,0.5743020504503188,0.3981961274615574,1.0219940481629883,-0.7785866995961833,0.29621983423371673
2025-09-05,-0.30927470473582774,-0.6348363818305416,-0.11507475730010995,0.6750552260515343,0.9709814682629554,0.04881428095630317
2025-09-08,0.12628687665459834,0.6936964949352111,0.12072290408843132,0.9690949342284627,0.5749008698109839,0.25484824895753005
2025-09-09,0.1742522908865767,-0.34037789365873894,0.20534434417419806,-0.3435956339291602,0.8035319699969801,0.7745739835653184
2025-09-10,0.19857277365474077,-0.33047437774013966,-0.2050963804295008,0.5641888740419619,0.6841869535789226,1.0404770049797656
2025-09-11,0.6504142019475311,0.21112898782391054,0.7519778933885519,0.8073847638951347,-0.3028185625627037,0.5417359429659532
2025-09-12,-0.08733759382049947,-0.053105678799380385,-0.1740825009550292,0.5787826085913171,0.7834234281744362,0.9533811276552423
2025-09-16,0.23390282725135708,-1.3218530488160256,-0.9619514297106211,0.16487900404435044,0.1261611513670598,0.9902231794256211
2025-09-17,-0.12762059935496914,0.07121127892112565,0.11552945652344651,-0.2210756883888208,1.2019693335691761,-0.7254786723949667
2025-09-18,0.3471196760911888,1.0666129178428703,0.19061064233908953,0.7555450473848007,-0.9358384384915422,0.8687626014879201
2025-09-19,0.3550345455049226,-0.1559075243880784,-0.14400995236086198,-0.4467125095751353,-0.003727950084436354,-0.34111474901939354
2025-09-22,0.31595632510949706,-0.42511959560043083,0.08618974427810944,0.6502929029576378,-0.524755654025195,0.4024460143303102
2025-09-24,-0.7385529590072308,0.452086861747543,0.23310776400612668,0.16538139947484568,0.44774528660932617,0.027088849761434216
2025-09-25,-0.46218358999731757,-0.49306782559852297,-0.41252797561089266,0.14626322411237558,-0.09215016369240002,-0.05768379478539622
2025-09-26,0.43852769077313764,0.6765618055715044,0.7379799741388534,-0.6631175457862232,-0.9323367021233823,-1.65342632278595
2025-09-29,0.16991894076449185,-0.014733447839452343,0.1387523841721329,-0.5299331920173423,1.2799904502673842,0.8240724501878127
2025-09-30,0.28970610958912585,0.4335469972424597,0.5169250156627777,-0.2193191067750564,0.591513149190018,-0.16389556173106137
2025-10-02,0.2839096341205715,1.8074791226197289,0.7953651496755938,-0.0391592395838125,1.087293538474017,2.2881698531780703
2025-10-10,-2.0748022593852786,-0.6449715210827791,-0.023494108846366192,4.723011409558966,-2.5527072281532064,1.0779502403329955
2025-10-14,1.1015589648211308,-0.04936917331402967,0.2444828496361326,-1.8853484189632814,-2.2521638675772624,-0.924011080732021
2025-10-15,0.2843721831436524,-0.22246718125154769,-0.31567576229776284,1.1828672032418925,1.2471539571093961,1.6834641563023514
2025-10-16,-0.5689388700855406,0.2736405573451261,0.09748186880470879,0.8415599906533827,-0.06277801882235721,1.5630727530640713
2025-10-17,0.3866944859761922,-1.5397676301929673,-0.8819427401371824,-1.066411081515936,-1.7223441680209723,-0.02934847749080451
2025-10-20,0.8292688304216517,1.4263627500696658,0.49689588630930187,2.285560395440573,1.6350473564611678,1.0942672978862706
2025-10-21,-0.04475761351962245,0.20659168314910079,0.22517132191262626,0.14088327979722493,0.4409728188008173,0.11758121518349941
2025-10-22,-0.4894528476789998,-0.6398223770909859,0.900379864513644,-0.057375567013218436,-0.6540907858908425,0.9724303643511837
2025-10-23,0.432415446117255,0.15827500263144953,0.6395031485672668,-1.0023911843440247,0.48843715010407773,-0.6804719889326915
2025-10-24,0.6026186646489294,0.07471477058782132,0.6701084904191226,0.8996178363536314,0.5005161811811448,1.5672106228735012
2025-10-27,0.961360788508643,0.19887889521251567,0.06291526066092946,1.6636959534795979,0.7079625512161799,1.61250279214121
2025-10-28,0.14128197322811906,-0.13591955275601295,0.41848937470595515,-0.4549742132783474,-0.23157470981322947,-0.5624932957616303
2025-10-30,-0.8731493388346747,-0.5758854603491264,0.6251247145232617,1.4873188675581703,-0.1694918056069973,1.1913371027887452
2025-10-31,0.16846735361936602,-0.582396623966508,-0.45737383524365843,1.42684964531609,-0.9911961890979225,0.28907728593538307
2025-11-04,-0.8805199286126965,-0.0655536834062703,-0.04486912229714072,-1.2832445092232843,0.11644950317912019,0.18691484487489246
2025-11-05,0.25373047946814625,0.31010855747184884,0.6107231087744237,-1.8229222914025283,-0.04921795028000302,-1.9181276097289406
2025-11-06,-0.9758357243157711,-1.1187269117754148,-0.44132842668919375,0.8887294142597563,1.433890555646069,0.3187637698428732
2025-11-07,0.05668884744576748,-0.603397436739723,-0.5649659682724926,-0.8901497499355753,-0.6383297380808062,-1.2242929134999385
2025-11-10,1.214779498720398,1.3130659087583842,1.0445657867915514,0.8377991073289972,1.0501322498332861,1.8996388402482383
2025-11-11,0.12376262939973189,0.40350589110820084,1.1114171016059209,-0.14074231676905555,0.11718964514690666,0.4892646051910903
2025-11-12,0.004516039670185669,0.959664590226015,0.09679843083005246,0.25864884154919754,0.573705858953765,0.6554168319550628
2025-11-13,-1.4262944488157014,-1.1861830912039728,-1.0648043314234203,0.2547883498841713,0.376848978859263,0.27829932395028556
2025-11-14,-0.0889045762489665,-0.5995592366879539,-1.1331572015866176,-1.29840199245557,-1.2823512612394312,-2.5695828882673126
2025-11-17,-0.8076348817982018,-1.0232815646631568,-0.25693286967454465,-0.11909178361909363,-0.4910473415648779,1.210089338118757
2025-11-18,-0.7321673593280221,-1.4731071610705093,-1.2916692965710563,-2.3485051987191445,-1.1936035116750192,-2.234050753255158
2025-11-19,0.2619818073509518,-0.09643514875575862,-0.4887854182312534,-0.2846943154026995,-0.2673242838607723,-0.4365592259478136
2025-11-20,-1.3432340357781913,0.3757255701943233,0.19020399787258482,1.794140580347623,0.00866876708287055,1.1978862324376542
2025-11-21,0.7598439880496264,-0.6960046210782114,0.10348050801444206,-1.757628152674816,-1.6556591108254783,-2.5501994965445856
2025-11-25,1.9651764976228132,1.280343947606067,0.7018265501910156,0.003066202200560999,1.8030646762461588,0.03794056205325838
2025-11-26,0.5209897397111523,0.875929452693478,0.8225747502356611,1.2428899259567114,0.08423774663792893,1.6783203495171894
2025-11-28,0.39359991211581713,0.3475610371271344,0.27400052626477833,0.9337631435990701,-0.18735150614697427,-0.6042091434257948
2025-12-01,-0.4882729994737208,-0.8902373242099474,-0.20526038049352519,-1.3889063959845804,0.45583105466513196,-0.14157213449597073
2025-12-02,0.15523024298320987,0.3873422219763729,-0.02854699718282322,-0.045340087313492185,0.15796977020371272,1.1880281733679425
2025-12-03,0.1982698665863509,-0.09344267242182402,-0.1206252101175365,0.7505866245657201,-0.8873558446980679,0.6322684131812373
2025-12-04,0.0417150928036237,0.6157382724713168,0.17086345853934176,1.5771441498388987,0.45969305688683443,-0.164130407897354
2025-12-05,0.11232994573566486,0.4665817275181221,-0.4708813667922578,-0.7890987246451497,0.3883743087317508,1.107476388183342
2025-12-08,-0.3351363920884387,0.02696002670668983,-0.2463882238996151,0.07978437921866198,-0.848882395178685,0.8259170301448016
2025-12-09,-0.119865964959722,0.36312746625978204,-0.05327359933205157,0.056083835308411864,-0.8901355905355871,-0.2156621124403754
2025-12-10,0.5080987489780544,-0.14456777281730634,0.1174139988450094,-0.11824205788537326,0.28189507110898626,-0.17283194498099927
2025-12-11,0.12409232151350875,0.5234941362163541,0.46749692988521996,-0.6794758883908285,-0.03191227778034361,-0.42331388592312164
2025-12-12,-0.9328719383043673,-0.4001575428213886,-0.5770780368730163,0.9124888018752589,1.182296028190915,0.8508916722760279
2025-12-15,-0.17941949956879005,0.11316100457773237,1.024853540085773,-0.9765982681381289,-0.9276977925177006,-1.245611502989243
2025-12-16,-0.24457489742701413,-0.5541371660647656,-0.7002402568496761,-1.1546573031319205,-1.0638431996335118,-1.5103479870778955
2025-12-17,-1.0104169592452938,-0.4314247609223189,0.8911794160180514,0.13791216656883729,0.6259794773752527,0.8873861387325434
2025-12-18,0.6052275680094064,0.7803063675543155,0.6210228304593751,-0.7749900512365014,0.07449927907625278,-1.0393785022927855
2025-12-19,0.677611919522536,0.26692253280437,0.5778123238351789,0.6766270958783979,0.5103939528208835,0.3846048756795324
2025-12-22,0.4824131860429844,-0.04902930572058581,-0.33662299211128177,1.2149255678937065,0.29149718486037246,1.3295215657117392
2025-12-23,0.32749515561311054,0.15530750038412855,0.21162100338421497,-0.03095510679134633,-0.0777393334586479,0.14194800414544972
2025-12-29,-0.09587636879642966,0.0032253111272886998,-0.24936853397615208,0.11337231400575679,-0.3744340236770795,1.5737491521454632
2025-12-30,-0.16114909695529456,0.4341111559590395,0.7218803577547462,-0.30700619509408905,0.5791225186618572,-0.13700740165348055
2026-01-05,0.022086705647409353,1.2240611550563016,0.6142641176197651,2.010693729195187,1.2881493946395148,3.616097433407651
2026-01-06,0.46273434097721305,0.04350001865222325,1.1428266787626191,0.8782811286348557,0.9331799827084015,0.9465950722522498
2026-01-07,-0.3320425168047697,0.7210646560639263,-0.7542024573785643,-0.794355553302172,-0.6522016122892926,0.3285405310943184
2026-01-08,-0.041136197633508585,-0.0170666204878372,-0.055948537176558066,-1.198450678842533,-0.8104693138846345,-0.019638853377843466
2026-01-09,0.48561267446935835,0.40308038073153857,0.764601391502879,1.0773824080368621,0.21127605836907695,0.4452818545349782
2026-01-13,-0.0775705950772607,0.4810085714277218,0.10395997481289862,2.1006942392453136,1.5868398707820273,1.4534535109002773
2026-01-14,-0.4891058816111546,-0.46923495006505367,0.4374911019979494,0.9872264658236487,0.380540771137419,0.38279721966669533
2026-01-15,0.16533753319166217,0.18038811204036712,0.5080722661002491,-0.344874526764582,-0.19788558601883996,0.9797199215227669
2026-01-16,-0.1005211105066653,-0.21316086925973557,-0.05627963866922771,-0.2725591531639217,-0.2047261698696494,0.545034670242082
2026-01-20,-1.768785816667615,-1.9844025982020017,-1.0786252295106493,-1.288997282625288,-0.9223085577909498,0.5640969993076334
2026-01-21,0.9040430672925782,-0.5077010603210421,0.08924631703598886,-0.3334953115508554,0.24736110942020392,0.2829978845147659
2026-01-22,0.4045025735385902,0.9475449791206514,0.09596684198501039,1.1625257080157856,0.11118424585597572,0.523974433065006
2026-01-23,-0.02046691911358451,0.11190035978833332,-0.08688558084078195,0.16109190148194127,0.30235448449306235,0.45318901981324555
2026-01-26,0.3649508600960265,0.0725707258778228,0.0323890306260581,-1.3130875550867989,0.03659938869350728,-0.568591900699978
2026-01-27,0.28896977767473586,-0.16136254477668646,0.5526842414813009,0.5481508795093961,0.9141352101394832,1.7166620766382177
2026-01-28,-0.054207472387512994,-0.2706393313664819,-0.5417118450638991,-0.01238930240681345,1.7401626690476955,1.052878790143464
2026-01-29,-0.15428220521310507,-1.7492482512283707,0.14845246680371318,-0.02331733640849379,0.342171289950915,0.5935412005847157
2026-01-30,-0.40350766402894384,0.7367032345297825,0.4815620038384039,-0.11512929099559148,-1.441846184900038,0.00038609369262268946
2026-02-02,0.3965976699847152,0.826770297679485,1.1180323503655936,-0.9318843979182546,-1.5507778706135158,-3.5542874534083846
2026-02-03,-0.7444552106137281,-0.0894550409933218,-0.2807307560455085,2.660858714172342,0.14686073632211857,4.266692588908285
2026-02-04,-0.4674404046398907,-0.6249320989618399,0.8185360548440153,-0.5970011236202843,0.02764718168139385,0.9756550650659771
2026-02-05,-1.0654880964654183,-0.4084913261493601,-0.9132555230264383,-0.6640911766366535,0.09227909318003734,-2.603446247367696
2026-02-06,1.563358251379676,0.7345035163958173,0.5600498126208008,0.5215060149135897,-0.837957197216631,-0.9835184356474065
2026-02-09,0.3390616101104804,0.934379176124766,0.13538575891853058,2.6384959657276243,1.1897373130818572,2.580302535256012
2026-02-10,-0.3207551691715579,-0.12276412004387345,-0.33134575611430894,1.541984259939744,0.3897189657835589,0.006455563835008571
2026-02-12,-1.3551408935902585,-0.4792376510943294,0.4431874746762299,-0.058635089545651664,-0.3848376877782717,2.615149656144052
2026-02-13,-0.006249618471385967,0.17108259511381926,0.3973420454634613,-0.9024103192658266,-1.193626795685381,-0.21850931711854782
2026-02-20,0.8338395252996641,1.0973474271151251,2.236632887176827,-0.18935270368515988,-0.4018722411132784,3.431601815375523
2026-02-24,-0.2801458950010345,-0.9306800241658238,-0.079893722319479,0.5649641391313758,0.4529024621211205,1.742591072918176
2026-02-25,0.6217849237022451,0.5867204065599134,1.1402587102137502,1.4862768957144776,0.4458517573347251,1.1953657982782873
2026-02-26,-0.4917811743169388,0.33378678461040073,0.34788308424596176,0.1585631067906447,-0.995741545159031,2.309213464818489
2026-02-27,-0.4066142539097267,-0.04950841335833248,0.5613252114268733,0.0703082975131144,0.6402681029258322,-0.693311930302776
2026-03-03,-0.7982310846527306,-5.03186766995672,-3.9771640547930254,-3.1879355819337163,-2.258812246403669,-4.932252813932008
2026-03-04,0.5906239588373016,1.3844018824959992,0.7665354244560757,-2.634190998348072,-1.396593885884437,-8.402469897053429
2026-03-05,-0.5151270890477029,-1.3659679056824245,-1.4757956845024527,1.2806950216377457,0.19023681462345615,5.9448621972665014
2026-03-06,-1.151300084421847,-0.8122272390077152,-1.258907234840568,0.3892520472317655,1.164555623134377,-0.027064939087460826
2026-03-09,0.6355306063088975,-0.6685534517774944,-0.3624658813308528,-3.801553581099536,-0.9380992047343998,-4.040264290218246
2026-03-10,-0.22398074017762243,1.9038203133095541,1.5410129616203478,1.9529851134413139,1.465905382801808,3.3512801298139405
2026-03-11,-0.11666231307839021,-1.1671330761794596,-0.5793762068407023,0.9547233109797506,-0.16584200615246006,0.8655330577562736
2026-03-12,-1.314748106914233,-0.20916463132047683,-0.48813891793514036,-0.7811313752901028,-0.4872911181100256,-0.3489332574588496
2026-03-13,-0.549387597608084,-0.5309048715936548,-0.44586670024007397,-0.8685069136022961,-0.6764431015700304,-1.1675000757630423
2026-03-16,0.7850172291227571,0.373523318076223,0.5233518367472675,-0.13511181509452197,0.9792240460963015,0.7001682276627808
2026-03-17,0.15828005189021738,0.5452877165437141,0.8011146811071779,-0.11203360404163686,0.08706658486270426,1.0160629561246952
2026-03-18,-1.178989953842228,-0.8288134465520622,-0.9631909140205182,1.9419482391267817,0.40966036362905767,3.165414968095405
2026-03-19,-0.2747869631003049,-2.381715502527147,-2.3768287181471672,-2.463871653561194,-1.3994432507231576,-1.8408329410807827
2026-03-23,-0.3667269486063625,-0.7041534480852721,-1.7045178178819596,-2.5365670127896602,-3.0747007692481483,-4.206664134878007
2026-03-24,-0.35712781725043474,-0.0954921628674626,0.6879541008425509,0.953316447862503,1.8826438056964465,1.7218653357986529
2026-03-25,0.3988860458633935,1.1187261212453914,1.378328654175645,1.9417305084811587,0.7354138583769705,0.9883066562687814
2026-03-26,-1.4976492166826856,-1.2736916688545552,-1.3514424619250938,-0.23686721025266197,-1.3128389360479478,-2.169792309096704
2026-03-27,-1.440151015116466,-1.1752475435167908,-0.06914795687876729,-0.34880092310912314,0.25808566894137513,-0.2962636372633394
2026-03-30,-0.373972241045817,0.9251141783884308,1.564303022232115,-2.033389837145397,-0.558485101580594,-2.001453089841622
2026-03-31,2.324034992119493,0.3910416925878898,0.4525396936422215,-1.16903744805187,0.09888970456469623,-2.872600347478872
2026-04-01,0.5424604866609798,2.1755835585529817,1.7974566044062188,3.547185743265064,1.3790893876158854,5.2339040253244935
2026-04-02,0.04506066717984332,-0.49619189631608157,0.660610061843394,-1.7364280226947182,-0.4866085876278964,-3.0121163417831314
2026-04-08,2.425875212472154,3.1368896340042602,1.6058850746713684,4.929599548541888,2.0805922400559744,7.452056176369788
2026-04-09,0.46054369493576247,-0.9721170641624969,-0.0718997509217703,-0.5635221857062339,-0.3772746293845061,-1.0925272017179928
2026-04-10,-0.1415391315763651,-0.04454354869918743,-0.04945894757607036,1.2372958488350012,0.36990284554415503,0.8662927563463144
2026-04-13,0.7884830776292512,-0.24642906958648422,-0.18529611872102963,-0.5681546932419254,-0.6225240996310651,-0.5990919877813258
2026-04-14,0.9199718352931299,1.002656697724385,0.2229677110499891,1.6451853682145758,0.5576403280115059,1.7209645289392468
2026-04-15,0.608629629534577,0.04264113821370331,-0.4853396377905251,0.26588212101198944,0.193847320593724,1.2965022214387119
2026-04-16,0.16781118700739817,0.26474421094087547,0.2638053791265986,1.609491188787613,1.165108065697154,1.384993491459409
2026-04-17,0.940995737723428,1.8065436227892249,0.7028960221769518,-1.2884683410600868,-0.6139915816372429,-0.39619736239078096
2026-04-20,-0.24378469157458235,-0.9846717979242374,-0.5669117593266119,0.37296908699242387,0.5190840786425434,0.24663857535952047
2026-04-21,-0.5734129110465013,-0.529459132074615,-1.0648040852281266,0.5785502919290187,0.3232169796963931,1.7108315528398481
2026-04-22,0.8119280760097899,-0.2913751322138002,-0.22570884182100234,0.23438039199977267,-0.847802404555466,0.2611198779946315
2026-04-23,-0.38948865391759047,-0.16800385749778815,-0.20620974898942096,-0.5736105621560093,-0.6566761369736541,0.5460581288592146
2026-04-24,0.6084580956801917,-0.12404830010797549,-0.7631871024238892,0.6361230215897856,0.1615556012095663,-0.040185668399716
2026-04-27,0.05425843217181201,-0.1888164091301889,-0.5773121956375843,0.9150967196771024,-0.14269089086951087,1.3480625657315344
2026-04-28,-0.45264795853282075,-0.25680818887585355,0.09100891708258943,-0.7695658606304304,-0.656896271703694,0.21688354884307323
2026-04-30,0.760820947889766,0.8974191699350571,0.4192751763498724,-0.7920913032651472,0.2531368221669247,-0.4528476977778373
2026-05-07,1.407190891798359,1.2107768553732654,-0.9992320230630156,4.043879992047627,2.2166621519674288,8.207763565927854
2026-05-08,0.6454851953570597,-1.1227705071842708,-0.44606831295622085,-0.18025738869558972,-0.6051238696633087,0.030683751120467142
2026-05-11,0.1076573776430692,0.0052157751224513075,0.3299066917045439,-0.37809955739343826,0.029681337771321047,2.7174337131858803
2026-05-12,-0.17991961013524088,-1.3776430252661356,-0.06100790481603408,0.31937140785811424,-0.15735950372601087,-1.5460694351408888
2026-05-13,0.43420975997437045,0.5867916017543837,0.5577346658213442,0.5455863165968402,0.1008814190415003,1.6502323434266577
2026-05-14,0.5823919122722468,1.0451413081882337,0.4339370239281259,-0.7360535725965321,-0.0028169064770527043,1.092010653480086
2026-05-15,-1.0748786265617303,-1.7490462199835322,-1.7336568659098555,-1.4571008661367821,-1.119650653610422,-4.147337699443059
2026-05-18,-0.10823725966898055,1.1815552999984023,1.2201780253916308,-0.7285095656675384,-0.7670331240333296,0.15991451689456354
2026-05-19,-0.6008540287760845,0.27846734371078097,0.04393236115080166,-0.35316547865674536,0.32201943073593614,-2.1901014393753195
2026-05-20,0.8390541287323864,1.0904413459787963,0.9504611226716794,-0.9177773662871239,-0.3949668457687473,-0.6021876146183763
2026-05-21,0.09408569762430824,-0.46811610458424924,0.08506206265528071,2.131252454084044,-0.714413576281213,5.221175433410946
2026-05-22,0.25977156175067095,0.9005629353897158,0.19495547071832978,1.816697468836326,0.5851905554123077,0.22860461458790776
2026-05-26,0.45547395482876546,0.9374383659478955,0.2162427958018546,1.7709234675137135,-0.021972172180675768,1.59819406114159
2026-05-27,-0.033842046103295255,-0.05716804848372991,0.10712430260223653,-0.04198652898601226,-0.7337475058239004,1.411007017298778
2026-05-28,0.42636568874330444,-0.3134304125360204,-0.7702473353328024,-0.3778162579134035,-0.8807126710329668,-0.38269349502536
2026-05-29,0.13174924083356923,0.006654700504411861,-0.18041903444087778,1.7114949975252953,0.4765316405600976,2.2346227391634
2026-06-01,0.16907479687700247,-0.367112221956682,-0.6936434082085448,0.592908269243787,0.5799179546093569,2.3163999550904024
2026-06-02,0.05918369903059967,0.36263071279362596,0.30909490276526835,-0.25615997805027424,1.700166868977026,0.05866189024308999
2026-06-04,-0.3243398191723814,-0.6216668152055344,-0.14770481164205174,0.7264009921402197,-2.1003798138514105,-1.2482927796515098
2026-06-05,-2.260914278420846,-0.6480385831799326,0.05327101525165066,-0.9717488615806918,-0.7992773088936223,-3.7499963519088686
2026-06-08,0.19813315829481123,-0.5089333841607279,0.027404147310962173,-2.8070243105130794,-0.8459218375713862,-5.668784140094568
2026-06-09,-0.2605105451029153,-0.6470694544535963,-1.4266171908982364,1.4673610792413343,-0.2580133449323995,5.082240719340864
2026-06-10,-1.3962857841325698,-0.8366640549588035,0.24500368237323467,-1.3888018976046526,-0.44605366956278003,-3.050361557642839
2026-06-11,1.3868566369040827,0.014779056078239467,0.45247594887880405,-0.003944552460879861,-0.45098926861778077,0.23999692089886285
2026-06-12,0.3665475969346882,1.3963171833276204,1.5811517332640153,1.9018535936193468,1.306873881804217,2.9094637391869256
2026-06-15,1.3064233951401605,0.823416200347827,-0.41152335195872936,3.382709105180151,0.3398646074565843,3.2610159590884673
2026-06-16,-0.5182396709027631,0.019999027731689867,0.5816752532217347,0.04264778761697036,-0.9724195693064699,1.3230864645823541
2026-06-17,-1.0568988046998908,0.045839075541130106,0.11464073459271483,0.45707644399690284,-0.5144975096240183,0.9803382278079827
2026-06-18,0.8434813087612673,0.2686598513645868,-1.054796200838122,1.1034298292661457,-1.1041714661519035,1.41115365317164
2026-06-22,-0.35401734073611874,0.33534896617942317,0.3423430043379577,1.2301837446516748,-0.4531788684041593,0.324805403923503
2026-06-23,-1.2422461588102542,-0.841555048532639,-0.10696271996209024,-2.5850258202421177,-1.2611346247734154,-6.890987159722058
2026-06-24,-0.12867576188840038,-0.5408250130786819,0.289175891635409,-0.6665721840876669,0.21798771796021071,2.047850921095552
2026-06-25,-0.05565148677547238,0.8058770100396986,0.6241851071805963,3.1268958796337722,-0.9920870819049831,3.3986236278171753
2026-06-26,-0.08642011225794774,-1.1036933412578105,-0.22793073941898045,-3.029264719552086,-1.216985631657459,-3.9366110574003352
2026-06-29,0.9172937226050218,-0.1816752641091256,-0.24633282955323005,0.06307593763104065,1.0590245729587462,-0.16665812517161854
2026-06-30,0.6040752500652902,1.1864134740049068,0.10059541722916694,0.5535272771210658,-0.4389205477462346,0.5930987930065622
2026-07-02,-0.2251682029992506,1.8650295150584528,1.440212311545863,-1.3928328209507739,0.5144304987594978,-6.732785125852814
2026-07-06,0.5484455099992244,0.7229220705051198,-0.03163716924969196,0.9749982552553641,1.6428008229826998,3.3063364268668267
2026-07-07,-0.41621655429651494,-1.16289880406996,0.10985008779283506,-1.5551709067090846,-0.35155011713802964,-3.3131576326773082
2026-07-08,-0.2804551072354895,-1.88491759227113,-1.6805514113907598,-1.5431981640730956,2.0131421433381367,-3.616789180796086
2026-07-09,0.622312467167344,0.6907169694946693,-0.17756664336518796,0.9212758078026634,-0.4850764388966587,0.3656696713452636
2026-07-10,0.29941075692887037,-0.2014711110396568,0.21325979034406156,0.7944449543579689,0.40741530542440485,1.5840934692595496
2026-07-13,-0.7047399643213076,0.12021870957855622,-0.011937471262551428,-1.4078653276809703,0.1048819181338133,-6.141013603848892
2026-07-14,0.2624049314524815,0.07300343917598066,0.27206544744443223,0.47631616905372587,0.35388008312410685,0.4370857402829804
2026-07-15,0.26735513588290755,-0.5169170815050311,-0.14866160456201372,0.9933474000188024,0.9465567236947752,3.8993485580664853
2026-07-16,-0.4698488211331126,-0.31044576341040486,0.5083147520142999,-2.0336383529167623,0.8983032455874111,-4.320961182548788
2026-07-21,-0.317240190078564,0.28112928993407255,0.10708539429748816,-0.6834476121873726,0.3334758255718756,-0.7354639880362235
2026-07-22,-0.16015872148877575,0.4373511119812323,1.1996514195581651,-0.16950492941218928,-0.6604223589699368,0.4397907241588057
2026-07-23,-1.0520010758322977,-1.3241587667994779,-0.7441869390076383,0.28027808543951555,0.865290570501169,2.7654523005535863
